unitid,name,school_id,cds_year,source_url,archive_url,format,document_id,sub_institutional,extraction_status,data_quality_flag,producer
126182,Adams State University,adams-state-university,2025-26,https://commondataset.org/wp-content/uploads/2025/11/CDS-2025-2026-Summary-of-Changes-1.docx,https://api.collegedata.fyi/storage/v1/object/public/sources/adams-state-university/2025-26/ed901a128aef3343f083e25d807a56acee3da3aea7c90074f8a9e83d5935493b.docx,xlsx,f230d3ea-39b0-4c0f-9555-736842652f88,,failed,,
138600,Agnes Scott College,agnes-scott-college,2025-26,https://www.agnesscott.edu/assets/documents/institutional-research/cds_2025_2026.pdf,https://api.collegedata.fyi/storage/v1/object/public/sources/agnes-scott-college/2025-26/d22c312ade054ccf3219633fe8ac23ab13c3a84546bc9c2a7fff5c838728d2e7.pdf,pdf_flat,a4078750-fce9-403e-8c7d-e7d7cd6df689,,extracted,,tier4_docling
126207,Aims Community College,aims-community-college,2025-26,https://commondataset.org/wp-content/uploads/2025/11/CDS-2025-2026-Summary-of-Changes-1.docx,https://api.collegedata.fyi/storage/v1/object/public/sources/aims-community-college/2025-26/ed901a128aef3343f083e25d807a56acee3da3aea7c90074f8a9e83d5935493b.docx,xlsx,02118510-a598-4274-80cf-50117f6c8f63,,failed,,
138716,Albany State University,albany-state-university,2025-26,https://commondataset.org/wp-content/uploads/2025/11/CDS-2025-2026-Summary-of-Changes-1.docx,https://api.collegedata.fyi/storage/v1/object/public/sources/albany-state-university/2025-26/ed901a128aef3343f083e25d807a56acee3da3aea7c90074f8a9e83d5935493b.docx,xlsx,bc388a17-24b9-466b-aed1-a9936882f862,,failed,,
128498,Albertus Magnus College,albertus-magnus-college,2024-25,https://drive.usercontent.google.com/download?id=1cb-7QPm2EL_CSJP4lw1RN1qLEKfHiQiF&export=download,https://api.collegedata.fyi/storage/v1/object/public/sources/albertus-magnus-college/2024-25/85ad922aeeb460620ab20bc10418c8c97984803f134d88b35a64a596699fd0b3.pdf,pdf_flat,82dcae6b-9f2e-4f19-8a53-ff68e2d4c199,,extracted,,tier4_docling
168546,Albion College,albion-college,2025-26,https://www.albion.edu/wp-content/uploads/2026/04/UPDATED-4-13-26-FINAL-CDS-FALL-2025.xlsx,https://api.collegedata.fyi/storage/v1/object/public/sources/albion-college/2025-26/a5823d787bfd0e1732480d2f7229344d04b57004c3a49de604e5027b610749cb.xlsx,xlsx,d1954b70-49b6-4452-b8be-2388b91c9c39,,failed,,
188641,Alfred University,alfred-university,2023-24,https://drive.usercontent.google.com/download?id=1-2US9PhaZrZuo3dGIhelSmsBCRbar3Ax&export=download,https://api.collegedata.fyi/storage/v1/object/public/sources/alfred-university/2023-24/e64500c1d54acd6be64f09370282c9a605dd599c5d1df475e5f0ae149c577be1.pdf,pdf_flat,a994d12c-b703-413c-a9fa-7ab8b1be0d54,,extracted,,tier4_docling
210669,Allegheny College,allegheny-college,2025-26,https://sites.allegheny.edu/institutional-effectiveness/files/2026/04/CDS-2025-26_AlleghenyCollege_Final.xlsx,https://api.collegedata.fyi/storage/v1/object/public/sources/allegheny-college/2025-26/ac7d72d91e3ab879bcd901ea5e4ef0488ae9239789127173752fe7e2043a38c5.xlsx,xlsx,83950eb0-0ddb-467b-b848-c5a004ff533d,,extracted,,tier1_xlsx
131159,American University,american-university,2024-25,https://www.american.edu/provost/oira/upload/cds_2024-2025_american-university_final.pdf,https://api.collegedata.fyi/storage/v1/object/public/sources/american-university/2024-25/d59c878a63d3565a633f0eba2eb2b643e75ce9f8d38a6453744486839841b038.pdf,pdf_flat,14e284c0-d5a4-4a0d-8182-2d78a9046b4f,,extracted,,tier4_docling
164465,Amherst College,amherst,2024-25,https://drive.usercontent.google.com/download?id=1nyc6IMyEA2YcnGR-0O0PXFTQufJsn-bp&export=download,https://api.collegedata.fyi/storage/v1/object/public/sources/amherst/2024-25/e4ca2052381e79a97fe06aefc408a3c53dd342ed049c7109c3fae62454badc31.pdf,pdf_flat,34f7974b-dca0-46d7-9442-00a5a0993d08,,extracted,,tier4_docling
197869,Appalachian State University,appalachian-state-university,2024-25,https://drive.usercontent.google.com/download?id=1BSu4wJPfG2j8SpHEA3vUk1GBN3jGYg1n&export=download,https://api.collegedata.fyi/storage/v1/object/public/sources/appalachian-state-university/2024-25/9572a5e47fd5828b642c45c25cbfcb0c5fca86f7dcd17917199767e0b0598e20.pdf,pdf_fillable,f50c1389-d421-4836-b4c1-9492cc21d76c,,extracted,,tier2_acroform
168786,Aquinas College,aquinas-college,2024-25,https://www.aquinas.edu/_files/Aquinas%20College%20cds-2024-2025.pdf,https://api.collegedata.fyi/storage/v1/object/public/sources/aquinas-college/2024-25/296ebf2ee29213eb3e0a3260b98ff146f4e5eccde61213e71d537eae313f0101.pdf,pdf_fillable,114e3fe6-dc85-4771-b6a4-af7881fbcd1b,,extracted,,tier2_acroform
211088,Arcadia University,arcadia-university,2023-24,https://www.arcadia.edu/wp-content/uploads/2024/04/CDS_2023-2024.pdf,https://api.collegedata.fyi/storage/v1/object/public/sources/arcadia-university/2023-24/453a582306b5f1173aab3770df9c69d2850e2d50976736d9685e47e1953d1e37.pdf,pdf_fillable,47f9c5cd-57a9-443d-ac25-504ee1539d5c,,extracted,,tier2_acroform
104151,Arizona State University Campus Immersion,arizona-state-university-campus-immersion,2025-26,https://uoia.asu.edu/sites/g/files/litvpz1436/files/2026-04/CDS%202025-26%20-%20ASU%20Campus%20Immersion.pdf,https://api.collegedata.fyi/storage/v1/object/public/sources/arizona-state-university-campus-immersion/2025-26/f00341721add0e051460a5311e216a2e9657ddcf9c3edead28aa167b912d26a7.pdf,pdf_flat,7e6fd1a2-47e7-4ffb-bdec-77b527b66438,,extracted,,tier4_docling
109651,Art Center College of Design,art-center-college-of-design,2025-26,https://cms.artcenter.edu/assets/24848/src/CDS%202025-2026_18June26.pdf,https://api.collegedata.fyi/storage/v1/object/public/sources/art-center-college-of-design/2025-26/5a1dfa78320b6df3b9e4546c5bfc4fffb0b28970efb027fc39c0f09f30c4ad27.pdf,pdf_flat,239bc884-621d-4eb1-8969-5284d25f6eec,,extracted,low_coverage,tier4_docling
201104,Ashland University,ashland-university,2023-24,https://www.ashland.edu/sites/default/files/2025-03/CDS%202023_2024.pdf,https://api.collegedata.fyi/storage/v1/object/public/sources/ashland-university/2023-24/b6afffe7e7a6cea38a97c2a2f8e925d4c6f1e7bc5740a38ee5392891c5866378.pdf,pdf_flat,e7d9b28c-513f-49ff-9509-40e7d389a659,,extracted,blank_template,tier4_docling
100858,Auburn University,auburn-university,2024-25,https://doc-0o-60-sheets.googleusercontent.com/export/54bogvaave6cua4cdnls17ksc4/v4i4o43jnmo2lkpli71jio2cjk/1776619460000/105250506097979753968/*/1fxDNA-7P00i1c4YdEl0l1-ZqQdg3uUVF?format=xlsx,https://api.collegedata.fyi/storage/v1/object/public/sources/auburn-university/2024-25/976dac42702039d9eab19ded00b545b013f41fbc2da8b0b0db055b9295018b0d.xlsx,xlsx,15dddd1f-5348-49e9-a159-245cd134b1ba,,extracted,,tier1_xlsx
100830,Auburn University at Montgomery,auburn-university-at-montgomery,2024-25,https://www.aum.edu/wp-content/uploads/2025/05/CDS-2024-2025.pdf,https://api.collegedata.fyi/storage/v1/object/public/sources/auburn-university-at-montgomery/2024-25/b60a62762d359b45bddbe590449ea384274ed69cf1303a0cf29d8f93a0f34c81.pdf,pdf_fillable,2f81dce9-8038-4c7e-84af-ae6c4c29e5b5,,extracted,,tier2_acroform
143084,Augustana College,augustana-college,2025-26,https://www.augustana.edu/files/2026-04/2025-26_CDS_Augustana_College_IL_V2.pdf,https://api.collegedata.fyi/storage/v1/object/public/sources/augustana-college/2025-26/fddb53b1e9edc102e06694ef27c9cd5a48233fef2f6dc17d933f8de8260fcc17.pdf,pdf_flat,33d77798-ea16-4f89-ad7d-832eac59fa8d,,extracted,low_coverage,tier4_docling
219000,Augustana University,augustana-university,2025-26,https://www.augie.edu/sites/default/files/documents/2026-06/2025-2026-CDS.xlsx,https://api.collegedata.fyi/storage/v1/object/public/sources/augustana-university/2025-26/43286845463a41797d5984eb492dde5557272f957210725c62b51c9bfc08f8cc.xlsx,xlsx,b4afd9ff-16ef-4517-8ea6-768cff66edee,,extracted,,tier1_xlsx
143118,Aurora University,aurora-university,2025-26,https://aurora.edu/documents/about/cds-2025-2026.pdf,https://api.collegedata.fyi/storage/v1/object/public/sources/aurora-university/2025-26/5955c79c8ff0423ea13e509be70cfae31c339f09395bb137dbb6721e50cf8892.pdf,pdf_flat,7d413cbf-f2fe-4ebc-9108-ee2ddcdd3a1c,,extracted,low_coverage,tier4_docling
222983,Austin College,austin-college,2025-26,https://resources.finalsite.net/images/v1787333926/austincollegeedu/austincollegeedu/qfseyvgfiugcabtgawum/CDS_2025-2026.pdf,https://api.collegedata.fyi/storage/v1/object/public/sources/austin-college/2025-26/9cb33cc75f93d1ecb9c2a83f475a1f3af1926c815977d97eaf76e4bd6edebee0.pdf,pdf_flat,03e704a9-1cf4-4a96-8482-a1f09b2b2169,,extracted,,tier4_docling
219602,Austin Peay State University,austin-peay-state-university,2025-26,https://www.apsu.edu/institutional-research/files/common-data-set-2025-2026.pdf,https://api.collegedata.fyi/storage/v1/object/public/sources/austin-peay-state-university/2025-26/02179110e23e1363d3eba7f7c7a687216a24c713d76e29a0ed5122b0c7b9ae60.pdf,pdf_flat,7ab8c927-c966-4beb-ad65-00b93e1b5ccf,,extracted,,tier4_docling
164580,Babson College,babson-college,2024-25,https://www.babson.edu/media/babson/assets/rankings/babson-college-common-data-set.pdf,https://api.collegedata.fyi/storage/v1/object/public/sources/babson-college/unknown/d2c362f93aa121594755c408cd39eae303866eff1e67fc5e17abab73faf6a19a.pdf,pdf_fillable,97a8e0a3-0fff-4040-a442-1da17bd191e6,,extracted,,tier2_acroform
168847,Baker College,baker-college,2025-26,https://my.baker.edu/icsfileserver/docs/docs/about_us/institutional_effectiveness/common_data_set/Common%20Data%20Set%202025-2026.pdf,https://api.collegedata.fyi/storage/v1/object/public/sources/baker-college/2025-26/7b427cdb9b7bd5280fed807e16d428dc2706fda28bad61ff6d974081aceabbbb.pdf,pdf_fillable,c37c16ec-478e-4b85-945d-f1835f3352d9,,extracted,,tier2_acroform
201195,Baldwin Wallace University,baldwin-wallace-university,2025-26,https://www.bw.edu/about/offices/institutional-research-assessment/_files/common-data-set-2025-26.pdf,https://api.collegedata.fyi/storage/v1/object/public/sources/baldwin-wallace-university/2025-26/6cd562d2ec432b99b18543817edcd9962d367d5066fbc9e15619a7fe85d7c403.pdf,pdf_flat,bef99366-911d-449b-b3c0-90dcad445546,,extracted,,tier4_docling
189088,Bard College,bard-college,2024-25,https://drive.usercontent.google.com/download?id=18JnWkO0gn0m8SJCQkUBCwbwj3ASI8avH&export=download,https://api.collegedata.fyi/storage/v1/object/public/sources/bard-college/2024-25/fa83e4f8593d938235d091f7126e0d593cc5d1cf31b925128c9c1c33a3fc803d.pdf,pdf_flat,738de6c4-200a-4253-9204-0400d863cab9,,extracted,,tier4_docling
189097,Barnard College,barnard,2025-26,https://barnard.edu/sites/default/files/2026-09/Barnard_CDS_2025-2026.pdf,https://api.collegedata.fyi/storage/v1/object/public/sources/barnard/2025-26/388e875e5686402323800da6961479c8f14ef94d40e9caa06a77a102cb272ba4.pdf,pdf_fillable,e3a49f15-a2b6-4d2f-913f-6579035260ec,,extracted,,tier2_acroform
197911,Barton College,barton-college,2025-26,https://www.barton.edu/wp-content/uploads/2026/05/updated-5.26.26_barton-college_cdspdf20252026_02052026.pdf,https://api.collegedata.fyi/storage/v1/object/public/sources/barton-college/2025-26/a1c9ce3471ea473f61a6a569f1e4b974093db1cb706dd7471f0deb3a9fdabe5a.pdf,pdf_fillable,e03a20ed-312f-402a-8379-9c17663dd044,,extracted,,tier2_acroform
160977,Bates College,bates,2025-26,https://www.bates.edu/research/files/2026/06/CDS_2025-2026.pdf,https://api.collegedata.fyi/storage/v1/object/public/sources/bates/2025-26/5f3e152d2ecfc6834738437c5a23375cdbffe6b86c2f85e15a874706b1813a8f.pdf,pdf_fillable,0d8ae2cd-faf0-43de-b345-8007cadae837,,extracted,,tier2_acroform
223232,Baylor University,baylor-university,2024-25,https://ir.web.baylor.edu/sites/g/files/ecbvkj1621/files/2025-04/CDS-2024-2025-Baylor%20University.pdf,https://api.collegedata.fyi/storage/v1/object/public/sources/baylor-university/2024-25/4aab5df2979d096bba9ef4738047840c83f6375f5e89578e711659294a2e2391.pdf,pdf_fillable,2601d16d-b676-418f-9840-8dfff5c148e6,,extracted,,tier2_acroform
219709,Belmont University,belmont-university,2024-25,https://drive.usercontent.google.com/download?id=1S3YOAXK782hvRvBduoIGgF02dXedYafp&export=download,https://api.collegedata.fyi/storage/v1/object/public/sources/belmont-university/2024-25/e2c6c5de57785ff341896c424336a449660ae3b255549ddfba2f78d93ddb0342.pdf,pdf_flat,c9b0c763-ed12-497d-96ee-f9eaaa66527a,,extracted,,tier4_docling
238333,Beloit College,beloit-college,2025-26,https://www.beloit.edu/live/files/1104-common-data-set-cds-2025-26,https://api.collegedata.fyi/storage/v1/object/public/sources/beloit-college/2025-26/14f5c38c36f38c758179e134f972a09984a80035f8d3c68355af4f94703192d1.pdf,pdf_flat,f545aaca-6239-4aca-b702-30245eba4002,,extracted,,tier4_docling
145619,Benedictine University,benedictine-university,2024-25,https://ben.edu/wp-content/uploads/2025/04/Benedictine-University-Common-Data-Set-2024-2025.pdf,https://api.collegedata.fyi/storage/v1/object/public/sources/benedictine-university/2024-25/98eb1cef3d7a684ca6563769416d69374fb11715a5e0833e84909ca0bfc9ef2c.pdf,pdf_fillable,73204aa1-1bd4-4587-b7bb-fed266878833,,extracted,,tier2_acroform
230816,Bennington College,bennington-college,2024-25,https://www.bennington.edu/sites/default/files/sources/docs/cds_bennington_2024-2025_final.pdf,https://api.collegedata.fyi/storage/v1/object/public/sources/bennington-college/2024-25/ea427d0e07f521bc27a4ad5a167733d27b7c8ac58e2121013ca42c490a1240db.pdf,pdf_flat,7054ec4a-3d41-457c-9725-c3b5cd3f6c24,,extracted,blank_template,tier4_docling
164739,Bentley University,bentley-university,2024-25,https://drive.usercontent.google.com/download?id=10et1a0IuSwyI57Me-zG7gMPoKAPc26k-&export=download,https://api.collegedata.fyi/storage/v1/object/public/sources/bentley-university/2024-25/3340cb930283abcb9865ac4b26bd1929d3eb2788f69ee6973f6bac2c517ab02e.pdf,pdf_flat,20bd8d1c-6540-4f0d-b50c-e5e4217db092,,extracted,,tier4_docling
164748,Berklee College of Music,berklee-college-of-music,2025-26,https://www.berklee.edu/sites/default/files/2026-02/CDS_2025-2026.pdf?fv=b45dCYjY,https://api.collegedata.fyi/storage/v1/object/public/sources/berklee-college-of-music/2025-26/f3f60ed37c5c4414feae484839ea1a192c5817a33721eeb286ad14a96ccb6458.pdf,pdf_flat,73fdf7d2-5f1c-46e0-8370-bba8a592e888,,extracted,,tier4_docling
173160,Bethel University,bethel-university,2025-26,https://www.bethel.edu/institutional-data-research/institutional-data/common-data-set/history/cds-2526.xlsx,https://api.collegedata.fyi/storage/v1/object/public/sources/bethel-university/2025-26/b9f3f85e42cb5f77777b1b320932cba594ffaf30362dea1738db789ccdc373ec.xlsx,xlsx,017815da-30a8-4b0c-9c39-5ba30ed1d7e1,,extracted,,tier1_xlsx
219718,Bethel University,bethel-university,2024-25,https://www.bethel.edu/institutional-data-research/institutional-data/common-data-set/history/cds-2425-protected.xlsx,https://api.collegedata.fyi/storage/v1/object/public/sources/bethel-university/2024-25/8b9647ebd2ea9ee4ff01414af6c4a3d925f5f4279423b3305701989fc7e64c04.xlsx,xlsx,c10f4b42-f127-4b7a-a990-c0bbac571835,,extracted,,tier1_xlsx
132602,Bethune-Cookman University,bethune-cookman-university,2024-25,https://bcutemp.omniweb.cloud/ie/_files/cds-2024-2025.pdf,https://api.collegedata.fyi/storage/v1/object/public/sources/bethune-cookman-university/2024-25/78f057d2cc914d6b7492bd5ad7480223d177f8bda8c5d47301cf8a7a110eae18.pdf,pdf_fillable,a1c74764-8d83-4e6c-9e27-f5b47f9999eb,,extracted,,tier2_acroform
196079,Binghamton University,binghamton-university,2024-25,https://drive.usercontent.google.com/download?id=1OEtsa2GOsTWIlmYhe3-ZA0fn-n63mtBb&export=download,https://api.collegedata.fyi/storage/v1/object/public/sources/binghamton-university/2024-25/5c2311c1178ccd57ea8f4be784dddfe320d8a305e213f4710109a6fd44a95aee.pdf,pdf_flat,b9d1e3d3-ed02-4065-b452-44671e1425b9,,extracted,,tier4_docling
142115,Boise State University,boise-state-university,2025-26,https://www.boisestate.edu/ie/wp-content/uploads/sites/501/2026/04/Boise-State-University-CDS_2025-2026_PDF.pdf,https://api.collegedata.fyi/storage/v1/object/public/sources/boise-state-university/2025-26/823160d9826aeb758795a7e3215279539ecf373e29f739d29048786d918cce1f.pdf,pdf_flat,d2981bd1-078d-4230-b1e3-78be4987d5b7,,extracted,low_coverage,tier4_docling
164924,Boston College,boston-college,2024-25,https://drive.usercontent.google.com/download?id=1Wz4J6SRfCTTibOEHavBLweEnYAxG_oJR&export=download,https://api.collegedata.fyi/storage/v1/object/public/sources/boston-college/2024-25/42f0948c44eae3641e73583e29608d2a8f932700392c27b30ec83a14f7c93e85.pdf,pdf_flat,93327567-296d-4376-afc4-763b4d8798cd,,extracted,,tier4_docling
164988,Boston University,boston-university,2025-26,https://www.bu.edu/asir/files/2026/07/CDS-2025-2026-updated.pdf,https://api.collegedata.fyi/storage/v1/object/public/sources/boston-university/2025-26/4ce07f4dde799295d39353e235ab0e113b7ca4734529ad87cc87b78c7be656ad.pdf,pdf_flat,e8c931f0-6e1e-4f18-ba7d-7441c0bdbd68,,extracted,,tier4_docling
161004,Bowdoin College,bowdoin,2025-26,https://www.bowdoin.edu/ir/pdf/bowdoin-cds_2025-2026.pdf,https://api.collegedata.fyi/storage/v1/object/public/sources/bowdoin-college/2025-26/d1dfe5ceb33c4d8f5ca6ae56f4d71a19e7ccc1b9ff46dde2a8c0f578d29338fa.pdf,pdf_fillable,febd3577-664c-4000-bd26-b10790005dd7,,extracted,,tier2_acroform
143358,Bradley University,bradley-university,2024-25,https://drive.usercontent.google.com/download?id=1jV0iWll0uRYQr5alcn6WbbAot8IlLx1p&export=download,https://api.collegedata.fyi/storage/v1/object/public/sources/bradley-university/2024-25/df977f30053ab0596bbbeee0a3a848d48ea0064d2078ccc0108a3251e0b3e6c8.pdf,pdf_flat,588248b6-220c-4079-9440-40facf1c2195,,extracted,,tier4_docling
165015,Brandeis University,brandeis,2025-26,https://www.brandeis.edu/institutional-research/docs/cds-2025-26.pdf,https://api.collegedata.fyi/storage/v1/object/public/sources/brandeis/2025-26/03b92116eb56943cdb7acb35ba2a0064c916097ef8f17def7bf9dfec2e78250f.pdf,pdf_flat,88e42711-54ec-46ce-ade2-4366ac428e6d,,extracted,,tier4_docling
230038,Brigham Young University,brigham-young-university,2025-26,https://data.byu.edu/0000019d-e4b4-df27-a1df-eef579b00001/cds-2025-2026-pdf,https://api.collegedata.fyi/storage/v1/object/public/sources/brigham-young-university/2025-26/90ba09074ffd0fbaaf86dfc8383ceab374da4e842d891d0501458713dc338e0d.pdf,pdf_flat,89f95c9e-244f-43a2-a068-ecdeabcd2343,,extracted,,tier4_docling
217156,Brown University,brown,2025-26,https://oir.brown.edu/sites/default/files/2020-04/CDS-PDF-2025-2026.pdf,https://api.collegedata.fyi/storage/v1/object/public/sources/brown/2025-26/e45da2405f678ccaf78f36640359c83b4cec8c173a1b2ca93e7aefe3d899291c.pdf,pdf_fillable,ce9a58b8-0379-4ccb-9988-842d1c1ef356,,extracted,,tier2_acroform
211273,Bryn Mawr College,bryn-mawr-college,2024-25,https://drive.usercontent.google.com/download?id=1GHHBZasqXHUBlr7elAB4Sigve5-tCoNg&export=download,https://api.collegedata.fyi/storage/v1/object/public/sources/bryn-mawr-college/2024-25/653a7adfa819f17d883dc4eca1823d26cc8c83e35768e6d4e88dff497651f018.pdf,pdf_flat,bde2fccb-c6f7-4a6c-aaff-a413c6982bb9,,extracted,,tier4_docling
211291,Bucknell University,bucknell,2024-25,https://www.bucknell.edu/sites/default/files/institutional-research/common_data_set_2024-25.pdf,https://api.collegedata.fyi/storage/v1/object/public/sources/bucknell/2024-25/77e4f6c8993beaa13b7d0755c0a42a59bbcdd096df1daabc05dc6aa9507d3ebb.pdf,pdf_flat,ec8c87b8-b263-4ace-92c9-0f9e06af5288,,extracted,,tier4_docling
150163,Butler University,butler-university,2024-25,https://drive.usercontent.google.com/download?id=1EwcVaexL3MUER9jj_mWnF4l2AF-JWB2Z&export=download,https://api.collegedata.fyi/storage/v1/object/public/sources/butler-university/2024-25/6b17d9491494446d158b66b5b4d34228acdfc1c290d7a056734fbb84d227096d.pdf,pdf_flat,3343d9fc-5aae-48da-b7a3-32370b88c412,,extracted,,tier4_docling
190512,CUNY Bernard M Baruch College,cuny-bernard-m-baruch-college,2024-25,https://drive.usercontent.google.com/download?id=12Y-yqkMAUDhkjU3tuhYWJ6wTNPUvhlZl&export=download,https://api.collegedata.fyi/storage/v1/object/public/sources/cuny-bernard-m-baruch-college/2024-25/759eecda320a9982e2206f24cb7d707bd10dc02d6884f7fd145ca36e03d27bd8.pdf,pdf_fillable,ccc6ee13-a4ee-4da1-955c-b26ac09346c7,,extracted,,tier2_acroform
190567,CUNY City College,cuny-city-college,2024-25,https://www.ccny.cuny.edu/sites/default/files/2025-03/20250324_FINAL%20CDS-2024-2025.pdf,https://api.collegedata.fyi/storage/v1/object/public/sources/cuny-city-college/2024-25/8872170f05860579a021138be09e59b566b2a4e52e58d66dfd3c214be5a71723.pdf,pdf_fillable,be717b2d-bd71-45ac-bb90-96bab21ee03b,,extracted,,tier2_acroform
190600,CUNY John Jay College of Criminal Justice,cuny-john-jay-college-of-criminal-justice,2023-24,https://www.jjay.cuny.edu/sites/default/files/2024-02/CDS2023_2024.WORK-FILE.pdf,https://api.collegedata.fyi/storage/v1/object/public/sources/cuny-john-jay-college-of-criminal-justice/2023-24/ec305bf09798ece3e0496853f4f989e04dde3aeebd55b91a67c0614dc94cfb2b.pdf,pdf_fillable,d58ef350-38c6-48b7-bb34-d884f8dfd9dc,,extracted,,tier2_acroform
110361,California Baptist University,california-baptist-university,2025-26,https://calbaptist.edu/about/leadership/provost/educational-effectiveness/institutional-research/pdfs/CDS-PDF-2025-2026%20-%20All.pdf,https://api.collegedata.fyi/storage/v1/object/public/sources/california-baptist-university/2025-26/6934f5ad1a8e5f35b100deffc2059582406a0abeea781fd12b36168bb5899f94.pdf,pdf_flat,ba31e6aa-b457-4f37-9ff3-27a5296072d0,,extracted,,tier4_docling
110404,California Institute of Technology,caltech,2025-26,https://finance.caltech.edu/documents/35127/cds_2026.pdf,https://api.collegedata.fyi/storage/v1/object/public/sources/caltech/2025-26/6aec64b941b2dc795c427840415fa9736f0141ac8f218b301da71f82f1d60438.pdf,pdf_flat,740e3466-6708-4f01-9ff1-75739e948201,,extracted,low_coverage,tier4_docling
110413,California Lutheran University,california-lutheran-university,2024-25,https://www.callutheran.edu/about/factbook/2024_2025_Common_Data_Set_Draft.pdf,https://api.collegedata.fyi/storage/v1/object/public/sources/california-lutheran-university/2024-25/29dd87c6b21550a41fd159551fc15534f747655c0fb930577585efa0fb2109d9.pdf,pdf_flat,b43156ae-da86-4a2f-ae30-584b7b7227cc,,extracted,,tier4_docling
110422,California Polytechnic State University-San Luis Obispo,california-polytechnic-state-university-san-luis-obispo,2025-26,https://content-calpoly-edu.s3.amazonaws.com/ir/1/images/CDS-PDF-2025-2026_final_web_0.pdf,https://api.collegedata.fyi/storage/v1/object/public/sources/california-polytechnic-state-university-san-luis-obispo/2025-26/8b797056f5cfc0f4519814a398cd7d3b861a3bde9c123cbe1af759e95bc67ee5.pdf,pdf_flat,6115c693-b459-4ae6-af0a-995d97a5361e,,extracted,,tier4_docling
115755,California State Polytechnic University-Humboldt,california-state-polytechnic-university-humboldt,2024-25,https://www.humboldt.edu/sites/default/files/irar/2024-11/2024-2025-cds-cal-poly-humboldt-printable.pdf,https://api.collegedata.fyi/storage/v1/object/public/sources/california-state-polytechnic-university-humboldt/2024-25/e76e810da6783184043a946918335e4179804ff2f55c299da6aa760981182407.pdf,pdf_flat,3d37b286-213c-4320-bb1d-e407eb82aa56,,extracted,,tier4_docling
110529,California State Polytechnic University-Pomona,california-state-polytechnic-university-pomona,2024-25,https://drive.usercontent.google.com/download?id=1lwH_X-KfROFlSNBf0fxZoTtnJuMd5F7H&export=download,https://api.collegedata.fyi/storage/v1/object/public/sources/california-state-polytechnic-university-pomona/2024-25/0f58fe56d02447922339231bdefc7ba321296eca5486550af33ab71d24f2520d.pdf,pdf_flat,7a2dd6e0-15ff-4851-b211-ef92d12343cc,,extracted,,tier4_docling
110486,California State University-Bakersfield,california-state-university-bakersfield,2025-26,https://public.boxcloud.com/d/1/b1!pwK2p-zbLtQH2RdZdUbj4ZbwXjN0TXHTTXuzFyKL_kf1HgQvfq38qy4z8UnT5l9DuekZbDiHmlFeftUEXH5e06jiY4y7Y-Joi8K0MiyGlFIqX-aOk4LUGHOauQs2yQNWNH7otTRTwDn3GApzRiU8ID2so6iZmwLEPbGvgXqPbS5iIs7VSuIGljIRqFpM42Z3u51wcZiJ48PURtsr3dV0OFEs7T6IlJkqeOykK7Gd0SZzVmmDJyCl0lh7RUwm-nIwgECdgiAxMvenl5xgaiS2LN4MK0V4uHCwyOZ3_1HHKOOaJgPxHyWPA2J6PV2KkRkll-Lts4jVBobAGZYDzNgGBYpxVucYq5gr6GSXriprsWLhrmqAYHKSUXQ-KCvQfOduduUCDo-meF3_nFuDKER9eIatM0DBt7P0sT74r2HHvKNw3ljpOq8ZLuCHZnLNB04ghUyGg36K89gndNnV_AcuRH5RiwQtD_4ApME1Tuiv-FEDYci81EwmGQfQTVG_qtyBIY_yGbmqnXD0VjurqNfreUACLm5HrDf1z3WgiWtgXtSeHRhaSH7LS5qqnJv_Ga8L77n4CvF1h9ZfWFN8pJ4eojqyl8euH0Fk5mIPrUwN65szytDNha1FJ8S547X5vRdcyKb_WyoLc0x5ahR1yvWVBpdGJTWvMO9-XEeErYu3oT9eSfr_hcq-MPRBLYQGViAknHQfjPsME3fyy7t7wAseAFHLHlO2wdtK21Upy3J5pr3T_WZ7pZI1MgP7KEV1W1x7Y-gEVLGFT7f-JkJNiJCek5F4khctOK_Thks-uGZ89Tv0O1HmuGU_7EInIGgb6b_KmqlVI5rWIlsbsgKLLNsJ9x12Y2KrBmqQHH1OtkP9WN953azQsmLQXhHUVmCH0mewcMfbMMfkk-nSBns3nj1oT3kYR0lzbIW1O1KxPLTZ-UPWWkWq8f9ZHvbWvh1Z7tIcTJcZQV5ROI5dDh9qAxpv0zVE9LBS8FFu9TfIDMOhgrxTpBydSJCjiTUcxW3jW6fzesQQj9-ZdSTYwoHrflrZDjaFqFbYI7fuOw2L6-ooC_LuP_oJ25fXIEjXmlmP-fpB7k3plmgan_lF3JJycmdUjRcNGDLaGa-ZjlKa5mzJmNNMyC5SZFBC2ocLNHgbKDoJKfzRqLL5lkAiUn4V--L_nSXcTQqdIc7ArWjCD5d1jfqx66k3rAo4bWrTjucPZNuWkUr6sz-YyDaGtYkYh3LHDinIBg-4ZgDXTaMKcX_Y4dt1uqIgGaXIHcGJgXlGz0lO3-zeY8gOj6j9TaCa_tVDOadESsnxUDNo7UyOOR9zaE3SlubdXarVLK6HTt0V3OmG5iIq6OSF9aicsLhUWp6HH2z_EOxNyrZjGwPeFH-glY6CSAxTHWxtOOGyR1wsYVnj0F6kcM5OABrYU6rH_KcdwWq7xDmHY-XLkRbs-Ldkcln_axHTPlacTu27azQ4ybA40Ii-9AzzPBk8OjP5redrI2unCwrvlKMpVNAK8e8vsKiHQ3-sXx9GzDTFQs6U98bfCpzMJhfT6IzziMjb8SaOin8mQOjQMmVr5Cj9dDoywm8h_fj4uQWmQQQAjPY./download,https://api.collegedata.fyi/storage/v1/object/public/sources/california-state-university-bakersfield/2025-26/b3487e34210496f56ef0ec76691da095f821b39b8b51b286a027705299ada159.pdf,pdf_flat,3a033206-1526-4520-91dc-3a096d67326a,,extracted,,tier4_docling
110538,California State University-Chico,california-state-university-chico,2025-26,https://www.csuchico.edu/ir/_assets/documents/cds-2026.pdf,https://api.collegedata.fyi/storage/v1/object/public/sources/california-state-university-chico/2025-26/2b83e6037c58e29959dc15344ce8ab3dcb65373c53f705c018cdee663882ad29.pdf,pdf_flat,ca78ae9f-6758-4aa0-b41f-aa0e2574a553,,extracted,,tier4_docling
110556,California State University-Fresno,california-state-university-fresno,2023-24,https://drive.usercontent.google.com/download?id=1W8YKx7yhdevIzpu1JWjX7qylVgdU9cK1&export=download,https://api.collegedata.fyi/storage/v1/object/public/sources/california-state-university-fresno/2023-24/342857ef71ab2eb3af45d8a77dd61357fe1b383a8d2ac98ba57c2f8666d9f347.pdf,pdf_flat,52ff60dc-e8c6-4513-a0d5-f592e143cac5,,extracted,,tier4_docling
110565,California State University-Fullerton,california-state-university-fullerton,2024-25,https://doc-00-60-sheets.googleusercontent.com/export/54bogvaave6cua4cdnls17ksc4/rdif47gcac31s70rrcm11ibj7k/1776619520000/105250506097979753968/*/1zg-f6N2sMBcTDZKbvxEsACFfVkutyzAK?format=xlsx,https://api.collegedata.fyi/storage/v1/object/public/sources/california-state-university-fullerton/2024-25/c14c4895579df18e43ca5c6b1880030f7e15f8bdfb9ca545e848dab84f163ff4.xlsx,xlsx,4981c7b4-6b98-4e6f-b8cc-ea05e098b9a9,,extracted,,tier1_xlsx
110583,California State University-Long Beach,california-state-university-long-beach,2024-25,https://drive.usercontent.google.com/download?id=1Jmfc1Ed7ucf7wTBjEphzcAJReyYPu8jJ&export=download,https://api.collegedata.fyi/storage/v1/object/public/sources/california-state-university-long-beach/2024-25/ad4d044f9ba636cea2470b7ea5e8324885c78decfe4caf4428d048d5d51eb597.pdf,pdf_scanned,ce35c5d3-cc4d-4651-a5d1-dfd1597414ee,,extracted,,tier4_docling
110592,California State University-Los Angeles,california-state-university-los-angeles,2024-25,https://drive.usercontent.google.com/download?id=19xk9izL3dPFoI27yihvy13fym5RmCxns&export=download,https://api.collegedata.fyi/storage/v1/object/public/sources/california-state-university-los-angeles/2024-25/a0957feef7ce3a3aaf2dcd8e220f252f73d2aa5b0fa2a0fd0aa2bbecf1b92c32.pdf,pdf_fillable,ba8b9dee-2927-47d3-b955-bf074311eeab,,extracted,,tier2_acroform
110608,California State University-Northridge,california-state-university-northridge,2024-25,https://live-csu-northridge.pantheonsite.io/sites/default/files/2025-02/CDS%202024.xlsx,https://api.collegedata.fyi/storage/v1/object/public/sources/california-state-university-northridge/2024-25/0d52ca3a1acc276a8e0ac74781ac950f58719208534e819a1185d96175e7982f.xlsx,xlsx,6f1d59bb-20d1-4d8b-9fb9-cf2f16f4bfc8,,failed,,
110617,California State University-Sacramento,california-state-university-sacramento,2025-26,https://www.csus.edu/information-resources-technology/institutional-research/common-data-set/cds_2025-2026-final.pdf,https://api.collegedata.fyi/storage/v1/object/public/sources/california-state-university-sacramento/2025-26/9946a0d8bf54809a108dbdddf32ccd7ba8cc5aca265631fb6f3a6c2fd82453f3.pdf,pdf_fillable,d4a14255-de74-481e-ac22-7cde0e22d3a1,,extracted,,tier2_acroform
110510,California State University-San Bernardino,california-state-university-san-bernardino,2025-26,https://www.csusb.edu/sites/default/files/upload/file/2026/CDS_2025-2026_NEW.pdf,https://api.collegedata.fyi/storage/v1/object/public/sources/california-state-university-san-bernardino/2025-26/9c30339e1ce5972bc94999ee1383bb041feb92e83e84216461aafe82dee6e5e4.pdf,pdf_fillable,ae0ba728-9101-4acf-98e8-9ca28fc4618b,,extracted,,tier2_acroform
366711,California State University-San Marcos,california-state-university-san-marcos,2025-26,https://www.csusm.edu/ipa/cds-files/cds-doc/cds_2025-2026.xlsx,https://api.collegedata.fyi/storage/v1/object/public/sources/california-state-university-san-marcos/2025-26/719a768262071a5ffcbccd16f85e04d569836766c9cb95211540d48c1c3149cb.xlsx,xlsx,f2c0f6be-6dff-4abf-a550-81365592baee,,extracted,,tier1_xlsx
206914,Cameron University,cameron-university,2025-26,https://www.cameron.edu/storage/departments/institutional-research-assessment-and-accountability/common-data-set/CDS-2025-2026-accessible.pdf,https://api.collegedata.fyi/storage/v1/object/public/sources/cameron-university/2025-26/a59814dcbce0a0c14f6d1b1e3dfe7b9b22aa7b36980b594b56eee3cef8e0ceff.pdf,pdf_flat,40e17813-90ee-42c1-8e0f-dcab68e7cace,,extracted,,tier4_docling
189705,Canisius University,canisius-university,2023-24,https://www.canisius.edu/sites/default/files/documents/CDS_2023-2024.pdf,https://api.collegedata.fyi/storage/v1/object/public/sources/canisius-university/2023-24/42803dff181b8355dec0245247ea87e0681d2249655441c7027ba70facfd566c.pdf,pdf_flat,39b2487b-fc78-4be2-9a5f-ce3418c653d4,,extracted,blank_template,tier4_docling
201548,Capital University,capital-university,2024-25,https://www.capital.edu/media/5j5ayla1/cds-2025-2026-part-a.pdf,https://api.collegedata.fyi/storage/v1/object/public/sources/capital-university/2025-26/b03caed8d766bfb022bbf04587f0b87c6618f7799eb05223b98704af57bd7a6c.pdf,pdf_flat,49e848d5-0494-48a9-9751-e1df7a41629b,,extracted,,tier4_docling
173258,Carleton College,carleton-college,2024-25,https://drive.usercontent.google.com/download?id=1WstOtBocYVh6OjCsaItre7Th0bYSBj-p&export=download,https://api.collegedata.fyi/storage/v1/object/public/sources/carleton-college/2024-25/7305b410341e1eaa3692c6b30f736ddb66fa82948531f697a4ac14a0744201e6.pdf,pdf_flat,83625ee3-be46-423d-9ed0-39982b37306f,,extracted,,tier4_docling
211440,Carnegie Mellon University,carnegie-mellon,2025-26,https://www.cmu.edu/ira/CDS/pdf/cds_2025_26/cds_2025_full_pdf.pdf,https://api.collegedata.fyi/storage/v1/object/public/sources/carnegie-mellon/2025-26/05fd7f464e29d551217a3b0de1ab112e4acdecfd0236845b2fe6a1f9c5e5130b.pdf,pdf_flat,c44b80c8-c9d3-45ce-b014-dfb1429781fb,,extracted,,tier4_docling
201645,Case Western Reserve University,case-western-reserve-university,2025-26,https://case.edu/ir/sites/default/files/2026-02/CDS%202025-26%20Adjusted%20Final.pdf,https://api.collegedata.fyi/storage/v1/object/public/sources/case-western-reserve-university/2025-26/2efd39b81c4cd3f9974cd65fa3e9e5ce9d0ea8ea6e6769ee3ced04a0527b0ba0.pdf,pdf_flat,4f305c7e-c77b-43e3-ad13-d1ceda934f7c,,extracted,,tier4_docling
198215,Catawba College,catawba-college,2025-26,https://www.catawba.edu/media/catawba-college/site-assets/pdf/CDS_2025-2026-PDF.pdf,https://api.collegedata.fyi/storage/v1/object/public/sources/catawba-college/2025-26/0da4db1bd29f799610648c49f9a5ddd6a66dcaa1cb833047dec3f8539e177e34.pdf,pdf_fillable,64481d2c-2b23-4393-9ff1-2a3c77e8aa9d,,extracted,,tier2_acroform
153108,Central College,central-college,2024-25,https://departments.central.edu/wp-content/uploads/sites/17/files/2025/05/2024-25-CDS-FINAL-Central-College-IA.pdf,https://api.collegedata.fyi/storage/v1/object/public/sources/central-college/2024-25/d6952e5b7e58b8720848584f05be68879d97ec296b685edf76d566bb9b9d9b55.pdf,pdf_flat,af42c654-d81f-4f72-8156-0a0bc225483e,,extracted,blank_template,tier4_docling
128771,Central Connecticut State University,central-connecticut-state-university,2025-26,https://www.ccsu.edu/sites/default/files/2026-06/CDS%202025-2026.xlsx,https://api.collegedata.fyi/storage/v1/object/public/sources/central-connecticut-state-university/2025-26/9ad138eb75836dce29afaf6bea0219ec4c7f4a43a86e03abff1ea4a6cc374719.xlsx,xlsx,df79729b-36e6-47fe-a68a-4a72c7fe456a,,extracted,,tier1_xlsx
156408,Centre College,centre-college,2025-26,https://www.centre.edu/documents/2025-2026-common-data,https://api.collegedata.fyi/storage/v1/object/public/sources/centre-college/2025-26/aef355ab44e6328133162c9022f0163c50abdaaa9ace90027f109dafe5c6a5a3.pdf,pdf_fillable,4d0b1103-23d8-480e-b965-a3929bcd36e1,,extracted,,tier2_acroform
111948,Chapman University,chapman-university,2024-25,https://drive.usercontent.google.com/download?id=1OK5t-z7CB1oRLJQTv2Du4gtpjTxIsneN&export=download,https://api.collegedata.fyi/storage/v1/object/public/sources/chapman-university/2024-25/b28a6a2112290b0e3e28591816daa3ef4be6357e2f0262017a1366c600dccb3c.pdf,pdf_flat,22c8aab8-4fad-48e2-a5f2-d2d4384768c7,,extracted,,tier4_docling
211556,Chatham University,chatham-university,2024-25,https://www.chatham.edu/_documents/_about/cds-2024-2025.pdf,https://api.collegedata.fyi/storage/v1/object/public/sources/chatham-university/2024-25/8310ba025ff25a6152586a7ca601872dfa2744a2bdad2ef0b4408d5620eb15dd.pdf,pdf_fillable,bcc52e10-cf36-426e-9f34-6f0dde42a9fe,,extracted,,tier2_acroform
231712,Christopher Newport University,christopher-newport-university,2023-24,https://cnu.edu/institutionalresearch/_pdf/commondataset/cds_2023-2024.pdf,https://api.collegedata.fyi/storage/v1/object/public/sources/christopher-newport-university/2023-24/26b7789f4341f7fbd1a25e4a2b3531ba979a35a67cc92e8ee310331c5dc74332.pdf,pdf_flat,3798ab0d-ae6e-415a-b852-cc51720fef8d,,extracted,,tier4_docling
217864,Citadel Military College of South Carolina,citadel-military-college-of-south-carolina,2025-26,https://www.citadel.edu/institutional-research/wp-content/uploads/sites/75/CDS-2025-26-Excel_For-Website.xlsx,https://api.collegedata.fyi/storage/v1/object/public/sources/citadel-military-college-of-south-carolina/2025-26/53304c01b186310aaa92c938933bea598a5c4d039f187c89086e58928f921614.xlsx,xlsx,02fe8632-c79b-4cfc-9240-669c394676a1,,extracted,,tier1_xlsx
112260,Claremont McKenna College,claremont-mckenna,2025-26,https://www.cmc.edu/sites/default/files/CDS_2025-26_Annotated(Updated20260605).pdf,https://api.collegedata.fyi/storage/v1/object/public/sources/claremont-mckenna/2025-26/2943293fdde092d8b440a8099c85a715eb838a925c53e553dacf20f0da8d9ae3.pdf,pdf_flat,4b7c4222-6ac5-44d6-abcf-e67370d1a2f7,,extracted,,tier4_docling
165334,Clark University,clark-university,2024-25,https://www.clarku.edu/saair/wp-content/uploads/sites/95/Clark-CDS-2024-25.pdf,https://api.collegedata.fyi/storage/v1/object/public/sources/clark-university/2024-25/c4b1c2516b1249119e6fd332a57efa6fd98406050fabf1598bb5ae541b861afc.pdf,pdf_flat,e0d3d349-dee2-403f-9dfa-35e1575727f4,,extracted,blank_template,tier4_docling
217882,Clemson University,clemson,2024-25,https://drive.usercontent.google.com/download?id=1lgFGWD7h6i7J0ZzYy1p-6c4d26Is1Kgj&export=download,https://api.collegedata.fyi/storage/v1/object/public/sources/clemson/2024-25/3044c8686b1666bbad99362f54b97f9ebc6ae98b0b94da75baf699fb76fcf05b.pdf,pdf_fillable,0f478d91-308c-43a5-a4ba-205e5053604b,,extracted,,tier2_acroform
218724,Coastal Carolina University,coastal-carolina-university,2024-25,https://drive.usercontent.google.com/download?id=1hyAZ9FlsdI_z6JAY8ZiuulcTtLEwEWbe&export=download,https://api.collegedata.fyi/storage/v1/object/public/sources/coastal-carolina-university/2024-25/3ebc106083703515bf2e9099624f3084c40ddbf4bbce5fb2460fc301661d98a0.pdf,pdf_flat,b0842f39-baee-48fc-bab3-d2ac0a3162dc,,extracted,,tier4_docling
190099,Colgate University,colgate-university,2024-25,https://drive.usercontent.google.com/download?id=1IqjJEZCqBf_tRwZlSjj65BYUabxaHyoB&export=download,https://api.collegedata.fyi/storage/v1/object/public/sources/colgate-university/2024-25/a826e3b6cfee3be903a64aa05a9c235087a7a172f950f2cdae3340b9e4c45941.pdf,pdf_flat,66306454-bf84-4285-a1fa-cac2e7cb359d,,extracted,,tier4_docling
217819,College of Charleston,college-of-charleston,2024-25,https://drive.usercontent.google.com/download?id=1Fn6DeJuD-KBiKm0rw6EC5oHwDGWdGtz3&export=download,https://api.collegedata.fyi/storage/v1/object/public/sources/college-of-charleston/2024-25/70813e9754bb9fb471fd8c875b61c785920d6296f071a57c2e55d95921193b56.pdf,pdf_flat,f82caec4-97a6-4381-8ddb-832d919384f0,,extracted,,tier4_docling
139250,College of Coastal Georgia,college-of-coastal-georgia,2023-24,https://www.ccga.edu/wp-content/uploads/2024/11/CDS_2023-2024.pdf,https://api.collegedata.fyi/storage/v1/object/public/sources/college-of-coastal-georgia/2023-24/419e37829266a58d617599b358f57989491a80d67f56b0620440f502bbd3dd41.pdf,pdf_flat,21802c5c-b095-450c-a3a8-201fe17220a2,,extracted,blank_template,tier4_docling
142559,College of Southern Idaho,college-of-southern-idaho,2023-24,https://www.csi.edu/_files/pdf/institutional-effectiveness/cds-2023-2024.pdf,https://api.collegedata.fyi/storage/v1/object/public/sources/college-of-southern-idaho/2023-24/e539b37b9bd83f728e4778a538e70aee199b8b259e2438049417b96cfc00e841.pdf,pdf_flat,a587035f-4132-4646-b6ba-60d2d7b308fb,,extracted,,tier4_docling
166124,College of the Holy Cross,college-of-the-holy-cross,2023-24,https://drive.usercontent.google.com/download?id=1mpXu3K_GDSpwTZbnMCKaHlM4jee1QGI3&export=download,https://api.collegedata.fyi/storage/v1/object/public/sources/college-of-the-holy-cross/2023-24/29516a4a3b76fe8b224f3479d4fb967fd93711b50352dcc93c51cd5345746959.pdf,pdf_flat,7c3f339e-76be-4be4-a9f2-c719269c3ce1,,extracted,,tier4_docling
247834,Collin County Community College District,collin-county-community-college-district,2023-24,https://www.collin.edu/about/statistics/pdf_common_data_set/cds-2023-2024-collin-college.pdf,https://api.collegedata.fyi/storage/v1/object/public/sources/collin-county-community-college-district/2023-24/cc24bf4a34cc03a000569e70fc0f2320e70da4dbc1e6076e191e08079d4fa736.pdf,pdf_flat,dc8d92b3-ae68-4ee3-8247-8c9429c5d5c8,,extracted,,tier4_docling
126678,Colorado College,colorado-college,2024-25,https://drive.usercontent.google.com/download?id=1p0TnSu0PlZq7aAOmPeu7z1K55ZpNW9jj&export=download,https://api.collegedata.fyi/storage/v1/object/public/sources/colorado-college/2024-25/4d38d6df476bef0578e6744d8b67a2a92f80283d7108e29be382da6fe444ddaa.pdf,pdf_flat,0ffc1ec9-5a3a-4857-a24d-8147f5900289,,extracted,,tier4_docling
127556,Colorado Mesa University,colorado-mesa-university,2024-25,https://drive.usercontent.google.com/download?id=104HAlHr6kClPur16ZTVt4jsCL8kyb04S&export=download,https://api.collegedata.fyi/storage/v1/object/public/sources/colorado-mesa-university/2024-25/e01f3b58b9bd3be02c9526a71bcdd2bd79d22c8e05013ade3d116b6e9dc8f60d.pdf,pdf_flat,59440700-4604-476e-b0ae-70e02d943a8b,,extracted,,tier4_docling
128106,Colorado State University Pueblo,colorado-state-university-pueblo,2025-26,https://www.csupueblo.edu/institutional-research/_doc/2024-2025-data-set/cds_2025-2026_section-a_general-information.pdf,https://api.collegedata.fyi/storage/v1/object/public/sources/colorado-state-university-pueblo/2025-26/0d81997fb3fae83428e2454c0155884078b1acd595fd6609b03f89d59922d4db.pdf,pdf_flat,57386648-a202-465a-b635-985098762dc6,,extracted,,tier4_docling
217934,Columbia College,columbia-college,2023-24,https://www.ccis.edu/_files/directory/institutional-research/cds-2023-2024-pdf.pdf,https://api.collegedata.fyi/storage/v1/object/public/sources/columbia-college/2023-24/281d5bd1165f0af7e4801b5f97f899b387951c3e1de6cf78c647d1b066696968.pdf,pdf_flat,0294c55a-d9e4-4b06-89ea-a1c8ba3ac958,,extracted,,tier4_docling
144281,Columbia College Chicago,columbia-college-chicago,2024-25,https://about.colum.edu/effectiveness/columbia-college-chicago-cds_2024_2025-final-2-12-2025-publish-ready.pdf,https://api.collegedata.fyi/storage/v1/object/public/sources/columbia-college-chicago/2024-25/46995b8004b01a13433e80d42e7487b787885e62a2dc0ccc4b0dff7c348a33fb.pdf,pdf_flat,a5f21f69-1b8b-42d4-97c7-725e3a9358b5,,extracted,blank_template,tier4_docling
190150,Columbia University in the City of New York,columbia,2024-25,https://opir.columbia.edu/sites/opir.columbia.edu/files/content/Common%20Data%20Set/2024-25_Columbia_College_and_Columbia_Engineering_CDS.pdf,https://api.collegedata.fyi/storage/v1/object/public/sources/columbia/2024-25/fe3e8435013bcffd091d329f19efbdfb3c9f187371fe571a051f235157552527.pdf,pdf_flat,452cd26b-ac37-4411-b6b9-0664a55188ce,,extracted,,tier4_docling
237330,Concord University,concord-university,2024-25,https://www.concord.edu/wp-content/uploads/CDS_2024-2025_ConcordUniversity.pdf,https://api.collegedata.fyi/storage/v1/object/public/sources/concord-university/2024-25/30011123a007ba6ba309d92fdabbfe510095a64fc98310ea644710f8f9174477.pdf,pdf_flat,4679c896-f151-42d7-acbf-bb2192ceabd3,,extracted,blank_template,tier4_docling
128902,Connecticut College,connecticut-college,2025-26,https://www.conncoll.edu/media/Common-Data-Set-2025-26.pdf,https://api.collegedata.fyi/storage/v1/object/public/sources/connecticut-college/2025-26/e21d4074365b3989e67e59402495803258ed5343c15867f5b29dfa6b85d42cae.pdf,pdf_flat,5c9cc96e-dc1a-43dc-871d-99bf7716f07a,,extracted,,tier4_docling
190415,Cornell University,cornell,2025-26,https://irp.cornell.edu/wp-content/uploads/2026/09/CDS-Cornell-2025-2026-v2.xlsx,https://api.collegedata.fyi/storage/v1/object/public/sources/cornell/2025-26/26f98228a37d98edd12330707ec8a1985aef601c94bca90ae254a25c32aa1c60.xlsx,xlsx,99de4308-8be2-4a7c-909f-b611dcd6973d,,extracted,,tier1_xlsx
181002,Creighton University,creighton-university,2024-25,https://drive.usercontent.google.com/download?id=19HfgYpxmfyQUsSnaLws8Kz29PWnAHwny&export=download,https://api.collegedata.fyi/storage/v1/object/public/sources/creighton-university/2024-25/f58cc3ee44a49141715e48b769b96ea4f47a666c67971cf049e0712463b289c4.pdf,pdf_flat,3c0e750d-3588-42fc-b276-8192908e5713,,extracted,,tier4_docling
190725,Daemen University,daemen-university,2024-25,https://www.daemen.edu/sites/daemen/files/CDS%202024-2025_Final_Daemen_University.xlsx,https://api.collegedata.fyi/storage/v1/object/public/sources/daemen-university/2024-25/a053367b2633e0628d0dc908a707bd12a971df5078f49d2c5fec4968322e5bfa.xlsx,xlsx,acb08402-3575-4f37-ab3a-ae06c99f2ce1,,extracted,,tier1_xlsx
219082,Dakota State University,dakota-state-university,2025-26,https://blogs.dsu.edu/wp-content/uploads/sites/19/2026/04/CDS_2025-2026-Dakota-State-University_for-Publication.pdf,https://api.collegedata.fyi/storage/v1/object/public/sources/dakota-state-university/2025-26/dc7c207c70a9256430643650e1737d5e9c029a3550a711ed861f7a11c8556b47.pdf,pdf_flat,c992f69c-8529-4611-bb04-295824cd930b,,extracted,,tier4_docling
182670,Dartmouth College,dartmouth,2025-26,https://www.dartmouth.edu/oir/pdfs/cds_2025-26.pdf,https://api.collegedata.fyi/storage/v1/object/public/sources/dartmouth/2025-26/bee40012342c4241bf00acfb0532a11a29a2029dcd138a40ac4fb0b940d70329.pdf,pdf_flat,66beaf1b-6acb-4734-888e-0cb26b9b1fc0,,extracted,,tier4_docling
198385,Davidson College,davidson-college,2025-26,https://www.davidson.edu/media/9718/download?attachment,https://api.collegedata.fyi/storage/v1/object/public/sources/davidson-college/2025-26/92dd8f0fd848dc8cfbd96b872b3415da4343b13bdaa58150ab98b3713f7d9377.pdf,pdf_fillable,bc09723a-b3cd-4a38-9a7b-5cc103624caa,,extracted,,tier2_acroform
144740,DePaul University,depaul-university,2024-25,https://drive.usercontent.google.com/download?id=1IdI_x1wH_nknqoRgU9P49Wvq7XZBO1Rb&export=download,https://api.collegedata.fyi/storage/v1/object/public/sources/depaul-university/2024-25/07e1750f962fe9179aeffbe6a77afecf60021feb4a786ade8a9602c91dcf5215.pdf,pdf_fillable,09667a5a-6153-4856-b96b-1c6027e9404b,,extracted,,tier2_acroform
150400,DePauw University,depauw-university,2024-25,https://drive.usercontent.google.com/download?id=1H0BDWS4g91wjnlSqI9HfncCRb9rTBud2&export=download,https://api.collegedata.fyi/storage/v1/object/public/sources/depauw-university/2024-25/2e65c89c770df21d84d572f5cf235a9aed93fcf9fabf04b69789347ded9daf17.pdf,pdf_flat,77173772-96ea-463f-bb28-96b2dc04d182,,extracted,,tier4_docling
210739,DeSales University,desales-university,2024-25,https://www.desales.edu/_files/pdfs/ier/CDS_2024-2025_FINAL.pdf,https://api.collegedata.fyi/storage/v1/object/public/sources/desales-university/2024-25/28f3dca1c712925ca7c7a513595695eb8fb62368dde4191bbb679921d271a016.pdf,pdf_flat,bfd51469-7aa8-431b-82c5-973bb55f840b,,extracted,,tier4_docling
130934,Delaware State University,delaware-state-university,2025-26,https://www.desu.edu/sites/flagship/files/common-data-set.pdf,https://api.collegedata.fyi/storage/v1/object/public/sources/delaware-state-university/unknown/eb47b091ff4280a2a11e88d3616b513253be783f178495310af67c4223702210.pdf,pdf_flat,a3f67cc5-0a19-4ade-b620-da3c3f3d39e4,,extracted,,tier4_docling
202523,Denison University,denison-university,2024-25,https://drive.usercontent.google.com/download?id=1gmNXk-Ziz_x3o1ybWE3CAhrRtckOryqU&export=download,https://api.collegedata.fyi/storage/v1/object/public/sources/denison-university/2024-25/6c2a483c4c7c3e2aec2cd4316cafe1ff4ab346b1b4171423074ac12d0e28eb3d.pdf,pdf_flat,e1e96293-b323-4aa3-b287-b55e796ac621,,extracted,,tier4_docling
212009,Dickinson College,dickinson-college,2024-25,https://drive.usercontent.google.com/download?id=1EBQXWzp_k2jN1JV9edCVRVTziRIB5Zfp&export=download,https://api.collegedata.fyi/storage/v1/object/public/sources/dickinson-college/2024-25/46698259bebb83f1a261c00e0adf2e6a34f79a3347b4ae5d8d27f1908abf67e6.pdf,pdf_flat,9b736e6f-89d6-4a7a-b216-b1e59ef931d2,,extracted,,tier4_docling
148496,Dominican University,dominican-university,2025-26,https://www.dom.edu/sites/default/files/2026-01/OIE_CDS_2025-2026_Final_12_11_25.pdf,https://api.collegedata.fyi/storage/v1/object/public/sources/dominican-university/2025-26/4687397778e949c57c1e1d8beec90854d19933a1eb680d79ab0f533c788f6554.pdf,pdf_flat,4b8ebbf2-aeb2-4657-b5e0-3688529119c0,,extracted,,tier4_docling
113698,Dominican University of California,dominican-university-of-california,2024-25,https://www.dominican.edu/sites/default/files/2021-12/CDS_2021-2022_Dominican%20University%20of%20California.pdf,https://api.collegedata.fyi/storage/v1/object/public/sources/dominican-university-of-california/2021-22/41da0b8792270821fc3bf73b3d8de15ad6c4fc547edfee33e36621cd3869791c.pdf,pdf_flat,25c6b4d8-548b-4196-b92c-7cb76ed00690,,extracted,,tier4_docling
212054,Drexel University,drexel,2025-26,https://drexel.edu/institutionalresearch/~/media/Drexel/Provost-Group/InstitutionalResearch/Documents/Factbook/CDS_2025-2026.pdf,https://api.collegedata.fyi/storage/v1/object/public/sources/drexel-university/2025-26/13902318eea34084eb6d364f72328668dc7850fe7ce90e2e992118f546e6ecd3.pdf,pdf_flat,fcb49adf-18ee-4e1d-bf05-f621dc4301be,,extracted,,tier4_docling
177214,Drury University,drury-university,2023-24,https://www.drury.edu/wp-content/uploads/files/academic-affairs/pdf/institutional_research/CDS_2023-2024_DruryU.pdf,https://api.collegedata.fyi/storage/v1/object/public/sources/drury-university/2023-24/fc09e364f93023466d7fdc9417012e41177efbd8da628e671f93e2d3c17e526d.pdf,pdf_flat,e325c366-b665-4ea3-8a1c-ea4106a11a7a,,extracted,,tier4_docling
492801,Drury University-College of Continuing Professional Studies,drury-university-college-of-continuing-professional-studies,2023-24,https://www.drury.edu/wp-content/uploads/files/academic-affairs/pdf/institutional_research/CDS_2023-2024_DruryU.pdf,https://api.collegedata.fyi/storage/v1/object/public/sources/drury-university-college-of-continuing-professional-studies/2023-24/fc09e364f93023466d7fdc9417012e41177efbd8da628e671f93e2d3c17e526d.pdf,pdf_flat,87e077b0-1cc6-4e71-8a2d-20940d7b40c3,,extracted,,tier4_docling
198419,Duke University,duke,2025-26,https://ir.provost.duke.edu/sites/default/files/CDS_PDF_2025-2026-20260622-website-published-version.pdf,https://api.collegedata.fyi/storage/v1/object/public/sources/duke/2025-26/02bc901279a6d275cb31a4751171ff34df4fad6f134ae651b52a252b9bb7fd23.pdf,pdf_flat,5e3c1cbf-f2b4-4167-8170-c69cc5152303,,extracted,,tier4_docling
212106,Duquesne University,duquesne-university,2025-26,https://www.duq.edu/documents/institutionalresearch/cds-2025-2026.pdf,https://api.collegedata.fyi/storage/v1/object/public/sources/duquesne-university/2025-26/14ed6adaf27473f2ab44c2a8987274a906adcfe7700b805d208f0fc90de5cfe2.pdf,pdf_flat,540d95dd-d9ac-4e6d-b59a-851e22342e2c,,extracted,,tier4_docling
150455,Earlham College,earlham-college,2024-25,https://earlham.edu/wp-content/uploads/2025/01/CDS-2024-2025-PDF.pdf,https://api.collegedata.fyi/storage/v1/object/public/sources/earlham-college/2024-25/ad276bc9331ab894c24c3261425e03e61ad02bf992823c3267fb51110935e089.pdf,pdf_fillable,79e5d8cc-e980-4818-a79c-882cbdd0e920,,extracted,,tier2_acroform
198464,East Carolina University,east-carolina-university,2024-25,https://drive.usercontent.google.com/download?id=1de7FH5I8a0USlrRfFV2PKBJkznEwifZV&export=download,https://api.collegedata.fyi/storage/v1/object/public/sources/east-carolina-university/2024-25/0fdf5a0ea1434ca2290dcf9b0ba18468206db3d2238efb8e878d17d1b3a3df89.pdf,pdf_flat,fd1cbf22-6c24-4213-bf46-be031312733b,,extracted,,tier4_docling
224554,East Texas A&M University,texas-a-and-m-university-commerce,2025-26,https://www.etamu.edu/wp-content/uploads/2026/07/CDS_2025-2026-2.pdf,https://api.collegedata.fyi/storage/v1/object/public/sources/texas-a-and-m-university-commerce/2025-26/adcef0261474df4af0eaff5727b903ef8ae7cfe8ade035ede8b7d376aeefc72b.pdf,pdf_fillable,d31a0ee7-5275-4219-891b-f50f82e60466,,extracted,,tier2_acroform
129215,Eastern Connecticut State University,eastern-connecticut-state-university,2025-26,https://www.easternct.edu/planning-and-institutional-research/_documents/cds-2025-26a.pdf,https://api.collegedata.fyi/storage/v1/object/public/sources/eastern-connecticut-state-university/2025-26/3885e395ae90fac47b4abfdb961d9f510999e7e8105ac96f38f8be6b7ef3ff0c.pdf,pdf_flat,e355d224-0e7f-4e5a-a939-e86d41cf9834,,extracted,,tier4_docling
232043,Eastern Mennonite University,eastern-mennonite-university,2025-26,https://emu.edu/ir/docs/EMU%20CDS%202025-2026%20public.pdf,https://api.collegedata.fyi/storage/v1/object/public/sources/eastern-mennonite-university/2025-26/5595063dff4040894b7ef793dab11d50fb2c64ca9c8677aee069a033308cabfc.pdf,pdf_flat,e51f3ec8-27db-41ac-9d2b-04de737dcac8,,extracted,low_coverage,tier4_docling
169798,Eastern Michigan University,eastern-michigan-university,2025-26,https://www.emich.edu/irim/documents/common-data-sets/cds2025v3.pdf,https://api.collegedata.fyi/storage/v1/object/public/sources/eastern-michigan-university/2025-26/4d202f782d88edbb45019b9418af2ef981c5b09a1bc618402f60f3b482b21c7d.pdf,pdf_flat,3e3cab87-e131-489a-8698-88cb849e1ce4,,extracted,,tier4_docling
208646,Eastern Oregon University,eastern-oregon-university,2025-26,https://static.eou.edu/ir/CDS/CDS_2025_26.pdf,https://api.collegedata.fyi/storage/v1/object/public/sources/eastern-oregon-university/2025-26/8ba210fb7667c74111be01baf9c66f55cb7ca91a58f353323b5e4e5efe25ca29.pdf,pdf_fillable,bd96b258-11c2-4257-827f-4c104e56127d,,extracted,,tier2_acroform
231970,Eastern Virginia Medical School,eastern-virginia-medical-school,2025-26,https://www.odu.edu/sites/default/files/2026/documents/cds-2025-2026.pdf,https://api.collegedata.fyi/storage/v1/object/public/sources/eastern-virginia-medical-school/2025-26/189c7f2c99968acebd62782369f6af3b74566b7ae26a4df61a9eda9239205d64.pdf,pdf_flat,212a6808-a709-468f-82da-44ed224026d4,,extracted,,tier4_docling
235097,Eastern Washington University,eastern-washington-university,2025-26,https://inside.ewu.edu/institutional-research/wp-content/uploads/sites/65/2026/05/CDS-EWU-2025-2026-FINAL.pdf,https://api.collegedata.fyi/storage/v1/object/public/sources/eastern-washington-university/2025-26/0f5b9390b91de84f0ee7197f96f432fb5037857df12055475c3047a6605031eb.pdf,pdf_flat,e22884cf-1481-4aca-9442-b33c9e634541,,extracted,,tier4_docling
133492,Eckerd College,eckerd-college,2024-25,https://drive.usercontent.google.com/download?id=0B1YlcpfxYuReWkE4NzlQUnFiamM&export=download,https://api.collegedata.fyi/storage/v1/object/public/sources/eckerd-college/2024-25/9db1bf240d2555b33349519c22da682b1d0965da0565acdb07937b6828f8c9df.pdf,pdf_fillable,2368b6f1-5318-4f4b-bfd2-9b4213a2c6b1,,extracted,,tier2_acroform
198516,Elon University,elon-university,2024-25,https://doc-08-60-sheets.googleusercontent.com/export/54bogvaave6cua4cdnls17ksc4/meqpl9sf0vh5q90iq222eh13og/1776619620000/105250506097979753968/*/1n6Ohmk5B6OiXXih1maoo5WrVydFrBr3c?format=xlsx,https://api.collegedata.fyi/storage/v1/object/public/sources/elon-university/2024-25/302c30fa11e84f1aae3a1f2949cbfe9c1239c396c55ba55cc51e70cd7e5fe127.xlsx,xlsx,2438bb2b-0e59-4066-98f3-86ff991cd091,,extracted,,tier1_xlsx
139658,Emory University,emory,2024-25,https://provost.emory.edu/planning-administration/_includes/documents/sections/institutional-data/emory-common-data-set-2024-2025.pdf,https://api.collegedata.fyi/storage/v1/object/public/sources/emory/2024-25/b577d9176627222744841d50dff23e4b9a4538065cd30d616c9dafd07e972785.pdf,pdf_flat,31424f7b-354f-46e3-a4be-ca4b30624490,,extracted,,tier4_docling
129242,Fairfield University,fairfield-university,2024-25,https://drive.usercontent.google.com/download?id=1ISj2X8bGe3-Nltk9Sbe6vjfz3cQ6-ZFf&export=download,https://api.collegedata.fyi/storage/v1/object/public/sources/fairfield-university/2024-25/7e089f822dbadea55d28c72b99ce2693b2f928b160ba55b86748c36de993d63b.pdf,pdf_flat,5b7aec8c-4ef4-43cf-8712-e2cd13c63d89,,extracted,,tier4_docling
184694,Fairleigh Dickinson University-Florham Campus,fairleigh-dickinson-university-florham-campus,2024-25,https://www.fdu.edu/wp-content/uploads/2025/04/2024-25-Common-Data-Set-University.pdf,https://api.collegedata.fyi/storage/v1/object/public/sources/fairleigh-dickinson-university-florham-campus/2024-25/964372179d038f5f6078602ff46ead6730f0376bafc74cc5c83815ecbf711a9b.pdf,pdf_flat,40df167c-f911-4e9d-ac74-85cbdcb22bbf,,extracted,,tier4_docling
184603,Fairleigh Dickinson University-Metropolitan Campus,fairleigh-dickinson-university-metropolitan-campus,2024-25,https://www.fdu.edu/wp-content/uploads/2025/04/2024-25-Common-Data-Set-University.pdf,https://api.collegedata.fyi/storage/v1/object/public/sources/fairleigh-dickinson-university-metropolitan-campus/2024-25/964372179d038f5f6078602ff46ead6730f0376bafc74cc5c83815ecbf711a9b.pdf,pdf_flat,9ece97f5-8807-4579-8f33-234648ee1c95,,extracted,,tier4_docling
196042,Farmingdale State College,farmingdale-state-college,2024-25,https://www.farmingdale.edu/institutional-research/pdf/cds_2024-2025_fsc.pdf,https://api.collegedata.fyi/storage/v1/object/public/sources/farmingdale-state-college/2024-25/0c0ee6b1f42ef5e3299f51e932fde16a934816fd0679a4793a66c791cd9cd07a.pdf,pdf_flat,98a3ee07-e71c-4e06-a582-919db393fa0b,,extracted,,tier4_docling
169910,Ferris State University,ferris-state-university,2025-26,https://www.ferris.edu/admissions/testing/resources/common/CDS2025-2026.pdf,https://api.collegedata.fyi/storage/v1/object/public/sources/ferris-state-university/2025-26/fddbe8d7e3b482c157f40af4e35ce5626660aa300b8e0ede75aa6bd2476b388a.pdf,pdf_flat,cc85f34e-30fa-4db7-928a-05858dfcb408,,extracted,low_coverage,tier4_docling
165820,Fitchburg State University,fitchburg-state-university,2024-25,https://www.fitchburgstate.edu/sites/default/files/documents/2026-05/IRP-CDS20252026-A.pdf,https://api.collegedata.fyi/storage/v1/object/public/sources/fitchburg-state-university/unknown/a24b73285025f8284a62b519db011b36595b2b0bc6f1147117810ee840eecd97.pdf,pdf_flat,5f083d60-fce7-4620-bc34-afd4fc0d6c99,,extracted,,tier4_docling
133711,Flagler College,flagler-college,2023-24,https://www.flagler.edu/sites/default/files/2024-12/CDS%202023-2024.pdf,https://api.collegedata.fyi/storage/v1/object/public/sources/flagler-college/2023-24/48669f323379d8ce09363ffb75fbbc0251528c74a696ef933b0e8570ab495fe1.pdf,pdf_flat,d4e85bf2-1b16-4912-9baa-e5ff5e9855a8,,extracted,,tier4_docling
133650,Florida Agricultural and Mechanical University,florida-agricultural-and-mechanical-university,2025-26,https://www.famu.edu/administration/strategic-planning-analysis-and-institutional-effectiveness/institutional-research/surveys/pdf/cds/CDS_2025-2026.pdf,https://api.collegedata.fyi/storage/v1/object/public/sources/florida-agricultural-and-mechanical-university/2025-26/ca5c8aa67997d2391faf7a535f6c5e4b584ad030d3e614d6adee945051a31378.pdf,pdf_flat,88c140e5-bb66-477e-a0b8-3a8c1156c725,,extracted,,tier4_docling
133669,Florida Atlantic University,florida-atlantic-university,2024-25,https://www.fau.edu/iea/documents/pdf/cds/cds-2024-2025.pdf,https://api.collegedata.fyi/storage/v1/object/public/sources/florida-atlantic-university/2024-25/6b4aa19fa780a2fda4fd06043f1391b13ec7e37b8e7fe6923f6d7e3d808b3daf.pdf,pdf_flat,c3d5df48-f829-45ad-ba03-102e5dfa76d3,,extracted,,tier4_docling
433660,Florida Gulf Coast University,florida-gulf-coast-university,2024-25,https://drive.usercontent.google.com/download?id=1adQcqwkHToXN9XmWPSjI48GFgTTrV0ag&export=download,https://api.collegedata.fyi/storage/v1/object/public/sources/florida-gulf-coast-university/2024-25/b54150269de820708c0d1582be524368d14091503fbe90c64988057512070b5d.pdf,pdf_flat,5914e53a-c95d-46cb-bac6-17db8daacbe6,,extracted,,tier4_docling
133881,Florida Institute of Technology,florida-institute-of-technology,2024-25,https://drive.usercontent.google.com/download?id=1_XxPcyrnq6Z6X7IjQD3jAL5kcDH3wn8l&export=download,https://api.collegedata.fyi/storage/v1/object/public/sources/florida-institute-of-technology/2024-25/970be26d081d77db865eedc4ebfc6b6e91535698fa7b516a28cd667d429ca75d.pdf,pdf_flat,bc073508-c771-4c11-bf23-09ea9426e0c4,,extracted,,tier4_docling
133951,Florida International University,florida-international-university,2024-25,https://aim.fiu.edu/cds/CDS2024.pdf,https://api.collegedata.fyi/storage/v1/object/public/sources/florida-international-university/unknown/97b668cfab53d6f4b81812ccd2a60a0c4da2200c10468b30b20837ab75530709.pdf,pdf_flat,5547814b-7b28-4383-a345-db8de786da76,,extracted,,tier4_docling
482936,Florida Polytechnic University,florida-polytechnic-university,2023-24,https://floridapoly.edu/wp-content/uploads/2025/09/cds_flpoly_2023_2024_04302024_final.pdf,https://api.collegedata.fyi/storage/v1/object/public/sources/florida-polytechnic-university/2023-24/0cab59b8c38039fd45211449247ee1a2a3e6a9d6a93627c5dd18114f82c6d19d.pdf,pdf_flat,59412561-1170-4c27-9b0e-dc4b6f75f010,,extracted,,tier4_docling
134097,Florida State University,florida-state-university,2024-25,https://doc-04-60-sheets.googleusercontent.com/export/54bogvaave6cua4cdnls17ksc4/5f3mntjsc4n1ritc37226ugp0c/1776619645000/105250506097979753968/*/17Isyj97KmpEnRJdjC4ZgrKWK5RxEGHe0?format=xlsx,https://api.collegedata.fyi/storage/v1/object/public/sources/florida-state-university/2024-25/715803f8da01b8191ac10f95ed1a88bd0f66b4aa28c9a8a03714b86c51975353.xlsx,xlsx,d22cd76d-d145-4d5f-90c1-c5834c9c5336,,extracted,,tier1_xlsx
441982,Franklin W Olin College of Engineering,franklin-w-olin-college-of-engineering,2023-24,https://drive.usercontent.google.com/download?id=1ozXKVHV9qsewEEZROvNH25ldoAKsmSnt&export=download,https://api.collegedata.fyi/storage/v1/object/public/sources/franklin-w-olin-college-of-engineering/2023-24/2a9be47ae9add4def6cf409dfdfe6ce2b194c26c48b4cdb78101b1c6ebc44384.pdf,pdf_flat,8772c834-a0ad-4fef-b387-c1b2d2ad05b3,,extracted,,tier4_docling
212577,Franklin and Marshall College,franklin-and-marshall-college,2024-25,https://www.fandm.edu/_resources/pdfs/IR_CDS%202024-25.pdf,https://api.collegedata.fyi/storage/v1/object/public/sources/franklin-and-marshall-college/2024-25/ff15365878a3e651c6acd7773b613bc9168f220fe44243212ce27da6eb1dd4c9.pdf,pdf_flat,8cb38a27-67c0-4952-aeca-bd6c797ff8a4,,extracted,,tier4_docling
127200,Front Range Community College,front-range-community-college,2024-25,https://www.frontrange.edu/_resources/docs/about-frcc/ir-student-data/FRCC%202024-2025%20CDS-remediated.pdf,https://api.collegedata.fyi/storage/v1/object/public/sources/front-range-community-college/2024-25/8fd7f53b8432a3e1241c5ae12c9a826e2eb0cd1f37c19c16994d3548647b3d13.pdf,pdf_flat,d57ecc9e-4b6f-4e78-9f81-5d7df94baafc,,extracted,,tier4_docling
162584,Frostburg State University,frostburg-state-university,2025-26,https://www.frostburg.edu/archive/_files/pdf/institutional-research/cds-2025-26.pdf,https://api.collegedata.fyi/storage/v1/object/public/sources/frostburg-state-university/2025-26/520d7414b72170de129595344b1cff6e0ab9f87b3eb01b91d7491b72585c2a27.pdf,pdf_fillable,e9bf1b36-2a36-4f04-9a7c-d4489d4e6418,,extracted,,tier2_acroform
218070,Furman University,furman-university,2024-25,https://doc-10-60-sheets.googleusercontent.com/export/54bogvaave6cua4cdnls17ksc4/j20e8giiadlssaa3et60fjn3ug/1776619655000/105250506097979753968/*/1BO6xSq-tUWgk1Xb9tAS3cHPTlvCl6G3c?format=xlsx,https://api.collegedata.fyi/storage/v1/object/public/sources/furman-university/2024-25/c7642437df54fd39afaa0a45a0f3ee7901b4441c3a422dc8ef9cab6d0e3a086e.xlsx,xlsx,05e0aad9-8317-4614-a8a2-e2199e0156e7,,extracted,,tier1_xlsx
232186,George Mason University,george-mason-university,2024-25,https://oiep.gmu.edu/wp-content/uploads/2026/01/2024-2025-CDS-Final_Updated-after-Summer.pdf,https://api.collegedata.fyi/storage/v1/object/public/sources/george-mason-university/2024-25/77c73861ac03aa72b7061e905061af9da005fe86184928d62390edcbab8544ad.pdf,pdf_fillable,54d8a54a-15de-4a10-8962-b9e47f0eca06,,extracted,,tier2_acroform
131469,George Washington University,gwu,2025-26,https://irp.gwu.edu/sites/g/files/zaxdzs6056/files/2026-08/CDS-2025-2026.pdf,https://api.collegedata.fyi/storage/v1/object/public/sources/gwu/2025-26/d6671f954f2554f2105a7b961d04dbe51186476e8ebf7958c1e201d24e9080b5.pdf,pdf_fillable,bc3ac125-aa36-40d4-a687-3653d9c9b802,,extracted,,tier2_acroform
131496,Georgetown University,georgetown,2025-26,https://public.boxcloud.com/d/1/b1!dkYk-22mQyscGnUwUUATjKPsf_PRcqRs765qsGy2pxuCXsK4j4hEkJ-ZlzeJVFCFI1hpYsoaT9QtBJ7SwG4XnbQDkRfF_GfpLA3Gjx5HCh9OtoRN5nYtwmYIlcaMC7X8DIXUhUdSN1n_lUxbS6W5b1zNN7dZcjkqQEtRhJ0IshGfuJM7Eg-Pu-kUan2nYF2fusmGYX9O9qfOjn7qKr8wtWWdDlLVSyC8J8eKYmooYO6U0Al47mGKlNeQgGj5RcUPEVnVxiMUIDE9MHdhhnjXFLpybvggviFa2PNDgWrWIJ5zHfXTp_h8roOWl7CZTUvoU9vsSpVKXj_D0XKe-sz-jz6z9RergWk1Mu1MoTVZ6ktK5tFY_8JiK62LkGriKjkPIAl1xoK42Pcjj3zWwt7lfNMj4YcGKUUUcCAWbSXQ5vZGY69xMhiZjeWNM8iFGoS5K7VpYhC7zev2_wlQFd3UBlxZK3HKc5YrHWqBFroFeoJM5qkEpoM6Y20kwdqxWeuM6yQTMBQOTBXrAE4usx9afanOUkqmJqTWaF6JgJGV_TsLY1Vu0K-NkeN_hHBGe7hlI7Ws1U_fuTFa82FgYwdS70it23SuolzT6pvkubbkvRc51GoVmdVGFFwOiHFaAihArIZqKNGM020v4sKtxJN9sNRB-RW32TdYoUHtjDAlW7Pfa8zO7TFZ27izBBuwKD0YQnx3O9gMTJTMcl0chQEyJ4Sl4nSwnKrda0g7JmbF1cOzsXdzpIBowpxpweugsHoMkEimWbGxOOmcFSLbHbwM0DQiavHsyS8xOiJc-fdta0PPoHtt6jYpygsddlh4JWzsvUsAWLBGNnxkJR8KLIRKQ3Vo8QOvtw8BZdRE_6XjvIUHV8vnKbiraiWQgAe0aNTzBUa9KzgYfB1QXMkHVYOYWpqhJP3iJ0jk0N21FrShlrKSPxWVFN-K5haeMMRqjYzPHO1z_LrI6H3DyRGpvdl95QbG0V6gYVKsT1dx3I9d5VrTxQdFXNzEQ_ebzhhSlUcOCMav38ghh59ItB-yZq0s5mKpndiW1jqXzbpvuNReCelwZJPVBONiSJG33U5YJtfVCoJJxVvF5wEdj5sHNXrC4IZrWxnAJbz4xiDn3hDKG92GA3SOkAW_O8dpaZGiJbPjshcPt1GC3kB4zIEa6M_WEtO57i9LvFg8IOYTkx7_NJO4ZM_qFYwjjgtXMNs5AYgY0FVFAv485XbCDX2mElZh0S99bwZoYFr4A3mPGKS3L3tAbJSAPZISv_Nz5cN0blo7Ff5Q68fKyfQ1fK-PAmSQfj62PRKfSBHQFdYgdait7JZFLj-yT3q4GD5Hy7AwDHL5qnJ3ewXhq8XhYn5RAjLP1z_D1xGqTYvG38QK6R5RRpJ2a-FX4RafFZHzWt29Y8QgDFncRkeNpcK0XFcb2ZK8FtTRIwpBjzwX-sFo4O62wXnUM4vhWDmq-5LmTsLFnf3pevyq6IVwJUudlqqBcN8UknUSprltG4HxdJ6vFIEZ9lqIEyNAVNOWX85yvb471z15MXOFa2iFVNbdsbxrry-6jrfFbu4QFADD9V7m-K91HFrVTGOaf6J4v0zj/download,https://api.collegedata.fyi/storage/v1/object/public/sources/georgetown-university/2025-26/7166516c352f733179a65dd9af5e266829ff0b09f396fcfd779c007f30bb9571.pdf,pdf_flat,4b1dedaf-8e62-467c-b1f2-c393d23f8205,,extracted,,tier4_docling
447689,Georgia Gwinnett College,georgia-gwinnett-college,2025-26,https://www.ggc.edu/sites/default/files/2026-07/CDS_2025-2026_GGC%20Data.pdf,https://api.collegedata.fyi/storage/v1/object/public/sources/georgia-gwinnett-college/2025-26/bdedc1db8632a5c406ee5996cf8b72dd240ca278495be9fae93ccbbaa1abfc73.pdf,pdf_flat,a2fa219e-efc9-4625-bc42-8b5ee54f5835,,extracted,,tier4_docling
139755,Georgia Institute of Technology-Main Campus,georgia-tech,2025-26,https://irp.gatech.edu/sites/default/files/CDS/CDS_2025-2026_FINAL_R4_03JUN2026.pdf,https://api.collegedata.fyi/storage/v1/object/public/sources/georgia-tech/2025-26/598830d23246891448e3859e3ae961274984cd31161980280d2293737af25a68.pdf,pdf_flat,afafadc6-324d-464e-9542-f34a35b7764b,,extracted,,tier4_docling
139940,Georgia State University,georgia-state-university,2024-25,https://drive.usercontent.google.com/download?id=1Ap8NU-yVvU59DFPiAZjkIhQ0ldcLS6oB&export=download,https://api.collegedata.fyi/storage/v1/object/public/sources/georgia-state-university/2024-25/53cb2169d5412b78d0a413fa77904e84dfc7023685868f30dc9baa2e7d4dbb2e.pdf,pdf_flat,1f914464-1f2c-4668-8717-61dcd8a808d0,,extracted,,tier4_docling
212674,Gettysburg College,gettysburg-college,2024-25,https://www.gettysburg.edu/offices/institutional-research/pdfs/2025/cds_2024-2025_final.pdf,https://api.collegedata.fyi/storage/v1/object/public/sources/gettysburg-college/2024-25/4fe5b69c2522a860de42fcc0b148926fb5813256bd2d22904d60d12f09d79cca.pdf,pdf_flat,cb8b0615-88d3-462f-b667-bc8e2a565daa,,extracted,,tier4_docling
235316,Gonzaga University,gonzaga-university,2024-25,https://drive.usercontent.google.com/download?id=190xggcmt8TabAu-esMgX8_A5asG1Yf4p&export=download,https://api.collegedata.fyi/storage/v1/object/public/sources/gonzaga-university/2024-25/30060ee569806c2ff5d971b1bcf70f689f83f81df10f59abf2134607c1509bd5.pdf,pdf_flat,1bb631c6-f03a-46fa-9b9f-709e3b96c67e,,extracted,,tier4_docling
162654,Goucher College,goucher-college,2024-25,https://www.goucher.edu/institutional-effectiveness/documents/CDS_2024_2025.pdf,https://api.collegedata.fyi/storage/v1/object/public/sources/goucher-college/2024-25/b9078beb800846bedaa87aa72f0ed3da2bc72b66b090d5e3b652617ab3db9e68.pdf,pdf_flat,4abda950-1c8f-415a-9a11-01920d4c44d3,,extracted,low_coverage,tier4_docling
145336,Governors State University,governors-state-university,2023-24,https://www.govst.edu/uploadedFiles/About/University_Governance/gsu/CDS_2023-2024.pdf,https://api.collegedata.fyi/storage/v1/object/public/sources/governors-state-university/2023-24/e868387e08b5857796059802b7b433c614ca9233ecb5690ce30f75345d463dd3.pdf,pdf_flat,cb662817-a964-4d8e-b2ab-e783300406af,,extracted,,tier4_docling
170082,Grand Valley State University,grand-valley-state-university,2025-26,https://www.gvsu.edu/cms4/asset/EFAB4AD2-A926-8D16-A5685AB71E0C7DC3/cds_2025-2026.xlsx,https://api.collegedata.fyi/storage/v1/object/public/sources/grand-valley-state-university/2025-26/fc087077624f15584a089ad852b4c7a9ab5d34b223e40299e213166c6d3908d1.xlsx,xlsx,b0541435-2885-4932-b7a0-d29fe8635231,,extracted,,tier1_xlsx
153384,Grinnell College,grinnell-college,2024-25,https://drive.usercontent.google.com/download?id=1VYF-nDPRFsRgSqcCKysq67uwp_LXeliM&export=download,https://api.collegedata.fyi/storage/v1/object/public/sources/grinnell-college/2024-25/b2c49fe20976ef1a6bdf878399969ff720734730776360acbca8db6b29e061c3.pdf,pdf_flat,30bcb610-7e0b-4c33-8d25-0adcc4b03f14,,extracted,,tier4_docling
173647,Gustavus Adolphus College,gustavus-adolphus-college,2024-25,https://drive.usercontent.google.com/download?id=1V8MmDkggCYsDCg2dVZ2at-R_vdHEAsbO&export=download,https://api.collegedata.fyi/storage/v1/object/public/sources/gustavus-adolphus-college/2024-25/1fe3bd9cb53c1621c6394fd99ac5f09f20a9c8c09337546d7289c478efaeb904.pdf,pdf_fillable,83d02f27-c2a0-4678-b66d-d17196c7ebe3,,extracted,,tier2_acroform
212832,Gwynedd Mercy University,gwynedd-mercy-university,2024-25,https://www.gmercyu.edu/pdfs/legacy-cds_2024-2025_updated_4_11_2025_compressed.pdf,https://api.collegedata.fyi/storage/v1/object/public/sources/gwynedd-mercy-university/2024-25/7ec79e5384bfa17a36c3782d22a18228171f13deef19acd26ae37632352e2a6f.pdf,pdf_flat,20e23a9e-55f3-4fcf-8817-29f072e7d290,,extracted,,tier4_docling
191515,Hamilton College,hamilton,2024-25,https://drive.usercontent.google.com/download?id=1fCvhLgLv11Hdy14kJe9Co2TQbdOWJFz3&export=download,https://api.collegedata.fyi/storage/v1/object/public/sources/hamilton/2024-25/a3f72545e8e63aae1d365f98ac272b297304db222c52ec8e575b976b4688de4f.pdf,pdf_flat,fa93ce04-7b84-4b76-b616-0d2b03f22eb8,,extracted,,tier4_docling
191533,Hartwick College,hartwick-college,2025-26,https://www.hartwick.edu/wp-content/uploads/2026/07/IR_HartwickCollegeCommonDataSet2025-2026_070826.pdf,https://api.collegedata.fyi/storage/v1/object/public/sources/hartwick-college/2025-26/9dfc6d80669bb5296961f4cfe8e6acf55d8486fae53809f6373db92359a30478.pdf,pdf_flat,35e59468-3d3c-45a8-b520-4f2a00fbeb7d,,extracted,,tier4_docling
166027,Harvard University,harvard,2025-26,https://bpb-us-e1.wpmucdn.com/sites.harvard.edu/dist/6/210/files/2026/07/CDS_2025-2026.pdf,https://api.collegedata.fyi/storage/v1/object/public/sources/harvard/2025-26/bc0d10385acded234651a302b4a890c89d2d30ee24476a079218244cfd554985.pdf,pdf_flat,9030eb3f-36ed-49ca-946a-d4a91e9f8da2,,extracted,,tier4_docling
115409,Harvey Mudd College,harvey-mudd,2025-26,https://www.hmc.edu/institutional-research/wp-content/uploads/sites/42/2026/03/CDS-HMC-2025.2026_shared.pdf,https://api.collegedata.fyi/storage/v1/object/public/sources/harvey-mudd/2025-26/6c1d1e1cbacffd85a704447da9bae1c1f43a8d2a78b958dd0f3b228d807b982e.pdf,pdf_fillable,838ae3ae-34fd-48fb-ab9b-e8733ea924fb,,extracted,,tier2_acroform
212911,Haverford College,haverford-college,2025-26,https://www.haverford.edu/sites/default/files/Office/President/CDS-2025-26.pdf,https://api.collegedata.fyi/storage/v1/object/public/sources/haverford-college/2025-26/9ee318186ad34e0fd1e0fcc26e5d20436b16025582afbdc39c1b734dafba732d.pdf,pdf_flat,6e9c4e7c-2394-4f3d-8b9a-2f57595a0f85,,extracted,,tier4_docling
203128,Hiram College,hiram-college,2025-26,https://www.hiram.edu/wp-content/uploads/2025/12/Hiram-College-CDS_2025-2026-5.4.pdf,https://api.collegedata.fyi/storage/v1/object/public/sources/hiram-college/2025-26/e3a9607c18fd76842af640bf891ae42f522bbebfe51c44f09cd7163cffa8b6f2.pdf,pdf_fillable,9a8b3e22-ee65-40c6-9ba6-ee8e2afec81e,,extracted,,tier2_acroform
191630,Hobart William Smith Colleges,hobart-william-smith-colleges,2024-25,https://www.hws.edu/offices/irp/pdf/cds-2425.pdf,https://api.collegedata.fyi/storage/v1/object/public/sources/hobart-william-smith-colleges/2024-25/c1f812a6c6f52f3be7af767e210d7ddb75f9c2e273013d80fc0d242d4a72fbc6.pdf,pdf_flat,00c7622d-6ff1-4937-9ca9-a1985becce6d,,extracted,,tier4_docling
191649,Hofstra University,hofstra-university,2024-25,https://drive.usercontent.google.com/download?id=1y74-oLPPqrwWUmEBaB0Yv5nasWNENRo0&export=download,https://api.collegedata.fyi/storage/v1/object/public/sources/hofstra-university/2024-25/748b9a71ea21cc83767ed923682ad7cd22838cd48510d0a10ca6ef6d7e187ab2.pdf,pdf_flat,d046dd3d-3b66-42bb-a876-911d65a46f58,,extracted,,tier4_docling
232308,Hollins University,hollins-university,2025-26,https://www.hollins.edu/wp-content/uploads/2026/07/CDS-2025-2026-Hollins-University.pdf,https://api.collegedata.fyi/storage/v1/object/public/sources/hollins-university/2025-26/0dae7ee4f486a0d8bdfdbf27a667c255b094f3db4e2083dde1740e14c57ca814.pdf,pdf_fillable,b6c721df-8e16-4dec-a079-5c6cddc52c9a,,extracted,,tier2_acroform
120537,Hope International University,hope-international-university,2024-25,https://www.hiu.edu/pdf/CDS20252026_HIU.pdf,https://api.collegedata.fyi/storage/v1/object/public/sources/hope-international-university/unknown/b8fbd8f066c5c069c7c52b51583729df67e5dc303763c402a1f410da1158ace4.pdf,pdf_flat,8b64e7c2-2492-406b-81fa-8b3b36a8b9f1,,extracted,,tier4_docling
225399,Houston Christian University,houston-christian-university,2025-26,https://hc.edu/publications/IRE/ire2526/HCU-CDS-2025-2026_PDF_Publish_07-17-2026.pdf,https://api.collegedata.fyi/storage/v1/object/public/sources/houston-christian-university/2025-26/33e5fb85f3ad53a0e02e78ac3719abcba03ecf563efdc59ed0f18dc963146f94.pdf,pdf_flat,56abd7e4-f010-4ba5-95c3-a7c2dc59665d,,extracted,low_coverage,tier4_docling
225423,Houston Community College,houston-community-college,2024-25,https://www.hccs.edu/media/hccsedu/content-assets/documents/about-us/institutional-data/HCC_Common-Data-Set_2024-2025.xlsx,https://api.collegedata.fyi/storage/v1/object/public/sources/houston-community-college/2024-25/528fad8d37ae831bfa9803d4ff9b83292af0d7c6509d9ad9430d40151cfd986e.xlsx,xlsx,8151f9d7-164f-4bfa-9dfb-f8174464c7ee,,extracted,,tier1_xlsx
131520,Howard University,howard-university,2025-26,https://ira.howard.edu/sites/ira.howard.edu/files/2026-06/CDS%20PDF%202526_06.25.26.pdf,https://api.collegedata.fyi/storage/v1/object/public/sources/howard-university/2025-26/0d53acb3a7c7eed0bc403e8db85427c1c0b7032c9f3b0bb0b9f5ffa6bb3ee81e.pdf,pdf_fillable,e9a086e3-410b-419a-8c8d-66b965ac43cb,,extracted,,tier2_acroform
142276,Idaho State University,idaho-state-university,2023-24,https://www.isu.edu/media/libraries/finance-and-business-affairs/CDS-2023_2024.pdf,https://api.collegedata.fyi/storage/v1/object/public/sources/idaho-state-university/2023-24/c27fef41b8f05956c48d939a7cdd943784b27c0da7b1ee573c533869074539b2.pdf,pdf_flat,ffc0adb1-e88c-43fb-bfb8-9781e0f8887a,,extracted,,tier4_docling
145725,Illinois Institute of Technology,illinois-institute-of-technology,2023-24,https://drive.usercontent.google.com/download?id=1yxJibejN_DbM9-M4CVYR05FvyHSPwMIp&export=download,https://api.collegedata.fyi/storage/v1/object/public/sources/illinois-institute-of-technology/2023-24/dcb4559f25b936620f9e507179753d841b401808dda3603c448dba19fa83e0ca.pdf,pdf_flat,5f992231-8d5f-40e7-853d-ba953ac279a0,,extracted,,tier4_docling
145813,Illinois State University,illinois-state-university,2024-25,https://prpa.illinoisstate.edu/downloads/CDS-2024-2025_ISU_FINAL.pdf,https://api.collegedata.fyi/storage/v1/object/public/sources/illinois-state-university/2024-25/d4c86290470bf5ff7de98aebd46a98be17c4d466a11c6d34958fd1bf033dff04.pdf,pdf_fillable,04170ac9-da6d-4bdd-b48c-54aa5fca7389,,extracted,,tier2_acroform
145646,Illinois Wesleyan University,illinois-wesleyan-university,2024-25,https://drive.usercontent.google.com/download?id=1n2smyitAMGAXYMiFVJFa6IWE9kXfelqr&export=download,https://api.collegedata.fyi/storage/v1/object/public/sources/illinois-wesleyan-university/2024-25/4ad2e13bbfb0a317081c83ae27401599d0d5d9c353b16a87601be3a76054ff4c.pdf,pdf_flat,180757fe-5b2a-4bac-a6ce-addfcdfaad57,,extracted,,tier4_docling
213011,Immaculata University,immaculata-university,2025-26,https://www.immaculata.edu/wp-content/uploads/2026/03/Common-Data-Set-2025-2026-Immaculata-University-3-25-2026.pdf,https://api.collegedata.fyi/storage/v1/object/public/sources/immaculata-university/2025-26/3978be2f72d6cb2a21e14a45256154f8c036f3d45df9ac1b72086318222da303.pdf,pdf_flat,80feceec-8b96-4add-9467-d453eb4ca1e6,,extracted,,tier4_docling
213020,Indiana University of Pennsylvania-Main Campus,indiana-university-of-pennsylvania-main-campus,2024-25,https://www.iup.edu/planningandassessment/files/university_data/common_data_set/common-data-set-2024-25.pdf,https://api.collegedata.fyi/storage/v1/object/public/sources/indiana-university-of-pennsylvania-main-campus/2024-25/89f1ae4f73fcdef1b87f545de2e867489bda012d187eff691f9b041de19912d2.pdf,pdf_flat,3c690f38-e34e-4dab-899c-613ccc44236c,,extracted,,tier4_docling
151351,Indiana University-Bloomington,indiana-bloomington,2023-24,https://drive.usercontent.google.com/download?id=1w1jfh-TJHmUm8rWrsZPAx4jLCVjuocpo&export=download,https://api.collegedata.fyi/storage/v1/object/public/sources/indiana-bloomington/2023-24/e533eff20d9fb1ef23eb11015a6268c070975871f70a03c5b3c2349bcb9ca55d.pdf,pdf_flat,383c3a72-bbec-4546-8f4a-4ea87c9888c9,,extracted,,tier4_docling
191968,Ithaca College,ithaca-college,2024-25,https://drive.usercontent.google.com/download?id=120jXX2ti-cerOxGj1kTvom9yik5kA-Ip&export=download,https://api.collegedata.fyi/storage/v1/object/public/sources/ithaca-college/2024-25/aa1fb44edef46cd8b41afb32088c7383496f544107e5ae4010b44e5f2575b8c1.pdf,pdf_flat,04c008b4-aed3-49f1-8179-b83170dff60e,,extracted,,tier4_docling
134945,Jacksonville University,jacksonville-university,2023-24,https://www.ju.edu/institutionalresearch/CDS_2023-2024.pdf,https://api.collegedata.fyi/storage/v1/object/public/sources/jacksonville-university/2023-24/193a651798ffe4fd640eafb70f5755638a107e1387caa53d0d7787e652ee4d51.pdf,pdf_flat,d81754e5-b0a9-42fb-8df9-3da11a7beebc,,extracted,,tier4_docling
232423,James Madison University,james-madison-university,2025-26,https://www.jmu.edu/pair/ir/common-data-set/cds-2025.docx,https://api.collegedata.fyi/storage/v1/object/public/sources/james-madison-university/2025-26/a79bfa36773018f1e9e438e51db2bb576138a04545208575e4c24392a35073f2.docx,xlsx,55439010-5a64-4be5-9280-63ece5c375e0,,failed,,
203368,John Carroll University,john-carroll-university,2025-26,https://drive.usercontent.google.com/download?id=19A4F69gxe520JXxubBCEQH0m422gYRWn&export=download,https://api.collegedata.fyi/storage/v1/object/public/sources/john-carroll-university/2025-26/1670faeff98d86d1944111bf2940a360f6efc049f54412d3efed6a6936e80237.pdf,pdf_flat,e55d18e7-2d01-4dc9-a344-51a96a7935cf,,extracted,,tier4_docling
162928,Johns Hopkins University,johns-hopkins,2025-26,https://oira.jhu.edu/wp-content/uploads/2025-2026-CDS-Johns-Hopkins-University.pdf,https://api.collegedata.fyi/storage/v1/object/public/sources/johns-hopkins/2025-26/cc6753eb55476e95fad92a5574e43e6a431ec153e61b5e4672efbb171d6ae562.pdf,pdf_flat,4a844d1d-241a-475a-b0d9-0b14374c0640,,extracted,,tier4_docling
213251,Juniata College,juniata-college,2024-25,https://doc-0o-60-sheets.googleusercontent.com/export/54bogvaave6cua4cdnls17ksc4/16davqpundd7ihag6ehs96ml10/1776619730000/105250506097979753968/*/1c4clQ5t8nSgPFv1Wk2pihiGlehC70LuA?format=xlsx,https://api.collegedata.fyi/storage/v1/object/public/sources/juniata-college/2024-25/25490412614311eb813060691c53e190e510ff397ea2b32858d3b8166333ebf2.xlsx,xlsx,6867c782-1ca8-4c9f-8747-ea60869044b4,,extracted,,tier1_xlsx
155399,Kansas State University,kansas-state-university,2025-26,https://www.k-state.edu/data/institutional-research/resources/common-data-set/CDS_2025_2026.pdf,https://api.collegedata.fyi/storage/v1/object/public/sources/kansas-state-university/2025-26/c47685dc2401b0eb11000237d8de3d9d9b7345ca8b301402be005d653aec03de.pdf,pdf_flat,e7d04397-df14-4474-a82d-241be019772d,,extracted,,tier4_docling
183062,Keene State College,keene-state-college,2024-25,https://keene.edu/office/ir/assets/document/cds/download/,https://api.collegedata.fyi/storage/v1/object/public/sources/keene-state-college/unknown/c56230c9e788da338eb2102050684438868793fd1d38d85af247a4fb74a00390.pdf,pdf_flat,2eca8519-3a33-4851-a01b-2e8d4ca2ec78,,extracted,,tier4_docling
486840,Kennesaw State University,kennesaw-state-university,2024-25,https://campus.kennesaw.edu/offices-services/data-strategy/institutional-research/publications/common-data-set/docs/cds-2024-2025-06232025.pdf,https://api.collegedata.fyi/storage/v1/object/public/sources/kennesaw-state-university/2024-25/650e51f9b8ed7380db6a77c3f26a9451cac7afb4d8694d0958f607f7b28049f6.pdf,pdf_flat,46eca71b-5618-4d2a-bca8-71be1726ac25,,extracted,,tier4_docling
203447,Kent State University at Ashtabula,kent-state-university-at-ashtabula,2025-26,https://www-s3-live.kent.edu/s3fs-root/s3fs-public/file/AC%20CDS_2025-2026-Final_web_2.docx?VersionId=.Fbn4wXWNvEEjLjHuC2X0JHHopDGTHcZ,https://api.collegedata.fyi/storage/v1/object/public/sources/kent-state-university-at-ashtabula/2025-26/152f679c49e969bb9ac4f2836688d72fa93c11ee213467f717c809cda5298922.xlsx,docx,77d5e458-6236-46e7-8137-bd66155bf4e3,,extracted,,tier4_docling
203456,Kent State University at East Liverpool,kent-state-university-at-east-liverpool,2025-26,https://www-s3-live.kent.edu/s3fs-root/s3fs-public/file/AC%20CDS_2025-2026-Final_web_2.docx?VersionId=.Fbn4wXWNvEEjLjHuC2X0JHHopDGTHcZ,https://api.collegedata.fyi/storage/v1/object/public/sources/kent-state-university-at-east-liverpool/2025-26/152f679c49e969bb9ac4f2836688d72fa93c11ee213467f717c809cda5298922.xlsx,docx,c4afff8f-8fef-470d-9cdd-136d01bb0a10,,extracted,,tier4_docling
203526,Kent State University at Geauga,kent-state-university-at-geauga,2025-26,https://www-s3-live.kent.edu/s3fs-root/s3fs-public/file/AC%20CDS_2025-2026-Final_web_2.docx?VersionId=.Fbn4wXWNvEEjLjHuC2X0JHHopDGTHcZ,https://api.collegedata.fyi/storage/v1/object/public/sources/kent-state-university-at-geauga/2025-26/152f679c49e969bb9ac4f2836688d72fa93c11ee213467f717c809cda5298922.xlsx,docx,0eaae0e3-23fb-4924-bf9f-93c5f65f4bed,,extracted,,tier4_docling
203517,Kent State University at Kent,kent-state-university-at-kent,2025-26,https://www-s3-live.kent.edu/s3fs-root/s3fs-public/file/AC%20CDS_2025-2026-Final_web_2.docx?VersionId=.Fbn4wXWNvEEjLjHuC2X0JHHopDGTHcZ,https://api.collegedata.fyi/storage/v1/object/public/sources/kent-state-university-at-kent/2025-26/152f679c49e969bb9ac4f2836688d72fa93c11ee213467f717c809cda5298922.xlsx,docx,7f1a4765-a2a2-465a-b38b-3615a416c3eb,,failed,,tier4_docling
203492,Kent State University at Salem,kent-state-university-at-salem,2025-26,https://www-s3-live.kent.edu/s3fs-root/s3fs-public/file/AC%20CDS_2025-2026-Final_web_2.docx?VersionId=.Fbn4wXWNvEEjLjHuC2X0JHHopDGTHcZ,https://api.collegedata.fyi/storage/v1/object/public/sources/kent-state-university-at-salem/2025-26/152f679c49e969bb9ac4f2836688d72fa93c11ee213467f717c809cda5298922.xlsx,docx,b5016c30-bad9-4501-947c-4b21f42c4f11,,extracted,,tier4_docling
203465,Kent State University at Stark,kent-state-university-at-stark,2025-26,https://www-s3-live.kent.edu/s3fs-root/s3fs-public/file/AC%20CDS_2025-2026-Final_web_2.docx?VersionId=.Fbn4wXWNvEEjLjHuC2X0JHHopDGTHcZ,https://api.collegedata.fyi/storage/v1/object/public/sources/kent-state-university-at-stark/2025-26/152f679c49e969bb9ac4f2836688d72fa93c11ee213467f717c809cda5298922.xlsx,docx,17a3485b-3ddf-4b42-9544-8a3362722c0f,,extracted,,tier4_docling
203474,Kent State University at Trumbull,kent-state-university-at-trumbull,2025-26,https://www-s3-live.kent.edu/s3fs-root/s3fs-public/file/AC%20CDS_2025-2026-Final_web_2.docx?VersionId=.Fbn4wXWNvEEjLjHuC2X0JHHopDGTHcZ,https://api.collegedata.fyi/storage/v1/object/public/sources/kent-state-university-at-trumbull/2025-26/152f679c49e969bb9ac4f2836688d72fa93c11ee213467f717c809cda5298922.xlsx,docx,72d16cde-10ab-4aa4-b8e1-8d3a4629a4b8,,extracted,,tier4_docling
203483,Kent State University at Tuscarawas,kent-state-university-at-tuscarawas,2025-26,https://www-s3-live.kent.edu/s3fs-root/s3fs-public/file/AC%20CDS_2025-2026-Final_web_2.docx?VersionId=.Fbn4wXWNvEEjLjHuC2X0JHHopDGTHcZ,https://api.collegedata.fyi/storage/v1/object/public/sources/kent-state-university-at-tuscarawas/2025-26/152f679c49e969bb9ac4f2836688d72fa93c11ee213467f717c809cda5298922.xlsx,docx,e04158b0-c9cb-4279-a91b-ddd5421eb3cd,,extracted,,tier4_docling
157058,Kentucky State University,kentucky-state-university,2025-26,https://www.kysu.edu/documents/institutional-research/CDS%202025-2026.pdf,https://api.collegedata.fyi/storage/v1/object/public/sources/kentucky-state-university/2025-26/26f9eeda87dcf371869cf6b3da2734079e289a6225f36de340e134875a004cbe.pdf,pdf_fillable,25b34bf1-0caa-49fe-8420-81cc34ba4e60,,extracted,,tier2_acroform
203535,Kenyon College,kenyon,2024-25,https://www.kenyon.edu/files/resources/kenyon-cds-202425-march-2025.pdf,https://api.collegedata.fyi/storage/v1/object/public/sources/kenyon/unknown/ba97434ecb67c73b22605707c450e39d5a9ed713d7c1599f74fd3e06ded886fd.pdf,pdf_flat,cd34fcb5-3f97-4060-9776-cd039e0bef92,,extracted,,tier4_docling
213349,Kutztown University of Pennsylvania,kutztown-university-of-pennsylvania,2025-26,https://www.kutztown.edu/Departments-Offices/G-L/InstitutionalResearch/Documents/CDS_KU_2025%20COMMON%20DATA%20SET.pdf,https://api.collegedata.fyi/storage/v1/object/public/sources/kutztown-university-of-pennsylvania/unknown/6cfe3e35783b8181181684176b4740ec3ca868b54bf807bc752c3f4904a9a395.pdf,pdf_flat,971e5de7-76ce-42e1-a9e7-ae2233b56f5b,,extracted,,tier4_docling
213385,Lafayette College,lafayette-college,2025-26,https://oir.lafayette.edu/wp-content/uploads/sites/196/2026/01/CDS2025-2026.pdf,https://api.collegedata.fyi/storage/v1/object/public/sources/lafayette-college/2025-26/9515acef3fa8bbff2688df0cbb2ad0f5096e10209b2201e42efa49aad8ad2698.pdf,pdf_flat,8d9d023f-095d-4275-aa1c-7e3eade80639,,extracted,,tier4_docling
146481,Lake Forest College,lake-forest-college,2024-25,https://drive.usercontent.google.com/download?id=1_OrsgCRpIIkeTvaw2QfQPvJpiU6DkP32&export=download,https://api.collegedata.fyi/storage/v1/object/public/sources/lake-forest-college/2024-25/e0f28e817455837dfa80b749f5bd923a36db6a4f0d25094f28bdf8e6f67c17d9.pdf,pdf_fillable,e554ccab-cc2e-4f75-8254-bbed0fca60c9,,extracted,,tier2_acroform
170639,Lake Superior State University,lake-superior-state-university,2025-26,https://www.lssu.edu/wp-content/uploads/2026/06/CDS-2025-2026.pdf,https://api.collegedata.fyi/storage/v1/object/public/sources/lake-superior-state-university/2025-26/4494533a1a8764eb63f1c15023f84014181a2b26b5afb3ef9ddb205d95086641.pdf,pdf_flat,b3dee8f1-b947-473e-8ae2-582790598c9c,,extracted,low_coverage,tier4_docling
170675,Lawrence Technological University,lawrence-technological-university,2025-26,https://ltu.edu/wp-content/uploads/2026/04/2025_2026_CDS_EXTERNAL.pdf,https://api.collegedata.fyi/storage/v1/object/public/sources/lawrence-technological-university/2025-26/d4c549b7eb202e4a69a23488e9387a78ee993f0d673c826061ff631420c21be3.pdf,pdf_flat,8c83125f-4dab-4365-b713-6647e5925a0e,,extracted,,tier4_docling
239017,Lawrence University,lawrence-university,2024-25,https://inside.lawrence.edu/sites/default/files/2025-02/CDS%202024-25_0.pdf,https://api.collegedata.fyi/storage/v1/object/public/sources/lawrence-university/2024-25/8869d97443927d2f840d6afb4ed8e0bff12a1a1214d56e3b380093721bfcad69.pdf,pdf_fillable,ad648f75-137e-42fe-932a-75a8a2100c2f,,extracted,,tier2_acroform
220613,Lee University,lee-university,2025-26,https://www.leeuniversity.edu/wp-content/uploads/2025-2026-CDS-1-1.pdf,https://api.collegedata.fyi/storage/v1/object/public/sources/lee-university/2025-26/2789690c40714f32e6c6eec027f2680baad281e07866a605a2d8004b00d1f427.pdf,pdf_flat,e1225e15-3cba-4f97-b608-34a6a6902325,,extracted,,tier4_docling
213543,Lehigh University,lehigh,2025-26,https://data.lehigh.edu/sites/data.lehigh.edu/files/682026_CDS-2025-26_Revised_Published.pdf,https://api.collegedata.fyi/storage/v1/object/public/sources/lehigh/2025-26/951d22b14f18214263dc2543cb5529e668442eb4bb83c4ea2ac3908a749e201d.pdf,pdf_flat,d911d642-ffcd-4042-9920-bc39e70ba310,,extracted,,tier4_docling
198835,Lenoir-Rhyne University,lenoir-rhyne-university,2025-26,https://www.lr.edu/sites/default/files/2026-05/common-data-set-2025-2026.pdf,https://api.collegedata.fyi/storage/v1/object/public/sources/lenoir-rhyne-university/2025-26/45206e6e8b697829eb68f3401681697337878163e331e9e9ec7a2da75c57b34d.pdf,pdf_fillable,04dff2f8-f542-4268-9bc2-cfcb89de5d90,,extracted,,tier2_acroform
209056,Lewis & Clark College,lewis-and-clark-college,2024-25,https://www.lclark.edu/live/files/37831-lc-cds2025-26pdf,https://api.collegedata.fyi/storage/v1/object/public/sources/lewis-and-clark-college/2025-26/a3a224133d93fc014043b3a36189b61839d915e98676683ffb46e58c35b4b98c.pdf,pdf_flat,61145c7f-4db4-44db-a7da-235ce6a90a79,,extracted,blank_template,tier4_docling
142328,Lewis-Clark State College,lewis-clark-state-college,2025-26,https://www.lcsc.edu/media/ccvnocvu/cds_2025-2026_final_060326.pdf,https://api.collegedata.fyi/storage/v1/object/public/sources/lewis-clark-state-college/2025-26/db45852e6508cd2451839d9e7a20b7c26c1ee2b13df2ee81d2617e64137f5f5f.pdf,pdf_flat,8e5b4810-c7b4-4203-a454-8799b5f3a500,,extracted,,tier4_docling
140252,Life University,life-university,2024-25,https://data.life.edu/wp-content/uploads/2025/01/Legacy-CDS_2024-2025.xlsx,https://api.collegedata.fyi/storage/v1/object/public/sources/life-university/2024-25/e32af3fc46c9201ad76454f90eeba39712a26afbc28f7035c598f02f883b8d61.xlsx,xlsx,0b1183e9-272e-4cdd-acbc-40449e1ff314,,extracted,,tier1_xlsx
177940,Lincoln University,lincoln-university-mo,2023-24,https://www.lincolnu.edu/about-lincoln/oira/common-data-set-2023-2024.pdf,https://api.collegedata.fyi/storage/v1/object/public/sources/lincoln-university-mo/2023-24/02daca842ea0250f7f0b85179c6b7c54e5af80af3a6aad72758499b1060ea8d3.pdf,pdf_flat,01c6dce7-4343-48e5-81a9-6bd702e36a28,,extracted,,tier4_docling
177968,Lindenwood University,lindenwood-university,2024-25,https://www.lindenwood.edu/files/resources/cds_2024-2025.xlsx,https://api.collegedata.fyi/storage/v1/object/public/sources/lindenwood-university/2024-25/06b92ae683f5902f9f79070f0d45e04cd1472cd62e061a54aca892967ccdcbed.xlsx,xlsx,c374e01d-5c81-4dd4-8d2d-877082cf4385,,extracted,,tier1_xlsx
209065,Linfield University,linfield-university,2024-25,https://www.linfield.edu/assets/files/institutional-research/CDS-2024-2025-PDF-Linfield-04.21.2025.pdf,https://api.collegedata.fyi/storage/v1/object/public/sources/linfield-university/2024-25/4e35684e7047df7b8116df2eff092b7b9b52d12e5eea147e758de2031396da68.pdf,pdf_fillable,2e361b36-e82c-47bd-813b-2e5b4be37cbc,,extracted,,tier2_acroform
219976,Lipscomb University,lipscomb-university,2024-25,https://lipscomb.edu/sites/default/files/2025-10/CDS%202024%202025%20Lipscomb%20University%20Complete.pdf,https://api.collegedata.fyi/storage/v1/object/public/sources/lipscomb-university/2024-25/7d671dca74a180f4affd84acbc2ec1daa9f225f3d5cc6b577eaa3416879389a8.pdf,pdf_fillable,4122036a-03db-4145-9375-085e8d9be81b,,extracted,,tier2_acroform
227182,Lone Star College System,lone-star-college-system,2025-26,https://www.lonestar.edu/departments/institutionaleffectiveness/Lone-Star-College-CDS-PDF-2025-2026_PDF_Final_2.pdf,https://api.collegedata.fyi/storage/v1/object/public/sources/lone-star-college-system/2025-26/52a3f1b5bc9f166259b095d7d54cbce9bfa767080ab348f5aba12c870a22e97f.pdf,pdf_flat,f87fcc15-1c6d-4613-a653-451958fd9b6f,,extracted,low_coverage,tier4_docling
159391,Louisiana State University and Agricultural & Mechanical College,louisiana-state-university-and-agricultural-and-mechanical,2023-24,https://www.lsu.edu/data/common-data-set/2023/3_2324_admissions.pdf,https://api.collegedata.fyi/storage/v1/object/public/sources/louisiana-state-university-and-agricultural-and-mechanical/2023-24/ec2ea07c1e01d49721a2f1ce1880ec180aee819781c5a8e9e4b1238c557cb5be.pdf,pdf_flat,e0265ce5-00a3-437e-8f26-1a925cf64e12,,extracted,,tier4_docling
159647,Louisiana Tech University,louisiana-tech-university,2025-26,https://oierp.latech.edu/documents/2026/06/common-data-set-2025-2026.xlsx/,https://api.collegedata.fyi/storage/v1/object/public/sources/louisiana-tech-university/2025-26/9785ee4ac7acf03cb819b144fa0c85b057a0c306938da911eb14d88fbd3b5d19.xlsx,xlsx,d8daa05d-7dd5-4a22-8649-83d7934aced0,,extracted,,tier1_xlsx
117946,Loyola Marymount University,loyola-marymount-university,2024-25,https://drive.usercontent.google.com/download?id=1-NFEQb641NiDM3NHvckRSaX0IutJaFdg&export=download,https://api.collegedata.fyi/storage/v1/object/public/sources/loyola-marymount-university/2024-25/febc66c991be06b212b8f5dddc79797a7673209eba7528e05301cdf16526db4d.pdf,pdf_flat,c0f11f94-5e90-47f6-83cb-288bc7122b66,,extracted,,tier4_docling
146719,Loyola University Chicago,loyola-university-chicago,2025-26,https://www.luc.edu/media/lucedu/oie/CDS%202025-26%20-%20Loyola%20University%20Chicago%20-%20Final_af.pdf,https://api.collegedata.fyi/storage/v1/object/public/sources/loyola-university-chicago/2025-26/ccb917de6bbd204843e6bf04754f8ac2101baebca6aee55d4ff91bacb9202e4d.pdf,pdf_flat,29f10765-d770-44cb-bbfd-0977b78c7580,,extracted,,tier4_docling
163046,Loyola University Maryland,loyola-university-maryland,2024-25,https://www.loyola.edu/_media/department/institutional-research/documents/cds/CDS_2024-2025_20250402.pdf,https://api.collegedata.fyi/storage/v1/object/public/sources/loyola-university-maryland/2024-25/6a987c69d54ed7afd6e48a5dc95779a4cb93725fa13c91d1316e9a7e349b7161.pdf,pdf_fillable,8120168e-8dc2-457d-886a-0cc62a42acb0,,extracted,,tier2_acroform
213668,Lycoming College,lycoming-college,2024-25,https://www.lycoming.edu/institutional-research/pdfs/cds-2024-2025.pdf,https://api.collegedata.fyi/storage/v1/object/public/sources/lycoming-college/2024-25/4d43dca6fc20485b738461da25abd19e40a4780b242de00b77ca09c170282545.pdf,pdf_flat,a5a3a894-212f-44ff-be27-1975cebc3243,,extracted,,tier4_docling
132657,Lynn University,lynn-university,2023-24,https://www.lynn.edu/uploads/pdf/Lynn-University-Common-Data-Set-23-24.pdf,https://api.collegedata.fyi/storage/v1/object/public/sources/lynn-university/2023-24/61137a2454a44d5a32dfc16d8740e58a183a9ee83098dd0417578365358e7764.pdf,pdf_flat,cbdb2bb3-018d-4263-8007-26af994f425a,,extracted,,tier4_docling
173902,Macalester College,macalester-college,2024-25,https://doc-10-60-sheets.googleusercontent.com/export/54bogvaave6cua4cdnls17ksc4/lg9pm70nv69ob51071o80bn8v4/1776619755000/105250506097979753968/*/1v6xcK_-gJCsS3p-0z3meSUUAFMxgNPEr?format=xlsx,https://api.collegedata.fyi/storage/v1/object/public/sources/macalester-college/2024-25/1432bc4ac6f10d892bb36250b7343c1722f17c61acaf7ab04f2cb5558f285755.xlsx,xlsx,57922feb-2565-4a3b-9799-f9a2363c544e,,extracted,,tier1_xlsx
192703,Manhattan University,manhattan-college,2025-26,https://content.manhattan.edu/institutional-research/2025-26-CDS.pdf,https://api.collegedata.fyi/storage/v1/object/public/sources/manhattan-college/2025-26/e89115e9d1549d8394e4b7c5c3328df360691a8d428ed41940b0ea5d04afc294.pdf,pdf_flat,3c34a872-b17a-4f8e-8c54-dea5433e23a6,,extracted,,tier4_docling
203845,Marietta College,marietta-college,2025-26,https://www.marietta.edu/sites/default/files/MC-CDS_2025-2026.xlsx,https://api.collegedata.fyi/storage/v1/object/public/sources/marietta-college/2025-26/6960b8bbab90d7387727325fcf06495fbff9a152f8451b9dd55d748719043fba.xlsx,xlsx,df722e4e-84eb-40ae-bd2c-4db099a8c3d2,,extracted,,tier1_xlsx
192819,Marist University,marist-college,2024-25,https://doc-04-60-sheets.googleusercontent.com/export/54bogvaave6cua4cdnls17ksc4/0hsr1gvlv5rpn2u64k4dpjmv7o/1776619760000/105250506097979753968/*/1ZA4I-25m1NYvQfqbc78zBnjifUGGs0u3?format=xlsx,https://api.collegedata.fyi/storage/v1/object/public/sources/marist-college/2024-25/1910b868c091c9e57fcb37a6e14d6ef77e60043b1f0c0e778bd34e7f1271aa9d.xlsx,xlsx,fb9edd29-d1e4-4a4d-8f20-dc0ab652165d,,extracted,,tier1_xlsx
239105,Marquette University,marquette-university,2025-26,https://www.marquette.edu/academic-effectiveness/institutional-research-analysis/documents/cds-2025-2026_final.pdf,https://api.collegedata.fyi/storage/v1/object/public/sources/marquette-university/2025-26/d322e77412a00f16300dc969262cef26f4ced9288e86312a6ba3a55f3aa91845.pdf,pdf_flat,66a08fd5-5f45-4f44-93c3-0e63df41fd5b,,extracted,,tier4_docling
237525,Marshall University,marshall-university,2025-26,https://www.marshall.edu/irp/files/CDS-PDF-2025-2026-Excel_finalaccess.pdf,https://api.collegedata.fyi/storage/v1/object/public/sources/marshall-university/2025-26/b2b4c24364c11cc919108bb73f4805fcc6eb2480be4d3108ce02c16b5ae384ae.pdf,pdf_flat,4cb53747-8289-44aa-a2a5-017c2a2ccc0a,,extracted,,tier4_docling
232706,Marymount University,marymount-university,2023-24,https://marymount.edu/wp-content/uploads/2024/07/CDS_UNL2_2023_2024_Final_7.3.24.pdf,https://api.collegedata.fyi/storage/v1/object/public/sources/marymount-university/2023-24/810fa6c1bcf85f24a49b3358a17f068964ad7570e00983d1dab31382728d08ba.pdf,pdf_flat,d3dd1907-7d39-487a-a965-421347bb2729,,extracted,,tier4_docling
167288,Massachusetts College of Liberal Arts,massachusetts-college-of-liberal-arts,2023-24,https://drive.usercontent.google.com/download?id=1k38GxY_NKR6mtoL_3ZiTJuNy2YBy9dI2&export=download,https://api.collegedata.fyi/storage/v1/object/public/sources/massachusetts-college-of-liberal-arts/2023-24/5958da69184df1ae6d53f41a6fb2906284d84d90cd5b259affc267eedcae5a2a.pdf,pdf_flat,bec6fe05-04c0-48cf-b955-3baf773e7dac,,extracted,,tier4_docling
166683,Massachusetts Institute of Technology,mit,2024-25,https://ir.mit.edu/projects/2024-25-common-data-set/,https://api.collegedata.fyi/storage/v1/object/public/sources/mit/2024-25/ccc933ce672737321b6eed9ee2dcee1b45129cf05cb1e4141db07f221c3dc3e4.html,html,a2f43d80-bad8-4978-85e7-a1ed8d05e97c,,extracted,,tier6_html
166692,Massachusetts Maritime Academy,massachusetts-maritime-academy,2025-26,https://drive.usercontent.google.com/download?id=1XQOmQ5A4oAmSpKIFz25yGE44dXSArLFk&export=download,https://api.collegedata.fyi/storage/v1/object/public/sources/massachusetts-maritime-academy/2025-26/1f90a4fb63b511649b9467a759d45ccf173ea4ee2411c683b33cb066cb5c4004.pdf,pdf_fillable,172cce44-9fba-4345-8aa1-c25682f4269f,,extracted,,tier2_acroform
155511,McPherson College,mcpherson-college,2024-25,https://www.mcpherson.edu/wp-content/uploads/2025/06/CDS-2024-2025-MC.pdf,https://api.collegedata.fyi/storage/v1/object/public/sources/mcpherson-college/2024-25/23133bc7e00017e9b6f390a7b176e660e35fbfccaf6c7a9ba617afd949affb80.pdf,pdf_scanned,f102b8e0-ef88-4324-b836-9ae665d03ad1,,extracted,,tier4_docling
213996,Messiah University,messiah-university,2025-26,https://www.messiah.edu/institutional-research/_files/messiah-university-cds-current-year.pdf,https://api.collegedata.fyi/storage/v1/object/public/sources/messiah-university/unknown/3e8b0e652d5dbf630f5f9e9ce10b48ffb74a2007fbf3717b58396582a4c65208.pdf,pdf_flat,07fff2fd-54b0-4091-9222-83a14ac49636,,extracted,,tier4_docling
127565,Metropolitan State University of Denver,metropolitan-state-university-of-denver,2024-25,https://www.msudenver.edu/wp-content/uploads/2026/06/CDS_2024-2025_Updated_06-29-26_jjb3.pdf,https://api.collegedata.fyi/storage/v1/object/public/sources/metropolitan-state-university-of-denver/2024-25/3cb82b3e190533cde04092dbbd02792942685174bdf4915d45907bc381d4e592.pdf,pdf_flat,eec392bf-015f-4eef-8eed-dfd4b6d673cf,,extracted,,tier4_docling
204006,Miami University-Hamilton,miami-university-hamilton,2024-25,https://miamioh.edu/analytics-institutional-research/_documents/cds/cds2024-25.xlsx,https://api.collegedata.fyi/storage/v1/object/public/sources/miami-university-hamilton/2024-25/d13a1afb3897c45eb4bcdbd76b5c0e5a3ae700a5f52a0afae04baff2463f95f7.xlsx,xlsx,e15f5501-f39a-4de7-b559-364ed2442c1a,,extracted,,tier1_xlsx
204015,Miami University-Middletown,miami-university-middletown,2024-25,https://miamioh.edu/analytics-institutional-research/_documents/cds/cds2024-25.xlsx,https://api.collegedata.fyi/storage/v1/object/public/sources/miami-university-middletown/2024-25/d13a1afb3897c45eb4bcdbd76b5c0e5a3ae700a5f52a0afae04baff2463f95f7.xlsx,xlsx,4b72db54-d38e-45a2-80f6-14ec7271ed62,,extracted,,tier1_xlsx
204024,Miami University-Oxford,miami-university-oxford,2024-25,https://miamioh.edu/analytics-institutional-research/_documents/cds/cds2024-25.xlsx,https://api.collegedata.fyi/storage/v1/object/public/sources/miami-university-oxford/2024-25/d13a1afb3897c45eb4bcdbd76b5c0e5a3ae700a5f52a0afae04baff2463f95f7.xlsx,xlsx,b8385989-da61-4d4e-b29e-a661c39787a7,,extracted,,tier1_xlsx
171100,Michigan State University,michigan-state-university,2025-26,https://edge.sitecorecloud.io/michiganstab57e-msustrategi129d-prod9868-7e5e/media/project/msu/ir/docs/cds/cds-2025-2026.pdf,https://api.collegedata.fyi/storage/v1/object/public/sources/michigan-state-university/2025-26/5bbe68ee22f30a0389e581c7b440d18085959c5f5129e595aa4b73e3e09735e5.pdf,pdf_fillable,1b8e59a9-9037-436f-a724-30690b0de1c3,,extracted,,tier2_acroform
171128,Michigan Technological University,michigan-technological-university,2025-26,https://www.mtu.edu/institutional-research/cds/files/cds-2025-2026.xlsx,https://api.collegedata.fyi/storage/v1/object/public/sources/michigan-technological-university/2025-26/3f071e254e4b3f94d0398acf811672650e8d262296048dab3b66c5a7a8490a9e.xlsx,xlsx,e09c2eef-6c02-449a-8410-a25b87f27f98,,extracted,,tier1_xlsx
220978,Middle Tennessee State University,middle-tennessee-state-university,2025-26,https://iepr.mtsu.edu/wp-content/uploads/sites/23/2026/07/CDS_2025-2026.pdf,https://api.collegedata.fyi/storage/v1/object/public/sources/middle-tennessee-state-university/2025-26/4c063249f5ae993c03f998ef582f783baa12171780f421f3a97d2c5905aa5807.pdf,pdf_fillable,c7cacf97-d70f-489d-8388-678e4dafbfd8,,extracted,,tier2_acroform
230959,Middlebury College,middlebury-college,2024-25,https://www.middlebury.edu/sites/default/files/2026-04/Fall%202025%20CDS%20FINAL.pdf?fv=WuqVl12_,https://api.collegedata.fyi/storage/v1/object/public/sources/middlebury-college/2025-26/02eb25ff0ae2cccb1ba328a5addf05ab8ba9b1b9f7eabb4b1ab6514f58554b98.pdf,pdf_flat,97edcc5d-bcb9-4974-8d71-534050e85d10,,extracted,,tier4_docling
214041,Millersville University of Pennsylvania,millersville-university-of-pennsylvania,2024-25,https://www.millersville.edu/iea/ir/cds_2024-25_final.pdf,https://api.collegedata.fyi/storage/v1/object/public/sources/millersville-university-of-pennsylvania/2024-25/71c470f909a0221c208c9acf1aaba470bfc2cf2f5784e4479f42d529e9bbc6f6.pdf,pdf_flat,f483c4ce-6594-4c68-815a-b2bdddb9e7ce,,extracted,,tier4_docling
239318,Milwaukee School of Engineering,milwaukee-school-of-engineering,2025-26,https://msoe.s3.amazonaws.com/files/resources/cds-final-pdf-25-26-1.pdf,https://api.collegedata.fyi/storage/v1/object/public/sources/milwaukee-school-of-engineering/2025-26/3c849e791c374ed685f576b6dd9f32acfb77a75dddb3789c7370f9bf369c1543.pdf,pdf_flat,0dc6670f-e431-40af-8d4d-30f456ae3fc4,,extracted,,tier4_docling
176080,Mississippi State University,mississippi-state-university,2024-25,https://drive.usercontent.google.com/download?id=10lH0gTtVe7I2lBcNzg6iQMd96E45Lfnw&export=download,https://api.collegedata.fyi/storage/v1/object/public/sources/mississippi-state-university/2024-25/c0f809b7bca761727eb80f3449ce1e393b190d7de127ecb8455a24aaef6a3421.pdf,pdf_flat,a6b02366-1fd0-445f-bb52-3644dabda406,,extracted,,tier4_docling
178341,Missouri Southern State University,missouri-southern-state-university,2025-26,https://www.mssu.edu/academics/institutional-effectiveness/files/CDS-2025-2026-Missouri-Southern-State-University-Final.pdf,https://api.collegedata.fyi/storage/v1/object/public/sources/missouri-southern-state-university/2025-26/9bbd0c6ebe9744cd70df61900240cbed4e96e870491e64cea2521b04615791f3.pdf,pdf_fillable,8f06dfbc-9f97-4d1f-a720-4171212f881f,,extracted,,tier2_acroform
178411,Missouri University of Science and Technology,missouri-university-of-science-and-technology,2025-26,https://data.mst.edu/media/administrative/data/documents/cds/CDS%202025-26%20Gold%20for%20Posting.xlsx,https://api.collegedata.fyi/storage/v1/object/public/sources/missouri-university-of-science-and-technology/2025-26/15f81fa22e28ebf72f4f7f701efd97402393b0bf18055fee4c75992f381eb9b5.xlsx,xlsx,21463272-15e5-4e09-973a-507a17d5c811,,extracted,,tier1_xlsx
178387,Missouri Western State University,missouri-western-state-university,2025-26,https://www.missouriwestern.edu/ir/wp-content/uploads/sites/169/2026/05/CDS-PDF-2025-2026_MWSU_Final.pdf,https://api.collegedata.fyi/storage/v1/object/public/sources/missouri-western-state-university/2025-26/7e037fd2a6decbacfba6849923acdcda1ad82f4a7c008f332b70cdfeebb83976.pdf,pdf_fillable,e5297b46-d1c7-4208-b98d-2864ab2fc605,,extracted,,tier2_acroform
180461,Montana State University,montana-state-university,2025-26,https://www.montana.edu/data/common-data-set/cds25.pdf,https://api.collegedata.fyi/storage/v1/object/public/sources/montana-state-university/2025-26/893869e15b9522ac76d29d543aae58bcafee00d255b4bd3782adb547129a937b.pdf,pdf_flat,0aebe8b8-bf78-415c-80c0-a0f39829a932,,extracted,,tier4_docling
180179,Montana State University Billings,montana-state-university-billings,2025-26,https://www.msubillings.edu/ir/institutionalfacts/cds/CDS_2025-26_A.pdf,https://api.collegedata.fyi/storage/v1/object/public/sources/montana-state-university-billings/2025-26/f2eed0a063c858e53daf01ad03e2503ae4e372dbffa590a5a1770cd229aceac9.pdf,pdf_flat,6ad3dec9-c9cf-48c3-8404-895aa72f9406,,extracted,,tier4_docling
185590,Montclair State University,montclair-state-university,2024-25,https://irdata.montclair.edu/institutionalresearch/CDS/CDS%202024-2025.pdf,https://api.collegedata.fyi/storage/v1/object/public/sources/montclair-state-university/2024-25/f339450adf775612190e74ee8a1741095afb0209ce8c7a0bf5c4cf36130d48c5.pdf,pdf_flat,81da5ef7-db04-46ed-92b6-d2bc1591495a,,extracted,,tier4_docling
157386,Morehead State University,morehead-state-university,2024-25,https://www.moreheadstate.edu/_files/files/about-msu/leadership/ppe-institutional-research/cds-2024-2025.pdf,https://api.collegedata.fyi/storage/v1/object/public/sources/morehead-state-university/2024-25/73ef860f87f74d610eb7d260242d1e47cfef8ed29e27bcbffc6485eb6c4bbc30.pdf,pdf_flat,39b46410-7ecb-41c1-bac1-a25012ca9afc,,extracted,,tier4_docling
140553,Morehouse College,morehouse-college,2023-24,https://drive.usercontent.google.com/download?id=1ItBFYQ1Id4TVAXTb4bzLd9AWUE-je8hE&export=download,https://api.collegedata.fyi/storage/v1/object/public/sources/morehouse-college/2023-24/d7a213414a9673b5a47bae9b1ff38bc2a17bda6a8a8404b3ed0a77236674ed7c.pdf,pdf_flat,f9ae3089-4538-425e-ba74-3e05631dd6a3,,extracted,,tier4_docling
166939,Mount Holyoke College,mount-holyoke-college,2024-25,https://drive.usercontent.google.com/download?id=1zsl-tIQenh5GI5u0qspsNbS9VFZumvMr&export=download,https://api.collegedata.fyi/storage/v1/object/public/sources/mount-holyoke-college/2024-25/162fef57ae8254884c8dbb544e9667707a1b00c1c9270e9fafd441b49a98f2c5.pdf,pdf_flat,7c86e98a-bb43-4823-8b0a-8f5404ac829a,,extracted,,tier4_docling
214272,Neumann University,neumann-university,2024-25,https://www.neumann.edu/hubfs/CDS%202025-26%20Neumann%20University%20(3).pdf?hsLang=en,https://api.collegedata.fyi/storage/v1/object/public/sources/neumann-university/2025-26/d42e49f6e7e3a084fb2478afa3d9dc19f0fd54f3121f865bc0e556a4ceb1aece.pdf,pdf_flat,f1d408ab-fe45-4d1c-a63e-9b4254b20bd4,,extracted,,tier4_docling
185828,New Jersey Institute of Technology,new-jersey-institute-of-technology,2024-25,https://www.njit.edu/oie/sites/njit.edu.oie/files/CDS_2024-2025_v12.xlsx,https://api.collegedata.fyi/storage/v1/object/public/sources/new-jersey-institute-of-technology/2024-25/cfd1ebfc7df2f72002c618f05c5fa58e5cd546c06565cc8786d0157a9281951a.xlsx,xlsx,9b623589-d878-44ec-8860-281247826960,,extracted,,tier1_xlsx
187897,New Mexico Highlands University,new-mexico-highlands-university,2024-25,http://its.nmhu.edu/IntranetUploads/009182-CommonData-8182026115318.pdf,https://api.collegedata.fyi/storage/v1/object/public/sources/new-mexico-highlands-university/2024-25/c35cfc90d7d854979e523f78940b16c9d386d403d4a6e1f392398b7b363f65bd.pdf,pdf_flat,e7c9fedb-fa9e-48a1-8e72-f0c86fabf65d,,extracted,,tier4_docling
187967,New Mexico Institute of Mining and Technology,new-mexico-institute-of-mining-and-technology,2023-24,https://www.nmt.edu/academicaffairs/research/files/cds/CDS2023-2024.pdf,https://api.collegedata.fyi/storage/v1/object/public/sources/new-mexico-institute-of-mining-and-technology/2023-24/f93704e415bde610fd2c0ba05391ef0fa0c1e32cb57084a00bf3ee0fa5a78e02.pdf,pdf_flat,9c03102c-d57e-4ca6-ab8a-6f2a3c7a3b91,,extracted,,tier4_docling
193900,New York University,nyu,2025-26,https://www.nyu.edu/content/dam/nyu/institutionalResearch/documents/cds-2025-2026/CDS%202025-2026%20FINAL(including%20G%20July_2026).xlsx,https://api.collegedata.fyi/storage/v1/object/public/sources/nyu/2025-26/fbff7d3be331c60cf1a03587d8ed810315f745267cfad3d3a936500be32de476.xlsx,xlsx,2086f3ff-2f4f-49c6-b65e-c947cc0b877b,,extracted,,tier1_xlsx
199102,North Carolina A & T State University,north-carolina-a-and-t-state-university,2024-25,https://www.ncat.edu/provost/ospie/cds_2024-2025_-final-20251201.pdf,https://api.collegedata.fyi/storage/v1/object/public/sources/north-carolina-a-and-t-state-university/2024-25/a25734e70b1ba5aa55ca654fbc8d4d9ec0103cf37abf01e49b50f4bf60c7ca32.pdf,pdf_flat,eea8ddb4-8d7a-4cc0-af5a-0ac6af8fc041,,extracted,,tier4_docling
199157,North Carolina Central University,north-carolina-central-university,2024-25,https://myeol.nccu.edu/sites/default/files/2025-02/Common-Data-set-2024-2025.pdf,https://api.collegedata.fyi/storage/v1/object/public/sources/north-carolina-central-university/2024-25/feb6dcca714067146b4a251293a221fe8ed791da7e42ea909f14980474541528.pdf,pdf_flat,c3521e33-7490-49a4-97ac-2087d6f82645,,extracted,,tier4_docling
147660,North Central College,north-central-college,2024-25,https://www.northcentralcollege.edu/sites/default/files/Common%20Data%20Set_2024-2025.pdf,https://api.collegedata.fyi/storage/v1/object/public/sources/north-central-college/2024-25/367d7a6a17fe0b9dc4c8340d3baaa1d18fd78e5947e2911b301a288f3900a9ed.pdf,pdf_flat,3b25ea9d-c82c-4acf-9e71-f0052999551e,,extracted,,tier4_docling
200332,North Dakota State University-Main Campus,north-dakota-state-university-main-campus,2024-25,https://www.ndsu.edu/sites/default/files/fileadmin/oira/Common_Data_Set/NDSU_CDS_2024-2025.xlsx,https://api.collegedata.fyi/storage/v1/object/public/sources/north-dakota-state-university-main-campus/2024-25/ba9eb846a04fb14dca6f48117e8a98a8f9204a3400146ef04abf358f63b8d444.xlsx,xlsx,e0a90726-baae-4613-92e6-bad6019f3c15,,extracted,,tier1_xlsx
147776,Northeastern Illinois University,northeastern-illinois-university,2023-24,https://www.neiu.edu/sites/default/files/documents/2025/07/03/CDS%20Section%20A%20General%20Information%202324.pdf,https://api.collegedata.fyi/storage/v1/object/public/sources/northeastern-illinois-university/2023-24/0bc6fafff3382a9438168855226977ae7565488c5188f1eab05183fe59e670f5.pdf,pdf_flat,1899ad02-71be-4715-bac4-fd49fa1991bb,,extracted,,tier4_docling
207263,Northeastern State University,northeastern-state-university,2024-25,https://offices.nsuok.edu/_resources/documents/Legacy-CDS_2024-2025.xlsx,https://api.collegedata.fyi/storage/v1/object/public/sources/northeastern-state-university/2024-25/d236e64fecbb7f660489bf2aa194f47b34a58ade8569ac78743911e6cd1ab887.xlsx,xlsx,129b030b-6165-434f-b577-04baa9737820,,extracted,,tier1_xlsx
167358,Northeastern University,northeastern,2024-25,http://uds.northeastern.edu/wp-content/uploads/2026/03/CDS-2024-25.pdf,https://api.collegedata.fyi/storage/v1/object/public/sources/northeastern-university/2024-25/9b9855a97e2c9107098906c5bc5e8c8a04bd3e8957b46f323031ae8ac1d84506.pdf,pdf_flat,e6c89ce6-4199-4176-a9d6-7bdedf9cf9bc,,extracted,,tier4_docling
482705,Northeastern University Professional Programs,northeastern-university-professional-programs,2024-25,http://uds.northeastern.edu/wp-content/uploads/2026/03/CDS-2024-25.pdf,https://api.collegedata.fyi/storage/v1/object/public/sources/northeastern-university-professional-programs/2024-25/9b9855a97e2c9107098906c5bc5e8c8a04bd3e8957b46f323031ae8ac1d84506.pdf,pdf_flat,bb37a3e1-fe8f-47e9-99da-900b89a667e6,,extracted,,tier4_docling
105330,Northern Arizona University,northern-arizona-university,2025-26,https://in.nau.edu/wp-content/uploads/sites/129/2026/04/CDS-2025-2026.pdf,https://api.collegedata.fyi/storage/v1/object/public/sources/northern-arizona-university/2025-26/43a037956d76e59c621b40acb0c61282a61e984a0640bdd83cd3c918a701ee4a.pdf,pdf_flat,414cc632-a33e-4338-9178-0b1279f24a0e,,extracted,,tier4_docling
157447,Northern Kentucky University,northern-kentucky-university,2025-26,https://inside.nku.edu/content/dam/IR/docs/CDS/CDS_Northern%20Kentucky%20University.pdf,https://api.collegedata.fyi/storage/v1/object/public/sources/northern-kentucky-university/2025-26/56dab532fb2a3eb2630f6c22380e5de813885089faf00cf0dfa204b300b0d13b.pdf,pdf_flat,ae2fd499-ebcb-4b1b-8447-5e3b6101e3c3,,extracted,,tier4_docling
171456,Northern Michigan University,northern-michigan-university,2024-25,https://nmu.edu/institutionaleffectiveness/sites/institutionaleffectiveness/files/2025-03/Northern%20Michigan%20University%20-%20CDS%20-%202024-2025.xlsx,https://api.collegedata.fyi/storage/v1/object/public/sources/northern-michigan-university/2024-25/31b9b93d6484fcdbee4d16476a222b0fe5f64acfa7388c83e528df8505532f8e.xlsx,pdf_flat,827855a9-6fa8-4bf4-94e8-821e243074d6,,extracted,,tier4_docling
147767,Northwestern University,northwestern,2024-25,https://drive.usercontent.google.com/download?id=1w2QtvSXBK8cuV3r10E4g3-beRqP0lilk&export=download,https://api.collegedata.fyi/storage/v1/object/public/sources/northwestern/2024-25/1df8bd3690db39a918b068ad40391386284df4eaad8c32f11546fac63d89759d.pdf,pdf_flat,5ce69d78-e78a-4e95-90ad-4b296704c5b0,,extracted,,tier4_docling
120254,Occidental College,occidental-college,2025-26,https://www.oxy.edu/sites/default/files/assets/Institutional_Research/CDS_A_2526.pdf,https://api.collegedata.fyi/storage/v1/object/public/sources/occidental-college/2025-26/bfc307ee9af476f6f177f6999bb916038a6780801aa16fd568ca06026ff14392.pdf,pdf_flat,22d6eb11-8ef2-49af-885c-7d05bf1851f3,,extracted,,tier4_docling
204796,Ohio State University-Main Campus,osu,2025-26,https://irp.osu.edu/sites/default/files/documents/2026/03/CDS-2025-2026-OSU-Columbus-Campus.pdf,https://api.collegedata.fyi/storage/v1/object/public/sources/osu/2025-26/47ad8c68770dc89275c5b7d3468b567cfdfdb2c8837d074b068bb418643e9d1a.pdf,pdf_flat,09438886-6023-4998-b88d-da41ec3c670b,,extracted,,tier4_docling
204909,Ohio Wesleyan University,ohio-wesleyan-university,2023-24,https://www.owu.edu/files/resources/ohio-wesleyan-university-cds-2023-2024.pdf,https://api.collegedata.fyi/storage/v1/object/public/sources/ohio-wesleyan-university/2023-24/05563157b636f18304d703e8bb623801e579aee4d60e802411ae6dcab7069424.pdf,pdf_flat,73562151-5259-4784-bfbb-6fefcadad3bd,,extracted,,tier4_docling
207564,Oklahoma State University Institute of Technology,oklahoma-state-university-institute-of-technology,2025-26,https://osuit.edu/about/institutional-research/files/CDS-2025-Public-ADA.pdf,https://api.collegedata.fyi/storage/v1/object/public/sources/oklahoma-state-university-institute-of-technology/2025-26/623b68815c4f5aefbb9e1948f7613f6dd4037d98c5d4233890d4e3181742a054.pdf,pdf_flat,28f28bcb-bee1-4048-91a3-4ff4e6b081c9,,extracted,,tier4_docling
207388,Oklahoma State University-Main Campus,oklahoma-state-university-main-campus,2025-26,https://ira.okstate.edu/site-files/documents/cds/CDS-2025-2026-PDF.pdf,https://api.collegedata.fyi/storage/v1/object/public/sources/oklahoma-state-university-main-campus/2025-26/1892b2c9e233051a861841dbb824f06cae307dcec383b8e19edace424f872a4c.pdf,pdf_flat,8aaffb6c-1379-4272-a068-06b274d13689,,extracted,,tier4_docling
232982,Old Dominion University,old-dominion-university,2025-26,https://www.odu.edu/sites/default/files/2026/documents/cds-2025-2026.pdf,https://api.collegedata.fyi/storage/v1/object/public/sources/old-dominion-university/2025-26/189c7f2c99968acebd62782369f6af3b74566b7ae26a4df61a9eda9239205d64.pdf,pdf_flat,e885c225-1599-4cc1-ab1c-ffd67fbea927,,extracted,,tier4_docling
209506,Oregon Institute of Technology,oregon-institute-of-technology,2025-26,https://www.oit.edu/sites/default/files/2026/documents/CDS_202526.pdf,https://api.collegedata.fyi/storage/v1/object/public/sources/oregon-institute-of-technology/2025-26/2a94cd733b90980774c9d12806440896c72f0d62267f1027a0a1604f66d523cd.pdf,pdf_flat,46129b18-52e1-4026-b895-2fd3ba2ca5bc,,extracted,,tier4_docling
209542,Oregon State University,oregon-state-university,2025-26,https://institutionalresearch.oregonstate.edu/sites/institutionalresearch.oregonstate.edu/files/2026-06/CDS-2025-26_1.pdf,https://api.collegedata.fyi/storage/v1/object/public/sources/oregon-state-university/2025-26/743b2ae6096fb32f1f75f2c913e4ca37658af2618c49c13f01c65af71f0a7f63.pdf,pdf_flat,4eaf4a23-95b5-4f5b-8bf2-78ecf4ef068a,,extracted,,tier4_docling
120403,Otis College of Art and Design,otis-college-of-art-and-design,2024-25,https://otis.edu/about/documents/CDS%202024-2025_03282025_FINALv2.pdf,https://api.collegedata.fyi/storage/v1/object/public/sources/otis-college-of-art-and-design/2024-25/560bd58ea2136a562d9efeeeb66a515ccc08c37c813ba56a4233eadf1c26923d.pdf,pdf_flat,46ddd02f-6dd6-42d2-b478-3d12d1002d34,,extracted,,tier4_docling
209612,Pacific University,pacific-university,2025-26,https://public.boxcloud.com/d/1/b1!Gqms7SjTsAeo-ayiI-Nl2wwaSsB6draX4Qp0s8tIMwNK7letDSB_lZXhbTNqwgX8dwpGth0ZWl2RIbZs9iFqNjzj174jlu3Cyq2ibVlCsZ9ElKzu7hcSYK053LI0nUtBSjVDRPdNLrYS_gyw5N-fv-M4izh44Zp0j-A0nUMLwkDVbF877jkCdwOgprV4_86U_yV2kjRTs54MihuOlUmGIwClCysrXiIaNH22U-zQzOoprbUf6rDpapjeCQeZN8fak8zZpsG0U6AApwLqJgbvozlq8gyXScitXvggXTA53iR8lZoOnt58gFhxZBzAOYJi8S-GtTH7VsFyeWGdWvl_EPQ0d4y78D8CKdSp2WMb88sjrqeOawl9728Jj6L-QVUyg_TNMjLBDLGxOgzpDe-0ShL2SldM_wZ9tHFBeu7FM3YzOyphut1MGCIi-ID1Q6HImmJN0iEdt6CS4yKVpWZswvAoQ0JW_v8dtqI8F1hpe2rdMlVo2DU9xvjVaziBdngvpUC2-fVFo-o6r33Pd3vuP1eaC41c_ppnLxB341FmmjNBZMVSvtpVGw4eaq8fXfDpO-R4RvBkgixSXvv5ISua21V2MY8Jyl7rBpgXcKsAsWsZZgEjFWHTsNrvpE_gb0Tt2XJ9fWB1EZapGNP3FW5WucqDLdXAntnMa7BLBtjxq_b0amjSK33osyGRfSCPp8hCi34-3f3xsUNipn-R5nZweIzljNumUWAhuN8zNH2FWO3CR8m7vwC6xIjcB2o3u48JkTBXTGHjnfRmrMb8xHpORPq7APqn9W-UOGh2DdVet6DROocmKfIutM0IjcSA0pchq6DuJf77UYE7mNBBcTbAcS5F1e0OC1w7lu1ycBK94-R-k6QNwHczZFG1pzruHZ1slSP6rl8Y0PJVOMj05QZJWW1RTvHJcf8j2GhIW53bFi-lOQ6SFV4IdESQCmGj-tuVknFw2kMBwAk2wldQBKLxMN-kkaCDlf-BRI6z62gg29TgugcegF00FBrh0n8MhPdhOwDq8hgbGjjcvor_3x5Jj0ItVV8nshqpnhZ_raTP2Sz-onQoeiQErkyhMhvZOUFlIkxCj38mW2YuF3PPAAStCTIRrzPFoOBPJdcuWdJr-9WR3nijjT7wAMPkKqa36NHKMhjuxqs91h0auemWa-EUWgyGxm6IUVbB9ngyYpBNIxbXbWX1gaCZoHRS3HwxPCuJZCKaHcfAg9VJDp4nT5fyFr5x3j_K5NslgvGA1e_4KAkvgVNPV78T-UUxudVTFGN17hjZc06Amm7wAGU01Xp2z4vh3HN2rC4NhOI63Wkhxin4_-IlvL5_qR11leWzqVrBuB_Ocq6v4kflJp6wB1stIezTzkhrPsjJmQrcrbkg7lKeDLGbwoLHe9wG0Zn35e7QJp4o65oRTYI2HHm3i-_p4lZqQAGI7NdI1BETF9s-e0rkbPebkaKsN-2DBpdNGyTdsk_ded05fRHvg9HDu-HaGbiOmAM810_YDJuc_m9Sthrxg5jZNtmPHdKPZ-mJ5gVTF9tKXmnJYD17ADGS7FNcBMX9iPWC4YpzaZI6NqRRC6FLt3aDV5p_VhqPgtghUnUtXGSzXHLFVrqfbADghuJl-g7CE8Zwqx0V9714LLHqEmQo3wimucn3i_e_G6_3aYH_5urYaH4zHF82EvGCAeNsp4Sn24m49iz2XuCrRHc./download,https://api.collegedata.fyi/storage/v1/object/public/sources/pacific-university/2025-26/b4e4c291adb056594743e5d8774bfe5fbd6e4d1082e88f7339a1f2d3665d41ae.xlsx,xlsx,a2f2159c-dafd-402b-b251-7778da6c8f8f,,extracted,,tier1_xlsx
136330,Palm Beach Atlantic University,palm-beach-atlantic-university,2023-24,https://www.pba.edu/wp-content/uploads/2023/12/CDS_2023_2024.pdf,https://api.collegedata.fyi/storage/v1/object/public/sources/palm-beach-atlantic-university/2023-24/2c5c85ac7b98df94e7987405892268e84b0688e959aad5daf8d7bc449ad6ed99.pdf,pdf_flat,1f95ce0a-c4e3-4114-9588-c96d9100c44c,,extracted,,tier4_docling
214777,Pennsylvania State University-Main Campus,penn-state,2025-26,https://bpb-us-e1.wpmucdn.com/sites.psu.edu/dist/d/114442/files/2026/09/CDS_2025_2026_UniversityPark_v3.pdf,https://api.collegedata.fyi/storage/v1/object/public/sources/penn-state/2025-26/4745d3ce127b28f350f5688fcbfe4cb333e540fa1ffa7986eef65eb86becd37f.pdf,pdf_flat,d8d7733e-5781-4dde-ab7a-11969e10bd4c,,extracted,low_coverage,tier4_docling
121150,Pepperdine University,pepperdine-university,2024-25,https://drive.usercontent.google.com/download?id=16KVLUw3ll1EXe0Xz5cuBjeHtDGMGGf8A&export=download,https://api.collegedata.fyi/storage/v1/object/public/sources/pepperdine-university/2024-25/73f14bd599c90f122a107a9f172ee1b8effd282e7039000c143c77ecda7f0744.pdf,pdf_flat,4c51dc68-d38f-400e-ae59-542d12d96722,,extracted,,tier4_docling
121257,Pitzer College,pitzer-college,2023-24,https://drive.usercontent.google.com/download?id=1QJwAQG6l6WAsOY1O9tjAmtO650YHB1Qy&export=download,https://api.collegedata.fyi/storage/v1/object/public/sources/pitzer-college/2023-24/399723f35ab6c3668f3a9a66b8e99ad66c6552b7960ab78060b1380ada02e7db.pdf,pdf_flat,d0decf7b-6050-400f-8c3f-8a70836b3def,,extracted,,tier4_docling
183080,Plymouth State University,plymouth-state-university,2024-25,https://www.plymouth.edu/sites/default/files/media/2025-07/FINAL%20CDS-2024-2025-Plymouth.pdf,https://api.collegedata.fyi/storage/v1/object/public/sources/plymouth-state-university/2024-25/dad0a6a8bfdc4851d9bfa277c798221687b4b8302d6d869c52bc57354fbd2aec.pdf,pdf_fillable,e93219cd-c8ce-43d3-9e3a-a9817726b142,,extracted,,tier2_acroform
215442,Point Park University,point-park-university,2024-25,https://www.pointpark.edu/about/admindepts/institutionalresearch/media/files_cds/cds_2024_2025_final_updated_03242025.pdf,https://api.collegedata.fyi/storage/v1/object/public/sources/point-park-university/2024-25/f3abcca8fbaea383e861106f5a115f5ecc9b9f488daccd36590ac6bb500357ff.pdf,pdf_flat,ae50b1ed-639b-4384-823c-d78acc2413fa,,extracted,,tier4_docling
121345,Pomona College,pomona-college,2025-26,https://tableau.campus.pomona.edu/views/CDS2025-26/A_GeneralInformation,https://api.collegedata.fyi/storage/v1/object/public/sources/pomona-college/2025-26/89729c1f26eb0387112e179e6fd3c3e7b59d151cf348c6a2ccf72b5e18ba64aa.pdf,pdf_flat,14b96669-0586-43a6-b366-46e170324a7a,,extracted,,tier4_docling
209807,Portland State University,portland-state-university,2023-24,https://www.pdx.edu/research-planning/sites/researchplanning.web.wdt.pdx.edu/files/2024-05/CDS_2023-2024%20(Updated%205-8-24%20AM).pdf,https://api.collegedata.fyi/storage/v1/object/public/sources/portland-state-university/2023-24/d7d5a78d87823156831de7797148959059c962d16ffd5d33125ecfa71601b347.pdf,pdf_flat,ead8062d-2e7a-4185-ba08-ec6c623a74b9,,extracted,,tier4_docling
194578,Pratt Institute-Main,pratt-institute-main,2025-26,https://www.pratt.edu/wp-content/uploads/2026/02/2025-2026-CDS.xlsx,https://api.collegedata.fyi/storage/v1/object/public/sources/pratt-institute-main/2025-26/e060d64d9f645f5b4810f36796badd4bbcb0ebd04248295e334c877e3e218d35.xlsx,xlsx,4221049b-0d5d-4c4c-923f-9c49b4757f4d,,extracted,,tier1_xlsx
218539,Presbyterian College,presbyterian-college,2023-24,https://www.presby.edu/wp-content/uploads/2025/07/CDS_2023_2024_PresbyterianCollege_updated052324.pdf,https://api.collegedata.fyi/storage/v1/object/public/sources/presbyterian-college/2023-24/fa77b3545f9cc5704c91c186dd11b9de8d8be226a03906694d719bcd4f4e696e.pdf,pdf_flat,43e170af-a82a-4eca-bb17-c01f4b6e7d03,,extracted,,tier4_docling
186131,Princeton University,princeton,2025-26,https://ir.princeton.edu/sites/g/files/toruqf2041/files/documents/CDS_2526_Princeton_v1.3.pdf,https://api.collegedata.fyi/storage/v1/object/public/sources/princeton/2025-26/64fe03d0257a469c0cf47592821dc233fdc86ed7e8df79849292424fc5809a0f.pdf,pdf_flat,c23c8661-c4c3-44ea-b5bc-88047b0c76ea,,extracted,,tier4_docling
217402,Providence College,providence-college,2024-25,https://drive.usercontent.google.com/download?id=1eoVemsrMuPO0W0u6_xOsnSBa0y9ITAbp&export=download,https://api.collegedata.fyi/storage/v1/object/public/sources/providence-college/2024-25/ddf80b20ad45f4ea87278d6a0d9261036420bab19546d534c73cfad30b2b64a3.pdf,pdf_fillable,6138f143-e431-4134-b58c-de58f41b6d67,,extracted,,tier2_acroform
243780,Purdue University-Main Campus,purdue,2025-26,https://www.purdue.edu/idata/wp-content/uploads/2026/04/CDS-2025-2026.xlsx,https://api.collegedata.fyi/storage/v1/object/public/sources/purdue-university/2025-26/dde921d3374f139366a3fe19d23023454f1511ed9dc83e6ba39b3e1c8c2c8d1b.xlsx,xlsx,f2b9b618-6522-480a-97bd-b2c72b0f3eef,,extracted,,tier1_xlsx
148131,Quincy University,quincy-university,2025-26,https://www.quincy.edu/wp-content/uploads/2026/03/CDS-PDF-2025-2026_PDF_Template-quincy-university-working-final.pdf,https://api.collegedata.fyi/storage/v1/object/public/sources/quincy-university/2025-26/49321b7eb7981fc39350a60dc08e6ea48d9298f3b15043eb0d8021026d81a2f5.pdf,pdf_fillable,18cedfdf-7f88-47b3-b9cb-97af00c678b1,,extracted,,tier2_acroform
130226,Quinnipiac University,quinnipiac-university,2023-24,https://drive.usercontent.google.com/download?id=16c0gNBSeFftkIPb8QQE5TQzJZ7uNIW5W&export=download,https://api.collegedata.fyi/storage/v1/object/public/sources/quinnipiac-university/2023-24/884496f41d1196cdbb4a07f43e200e0ea59b17ca15927ef5bb517231b91528d5.pdf,pdf_flat,1e7ec1ae-5f88-4e62-bed1-ce7cecf7d3c8,,extracted,,tier4_docling
233277,Radford University,radford-university,2025-26,https://www.radford.edu/institutional-research/_documents/cds-2025.pdf,https://api.collegedata.fyi/storage/v1/object/public/sources/radford-university/2025-26/088c31a7478fef9d62d600158234422fdfebfba4fa74d86589977c3b4b96b63d.pdf,pdf_flat,2d154ee6-4b47-41f3-bd5c-1d835b8af9f7,,extracted,,tier4_docling
186201,Ramapo College of New Jersey,ramapo-college-of-new-jersey,2024-25,https://www.ramapo.edu/ir/wp-content/uploads/sites/52/2025/04/2024-2025-Common-Data-Set.pdf,https://api.collegedata.fyi/storage/v1/object/public/sources/ramapo-college-of-new-jersey/2024-25/16d42efa46ea6c519271061dab72df222c154a8a19e84efbbf617c7dce4bfc04.pdf,pdf_flat,148b6a98-eee6-4079-8086-014428a93d5b,,extracted,,tier4_docling
233295,Randolph-Macon College,randolph-macon-college,2024-25,https://www.rmc.edu/wp-content/uploads/2024/05/CDS_2023_2024_F.pdf,https://api.collegedata.fyi/storage/v1/object/public/sources/randolph-macon-college/2023-24/b22bcc724c892d3bc33a904f3d0bf4e1b5e080e99f665008dc87f50e2ea5b5de.pdf,pdf_fillable,d08eb29e-3a72-4adb-81f2-2040f0898051,,extracted,,tier2_acroform
209922,Reed College,reed-college,2024-25,https://drive.usercontent.google.com/download?id=1o3FD7pfAbFDV4jkuw1HI0AzpIAkkNUKu&export=download,https://api.collegedata.fyi/storage/v1/object/public/sources/reed-college/2024-25/234ca8b162cbeb90c0d44a88f59b0b972671f30ad1bb758b2564926076a5b209.pdf,pdf_flat,22283326-6481-4912-b4c0-8ec71b3aa3fb,,extracted,,tier4_docling
231651,Regent University,regent-university,2023-24,https://www.regent.edu/wp-content/uploads/2024/06/Regent-University-Common-Data-Set-2023-2024.pdf,https://api.collegedata.fyi/storage/v1/object/public/sources/regent-university/2023-24/041f0b68d6f239f7ae096f9e4a752047e6bbab473faf5bf0698aa969525e7458.pdf,pdf_flat,8de5dc4f-1c7f-4cfd-b2e0-5e6689d5cbc7,,extracted,,tier4_docling
217420,Rhode Island College,rhode-island-college,2025-26,https://www.ric.edu/documents/common-data-set-2025-2026,https://api.collegedata.fyi/storage/v1/object/public/sources/rhode-island-college/2025-26/09ee207734d8da70741312502a33eef5bad48cd45f5f58c741dee8955a2d2a49.pdf,pdf_flat,1d7005b8-5f93-4403-9f4c-71612cf0acea,,extracted,low_coverage,tier4_docling
221351,Rhodes College,rhodes-college,2025-26,https://www.rhodes.edu/sites/default/files/2026-05/CDS_2025-26_(New_Update).xlsx,https://api.collegedata.fyi/storage/v1/object/public/sources/rhodes-college/2025-26/bbae3a91040e2be39e5ba7ddf6bd7d5e2cdd1a8a01de5938af4cfc7b09f5fef8.xlsx,xlsx,6dc25964-3f22-483e-9d4e-47e99df144f9,,extracted,,tier1_xlsx
227757,Rice University,rice,2025-26,https://ideas.rice.edu/wp-content/uploads/2026/08/CDS_2025-26_WEBSITE_Updated_8-3-2026.pdf,https://api.collegedata.fyi/storage/v1/object/public/sources/rice/2025-26/610a3c7a7d57dde6901e4d734829ed7ba684ac193a205d093ede43e5adafe9f1.pdf,pdf_flat,a4d5c735-05f3-4e9f-8cbc-37d207031271,,extracted,,tier4_docling
195003,Rochester Institute of Technology,rochester-institute-of-technology,2025-26,https://www.rit.edu/institutionalresearch/sites/rit.edu.institutionalresearch/files/documents/Common%20Data%20Set%20PDFs/RIT_CDS_2025_26_FINAL_20260603.pdf,https://api.collegedata.fyi/storage/v1/object/public/sources/rochester-institute-of-technology/2025-26/2a37f4c20beb0600f1e3dd37b0e740aca5e2a4c52ff50d5318ef8ceaf8602b10.pdf,pdf_flat,bb63d9fa-c636-4848-a500-faad0f2bda57,,extracted,,tier4_docling
180595,Rocky Mountain College,rocky-mountain-college,2025-26,https://rocky.edu/wp-content/uploads/2025/11/CDS_2025-2026.pdf,https://api.collegedata.fyi/storage/v1/object/public/sources/rocky-mountain-college/2025-26/e6c342c254aa36e5392e4191d5eeec4a216bc2f94267737dd2bd113fe87235d4.pdf,pdf_flat,99746411-0d9d-4247-a8a1-b6efa723e922,,extracted,,tier4_docling
207661,Rogers State University,rogers-state-university,2025-26,https://rogersstateuniversity.b-cdn.net/app/uploads/2026/06/CDS-2025-26.pdf,https://api.collegedata.fyi/storage/v1/object/public/sources/rogers-state-university/2025-26/bb6bc60a0bd7877cb76dd0875ede1ff4e74ed8df2e2cb0d9199ece2e28e4036c.pdf,pdf_flat,96b2a6be-4ed5-410c-b75e-f7b66f1c976c,,extracted,,tier4_docling
136950,Rollins College,rollins-college,2024-25,https://drive.usercontent.google.com/download?id=1kuzTrfMGGpU6FncJ1kqxT6hav0ir20L5&export=download,https://api.collegedata.fyi/storage/v1/object/public/sources/rollins-college/2024-25/649a530909bda8db3713df351b029bebf6b3e4b7bec2a966abe3ee6bad0d93f5.pdf,pdf_flat,77f51735-bc21-4780-8d0b-eaad251bcd42,,extracted,,tier4_docling
152318,Rose-Hulman Institute of Technology,rose-hulman-institute-of-technology,2024-25,https://drive.usercontent.google.com/download?id=1da72P1KPJhrKAU-fTEfM6zK4YMovnhhM&export=download,https://api.collegedata.fyi/storage/v1/object/public/sources/rose-hulman-institute-of-technology/2024-25/050b28b06af45733dffd066e4f8ee21e73e5063392249f2364a05535f2b5677d.pdf,pdf_flat,b631d032-74cc-4836-9bf8-d3e0aba142ff,,extracted,,tier4_docling
184782,Rowan University,rowan-university,2025-26,https://sites.rowan.edu/academic-affairs/ida/_docs/rowan_university_cds.pdf,https://api.collegedata.fyi/storage/v1/object/public/sources/rowan-university/unknown/c90dfbf6e5f2227e74484c4db8f9f2451cf5693e8a2f953418825a8ceba478dd.pdf,pdf_flat,a4bcfebf-61b6-41ed-a41c-92679dd80f81,,extracted,,tier4_docling
186380,Rutgers University-New Brunswick,rutgers,2023-24,https://oirds.rutgers.edu/CDS/2023/New%20Brunswick%20CDS_2023-2024_final_V1.pdf,https://api.collegedata.fyi/storage/v1/object/public/sources/rutgers/2023-24/9adfd2e36365ee65d3316ae7a0d1ea3674cf62aa0a412018d753366ddc8296f3.pdf,pdf_flat,f64eb8d3-a2e6-4a13-a779-61fd41f8a35d,,extracted,,tier4_docling
196167,SUNY College at Geneseo,suny-college-at-geneseo,2024-25,https://drive.usercontent.google.com/download?id=1LdTI380difIIPSGArsGEFxl1pYJKulzh&export=download,https://api.collegedata.fyi/storage/v1/object/public/sources/suny-college-at-geneseo/2024-25/8675908d95de0c6cc8d414244eafe37eace1536056106fdab5d6b70fe106a79c.pdf,pdf_flat,d9aa8744-116f-4756-9ce7-84939cf8c3bc,,extracted,,tier4_docling
196200,SUNY College at Potsdam,suny-college-at-potsdam,2025-26,https://www.potsdam.edu/sites/default/files/CDS_2025-2026.pdf,https://api.collegedata.fyi/storage/v1/object/public/sources/suny-college-at-potsdam/2025-26/c35f098712810152ea263e4b50eed00a733b615b88e8bc93fa93ea22443960ac.pdf,pdf_flat,3b1475c1-19ac-4f7f-8f1a-2bc9d63ff967,,extracted,low_coverage,tier4_docling
196103,SUNY College of Environmental Science and Forestry,suny-college-of-environmental-science-and-forestry,2025-26,https://www.esf.edu/institutional-research/documents/CDS_2025_2026_ESF.pdf,https://api.collegedata.fyi/storage/v1/object/public/sources/suny-college-of-environmental-science-and-forestry/2025-26/101792374d90e1a1a345c8e05537db2a49aea90733e8c1cd343655c3758fcf7f.pdf,pdf_flat,0963c774-a380-488d-9f23-22af0c5390d0,,extracted,,tier4_docling
196015,SUNY College of Technology at Canton,suny-college-of-technology-at-canton,2025-26,https://www.canton.edu/media/ir/CDS2025-2026.pdf,https://api.collegedata.fyi/storage/v1/object/public/sources/suny-college-of-technology-at-canton/2025-26/2699cb3d9450b1cad9847ffb9db2f80067b25d052ac26b678179bffc84456047.pdf,pdf_flat,4ca08f94-98ff-4c26-8565-c507da744498,,extracted,,tier4_docling
196185,SUNY Oneonta,suny-oneonta,2024-25,https://drive.usercontent.google.com/download?id=1ONOj6xLAnukWzgpdfP9VaJCFO8D57xmx&export=download,https://api.collegedata.fyi/storage/v1/object/public/sources/suny-oneonta/2024-25/d912dcbc0ad5c6abb6916c63b34e02610944bbddda6ca25a5e051f61e23bc6f9.pdf,pdf_fillable,4a5f82b6-c548-4098-b338-d50b7f9d7a27,,extracted,,tier2_acroform
196158,SUNY at Fredonia,suny-at-fredonia,2023-24,https://www.fredonia.edu/sites/default/files/archive/aa/CDS_2023_2024_Fredonia_readonly.pdf,https://api.collegedata.fyi/storage/v1/object/public/sources/suny-at-fredonia/2023-24/360f9f54fddb363b6906b3cc61e0dd4bbc9574159dc1ce6b12ac7f33bf1061be.pdf,pdf_flat,b587ca7e-c4e3-488e-8bdd-ef45e696c26b,,extracted,,tier4_docling
196219,SUNY at Purchase College,suny-at-purchase-college,2024-25,https://drive.usercontent.google.com/download?id=10GKLizwEpsBZPyzyFr-kOLQIHKT1VFn6&export=download,https://api.collegedata.fyi/storage/v1/object/public/sources/suny-at-purchase-college/2024-25/9f32ce28b9f6bac0247d79ff4c76a1b877a520a3c9cba24e7c2c9456e0c96107.pdf,pdf_flat,13104dae-ea29-4f85-a3cc-e69aaa8f9310,,extracted,,tier4_docling
172051,Saginaw Valley State University,saginaw-valley-state-university,2025-26,https://www.svsu.edu/media/officeofinstitutionalresearch/CDS%202025-2026.xlsx,https://api.collegedata.fyi/storage/v1/object/public/sources/saginaw-valley-state-university/2025-26/e12423e8f058fcddc6ef5b5590f954c509bcb0ea374e7b98acf843a519c29d83.xlsx,xlsx,b55604e3-2cc1-44e6-bea0-1cda3979fa4f,,extracted,,tier1_xlsx
154235,Saint Ambrose University,saint-ambrose-university,2025-26,https://sau.edu/media/content-assets/pdfs/consumer-information/SAU-Common-Data-Set-2025-26.pdf,https://api.collegedata.fyi/storage/v1/object/public/sources/saint-ambrose-university/2025-26/868f5cbfdda4b344aacf1d513985b79c902fd52d446ee4d7befee344615149fb.pdf,pdf_flat,6cb4a3a1-c37a-4d4d-b56b-3d7b5b16d32d,,extracted,,tier4_docling
152390,Saint Mary's College,saint-marys-college,2024-25,https://www.saintmarys.edu/files/2025/09/2024-2025-CDSv3.pdf,https://api.collegedata.fyi/storage/v1/object/public/sources/saint-marys-college/2024-25/e18b7cdc7d489a1c2f1b0e9d7debc630640d3f922f52d667c5168eb6f20b5583.pdf,pdf_flat,87d0709c-a0ec-4e53-9239-c81409d3406d,,extracted,,tier4_docling
123554,Saint Mary's College of California,saint-marys-college-of-california,2024-25,https://drive.usercontent.google.com/download?id=1W7GgBPTshUk_CJUnwInhpoQ0Ko2RdrZ0&export=download,https://api.collegedata.fyi/storage/v1/object/public/sources/saint-marys-college-of-california/2024-25/f3146df6664f633b5121d84bb2a6958b8965126ea52448553866d89f81a6f80b.pdf,pdf_flat,0206234c-27da-4494-a369-54131de594e1,,extracted,,tier4_docling
231059,Saint Michael's College,saint-michaels-college,2025-26,https://www.smcvt.edu/wp-content/uploads/2026/06/CDS_2025-2026-Highlights-20260601-smcvtedu.pdf,https://api.collegedata.fyi/storage/v1/object/public/sources/saint-michaels-college/2025-26/22d226c1fc7af3fa9521c96cdbb1b970098b56af6ac1ef9ef9402a4930c545bc.pdf,pdf_flat,a21ff9f9-be9e-4815-af3f-c1c18125cee6,,extracted,,tier4_docling
167729,Salem State University,salem-state-university,2024-25,https://records.salemstate.edu/sites/default/files/reports/2026-04/CDS-2024-2025.pdf,https://api.collegedata.fyi/storage/v1/object/public/sources/salem-state-university/2024-25/32d54519231ed70f3824d6986df1edcb3beba80b87600bcd68a7b195db72bfe0.pdf,pdf_flat,b2d4222d-b7d7-49e6-9717-93f6fde18985,,extracted,low_coverage,tier4_docling
163851,Salisbury University,salisbury-university,2025-26,https://www.salisbury.edu/administration/university-analysis-reporting-and-assessment/_files/CDS-2025-2026.pdf,https://api.collegedata.fyi/storage/v1/object/public/sources/salisbury-university/2025-26/051643c4c04d28af5a0890182316e35e70b1482023e02f8fe6ac5b7a5051c8f7.pdf,pdf_flat,6682229f-1c1d-4e29-9787-aaaf835923da,,extracted,,tier4_docling
102049,Samford University,samford-university,2024-25,https://www.samford.edu/departments/files/Institutional_Effectiveness/2024-2025/CDS_Section_A.pdf,https://api.collegedata.fyi/storage/v1/object/public/sources/samford-university/2024-25/4981190157643b57ce58ca7a2ec697954f81bcc141e9ab0feeec17fe0187d337.pdf,pdf_flat,5d04c9a5-d0b0-4183-a17b-493cacac701d,,extracted,,tier4_docling
122409,San Diego State University,san-diego-state-university,2025-26,https://asir.sdsu.edu/Documents/CommonDataSets/CDS_2025-2026_updated%207-28.pdf,https://api.collegedata.fyi/storage/v1/object/public/sources/san-diego-state-university/2025-26/ab060a02cc3b4b75f40513ace29a76b7cc55a70d281ef8397543f9a3ad2cac33.pdf,pdf_flat,24b75759-ca04-45c5-bb76-aba91bdf1399,,extracted,,tier4_docling
122755,San Jose State University,san-jose-state-university,2024-25,https://drive.usercontent.google.com/download?id=1OgrHSD1Z3sYa7aAcQeRa2_kc6bfjXdOb&export=download,https://api.collegedata.fyi/storage/v1/object/public/sources/san-jose-state-university/2024-25/5222376d669a3d5432a378d0d32572309e863e7dbd053d615258c5b3ac02cad0.pdf,pdf_flat,5d06b1fb-8045-4b7a-827b-84d4243c27c9,,extracted,,tier4_docling
122931,Santa Clara University,santa-clara-university,2024-25,https://drive.usercontent.google.com/download?id=1vfbrOrkoUKUMqrcIBqcg60yigVWD3jTD&export=download,https://api.collegedata.fyi/storage/v1/object/public/sources/santa-clara-university/2024-25/74ec5530e84d87df7653ea1d54568013bff4f10b76fa72eeff7c167279e0a98e.pdf,pdf_fillable,cf47c0a3-55cd-40c7-8255-b98e36864ceb,,extracted,,tier2_acroform
195304,Sarah Lawrence College,sarah-lawrence-college,2024-25,https://assets.sarahlawrence.io/about/slc-cds-2024-2025.pdf,https://api.collegedata.fyi/storage/v1/object/public/sources/sarah-lawrence-college/2024-25/7ff4ee4ed549a67bd6c330c5ac83c701bffd642dbe50c2761945f7e447bb7fb6.pdf,pdf_fillable,80ca73fb-c495-4aa8-ae39-a9d839395890,,extracted,,tier2_acroform
123165,Scripps College,scripps-college,2024-25,https://drive.usercontent.google.com/download?id=1MWZXiqPqf9z9qlQnJ6jOl4nSvUHS8l9p&export=download,https://api.collegedata.fyi/storage/v1/object/public/sources/scripps-college/2024-25/6ba75c3366b015babaf46eac5cb595322e7f175af55a15304ebad1209a0c3f55.pdf,pdf_flat,1612600f-8cf9-42bc-8a21-1ea54701b0e5,,extracted,,tier4_docling
233541,Shenandoah University,shenandoah-university,2024-25,https://www.su.edu/wp-content/uploads/2014/11/CDS-2425-Final.pdf,https://api.collegedata.fyi/storage/v1/object/public/sources/shenandoah-university/2024-25/ef1c82b3170da8095a9aaa69bc0e2a50a8ff28b8526ddf83b0e19465ecf3eeb3.pdf,pdf_fillable,14b8b791-de73-4c2f-ad83-dde15f28697a,,extracted,,tier2_acroform
195474,Siena College,siena-college,2025-26,https://www.siena.edu/files/resources/oie-common-data-set-2025-2026.pdf,https://api.collegedata.fyi/storage/v1/object/public/sources/siena-college/2025-26/7d48f8efc3347e4cbdcf5d1b76c9dd2050460a8cc76ccdf93cf5f64af15e924f.pdf,pdf_flat,97b29b72-5de1-4512-961e-34198c097b2c,,extracted,,tier4_docling
195526,Skidmore College,skidmore-college,2025-26,https://www.skidmore.edu/ir/facts/common/cds-2025-26.pdf,https://api.collegedata.fyi/storage/v1/object/public/sources/skidmore-college/2025-26/5281407543b88c2f7549d79743dc64e3f9c61035d38e587093fb610ee666ca05.pdf,pdf_flat,73195d1e-fa00-4152-82d1-3e81d36b3ada,,extracted,,tier4_docling
167835,Smith College,smith-college,2024-25,https://drive.usercontent.google.com/download?id=13nmysLrdi_X_Hv5O0iWFxIZiA6ht9i0r&export=download,https://api.collegedata.fyi/storage/v1/object/public/sources/smith-college/2024-25/49f8f33ba59380670a67a706ce12f30baa8fdb17bb2de3463d790e97735704a3.pdf,pdf_flat,802399b6-eb8a-481c-a5ec-22c6546992e2,,extracted,low_coverage,tier4_docling
218733,South Carolina State University,south-carolina-state-university,2025-26,https://scsu.edu/ier/CDS-2025-2026_SC%20State%20University%20041326.pdf,https://api.collegedata.fyi/storage/v1/object/public/sources/south-carolina-state-university/2025-26/a38f49099a28b5d1e83efe7b1787f76373347c339bcd4de3c8edea017d60a1a3.pdf,pdf_flat,7fb2942a-d5a6-4ca3-abc2-08fc60400a70,,extracted,,tier4_docling
179557,Southeast Missouri State University,southeast-missouri-state-university,2025-26,https://semo.edu/institutional-research/_pdfs/accessible_version_cds-pdf-2025-2026-southeastmissouristateuniversity.pdf,https://api.collegedata.fyi/storage/v1/object/public/sources/southeast-missouri-state-university/2025-26/b5ed1a9a2e3ef805248bf2d3e69aa729142bbb598ebb39c234d85d951061a2ed.pdf,pdf_fillable,c2bcde24-cf9b-4112-9aba-fb5daea18649,,extracted,,tier2_acroform
130493,Southern Connecticut State University,southern-connecticut-state-university,2025-26,https://go.southernct.edu/docs/drupal/CDS_2025-2026.xlsx,https://api.collegedata.fyi/storage/v1/object/public/sources/southern-connecticut-state-university/2025-26/9cdceae0e1d433a95f92992a819b432cf3e2b5db71825e5aa6a7861a18b82a00.xlsx,xlsx,37e02d49-9323-4ff5-83c5-8017adcd9d09,,extracted,,tier1_xlsx
228246,Southern Methodist University,southern-methodist-university,2025-26,https://www.smu.edu/-/media/site/ir/commondatasets/2025/cds-2025-26-part-c-first-time-freshman-final.pdf,https://api.collegedata.fyi/storage/v1/object/public/sources/southern-methodist-university/2025-26/7f57631d8d646e2a82a5ede650fab5712d7e31c52b8547f1449b8c8c4fce9670.pdf,pdf_flat,25ece3c2-7596-48c8-8518-513201187d1a,,extracted,,tier4_docling
228343,Southwestern University,southwestern-university,2024-25,https://drive.usercontent.google.com/download?id=13fdsNdsBjbfUJzEXnrpI2zON74oeilHv&export=download,https://api.collegedata.fyi/storage/v1/object/public/sources/southwestern-university/2024-25/3515ce897ef4d33461a77f4e61d22af3187eeb4b86de675c5be72820616480c9.pdf,pdf_flat,6aadfdb3-1383-4faa-a826-3ecaf8773229,,extracted,,tier4_docling
141060,Spelman College,spelman-college,2025-26,https://www.spelman.edu/_1_Docs-and-Files/about/institutional-research/common-data-set/cds_2025-2026_spelman_college_1.26.2026.pdf,https://api.collegedata.fyi/storage/v1/object/public/sources/spelman-college/2025-26/fb4c14161f5cadb4e3659c5d7002a5cca37f8937cb71e7ea0f869ffe9d825a0f.pdf,pdf_flat,cd69182e-4fe3-4944-a0c4-e3c15646fd73,,extracted,,tier4_docling
167899,Springfield College,springfield-college,2025-26,https://springfield.edu/sites/default/files/springfield-college-common-data-set-2025-26.pdf,https://api.collegedata.fyi/storage/v1/object/public/sources/springfield-college/2025-26/75828d5e059baee67e49f0dba61d1bc39321c5b9a7abb503a137cdc118b7ce15.pdf,pdf_fillable,2e68709a-a637-4dc8-9fbe-ec7871c09a3b,,extracted,,tier2_acroform
475273,"Springfield College-Regional, Online, and Continuing Education",springfield-college-regional-online-and-continuing-education,2024-25,https://springfield.edu/sites/default/files/springfield-college-2024-25-common-data-set-usnews-v4.pdf,https://api.collegedata.fyi/storage/v1/object/public/sources/springfield-college-regional-online-and-continuing-education/2024-25/4465ef0dca190e6d03da3774e93107b535dd4a75e6d39df026b2f5a1deb6ed43.pdf,pdf_fillable,4bc16522-4b72-49fd-b1be-8c87109bd601,,extracted,,tier2_acroform
195216,St Lawrence University,st-lawrence-university,2023-24,https://drive.usercontent.google.com/download?id=1oQwk-li3pMs_mLAGaJDWivC7ns1rwAiE&export=download,https://api.collegedata.fyi/storage/v1/object/public/sources/st-lawrence-university/2023-24/095e6d3d01c659ad63a562b3bfc27fbcd4313e7158da089830b551841d6d083b.pdf,pdf_flat,91cbfe18-ee01-4f9f-892e-ed40a209745b,,extracted,,tier4_docling
174844,St Olaf College,st-olaf-college,2024-25,https://drive.usercontent.google.com/download?id=1-pnWyqC_p3XdjYDvKRMY_xDAyo9KCGj0&export=download,https://api.collegedata.fyi/storage/v1/object/public/sources/st-olaf-college/2024-25/f34aaec27125b2bb890be92bb2e61a03331bf99412368b4ff06481dc0fbfab5b.pdf,pdf_flat,d4f560eb-5e27-480f-843f-a2683266ad8b,,extracted,,tier4_docling
137078,St Petersburg College,st-petersburg-college,2024-25,https://ir.spcollege.edu/wp-content/uploads/2025/06/CDS-2024-2025-Final-IR-Website.xlsx,https://api.collegedata.fyi/storage/v1/object/public/sources/st-petersburg-college/2024-25/45244be0fd9c888018caacc6d663b403e80da3a7e5856c10e56fd2e736316fcc.xlsx,xlsx,4f964bc3-874f-40be-92f0-d28987e6ef79,,extracted,,tier1_xlsx
195720,St. John Fisher University,st-john-fisher-university,2025-26,https://www.sjf.edu/media/services/institutional-research/documents/CommonDataSet.pdf,https://api.collegedata.fyi/storage/v1/object/public/sources/st-john-fisher-university/unknown/ba63de354f5c37811c2c2731b8d55b068e667c06c50c39ab0de3ea973afa89e7.pdf,pdf_flat,4c09bc8c-7ec0-42ef-9c37-b5bc606ac634,,extracted,,tier4_docling
163912,St. Mary's College of Maryland,st-marys-college-of-maryland,2025-26,https://www.smcm.edu/app/uploads/sites/60/2026/05/CDS_25-26.pdf,https://api.collegedata.fyi/storage/v1/object/public/sources/st-marys-college-of-maryland/2025-26/45c5ce5e76e2f3912d38b3e20c928742facce590be005a4e7dc534a8b2571e44.pdf,pdf_fillable,e3518cf0-4bc0-4848-988b-2b9659598789,,extracted,,tier2_acroform
243744,Stanford University,stanford,2025-26,https://drive.usercontent.google.com/download?id=1GIPKgVj1d86dkmLkHI_mZVCk_iY6kiCp&export=download,https://api.collegedata.fyi/storage/v1/object/public/sources/stanford/2025-26/dd67ed4e2996f9019cdc9ec35835f6654a178644fea9fa7ce78d79dcfc35ef0f.pdf,pdf_flat,9c237706-74d4-42cf-a6da-ea5fe979d1e7,,extracted,,tier4_docling
228431,Stephen F Austin State University,stephen-f-austin-state-university,2025-26,https://www.sfasu.edu/docs/institutional-research/common-data-set-complete-25-26.pdf,https://api.collegedata.fyi/storage/v1/object/public/sources/stephen-f-austin-state-university/2025-26/e0d46628f33c3f13c7fae8dd54abc49e2d7cbeab9b260e6d36d14b6750c7a54e.pdf,pdf_flat,28fe3101-9ade-4992-9334-f239e09de760,,extracted,,tier4_docling
137546,Stetson University,stetson-university,2024-25,https://drive.usercontent.google.com/download?id=1VcJ_hPkcy9edY2EXFcVrf_SzJyUOE-dY&export=download,https://api.collegedata.fyi/storage/v1/object/public/sources/stetson-university/2024-25/e3a75903d4b163ba90fda31a078fc124b6b2fb48f032562ebdf371af84c48946.pdf,pdf_fillable,54a326f5-d136-4877-8403-3ca4c5252226,,extracted,,tier2_acroform
186867,Stevens Institute of Technology,stevens-institute-of-technology,2024-25,https://drive.usercontent.google.com/download?id=1Cm2IelF4P_u-R5pua5V__zuUtK6S2-je&export=download,https://api.collegedata.fyi/storage/v1/object/public/sources/stevens-institute-of-technology/2024-25/102ce244e016371cd0754cdaf5de9f250f078057ae47fed15ae604df92c65bc9.pdf,pdf_flat,7227514d-ba5f-448d-825b-3075da87457d,,extracted,,tier4_docling
196097,Stony Brook University,stony-brook-university,2024-25,https://drive.usercontent.google.com/download?id=1Xau4LIrBSBCWtgZUPZ_HkjMcbduJBWg0&export=download,https://api.collegedata.fyi/storage/v1/object/public/sources/stony-brook-university/2024-25/11502e13aa89e43cf5c18f12e5d7487e1d70fda74809c216c868c602162cc6c3.pdf,pdf_flat,225065f9-ebcd-45b2-9d9c-0f47c23ff8ea,,extracted,,tier4_docling
216278,Susquehanna University,susquehanna-university,2025-26,https://www.susqu.edu/wp-content/uploads/2025/05/Common-Data-Set.pdf,https://api.collegedata.fyi/storage/v1/object/public/sources/susquehanna-university/unknown/5c74337c4034ec92879feaa1915865be7c57d59d5586776c97f2f07c47651c53.pdf,pdf_flat,217f94c0-b012-4e35-89df-e73bbf220deb,,extracted,,tier4_docling
216287,Swarthmore College,swarthmore,2025-26,https://www.swarthmore.edu/sites/default/files/assets/documents/institutional-effectiveness-research-assessment/Swarthmore-CDS-2025-26.pdf,https://api.collegedata.fyi/storage/v1/object/public/sources/swarthmore/2025-26/beb0aaeaf803f548829a7c0d4fcf7e3ff9dfd808f1a0e7f8589d0fa584b60405.pdf,pdf_fillable,067dd38c-381c-464f-90f3-d26d94710663,,extracted,,tier2_acroform
152530,Taylor University,taylor-university,2023-24,https://www.taylor.edu/_docs/student-consumer-info/common-data-set-2023-24.pdf,https://api.collegedata.fyi/storage/v1/object/public/sources/taylor-university/2023-24/64e6523a2cd9f64077a2c8bc4d0113bcc7b0e93ee2bff8ca0e770ebe4f95cd5b.pdf,pdf_flat,55749fcd-90b4-47e4-b89b-55f180547fe9,,extracted,,tier4_docling
216339,Temple University,temple,2024-25,https://drive.usercontent.google.com/download?id=1aa95wCsAHPMHqTrxzY7KJ6drIfQ4WAaa&export=download,https://api.collegedata.fyi/storage/v1/object/public/sources/temple/2024-25/9ea18cce3a5f4c0628741f716aa359c92993a9b61053337870d926a9e03fbdcf.pdf,pdf_flat,f693930c-4264-40a7-88b9-4c40572a9e0a,,extracted,,tier4_docling
221838,Tennessee State University,tennessee-state-university,2024-25,https://www.tnstate.edu/ir/General%20Information204-25.pdf,https://api.collegedata.fyi/storage/v1/object/public/sources/tennessee-state-university/unknown/d937886687204a79d4ad8fe2590835f162e9173af246d250f94aff12e13214c7.pdf,pdf_flat,d9d4d91f-5e40-43af-9bfc-788cd0ddc653,,extracted,,tier4_docling
221847,Tennessee Technological University,tennessee-technological-university,2025-26,https://www.tntech.edu/iare/pdf/institutional_research/CDS-PDF-2025-2026_ADA.pdf,https://api.collegedata.fyi/storage/v1/object/public/sources/tennessee-technological-university/2025-26/680fe9f8ac1db186bead530cabb2bf11a6955010c63b223474f6a63d35452624.pdf,pdf_flat,0c376b16-dc96-4233-9aab-44315ba086a7,,extracted,,tier4_docling
224147,Texas A & M University-Corpus Christi,texas-a-and-m-university-corpus-christi,2025-26,https://www.tamucc.edu/president/pir/cds_files/cds_2025-2026-final3.pdf,https://api.collegedata.fyi/storage/v1/object/public/sources/texas-a-and-m-university-corpus-christi/2025-26/6da478b9aa04679f9aa92a2ec1f2f9276582a0bad4db71c3d9eebdaec5c2686d.pdf,pdf_flat,22db2bfe-7b1a-4219-b0c9-95e41b12ce9f,,extracted,,tier4_docling
228723,Texas A&M University-College Station,texas-am,2025-26,https://abpa.tamu.edu/getattachment/3ef3380e-0c01-4ac3-bad5-185eb51fa208/CDS-PDF-2025-2026_TAMU_FINAL.pdf,https://api.collegedata.fyi/storage/v1/object/public/sources/texas-am/2025-26/6b807ba08287301928f24ad949c5bcf06171e8c1a48d8e2bb520aacfd2b34341.pdf,pdf_fillable,86a20b19-d040-4f08-be99-9d0ca01ca6d2,,extracted,,tier2_acroform
228705,Texas A&M University-Kingsville,texas-a-and-m-university-kingsville,2024-25,https://www.tamuk.edu/pes/_files_oir/CDS_reports/2024-2025_TAMUK_CDS.pdf,https://api.collegedata.fyi/storage/v1/object/public/sources/texas-a-and-m-university-kingsville/2024-25/b2c91a2f45d0db4ffe4c9f208414946ebec915a79764d58af55fb9eb980f8d92.pdf,pdf_flat,191a6138-581c-49bc-b6d2-225cdd63a4b7,,extracted,,tier4_docling
459949,Texas A&M University-San Antonio,texas-aandm-university-san-antonio,2024-25,https://www.tamusa.edu/office-institutional-research/documents/CDS_TAMUSA_2024_2025_legacy_version_update.xlsx,https://api.collegedata.fyi/storage/v1/object/public/sources/texas-aandm-university-san-antonio/2024-25/3466edb8480f183f4800b33cbac45ae7920381369051acc0ba4d4c3fdd3b677e.xlsx,xlsx,bc060d3b-fa91-4ad0-94fb-86541a8562e2,,extracted,,tier1_xlsx
228875,Texas Christian University,texas-christian-university,2025-26,https://ir.tcu.edu/wp-content/uploads/2026/03/CDS-2025-26-TCU.pdf,https://api.collegedata.fyi/storage/v1/object/public/sources/texas-christian-university/2025-26/ed55db76e9f995c7e19aee6072fd79e8b03c0b181eb822f24383f4e85c37f870.pdf,pdf_flat,6b5e4348-b42b-42b6-81ea-a85432155b11,,extracted,,tier4_docling
228459,Texas State University,texas-state-university,2024-25,https://docs.gato.txst.edu/743980/CDS-2024-2025%20from%20richard.pdf,https://api.collegedata.fyi/storage/v1/object/public/sources/texas-state-university/2024-25/eea320c8625377d42445d0b8991b4ceae0c9d1ab2e44618274ebe08cfd877c86.pdf,pdf_flat,4ff62ce3-b75a-4f10-9c36-ed5bf4e1ce7f,,extracted,,tier4_docling
229115,Texas Tech University,texas-tech-university,2024-25,https://drive.usercontent.google.com/download?id=1pXFSa14XaZ8VVRBIhSgEtp-PpzMds2YF&export=download,https://api.collegedata.fyi/storage/v1/object/public/sources/texas-tech-university/2024-25/74a8e7a3db94d3d6fc495c9c65e3d880657ead4007780bf8cbc0f6b3b93e3631.pdf,pdf_fillable,78af8ec0-4ce0-4074-aad0-a1f4fca89355,,extracted,,tier2_acroform
229179,Texas Woman's University,texas-womans-university,2024-25,https://twu.edu/media/documents/irdm/CDS_2024-2025_v2.pdf,https://api.collegedata.fyi/storage/v1/object/public/sources/texas-womans-university/2024-25/09a4f82c443dece1415f21d2fa5f93c26997720a264c44ddeef24bb099f037be.pdf,pdf_flat,b2e5f789-1bc9-4e17-8473-c829acd1e93b,,extracted,,tier4_docling
187134,The College of New Jersey,the-college-of-new-jersey,2024-25,https://ira.tcnj.edu/wp-content/uploads/sites/322/2025/04/CDS-2024-2025.pdf,https://api.collegedata.fyi/storage/v1/object/public/sources/the-college-of-new-jersey/2024-25/ee9831268c9e8abb0852c803ade291134e25f3ea8a32cf7bbf44f8ded48ab44a.pdf,pdf_flat,ed60f54d-fd3a-4c31-b2e6-7f9bae404991,,extracted,,tier4_docling
206589,The College of Wooster,the-college-of-wooster,2024-25,https://drive.usercontent.google.com/download?id=1s15mPw4CPv-jsjrepmzMpykl8hS5Ftnt&export=download,https://api.collegedata.fyi/storage/v1/object/public/sources/the-college-of-wooster/2024-25/df6cddda4906467829521fbbf5456ecc5e128b1981622edb14174e0223de6345.pdf,pdf_flat,571a135e-ea1f-4dae-a778-24e9fa01a451,,extracted,,tier4_docling
235167,The Evergreen State College,the-evergreen-state-college,2024-25,https://www.evergreen.edu/sites/default/files/2025-05/The_Evergreen_State_College_CDS_2024-2025.pdf,https://api.collegedata.fyi/storage/v1/object/public/sources/the-evergreen-state-college/2024-25/bd6d6e8b69aeac939176acd8231c684e094906ae7f2a10b5c0c7dcdfa24ef3bd.pdf,pdf_flat,2866e167-6ad1-4231-96cb-7778fd05a21e,,extracted,,tier4_docling
100751,The University of Alabama,the-university-of-alabama,2025-26,https://oira.ua.edu/d/sites/all/files/reports26/CDS%202025-26%20FINAL%209Dec2025.pdf,https://api.collegedata.fyi/storage/v1/object/public/sources/the-university-of-alabama/2025-26/0ec0308863796e6cee71f3abde12ba8cb4d2b9f7a9ca81331d62cadbd3713f9e.pdf,pdf_flat,26375a50-83f9-4f72-9738-e7ee237eb687,,extracted,,tier4_docling
221740,The University of Tennessee-Chattanooga,the-university-of-tennessee-chattanooga,2025-26,https://www.utc.edu/sites/default/files/2026-09/cds-2025-2026.pdf,https://api.collegedata.fyi/storage/v1/object/public/sources/the-university-of-tennessee-chattanooga/2025-26/46d44c5ddf9e052068dd8c6c75856b991a20fa29603361c6cd98a64e24b2df15.pdf,pdf_fillable,9c0b8079-461d-4a75-acb1-122380966945,,extracted,,tier2_acroform
221759,The University of Tennessee-Knoxville,the-university-of-tennessee-knoxville,2025-26,https://irsa.utk.edu/wp-content/uploads/sites/5/2026/07/CDS_2025-26_All__-1.pdf,https://api.collegedata.fyi/storage/v1/object/public/sources/the-university-of-tennessee-knoxville/2025-26/ab8f0abe69e0d97d74ded72881fabcb399eadbdd2c1c94b3172cc44f0e1055d7.pdf,pdf_flat,9a3c0f7d-3eb4-432d-ab3e-f6f94d7fe884,,extracted,,tier4_docling
227368,The University of Texas Rio Grande Valley,the-university-of-texas-rio-grande-valley,2023-24,https://www.utrgv.edu/sair/_files/documents/data-and-reports/cds_2023-2024_utrgv-2.xlsx,https://api.collegedata.fyi/storage/v1/object/public/sources/the-university-of-texas-rio-grande-valley/2023-24/7fee225994186815de3481d8cba494d0a31bf300385728dfa41e1b3fcb0bc44b.xlsx,xlsx,eedce7c6-58a1-4d9c-85d7-db6a599e9742,,extracted,,tier1_xlsx
228778,The University of Texas at Austin,ut-austin,2024-25,https://drive.usercontent.google.com/download?id=1IfM-WLguczkEG1sfDhg4OhihHeQkchY9&export=download,https://api.collegedata.fyi/storage/v1/object/public/sources/ut-austin/2024-25/11319f20fdbf9b5db0ce2abae2fcb9ab3d92e2bd6878d8649dbffc1ba25ed808.pdf,pdf_flat,6bbd19f5-94d2-4566-ae84-bf98acec84ef,,extracted,,tier4_docling
228787,The University of Texas at Dallas,the-university-of-texas-at-dallas,2024-25,https://drive.usercontent.google.com/download?id=1cigaguVyYb-5dDGoizNviBdvfunLmx4n&export=download,https://api.collegedata.fyi/storage/v1/object/public/sources/the-university-of-texas-at-dallas/2024-25/4d006537a9071ae767f1fb8a197f681c34d2cedf62985b49ce3cf33f8d189018.pdf,pdf_flat,1b87e9b6-91e1-4ae3-a9c7-bf252c2ae3bd,,extracted,,tier4_docling
229027,The University of Texas at San Antonio,the-university-of-texas-at-san-antonio,2024-25,https://www.utsa.edu/ir/docs/resources/commonDataSet/CDS_2024-2025.xlsx,https://api.collegedata.fyi/storage/v1/object/public/sources/the-university-of-texas-at-san-antonio/2024-25/19201aed2cfda7f37997b8209276c9dbb793cb8c466b5f083486a0a3e310b38a.xlsx,xlsx,89c248ac-4322-4452-aa60-9358d9b03e30,,extracted,,tier1_xlsx
228802,The University of Texas at Tyler,the-university-of-texas-at-tyler,2025-26,https://www.uttyler.edu/offices/information-analysis/files/cds-2025-26-20260418.pdf,https://api.collegedata.fyi/storage/v1/object/public/sources/the-university-of-texas-at-tyler/2025-26/83cc564e698b9942fe8d8f140deca2c9660b1fe00c79fc09107598e4212c99dd.pdf,pdf_flat,ce41f6f0-ca48-449b-a881-76cf95eb3aa0,,extracted,,tier4_docling
221519,The University of the South,the-university-of-the-south,2023-24,https://new.sewanee.edu/files/resources/sewanee-cds-2023-2024.pdf,https://api.collegedata.fyi/storage/v1/object/public/sources/the-university-of-the-south/2023-24/ad53a5ffddea9f03bc4f99b6c05527b6b7775af1fdad6653131247abc0695227.pdf,pdf_flat,62639640-6b19-45d7-9962-6acbff8a416f,,extracted,,tier4_docling
216366,Thomas Jefferson University,thomas-jefferson-university,2024-25,https://www.jefferson.edu/content/dam/academic/east-falls/institutional-research-and-planning/tju-common-data-set-2024-2025.xlsx,https://api.collegedata.fyi/storage/v1/object/public/sources/thomas-jefferson-university/2024-25/018b7014ad16fd947f9a1db2d802c4a769f0a5ae8f0036c93f3ad2228407a1d0.xlsx,xlsx,b8f8cf54-4a10-4ee5-a316-014dd60a1b2d,,extracted,,tier1_xlsx
206048,Tiffin University,tiffin-university,2023-24,https://www.tiffin.edu/wp-content/uploads/2024/02/CDS-Final-PDF-2023-24.pdf,https://api.collegedata.fyi/storage/v1/object/public/sources/tiffin-university/2023-24/605ae37b6361514aac1007a9ab62fe93264036920e7c8ffddf83fea6abbf5e26.pdf,pdf_flat,0b6f82c3-d71b-46f0-8672-afc7b3880360,,extracted,,tier4_docling
164076,Towson University,towson-university,2025-26,https://www.towson.edu/ir/documents/cds_changes_2526.pdf,https://api.collegedata.fyi/storage/v1/object/public/sources/towson-university/2025-26/c9f2094c6ea0bab416e63f124bc10425f63d5116c437ba7c1feddddf80dc9875.pdf,pdf_flat,bf582ba9-5a0f-4c06-9d36-38f10c2f04ee,,extracted,blank_template,tier4_docling
130590,Trinity College,trinity-college,2024-25,https://drive.usercontent.google.com/download?id=1FWsepbbZ43xGI2pdckioWvT1wwBBgr9G&export=download,https://api.collegedata.fyi/storage/v1/object/public/sources/trinity-college/2024-25/c22e72369c29fda79cdae975a75c717f303c5d973ab9d8fa3195e38949b47e85.pdf,pdf_flat,2e246db1-9db5-4c26-b17b-1939c8692ec2,,extracted,,tier4_docling
102368,Troy University,troy-university,2024-25,https://www.troy.edu/_assets/irpe/_documents/cds-2024-2025.pdf,https://api.collegedata.fyi/storage/v1/object/public/sources/troy-university/2024-25/9de6ddb3d3707a6d40e25bce7c7f7bd250b377bd0d96abe5681165691e3a00ba.pdf,pdf_flat,d4ee66a7-12e5-4195-a453-2e665c778019,,extracted,,tier4_docling
168148,Tufts University,tufts,2025-26,https://provost.tufts.edu/institutionalresearch/wp-content/uploads/sites/5/CDS_2025-2026.pdf,https://api.collegedata.fyi/storage/v1/object/public/sources/tufts/2025-26/a593cfd77f058312192d071cc3f83528b598ae23051b2b4d03e3a57a5d374d16.pdf,pdf_flat,59f1d14d-cb5b-4ea8-be4f-358aad3e0105,,extracted,low_coverage,tier4_docling
160755,Tulane University of Louisiana,tulane-university,2025-26,https://public.boxcloud.com/d/1/b1!9wVeajWmDAFcHVI5tT3G-bpoSsy-QKDf2kvFjFoBLKy5YuRE_RTMG76t2pwYA8TWDHKZIXShduL2zJyIQEJ8coEgjna45-Q6MReufZj6n_FE2nYIh69o7vrEdaLPNkPYcDAoNEX5N7vrQpsIPhQ8lsnX1co7YxuHdu7iLtgZRDbbIE6V1T1KTuT6wE9xDPAbCdLKL-a-2rWf47MSWCACN4lFkXnTSdhHFvHPd1hevrmylavIRMCTu8U_pcpAQHUNG_C8iCI1BJSbUwh2UTfnFBbOcLEWHweIQSqspYfTaETcU2J2fv7kxxccdhOgiTKnLgJVZc39dRLlcYjN4KfSFPU6GOe6MQkp-7NMvxWK0vW2UxfdBU7c3WXUE0yKw8BDcPKaIW6jtpvUGVRohJ_ZjlTUTD5SLNPO8iqe83223562l8IoEmJ4oDRovk0tm50YufDJZes50KewVK5ywyc9komzkfQXh5zgIdFQUR4HDOB5qgJH2ow8yZAigIN3Q_FjF3p9hfH3NyRlehvB6ayL5dhpT0dYBqSVXJ7GyLVXXnFauGjlZxZnlSTc_iXITOsnsk6AKGDuojOi1UuFUBK0gajFl8iOKAQyvJQm9V6ofjhwiNwbFbRPnyxyCcAoylRlniAU-U5VYpxkmSQYlJdbKuDOOZl496-SOEgDRrxZjCCACXck9mWvBaqeMXXPAOQvFXMG2S2gQOCJvTaYRmYjY8fibIGUdJ8RRadYnF8xO2krE9qOsX6JqQ6z_wv3lDAcu5WnVAVMlmRirN3wJn5rUDk351-l1AuiIpZ1QJwoidVB-Vd18rCS3gsRKURDz3emLOTCGFo1M_yYDoGY8Ze-PkP4bciwwNXe-H6k2tl-mUK3bJjBt4kKOyidsjeULNFL8ZQcgPNycBhY6BbD4GuyoA4xvBV1kqPsIWFUZRr4b-gzOhBG2I0YKP-Wm_tLn5dIx6Z4msKlXyY79WJewM9vB3hMlHUaxbgvK3LTuHNAx4XmV9jX7b_x2I4mV6P3H4BLHcWGOZFoCnBlgBoTf1jGqws4TYWZDkN_Y8raZ_FY9Yf27Ix8B-ydjUsX-_xiC_G3fo2iHr2AeWrr-u-_AdN7hMUphZAvSpDcJSrmUtZA_p8gNCPsaYsm4sUt8k_qF0JlyLg1coG4ssvFa94d0Gpfih7fIdNZnxZABZXCfJPmmNg-W3c4t3-O6LD9hOUiUBLrRTmrZLLIvTGsD2WMFeRkqSpCh3LVCkXtcv6AY3klGGDPTJ4iuQaqb1r0vAp_POaAsFhWkR87Soi3cy-Az2KPyXiZg0FycZH2hfR11HgXBBlJa8NzXQyOJnIQpibAyej7eXWP90JsHca8gajxyTHmTMiaYceN1IXeUwb_H73op6Fg5szJaiuGoZMjn7DeLj9mQJcCeUDfMMwbXFaJlWPqK9PfldkdSklD4gVQ_TxHW8KxMV1gVBXzMCbqEw-mHTmWVredy4WHlVsAxgRAX1JpMMR3kXfzmWR83H9KP529pz-gZ0kHe5i3dxYCtFe7QVngas_i_KwPLdkG4Z3H1dwJ8oZBzPGxLQVTLkFBjaCudfg3yCr8_Aths1AhOxV9SJYviJcbTBQQDADUWXenu0RE1JQozC0./download,https://api.collegedata.fyi/storage/v1/object/public/sources/tulane-university/2025-26/034b59f6396d527a141a5b83f483eae758295a0db62b088cca50612eb0213f9d.pdf,pdf_flat,748e1cff-acd1-4487-bf35-4190ea207257,,extracted,,tier4_docling
196866,Union College,union-college,2024-25,https://www.union.edu/sites/default/files/institutional-research/202505/common-data-set-2024-2025-final-website-march-2025.pdf,https://api.collegedata.fyi/storage/v1/object/public/sources/union-college/2024-25/29a7890760ff42dc52ba94d5282b9926eaa2951a5592ffb1483f57f48edeb05c.pdf,pdf_flat,4a8a1c1d-c32b-43de-8d59-672bf9fd0802,,extracted,blank_template,tier4_docling
197036,United States Military Academy,united-states-military-academy,2024-25,https://s3.amazonaws.com/usma-media/inline-images/about/g5/G5OIR_CDS_2024-2025.pdf,https://api.collegedata.fyi/storage/v1/object/public/sources/united-states-military-academy/2024-25/cb98663e48ef1fb389d10cead137646dc4680b00905edf51a590556a6019a764.pdf,pdf_fillable,0befaf69-6d14-4961-aa5f-30aac6afdd50,,extracted,,tier2_acroform
196088,University at Buffalo,university-at-buffalo,2024-25,https://drive.usercontent.google.com/download?id=1pidFTY6XPoJz2IZOKLfxzqpAbEXoDZg5&export=download,https://api.collegedata.fyi/storage/v1/object/public/sources/university-at-buffalo/2024-25/36bf75ff247fca5ae9eee09fc18e20a8509bc09650619668987d264615f8c78a.pdf,pdf_flat,98677c77-509e-4173-b56a-379c14ccbdf9,,extracted,,tier4_docling
200800,University of Akron Main Campus,university-of-akron-main-campus,2025-26,https://www.uakron.edu/ir/docs/CDS/CDS%202025-2026%20University%20of%20Akron%20Main%20Campus.pdf,https://api.collegedata.fyi/storage/v1/object/public/sources/university-of-akron-main-campus/2025-26/57e53a8f69f3a6c8c3a55137aea715c250f53f601fdddbc2e435fc044334bd88.pdf,pdf_fillable,6950e8d0-0740-4675-b3da-08dd962fbb52,,extracted,,tier2_acroform
100663,University of Alabama at Birmingham,university-of-alabama-at-birmingham,2024-25,https://drive.usercontent.google.com/download?id=1nB2mlDG1ZeLTIp_pQpu8moQJEvIaBm1F&export=download,https://api.collegedata.fyi/storage/v1/object/public/sources/university-of-alabama-at-birmingham/2024-25/d2111df6513016fc220f5d1daf834ecce708461fd70442a3be878b729f26f432.pdf,pdf_flat,8b6b1b66-9440-40c0-983e-f683375e3304,,extracted,,tier4_docling
102614,University of Alaska Fairbanks,university-of-alaska-fairbanks,2024-25,https://www.uaf.edu/pair/pair_reports/common-data-set/UAF_Common_Data_Set_2024_2025.pdf,https://api.collegedata.fyi/storage/v1/object/public/sources/university-of-alaska-fairbanks/2024-25/ef0a018bb8cc23b8469054dc4dc5148d13e491ad7801b0d7a6c734d27fd976b1.pdf,pdf_flat,14592f56-94e8-4593-9210-f243e9f21f78,,extracted,,tier4_docling
104179,University of Arizona,university-of-arizona,2025-26,https://uair.arizona.edu/sites/default/files/2026-06/CDS_PDF_2025-26_v02_RE-PRINT.pdf,https://api.collegedata.fyi/storage/v1/object/public/sources/university-of-arizona/2025-26/29c4aa1f7aa9fa1f654d16be2110cbf3a3364b1c41370fab5002e1e45d9ba5ba.pdf,pdf_flat,3792d757-14ba-4cb5-9406-e3d766a1e00e,,extracted,,tier4_docling
106397,University of Arkansas,university-of-arkansas,2025-26,https://osai.uark.edu/datasets/cds/cds25-26v4.pdf,https://api.collegedata.fyi/storage/v1/object/public/sources/university-of-arkansas/2025-26/7553cf918297f094299c5e9f85bda53304f45ebf581cd24879fb67fc33bf7c02.pdf,pdf_flat,9284e69c-4522-4f55-ba4d-a4f096bede9d,,extracted,low_coverage,tier4_docling
110635,University of California-Berkeley,uc-berkeley,2025-26,https://doc-14-7s-sheets.googleusercontent.com/export/54bogvaave6cua4cdnls17ksc4/vbu24fd8jjoqqbcg5n50sivdac/1778077500000/108561847862806983489/*/1INsGFH6MhaO-MFMBZ1Dngcn84FeN-hc0BLS0-v8TL_k?format=xlsx,https://api.collegedata.fyi/storage/v1/object/public/sources/uc-berkeley/2025-26/a981b6693dcce7a5b8082b64b7b9915265f224a9dba9dfc0fe9b702eac0d6d3a.xlsx,xlsx,74a1d1a8-cf76-4061-a6db-ec409a11bef5,,extracted,,tier1_xlsx
110644,University of California-Davis,uc-davis,2024-25,https://drive.usercontent.google.com/download?id=1xd_2g4L1SqR_csHIwhIpBMTyhY_2E71l&export=download,https://api.collegedata.fyi/storage/v1/object/public/sources/uc-davis/2024-25/afabfaf17f9263552de9693cdd6ae8dda62992f3af3042595704cb968b1a6f3c.pdf,pdf_flat,eaf8d80a-c15d-4759-8d35-a6be019c5146,,extracted,,tier4_docling
110653,University of California-Irvine,uc-irvine,2024-25,https://drive.usercontent.google.com/download?id=1E6CPsg5A5FC83Kl5AzRfhXifxSd5O2j9&export=download,https://api.collegedata.fyi/storage/v1/object/public/sources/uc-irvine/2024-25/3ca09a61837e86fd9c5567c4fb2f43cd7c7c4154de1d3aeeed43dcc9179496ba.pdf,pdf_flat,36599eab-89dc-4d82-baf3-8e0ef8a31570,,extracted,,tier4_docling
110662,University of California-Los Angeles,ucla,2025-26,https://apb.ucla.edu/file/d1ab04b3-ee89-4cf2-9124-8dc0471b5e5a,https://api.collegedata.fyi/storage/v1/object/public/sources/ucla/2025-26/34ebd833ddc8493ba28d7a1fd1953621fddcbc1e233cc418bbe046b42b151e70.pdf,pdf_fillable,822fe1f7-d348-42b6-8b98-a1a42c3933e6,,extracted,,tier2_acroform
445188,University of California-Merced,university-of-california-merced,2024-25,https://doc-00-60-sheets.googleusercontent.com/export/54bogvaave6cua4cdnls17ksc4/9quq6sross372a6beg238pq3go/1776620045000/105250506097979753968/*/1lUTmFPQC7tXMFF6mAZn8o2UcISM1oZes?format=xlsx,https://api.collegedata.fyi/storage/v1/object/public/sources/university-of-california-merced/2024-25/964189dbfb1c0962d7608f418ad292addf55963ecc721ff857f9f041e52d6e5f.xlsx,xlsx,7e78027a-98e4-4c18-9a5d-4c2b0144edf7,,extracted,,tier1_xlsx
110671,University of California-Riverside,university-of-california-riverside,2025-26,https://ir.ucr.edu/sites/default/files/2026-05/cds-2025-2026.pdf,https://api.collegedata.fyi/storage/v1/object/public/sources/university-of-california-riverside/2025-26/bd21e8f27e0d31e84e6e13998d19959bc22f81738d7a40e3e4f051d0c3e9c291.pdf,pdf_flat,ae95547f-17e0-40e8-9ed4-38e267cc90e6,,extracted,,tier4_docling
110680,University of California-San Diego,uc-san-diego,2025-26,https://ir.ucsd.edu/stats/undergrad/CDS-2025-2026-Final2.pdf,https://api.collegedata.fyi/storage/v1/object/public/sources/uc-san-diego/2025-26/4480df3c34df2e7daf3ccff09ac4141e44db26d0fa6d96c0204b9b0a6e211700.pdf,pdf_flat,a6e9059c-5cd9-45e8-90f0-0c3314a3cb34,,extracted,,tier4_docling
110705,University of California-Santa Barbara,uc-santa-barbara,2025-26,https://drive.usercontent.google.com/download?id=1FIkvY5dANho45ioG7-JHgO3IPH6-ui1W&export=download,https://api.collegedata.fyi/storage/v1/object/public/sources/uc-santa-barbara/2025-26/1d5c592b942dc743bdbb454ac38e3dacb4ac5fc15b456f77d472e47682252c2b.pdf,pdf_flat,822bcfcb-97a8-46df-85d1-51a1843ae9ce,,extracted,,tier4_docling
110714,University of California-Santa Cruz,university-of-california-santa-cruz,2024-25,https://drive.usercontent.google.com/download?id=14YjGYXfskam0VrxaeYKGQqjlHmVpxKLA&export=download,https://api.collegedata.fyi/storage/v1/object/public/sources/university-of-california-santa-cruz/2024-25/f38e8289ef3a6b452b605eb0ab57b29acdda50d10b2101a18911703d477cfb32.pdf,pdf_flat,5d7b1ca8-80ce-4f40-8d60-ad06257befdc,,extracted,,tier4_docling
132903,University of Central Florida,university-of-central-florida,2024-25,https://drive.usercontent.google.com/download?id=1Dt0KgZS-C2-gJ5EYHYZQ8KdGZvSqx6LQ&export=download,https://api.collegedata.fyi/storage/v1/object/public/sources/university-of-central-florida/2024-25/1e5e35893c3ead8e75b93bcf2055ba9de1f48faac53abc32938ef83d6a90970d.pdf,pdf_flat,7a90ae01-fcc8-44b1-a1cc-f01b9969e77d,,extracted,,tier4_docling
144050,University of Chicago,uchicago,2025-26,https://bpb-us-w2.wpmucdn.com/voices.uchicago.edu/dist/8/2077/files/2026/08/CDS_2025-2026_to_publish-1.pdf,https://api.collegedata.fyi/storage/v1/object/public/sources/uchicago/2025-26/492d2a3a1f9ad62cd207444d84b06ce8d83b4af4661efd5f8aadd526488cd58e.pdf,pdf_flat,b5e98459-48bf-47d2-a0e1-6ac5a043a1c8,,extracted,,tier4_docling
201885,University of Cincinnati-Main Campus,university-of-cincinnati-main-campus,2024-25,https://www.uc.edu/content/dam/refresh/provost-62/offices/ir/2025-2026ay/CDS-2024-2025-University%20of%20Cincinnati%20Clifton%20FINAL%20Update%20072125%20Tuition%20Information.pdf,https://api.collegedata.fyi/storage/v1/object/public/sources/university-of-cincinnati-main-campus/2024-25/699270a4e37240c0fdd6a0b4ad419af692107fe7821a745946efdd31a8e69a59.pdf,pdf_fillable,a1f19901-1219-46e8-ade9-407855422ce8,,extracted,,tier2_acroform
126614,University of Colorado Boulder,colorado,2025-26,https://data.colorado.edu/reports/common-data-set,https://api.collegedata.fyi/storage/v1/object/public/sources/colorado/2025-26/5894d3c37760d59432a5a8c08c36b9e1ba7f46978b0fca6770bacb80fd9b293f.pdf,pdf_flat,3307988e-e14c-4f4a-aaf3-879e02c5e962,,extracted,,tier4_docling
129020,University of Connecticut,university-of-connecticut,2024-25,https://drive.usercontent.google.com/download?id=1BBILZKCO-i59J0oRpd2d3FK2NOzlMbIz&export=download,https://api.collegedata.fyi/storage/v1/object/public/sources/university-of-connecticut/2024-25/9cc8e0d413f4a95d014e69c7cb5d4a8c866b1dd4aa53b0055484627ce08947ba.pdf,pdf_flat,43201dce-452d-4e89-8cd8-788d7db8699c,,extracted,,tier4_docling
202480,University of Dayton,university-of-dayton,2023-24,https://drive.usercontent.google.com/download?id=1oX3LPimn840oNoglRfFUXRfuuqmh72vS&export=download,https://api.collegedata.fyi/storage/v1/object/public/sources/university-of-dayton/2023-24/8b751c51e4a95016e9628c17f4a1833ae25afb43c0d9eff9d710aa858bd297a4.pdf,pdf_flat,b89b345d-da5b-49fc-bf40-532170ef6bb3,,extracted,,tier4_docling
130943,University of Delaware,udel,2024-25,https://drive.usercontent.google.com/download?id=1oiwhsiGKFpTRnaOBdnbVvK8Q9Z6FmmC4&export=download,https://api.collegedata.fyi/storage/v1/object/public/sources/udel/2024-25/625b0202adbb16842325798745f8c4aba2bbbf3b67438414906d23e0b17827c1.pdf,pdf_flat,dce1d6c8-c0d8-4ad6-bfc9-e4b5e129b73e,,extracted,,tier4_docling
127060,University of Denver,university-of-denver,2024-25,https://drive.usercontent.google.com/download?id=1YDF8c3INLr3Ke6cidxKfJLGZNn2S-yi1&export=download,https://api.collegedata.fyi/storage/v1/object/public/sources/university-of-denver/2024-25/58ecdd2d71de3396d4ad600c6f4bd058ba97af8aef81b6f2cb993cfb13db9743.pdf,pdf_flat,a9a6d976-836a-47f8-a687-a56b928b7c5d,,extracted,,tier4_docling
169716,University of Detroit Mercy,university-of-detroit-mercy,2025-26,https://www.udmercy.edu/academics/academic-affairs/research/files/cds/2526_UDM_CDS.pdf,https://api.collegedata.fyi/storage/v1/object/public/sources/university-of-detroit-mercy/2025-26/1bdc2759a9c8a13c09bd4d2e41d578117f5b70110c9dbbdb57237ba7055b30c8.pdf,pdf_flat,55618e80-d2ed-4629-a94b-eb8d9824f8ef,,extracted,,tier4_docling
134130,University of Florida,uf,2025-26,https://data-apps.ir.aa.ufl.edu/public/cds/CDS%202025-26_v7_07.15.2026.pdf,https://api.collegedata.fyi/storage/v1/object/public/sources/uf/2025-26/4bec488a2a0d31e065aaa01045b8255aa62711de9be17aec0a231b6c35e2cfaa.pdf,pdf_flat,32052985-7c91-4e85-832b-8661aa05dbef,,extracted,,tier4_docling
139959,University of Georgia,uga,2024-25,https://oir.uga.edu/wp-content/uploads/UGA_CDS_2024-2025.pdf,https://api.collegedata.fyi/storage/v1/object/public/sources/uga/2024-25/a7fa0ec4e001184d3589348da2ec0c36df16525ca76d239fe9d684f94d458358.pdf,pdf_fillable,cee2901a-7886-4063-8453-0e268b259649,,extracted,,tier2_acroform
141574,University of Hawaii at Manoa,university-of-hawaii-at-manoa,2023-24,https://manoa.hawaii.edu/miro/wp-content/uploads/2023/11/AnalysisBrief_CommonDataSet_2023-2024_updated.pdf,https://api.collegedata.fyi/storage/v1/object/public/sources/university-of-hawaii-at-manoa/2023-24/438a0d50b62c3295208116d5da4cf37cc35fb1087f35a306021a520f114b2d91.pdf,pdf_flat,587f637d-352c-48ac-8c42-3b2bfd296f2f,,extracted,,tier4_docling
225511,University of Houston,university-of-houston,2025-26,https://www.uh.edu/ir/reports/common-data-sets/cds-data/common_data_set_2025-2026_final.xlsx,https://api.collegedata.fyi/storage/v1/object/public/sources/university-of-houston/2025-26/011e7fb8ad583d13a217b41a679e3601ff92d72f91bb96bc8449b20c85940644.xlsx,xlsx,a6acea59-e771-4358-94fb-421ac46101e1,,extracted,,tier1_xlsx
225432,University of Houston-Downtown,university-of-houston-downtown,2025-26,https://www.uhd.edu/documents/provost/ie/institutional-research/common-data-set/cds-2025-2026.pdf,https://api.collegedata.fyi/storage/v1/object/public/sources/university-of-houston-downtown/2025-26/57560556452078da994fdc745307861715fa327c8167dcb6df90dfca86a17636.pdf,pdf_flat,d84cdae6-d519-4894-b518-56411878f3e8,,extracted,,tier4_docling
145600,University of Illinois Chicago,university-of-illinois-chicago,2025-26,https://oir.uic.edu/wp-content/uploads/sites/213/2026/06/CDS_Final_2025_26.pdf,https://api.collegedata.fyi/storage/v1/object/public/sources/university-of-illinois-chicago/2025-26/c323bfd14607a89ef3514e91fc6858712396b0bf29e82c4a06fa0f9e742ca587.pdf,pdf_fillable,04c1a634-5f17-4722-83d7-f1662f5bc04e,,extracted,,tier2_acroform
145637,University of Illinois Urbana-Champaign,university-of-illinois-urbana-champaign,2024-25,https://www.dmi.illinois.edu/stuenr/misc/cds_2024_2025.xlsx,https://api.collegedata.fyi/storage/v1/object/public/sources/university-of-illinois-urbana-champaign/2024-25/cc36af257029eea4c327bc51ce16f63f0c13195c9b11bd88db0c0c22f22a135c.xlsx,xlsx,9d28b4a1-6012-465e-a461-fc4d440ef562,,extracted,,tier1_xlsx
153658,University of Iowa,university-of-iowa,2024-25,https://provost.uiowa.edu/sites/provost.uiowa.edu/files/2025-09/cds_2425_0.pdf,https://api.collegedata.fyi/storage/v1/object/public/sources/university-of-iowa/2024-25/e735f7d6d21c83a235839b2481fce7824d8ce72e0fed90f7bf7f57172e433c57.pdf,pdf_flat,633ffde3-32af-442e-b56e-d8e41ade5cd6,,extracted,,tier4_docling
155317,University of Kansas,university-of-kansas,2026-27,https://aire.ku.edu/sites/aire/files/files/CDS/2026-2027/A1.pdf,https://api.collegedata.fyi/storage/v1/object/public/sources/university-of-kansas/2026-27/e91fe2797b46edd8001015680cb3e7bb4eef3c29085473c9e9841a225b285f04.pdf,pdf_flat,93333978-88cd-436f-80aa-a7d328f2685c,,extracted,low_coverage,tier4_docling
157085,University of Kentucky,university-of-kentucky,2025-26,https://irads.uky.edu/sites/default/files/2026-07/university-of-kentucky-cds-2025-2026-flat.pdf,https://api.collegedata.fyi/storage/v1/object/public/sources/university-of-kentucky/2025-26/aebeaf2147a31136c09de26c817bcd6850af1db646efcdead4cfdae4e37f9453.pdf,pdf_flat,ab04ac9e-8599-4f7f-b374-3305ad3fae1e,,extracted,,tier4_docling
160658,University of Louisiana at Lafayette,university-of-louisiana-at-lafayette,2023-24,https://getdata.louisiana.edu/sites/instres/files/UL_CDS_2023-2024.pdf,https://api.collegedata.fyi/storage/v1/object/public/sources/university-of-louisiana-at-lafayette/2023-24/c080e0c8c2395b343ec1ca47678d9ebc6c309b1e87b36152a2b0ab157732b8b5.pdf,pdf_flat,f4f9970d-03f0-478b-a19b-91774a5e9548,,extracted,,tier4_docling
157289,University of Louisville,university-of-louisville,2024-25,https://drive.usercontent.google.com/download?id=14lbBcIAcvM1hj6bU4hGVQ1FikU9K_jBe&export=download,https://api.collegedata.fyi/storage/v1/object/public/sources/university-of-louisville/2024-25/ddc6bb561f85bf991634c88bb656cd31b760dafe4f46885fe1742a416d6612a3.pdf,pdf_fillable,f0030c6f-7a18-45a0-a75c-7372420a0758,,extracted,,tier2_acroform
161253,University of Maine,university-of-maine,2024-25,https://drive.usercontent.google.com/download?id=1iIm6kbdpySc_APcfykY1gICTMkNIQHN0&export=download,https://api.collegedata.fyi/storage/v1/object/public/sources/university-of-maine/2024-25/46cc1a4b09be0d1f355ae231b09aadcfa267ca351a7d50a0af7976df4184cef8.pdf,pdf_flat,f2fba829-6b99-4c82-afcf-f1705c5b7e1b,,extracted,,tier4_docling
232681,University of Mary Washington,university-of-mary-washington,2024-25,https://drive.usercontent.google.com/download?id=13VDoiHo8fuSDOt0iVvncycamqQ4dJ7CC&export=download,https://api.collegedata.fyi/storage/v1/object/public/sources/university-of-mary-washington/2024-25/702c5b4254f03b8b90847c331d456e2a2b259fda3bc0e5bf884e8fcd18c267e6.pdf,pdf_fillable,0d11df1e-d4b3-48a2-becb-f46ff7e56cf0,,extracted,,tier2_acroform
163268,University of Maryland-Baltimore County,university-of-maryland-baltimore-county,2024-25,https://drive.usercontent.google.com/download?id=1O2Z4koVh6i8E1YxLhCvAy61RIpeL0-6m&export=download,https://api.collegedata.fyi/storage/v1/object/public/sources/university-of-maryland-baltimore-county/2024-25/c854b8f81f33692f8db6a87ecdf95ad3d4d83a94eb529dd04a3d68fb969e5d47.pdf,pdf_flat,4878bdd3-4c51-4157-9a97-359161954740,,extracted,,tier4_docling
163286,University of Maryland-College Park,umd,2025-26,https://irpa.umd.edu/InstitutionalData/CommonDataSet/CDS_2025-2026.xlsx,https://api.collegedata.fyi/storage/v1/object/public/sources/umd/2025-26/43f1d9ba9b9cd14827ed830e7c9da440a152697d0e69b3b2ff749e80eb0bcc14.xlsx,xlsx,fad69aac-2c47-40c0-a38b-3e7e81faf36a,,extracted,,tier1_xlsx
166629,University of Massachusetts-Amherst,university-of-massachusetts-amherst,2025-26,https://www.umass.edu/uair/media/1062/download,https://api.collegedata.fyi/storage/v1/object/public/sources/university-of-massachusetts-amherst/2025-26/ee3faf3c1a49d011cf05f9e05d38cd01c9173dc50a8c0d0d7d731a740e2f2553.pdf,pdf_flat,1fb392b0-bd69-4540-97cf-b7a1ff02e0ec,,extracted,,tier4_docling
166638,University of Massachusetts-Boston,university-of-massachusetts-boston,2023-24,https://drive.usercontent.google.com/download?id=1e-fREcvoTEyGmrch7xYGWNMc6dwfyNAt&export=download,https://api.collegedata.fyi/storage/v1/object/public/sources/university-of-massachusetts-boston/2023-24/36c8e88d7081e25f8da1199f30492d0e784587b175077cdaa85e42758a610af6.pdf,pdf_flat,fd562597-6066-478f-9369-5dfe8362d634,,extracted,,tier4_docling
166513,University of Massachusetts-Lowell,university-of-massachusetts-lowell,2023-24,https://drive.usercontent.google.com/download?id=1HZZiaqLR4YtCF-1EpGKQL8AQRDcsc3Kh&export=download,https://api.collegedata.fyi/storage/v1/object/public/sources/university-of-massachusetts-lowell/2023-24/c97fa1538a7562e81f504cc2dcdd8f557d8b2639b65578c7ec46a756ca700d71.pdf,pdf_flat,12d1a0ef-9791-49aa-a2d9-2216cd157ba7,,extracted,,tier4_docling
220862,University of Memphis,university-of-memphis,2023-24,https://www.memphis.edu/oir/oirweb/WebReports/ProfilesAndFactbooks/CDS2023_2024.pdf,https://api.collegedata.fyi/storage/v1/object/public/sources/university-of-memphis/2023-24/8c7cdb4a434ce2f42c73b3d1b2377860b06518bc6cd5f6e8a252eb5248ed1f8b.pdf,pdf_flat,e18ff5d6-5585-4f96-ae48-6bf750b75ddc,,failed,,tier4_docling
135726,University of Miami,university-of-miami,2025-26,https://irsa.miami.edu/facts-and-information/common-data-set/cds2526.pdf,https://api.collegedata.fyi/storage/v1/object/public/sources/university-of-miami/2025-26/eaed9690fa58423535915724bf1ed474ce9b0ac8211a693e2ded86381b2c0f10.pdf,pdf_flat,0ba89876-e9d6-4aec-b3fd-ef2a689704fa,,extracted,,tier4_docling
170976,University of Michigan-Ann Arbor,umich,2025-26,https://obp.umich.edu/wp-content/uploads/pubdata/cds/cds_2025-26_umaa.pdf,https://api.collegedata.fyi/storage/v1/object/public/sources/university-of-michigan/2025-26/e3f51e6db84ddc8b584782a647c3ed28934fcd7ad9daec38e2083279c94cd19c.pdf,pdf_flat,6c99ac1d-a8a4-4369-8403-85c5c404fc63,,extracted,,tier4_docling
171137,University of Michigan-Dearborn,university-of-michigan-dearborn,2024-25,https://umdearborn.edu/sites/default/files/unmanaged/pdf/ire/cds-2024-2025.pdf,https://api.collegedata.fyi/storage/v1/object/public/sources/university-of-michigan-dearborn/2024-25/7940ed3661abdf93e8557d1693010115380f0d5b5a699ae69f7a286e88889674.pdf,pdf_fillable,4e915fb4-2df7-471e-86d8-74b9f16f15a4,,extracted,,tier2_acroform
171146,University of Michigan-Flint,university-of-michigan-flint,2024-25,https://drive.usercontent.google.com/download?id=15mJs4jKML-Z_FF649KWTzgbnLlQpaHR2&export=download,https://api.collegedata.fyi/storage/v1/object/public/sources/university-of-michigan-flint/2024-25/ee72be198d219d45e88c83bb691d6f44a4e4db91094623983bcb22218e770fb5.pdf,pdf_flat,6bd0f1c1-1669-4c1b-bcb5-5858a78cfa3f,,extracted,,tier4_docling
174075,University of Minnesota-Crookston,university-of-minnesota-crookston,2025-26,https://doc-08-60-sheets.googleusercontent.com/export/f3kk9gtum31ktuqh54kn7i1e14/7vi56ohikcd48coabhi3gvktrs/1790229340000/105250506097979753968/*/1KKhtn7E_gEiYCVVuszlv-wGSz6JKXxI-m23zNX-RwGo?format=xlsx,https://api.collegedata.fyi/storage/v1/object/public/sources/university-of-minnesota-crookston/2025-26/4ecdd3bebbb8331e103522db238d58894bd59ffa068e547fceabfc115e6a2c7d.xlsx,xlsx,6835888e-9374-40e3-880f-512390a19dee,,extracted,,tier1_xlsx
174233,University of Minnesota-Duluth,university-of-minnesota-duluth,2025-26,https://doc-10-60-sheets.googleusercontent.com/export/f3kk9gtum31ktuqh54kn7i1e14/cbcgt3c05u7io4vcehan9jnies/1790229370000/105250506097979753968/*/1adnqZlCAKzddCsxc-jqGm5svbrjHG2sS?format=xlsx,https://api.collegedata.fyi/storage/v1/object/public/sources/university-of-minnesota-duluth/2025-26/35d798126a3cea5521b3804f4462cba92143302bf27bc5ca9b7a544ade6301fc.xlsx,xlsx,28319681-5664-405e-98ab-23cfbdd5f722,,failed,,tier1_xlsx
174251,University of Minnesota-Morris,university-of-minnesota-morris,2023-24,https://drive.usercontent.google.com/download?id=12Fn-Ybe40RMEOxs9U1c2zVWOQyFCVEOl&export=download,https://api.collegedata.fyi/storage/v1/object/public/sources/university-of-minnesota-morris/2023-24/b6141a49737aa2978c037494c7f2569c798678a5cd93b8a95e4a3f721fcc6edb.pdf,pdf_flat,13534c6f-9a68-4577-b429-a4a85ef650a5,,extracted,,tier4_docling
174066,University of Minnesota-Twin Cities,university-of-minnesota-twin-cities,2024-25,https://idr.umn.edu/sites/idr.umn.edu/files/cds_2024_2025_tc_2.pdf,https://api.collegedata.fyi/storage/v1/object/public/sources/university-of-minnesota-twin-cities/2024-25/96e6cb8b907bd9b6e1336f082c047f4007f878b4da9a5bda896bb714920a4cdf.pdf,pdf_flat,f7168cbb-5f35-4720-b81c-2a9e904f57fb,,extracted,,tier4_docling
176017,University of Mississippi,university-of-mississippi,2024-25,https://drive.usercontent.google.com/download?id=1zkKqpes6AHDRsUFPDK37u39NIIgfMwdf&export=download,https://api.collegedata.fyi/storage/v1/object/public/sources/university-of-mississippi/2024-25/086560bb0ca19a4ba573572a3833ed86a516a3716bb2ea22779942454a99cda5.pdf,pdf_flat,b1812962-e2ac-4107-9a01-0575bcb279ca,,extracted,,tier4_docling
178396,University of Missouri-Columbia,university-of-missouri-columbia,2024-25,https://drive.usercontent.google.com/download?id=1NbaWvHf-4bYOTiKZcqYC01uraioI4u5q&export=download,https://api.collegedata.fyi/storage/v1/object/public/sources/university-of-missouri-columbia/2024-25/14aa79313daa31ae2f5c2b26ec262cd5199e536e61db7216edb34f7749629b3d.pdf,pdf_flat,4c139ec7-9b89-4c8e-90cf-208a7fc870b0,,extracted,,tier4_docling
178402,University of Missouri-Kansas City,university-of-missouri-kansas-city,2024-25,https://www.umkc.edu/data/docs/cds_2024-2025.pdf,https://api.collegedata.fyi/storage/v1/object/public/sources/university-of-missouri-kansas-city/2024-25/cf23aefa75a4938b751a360b4e783a078be1f73f5fdff28d4783c7e7d32db3ac.pdf,pdf_flat,4e7a8024-b9b6-4d26-afb4-697ee78af3bc,,extracted,,tier4_docling
178420,University of Missouri-St Louis,university-of-missouri-st-louis,2025-26,https://www.umsl.edu/~ir/common-data-set/pdf-archive/cds_2025_rv.pdf,https://api.collegedata.fyi/storage/v1/object/public/sources/university-of-missouri-st-louis/unknown/114a757214e249d046c64fd9920e19dfb5a1f541f7da733e6aa2532f1b659523.pdf,pdf_flat,b912b9ef-c7a3-4a5b-bae3-b04049be9810,,extracted,,tier4_docling
181464,University of Nebraska-Lincoln,university-of-nebraska-lincoln,2024-25,https://doc-14-60-sheets.googleusercontent.com/export/54bogvaave6cua4cdnls17ksc4/380n0e3po8enfh10feh6su4q5s/1776620110000/105250506097979753968/*/1k_zsYE-S_P_unRzwgWFoSqxDs8Bs0efc?format=xlsx,https://api.collegedata.fyi/storage/v1/object/public/sources/university-of-nebraska-lincoln/2024-25/0f9218edd6847618e6ec18e883b94179c108317361a271982cf72e7395b08e50.xlsx,xlsx,00fcb523-cc52-4005-b59c-ca98605b170e,,extracted,,tier1_xlsx
182281,University of Nevada-Las Vegas,university-of-nevada-las-vegas,2024-25,https://drive.usercontent.google.com/download?id=1sjBRzIdfn0hrt99hjdNgyiTessBWtP9X&export=download,https://api.collegedata.fyi/storage/v1/object/public/sources/university-of-nevada-las-vegas/2024-25/3484a285ce451d18dc647552dd87fe002d9d3b9adcd99312158c6293376b68f8.pdf,pdf_flat,aede6639-75fb-4466-ba1f-3c3565aa875a,,extracted,,tier4_docling
182290,University of Nevada-Reno,university-of-nevada-reno,2025-26,https://dataden.unr.edu/Resources/CDS/CDS_2025-2026.pdf,https://api.collegedata.fyi/storage/v1/object/public/sources/university-of-nevada-reno/2025-26/b4d145eacf46b2de36855c07ef8d3c929280136f564a5e3c657b17e00435cfc2.pdf,pdf_flat,ffd9234c-b1b9-4421-ae06-b4fb9915c522,,extracted,,tier4_docling
183044,University of New Hampshire-Main Campus,university-of-new-hampshire-main-campus,2025-26,https://www.unh.edu/institutional-research/sites/default/files/media/2026-09/CDS%202025-2026%20UNH%20Published%209.2.26.pdf,https://api.collegedata.fyi/storage/v1/object/public/sources/university-of-new-hampshire-main-campus/2025-26/f51d2aabfc95443e5163d5161329486039ffe634197eb171bbf82ad04881c705.pdf,pdf_fillable,1330c471-f8e5-4210-9776-474fef976d57,,extracted,,tier2_acroform
187985,University of New Mexico-Main Campus,university-of-new-mexico-main-campus,2025-26,https://oia.unm.edu/resources/cds_25_26_updated.pdf,https://api.collegedata.fyi/storage/v1/object/public/sources/university-of-new-mexico-main-campus/2025-26/764e052fba7921ebfdf88fc9391b9540e2fb271f0ebd24908158f10de57a7c67.pdf,pdf_fillable,1d9c3656-bc80-4463-b536-dcab84850189,,extracted,,tier2_acroform
101879,University of North Alabama,university-of-north-alabama,2024-25,https://www.una.edu/research/Institutional%20Data/2024-2025-cds-university-of-north-alabama.pdf,https://api.collegedata.fyi/storage/v1/object/public/sources/university-of-north-alabama/2024-25/0620441074963b0d239a451a4b75e0ed8d3226dc710adea51e51e11f597bd9f9.pdf,pdf_flat,2ae04793-a888-4499-a150-a5353cd2785b,,extracted,,tier4_docling
199111,University of North Carolina Asheville,university-of-north-carolina-asheville,2024-25,https://drive.usercontent.google.com/download?id=1BIr6_uomfl7Wr32enLCSJdDj2-ax2Nje&export=download,https://api.collegedata.fyi/storage/v1/object/public/sources/university-of-north-carolina-asheville/2024-25/1b1dd1d1c9a984a35330ba61b30037a5aea1e13a33260cf66758488cbac15394.pdf,pdf_flat,87d7bc6a-d6b2-4c26-8010-d0660543c343,,extracted,,tier4_docling
199218,University of North Carolina Wilmington,university-of-north-carolina-wilmington,2024-25,https://drive.usercontent.google.com/download?id=1ZDufOKYw6zJgqvg-nR06RJK-CvOqMA6U&export=download,https://api.collegedata.fyi/storage/v1/object/public/sources/university-of-north-carolina-wilmington/2024-25/760416192f3fdd41892ac6b4fe68314873ff442d03e4bb6ff99fc0bd62c7fec8.pdf,pdf_fillable,f9d9ac22-c986-4caf-82a8-864b5036c35e,,extracted,,tier2_acroform
199120,University of North Carolina at Chapel Hill,unc,2025-26,https://oira.unc.edu/wp-content/uploads/sites/297/2026/06/CDS_UNCCH_2025-26_20260615.pdf,https://api.collegedata.fyi/storage/v1/object/public/sources/unc/2025-26/faab453ba03d65f687ad684f80c466db8e16799d665703897b722d85231ecc88.pdf,pdf_flat,0478c125-4501-4df7-8d7c-924a0825b283,,extracted,,tier4_docling
199139,University of North Carolina at Charlotte,university-of-north-carolina-at-charlotte,2025-26,https://ir.charlotte.edu/wp-content/uploads/sites/871/2026/06/CDS-2025-26.xlsx,https://api.collegedata.fyi/storage/v1/object/public/sources/university-of-north-carolina-at-charlotte/2025-26/e5a13f9cfcdd458cf6c529a05eec20734a98836df7e695c38afb123431597d95.xlsx,xlsx,87bb09ba-afc1-472f-88b6-e7afcbc561c2,,extracted,,tier1_xlsx
199281,University of North Carolina at Pembroke,university-of-north-carolina-at-pembroke,2025-26,https://www.uncp.edu/_files/2025-2026-common-data-set.pdf,https://api.collegedata.fyi/storage/v1/object/public/sources/university-of-north-carolina-at-pembroke/2025-26/f30a034ff09f25a58f7586866e951909da5be664b51de751304fa65a300fb8a2.pdf,pdf_flat,3872c399-8c29-4083-bdc7-b86f50ad4ea3,,extracted,,tier4_docling
482680,University of North Georgia,university-of-north-georgia,2025-26,https://ung.edu/institutional-effectiveness-research-administration/_uploads/files/common-data-sets/cds-2025-2026.xlsx,https://api.collegedata.fyi/storage/v1/object/public/sources/university-of-north-georgia/2025-26/018c596acf428a515c06345e696836082d0f67f6608762de3a000c37997adeb6.xlsx,xlsx,fa89dc1f-2b00-419a-8dbe-be0c874a16bf,,extracted,,tier1_xlsx
227216,University of North Texas,university-of-north-texas,2025-26,https://institutionalresearch.unt.edu/cds_univnorthtx_2025-2026.pdf,https://api.collegedata.fyi/storage/v1/object/public/sources/university-of-north-texas/2025-26/5427a1c59909524e4881a622217e412ba0fd2b4153ce46e0a5d4ce71fdd508aa.pdf,pdf_flat,f416e911-4eef-4359-8410-be52055b8f0b,,extracted,,tier4_docling
127741,University of Northern Colorado,university-of-northern-colorado,2024-25,https://www.unco.edu/app/uploads/UNC-Common-Data-Set-2024-25.pdf,https://api.collegedata.fyi/storage/v1/object/public/sources/university-of-northern-colorado/2024-25/84fafeff263d4ae5addad84b2c1c018c8b1ec4b05c07d6f8115487a7433eafa1.pdf,pdf_scanned,8a832c58-29c8-4ffa-bc6f-1511a71ba8cf,,extracted,,tier4_docling
154095,University of Northern Iowa,university-of-northern-iowa,2025-26,https://ie.uni.edu/sites/default/files/inline-uploads/CDS-2025-2026%20Updated%208.18.26.pdf,https://api.collegedata.fyi/storage/v1/object/public/sources/university-of-northern-iowa/2025-26/240ca4de8d86543fead2d55958b0fbce8038e84a991d3b9d67ef61929f1152f4.pdf,pdf_fillable,4a339b6c-d105-4297-a34b-fad666593dc2,,extracted,,tier2_acroform
152080,University of Notre Dame,university-of-notre-dame,2025-26,https://drive.usercontent.google.com/download?id=1yWm48DwrNsGJJmw8ZEcx4T1pj2xunXQq&export=download,https://api.collegedata.fyi/storage/v1/object/public/sources/university-of-notre-dame/2025-26/8cc4d7972006ee3d6941fc89336a8cba4662437529290d9a5e6e2641b6602d1f.pdf,pdf_flat,a922b2dd-a6f8-4dbf-91e4-4e24c64aef2d,,extracted,,tier4_docling
207500,University of Oklahoma-Norman Campus,university-of-oklahoma-norman-campus,2025-26,https://www.ou.edu/content/dam/irr/docs/common-data-sets/norman-campus-only/2025-26-nc/IRR%20CDS-A.pdf,https://api.collegedata.fyi/storage/v1/object/public/sources/university-of-oklahoma-norman-campus/2025-26/4377d82161b4a3211c79a6446fe791f4f41f2dfc6cc855297b45cf00af32ce52.pdf,pdf_flat,9706849e-7113-44a0-a09b-6f5c086f59d4,,extracted,,tier4_docling
209551,University of Oregon,university-of-oregon,2025-26,https://uoregon.sharepoint.com/sites/UOInstitutionalResearchPublicMaterials/_layouts/15/download.aspx?UniqueId=edd36f8b-0c34-4065-90ac-3c4e916fcbdc&Translate=false,https://api.collegedata.fyi/storage/v1/object/public/sources/university-of-oregon/2025-26/a650fb1af80a687cc48dcae75b8d8e4a8f525fd1cd997e08a7c1f99ad60f912d.pdf,pdf_flat,4832aa60-0f36-493e-b94f-5d2ce1409f0e,,extracted,,tier4_docling
215062,University of Pennsylvania,upenn,2025-26,https://public.boxcloud.com/d/1/b1!LVyyxc_wlyuYLo1RG87mpDkM4NyyodK9OP8-JATdreQ1gwdS9Rk5wVhDcbKFFXZ2-q1WLilIAUb_PXBAOypS0sf2z2vwmx4DL_lPgKI6sbtc7zoMbFgBr9BWqDW4LQnlzN1Q4AN4kbHBAxyUAviAI-vLKYh5BTdGBMxDfF1LQ9aExV4qjfdM-Zag6Jj2cQ-4FIXTe-R98C94QdemSCCR26hJjPMWEhzMMvwenwEdLQt49c2gKMQdAUaqeo7tMCpyN9ATmjVsZ-9_S3FhuoKA11kyWexiLrBku6dsKY7vzrGaYVxljZPr0S7n0_1UsiGWIsUdpl0jy6BUhr3LZ_lRm4jg93dGeeWR5BTkttlI-SqzSnItNE_z99IZMeTVmK4i65DF6u61FJsDn4iJr6bwjTgaJAqmNGIzek08zjkr7Q-z4Nxdab7-6Fgc4EuOy_-kbpI_xED07pM3jPZ-mB1h8fC6-Qy49G3LfydfTv_6b0whoExYiqgUnPCgPiplcM8EBLWMgM0JfPF4jqSygu-Dtkm4LfXAaVMPzjXZhb7c1RR1HMn0dsjhUJUVgPF-Fip-p19cQWFHaWCK6if1jGzzO8g_Fo699wzw4zzBRDgpcYsNmoEEzGoWETQ16-bvoMxhHAAVTKnSRzR4Q2vw5zsDc7oul4ZDaXS7IdDb94nRz93PBsM6YpM5O44UKjjsBHF8XBXa0AasVpiIj8Dtg7COLPm8HTyKgjBKmdBoMO1tv6GMYasD2imyPCIOybqQU2ZB32G87gJISchNl-SmDBmS_TPhdtKTOeAcqwqUbo4tRyzg5qP14O0bqf1ZoR_d-lbBi9NPtLmruC9sfteJwLT-WkfCD82m-dzNj3wC-BzM_G71DJWneqff1k0tZF-LXgrV42jslGq_8LKBMF1q87Tqd_iufJW7MiSdLVgaZnbma5BoMLQiLvsASXxVcs7_5I1V_xZ-VIJZqX1vY_7AAXRoUf4EY5NcsYxw0f7rCnn0OLGN_n7NF47Q9mL39U6nSF1UyG1SlzyfZUqOLefL3ci7wm7z_hv8x17MdWZfYzIGoJ9VhCrjl4jBQRhXcFr9vE4f0jkr4xLbb2DZo4HvkyOzbYv0-bqnPGpcXjTipjA49EOM5L-NFamShpUH-At7wn0o8f7UNqSDWb8kqKsQuR_5HcRujQMl_dr648a6kAkGPN4GCx9FZWW0hRl4KCsHx3Ca-mdlYymNI_7lLJ5LiULObgJdw6M118c5CvAOTy0cG2W8JyN5436q-SwuC5rYNokhom-QlNl3Hj6VSbVBX72pwU9MSeJ52sRx7tXLScyWB_GKWzznpb9HIPTArTxlikjYKZs2cJ6laJP6WdatCqJv_UhCPTrgGH-DbTBpJtXZaXeFqNizwCXBjCsgx0n6hqAWEwr0fbYQB5a2scdYgZR71pqb93b6tC59-Xq4hSbLDQX9CQ8QV2ZM8dUi--MqiOIspC3c1IJOJ58gUeR46f_94hT9TmdXu4h4nWM5KCTu1SMOx6SdZEAIRB054GWXYw44TlndXh8yTiYigdy-6c1si3MBYvstuD6VQHO5XZRjBpc./download,https://api.collegedata.fyi/storage/v1/object/public/sources/upenn/2025-26/a93fd07e0e81c9e403b88390ddafdc08af3e7446a57e9f99904b037797f9cd65.pdf,pdf_flat,16ecb192-27ba-4da8-975b-696a8c15b885,,extracted,wrong_file,tier4_docling
157535,University of Pikeville,university-of-pikeville,2025-26,https://www.upike.edu/wp-content/uploads/2025/11/common-data-set-2025.pdf,https://api.collegedata.fyi/storage/v1/object/public/sources/university-of-pikeville/unknown/1eee3898d9502f7c7d563754167d98e348a4c3210a4a20783cf41a29e0764c57.pdf,pdf_flat,592d654c-82a7-4fec-84da-de719b686af5,,extracted,,tier4_docling
215293,University of Pittsburgh-Pittsburgh Campus,upitt,2025-26,https://www.ir.pitt.edu/sites/default/files/2026-09/2025-2026%20Pittsburgh%20Common%20Data%20Set.pdf,https://api.collegedata.fyi/storage/v1/object/public/sources/upitt/2025-26/d63a8026a8f2bad440f9a492779ce0faad8e2ba8415de88491aef3db782fd9e8.pdf,pdf_flat,d213b2dc-ec3c-4238-a022-9145d4b12bc8,,extracted,low_coverage,tier4_docling
209825,University of Portland,university-of-portland,2024-25,https://drive.usercontent.google.com/download?id=1prgfAP2B4e2ocRosGec0dk_9Q0xu_u6q&export=download,https://api.collegedata.fyi/storage/v1/object/public/sources/university-of-portland/2024-25/bdb7c5451eed9e2a8fb861a299777fb56bbb841094eff31bc75a6646cc032e11.pdf,pdf_fillable,7c9afc64-8153-4cd4-84ed-8a1599a9eb95,,extracted,,tier2_acroform
236328,University of Puget Sound,university-of-puget-sound,2024-25,https://drive.usercontent.google.com/download?id=1OaFaCV_d54yJCHVUmPKSu6C7Rermnahs&export=download,https://api.collegedata.fyi/storage/v1/object/public/sources/university-of-puget-sound/2024-25/b0d92b91f1dc9f0667e23c14a342eb4e1c685831e4fbce81812b3b0b8c4783d9.pdf,pdf_flat,4ad542dc-df4a-4dda-84ff-357543dfe6f7,,extracted,,tier4_docling
217484,University of Rhode Island,university-of-rhode-island,2025-26,https://web.uri.edu/ir/wp-content/uploads/sites/276/CDS-PDF-2025-2026_fillablePDF.pdf,https://api.collegedata.fyi/storage/v1/object/public/sources/university-of-rhode-island/2025-26/21bd459ce8a5b74b8cb726d056a0ed6abcd991cb5ff5ff79240cedee24e2102c.pdf,pdf_fillable,fa9f586a-6bad-494b-b282-ce0ede1468a8,,extracted,,tier2_acroform
233374,University of Richmond,university-of-richmond,2024-25,https://drive.usercontent.google.com/download?id=1H7OYRSCi-ZdQoFbAGqs-mG5_SORO5DRH&export=download,https://api.collegedata.fyi/storage/v1/object/public/sources/university-of-richmond/2024-25/861566256a1d63e871e2de908f16e3a1ddc7bcdac221516c383f17a4419e3265.pdf,pdf_flat,f2171f55-1539-4909-b281-778c519b5921,,extracted,,tier4_docling
195030,University of Rochester,university-of-rochester,2024-25,https://www.rochester.edu/provost/wp-content/uploads/2025/06/CDS_2024-2025-completed-for-web.pdf,https://api.collegedata.fyi/storage/v1/object/public/sources/university-of-rochester/2024-25/d8ef36c3e53ba18291aa1eec35613895607ce09259ea313e161055b4e15a52c4.pdf,pdf_flat,7984fa9d-cc60-4fa3-b0c9-6ac2ed116ec4,,extracted,,tier4_docling
130314,University of Saint Joseph,university-of-saint-joseph,2024-25,https://www.usj.edu/wp-content/uploads/2025/05/USJ-CDS-2025.pdf,https://api.collegedata.fyi/storage/v1/object/public/sources/university-of-saint-joseph/unknown/b15a2615a6dc413bda38d28c1e1276bbd8d9ec92bf1993092d09937d85dd3594.pdf,pdf_fillable,18c308a8-9c6f-4976-ae24-6f0ddf0f7052,,extracted,,tier2_acroform
122436,University of San Diego,university-of-san-diego,2024-25,https://www.sandiego.edu/facts/documents/cds/cds_2024-25.pdf,https://api.collegedata.fyi/storage/v1/object/public/sources/university-of-san-diego/2024-25/4669034b7d38c2258a9c048a3692d4b882d26f33a3e8286bd6dab05cc2370ff4.pdf,pdf_flat,519de02f-f2d3-44a9-b2a9-7a740c9ff822,,extracted,,tier4_docling
122612,University of San Francisco,university-of-san-francisco,2024-25,https://drive.usercontent.google.com/download?id=1zKU2_jGW_cQgxxQ74oHLkKlebIgyrjq3&export=download,https://api.collegedata.fyi/storage/v1/object/public/sources/university-of-san-francisco/2024-25/5947b5076540ef0332bf56da40245c258aa2594a27357ccd70fd01167a09efed.pdf,pdf_flat,c3c80024-76e2-4c6b-82c2-db04a4da46bf,,extracted,,tier4_docling
215929,University of Scranton,university-of-scranton,2025-26,https://www.scranton.edu/pir/institutional-research/institutional-research-reports/2025-2026-cds.pdf,https://api.collegedata.fyi/storage/v1/object/public/sources/university-of-scranton/2025-26/108d2953655a181a110729e19cbf0e11639bba2229dc61442a037d340bc8d05d.pdf,pdf_flat,6ba7f252-2560-4c9e-a5f4-64fd3a80e795,,extracted,,tier4_docling
102094,University of South Alabama,university-of-south-alabama,2025-26,https://www.southalabama.edu/departments/institutionalresearch/resources/usa-cds-2025-2026.pdf,https://api.collegedata.fyi/storage/v1/object/public/sources/university-of-south-alabama/2025-26/ffc9922711ca353f2e3e6db4285163b84fd85611cfbccd88e729b6963f6b5a4b.pdf,pdf_flat,cd34785d-8734-4b24-8401-1906fdc2e4bb,,extracted,low_coverage,tier4_docling
218645,University of South Carolina Aiken,university-of-south-carolina-aiken,2024-25,https://drive.usercontent.google.com/download?id=1NL9FMDkvcWRsIrwu26wWK1w2cLsdr-C1&export=download,https://api.collegedata.fyi/storage/v1/object/public/sources/university-of-south-carolina-aiken/2024-25/001db226cbc444cefb836996ea4f2cf11e57d128f155c11006f98ad9a4979e7b.pdf,pdf_flat,a95a7967-ec9a-44a2-9904-9250cf8b92bb,,extracted,,tier4_docling
218663,University of South Carolina-Columbia,university-of-south-carolina-columbia,2024-25,http://oiraa.dw.sc.edu/cds/cds2024/CDS_2024-2025.pdf,https://api.collegedata.fyi/storage/v1/object/public/sources/university-of-south-carolina-columbia/2024-25/f173a258445073b253b32869358c1677096abe67e76cef29eb00861d13923d1d.pdf,pdf_flat,b0e0f869-6cfa-42d4-95e9-b916179a6aba,,extracted,,tier4_docling
219471,University of South Dakota,university-of-south-dakota,2024-25,https://www.usd.edu/-/media/Project/USD/DotEdu/About/Departments-Offices-and-Resources/Institutional-Research-Planning-and-Assessment/USD-Common-Data-Set.pdf?rev=1ddcb14196e140a9bec776ebd5bc7b88&hash=F12AD65AC125F221B48CB947AD4702C0,https://api.collegedata.fyi/storage/v1/object/public/sources/university-of-south-dakota/unknown/14c5156c5f2d1ee796b64379ae62b84445e3ab10f8bb43c2e8f71ae3e501232c.pdf,pdf_flat,a516fd7a-4c70-4002-bde5-de0dd9a56189,,extracted,,tier4_docling
137351,University of South Florida,university-of-south-florida,2024-25,https://www.usf.edu/ods/documents/cds/cds-2024-2025-final.pdf,https://api.collegedata.fyi/storage/v1/object/public/sources/university-of-south-florida/2024-25/d2c1028cabe142a478b24730dea5204f2d79e9adcf1ff3205da077589289d609.pdf,pdf_fillable,fd256616-d419-4695-9990-6ea0442611e6,,failed,,tier2_acroform
123961,University of Southern California,usc,2025-26,https://oir.usc.edu/wp-content/uploads/sites/3/2026/10/CDS_2025-26_FINAL.pdf,https://api.collegedata.fyi/storage/v1/object/public/sources/usc/2025-26/899c1316d80eb5709d0212b37ba8500671f987c906499d60a3c9a52b83504a36.pdf,pdf_flat,95989e1b-b46f-4abb-a969-72cb65b148c5,,extracted,,tier4_docling
151306,University of Southern Indiana,university-of-southern-indiana,2024-25,https://www.usi.edu/media/clnodgfb/cds-24-25-all-combined_klc_20260819.pdf,https://api.collegedata.fyi/storage/v1/object/public/sources/university-of-southern-indiana/2024-25/e72add3aad9d123653aa6064bec6a387188f536ecfb6174b62b758aefce45d35.pdf,pdf_flat,017ba736-216e-4813-b55d-dace2ea6e01f,,extracted,,tier4_docling
161554,University of Southern Maine,university-of-southern-maine,2024-25,https://drive.usercontent.google.com/download?id=1_NikQCdk6Lfc3mvYccU1oXwcjF0Nlvd4&export=download,https://api.collegedata.fyi/storage/v1/object/public/sources/university-of-southern-maine/2024-25/a072c9980601373cc0185fc8d5423b1f7af176385f28f6a09711df10cfd18b0a.pdf,pdf_flat,7c5306ff-723f-4716-b47f-5673be59065e,,extracted,,tier4_docling
176372,University of Southern Mississippi,university-of-southern-mississippi,2023-24,https://www.usm.edu/institutional-research/cds_2023_2024_final.pdf,https://api.collegedata.fyi/storage/v1/object/public/sources/university-of-southern-mississippi/2023-24/8c668bd5ad815467e0af4a10a5ada0f956f8dc82637fc91a07f7aebf427dc4f4.pdf,pdf_flat,6156b63f-ac49-4c1e-9a8e-49fb140107b5,,extracted,,tier4_docling
206084,University of Toledo,university-of-toledo,2025-26,https://www.utoledo.edu/offices/institutional-research/report-library/common-data-set/docs/cds-2025-2026.pdf,https://api.collegedata.fyi/storage/v1/object/public/sources/university-of-toledo/2025-26/8ea19b09a46d25c8a9388668873af9093d981558608404e74854f066aca3d980.pdf,pdf_flat,244fc370-875c-47c5-a51e-7cb4915f3ec1,,extracted,,tier4_docling
230764,University of Utah,university-of-utah,2024-25,https://drive.usercontent.google.com/download?id=1UwytoPwwp6jPanBxAuvQ6K_CxrvsaLS3&export=download,https://api.collegedata.fyi/storage/v1/object/public/sources/university-of-utah/2024-25/36a841819731206a0ac37186847d11cfd71327f01fea633e30a9121d3909018a.pdf,pdf_flat,7232750d-0ab4-44e3-a2f3-eeae2b396312,,extracted,,tier4_docling
231174,University of Vermont,university-of-vermont,2025-26,https://www.uvm.edu/d10-files/documents/2026-06/CDS_2025-2026_C.pdf,https://api.collegedata.fyi/storage/v1/object/public/sources/university-of-vermont/2025-26/05a45dc4b333fb6495e4ec71d1eae78139a4242e8ca847410e0bda7e5274d44c.pdf,pdf_flat,8f560801-883e-41a5-b82c-ec3f3666e55f,,extracted,,tier4_docling
233897,University of Virginia's College at Wise,university-of-virginias-college-at-wise,2023-24,https://www.uvawise.edu/sites/default/files/attachments/pages/2025-01/cds%202023-2024.pdf,https://api.collegedata.fyi/storage/v1/object/public/sources/university-of-virginias-college-at-wise/2023-24/7a1951d1d75c71d548950ec3505a78bbe8c32d463102d5be8de5c2c1c4ee828e.pdf,pdf_flat,21370b9a-48ad-49f6-845f-8f14ae6572a8,,extracted,low_coverage,tier4_docling
234076,University of Virginia-Main Campus,uva,2024-25,https://ira.virginia.edu/sites/ira/files/2025-03/CDS_2024-2025_508.pdf,https://api.collegedata.fyi/storage/v1/object/public/sources/uva/2024-25/aaa48433f7990acab1798495e01c6c7b430520f9a564c44588da204c92e19c0c.pdf,pdf_flat,0fcb362d-e07a-4690-b30a-387167bb1c6a,,extracted,,tier4_docling
377555,University of Washington-Bothell Campus,university-of-washington-bothell-campus,2025-26,https://cdn.uw.edu/wp-content/uploads/sites/162/2026/02/27111247/CDS_2025-2026_Seattle.pdf,https://api.collegedata.fyi/storage/v1/object/public/sources/university-of-washington-bothell-campus/2025-26/477bb1c4b03a3d9db7f3d3d6a85785c02160d48ae89f0695e7b390055e533681.pdf,pdf_fillable,53541e18-b3ea-4222-a796-bf5feab45887,,extracted,,tier2_acroform
236948,University of Washington-Seattle Campus,uw,2025-26,https://cdn.uw.edu/wp-content/uploads/sites/162/2026/02/27111247/CDS_2025-2026_Seattle.pdf,https://api.collegedata.fyi/storage/v1/object/public/sources/uw/2025-26/477bb1c4b03a3d9db7f3d3d6a85785c02160d48ae89f0695e7b390055e533681.pdf,pdf_fillable,96f80d84-4ff9-49b1-bec2-5a2099c63df2,,extracted,,tier2_acroform
377564,University of Washington-Tacoma Campus,university-of-washington-tacoma-campus,2025-26,https://cdn.uw.edu/wp-content/uploads/sites/162/2026/02/27111247/CDS_2025-2026_Seattle.pdf,https://api.collegedata.fyi/storage/v1/object/public/sources/university-of-washington-tacoma-campus/2025-26/477bb1c4b03a3d9db7f3d3d6a85785c02160d48ae89f0695e7b390055e533681.pdf,pdf_fillable,d5cec390-df79-4f8f-8536-cbcd4c6fafbc,,extracted,,tier2_acroform
138354,University of West Florida,university-of-west-florida,2024-25,https://uwf.edu/media/university-of-west-florida/academic-affairs/departments/institutional-research/docs/archive/cds/CDS_2024-25.pdf,https://api.collegedata.fyi/storage/v1/object/public/sources/university-of-west-florida/2024-25/2262ea44e8ee3627433796d368f164140a75f36bcea23f76482cf2cfaab0441a.pdf,pdf_flat,b6e2076f-3f74-4f64-8234-ea9f1e424d26,,extracted,,tier4_docling
141334,University of West Georgia,university-of-west-georgia,2025-26,https://www.westga.edu/assets/iea/docs/cds-reports/cds-f2025.pdf,https://api.collegedata.fyi/storage/v1/object/public/sources/university-of-west-georgia/unknown/4e033fa397ba9a7697d4b31ed8a14d5bd5c5aa16df5fd3433696e3782b08a66c.pdf,pdf_flat,911aabc6-52f7-45af-bdbb-f29cdaa820c9,,extracted,,tier4_docling
240268,University of Wisconsin-Eau Claire,university-of-wisconsin-eau-claire,2025-26,https://www.uwec.edu/sites/default/files/2025-11/CDS2025-2026.pdf,https://api.collegedata.fyi/storage/v1/object/public/sources/university-of-wisconsin-eau-claire/2025-26/96eb99eb254987f5fbd025d232351f00cb9a52df4ecf0b51070e8724eb0c0916.pdf,pdf_flat,2f2f1f82-784f-4ac3-b046-0f58b3d54307,,extracted,,tier4_docling
240277,University of Wisconsin-Green Bay,university-of-wisconsin-green-bay,2025-26,https://www.uwgb.edu/getmedia/e4d65779-195e-47a8-95a8-b4e72bc34978/CDS-2025-2026.xlsx,https://api.collegedata.fyi/storage/v1/object/public/sources/university-of-wisconsin-green-bay/2025-26/f32368654ff4161df71ec7fa7584db072d3c725ade7189d81d378354f34313c4.xlsx,xlsx,1e3133ad-dd20-427b-91a8-8379166a33ab,,extracted,,tier1_xlsx
240444,University of Wisconsin-Madison,uw-madison,2025-26,https://public.boxcloud.com/d/1/b1!4Wvb9nLc19-dBIV6_4KYqJhf9x3xwbaApEl3b4O-PN3ATEwJd93LHjnPXGcCARynxo3oQOik_PS7UEcC6crYy3wL9_clOU2ky5zcPLEWYiP86Y6ZWhiesmeHM5Mzo-N4WRfldMYacJKkvBsZOfzxlB8cv6POMnZIXau8NeY_mo2okL3_bK6shzzOBCJdwS9OF5zUzV3jfhYY9o818F_zW5ZBbsbd0aKSPMlujFFi7SyUijPMDeZ9twsX7NaTVxNPVEl2t2hKc9dLfTJXTtR7loZAsiRhai5v1w8AbaBmaP3ss96gMDCfy980V32YINSGIGXJ-EBVEi9fZ04-R6XNBttldE4sm4oVfxRTxCKTHDxgfe-L0bvZ9g5tavlOqdVBmROVJHD_e2pZoTMrz61lMMUvnOnLnOd-J9TrOOV7CvVazDcgjskl9bduFZJOljN0bI9GRQ0BwTVLbA8g39qJTxkH1lCn9pY_AVdvH5-d-1XQPjTNjTfIGCivi7XeK5rLvXaNaLfHUfbl683vTNQNfSKzAqqhSZiCpb6kKO1HUC3R7rQJ7NTQ_B-gI7ER49EKsG6ywWjb_mLThWcN2ib1KpJg56MdnrwUJLxQebweDwuu0Vct3K1NseP7yCBfwkx6s0o9D-A5IoSArYabWWULcHhbF2LEbh33Z3eRfMxb41R6HvqKxVryqVbzfOz4zesMGTCm2zJF-2b9o5SK94sInsvQeqsme79McT4y4a3m5BfRRs8tKF9Yd6HJU9_K0IfoexSY55_OiFZvD6DlVfmBgxA-HTCyMksiRNTSjnlk2RV6v2dzLB69-BFI3dOHAM4PSCrUdRtoGVG2mz2nqyP5mkwSyQRYdNrzftmeharQta6zgGF_5tGjwo89Ao2-xnR-twUFYSam1WSh6SaEIcIHHUtVazuzSwMpMQa8xtrdl6ihKZh72eEF1u2qGDUD2fIyZV4VhFXME4lD8XXXWz32T8fskbZrymlT5_IGS9dwXHAKJb2RjhbxFh8BjTCSSifY5xUBgJ3QPqhZ8YdryL-2yLJ_iOrcNA84viQipOs9K9uJ2ES5nOioIcODl_M_aH-BhL3gJBav5rom4XmIiuyiz7fnPqEJEEVgdV6hgXlDpUtnC51S3rJ-1XUhYgCnj_j-fi-Jxs6UVt9DKy2PQPT8ZSFziJMGBVOehU4SEBG2xT_z_MtLsOpqJG9LAdi0np0htk52B1KWC0fNM3DFhLrrN-owMjm3UHZGgjIIXlrJJ9lnHcN3UEQLgSjkPaP5vcREkUb1rtqJF40JCw5wkNlfFUVy1POnA9pobUvkGalK4X3ljHK18KvdkAazbpdJmOp6ZeSJXn66HHMMah_WMQtWpFDDU1C4DcPQOGLDJyJvFJpvVrrb_jCZ8Ioa2C6Y-ttZ6AscqOxqkvcRjIoRQcxg4MgYbO7k6DejPKBz1E2M7q89P367vqCPmCOnP9M-J_HoStLLQnbAlLgql6pR0GmP7WHd7_cUJPGGNp_REXapz6dVya8ioQb2wJKhQNA7iId5M_RRzZzaIPGqdFJW6RrxEpJwOy8Z3AzCnWbv5v2HY7ZpWPFo7yfb0eLPXfNc6jkKovRde5qiYO0ZsSos4WYmCswIaL-hb336jtW5iIU4/download,https://api.collegedata.fyi/storage/v1/object/public/sources/uw-madison/2025-26/22d2066417dc3f2324f6699e0b0cdac8f5dfd3e2e0a681ab22da2d0f159a9b3e.xlsx,xlsx,676b3aac-cd5e-49a9-bc15-cf3ced6bee61,,extracted,,tier1_xlsx
240453,University of Wisconsin-Milwaukee,university-of-wisconsin-milwaukee,2023-24,https://uwm.edu/institutional-research/wp-content/uploads/sites/268/2024/03/CDS23_24_public.pdf,https://api.collegedata.fyi/storage/v1/object/public/sources/university-of-wisconsin-milwaukee/2023-24/7b49c7a4ca7c14b295138518f81dd5ae3a23b67da91d378c47b40e6f07bf50f2.pdf,pdf_flat,14a94701-6fb0-4dee-9837-6873637dd554,,extracted,,tier4_docling
240374,University of Wisconsin-Parkside,university-of-wisconsin-parkside,2024-25,https://www.uwp.edu/wp-content/uploads/2026/07/CDS_2024-25-UW-Parkside.pdf,https://api.collegedata.fyi/storage/v1/object/public/sources/university-of-wisconsin-parkside/2024-25/406de1c1a43c3f96081975588eb7b15a9ba73da6ee73bed38d9ffc7d15b4a058.pdf,pdf_flat,1e976a44-e357-48af-93fe-a46cad7ec649,,extracted,,tier4_docling
240480,University of Wisconsin-Stevens Point,university-of-wisconsin-stevens-point,2023-24,https://www3.uwsp.edu/oire/Documents/CDS/CDS_UWSP-Main-AllCampuses/UWSP_CDS_ALLCAMPUSES-2023-2024_062624.pdf,https://api.collegedata.fyi/storage/v1/object/public/sources/university-of-wisconsin-stevens-point/2023-24/0928c353d35877e6639a80a043e92ba48e1a430786dd1c73b99e6252dcea913f.pdf,pdf_fillable,0c578d32-f2eb-42a1-b903-f1742c6e5c49,,extracted,,tier2_acroform
225627,University of the Incarnate Word,university-of-the-incarnate-word,2024-25,https://my.uiw.edu/ir/_docs/cds-24-25.pdf,https://api.collegedata.fyi/storage/v1/object/public/sources/university-of-the-incarnate-word/2024-25/be4566b863fe5729b4007ec4a6ab6a6999d51e9cc14393c5eb7afbd49b70e5c4.pdf,pdf_flat,982fceb6-e8fe-461f-b186-552857315f88,,extracted,,tier4_docling
107558,University of the Ozarks,university-of-the-ozarks,2025-26,https://ozarks.edu/wp-content/uploads/CDS_2025-2026.pdf,https://api.collegedata.fyi/storage/v1/object/public/sources/university-of-the-ozarks/2025-26/d7c04fd0d35c385dceb02a64267477c0754471dfdf83016bf722799623e63daa.pdf,pdf_flat,d529dd95-5e84-4236-937e-209dee6c0f6f,,extracted,,tier4_docling
120883,University of the Pacific,university-of-the-pacific,2024-25,https://www.pacific.edu/sites/default/files/users/user777/2024_25_CDS_Full_Form_.pdf,https://api.collegedata.fyi/storage/v1/object/public/sources/university-of-the-pacific/2024-25/0db6d43dfd50b68aef9fdfcc45ab712136f9d23f21e6d3137b03d29867f60e56.pdf,pdf_flat,7f91106b-2354-4c60-bfa7-2a51821dcfb5,,extracted,,tier4_docling
230728,Utah State University,utah-state-university,2025-26,https://www.usu.edu/oda/files/common-data-sets/CDS2025-26.pdf,https://api.collegedata.fyi/storage/v1/object/public/sources/utah-state-university/2025-26/7785065386c39951766c8e6e9bd92496c2570fd84a8e61a4fbad2fdd4aac7545.pdf,pdf_flat,e0023c08-2fdd-4105-9ed9-067e79372cd7,,extracted,,tier4_docling
141264,Valdosta State University,valdosta-state-university,2025-26,https://www.valdosta.edu/administration/institutional-research/documents/common-data-set/cds-2025-2026.pdf,https://api.collegedata.fyi/storage/v1/object/public/sources/valdosta-state-university/2025-26/4abcab92e95d06390c777cefe9dd6ae74f3ec38076d2bdf5c28be31da1fbfb92.pdf,pdf_flat,dc641b2a-ab19-4502-90c0-2a3f8faf15eb,,extracted,low_coverage,tier4_docling
152600,Valparaiso University,valparaiso-university,2025-26,https://www.valpo.edu/wp-content/uploads/2026/06/CDS_2025-2026-PDF_v4_2026.06.10.pdf,https://api.collegedata.fyi/storage/v1/object/public/sources/valparaiso-university/2025-26/80475b8f8dcb177a4daa1316b505c12579b2b5a222922637d78b9d1e1e7a1784.pdf,pdf_fillable,5c46d538-9832-4af1-86bd-632aadaf9a4f,,extracted,,tier2_acroform
221999,Vanderbilt University,vanderbilt,2025-26,https://cdn.vanderbilt.edu/vu-wpfsx/wp-content/uploads/sites/70/2026/07/CDS_2025-2026.xlsx,https://api.collegedata.fyi/storage/v1/object/public/sources/vanderbilt/2025-26/37b70162d0e9e9d27bdb00fd01b0a618e4da8ce11d6948453c71e73c0af83637.xlsx,xlsx,a3da94ae-94f9-4d8f-aa0a-41b7aa3d32c5,,extracted,,tier1_xlsx
197133,Vassar College,vassar-college,2024-25,https://offices.vassar.edu/institutional-research/wp-content/uploads/sites/23/2025/03/Vassar-College-CDS-2024-2025-1.pdf,https://api.collegedata.fyi/storage/v1/object/public/sources/vassar-college/2024-25/dcc909d9715da14f8cbe09fe5f8e920bff837b39bb4fde2feccf1387bfe93788.pdf,pdf_fillable,0e1a3540-7bd5-43e4-8f23-545aa474ce2a,,extracted,,tier2_acroform
216597,Villanova University,villanova-university,2024-25,https://drive.usercontent.google.com/download?id=1TJi4oOjU6bQQIdhnpeaPWgfwHb_tq_60&export=download,https://api.collegedata.fyi/storage/v1/object/public/sources/villanova-university/2024-25/0f50a3096a3400d633e101976719e97cb8fc6dbe0c8ae892a9b227468c34c68d.pdf,pdf_flat,d14d37ab-6dd8-4b0a-b634-f98a7bbfc9eb,,extracted,,tier4_docling
234030,Virginia Commonwealth University,virginia-commonwealth-university,2024-25,https://irds.vcu.edu/media/decision-support/pdf/commondatasets/CommonDataSet2024-25.pdf,https://api.collegedata.fyi/storage/v1/object/public/sources/virginia-commonwealth-university/2024-25/b9c6f9323dbf44c37dada037c1769fc10da3dd55a05c9f339149f529b8251650.pdf,pdf_flat,12bd5c43-e83c-42e5-bf3f-e72a5f17111c,,extracted,,tier4_docling
234085,Virginia Military Institute,virginia-military-institute,2025-26,https://www.vmi.edu/wp-content/uploads/2026/06/CDS-2025-26-Tuition-Update.pdf,https://api.collegedata.fyi/storage/v1/object/public/sources/virginia-military-institute/2025-26/a021aac5a1065d83ea1b542ee17e046597eb367ac4e8947d99100e9786027887.pdf,pdf_flat,7839cb73-20c2-4b92-9a05-5221d1f71fff,,extracted,,tier4_docling
233921,Virginia Polytechnic Institute and State University,virginia-polytechnic-institute-and-state-university,2024-25,https://doc-0g-60-sheets.googleusercontent.com/export/54bogvaave6cua4cdnls17ksc4/6lnn7pchv8k3mg4q0h9rudfoa4/1776620200000/105250506097979753968/*/1KnGBhS5hVKwDzlbRnoZt0YlAKfBVHX6x?format=xlsx,https://api.collegedata.fyi/storage/v1/object/public/sources/virginia-polytechnic-institute-and-state-university/2024-25/05f88a00263d6c35da6af2ed31d35fd3d5e263b20e96067a0a13862faa9b3dab.xlsx,xlsx,73678f3f-d50d-4340-8888-ebc60ef20a4d,,extracted,,tier1_xlsx
240107,Viterbo University,viterbo-university,2025-26,https://www.viterbo.edu/sites/default/files/2026-04/vu_fa25_cds_final_20260416-a.pdf,https://api.collegedata.fyi/storage/v1/object/public/sources/viterbo-university/2025-26/d81762474cb1c8eec03e0ece1d19f8c98618e28ff1c26262c782b35ee9c387b8.pdf,pdf_flat,6c4b9817-0809-4aef-997e-d2790b640af6,,extracted,,tier4_docling
152673,Wabash College,wabash-college,2025-26,https://www.wabash.edu/institutional_research/docs/cds-2025-2026.xlsx,https://api.collegedata.fyi/storage/v1/object/public/sources/wabash-college/2025-26/a8abe5034254334e4cae7ccebecf0ab6797395551ca1ec4d0938225a714b38e6.xlsx,xlsx,e4ad9982-8255-4d42-8b3f-0359a3c7a8fb,,extracted,,tier1_xlsx
199847,Wake Forest University,wake-forest,2024-25,https://prod.wp.cdn.aws.wfu.edu/sites/202/2025/07/CDS-2024-2025-fillable-WFU.pdf,https://api.collegedata.fyi/storage/v1/object/public/sources/wake-forest-university/2024-25/383596b403efa31a34f6d154233a8808c8480218752f08d32dd12c00336c9101.pdf,pdf_fillable,8dd7b182-e8dc-4546-bdfc-a164319515fc,,extracted,,tier2_acroform
236896,Walla Walla University,walla-walla-university,2023-24,https://www.wallawalla.edu/fileadmin/user_upload/Institutional_Research/Common_Data_Set/CDS_2023-2024-1_-_final_01.pdf,https://api.collegedata.fyi/storage/v1/object/public/sources/walla-walla-university/2023-24/9feef45f7158b66a862d5a44e21a73558bbe128f56472699890f73c24b391871.pdf,pdf_flat,a3161db8-dd4f-4a46-8f6f-bd0303ca617b,,extracted,,tier4_docling
164216,Washington College,washington-college,2024-25,https://www.washcoll.edu/people_departments/offices/institutional-research/common_data_sets_cds/common-data-set-2024-2025.pdf,https://api.collegedata.fyi/storage/v1/object/public/sources/washington-college/2024-25/0e9082940e39b80fc5ca3b62bd8ae4e380d8d4f913e751b4268ed32535c6e333.pdf,pdf_flat,b1be6c2e-f940-4e0c-9449-08a743dab92e,,extracted,,tier4_docling
236939,Washington State University,washington-state-university,2025-26,https://wpcdn.web.wsu.edu/wp-provost/uploads/sites/3285/2026/05/CDS_2025-2026-PDF_For-Website.pdf,https://api.collegedata.fyi/storage/v1/object/public/sources/washington-state-university/2025-26/39458b5a428c71fc01a590b6b3c5bde622ef047a280a54956fe9fed8ed1e6f8a.pdf,pdf_flat,d37b54e7-7145-45d2-8815-461fa34e37d1,,extracted,low_coverage,tier4_docling
179867,Washington University in St Louis,washington-university-in-st-louis,2025-26,https://washu.edu/app/uploads/2026/06/2025-2026-WashU-CDS.pdf,https://api.collegedata.fyi/storage/v1/object/public/sources/washington-university-in-st-louis/2025-26/6e31784a370ec0c61814a19c98b2eb360953705e1eea92921a59eff49373d8ee.pdf,pdf_flat,0c6bb23e-a501-4c6a-9dfd-e2d4cba447f2,,extracted,,tier4_docling
234207,Washington and Lee University,washington-and-lee,2024-25,https://my.wlu.edu/document/2024-common-data-set,https://api.collegedata.fyi/storage/v1/object/public/sources/washington-and-lee/unknown/7d528d0db34dfa565df44af0afd58be57a71f5741bcd67d290585f6c1e653309.pdf,pdf_flat,468f1d4b-873c-4753-9216-7f4026006f53,,extracted,,tier4_docling
172644,Wayne State University,wayne-state-university,2025-26,https://irda.wayne.edu/common-data-set/2025-2026-cds.pdf,https://api.collegedata.fyi/storage/v1/object/public/sources/wayne-state-university/2025-26/faa18fe45b72df61b2affe46290f1f84380bb3093586b01c0d3d2dc361bca4db.pdf,pdf_fillable,677507f2-837d-45cf-9e72-175211bf8f62,,extracted,,tier2_acroform
168218,Wellesley College,wellesley-college,2025-26,https://wellesley-college.files.svdcdn.com/production/administrative-departments/OIR/CDS_2025-2026-FINAL.pdf?dm=1773253066,https://api.collegedata.fyi/storage/v1/object/public/sources/wellesley-college/2025-26/160bd2d8f489882467d637a0eae2482bc9a1893faf238234d239afcf03b7114e.pdf,pdf_flat,2cb9a675-58ee-472c-88fd-909032e8999e,,extracted,,tier4_docling
168227,Wentworth Institute of Technology,wentworth-institute-of-technology,2025-26,https://wit.edu/sites/default/files/2026-07/Wentworth_CDS_25_26_final6.pdf,https://api.collegedata.fyi/storage/v1/object/public/sources/wentworth-institute-of-technology/2025-26/cf01ba97b8a762990e388603ba764179fcce0b960f7eebecf9be7fa5c01ad00e.pdf,pdf_flat,4052ba60-f7bf-48bd-a7ad-4446960afcab,,extracted,,tier4_docling
130697,Wesleyan University,wesleyan-university,2024-25,https://drive.usercontent.google.com/download?id=1Tu6btPPH-IrFDCQbFCmtwha7kLe8-enJ&export=download,https://api.collegedata.fyi/storage/v1/object/public/sources/wesleyan-university/2024-25/0ab728fdae9dd5f8835fbeded991e3d0060a152aead816fa2aea6b132e91a9d6.pdf,pdf_flat,889114d9-6bf2-4fbb-a258-9ce04b8d3e67,,extracted,,tier4_docling
216764,West Chester University of Pennsylvania,west-chester-university-of-pennsylvania,2025-26,https://www.wcupa.edu/deputy-provost/institutionalResearch/documents/CDS_2025-2026%20Final.pdf,https://api.collegedata.fyi/storage/v1/object/public/sources/west-chester-university-of-pennsylvania/2025-26/1d2be3c69b963f017bc57e7e1059887eb9715b01a280942554495b1e002fc386.pdf,pdf_flat,621fa884-eb7e-4979-83c1-aed9f1519c15,,extracted,low_coverage,tier4_docling
229814,West Texas A & M University,west-texas-a-and-m-university,2024-25,https://www.wtamu.edu/_files/docs/academics/Institutional%20Research/CDS.pdf,https://api.collegedata.fyi/storage/v1/object/public/sources/west-texas-a-and-m-university/unknown/6b8ac7c690a7b8086b78fab9254ff28d788e5593a79233dc0ba56d1c48f8bc06.pdf,pdf_flat,d7ca2049-53d3-4efd-9486-100c2f33cdc1,,extracted,,tier4_docling
238032,West Virginia University,west-virginia-university,2024-25,https://drive.usercontent.google.com/download?id=1HJqpIcCSMUMx4s6xX1AgegpamvtCkLm5&export=download,https://api.collegedata.fyi/storage/v1/object/public/sources/west-virginia-university/2024-25/f3d4a2775ef24dd45e4ebf5df33535f2c6dfd2c857dde166a9c5c1b1910a9863.pdf,pdf_flat,9b19d118-c5c3-4782-9f3e-338d625b4e17,,extracted,,tier4_docling
200004,Western Carolina University,western-carolina-university,2024-25,https://www.wcu.edu/_files/learn/provost/2024-2025-CDS.pdf,https://api.collegedata.fyi/storage/v1/object/public/sources/western-carolina-university/2024-25/a101c81b5d0adc222ed568bbb76868a2f0642cc2684de755c74ccd10429d27dc.pdf,pdf_flat,8ba79ebe-da41-4e93-99fb-eea5fd6ff522,,extracted,,tier4_docling
172699,Western Michigan University,western-michigan-university,2025-26,https://files.wmich.edu/s3fs-public/2026-02/wmu_cds_2025-26.pdf,https://api.collegedata.fyi/storage/v1/object/public/sources/western-michigan-university/2025-26/68882fa4e0680ec77df7af7abca7b929b832d7f7a67eb57bd67f5d3106f72c2c.pdf,pdf_flat,03eed8a6-979d-4987-8b85-74e2d59326df,,extracted,,tier4_docling
168254,Western New England University,western-new-england-university,2025-26,https://wne.edu/institutional-research/doc/CDS-2025-2026.pdf,https://api.collegedata.fyi/storage/v1/object/public/sources/western-new-england-university/2025-26/261a6cc33b9a71f5ac7b689e1739033e15ae26983be925bd3278f63b7685d914.pdf,pdf_fillable,21819bc6-0ea9-4fa2-926c-7ba689382210,,extracted,,tier2_acroform
210429,Western Oregon University,western-oregon-university,2024-25,https://cdn.wou.edu/institutionalresearch/files/2025/09/CDS-2024-2025.pdf,https://api.collegedata.fyi/storage/v1/object/public/sources/western-oregon-university/2024-25/1f5a1d788ba25b62d74fcb6d558868b78dd2aef2cf4c51274218ac90ea794197.pdf,pdf_fillable,2dda4f23-6567-4e76-bf9f-f4e3561c9d40,,extracted,,tier2_acroform
237011,Western Washington University,western-washington-university,2025-26,https://bpb-us-e1.wpmucdn.com/wp.wwu.edu/dist/d/4572/files/2026/02/CDS_2025-26.pdf,https://api.collegedata.fyi/storage/v1/object/public/sources/western-washington-university/2025-26/efef6d192e22f1327d59bdd14d1095e25d52d89a7f8e7a927fa2e5a74ba46b03.pdf,pdf_flat,fb185b46-20ab-42a4-a478-9875aa1f7ca5,,extracted,,tier4_docling
168263,Westfield State University,westfield-state-university,2023-24,https://www.westfield.ma.edu/documents/cds2023-24pdf,https://api.collegedata.fyi/storage/v1/object/public/sources/westfield-state-university/2023-24/643472819ff260393f8a17c06662417729b2fd63773ff878dbac71ffb5d62e06.pdf,pdf_flat,e40e1a63-1ea9-407c-a31d-8e584e1fdd2b,,extracted,,tier4_docling
230807,Westminster University,westminster-university,2025-26,https://westminsteru.edu/_resources/files/default-source/common-data-set-2025-2026.xlsx,https://api.collegedata.fyi/storage/v1/object/public/sources/westminster-university/2025-26/8b625b2f40308def31c509259ccbfd630dcb3908a2cb3ec94b66fc8b34c210b0.xlsx,xlsx,fdf8b6d0-3aab-4d25-af16-dcd0b403c1e4,,extracted,,tier1_xlsx
125727,Westmont College,westmont-college,2024-25,https://www.westmont.edu/sites/default/files/2025-11/CDS%202024-25%20Westmont%20College.xlsx,https://api.collegedata.fyi/storage/v1/object/public/sources/westmont-college/2024-25/a0a64151a8940401f67ed3e0bea5b297752720e940698e67a5a333af597964dc.xlsx,xlsx,a889cc8d-9968-4c24-8288-f3e701a5c2a0,,extracted,,tier1_xlsx
237057,Whitman College,whitman-college,2024-25,https://drive.usercontent.google.com/download?id=1IPdvZGD-gzDYjb8QUWKuj8UgZk-wgpFr&export=download,https://api.collegedata.fyi/storage/v1/object/public/sources/whitman-college/2024-25/c922137f27d0c18a4b2517b5467ed4394ad8586aad2b8a5b79f8e56486c52008.pdf,pdf_flat,f76c0c70-a20e-40af-b8af-a0815d580ee3,,extracted,,tier4_docling
156125,Wichita State University,wichita-state-university,2025-26,https://www.wichita.edu/services/planning_and_analysis/documents/WSU_2025_2026_CDS_OPAweb.xlsx,https://api.collegedata.fyi/storage/v1/object/public/sources/wichita-state-university/2025-26/537cfc0190f2dd99f4c2f719ad29b7a8ad43400c421aa4551124705a64e47ca6.xlsx,xlsx,540310fa-c7f2-48d4-81f1-7aef4393ce15,,extracted,,tier1_xlsx
216931,Wilkes University,wilkes-university,2025-26,https://www.wilkes.edu/about-wilkes/offices-and-administration/institutional-research/_assets/Wilkes%20University%20CDS_2025-26.pdf,https://api.collegedata.fyi/storage/v1/object/public/sources/wilkes-university/2025-26/a8734ac38450f09bf9defdd2db953b47ea5bf69ef5399a93461a2cb175a92e84.pdf,pdf_flat,4906c1d6-fd63-49ef-925e-7ce10e50d763,,extracted,,tier4_docling
231624,William & Mary,william-and-mary,2025-26,https://www.wm.edu/offices/ir/university_data/cds/cds_2025-26_a1.pdf,https://api.collegedata.fyi/storage/v1/object/public/sources/william-and-mary/2025-26/364653084523c771f84db9b23b292e8c66644e1a026c4a1fdcbcd01f428c2f10.pdf,pdf_fillable,66074c70-9cc6-47c3-be3c-7337025b1350,,extracted,,tier2_acroform
168342,Williams College,williams-college,2025-26,https://www.williams.edu/institutional-research/files/2026/04/Williams-CDS-2025-2026-V2.pdf,https://api.collegedata.fyi/storage/v1/object/public/sources/williams-college/2025-26/f0616d7cb427899a3963498bceb30af50ebbff454f92bd1dd84276b3e430c996.pdf,pdf_flat,ed6f2933-0896-4099-9b86-300179782f47,,extracted,,tier4_docling
175272,Winona State University,winona-state-university,2024-25,https://drive.usercontent.google.com/download?id=1FYwQEjtQSn3RhBfPJGzJM_rIF8Jp1KlU&export=download,https://api.collegedata.fyi/storage/v1/object/public/sources/winona-state-university/2024-25/0fc28549f080a0f358afc4f6b244790b24fd62adc92b2d8dd930f3df23758f2d.pdf,pdf_flat,ef0474ac-72c5-400e-9125-97160e443eda,,extracted,,tier4_docling
218964,Winthrop University,winthrop-university,2025-26,https://www.winthrop.edu/uploadedFiles/institutional-effectiveness/cds202526.pdf,https://api.collegedata.fyi/storage/v1/object/public/sources/winthrop-university/2025-26/fccae7bb75819a64c6bb3894d5e311aecfd95a9b0a4e5c1680eb31768a863e97.pdf,pdf_flat,38fa1e50-267e-41e0-876a-bfacc8e613b2,,extracted,,tier4_docling
206525,Wittenberg University,wittenberg-university,2025-26,https://www.wittenberg.edu/sites/default/files/media/institutional_research/2026/CDS-PDF-2025-2026.pdf,https://api.collegedata.fyi/storage/v1/object/public/sources/wittenberg-university/2025-26/24838aef2c9f17b735d1cd9c39c1a85b262f4888e6031d2a4119fa9484af07fc.pdf,pdf_flat,5988c8d4-79f1-420e-95e3-ff247fc46e11,,extracted,,tier4_docling
168421,Worcester Polytechnic Institute,worcester-polytechnic-institute,2024-25,https://drive.usercontent.google.com/download?id=1IPdvZGD-gzDYjb8QUWKuj8UgZk-wgpFr&export=download,https://api.collegedata.fyi/storage/v1/object/public/sources/worcester-polytechnic-institute/2024-25/c922137f27d0c18a4b2517b5467ed4394ad8586aad2b8a5b79f8e56486c52008.pdf,pdf_flat,72d29513-4382-4a48-b1fc-d6f494c88061,,extracted,,tier4_docling
168430,Worcester State University,worcester-state-university,2025-26,https://webcdn.worcester.edu/wp-content/uploads/2026/03/WSU-Common-Data-Set-2025-2026_No_G.xlsx,https://api.collegedata.fyi/storage/v1/object/public/sources/worcester-state-university/2025-26/830333848db3a09082dff84c1c28af3690a9bd669c417d0379451cdaeded64ef.xlsx,xlsx,4a3d7b48-ce16-4896-a667-970c466e1966,,extracted,,tier1_xlsx
206604,Wright State University-Main Campus,wright-state-university-main-campus,2024-25,https://www.wright.edu/sites/www.wright.edu/files/page/attachments/CDS_2024-2025_Lake.pdf,https://api.collegedata.fyi/storage/v1/object/public/sources/wright-state-university-main-campus/2024-25/80de309a5990663106f1d60cb5040fdcbe14b481267ae5dfae83cc5b7a3bc25e.pdf,pdf_flat,2f06aa84-ee78-48c7-a17f-08c02f72d16d,,extracted,,tier4_docling
206622,Xavier University,xavier-university,2023-24,https://www.xavier.edu/institutional-research/reports-and-documents/cds_2023-2024-1-legacy-final-12-sep-2024.pdf,https://api.collegedata.fyi/storage/v1/object/public/sources/xavier-university/2023-24/0e468560a297af4e13ccadc55e8207d6acd4ad561f6a751aa128be335ab281ee.pdf,pdf_flat,e8f650d6-7d9e-41d9-97ba-9deb4654f7fe,,extracted,,tier4_docling
130794,Yale University,yale,2025-26,https://oir.yale.edu/sites/default/files/yale_cds_2025-26_md_20260616.pdf,https://api.collegedata.fyi/storage/v1/object/public/sources/yale/2025-26/be08ae428f286d300e05f99f6f75380e15d131432341d5bdbea6fa9b3a042712.pdf,pdf_flat,cd9b438d-50a8-450d-957f-d27ede4533fa,,extracted,,tier4_docling
197708,Yeshiva University,yeshiva-university,2023-24,https://www.yu.edu/sites/default/files/inline-files/CDS_2023_2024.xlsx,https://api.collegedata.fyi/storage/v1/object/public/sources/yeshiva-university/2023-24/be7bd7bceb1f46c85f38e7c0e266ff02c585beaef611b039d17ba7c40a58a6e6.xlsx,xlsx,8dac2f94-53e0-463d-8630-dfbb6097f3fa,,extracted,,tier1_xlsx
