slug,title,location,method,score,unitid,ipeds_name,ipeds_city,ipeds_state,operating,merged_into,duplicate_of,candidates
acadiana-technical-college-lafayette-campus,Acadiana Technical College Lafayette Campus,"Lafayette, Louisiana",review,0.772,,,,,,,,"483355 Delta College of Arts & Technology-Lafayette Campus (Lafayette, LA) 0.77 | 160524 Remington College-Lafayette Campus (Lafayette, LA) 0.73"
adams-state-college,Adams State College,"Alamosa, Colorado",none,0.667,,,,,,,,"260813 Platt College-Aurora (Greenwood Village, CO) 0.67 | 126207 Aims Community College (Greeley, CO) 0.63 | 128258 Trinidad State College (Trinidad, CO) 0.63"
adirondack-community-college,Adirondack Community College,"Queensbury, New York",review,0.824,,,,,,,,"190530 CUNY Bronx Community College (Bronx, NY) 0.82 | 190053 Clinton Community College (Plattsburgh, NY) 0.79 | 189839 Cayuga County Community College (Auburn, NY) 0.77"
ai-miami-international-university-of-art-and-design,AI Miami International University of Art and Design,"Miami, Florida",none,0.72,,,,,,,,"135610 Trinity International University-Florida (Miami, FL) 0.72 | 133951 Florida International University (Miami, FL) 0.71 | 404338 Schiller International University (Tampa, FL) 0.68"
aib-college-of-business,AIB College of Business,"Des Moines, Iowa",none,0.606,,,,,,,,"152798 Allen College (Waterloo, IA) 0.61"
alabama-southern-community-college,Alabama Southern Community College,"Monroeville, Alabama",review,0.87,,,,,,,,"101897 Northeast Alabama Community College (Rainsville, AL) 0.87 | 100760 Central Alabama Community College (Alexander City, AL) 0.75 | 101161 Coastal Alabama Community College (Bay Minette, AL) 0.75"
alderson-broaddus-college,Alderson Broaddus College,"Philippi, West Virginia",none,0.52,,,,,,,,
alliant-international-university,Alliant International University,"San Diego, California",review,0.895,,,,,,,,"110468 Alliant International University-San Diego (San Diego, CA) 0.89 | 120537 Hope International University (Fullerton, CA) 0.82 | 119605 National University (San Diego, CA) 0.78"
altamaha-technical-college,Altamaha Technical College,"Jesup, Georgia",review,0.863,,,,,,,,"138840 Atlanta Technical College (Atlanta, GA) 0.86 | 138682 Albany Technical College (Albany, GA) 0.84 | 246813 Athens Technical College (Athens, GA) 0.84"
american-academy-of-art,American Academy of Art,"Chicago, Illinois",review,0.863,,,,,,,,"142887 American Academy of Art College (Chicago, IL) 0.86 | 487968 CAAN Academy of Nursing (Matteson, IL) 0.65 | 488396 Phipps Academy of Barbering (Richton Park, IL) 0.64"
american-conservatory-theater,American Conservatory Theater,"San Francisco, California",review,0.769,,,,,,,,"108870 American Film Institute Conservatory (Los Angeles, CA) 0.77 | 486488 California Jazz Conservatory (Berkeley, CA) 0.63"
american-indian-college-of-the-assemblies-of-god-inc,American Indian College of the Assemblies of God Inc,"Phoenix, Arizona",none,0.613,,,,,,,,"495280 Indian Bible College (Flagstaff, AZ) 0.61"
american-intercontinental-university-online,American InterContinental University Online,"Hoffman Estates, Illinois",none,0.622,,,,,,,,"454227 Chamberlain University-Illinois (Addison, IL) 0.62 | 149514 Trinity International University-Illinois (Deerfield, IL) 0.62 | 144892 Eastern Illinois University (Charleston, IL) 0.60"
american-intercontinental-university-south-florida,American InterContinental University South Florida,"Weston, Florida",none,0.683,,,,,,,,"133951 Florida International University (Miami, FL) 0.68 | 135610 Trinity International University-Florida (Miami, FL) 0.67 | 408844 Florida National University-Main Campus (Hialeah, FL) 0.65"
american-sentinel-university,American Sentinel University,"Aurora, Colorado",none,0.64,,,,,,,,"126182 Adams State University (Alamosa, CO) 0.64 | 127918 Regis University (Denver, CO) 0.64 | 127565 Metropolitan State University of Denver (Denver, CO) 0.62"
american-university,American University,"Washington, District Of Columbia",none,0.0,,,,,,,,
ameritech-college-draper,AmeriTech College Draper,"Draper, Utah",none,0.528,,,,,,,,
ancilla-college,Ancilla College,"Donaldson, Indiana",review,0.769,,,,,,,,"150172 Calumet College of Saint Joseph (Whiting, IN) 0.77 | 491941 Caris College (Jeffersonville, IN) 0.71"
antelope-valley-college,Antelope Valley College,"Lancaster, California",review,0.816,,,,,,,,"117733 Los Angeles Valley College (Valley Glen, CA) 0.82 | 109350 Antelope Valley Community College District (Lancaster, CA) 0.74 | 498872 Central Valley Barber College (Riverbank, CA) 0.73"
antonelli-college-cincinnati,Antonelli College Cincinnati,"Cincinnati, Ohio",review,0.87,,,,,,,,"452373 ATA College-Cincinnati (Cincinnati, OH) 0.87 | 499398 Arizona College of Nursing-Cincinnati (Cincinnati, OH) 0.74 | 450067 Fortis College-Cincinnati (Cincinnati, OH) 0.71"
antonelli-college-hattiesburg,Antonelli College Hattiesburg,"Hattiesburg, Mississippi",none,0.596,,,,,,,,
antonelli-college-jackson,Antonelli College Jackson,"Jackson, Mississippi",none,0.578,,,,,,,,
antonelli-institute,Antonelli Institute,"Erdenheim, Pennsylvania",none,0.686,,,,,,,,"210711 The  Beauty Institute (Whitehall, PA) 0.69 | 210784 The Beauty Institute-Ambler (Ambler, PA) 0.69 | 216223 The Beauty Institute (Stroudsburg, PA) 0.69"
apex-school-of-theology,Apex School of Theology,"Durham, North Carolina",none,0.511,,,,,,,,
aquinas-college-tn,Aquinas College,"Nashville, Tennessee",none,0.697,,,,,,,,"219505 American Baptist College (Nashville, TN) 0.70 | 219851 Austin's Beauty College Inc (Clarksville, TN) 0.68"
arizona-college-of-allied-health,Arizona College of Allied Health,"Glendale, Arizona",none,0.747,,,,,,,,"497277 Arizona College-Glendale (Glendale, AZ) 0.75 | 482990 Arizona College-Mesa (Mesa, AZ) 0.73 | 104577 Eastern Arizona College (Thatcher, AZ) 0.73"
arizona-state-university,Arizona State University,"Tempe, Arizona",review,0.857,,,,,,,,"104179 University of Arizona (Tucson, AZ) 0.86 | 105899 Arizona Christian University (Glendale, AZ) 0.85 | 482422 DeVry University-Arizona (Phoenix, AZ) 0.83"
arlington-baptist-college,Arlington Baptist College,"Arlington, Texas",none,0.747,,,,,,,,"222877 Arlington Baptist University (Arlington, TX) 0.75 | 227924 San Antonio College (San Antonio, TX) 0.64 | 222822 Angelina College (Lufkin, TX) 0.63"
asa-institute-of-business-and-computer-technology,ASA Institute of Business and Computer Technology,"Brooklyn, New York",none,0.714,,,,,,,,"191126 Fashion Institute of Technology (New York, NY) 0.71 | 449676 Ace Institute of Technology (New York, NY) 0.70 | 192509 Long Island Business Institute (Flushing, NY) 0.64"
asnuntuck-community-college,Asnuntuck Community College,"Enfield, Connecticut",none,0.571,,,,,,,,
assumption-college,Assumption College,"Worcester, Massachusetts",review,0.75,,,,,,,,"164580 Babson College (Wellesley, MA) 0.75 | 164924 Boston College (Chestnut Hill, MA) 0.75 | 164614 Boston Baptist College (Boston, MA) 0.70"
ats-institute-of-technology,ATS Institute of Technology,"Highland Heights, Ohio",review,0.78,,,,,,,,"203146 Hobart Institute of Welding Technology (Troy, OH) 0.78 | 476629 Salon Institute-Toledo Campus (Toledo, OH) 0.64 | 497374 Academia Medical Institute (Columbus, OH) 0.60"
augsburg-college,Augsburg College,"Minneapolis, Minnesota",none,0.645,,,,,,,,"175315 Century College (White Bear Lake, MN) 0.65 | 173258 Carleton College (Northfield, MN) 0.62 | 173045 Augsburg University (Minneapolis, MN) 0.60"
averett-university-non-traditional-programs,Averett University Non Traditional Programs,"Danville, Virginia",none,0.648,,,,,,,,"232797 American National University (Salem, VA) 0.65 | 231420 Averett University (Danville, VA) 0.62"
aviation-institute-of-maintenance-chesapeake,Aviation Institute of Maintenance Chesapeake,"Chesapeake, Virginia",review,0.759,,,,,,,,"427973 Aviation Institute of Maintenance-Norfolk (Norfolk, VA) 0.76 | 445762 Aviation Institute of Maintenance-Manassas (Manassas, VA) 0.75"
azusa-pacific-online-university,Azusa Pacific Online University,"Glendora, California",review,0.873,,,,,,,,"109785 Azusa Pacific University (Azusa, CA) 0.87 | 117104 Life Pacific University (San Dimas, CA) 0.81 | 474863 Los Angeles Pacific University (San Dimas, CA) 0.75"
bainbridge-college,Bainbridge College,"Bainbridge, Georgia",review,0.75,,,,,,,,"138761 Andrew College (Cuthbert, GA) 0.75 | 139144 Berry College (Mount Berry, GA) 0.65 | 493974 College of Athens (Watkinsville, GA) 0.62"
baker-college-center-for-graduate-studies,Baker College Center for Graduate Studies,"Flint, Michigan",none,0.554,,,,,,,,
baker-college-of-allen-park,Baker College of Allen Park,"Allen Park, Michigan",none,0.703,,,,,,,,"168847 Baker College (Owosso, MI) 0.70 | 172334 Spring Arbor University (Spring Arbor, MI) 0.64 | 169327 Cleary University (Howell, MI) 0.63"
baker-college-of-auburn-hills,Baker College of Auburn Hills,"Auburn Hills, Michigan",none,0.667,,,,,,,,"168847 Baker College (Owosso, MI) 0.67 | 168555 Hillsdale Beauty College (Hillsdale, MI) 0.64 | 170286 Hillsdale College (Hillsdale, MI) 0.60"
baker-college-of-cadillac,Baker College of Cadillac,"Cadillac, Michigan",none,0.743,,,,,,,,"168847 Baker College (Owosso, MI) 0.74 | 168528 Adrian College (Adrian, MI) 0.67 | 168883 Bay de Noc Community College (Escanaba, MI) 0.61"
baker-college-of-clinton-township,Baker College of Clinton Township,"Clinton Township, Michigan",none,0.667,,,,,,,,"172495 Twin City Beauty College (Saint Joseph, MI) 0.67 | 168847 Baker College (Owosso, MI) 0.60"
baker-college-of-flint,Baker College of Flint,"Flint, Michigan",review,0.812,,,,,,,,"168847 Baker College (Owosso, MI) 0.81 | 168883 Bay de Noc Community College (Escanaba, MI) 0.67 | 172334 Spring Arbor University (Spring Arbor, MI) 0.67"
baker-college-of-jackson,Baker College of Jackson,"Jackson, Michigan",review,0.863,,,,,,,,"170444 Jackson College (Jackson, MI) 0.86 | 168847 Baker College (Owosso, MI) 0.76 | 172334 Spring Arbor University (Spring Arbor, MI) 0.63"
baker-college-of-muskegon,Baker College of Muskegon,"Muskegon, Michigan",none,0.743,,,,,,,,"168847 Baker College (Owosso, MI) 0.74 | 171304 Muskegon Community College (Muskegon, MI) 0.70 | 490489 Metro Detroit Barber College (Detroit, MI) 0.64"
baker-college-of-owosso,Baker College of Owosso,"Owosso, Michigan",review,0.818,,,,,,,,"168847 Baker College (Owosso, MI) 0.82 | 168883 Bay de Noc Community College (Escanaba, MI) 0.65 | 490489 Metro Detroit Barber College (Detroit, MI) 0.62"
baker-college-of-port-huron,Baker College of Port Huron,"Port Huron, Michigan",none,0.703,,,,,,,,"168847 Baker College (Owosso, MI) 0.70 | 171775 Port Huron Cosmetology College (Waterford, MI) 0.67 | 490489 Metro Detroit Barber College (Detroit, MI) 0.65"
bakke-graduate-university,Bakke Graduate University,"Seattle, Washington",none,0.728,,,,,,,,"236595 Seattle University (Seattle, WA) 0.73 | 235547 Bastyr University (Kenmore, WA) 0.67 | 236577 Seattle Pacific University (Seattle, WA) 0.66"
baldwin-wallace-college,Baldwin Wallace College,"Berea, Ohio",none,0.724,,,,,,,,"201195 Baldwin Wallace University (Berea, OH) 0.72 | 494250 Valley College-Cleveland (Cleveland, OH) 0.64 | 439899 Rosedale Bible College (Irwin, OH) 0.62"
baptist-bible-college-and-graduate-school,Baptist Bible College and Graduate School,"Springfield, Missouri",none,0.603,,,,,,,,"178208 Midwestern Baptist Theological Seminary (Kansas City, MO) 0.60"
baptist-memorial-college-of-health-sciences,Baptist Memorial College of Health Sciences,"Memphis, Tennessee",review,0.903,,,,,,,,"219639 Baptist Health Sciences University (Memphis, TN) 0.90"
baton-rouge-college,Baton Rouge College,"Baton Rouge, Louisiana",review,0.874,,,,,,,,"439738 Fortis College-Baton Rouge (Baton Rouge, LA) 0.87 | 437103 Baton Rouge Community College (Baton Rouge, LA) 0.82 | 440271 Remington College-Baton Rouge Campus (Baton Rouge, LA) 0.82"
bauder-college,Bauder College,"Atlanta, Georgia",review,0.815,,,,,,,,"139144 Berry College (Mount Berry, GA) 0.81 | 138761 Andrew College (Cuthbert, GA) 0.79 | 493974 College of Athens (Watkinsville, GA) 0.71"
belmont-technical-college,Belmont Technical College,"Saint Clairsville, Ohio",review,0.764,,,,,,,,"201672 Central Ohio Technical College (Newark, OH) 0.76 | 201283 Belmont College (St Clairsville, OH) 0.75 | 204608 Ohio Technical College (Cleveland, OH) 0.72"
bennett-college-for-women,Bennett College for Women,"Greensboro, North Carolina",review,0.78,,,,,,,,"197993 Bennett College (Greensboro, NC) 0.78 | 198011 Bladen Community College (Dublin, NC) 0.61"
bergin-college-of-canine-studies,Bergin College of Canine Studies,"Canyonville, Oregon",none,0.585,,,,,,,,
berks-technical-institute,Berks Technical Institute,"Wyomissing, Pennsylvania",review,0.792,,,,,,,,"213914 Vet Tech Institute (Pittsburgh, PA) 0.79 | 461218 Institute of Medical Careers (Pittsburgh, PA) 0.76 | 498739 Lehigh Career & Technical Institute (Schnecksville, PA) 0.76"
beth-hatalmud-rabbinical-college,Beth Hatalmud Rabbinical College,"Brooklyn, New York",none,0.742,,,,,,,,"194693 Rabbinical College Beth Shraga (Monsey, NY) 0.74 | 192624 Machzikei Hadath Rabbinical College (Brooklyn, NY) 0.72 | 194736 Rabbinical College of Long Island (Long Beach, NY) 0.68"
bethel-college-mishawaka,Bethel College Mishawaka,"Mishawaka, Indiana",none,0.596,,,,,,,,
bethel-college,Bethel College,"Hampton, Virginia",none,0.727,,,,,,,,"231581 Bridgewater College (Bridgewater, VA) 0.73 | 232618 Centra College (Lynchburg, VA) 0.71 | 458113 Ascent College (Gainesville, VA) 0.71"
bethesda-university-of-california,Bethesda University of California,"Anaheim, California",review,0.847,,,,,,,,"110361 California Baptist University (Riverside, CA) 0.85 | 110635 University of California-Berkeley (Berkeley, CA) 0.83 | 110060 Bethesda University (Anaheim, CA) 0.81"
blinn-college,Blinn College,"Brenham, Texas",review,0.846,,,,,,,,"247834 Collin County Community College District (McKinney, TX) 0.85 | 223427 Blinn College District (Brenham, TX) 0.77 | 222822 Angelina College (Lufkin, TX) 0.76"
bloomfield-college,Bloomfield College,"Bloomfield, New Jersey",none,0.601,,,,,,,,"183822 Bloomfield College of Montclair State University (Bloomfield, NJ) 0.60 | 368230 Empire Beauty School-Bloomfield (Bloomfield, NJ) 0.60"
bloomsburg-university-of-pennsylvania,Bloomsburg University of Pennsylvania,"Bloomsburg, Pennsylvania",review,0.807,,,,,,,,"215062 University of Pennsylvania (Philadelphia, PA) 0.81 | 498562 Commonwealth University of Pennsylvania (Bloomsburg, PA) 0.77 | 213349 Kutztown University of Pennsylvania (Kutztown, PA) 0.76"
blue-cliff-college-houma,Blue Cliff College Houma,"Houma, Louisiana",review,0.824,,,,,,,,"434821 Blue Cliff College-Metairie (Metairie, LA) 0.82 | 439491 Blue Cliff College-Lafayette (Lafayette, LA) 0.77 | 450128 Blue Cliff College-Alexandria (Alexandria, LA) 0.68"
blue-cliff-college-shreveport,Blue Cliff College Shreveport,"Shreveport, Louisiana",review,0.75,,,,,,,,"434821 Blue Cliff College-Metairie (Metairie, LA) 0.75 | 439491 Blue Cliff College-Lafayette (Lafayette, LA) 0.74 | 451866 Remington College-Shreveport Campus (Shreveport, LA) 0.66"
blue-mountain-college,Blue Mountain College,"Blue Mountain, Mississippi",none,0.636,,,,,,,,"175786 Hinds Community College (Raymond, MS) 0.64 | 441502 Blue Cliff College-Gulfport (Gulfport, MS) 0.62 | 176433 Vaughn Beauty College (Aberdeen, MS) 0.62"
bluefield-college,Bluefield College,"Bluefield, Virginia",none,0.625,,,,,,,,"231554 Bluefield University (Bluefield, VA) 0.62 | 231581 Bridgewater College (Bridgewater, VA) 0.61"
bluefield-state-college,Bluefield State College,"Bluefield, West Virginia",none,0.642,,,,,,,,"237215 Bluefield State University (Bluefield, WV) 0.64 | 377652 Valley College-Beckley (Beckley, WV) 0.62"
boulder-college-of-massage-therapy,Boulder College of Massage Therapy,"Boulder, Colorado",none,0.604,,,,,,,,"127714 Nazarene Bible College (Colorado Springs, CO) 0.60"
bramson-ort-college,Bramson ORT College,"Forest Hills, New York",none,0.714,,,,,,,,"190530 CUNY Bronx Community College (Bronx, NY) 0.71 | 190549 CUNY Brooklyn College (Brooklyn, NY) 0.69 | 192785 Maria College of Albany (Albany, NY) 0.67"
bridgemont-community-and-technical-college,Bridgemont Community and Technical College,"Montgomery, West Virginia",review,0.872,,,,,,,,"484932 BridgeValley Community & Technical College (South  Charleston, WV) 0.87 | 446774 Blue Ridge Community and Technical College (Martinsburg, WV) 0.79 | 443492 Pierpont Community and Technical College (Fairmont, WV) 0.73"
broadview-entertainment-arts-university,Broadview Entertainment Arts University,"Salt Lake City, Utah",none,0.53,,,,,,,,
broadview-university-layton,Broadview University Layton,"Layton, Utah",none,0.711,,,,,,,,"496405 Newlane University (Lehi, UT) 0.71"
broadview-university-orem,Broadview University Orem,"Orem, Utah",none,0.651,,,,,,,,"496405 Newlane University (Lehi, UT) 0.65 | 230038 Brigham Young University (Provo, UT) 0.61"
broadview-university-west-jordan,Broadview University West Jordan,"West Jordan, Utah",none,0.633,,,,,,,,"433387 Western Governors University (Salt Lake City, UT) 0.63 | 496405 Newlane University (Lehi, UT) 0.60"
broadview-university,Broadview University,"Meridian, Idaho",none,0.714,,,,,,,,"142115 Boise State University (Boise, ID) 0.71 | 142276 Idaho State University (Pocatello, ID) 0.67 | 142285 University of Idaho (Moscow, ID) 0.67"
bryan-college,Bryan College,"Dayton, Tennessee",review,0.818,,,,,,,,"219790 Bryan College-Dayton (Dayton, TN) 0.82 | 483744 Vibe Barber College (Memphis, TN) 0.62"
bryan-university-rogers,Bryan University,"Rogers, Arkansas",review,0.8,,,,,,,,"106397 University of Arkansas (Fayetteville, AR) 0.80 | 107044 Harding University (Searcy, AR) 0.76 | 107141 John Brown University (Siloam Springs, AR) 0.76"
bryan-university-springfield,Bryan University Springfield,"Springfield, Missouri",review,0.768,,,,,,,,"179566 Missouri State University-Springfield (Springfield, MO) 0.77 | 369516 Bryan University (Springfield, MO) 0.76 | 177339 Evangel University (Springfield, MO) 0.73"
bryan-university-topeka,Bryan University Topeka,"Topeka, Kansas",none,0.727,,,,,,,,"155812 University of Saint Mary (Leavenworth, KS) 0.73 | 155317 University of Kansas (Lawrence, KS) 0.70 | 155399 Kansas State University (Manhattan, KS) 0.70"
bryan-university,Bryan University,"Los Angeles, California",review,0.818,,,,,,,,"401250 Yo San University of Traditional Chinese Medicine (Los Angeles, CA) 0.82 | 110097 Biola University (La Mirada, CA) 0.81 | 111045 Haven University (Garden Grove, CA) 0.81"
bryant-and-stratton-college-amherst,Bryant and Stratton College Amherst,"Getzville, New York",review,0.82,,,,,,,,"188517 Bryant & Stratton College-Albany (Albany, NY) 0.82 | 189592 Bryant & Stratton College-Greece (Rochester, NY) 0.75 | 480091 Bryant & Stratton College-Online (Orchard Park, NY) 0.75"
bryant-and-stratton-college-cleveland,Bryant &amp; Stratton College Cleveland,"Cleveland, Ohio",review,0.762,,,,,,,,"375416 Remington College-Cleveland Campus (Cleveland, OH) 0.76 | 201469 Bryant & Stratton College-Parma (Parma, OH) 0.70 | 499404 Arizona College of Nursing-Cleveland (Beachwood, OH) 0.69"
bryant-and-stratton-college-eastlake,Bryant and Stratton College Eastlake,"Eastlake, Ohio",review,0.852,,,,,,,,"201469 Bryant & Stratton College-Parma (Parma, OH) 0.85 | 205841 Stark State College (North Canton, OH) 0.67 | 206154 Tri-State Bible College (South Point, OH) 0.62"
bryant-and-stratton-college-glendale,Bryant and Stratton College Glendale,"Glendale, Wisconsin",none,0.708,,,,,,,,"451750 Bryant & Stratton College-Wauwatosa (Wauwatosa, WI) 0.71 | 239877 State College of Beauty Culture (Wausau, WI) 0.60"
bryant-and-stratton-college-hampton,Bryant &amp; Stratton College Hampton,"Hampton, Virginia",none,0.685,,,,,,,,"231785 Bryant & Stratton College-Virginia Beach (Virginia Beach, VA) 0.68"
bryant-and-stratton-college-henrietta,Bryant and Stratton College Henrietta,"Rochester, New York",review,0.855,,,,,,,,"189592 Bryant & Stratton College-Greece (Rochester, NY) 0.86 | 480091 Bryant & Stratton College-Online (Orchard Park, NY) 0.79 | 188517 Bryant & Stratton College-Albany (Albany, NY) 0.73"
bryant-and-stratton-college-main-syracuse,Bryant and Stratton College Main Syracuse,"Syracuse, New York",review,0.907,,,,,,,,"189565 Bryant & Stratton College-Syracuse North (Liverpool, NY) 0.91 | 480091 Bryant & Stratton College-Online (Orchard Park, NY) 0.78 | 189592 Bryant & Stratton College-Greece (Rochester, NY) 0.72"
bryant-and-stratton-college-milwaukee,Bryant and Stratton College Milwaukee,"Milwaukee, Wisconsin",none,0.738,,,,,,,,"239248 Milwaukee Area Technical College (Milwaukee, WI) 0.74 | 451750 Bryant & Stratton College-Wauwatosa (Wauwatosa, WI) 0.70 | 449861 Milwaukee Career College (Milwaukee, WI) 0.70"
bryant-and-stratton-college-richmond,Bryant and Stratton College Richmond,"North Chesterfield, Virginia",none,0.657,,,,,,,,"231785 Bryant & Stratton College-Virginia Beach (Virginia Beach, VA) 0.66 | 427982 Centura College-Richmond Main (North Chesterfield, VA) 0.65 | 233338 Richard Bland College (South Prince George, VA) 0.64"
bryant-and-stratton-college-southtowns,Bryant and Stratton College Southtowns,"Orchard Park, New York",review,0.843,,,,,,,,"480091 Bryant & Stratton College-Online (Orchard Park, NY) 0.84 | 189565 Bryant & Stratton College-Syracuse North (Liverpool, NY) 0.75 | 189592 Bryant & Stratton College-Greece (Rochester, NY) 0.75"
burlington-county-college,Burlington County College,"Pemberton, New Jersey",review,0.893,,,,,,,,"183877 Rowan College at Burlington County (Mount Laurel, NJ) 0.89 | 183743 Bergen Community College (Paramus, NJ) 0.78 | 183938 Camden County College (Blackwood, NJ) 0.70"
business-informatics-center-inc,Business Informatics Center Inc,"Valley Stream, New York",none,0.604,,,,,,,,"191728 Hunter Business School (Levittown, NY) 0.60"
byu,Brigham Young University Provo,"Provo, Utah",review,0.919,,,,,,,,"230038 Brigham Young University (Provo, UT) 0.92"
cabrini-college,Cabrini College,"Radnor, Pennsylvania",review,0.774,,,,,,,,"210571 Albright College (Reading, PA) 0.77 | 214591 Pennsylvania State University-Penn State Erie-Behrend College (Erie, PA) 0.73 | 210492 Bryn Athyn College of the New Church (Bryn Athyn, PA) 0.73"
cairn-university,Cairn University,"Langhorne, Pennsylvania",review,0.882,,,,,,,,"211352 Cabrini University (Radnor, PA) 0.88 | 211431 Carlow University (Pittsburgh, PA) 0.85 | 215105 University of the Arts (Philadelphia, PA) 0.84"
california-arts-university,California Arts University,"Fullerton, California",review,0.909,,,,,,,,"110361 California Baptist University (Riverside, CA) 0.91 | 433420 California Aeronautical University (Bakersfield, CA) 0.83 | 110635 University of California-Berkeley (Berkeley, CA) 0.82"
california-christian-college,California Christian College,"Fresno, California",review,0.792,,,,,,,,"447713 California Career College (Canoga Park, CA) 0.79 | 112570 California College of ASU (Los Angeles, CA) 0.72 | 110370 California College of the Arts (San Francisco, CA) 0.71"
california-maritime-academy,California Maritime Academy,"Vallejo, California",review,0.791,,,,,,,,"111188 California State University Maritime Academy (Vallejo, CA) 0.79 | 111054 California Hair Design Academy (La Mesa, CA) 0.74 | 457271 Academy for Jewish Religion California (Los Angeles, CA) 0.68"
california-university-of-management-and-sciences,California University of Management and Sciences,"Anaheim, California",review,0.846,,,,,,,,"488572 California Health Sciences University (Clovis, CA) 0.85 | 496043 California University of Science and Medicine (Colton, CA) 0.84 | 110617 California State University-Sacramento (Sacramento, CA) 0.78"
california-university-of-pennsylvania,PennWest California,"California, Pennsylvania",none,0.533,,,,,,,,
calvary-bible-college-and-theological-seminary,Calvary Bible College and Theological Seminary,"Kansas City, Missouri",review,0.762,,,,,,,,"178518 Nazarene Theological Seminary (Kansas City, MO) 0.76 | 177278 Eden Theological Seminary (Webster Groves, MO) 0.69 | 177126 Covenant Theological Seminary (Saint Louis, MO) 0.68"
calvin,Calvin College,"Grand Rapids, Michigan",review,0.857,,,,,,,,"168546 Albion College (Albion, MI) 0.86 | 168786 Aquinas College (Grand Rapids, MI) 0.79 | 168528 Adrian College (Adrian, MI) 0.79"
cambria-rowe-business-college-indiana,Cambria Rowe Business College Indiana,"Indiana, Pennsylvania",none,0.533,,,,,,,,
cambria-rowe-business-college-johnstown,Cambria Rowe Business College Johnstown,"Johnstown, Pennsylvania",none,0.556,,,,,,,,
canisius-college,Canisius College,"Buffalo, New York",none,0.714,,,,,,,,"190567 CUNY City College (New York, NY) 0.71 | 189705 Canisius University (Buffalo, NY) 0.70 | 189097 Barnard College (New York, NY) 0.65"
capital-area-technical-college-baton-rouge-campus,Capital Area Technical College Baton Rouge Campus,"Baton Rouge, Louisiana",none,0.642,,,,,,,,"440271 Remington College-Baton Rouge Campus (Baton Rouge, LA) 0.64"
capital-community-college,Capital Community College,"Hartford, Connecticut",none,0.63,,,,,,,,"130590 Trinity College (Hartford, CT) 0.63 | 129534 Holy Apostles College and Seminary (Cromwell, CT) 0.62"
capitol-college,Capitol College,"Laurel, Maryland",review,0.786,,,,,,,,"162104 Cecil College (North East, MD) 0.79 | 162168 Chesapeake College (Wye Mills, MD) 0.67 | 434937 Yeshiva College of the Nations Capital (Silver  Spring, MD) 0.61"
career-technical-college-shreveport,Career Technical College Shreveport,"Shreveport, Louisiana",none,0.679,,,,,,,,"159197 ITI Technical College (Baton Rouge, LA) 0.68 | 451866 Remington College-Shreveport Campus (Shreveport, LA) 0.63 | 366270 Delta College of Arts & Technology (Baton Rouge, LA) 0.62"
carlos-albizu-university-miami,Carlos Albizu University Miami,"Miami, Florida",review,0.898,,,,,,,,"132842 Albizu University-Miami (Miami, FL) 0.90 | 135726 University of Miami (Coral Gables, FL) 0.70 | 446048 Ave Maria University (Ave Maria, FL) 0.68"
carolina-bible-college,Carolina Bible College,"Fayetteville, North Carolina",review,0.794,,,,,,,,"461032 Carolina College of Biblical Studies (Fayetteville, NC) 0.79 | 197911 Barton College (Wilson, NC) 0.72 | 199971 Carolina Christian College (Winston Salem, NC) 0.67"
carson-newman-college,Carson Newman College,"Jefferson City, Tennessee",none,0.627,,,,,,,,"382780 Genesis Career College-Lebanon (Lebanon, TN) 0.63 | 219806 Carson-Newman University (Jefferson City, TN) 0.61 | 220598 Lane College (Jackson, TN) 0.61"
carver-bible-college,Carver Bible College,"Atlanta, Georgia",none,0.667,,,,,,,,"139144 Berry College (Mount Berry, GA) 0.67"
cascadia-community-college,Cascadia Community College,"Bothell, Washington",review,0.792,,,,,,,,"439190 Cascadia College (Bothell, WA) 0.79 | 234711 Big Bend Community College (Moses Lake, WA) 0.77 | 236753 Tacoma Community College (Tacoma, WA) 0.68"
castleton-state-college,Castleton State College,"Castleton, Vermont",none,0.6,,,,,,,,"230852 Champlain College (Burlington, VT) 0.60"
catholic-university-of-america,Catholic University of America,"Washington, District Of Columbia",none,0.0,,,,,,,,
cbt-college-cutler-bay,CBT College Cutler Bay,"Cutler Bay, Florida",review,0.796,,,,,,,,"490975 Fortis College-Cutler Bay (Cutler Bay, FL) 0.80 | 137953 Trinity Baptist College (Jacksonville, FL) 0.62 | 133492 Eckerd College (Saint Petersburg, FL) 0.61"
central-baptist-theological-seminary,Central Baptist Theological Seminary,"Shawnee, Kansas",none,0.522,,,,,,,,
central-bible-college,Central Bible College,"Springfield, Missouri",review,0.808,,,,,,,,"176910 Central Christian College of the Bible (Moberly, MO) 0.81 | 177250 East Central College (Union, MO) 0.73 | 417725 Central College of Cosmetology (Saint Robert, MO) 0.62"
central-louisiana-technical-college-alexandria-campus,Central Louisiana Technical College Alexandria Campus,"Alexandria, Louisiana",none,0.744,,,,,,,,"158088 Central Louisiana Technical Community College (Alexandria, LA) 0.74 | 159391 Louisiana State University and Agricultural & Mechanical College (Baton Rouge, LA) 0.65"
central-maine-medical-center-college-of-nursing-and-health-professions,Central Maine Medical Center College of Nursing and Health Professions,"Lewiston, Maine",none,0.704,,,,,,,,"161022 Maine College of Health Professions (Lewiston, ME) 0.70"
centura-college-richmond-westend,Centura College Richmond Westend,"Richmond, Virginia",review,0.787,,,,,,,,"427982 Centura College-Richmond Main (North Chesterfield, VA) 0.79 | 377449 Centura College-Newport News (Newport News, VA) 0.67 | 377458 Centura College-Norfolk (Norfolk, VA) 0.65"
centura-institute,Centura Institute,"Orlando, Florida",review,0.8,,,,,,,,"476498 Futura Career Institute (Hialeah, FL) 0.80 | 134574 Cortiva Institute (St. Petersburg, FL) 0.76 | 387925 Cortiva Institute (Pompano Beach, FL) 0.76"
century-community-and-technical-college,Century Community and Technical College,"White Bear Lake, Minnesota",review,0.849,,,,,,,,"172918 Alexandria Technical & Community College (Alexandria, MN) 0.85 | 174756 St Cloud Technical and Community College (Saint Cloud, MN) 0.81 | 174570 Pine Technical & Community College (Pine City, MN) 0.81"
chamberlain-college-of-nursing-arizona,Chamberlain College of Nursing Arizona,"Phoenix, Arizona",review,0.813,,,,,,,,"454245 Chamberlain University-Arizona (Phoenix, AZ) 0.81 | 495457 Arizona College of Nursing-Phoenix (Phoenix, AZ) 0.73 | 421708 Arizona College of Nursing-Tempe (Tempe, AZ) 0.72"
chamberlain-college-of-nursing-florida,Chamberlain College of Nursing Florida,"Jacksonville, Florida",review,0.768,,,,,,,,"457129 Chamberlain University-Florida (Jacksonville, FL) 0.77 | 487454 Florida Career College-Margate (Margate, FL) 0.71 | 133997 Florida Career College-Miami (Miami, FL) 0.70"
chamberlain-college-of-nursing-illinois,Chamberlain College of Nursing Illinois,"Addison, Illinois",review,0.776,,,,,,,,"454227 Chamberlain University-Illinois (Addison, IL) 0.78 | 457527 Ambria College of Nursing (Hoffman Estates, IL) 0.72 | 145682 Illinois Central College (East Peoria, IL) 0.67"
chamberlain-college-of-nursing-missouri,Chamberlain College of Nursing Missouri,"St. Louis, Missouri",review,0.83,,,,,,,,"466921 Chamberlain University-Missouri (St. Louis, MO) 0.83 | 179715 North Central Missouri College (Trenton, MO) 0.70 | 177940 Lincoln University (Jefferson City, MO) 0.63"
chamberlain-college-of-nursing-ohio,Chamberlain College of Nursing Ohio,"Columbus, Ohio",none,0.73,,,,,,,,"204176 Mount Carmel College of Nursing (Columbus, OH) 0.73 | 497161 Ohio Business College-Dayton-Driving Academy (Trotwood, OH) 0.66 | 499404 Arizona College of Nursing-Cleveland (Beachwood, OH) 0.65"
chamberlain-college-of-nursing-texas,Chamberlain College of Nursing Texas,"Houston, Texas",none,0.709,,,,,,,,"440989 Texas Barber College (Houston, TX) 0.71 | 224110 North Central Texas College (Gainesville, TX) 0.67 | 228185 South Texas Barber College Inc (Corpus Christi, TX) 0.67"
chamberlain-college-of-nursing-virginia,Chamberlain College of Nursing Virginia,"Arlington, Virginia",review,0.753,,,,,,,,"460871 Chamberlain University-Virginia (Vienna, VA) 0.75 | 441858 Eastern Virginia Career College (Fredericksburg, VA) 0.69 | 231697 Central Virginia Community College (Lynchburg, VA) 0.66"
chancellor-university,Chancellor University,"Seven Hills, Ohio",none,0.737,,,,,,,,"203775 Malone University (Canton, OH) 0.74 | 203368 John Carroll University (University Heights, OH) 0.73 | 204857 Ohio University-Main Campus (Athens, OH) 0.72"
charter-college-anchorage,Charter College Anchorage,"Anchorage, Alaska",review,0.78,,,,,,,,"102845 Charter College (Anchorage, AK) 0.78 | 103501 Alaska Career College (Anchorage, AK) 0.73"
chatfield-college,Chatfield College,"Saint Martin, Ohio",none,0.625,,,,,,,,"201177 Aultman College of Nursing and Health Sciences (Canton, OH) 0.62 | 201283 Belmont College (St Clairsville, OH) 0.62 | 483018 Antioch College (Yellow Springs, OH) 0.62"
chester-college-of-new-england,Chester College of New England,"Chester, New Hampshire",review,0.826,,,,,,,,"182980 New England College (Henniker, NH) 0.83"
christian-life-college,Christian Life College,"Mount Prospect, Illinois",review,0.809,,,,,,,,"149505 Trinity Christian College (Palos Heights, IL) 0.81 | 145309 Gem City College (Quincy, IL) 0.68 | 142957 American Islamic College (Chicago, IL) 0.65"
cincinnati-christian-university,Cincinnati Christian University,"Cincinnati, Ohio",review,0.838,,,,,,,,"201885 University of Cincinnati-Main Campus (Cincinnati, OH) 0.84 | 201964 Ohio Christian University (Circleville, OH) 0.79 | 201955 University of Cincinnati-Blue Ash College (Blue Ash, OH) 0.67"
city-college-fort-lauderdale,City College Fort Lauderdale,"Fort Lauderdale, Florida",review,0.776,,,,,,,,"495439 Arizona College of Nursing-Fort Lauderdale (Fort Lauderdale, FL) 0.78 | 487418 Florida Career College-Lauderdale Lakes (Lauderdale Lakes, FL) 0.72 | 244233 City College-Hollywood (Hollywood, FL) 0.64"
city-college-gainesville,City College Gainesville,"Gainesville, Florida",none,0.667,,,,,,,,"244233 City College-Hollywood (Hollywood, FL) 0.67 | 475477 City College-Hollywood (Hollywood, FL) 0.65"
city-college-miami,City College Miami,"Miami, Florida",review,0.8,,,,,,,,"244233 City College-Hollywood (Hollywood, FL) 0.80 | 135717 Miami Dade College (Miami, FL) 0.75 | 133997 Florida Career College-Miami (Miami, FL) 0.68"
clarion-university-of-pennsylvania,PennWest Clarion,"Clarion, Pennsylvania",none,0.531,,,,,,,,
clark-state-community-college,Clark State Community College,"Springfield, Ohio",review,0.822,,,,,,,,"201973 Clark State College (Springfield, OH) 0.82 | 204945 Owens Community College (Perrysburg, OH) 0.79 | 206011 Terra State Community College (Fremont, OH) 0.79"
cleveland-chiropractic-college,Cleveland Chiropractic College,"Overland Park, Kansas",none,0.586,,,,,,,,
clinton-junior-college,Clinton Junior College,"Rock Hill, South Carolina",review,0.841,,,,,,,,"217891 Clinton College (Rock Hill, SC) 0.84 | 217819 College of Charleston (Charleston, SC) 0.65 | 441025 Miller-Motte College-Charleston (Charleston, SC) 0.60"
cogswell-college,Cogswell College,"Sunnyvale, California",none,0.741,,,,,,,,"444510 CES College (Burbank, CA) 0.74 | 111461 College of the Canyons (Santa Clarita, CA) 0.71 | 457299 Angeles College (Los Angeles, CA) 0.71"
coker-college,Coker College,"Hartsville, South Carolina",none,0.714,,,,,,,,"217891 Clinton College (Rock Hill, SC) 0.71 | 217819 College of Charleston (Charleston, SC) 0.65 | 217721 Benedict College (Columbia, SC) 0.62"
coleman-university,Coleman University,"San Diego, California",review,0.833,,,,,,,,"111948 Chapman University (Orange, CA) 0.83 | 117557 Lincoln University (Oakland, CA) 0.83 | 110097 Biola University (La Mirada, CA) 0.82"
college-america-cheyenne,College America Cheyenne,"Cheyenne, Wyoming",none,0.579,,,,,,,,
college-america-colorado-springs,College America Colorado Springs,"Colorado Springs, Colorado",none,0.746,,,,,,,,"128179 Intellitec College-Colorado Springs (Colorado Springs, CO) 0.75 | 126678 Colorado College (Colorado Springs, CO) 0.70 | 126711 Colorado Mountain College (Glenwood Springs, CO) 0.67"
college-america-denver,College America Denver,"Denver, Colorado",none,0.666,,,,,,,,"454856 Denver College of Nursing (Denver, CO) 0.67 | 126942 Community College of Denver (Denver, CO) 0.64 | 126605 Spartan College of Aeronautics and Technology (Broomfield, CO) 0.62"
college-america-flagstaff,College America Flagstaff,"Flagstaff, Arizona",none,0.667,,,,,,,,"104577 Eastern Arizona College (Thatcher, AZ) 0.67 | 104160 Arizona Western College (Yuma, AZ) 0.62 | 482990 Arizona College-Mesa (Mesa, AZ) 0.62"
college-america-fort-collins,College America Fort Collins,"Fort Collins, Colorado",none,0.615,,,,,,,,"126863 Community College of Aurora (Aurora, CO) 0.62 | 126207 Aims Community College (Greeley, CO) 0.60"
college-of-business-and-technology-flagler,College of Business and Technology Flagler,"Miami, Florida",none,0.733,,,,,,,,"461245 Flagler Technical College (Palm Coast, FL) 0.73 | 446109 Cambridge College of Healthcare & Technology (Altamonte Springs, FL) 0.70 | 454865 Cambridge College of Healthcare & Technology (Delray Beach, FL) 0.70"
college-of-business-and-technology-hialeah,College of Business and Technology Hialeah,"Hialeah, Florida",none,0.73,,,,,,,,"446109 Cambridge College of Healthcare & Technology (Altamonte Springs, FL) 0.73 | 454865 Cambridge College of Healthcare & Technology (Delray Beach, FL) 0.73 | 449092 CBT Technology Institute-Hialeah (Hialeah, FL) 0.63"
college-of-business-and-technology-kendall,College of Business and Technology Kendall,"Miami, Florida",none,0.703,,,,,,,,"446109 Cambridge College of Healthcare & Technology (Altamonte Springs, FL) 0.70 | 454865 Cambridge College of Healthcare & Technology (Delray Beach, FL) 0.70 | 476939 FVI School of Nursing and Technology (Miami, FL) 0.62"
college-of-mount-saint-vincent,College of Mount Saint Vincent,"Bronx, New York",none,0.745,,,,,,,,"193353 Mount Saint Mary College (Newburgh, NY) 0.75 | 193399 University of Mount Saint Vincent (Bronx, NY) 0.70 | 195234 The College of Saint Rose (Albany, NY) 0.67"
college-of-mount-st-joseph,College of Mount St. Joseph,"Cincinnati, Ohio",review,0.762,,,,,,,,"204200 Mount St. Joseph University (Cincinnati, OH) 0.76 | 205027 Pontifical College Josephinum (Columbus, OH) 0.69 | 202222 Columbus State Community College (Columbus, OH) 0.66"
college-of-saint-elizabeth,College of Saint Elizabeth,"Morristown, New Jersey",none,0.642,,,,,,,,"186618 Saint Elizabeth University (Morristown, NJ) 0.64"
college-of-the-ouachitas,College of the Ouachitas,"Malvern, Arkansas",none,0.71,,,,,,,,"107549 Ozarka College (Melbourne, AR) 0.71 | 107080 Hendrix College (Conway, AR) 0.62 | 107840 Shorter College (N Little Rock, AR) 0.62"
collins-college,Collins College,"Phoenix, Arizona",none,0.741,,,,,,,,"105297 Dine College (Tsaile, AZ) 0.74 | 497417 Kino College (Tucson, AZ) 0.74 | 475839 Sessions College for Professional Design (Tempe, AZ) 0.71"
colorado-technical-university-greenwood-village,Colorado Technical University Greenwood Village,"Aurora, Colorado",none,0.667,,,,,,,,"126827 Colorado Technical University-Colorado Springs (Colorado Springs, CO) 0.67 | 128106 Colorado State University Pueblo (Pueblo, CO) 0.63 | 476975 Colorado State University Global (Denver, CO) 0.63"
colorado-technical-university-kansas-city,Colorado Technical University Kansas City,"North Kansas City, Missouri",none,0.698,,,,,,,,"179812 Kansas City University (Kansas City, MO) 0.70 | 178402 University of Missouri-Kansas City (Kansas City, MO) 0.67"
colorado-technical-university-online,Colorado Technical University Online,"Colorado Springs, Colorado",review,0.859,,,,,,,,"126827 Colorado Technical University-Colorado Springs (Colorado Springs, CO) 0.86 | 476975 Colorado State University Global (Denver, CO) 0.74 | 127556 Colorado Mesa University (Grand Junction, CO) 0.73"
colorado-technical-university-sioux-falls,Colorado Technical University Sioux Falls,"Sioux Falls, South Dakota",none,0.728,,,,,,,,"219383 University of Sioux Falls (Sioux Falls, SD) 0.73"
columbia-college-hollywood,Columbia College Hollywood,"Tarzana, California",review,0.846,,,,,,,,"495174 Hollywood Cultural College (Los Angeles, CA) 0.85 | 112561 Columbia College (Sonora, CA) 0.76 | 455512 Woodland Community College (Woodland, CA) 0.65"
community-christian-college,Community Christian College,"Redlands, California",review,0.852,,,,,,,,"112385 Coastline Community College (Fountain Valley, CA) 0.85 | 489201 Clovis Community College (Fresno, CA) 0.82 | 109907 Barstow Community College (Barstow, CA) 0.81"
compass-college-of-cinematic-arts,Compass College of Cinematic Arts,"Grand Rapids, Michigan",none,0.586,,,,,,,,
computer-career-center,Computer Career Center,"Las Cruces, New Mexico",none,0.478,,,,,,,,
concordia-college-selma,Concordia College Selma,"Selma, Alabama",none,0.697,,,,,,,,"101301 George C Wallace State Community College-Selma (Selma, AL) 0.70 | 371052 Fortis College (Mobile, AL) 0.65 | 101602 Lurleen B Wallace Community College (Andalusia, AL) 0.64"
concordia-university-portland,Concordia University Portland,"Portland, Oregon",review,0.822,,,,,,,,"209825 University of Portland (Portland, OR) 0.82 | 209807 Portland State University (Portland, OR) 0.73 | 210331 Corban University (Salem, OR) 0.70"
concordia-university-seward,Concordia University Seward,"Seward, Nebraska",review,0.851,,,,,,,,"180984 Concordia University-Nebraska (Seward, NE) 0.85 | 181464 University of Nebraska-Lincoln (Lincoln, NE) 0.67 | 181428 University of Nebraska Medical Center (Omaha, NE) 0.66"
converse,Converse College,"Spartanburg, South Carolina",review,0.774,,,,,,,,"217998 Erskine College (Due West, SC) 0.77 | 218399 Morris College (Sumter, SC) 0.73 | 218414 Newberry College (Newberry, SC) 0.69"
corcoran-college-of-art-and-design,Corcoran College of Art and Design,"Washington, District Of Columbia",none,0.0,,,,,,,,
court-reporting-institute-of-louisiana,Court Reporting Institute of Louisiana,"Baton Rouge, Louisiana",review,0.76,,,,,,,,"449612 Louisiana Culinary Institute (Baton Rouge, LA) 0.76"
court-reporting-institute-wheeler-institute-of-texas,Court Reporting Institute Wheeler Institute of Texas,"Dallas, Texas",none,0.545,,,,,,,,
crossroads-bible-college,Crossroads Bible College,"Indianapolis, Indiana",none,0.698,,,,,,,,"491525 Union Bible College (Westfield, IN) 0.70 | 150774 Holy Cross College (Notre Dame, IN) 0.67"
crossroads-college,Crossroads College,"Rochester, Minnesota",none,0.71,,,,,,,,"174862 Crown College (Saint Bonifacius, MN) 0.71 | 173300 Concordia College at Moorhead (Moorhead, MN) 0.64 | 174844 St Olaf College (Northfield, MN) 0.61"
crouse-hospital-college-of-nursing,Crouse Hospital College of Nursing,"Syracuse, New York",review,0.886,,,,,,,,"190451 Pomeroy College of Nursing at Crouse Hospital (East Syracuse, NY) 0.89 | 192961 St. Peter's Hospital College of Nursing (Albany, NY) 0.70 | 195234 The College of Saint Rose (Albany, NY) 0.69"
cumberland-county-college,Cumberland County College,"Vineland, New Jersey",review,0.844,,,,,,,,"185873 Ocean County College (Toms River, NJ) 0.84 | 184180 County College of Morris (Randolph, NJ) 0.74 | 184481 Essex County College (Newark, NJ) 0.71"
dabney-s-lancaster-community-college,Dabney S Lancaster Community College,"Clifton Forge, Virginia",review,0.776,,,,,,,,"232052 Eastern Shore Community College (Melfa, VA) 0.78 | 232867 New River Community College (Dublin, VA) 0.73 | 233772 Tidewater Community College (Norfolk, VA) 0.73"
daemen-college,Daemen College,"Amherst, New York",review,0.786,,,,,,,,"190664 CUNY Queens College (Queens, NY) 0.79 | 194569 Davis College (Pottersville, NY) 0.74 | 195474 Siena College (Loudonville, NY) 0.74"
daniel-webster-college,Daniel Webster College,"Nashua, New Hampshire",none,0.683,,,,,,,,"183062 Keene State College (Keene, NH) 0.68 | 183132 Manchester Community College (Manchester, NH) 0.60"
darton-college,Darton College,"Albany, Georgia",review,0.765,,,,,,,,"139463 Dalton State College (Dalton, GA) 0.76 | 140720 Paine College (Augusta, GA) 0.74 | 140234 LaGrange College (Lagrange, GA) 0.73"
davidson-county-community-college,Davidson County Community College,"Thomasville, North Carolina",review,0.852,,,,,,,,"199795 Tri-County Community College (Murphy, NC) 0.85 | 198376 Davidson-Davie Community College (Thomasville, NC) 0.83 | 198774 Johnston Community College (Smithfield, NC) 0.78"
daymar-college-bellevue,Daymar College Bellevue,"Bellevue, Kentucky",none,0.611,,,,,,,,"156295 Berea College (Berea, KY) 0.61"
daymar-college-bowling-green,Daymar College Bowling Green,"Bowling Green, Kentucky",none,0.727,,,,,,,,"156310 PJ's College of Cosmetology-Bowling Green (Bowling Green, KY) 0.73"
daymar-college-chillicothe,Daymar College Chillicothe,"Chillicothe, Ohio",none,0.612,,,,,,,,"486257 Valor Christian College (Canal Winchester, OH) 0.61"
daymar-college-jackson,Daymar College Jackson,"Jackson, Ohio",none,0.682,,,,,,,,"202912 Good Samaritan College of Nursing and Health Science (Cincinnati, OH) 0.68 | 203845 Marietta College (Marietta, OH) 0.63 | 202435 Davis College (Toledo, OH) 0.63"
daymar-college-lancaster,Daymar College Lancaster,"Lancaster, Ohio",none,0.652,,,,,,,,"202912 Good Samaritan College of Nursing and Health Science (Cincinnati, OH) 0.65 | 205841 Stark State College (North Canton, OH) 0.65 | 202514 Defiance College (Defiance, OH) 0.65"
daymar-college-madisonville,Daymar College Madisonville,"Madisonville, Kentucky",review,0.802,,,,,,,,"157304 Madisonville Community College (Madisonville, KY) 0.80 | 157216 Lindsey Wilson College (Columbia, KY) 0.61"
daymar-college-new-boston,Daymar College New Boston,"New Boston, Ohio",none,0.651,,,,,,,,"204468 Notre Dame College (Cleveland, OH) 0.65 | 202453 Dayton Barber College (Miamisburg, OH) 0.61"
daymar-college-online,Daymar College Online,"Louisville, Kentucky",none,0.588,,,,,,,,
daymar-college-owensboro,Daymar College Owensboro,"Owensboro, Kentucky",none,0.653,,,,,,,,"247940 Owensboro Community and Technical College (Owensboro, KY) 0.65"
daymar-college-paducah-main,Daymar College Paducah Main,"Paducah, Kentucky",none,0.5,,,,,,,,
daymar-college-scottsville,Daymar College Scottsville,"Scottsville, Kentucky",none,0.643,,,,,,,,"157304 Madisonville Community College (Madisonville, KY) 0.64 | 156860 Hopkinsville Community College (Hopkinsville, KY) 0.61"
daymar-institute-clarksville,Daymar College Clarksville,"Clarksville, Tennessee",none,0.612,,,,,,,,"490267 Master's Barber & Styling College (Old Hickory, TN) 0.61"
daymar-institute-murfreesboro,Daymar College Murfreesboro,"Murfreesboro, Tennessee",none,0.563,,,,,,,,
daymar-institute-nashville,Daymar College Nashville,"Nashville, Tennessee",review,0.78,,,,,,,,"220710 Maryville College (Maryville, TN) 0.78 | 221184 Nashville State Community College (Nashville, TN) 0.70 | 445249 Remington College-Nashville Campus (Nashville, TN) 0.70"
dean-institute-of-technology,Dean Institute of Technology,"Pittsburgh, Pennsylvania",review,0.852,,,,,,,,"212434 Erie Institute of Technology Inc (Erie, PA) 0.85 | 213181 Great Lakes Institute of Technology (Erie, PA) 0.81 | 493585 Health and Technology Training Institute (Philadelphia, PA) 0.75"
delaware-technical-and-community-college-owens,Delaware Technical and Community College Owens,"Georgetown, Delaware",review,0.857,,,,,,,,"130907 Delaware Technical Community College-Terry (Dover, DE) 0.86"
delaware-technical-and-community-college-stanton-wilmington,Delaware Technical and Community College Stanton Wilmington,"Wilmington, Delaware",review,0.784,,,,,,,,"130907 Delaware Technical Community College-Terry (Dover, DE) 0.78"
dellarte-international-school-of-physical-theatre,Dell'Arte International School of Physical Theatre,"Blue Lake, California",none,0.622,,,,,,,,"113449 International School of Beauty Inc (Palm Desert, CA) 0.62"
delta-school-of-business-and-technology,Delta School of Business and Technology,"Lake Charles, Louisiana",none,0.623,,,,,,,,"366270 Delta College of Arts & Technology (Baton Rouge, LA) 0.62"
denver-school-of-nursing,Denver School of Nursing,"Denver, Colorado",none,0.681,,,,,,,,"454856 Denver College of Nursing (Denver, CO) 0.68 | 482176 Paul Mitchell the School-Denver (Lakewood, CO) 0.62 | 127060 University of Denver (Denver, CO) 0.61"
des-moines-university,Des Moines University Medicine and Health Sciences,"West Des Moines, Iowa",none,0.668,,,,,,,,"154156 Des Moines University-Osteopathic Medical Center (West Des Moines, IA) 0.67"
devry-university-colorado,DeVry University Colorado,"Westminster, Colorado",review,0.864,,,,,,,,"126614 University of Colorado Boulder (Boulder, CO) 0.86 | 127556 Colorado Mesa University (Grand Junction, CO) 0.86 | 127741 University of Northern Colorado (Greeley, CO) 0.83"
devry-university-indiana,DeVry University Indiana,"Indianapolis, Indiana",review,0.851,,,,,,,,"151388 Indiana University-East (Richmond, IN) 0.85 | 475741 Chamberlain University-Indiana (Indianapolis, IN) 0.81 | 151263 University of Indianapolis (Indianapolis, IN) 0.80"
devry-university-kentucky,DeVry University Kentucky,"Louisville, Kentucky",review,0.864,,,,,,,,"157085 University of Kentucky (Lexington, KY) 0.86 | 156620 Eastern Kentucky University (Richmond, KY) 0.85 | 157100 Kentucky Christian University (Grayson, KY) 0.78"
devry-university-maryland,DeVry University Maryland,"Bethesda, Maryland",review,0.824,,,,,,,,"163046 Loyola University Maryland (Baltimore, MD) 0.82 | 163578 Notre Dame of Maryland University (Baltimore, MD) 0.80 | 163204 University of Maryland Global Campus (Adelphi, MD) 0.78"
devry-university-michigan,DeVry University Michigan,"Southfield, Michigan",review,0.868,,,,,,,,"171137 University of Michigan-Dearborn (Dearborn, MI) 0.87 | 170976 University of Michigan-Ann Arbor (Ann Arbor, MI) 0.86 | 169248 Central Michigan University (Mount Pleasant, MI) 0.85"
devry-university-minnesota,DeVry University Minnesota,"Edina, Minnesota",review,0.83,,,,,,,,"174233 University of Minnesota-Duluth (Duluth, MN) 0.83 | 174075 University of Minnesota-Crookston (Crookston, MN) 0.79 | 174817 Saint Mary's University of Minnesota (Winona, MN) 0.78"
devry-university-missouri,DeVry University Missouri,"Kansas City, Missouri",review,0.846,,,,,,,,"176965 University of Central Missouri (Warrensburg, MO) 0.85 | 466921 Chamberlain University-Missouri (St. Louis, MO) 0.79 | 178402 University of Missouri-Kansas City (Kansas City, MO) 0.78"
devry-university-north-carolina,DeVry University North Carolina,"Charlotte, North Carolina",review,0.875,,,,,,,,"199157 North Carolina Central University (Durham, NC) 0.88 | 489344 Chamberlain University-North Carolina (Charlotte, NC) 0.85 | 199139 University of North Carolina at Charlotte (Charlotte, NC) 0.85"
devry-university-oklahoma,DeVry University Oklahoma,"Oklahoma City, Oklahoma",review,0.887,,,,,,,,"207458 Oklahoma City University (Oklahoma City, OK) 0.89 | 207500 University of Oklahoma-Norman Campus (Norman, OK) 0.86 | 206941 University of Central Oklahoma (Edmond, OK) 0.85"
devry-university-oregon,DeVry University Oregon,"Portland, Oregon",review,0.85,,,,,,,,"209551 University of Oregon (Eugene, OR) 0.85 | 208646 Eastern Oregon University (La Grande, OR) 0.83 | 209542 Oregon State University (Corvallis, OR) 0.74"
devry-university-pennsylvania,DeVry University Pennsylvania,"Fort Washington, Pennsylvania",review,0.885,,,,,,,,"215062 University of Pennsylvania (Philadelphia, PA) 0.88 | 211608 Cheyney University of Pennsylvania (Cheyney, PA) 0.87 | 213020 Indiana University of Pennsylvania-Main Campus (Indiana, PA) 0.83"
devry-university-tennessee,DeVry University Tennessee,"Memphis, Tennessee",review,0.882,,,,,,,,"443766 Strayer University-Tennessee (Memphis, TN) 0.88 | 221838 Tennessee State University (Nashville, TN) 0.85 | 220701 The University of Tennessee Southern (Pulaski, TN) 0.84"
devry-university-utah,DeVry University Utah,"Sandy, Utah",review,0.833,,,,,,,,"230764 University of Utah (Salt Lake City, UT) 0.83 | 230728 Utah State University (Logan, UT) 0.81 | 230603 Southern Utah University (Cedar City, UT) 0.80"
devry-university-washington,DeVry University Washington,"Federal Way, Washington",review,0.857,,,,,,,,"234827 Central Washington University (Ellensburg, WA) 0.86 | 235097 Eastern Washington University (Cheney, WA) 0.86 | 236939 Washington State University (Pullman, WA) 0.85"
devry-university-wisconsin,DeVry University Wisconsin,"Milwaukee, Wisconsin",review,0.836,,,,,,,,"240374 University of Wisconsin-Parkside (Kenosha, WI) 0.84 | 240426 University of Wisconsin-Superior (Superior, WI) 0.84 | 240453 University of Wisconsin-Milwaukee (Milwaukee, WI) 0.82"
digital-media-arts-college,Digital Media Arts College,"Boca Raton, Florida",none,0.679,,,,,,,,"136774 Ringling College of Art and Design (Sarasota, FL) 0.68 | 135717 Miami Dade College (Miami, FL) 0.64 | 133997 Florida Career College-Miami (Miami, FL) 0.63"
dixie-state-college-of-utah,Dixie State College of Utah,"Saint George, Utah",review,0.756,,,,,,,,"480985 Midwives College of Utah (Salt Lake City, UT) 0.76 | 451583 Dixie Technical College (Saint George, UT) 0.75 | 448239 Careers Unlimited (Orem, UT) 0.67"
dominican-college-of-blauvelt,Dominican College of Blauvelt,"Orangeburg, New York",none,0.625,,,,,,,,"188580 Albany Medical College (Albany, NY) 0.62 | 189228 Berkeley College-New York (New York, NY) 0.61 | 192785 Maria College of Albany (Albany, NY) 0.61"
dordt-college,Dordt College,"Sioux Center, Iowa",review,0.769,,,,,,,,"153825 Loras College (Dubuque, IA) 0.77 | 153241 Divine Word College (Epworth, IA) 0.75 | 153162 Cornell College (Mount Vernon, IA) 0.71"
duluth-business-university,Duluth Business University,"Dultuh, Minnesota",none,0.698,,,,,,,,"173160 Bethel University (Saint Paul, MN) 0.70 | 174914 University of St Thomas (Saint Paul, MN) 0.69 | 174233 University of Minnesota-Duluth (Duluth, MN) 0.64"
dyouville-college,D'Youville College,"Buffalo, New York",none,0.733,,,,,,,,"197142 Villa Maria College (Buffalo, NY) 0.73 | 194569 Davis College (Pottersville, NY) 0.71 | 196653 Trocaire College (Buffalo, NY) 0.68"
eagle-gate-college-salt-lake-city,Eagle Gate College Salt Lake City,"Salt Lake City, Utah",review,0.804,,,,,,,,"456454 Fortis College-Salt Lake City (Salt Lake City, UT) 0.80 | 447421 Eagle Gate College-Layton (Layton, UT) 0.76 | 230366 Eagle Gate College-Murray (Murray, UT) 0.69"
east-arkansas-community-college,East Arkansas Community College,"Forrest City, Arkansas",exact,1.0,106883,East Arkansas Community College,Forrest City,AR,,,south-arkansas-community-college,
east-georgia-college,East Georgia College,"Swainsboro, Georgia",review,0.9,,,,,,,,"139621 East Georgia State College (Swainsboro, GA) 0.90 | 139861 Georgia College & State University (Milledgeville, GA) 0.86 | 139250 College of Coastal Georgia (Brunswick, GA) 0.70"
east-san-gabriel-valley-regional-occupational-program,East San Gabriel Valley Regional Occupational Program,"West Covina, California",none,0.674,,,,,,,,"487773 Butte County Regional Occupational Program (Chico, CA) 0.67"
eastern-idaho-technical-college,Eastern Idaho Technical College,"Idaho Falls, Idaho",review,0.838,,,,,,,,"142179 College of Eastern Idaho (Idaho Falls, ID) 0.84 | 455114 College of Western Idaho (Nampa, ID) 0.65 | 142559 College of Southern Idaho (Twin Falls, ID) 0.64"
eastern-new-mexico-university-ruidoso-campus,Eastern New Mexico University Ruidoso Campus,"Ruidoso, New Mexico",review,0.909,,,,,,,,"187666 Eastern New Mexico University-Roswell Campus (Roswell, NM) 0.91 | 187648 Eastern New Mexico University-Main Campus (Portales, NM) 0.85 | 187985 University of New Mexico-Main Campus (Albuquerque, NM) 0.81"
eastwick-college,Eastwick College,"Ramsey, New Jersey",review,0.851,,,,,,,,"184959 Eastwick College-Ramsey (Ramsey, NJ) 0.85 | 185721 Eastwick College-Nutley (Nutley, NJ) 0.82 | 183488 Eastwick College-Hackensack (Hackensack, NJ) 0.74"
ecotech-institute,Ecotech Institute,"Aurora, Colorado",none,0.615,,,,,,,,"459277 Aveda Institute-Denver (Denver, CO) 0.62"
edinboro-university-of-pennsylvania,PennWest Edinboro,"Edinboro, Pennsylvania",none,0.552,,,,,,,,
edmonds-community-college,Edmonds Community College,"Lynnwood, Washington",review,0.78,,,,,,,,"235103 Edmonds College (Lynnwood, WA) 0.78 | 236753 Tacoma Community College (Tacoma, WA) 0.78 | 236610 Shoreline Community College (Shoreline, WA) 0.77"
edward-waters-college,Edward Waters College,"Jacksonville, Florida",none,0.667,,,,,,,,"133386 Daytona State College (Daytona Beach, FL) 0.67 | 449506 SABER College (Miami, FL) 0.65 | 135160 Florida Gateway College (Lake City, FL) 0.64"
el-camino-college-compton-center,El Camino College Compton Center,"Compton, California",none,0.668,,,,,,,,"112686 Compton College (Compton, CA) 0.67 | 455868 National Career College (Panorama City, CA) 0.65 | 113980 El Camino Community College District (Torrance, CA) 0.65"
ellis-school-of-nursing,Ellis School of Nursing,"Schenectady, New York",review,0.821,,,,,,,,"190956 Belanger School of Nursing (Schenectady, NY) 0.82 | 486415 AMG School of Nursing (Brooklyn, NY) 0.79 | 193380 Montefiore School of Nursing (Mount Vernon, NY) 0.76"
elmhurst-college,Elmhurst College,"Elmhurst, Illinois",none,0.733,,,,,,,,"144971 Eureka College (Eureka, IL) 0.73 | 147411 Morton College (Cicero, IL) 0.73 | 147129 Methodist College (Peoria, IL) 0.73"
emmanuel-college-ga,Emmanuel College,"Franklin Springs, Georgia",review,0.774,,,,,,,,"141060 Spelman College (Atlanta, GA) 0.77 | 481155 Helms College (Augusta, GA) 0.69 | 139393 Covenant College (Lookout Mountain, GA) 0.69"
emory-and-henry-college,Emory and Henry College,"Emory, Virginia",none,0.667,,,,,,,,"232681 University of Mary Washington (Fredericksburg, VA) 0.67 | 451927 Patrick Henry College (Purcellville, VA) 0.65 | 232885 Sentara College of Health Sciences (Chesapeake, VA) 0.65"
epic-bible-college,Epic Bible College,"Sacramento, California",review,0.833,,,,,,,,"117104 Life Pacific University (San Dimas, CA) 0.83 | 124487 Epic Bible College & Graduate School (Sacramento, CA) 0.76 | 439871 PCI College (Cerritos, CA) 0.69"
erie-business-center-erie,Erie Business Center Erie,"Erie, Pennsylvania",none,0.56,,,,,,,,
erie-business-center-new-castle,Erie Business Center New Castle,"New Castle, Pennsylvania",none,0.557,,,,,,,,
eti-technical-college,ETI Technical College,"Niles, Ohio",review,0.905,,,,,,,,"200590 ETI Technical College of Niles (Niles, OH) 0.91 | 204608 Ohio Technical College (Cleveland, OH) 0.88 | 203881 Marion Technical College (Marion, OH) 0.84"
expression-college-for-digital-arts,Expression College for Digital Arts,"Emeryville, California",none,0.629,,,,,,,,"437750 Professional Golfers Career College (Temecula, CA) 0.63 | 120403 Otis College of Art and Design (Los Angeles, CA) 0.62 | 120537 Hope International University (Fullerton, CA) 0.61"
fairfax-university-of-america,Fairfax University of America,"Fairfax, Virginia",review,0.815,,,,,,,,"232797 American National University (Salem, VA) 0.81 | 498915 Agora University (Burke, VA) 0.67 | 231420 Averett University (Danville, VA) 0.64"
faith-evangelical-college-and-seminary,Faith Evangelical College &amp; Seminary,"Tacoma, Washington",none,0.568,,,,,,,,
fashion-careers-college,Fashion Careers College,"San Diego, California",review,0.826,,,,,,,,"455868 National Career College (Panorama City, CA) 0.83 | 491899 Victory Career College (Carson, CA) 0.76 | 443207 NTMA Machinist Career College (Santa Fe Springs, CA) 0.73"
felician-college,Felician College,"Lodi, New Jersey",none,0.667,,,,,,,,"440794 Pillar College (Newark, NJ) 0.67 | 186469 Salem Community College (Carneys Point, NJ) 0.62 | 184959 Eastwick College-Ramsey (Ramsey, NJ) 0.62"
finlandia-university,Finlandia University,"Hancock, Michigan",review,0.789,,,,,,,,"171571 Oakland University (Rochester Hills, MI) 0.79 | 168740 Andrews University (Berrien Springs, MI) 0.74 | 170806 Madonna University (Livonia, MI) 0.74"
flagler-college-st-augustine,Flagler College St Augustine,"Saint Augustine, Florida",none,0.682,,,,,,,,"133711 Flagler College (Saint Augustine, FL) 0.68 | 137096 Santa Fe College (Gainesville, FL) 0.64 | 134343 Gulf Coast State College (Panama City, FL) 0.62"
florida-career-college-clearwater,Florida Career College Clearwater,"Clearwater, Florida",none,0.721,,,,,,,,"133997 Florida Career College-Miami (Miami, FL) 0.72 | 487409 Florida Career College-Hialeah (Hialeah, FL) 0.70 | 487454 Florida Career College-Margate (Margate, FL) 0.70"
florida-hospital-college-of-health-sciences,Florida Hospital College of Health Sciences,"Orlando, Florida",review,0.78,,,,,,,,"133872 AdventHealth University (Orlando, FL) 0.78 | 137315 South Florida State College (Avon Park, FL) 0.69 | 434441 Florida College of Integrative Medicine (Orlando, FL) 0.66"
florida-keys-community-college,Florida Keys Community College,"Key West, Florida",review,0.83,,,,,,,,"133960 The College of the Florida Keys (Key West, FL) 0.83 | 134495 Hillsborough Community College (Tampa, FL) 0.70 | 262129 New College of Florida (Sarasota, FL) 0.69"
forrest-college,Forrest College,"Anderson, South Carolina",review,0.828,,,,,,,,"218399 Morris College (Sumter, SC) 0.83 | 218973 Wofford College (Spartanburg, SC) 0.73 | 218539 Presbyterian College (Clinton, SC) 0.69"
fort-belknap-college,Fort Belknap College,"Harlem, Montana",none,0.634,,,,,,,,"262165 Montana Bible College (Billings, MT) 0.63 | 180328 Little Big Horn College (Crow Agency, MT) 0.60"
fort-berthold-community-college,Fort Berthold Community College,"New Town, North Dakota",none,0.667,,,,,,,,"200208 Cankdeska Cikana Community College (Fort Totten, ND) 0.67 | 200527 Turtle Mountain Community College (Belcourt, ND) 0.66"
fortis-college-fl,Fortis College,"Orange Park, Florida",review,0.828,,,,,,,,"133809 Florida College (Temple Terrace, FL) 0.83 | 133960 The College of the Florida Keys (Key West, FL) 0.76 | 136950 Rollins College (Winter Park, FL) 0.76"
fortis-college-ga,Fortis College,"Smyrna, Georgia",review,0.83,,,,,,,,"372921 Fortis College-Smyrna (Smyrna, GA) 0.83 | 139861 Georgia College & State University (Milledgeville, GA) 0.76 | 140553 Morehouse College (Atlanta, GA) 0.71"
fortis-college-largo,Fortis College Largo,"Largo, Florida",none,0.743,,,,,,,,"133809 Florida College (Temple Terrace, FL) 0.74 | 439792 Fortis College-Orange Park (Orange Park, FL) 0.74 | 133711 Flagler College (Saint Augustine, FL) 0.69"
fortis-college-miami,Fortis College Miami,"Miami, Florida",review,0.78,,,,,,,,"133997 Florida Career College-Miami (Miami, FL) 0.78 | 135717 Miami Dade College (Miami, FL) 0.77 | 133809 Florida College (Temple Terrace, FL) 0.74"
fortis-college-phoenix,Fortis College Phoenix,"Phoenix, Arizona",review,0.841,,,,,,,,"105428 Phoenix College (Phoenix, AZ) 0.84 | 487481 UEI College-Phoenix (Phoenix, AZ) 0.76 | 103893 Carrington College-Phoenix North (Phoenix, AZ) 0.73"
fortis-college-ravenna,Fortis College Ravenna,"Ravenna, Ohio",none,0.667,,,,,,,,"203580 Lake Erie College (Painesville, OH) 0.67 | 452081 Ross College-Sylvania (Sylvania, OH) 0.65 | 204501 Oberlin College (Oberlin, OH) 0.65"
fortis-college-tampa,Fortis College Tampa,"Tampa, Florida",review,0.783,,,,,,,,"439792 Fortis College-Orange Park (Orange Park, FL) 0.78 | 133809 Florida College (Temple Terrace, FL) 0.74 | 137777 Talmudic College of Florida (Miami Beach, FL) 0.73"
fortis-college-winter-park,Fortis College Winter Park,"Winter Park, Florida",none,0.731,,,,,,,,"439792 Fortis College-Orange Park (Orange Park, FL) 0.73 | 135160 Florida Gateway College (Lake City, FL) 0.65 | 137962 Trinity College of Florida (Trinity, FL) 0.65"
fortis-institute-erie,Fortis Institute Erie,"Erie, Pennsylvania",review,0.75,,,,,,,,"249609 Fortis Institute-Forty Fort (Forty Fort, PA) 0.75 | 215044 Cortiva Institute (King of Prussia, PA) 0.74 | 385503 Fortis Institute-Scranton (Scranton, PA) 0.70"
fortis-institute,Fortis Institute,"Cookeville, Tennessee",review,0.774,,,,,,,,"494436 Fortis Institute-Cookeville (Cookeville, TN) 0.77 | 452124 Fortis Institute-Nashville (Nashville, TN) 0.76 | 483887 Mind Body Institute (Madison, TN) 0.63"
fountainhead-college-of-technology,Fountainhead College of Technology,"Knoxville, Tennessee",none,0.687,,,,,,,,"221148 Lincoln College of Technology-Nashville (Nashville, TN) 0.69 | 222105 William R Moore College of Technology (Memphis, TN) 0.65 | 220321 Tennessee College of Applied Technology-Hohenwald (Hohenwald, TN) 0.62"
fox-college-inc,Fox College Inc,"Bedford Park, Illinois",review,0.846,,,,,,,,"145239 Fox College (Tinley Park, IL) 0.85 | 146427 Knox College (Galesburg, IL) 0.74 | 147411 Morton College (Cicero, IL) 0.69"
free-will-baptist-bible-college,Free Will Baptist Bible College,"Nashville, Tennessee",none,0.581,,,,,,,,
gallaudet-university,Gallaudet University,"Washington, District Of Columbia",none,0.0,,,,,,,,
gallipolis-career-college,Gallipolis Career College,"Gallipolis, Ohio",none,0.731,,,,,,,,"453792 Ohio Medical Career College (Dayton, OH) 0.73 | 390905 Polaris Career Center (Middleburg Heights, OH) 0.70 | 202453 Dayton Barber College (Miamisburg, OH) 0.65"
gateway-community-college-new-haven,Gateway Community College,"New Haven, Connecticut",none,0.7,,,,,,,,"129367 Connecticut State Community College (New Britain, CT) 0.70 | 130590 Trinity College (Hartford, CT) 0.60"
george-washington,George Washington University,"Washington, District Of Columbia",none,0.0,,,,,,,,
georgetown,Georgetown University,"Washington, District Of Columbia",none,0.0,,,,,,,,
georgia-christian-university,Georgia Christian University,"Lilburn, Georgia",review,0.828,,,,,,,,"475732 Chamberlain University-Georgia (Sandy Springs, GA) 0.83 | 139959 University of Georgia (Athens, GA) 0.78 | 482468 DeVry University-Georgia (Decatur, GA) 0.77"
georgia-military-college-atlanta-campus,Georgia Military College Atlanta Campus,"Fairburn, Georgia",review,0.762,,,,,,,,"485111 Georgia Military College (Milledgeville, GA) 0.76 | 138840 Atlanta Technical College (Atlanta, GA) 0.62 | 444714 Gwinnett College-Marietta Campus (Marietta, GA) 0.62"
georgia-military-college-augusta-campus,Georgia Military College Augusta Campus,"Martinez, Georgia",review,0.762,,,,,,,,"485111 Georgia Military College (Milledgeville, GA) 0.76 | 139250 College of Coastal Georgia (Brunswick, GA) 0.65 | 138956 Augusta Technical College (Augusta, GA) 0.62"
georgia-military-college-columbus-campus,Georgia Military College Columbus Campus,"Columbus, Georgia",review,0.75,,,,,,,,"485111 Georgia Military College (Milledgeville, GA) 0.75 | 139357 Columbus Technical College (Columbus, GA) 0.67 | 458441 Miller-Motte College-Columbus (Columbus, GA) 0.64"
georgia-military-college-milledgeville-campus,Georgia Military College Milledgeville Campus,"Milledgeville, Georgia",none,0.726,,,,,,,,"485111 Georgia Military College (Milledgeville, GA) 0.73"
georgia-military-college-valdosta-campus,Georgia Military College Valdosta Campus,"Valdosta, Georgia",review,0.75,,,,,,,,"485111 Georgia Military College (Milledgeville, GA) 0.75 | 139700 Georgia Highlands College (Rome, GA) 0.65 | 482699 South Georgia State College (Douglas, GA) 0.63"
georgia-military-college-warner-robins-campus,Georgia Military College Warner Robins Campus,"Warner Robins, Georgia",none,0.696,,,,,,,,"485111 Georgia Military College (Milledgeville, GA) 0.70 | 139700 Georgia Highlands College (Rome, GA) 0.60"
georgia-perimeter-college,Perimeter College,"Decatur, Georgia",none,0.688,,,,,,,,"139861 Georgia College & State University (Milledgeville, GA) 0.69 | 141060 Spelman College (Atlanta, GA) 0.69 | 485111 Georgia Military College (Milledgeville, GA) 0.68"
gilbert-community-college,Chandler/Gilbert Community College,,none,0.03,,,,,,,,
glenville-state-college,Glenville State College,"Glenville, West Virginia",none,0.667,,,,,,,,"237367 Fairmont State University (Fairmont, WV) 0.67 | 237385 Glenville State University (Glenville, WV) 0.64"
gloucester-county-college,Gloucester County College,"Sewell, New Jersey",review,0.8,,,,,,,,"184481 Essex County College (Newark, NJ) 0.80 | 185873 Ocean County College (Toms River, NJ) 0.80 | 186469 Salem Community College (Carneys Point, NJ) 0.76"
golf-academy-of-america-altamonte-springs,Golf Academy of America Altamonte Springs,"Apopka, Florida",none,0.647,,,,,,,,"417327 City College-Altamonte Springs (Altamonte Springs, FL) 0.65"
golf-academy-of-america-carlsbad,Golf Academy of America Carlsbad,"Carlsbad, California",none,0.627,,,,,,,,"114947 Gemological Institute of America-Carlsbad (Carlsbad, CA) 0.63"
golf-academy-of-america-chandler,Golf Academy of America Chandler,"Chandler, Arizona",none,0.549,,,,,,,,
golf-academy-of-america-myrtle-beach,Golf Academy of America Myrtle Beach,"Myrtle Beach, South Carolina",none,0.571,,,,,,,,
goodwin-college,Goodwin College,"East Hartford, Connecticut",none,0.667,,,,,,,,"130590 Trinity College (Hartford, CT) 0.67 | 129154 Goodwin University (East Hartford, CT) 0.67 | 130110 Paier College (Bridgeport, CT) 0.64"
gordon-college-ga,Gordon College,"Barnesville, Georgia",review,0.854,,,,,,,,"139968 Gordon State College (Barnesville, GA) 0.85 | 139861 Georgia College & State University (Milledgeville, GA) 0.76 | 140234 LaGrange College (Lagrange, GA) 0.73"
grace-bible-college,Grace Bible College,"Wyoming, Michigan",none,0.625,,,,,,,,"168847 Baker College (Owosso, MI) 0.62 | 171775 Port Huron Cosmetology College (Waterford, MI) 0.62 | 168546 Albion College (Albion, MI) 0.61"
grace-college-of-divinity,Grace College of Divinity,"Fayetteville, North Carolina",none,0.696,,,,,,,,"198367 Craven Community College (New Bern, NC) 0.70 | 198862 Livingstone College (Salisbury, NC) 0.68 | 199892 Wayne Community College (Goldsboro, NC) 0.67"
grace-university,Grace University,"Omaha, Nebraska",review,0.812,,,,,,,,"181020 Doane University (Crete, NE) 0.81 | 181330 Midland University (Fremont, NE) 0.71 | 181002 Creighton University (Omaha, NE) 0.70"
granite-state-college,Granite State College,"Concord, New Hampshire",review,0.8,,,,,,,,"183062 Keene State College (Keene, NH) 0.80 | 182795 Franklin Pierce University (Rindge, NH) 0.64 | 183141 Nashua Community College (Nashua, NH) 0.62"
grantham-university,Grantham University,"Kansas City, Missouri",review,0.8,,,,,,,,"177986 Logan University (Chesterfield, MO) 0.80 | 369516 Bryan University (Springfield, MO) 0.80 | 176628 Avila University (Kansas City, MO) 0.77"
grayson-county-college,Grayson County College,"Denison, Texas",review,0.841,,,,,,,,"225070 Grayson College (Denison, TX) 0.84 | 228547 Tarrant County College District (Fort Worth, TX) 0.82 | 224642 El Paso Community College (El Paso, TX) 0.77"
green-river-community-college,Green River Community College,"Auburn, Washington",review,0.822,,,,,,,,"235343 Green River College (Auburn, WA) 0.82 | 235149 Everett Community College (Everett, WA) 0.81 | 236610 Shoreline Community College (Shoreline, WA) 0.75"
gwynedd-mercy-college,Gwynedd Mercy College,"Gwynedd Valley, Pennsylvania",none,0.629,,,,,,,,"212656 Geneva College (Beaver Falls, PA) 0.63 | 214883 Peirce College (Philadelphia, PA) 0.63 | 212832 Gwynedd Mercy University (Gwynedd Valley, PA) 0.61"
h-councill-trenholm-state-technical-college,H Councill Trenholm State Technical College,"Montgomery, Alabama",review,0.797,,,,,,,,"102313 H Councill Trenholm State Community College (Montgomery, AL) 0.80 | 101994 Reid State Technical College (Evergreen, AL) 0.70 | 101462 J. F. Drake State Community and Technical College (Huntsville, AL) 0.70"
hamilton-technical-college,Hamilton Technical College,"Davenport, Iowa",review,0.887,,,,,,,,"153427 Orion Technical College (Davenport, IA) 0.89"
hands-on-medical-massage-school,Hands on Medical Massage School,"Redlands, California",none,0.618,,,,,,,,"498331 San Francisco School of Massage & Bodywork (San Francisco, CA) 0.62 | 498748 CalCopa Massage School (Huntington Beach, CA) 0.60"
harrisburg-area-community-college-harrisburg,Harrisburg Area Community College Harrisburg,"Harrisburg, Pennsylvania",review,0.887,,,,,,,,"212878 Harrisburg Area Community College (Harrisburg, PA) 0.89 | 215585 Reading Area Community College (Reading, PA) 0.70 | 213525 Lehigh Carbon Community College (Schnecksville, PA) 0.67"
henry-ford-community-college,Henry Ford Community College,"Dearborn, Michigan",review,0.813,,,,,,,,"170240 Henry Ford College (Dearborn, MI) 0.81 | 172671 West Shore Community College (Scottville, MI) 0.79 | 172617 Washtenaw Community College (Ann Arbor, MI) 0.76"
herzing-university-kenner,Herzing University Kenner,"Kenner, Louisiana",review,0.8,,,,,,,,"433536 Herzing University-New Orleans (Metairie, LA) 0.80 | 159009 Grambling State University (Grambling, LA) 0.67 | 492759 Chamberlain University-Louisiana (Jefferson, LA) 0.63"
herzing-university-toledo,Herzing University Toledo,"Toledo, Ohio",review,0.84,,,,,,,,"206084 University of Toledo (Toledo, OH) 0.84 | 200785 Herzing University-Akron (Akron, OH) 0.73 | 454236 Chamberlain University-Ohio (Columbus, OH) 0.73"
herzing-university-winter-park,Herzing University Winter Park,"Winter Park, Florida",review,0.778,,,,,,,,"496973 Herzing University-Tampa (Tampa, FL) 0.78 | 386472 Herzing University-Orlando (Winter Park, FL) 0.74 | 133526 Edward Waters University (Jacksonville, FL) 0.70"
hesser-college,Hesser College,"Manchester, New Hampshire",none,0.667,,,,,,,,"183062 Keene State College (Keene, NH) 0.67 | 183132 Manchester Community College (Manchester, NH) 0.65 | 182634 Colby-Sawyer College (New London, NH) 0.65"
hibbing-community-college-a-technical-and-community-college,Hibbing Community College A Technical and Community College,"Hibbing, Minnesota",review,0.816,,,,,,,,"175041 Saint Paul College (Saint Paul, MN) 0.82 | 174756 St Cloud Technical and Community College (Saint Cloud, MN) 0.70 | 174570 Pine Technical & Community College (Pine City, MN) 0.69"
hickey-college,Hickey College,"Saint Louis, Missouri",review,0.786,,,,,,,,"177117 Cottey College (Nevada, MO) 0.79 | 176770 Cox College (Springfield, MO) 0.72 | 177135 Crowder College (Neosho, MO) 0.69"
highline-community-college,Highline Community College,"Des Moines, Washington",review,0.868,,,,,,,,"236610 Shoreline Community College (Shoreline, WA) 0.87 | 235431 Highline College (Des Moines, WA) 0.79 | 236692 Spokane Community College (Spokane, WA) 0.78"
hillsdale-free-will-baptist-college,Hillsdale Free Will Baptist College,"Moore, Oklahoma",none,0.556,,,,,,,,
hiwassee-college,Hiwassee College,"Madisonville, Tennessee",none,0.714,,,,,,,,"220598 Lane College (Jackson, TN) 0.71 | 221351 Rhodes College (Memphis, TN) 0.67 | 220206 Welch College (Gallatin, TN) 0.62"
hondros-college,Hondros College,"Westerville, Ohio",review,0.789,,,,,,,,"203386 Hondros College of Nursing (Columbus, OH) 0.79 | 203155 Hocking College (Nelsonville, OH) 0.73 | 206589 The College of Wooster (Wooster, OH) 0.73"
horizon-college-san-diego,Horizon College San Diego,"San Diego, California",review,0.796,,,,,,,,"122375 San Diego Mesa College (San Diego, CA) 0.80 | 122384 San Diego Miramar College (San Diego, CA) 0.79 | 494746 North-West College-San Diego (San Diego, CA) 0.78"
houghton-college,Houghton College,"Houghton, New York",review,0.759,,,,,,,,"196866 Union College (Schenectady, NY) 0.76 | 191515 Hamilton College (Clinton, NY) 0.75 | 190594 CUNY Hunter College (New York, NY) 0.73"
housatonic-community-college,Housatonic Community College,"Bridgeport, Connecticut",none,0.73,,,,,,,,"129367 Connecticut State Community College (New Britain, CT) 0.73"
houston-baptist-university,Houston Baptist University,"Houston, Texas",review,0.848,,,,,,,,"225511 University of Houston (Houston, TX) 0.85 | 225399 Houston Christian University (Houston, TX) 0.84 | 225432 University of Houston-Downtown (Houston, TX) 0.78"
howard-university,Howard University,"Washington, District Of Columbia",none,0.0,,,,,,,,
humboldt-state-university,Humboldt State University,"Arcata, California",review,0.75,,,,,,,,"123572 Sonoma State University (Rohnert Park, CA) 0.75 | 110097 Biola University (La Mirada, CA) 0.73 | 122755 San Jose State University (San Jose, CA) 0.72"
humphreys-college-stockton-and-modesto-campuses,Humphreys College Stockton and Modesto Campuses,"Stockton, California",review,0.817,,,,,,,,"115773 Humphreys University-Stockton and Modesto Campuses (Stockton, CA) 0.82"
hussian-school-of-art,Hussian School of Art,"Philadelphia, Pennsylvania",none,0.667,,,,,,,,"497189 The Rapha School (Home, PA) 0.67 | 213622 UPMC St. Margaret School of Nursing (Pittsburgh, PA) 0.62 | 483753 Champ's Barber School (Lancaster, PA) 0.62"
illinois-eastern-community-colleges-frontier-community-coll,Illinois Eastern Community Colleges Frontier Community Coll,"Fairfield, Illinois",none,0.723,,,,,,,,"500315 Illinois Eastern Community Colleges - Olney Central College (Olney, IL) 0.72 | 145707 Illinois Eastern Community Colleges (Olney, IL) 0.72 | 403469 Frontier Community College (Fairfield, IL) 0.62"
illinois-eastern-community-colleges-lincoln-trail-college,Illinois Eastern Community Colleges Lincoln Trail College,"Robinson, Illinois",review,0.825,,,,,,,,"500315 Illinois Eastern Community Colleges - Olney Central College (Olney, IL) 0.82 | 145707 Illinois Eastern Community Colleges (Olney, IL) 0.76 | 145831 Illinois Valley Community College (Oglesby, IL) 0.64"
illinois-eastern-community-colleges-wabash-valley-college,Illinois Eastern Community Colleges Wabash Valley College,"Mount Carmel, Illinois",review,0.825,,,,,,,,"500315 Illinois Eastern Community Colleges - Olney Central College (Olney, IL) 0.82 | 145707 Illinois Eastern Community Colleges (Olney, IL) 0.76 | 145831 Illinois Valley Community College (Oglesby, IL) 0.73"
indiana-university-purdue-university-fort-wayne,Indiana University Purdue University Fort Wayne,"Fort Wayne, Indiana",review,0.885,,,,,,,,"500263 Indiana University - Purdue University Indianapolis - IU Fort Wayne (Fort Wayne, IN) 0.88 | 151102 Purdue University Fort Wayne (Fort Wayne, IN) 0.78 | 500254 Indiana University - Purdue University Indianapolis - Columbus Ctr (Columbus, IN) 0.68"
indiana-university-purdue-university-indianapolis,Indiana University Purdue University Indianapolis,"Indianapolis, Indiana",review,0.875,,,,,,,,"500263 Indiana University - Purdue University Indianapolis - IU Fort Wayne (Fort Wayne, IN) 0.88 | 500254 Indiana University - Purdue University Indianapolis - Columbus Ctr (Columbus, IN) 0.86 | 151111 Indiana University-Indianapolis (Indianapolis, IN) 0.81"
indiana-wesleyan-university,Indiana Wesleyan University,"Marion, Indiana",review,0.915,,,,,,,,"151801 Indiana Wesleyan University-Marion (Marion, IN) 0.92 | 488679 Indiana Wesleyan University-National & Global (Marion, IN) 0.80 | 151263 University of Indianapolis (Indianapolis, IN) 0.72"
institute-of-american-indian-and-alaska-native-culture,Institute of American Indian and Alaska Native Culture,"Santa Fe, New Mexico",review,0.877,,,,,,,,"187745 Institute of American Indian and Alaska Native Culture and Arts Development (Santa Fe, NM) 0.88"
institute-of-design-and-construction,Institute of Design and Construction,"Brooklyn, New York",none,0.667,,,,,,,,"457819 Institute of Culinary Education (New York, NY) 0.67"
institute-of-production-and-recording,Institute of Production and Recording,"Minneapolis, Minnesota",none,0.491,,,,,,,,
international-baptist-college,International Baptist College,"Chandler, Arizona",review,0.896,,,,,,,,"436614 International Baptist College and Seminary (Chandler, AZ) 0.90 | 491686 International Barber College (Chandler, AZ) 0.87 | 444936 Turning Point Beauty College (Chandler, AZ) 0.70"
international-business-college,International Business College,"Fort Wayne, Indiana",review,0.822,,,,,,,,"151467 International Business College-Indianapolis (Indianapolis, IN) 0.82 | 491525 Union Bible College (Westfield, IN) 0.65 | 449889 American College of Education (Indianapolis, IN) 0.61"
international-professional-school-of-bodywork,International Professional School of Bodywork,"San Diego, California",none,0.667,,,,,,,,"113449 International School of Beauty Inc (Palm Desert, CA) 0.67"
iona-college,Iona College,"New Rochelle, New York",review,0.88,,,,,,,,"195474 Siena College (Loudonville, NY) 0.88 | 196866 Union College (Schenectady, NY) 0.88 | 490346 Elyon College (Brooklyn, NY) 0.80"
iowa-wesleyan-college,Iowa Wesleyan College,"Mount Pleasant, Iowa",none,0.706,,,,,,,,"153630 Iowa Western Community College (Council Bluffs, IA) 0.71 | 154101 Northwestern College (Orange City, IA) 0.68 | 153825 Loras College (Dubuque, IA) 0.65"
itasca-community-college,Itasca Community College,"Grand Rapids, Minnesota",review,0.786,,,,,,,,"174570 Pine Technical & Community College (Pine City, MN) 0.79 | 173063 Riverland Community College (Austin, MN) 0.78 | 174428 Normandale Community College (Bloomington, MN) 0.77"
ivy-tech-community-college-bloominton,Ivy Tech Community College Bloominton,"Bloomington, Indiana",review,0.849,,,,,,,,"150987 Ivy Tech Community College (Indianapolis, IN) 0.85"
ivy-tech-community-college-central-indiana,Ivy Tech Community College Central Indiana,"Indianapolis, Indiana",review,0.825,,,,,,,,"150987 Ivy Tech Community College (Indianapolis, IN) 0.82"
ivy-tech-community-college-columbus,Ivy Tech Community College Columbus,"Columbus, Indiana",review,0.873,,,,,,,,"150987 Ivy Tech Community College (Indianapolis, IN) 0.87"
ivy-tech-community-college-east-central,Ivy Tech Community College East Central,"Muncie, Indiana",review,0.827,,,,,,,,"150987 Ivy Tech Community College (Indianapolis, IN) 0.83"
ivy-tech-community-college-kokomo,Ivy Tech Community College Kokomo,"Kokomo, Indiana",review,0.899,,,,,,,,"150987 Ivy Tech Community College (Indianapolis, IN) 0.90"
ivy-tech-community-college-lafayette,Ivy Tech Community College Lafayette,"Lafayette, Indiana",review,0.861,,,,,,,,"150987 Ivy Tech Community College (Indianapolis, IN) 0.86"
ivy-tech-community-college-northcentral,Ivy Tech Community College Northcentral,"South Bend, Indiana",review,0.827,,,,,,,,"150987 Ivy Tech Community College (Indianapolis, IN) 0.83"
ivy-tech-community-college-northeast,Ivy Tech Community College Northeast,"Fort Wayne, Indiana",review,0.861,,,,,,,,"150987 Ivy Tech Community College (Indianapolis, IN) 0.86"
ivy-tech-community-college-northwest,Ivy Tech Community College Northwest,"Gary, Indiana",review,0.861,,,,,,,,"150987 Ivy Tech Community College (Indianapolis, IN) 0.86"
ivy-tech-community-college-richmond,Ivy Tech Community College Richmond,"Richmond, Indiana",review,0.873,,,,,,,,"150987 Ivy Tech Community College (Indianapolis, IN) 0.87 | 152150 PJ's College of Cosmetology-Richmond (Richmond, IN) 0.69"
ivy-tech-community-college-south-central,Ivy Tech Community College South Central,"Sellersburg, Indiana",review,0.816,,,,,,,,"150987 Ivy Tech Community College (Indianapolis, IN) 0.82"
ivy-tech-community-college-southeast,Ivy Tech Community College Southeast,"Madison, Indiana",review,0.861,,,,,,,,"150987 Ivy Tech Community College (Indianapolis, IN) 0.86"
ivy-tech-community-college-southwest,Ivy Tech Community College Southwest,"Evansville, Indiana",review,0.861,,,,,,,,"150987 Ivy Tech Community College (Indianapolis, IN) 0.86"
ivy-tech-community-college-wabash-valley,Ivy Tech Community College Wabash Valley,"Terre Haute, Indiana",review,0.816,,,,,,,,"150987 Ivy Tech Community College (Indianapolis, IN) 0.82"
j-f-drake-state-technical-college,J F Drake State Technical College,"Huntsville, Alabama",review,0.898,,,,,,,,"101462 J. F. Drake State Community and Technical College (Huntsville, AL) 0.90 | 101471 J F Ingram State Technical College (Deatsville, AL) 0.84 | 101994 Reid State Technical College (Evergreen, AL) 0.82"
jackson-community-college,Jackson Community College,"Jackson, Michigan",review,0.857,,,,,,,,"170790 Macomb Community College (Warren, MI) 0.86 | 170657 Lansing Community College (Lansing, MI) 0.84 | 171535 Oakland Community College (Auburn Hills, MI) 0.84"
james-h-faulkner-state-community-college,James H Faulkner State Community College,"Bay Minette, Alabama",review,0.783,,,,,,,,"102076 Snead State Community College (Boaz, AL) 0.78 | 101505 Jefferson State Community College (Birmingham, AL) 0.77 | 101143 Enterprise State Community College (Enterprise, AL) 0.76"
jamestown-college,Jamestown College,"Jamestown, North Dakota",none,0.7,,,,,,,,"200341 Williston State College (Williston, ND) 0.70"
jarvis-christian-college,Jarvis Christian College,"Hawkins, Texas",review,0.833,,,,,,,,"224244 Dallas Christian College (Dallas, TX) 0.83 | 494630 Christ Mission College (San Antonio, TX) 0.74 | 228486 Southwestern Christian College (Terrell, TX) 0.70"
jefferson-college-of-health-sciences,Jefferson College of Health Sciences,"Roanoke, Virginia",none,0.719,,,,,,,,"232885 Sentara College of Health Sciences (Chesapeake, VA) 0.72 | 233082 Southside College of Health Sciences (Colonial Heights, VA) 0.70 | 233408 Riverside College of Health Careers (Newport News, VA) 0.62"
jefferson-davis-community-college,Jefferson Davis Community College,"Brewton, Alabama",review,0.818,,,,,,,,"101505 Jefferson State Community College (Birmingham, AL) 0.82 | 101240 Gadsden State Community College (Gadsden, AL) 0.76 | 101569 Lawson State Community College (Birmingham, AL) 0.70"
johnson-state-college,Johnson State College,"Johnson, Vermont",none,0.595,,,,,,,,
johnson-wales-university-denver,Johnson &amp; Wales University Denver,"Denver, Colorado",none,0.684,,,,,,,,"127060 University of Denver (Denver, CO) 0.68 | 127565 Metropolitan State University of Denver (Denver, CO) 0.62"
johnson-wales-university-north-miami,Johnson &amp; Wales University North Miami,"North Miami, Florida",none,0.687,,,,,,,,"485272 West Coast University-Miami (Doral, FL) 0.69 | 461281 Jose Maria Vargas University (Pembroke Pines, FL) 0.62 | 133465 South University-West Palm Beach (Royal Palm Beach, FL) 0.61"
jones-international-university,Jones International University,"Centennial, Colorado",none,0.638,,,,,,,,"127653 Naropa University (Boulder, CO) 0.64 | 127556 Colorado Mesa University (Grand Junction, CO) 0.63 | 126614 University of Colorado Boulder (Boulder, CO) 0.62"
judson-college,Judson College,"Marion, Alabama",review,0.75,,,,,,,,"101435 Huntingdon College (Montgomery, AL) 0.75 | 101675 Miles College (Fairfield, AL) 0.67 | 102270 Stillman College (Tuscaloosa, AL) 0.67"
kanawha-valley-community-and-technical-college,Kanawha Valley Community and Technical College,"Institute, West Virginia",review,0.759,,,,,,,,"444954 Mountwest Community and Technical College (Huntington, WV) 0.76 | 447582 New River Community and Technical College (Beaver, WV) 0.76 | 438708 Eastern West Virginia Community and Technical College (Moorefield, WV) 0.75"
kaplan-university-cedar-falls-campus,Purdue Global Cedar Falls Campus,"Cedar Falls, Iowa",none,0.601,,,,,,,,"154545 The Salon Professional Academy-Cedar Falls (Cedar Falls, IA) 0.60"
kaplan-university-cedar-rapids-campus,Purdue Global Cedar Rapids Campus,"Cedar Rapids, Iowa",none,0.674,,,,,,,,"153083 Capri College-Cedar Rapids (Cedar Rapids, IA) 0.67"
kaplan-university-council-bluffs-campus,Purdue Global Council Bluffs Campus,"Council Bluffs, Iowa",none,0.399,,,,,,,,
kaplan-university-davenport-campus,Purdue Global Davenport Campus,"Davenport, Iowa",none,0.53,,,,,,,,
kaplan-university-des-moines-campus,Purdue Global Des Moines Campus,"Urbandale, Iowa",none,0.567,,,,,,,,
kaplan-university-hagerstown-campus,Purdue Global Hagerstown Campus,"Hagerstown, Maryland",none,0.594,,,,,,,,
kaplan-university-lincoln-campus,Purdue Global Lincoln Campus,"Lincoln, Nebraska",none,0.471,,,,,,,,
kaplan-university-maine-campus,Purdue Global Maine Campus,"S Portland, Maine",none,0.526,,,,,,,,
kaplan-university-mason-city-campus,Purdue Global Mason City Campus,"Mason City, Iowa",none,0.5,,,,,,,,
kaplan-university-omaha-campus,Purdue Global Omaha Campus,"Omaha, Nebraska",none,0.501,,,,,,,,
kendall-college,Kendall College,"Chicago, Illinois",review,0.75,,,,,,,,"146506 Lake Land College (Mattoon, IL) 0.75 | 148256 Rend Lake College (Ina, IL) 0.75 | 146427 Knox College (Galesburg, IL) 0.74"
kilian-community-college,Kilian Community College,"Sioux Falls, South Dakota",none,0.578,,,,,,,,
king-college,King College,"Bristol, Tennessee",review,0.75,,,,,,,,"220598 Lane College (Jackson, TN) 0.75 | 497125 Galen Health Institutes-Nashville Campus (Nashville, TN) 0.67 | 220206 Welch College (Gallatin, TN) 0.64"
kings-college-nc,King's College,"Charlotte, North Carolina",none,0.743,,,,,,,,"199883 Watts College of Nursing (Durham, NC) 0.74 | 198862 Livingstone College (Salisbury, NC) 0.73 | 199078 College of Wilmington (Wilmington, NC) 0.69"
kings-university,King's University,"Van Nuys, California",review,0.811,,,,,,,,"122436 University of San Diego (San Diego, CA) 0.81 | 485519 Lionel University (Carpinteria, CA) 0.76 | 488785 University of Saint Katherine (San Marcos, CA) 0.74"
kol-yaakov-torah-center,Kol Yaakov Torah Center,"Monsey, New York",none,0.528,,,,,,,,
la-roche-college,La Roche College,"Pittsburgh, Pennsylvania",none,0.733,,,,,,,,"212869 Harcum College (Bryn Mawr, PA) 0.73 | 214883 Peirce College (Philadelphia, PA) 0.73 | 216287 Swarthmore College (Swarthmore, PA) 0.71"
laboure-college,Laboure College,"Boston, Massachusetts",review,0.759,,,,,,,,"166045 Hebrew College (Newton, MA) 0.76 | 165264 Laboure College of Healthcare (Milton, MA) 0.73 | 167394 College of Our Lady of the Elms (Chicopee, MA) 0.72"
lac-courte-oreilles-ojibwa-community-college,Lac Courte Oreilles Ojibwa Community College,"Hayward, Wisconsin",none,0.647,,,,,,,,"260372 Lac Courte Oreilles Ojibwe University (Hayward, WI) 0.65"
lake-area-technical-institute,Lake Area Technical Institute,"Watertown, South Dakota",review,0.78,,,,,,,,"219143 Lake Area Technical College (Watertown, SD) 0.78"
laredo-community-college,Laredo Community College,"Laredo, Texas",review,0.857,,,,,,,,"224642 El Paso Community College (El Paso, TX) 0.86 | 226578 McLennan Community College (Waco, TX) 0.80 | 225423 Houston Community College (Houston, TX) 0.78"
lasell-college,Lasell College,"Newton, Massachusetts",review,0.774,,,,,,,,"167996 Stonehill College (Easton, MA) 0.77 | 167394 College of Our Lady of the Elms (Chicopee, MA) 0.77 | 168342 Williams College (Williamstown, MA) 0.76"
latter-day-saints-business-college,Latter day Saints Business College,"Salt Lake City, Utah",none,0.601,,,,,,,,"456454 Fortis College-Salt Lake City (Salt Lake City, UT) 0.60"
laurel-university,Laurel University,"High Point, North Carolina",review,0.812,,,,,,,,"198419 Duke University (Durham, NC) 0.81 | 198516 Elon University (Elon, NC) 0.81 | 198899 Mars Hill University (Mars Hill, NC) 0.76"
lawson-state-community-college-birmingham-campus,Lawson State Community College Birmingham Campus,"Birmingham, Alabama",review,0.799,,,,,,,,"101569 Lawson State Community College (Birmingham, AL) 0.80 | 101514 John C Calhoun State Community College (Tanner, AL) 0.72 | 102030 Bishop State Community College (Mobile, AL) 0.72"
lebanon-college,Lebanon College,"Lebanon, New Hampshire",none,0.71,,,,,,,,"182917 Magdalen College (Warner, NH) 0.71 | 182980 New England College (Henniker, NH) 0.71 | 182670 Dartmouth College (Hanover, NH) 0.62"
life-pacific-college,Life Pacific College,"San Dimas, California",review,0.857,,,,,,,,"422695 Pacific College (Costa Mesa, CA) 0.86 | 120768 Pacific Oaks College (Pasadena, CA) 0.80 | 120865 Pacific Union College (Angwin, CA) 0.73"
lincoln-college-of-new-england-hartford,Lincoln College of New England Hartford,"Hartford, Connecticut",none,0.559,,,,,,,,
lincoln-college-of-new-england-southington,Lincoln College of New England Southington,"Southington, Connecticut",none,0.517,,,,,,,,
lincoln-college-of-new-england-suffield,Lincoln College of New England Suffield,"Suffield, Connecticut",none,0.509,,,,,,,,
lincoln-college-of-technology-cleveland,Lincoln College of Technology Cleveland,"Cleveland, Ohio",review,0.763,,,,,,,,"494250 Valley College-Cleveland (Cleveland, OH) 0.76 | 375416 Remington College-Cleveland Campus (Cleveland, OH) 0.73 | 204608 Ohio Technical College (Cleveland, OH) 0.62"
lincoln-college-of-technology-columbus,Lincoln College of Technology Columbus,"Columbus, Ohio",none,0.717,,,,,,,,"202222 Columbus State Community College (Columbus, OH) 0.72 | 202170 Columbus College of Art & Design (Columbus, OH) 0.64 | 204608 Ohio Technical College (Cleveland, OH) 0.63"
lincoln-college-of-technology-dayton,Lincoln College of Technology Dayton,"Dayton, Ohio",none,0.655,,,,,,,,"204608 Ohio Technical College (Cleveland, OH) 0.65 | 203881 Marion Technical College (Marion, OH) 0.63 | 203155 Hocking College (Nelsonville, OH) 0.62"
lincoln-college-of-technology-florence,Lincoln College of Technology Florence,"Florence, Kentucky",none,0.575,,,,,,,,
lincoln-college-of-technology-franklin-lct,Lincoln College of Technology Franklin LCT,"Franklin, Ohio",none,0.603,,,,,,,,"203881 Marion Technical College (Marion, OH) 0.60"
lincoln-college-of-technology-toledo,Lincoln College of Technology Toledo,"Toledo, Ohio",none,0.662,,,,,,,,"493521 Global Tech College (Toledo, OH) 0.66 | 203881 Marion Technical College (Marion, OH) 0.63 | 204608 Ohio Technical College (Cleveland, OH) 0.62"
lincoln-college-of-technology-tri-county,Lincoln College of Technology Tri County,"Cincinnati, Ohio",none,0.639,,,,,,,,"202356 Cuyahoga Community College District (Cleveland, OH) 0.64 | 205470 Sinclair Community College (Dayton, OH) 0.63 | 202648 Edison State Community College (Piqua, OH) 0.63"
lincoln-college-of-technology-vine-street,Lincoln College of Technology Vine Street,"Cincinnati, Ohio",none,0.581,,,,,,,,
lincoln-college-of-technology-west-palm-beach,Lincoln College of Technology West Palm Beach,"West Palm Beach, Florida",none,0.722,,,,,,,,"428170 Southeastern College-West Palm Beach (West Palm Beach, FL) 0.72 | 487393 Florida Career College-West Palm Beach (West Palm Beach, FL) 0.68 | 136358 Palm Beach State College (Lake Worth, FL) 0.64"
lincoln-college,Lincoln College,"Lincoln, Illinois",review,0.833,,,,,,,,"403478 Lincoln Trail College (Robinson, IL) 0.83 | 145691 Illinois College (Jacksonville, IL) 0.77 | 146427 Knox College (Galesburg, IL) 0.74"
lincoln-university-of-pennsylvania,Lincoln University of Pennsylvania,"Lincoln University, Pennsylvania",review,0.871,,,,,,,,"213020 Indiana University of Pennsylvania-Main Campus (Indiana, PA) 0.87 | 215062 University of Pennsylvania (Philadelphia, PA) 0.85 | 213349 Kutztown University of Pennsylvania (Kutztown, PA) 0.83"
linn-state-technical-college,Linn State Technical College,"Linn, Missouri",review,0.863,,,,,,,,"177977 State Technical College of Missouri (Linn, MO) 0.86 | 178891 Ranken Technical College (Saint Louis, MO) 0.77 | 261773 Pike-Lincoln Technical Center (Eolia, MO) 0.70"
living-arts-college,Living Arts College,"Raleigh, North Carolina",none,0.737,,,,,,,,"198862 Livingstone College (Salisbury, NC) 0.74 | 197911 Barton College (Wilson, NC) 0.67 | 199078 College of Wilmington (Wilmington, NC) 0.65"
lock-haven-university,Lock Haven University,"Lock Haven, Pennsylvania",review,0.75,,,,,,,,"210775 Alvernia University (Reading, PA) 0.75 | 213358 La Roche University (Pittsburgh, PA) 0.75 | 211431 Carlow University (Pittsburgh, PA) 0.74"
lon-morris-college,Lon Morris College,"Jacksonville, Texas",review,0.75,,,,,,,,"392415 Fortis College (Houston, TX) 0.75 | 227401 Paris Junior College (Paris, TX) 0.74 | 224350 Del Mar College (Corpus Christi, TX) 0.73"
lone-star-college-system,Lone Star College,"The Woodlands, Texas",review,0.859,,,,,,,,"227182 Lone Star College System (The Woodlands, TX) 0.86 | 227304 Odessa College (Odessa, TX) 0.77 | 224350 Del Mar College (Corpus Christi, TX) 0.75"
long-island-university-brooklyn-campus,Long Island University Brooklyn Campus,"Brooklyn, New York",none,0.733,,,,,,,,"192448 Long Island University (Brookville, NY) 0.73 | 196097 Stony Brook University (Stony Brook, NY) 0.67"
long-island-university-c-w-post-campus,Long Island University C W Post Campus,"Brookville, New York",review,0.763,,,,,,,,"192448 Long Island University (Brookville, NY) 0.76 | 196149 State University of New York at Cortland (Cortland, NY) 0.61"
louisiana-college,Louisiana College,"Pineville, Louisiana",review,0.773,,,,,,,,"158477 Centenary College of Louisiana (Shreveport, LA) 0.77 | 160472 LaSalle Tech (Houma, LA) 0.72 | 434061 South Louisiana Community College (Lafayette, LA) 0.68"
louisiana-delta-community-college-monroe-campus,Louisiana Delta Community College Monroe Campus,"Monroe, Louisiana",review,0.855,,,,,,,,"483212 Louisiana Delta Community College (Monroe, LA) 0.85 | 434061 South Louisiana Community College (Lafayette, LA) 0.72 | 158088 Central Louisiana Technical Community College (Alexandria, LA) 0.70"
lsu-health-new-orleans,LSU Health New Orleans,"New Orleans, Louisiana",none,0.651,,,,,,,,"435000 Louisiana State University Health Sciences Center-Shreveport (Shreveport, LA) 0.65 | 500449 New Orleans Culinary and Hospitality Institute (New Orleans, LA) 0.62"
luther-rice-university,Luther Rice University,"Lithonia, Georgia",review,0.769,,,,,,,,"140447 Mercer University (Macon, GA) 0.77 | 140252 Life University (Marietta, GA) 0.76 | 140696 Oglethorpe University (Atlanta, GA) 0.74"
lyme-academy-college-of-fine-arts,Lyme Academy College of Fine Arts,"Old Lyme, Connecticut",none,0.566,,,,,,,,
lyndon-state-college,Lyndon State College,"Lyndonville, Vermont",none,0.667,,,,,,,,"247649 Landmark College (Putney, VT) 0.67 | 231095 Sterling College (Craftsbury Common, VT) 0.61"
maccormac-college,MacCormac College,"Chicago, Illinois",none,0.71,,,,,,,,"147411 Morton College (Cicero, IL) 0.71 | 369455 Worsham College of Mortuary Science (Wheeling, IL) 0.69 | 147341 Monmouth College (Monmouth, IL) 0.67"
macmurray-college,MacMurray College,"Jacksonville, Illinois",none,0.71,,,,,,,,"144971 Eureka College (Eureka, IL) 0.71 | 149842 William Rainey Harper College (Palatine, IL) 0.71 | 147341 Monmouth College (Monmouth, IL) 0.67"
maharishi-university-of-management,Maharishi University of Management,"Fairfield, Iowa",none,0.645,,,,,,,,"153861 Maharishi International University (Fairfield, IA) 0.65 | 154004 Morningside University (Sioux City, IA) 0.64 | 154013 Mount Mercy University (Cedar Rapids, IA) 0.64"
maine-college-of-art,Maine College of Art,"Portland, Maine",review,0.859,,,,,,,,"161509 Maine College of Art & Design (Portland, ME) 0.86 | 490753 Maine Media College (Rockport, ME) 0.72 | 160977 Bates College (Lewiston, ME) 0.67"
manchester-community-college-ct,Manchester Community College,"Manchester, Connecticut",none,0.73,,,,,,,,"129367 Connecticut State Community College (New Britain, CT) 0.73 | 129774 Mitchell College (New London, CT) 0.64"
manchester-community-college-nh,Manchester Community College,"Manchester, New Hampshire",exact,1.0,183132,Manchester Community College,Manchester,NH,,,new-hampshire-institute-of-art,
mandl-the-college-of-allied-health,Mandl The College of Allied Health,"New York, New York",review,0.915,,,,,,,,"192688 Mandl School-The College of Allied Health (New York, NY) 0.92 | 188526 Albany College of Pharmacy and Health Sciences (Albany, NY) 0.64 | 414595 Pacific College of Health and Science (New York, NY) 0.63"
manhattan-college,Manhattan College,"Riverdale, New York",review,0.773,,,,,,,,"192864 Marymount Manhattan College (New York, NY) 0.77 | 191515 Hamilton College (Clinton, NY) 0.73 | 190637 CUNY Lehman College (Bronx, NY) 0.71"
manhattanville-college,Manhattanville College,"Purchase, New York",none,0.732,,,,,,,,"197142 Villa Maria College (Buffalo, NY) 0.73 | 192864 Marymount Manhattan College (New York, NY) 0.69 | 191621 Hilbert College (Hamburg, NY) 0.65"
mansfield-university-of-pennsylvania,Mansfield University of Pennsylvania,"Mansfield, Pennsylvania",review,0.821,,,,,,,,"215062 University of Pennsylvania (Philadelphia, PA) 0.82 | 211608 Cheyney University of Pennsylvania (Cheyney, PA) 0.81 | 213020 Indiana University of Pennsylvania-Main Campus (Indiana, PA) 0.81"
maple-springs-baptist-bible-college-and-seminary,Maple Springs Baptist Bible College and Seminary,"Capitol Heights, Maryland",none,0.521,,,,,,,,
marian-court-college,Marian Court College,"Swampscott, Massachusetts",none,0.727,,,,,,,,"165529 Curry College (Milton, MA) 0.73 | 166647 Massachusetts Bay Community College (Wellesley Hills, MA) 0.71 | 164492 Anna Maria College (Paxton, MA) 0.68"
marist-college,Marist College,"Poughkeepsie, New York",review,0.815,,,,,,,,"194569 Davis College (Pottersville, NY) 0.81 | 197133 Vassar College (Poughkeepsie, NY) 0.74 | 196291 SUNY Maritime College (Throggs Neck, NY) 0.74"
martin-methodist-college,Martin Methodist College,"Pulaski, Tennessee",none,0.684,,,,,,,,"221351 Rhodes College (Memphis, TN) 0.68 | 220710 Maryville College (Maryville, TN) 0.63 | 220598 Lane College (Jackson, TN) 0.61"
mary-baldwin-college,Mary Baldwin College,"Staunton, Virginia",none,0.683,,,,,,,,"233338 Richard Bland College (South Prince George, VA) 0.68 | 449922 Appalachian College of Pharmacy (Oakwood, VA) 0.67"
marygrove-college,Marygrove College,"Detroit, Michigan",none,0.69,,,,,,,,"170301 Hope College (Holland, MI) 0.69 | 250744 Dorsey College-Roseville (Roseville, MI) 0.68 | 170532 Kalamazoo College (Kalamazoo, MI) 0.65"
marylhurst-university,Marylhurst University,"Marylhurst, Oregon",none,0.683,,,,,,,,"209287 Multnomah University (Portland, OR) 0.68 | 209065 Linfield University (McMinnville, OR) 0.65 | 209542 Oregon State University (Corvallis, OR) 0.64"
marymount-college,Marymount California University,"Rancho Palos Verdes, California",review,0.833,,,,,,,,"480781 California Miramar University (San Diego, CA) 0.83 | 117946 Loyola Marymount University (Los Angeles, CA) 0.83 | 459736 Touro University California (Vallejo, CA) 0.83"
massachusetts-college-of-pharmacy-and-health-sciences,Massachusetts College of Pharmacy and Health Sciences,"Boston, Massachusetts",none,0.667,,,,,,,,"168281 Wheaton College (Massachusetts) (Norton, MA) 0.67 | 167288 Massachusetts College of Liberal Arts (North Adams, MA) 0.62 | 166674 Massachusetts College of Art and Design (Boston, MA) 0.62"
masters-college,The Master's College and Seminary,"Santa Clarita, California",none,0.714,,,,,,,,"122791 College of San Mateo (San Mateo, CA) 0.71 | 118347 College of Marin (Kentfield, CA) 0.68 | 117751 The Master's University and Seminary (Santa Clarita, CA) 0.67"
mccann-monroe-career-training,McCann School of Business &amp; Technology Monroe,"Monroe, Louisiana",none,0.521,,,,,,,,
mccann-school-of-business-and-technology,McCann School of Business and Technology,"Pottsville, Pennsylvania",review,0.761,,,,,,,,"216083 South Hills School of Business & Technology (State College, PA) 0.76 | 214892 Penn Commercial Business/Technical School (Washington, PA) 0.76 | 418409 York County School of Technology-Adult & Continuing Education (York, PA) 0.65"
mcnally-smith-college-of-music,McNally Smith College of Music,"Saint Paul, Minnesota",none,0.652,,,,,,,,"173902 Macalester College (Saint Paul, MN) 0.65 | 175041 Saint Paul College (Saint Paul, MN) 0.65"
medaille-college,Medaille College,"Buffalo, New York",review,0.811,,,,,,,,"190424 Weill Medical College of Cornell University (New York, NY) 0.81 | 197142 Villa Maria College (Buffalo, NY) 0.77 | 194569 Davis College (Pottersville, NY) 0.76"
medix-school-fortis-college,Medix School Fortis College,"Columbia, South Carolina",none,0.596,,,,,,,,
medtech-college-ft-wayne-campus,MedTech College Ft Wayne Campus,"Ft. Wayne, Indiana",none,0.576,,,,,,,,
medtech-college-greenwood-campus,MedTech College Greenwood Campus,"Greenwood, Indiana",none,0.552,,,,,,,,
medtech-college-lexington-campus,MedTech College Lexington Campus,"Lexington, Kentucky",none,0.578,,,,,,,,
medtech-college,MedTech College,"Indianapolis, Indiana",none,0.621,,,,,,,,"150668 Goshen College (Goshen, IN) 0.62 | 152673 Wabash College (Crawfordsville, IN) 0.62 | 150774 Holy Cross College (Notre Dame, IN) 0.61"
medvance-institute-baton-rouge,Medvance Institute Baton Rouge,"Baton Rouge, Louisiana",none,0.622,,,,,,,,"159513 Aveda Arts & Sciences Institute-Baton Rouge (Baton Rouge, LA) 0.62 | 490498 Digital Media Institute (Shreveport, LA) 0.60"
medvance-institute-fort-lauderdale,Medvance Institute Fort Lauderdale,"Lauderdale Lakes, Florida",none,0.627,,,,,,,,"445744 Fortis Institute-Port Saint Lucie (Port Saint Lucie, FL) 0.63"
medvance-institute-miami,Medvance Institute Miami,"Miami, Florida",none,0.682,,,,,,,,"500403 Miami Barber Institute (Miami, FL) 0.68 | 430582 Praxis Institute (Miami, FL) 0.63 | 483869 InterAmerican Technical Institute (Miami, FL) 0.63"
medvance-institute-west-palm,Medvance Institute West Palm,"Palm Springs, Florida",none,0.679,,,,,,,,"455831 Medical Institute of Palm Beach (Greenacres, FL) 0.68 | 481252 Ultrasound Medical Institute (Royal Palm Beach, FL) 0.64 | 483896 Parisian Spa Institute (Jacksonville, FL) 0.60"
memorial-hospital-school-of-nursing,Memorial Hospital School of Nursing,"Albany, New York",none,0.708,,,,,,,,"195289 Samaritan Hospital School of Nursing (Troy, NY) 0.71 | 192961 St. Peter's Hospital College of Nursing (Albany, NY) 0.70 | 486415 AMG School of Nursing (Brooklyn, NY) 0.68"
memphis-college-of-art,Memphis College of Art,"Memphis, Tennessee",review,0.75,,,,,,,,"219903 Concorde Career College-Memphis (Memphis, TN) 0.75 | 412599 Remington College-Memphis Campus (Memphis, TN) 0.71 | 368452 Nossi College of Art and Design (Nashville, TN) 0.70"
mercy-college,Mercy College,"Dobbs Ferry, New York",review,0.769,,,,,,,,"490346 Elyon College (Brooklyn, NY) 0.77 | 191612 Herkimer County Community College (Herkimer, NY) 0.76 | 192271 LIM College (New York, NY) 0.75"
mercyhurst-college,Mercyhurst College,"Erie, Pennsylvania",none,0.706,,,,,,,,"213303 Keystone College (La Plume, PA) 0.71 | 212869 Harcum College (Bryn Mawr, PA) 0.69 | 214883 Peirce College (Philadelphia, PA) 0.69"
mesabi-range-community-and-technical-college,Mesabi Range Community and Technical College,"Virginia, Minnesota",review,0.861,,,,,,,,"174570 Pine Technical & Community College (Pine City, MN) 0.86 | 173559 Minnesota State Community and Technical College (Fergus Falls, MN) 0.84 | 174756 St Cloud Technical and Community College (Saint Cloud, MN) 0.81"
mesivta-keser-torah,Mesivta Keser Torah,"Belmar, New Jersey",none,0.622,,,,,,,,"461847 Keser Torah-Mayan Hatalmud (Lakewood, NJ) 0.62"
messenger-college,Messenger College,"Joplin, Missouri",none,0.722,,,,,,,,"179946 Westminster College (Fulton, MO) 0.72 | 178208 Midwestern Baptist Theological Seminary (Kansas City, MO) 0.67 | 179548 Stephens College (Columbia, MO) 0.67"
messiah,Messiah College,"Grantham, Pennsylvania",none,0.714,,,,,,,,"213774 Manor College (Jenkintown, PA) 0.71 | 214148 Moore College of Art and Design (Philadelphia, PA) 0.71 | 212656 Geneva College (Beaver Falls, PA) 0.69"
methodist-college-of-nursing,Methodist College of Nursing,"Peoria, Illinois",review,0.84,,,,,,,,"147129 Methodist College (Peoria, IL) 0.84 | 146533 Lakeview College of Nursing (Danville, IL) 0.73 | 457527 Ambria College of Nursing (Hoffman Estates, IL) 0.64"
metro-business-college-arnold,Metro Business College Arnold,"Arnold, Missouri",none,0.612,,,,,,,,"178217 Mineral Area College (Park Hills, MO) 0.61"
metro-business-college-cape-girardeau,Metro Business College Cape Girardeau,"Cape Girardeau, Missouri",none,0.612,,,,,,,,"176798 Cape Girardeau Career and Technology Center (Cape Girardeau, MO) 0.61"
metro-business-college-jefferson-city,Metro Business College Jefferson City,"Jefferson City, Missouri",none,0.63,,,,,,,,"177676 Jefferson College (Hillsboro, MO) 0.63"
metro-business-college-rolla,Metro Business College Rolla,"Rolla, Missouri",none,0.583,,,,,,,,
metropolitan-career-center-computer-technology-institute,Metropolitan Career Center Computer Technology Institute,"Philadelphia, Pennsylvania",none,0.708,,,,,,,,"248633 Franklin County Career and Technology Center (Chambersburg, PA) 0.71 | 418454 Greater Johnstown Career and Technology Center (Johnstown, PA) 0.69 | 260363 Greene County Career and Technology Center (Waynesburg, PA) 0.68"
metropolitan-community-college-blue-river,Metropolitan Community College Blue River,"Independence, Missouri",none,0.747,,,,,,,,"177995 Metropolitan Community College-Kansas City (Kansas City, MO) 0.75 | 178448 Moberly Area Community College (Moberly, MO) 0.68 | 179539 State Fair Community College (Sedalia, MO) 0.64"
metropolitan-community-college-business-and-technology,Metropolitan Community College Business &amp; Technology,"Kansas City, Missouri",none,0.697,,,,,,,,"177995 Metropolitan Community College-Kansas City (Kansas City, MO) 0.70 | 178448 Moberly Area Community College (Moberly, MO) 0.62"
metropolitan-community-college-longview,Metropolitan Community College Longview,"Lees Summit, Missouri",review,0.79,,,,,,,,"177995 Metropolitan Community College-Kansas City (Kansas City, MO) 0.79 | 179539 State Fair Community College (Sedalia, MO) 0.66 | 179308 Saint Louis Community College (Bridgeton, MO) 0.65"
metropolitan-community-college-maple-woods,Metropolitan Community College Maple Woods,"Kansas City, Missouri",review,0.792,,,,,,,,"177995 Metropolitan Community College-Kansas City (Kansas City, MO) 0.79 | 179539 State Fair Community College (Sedalia, MO) 0.63"
metropolitan-community-college-penn-valley,Metropolitan Community College Penn Valley,"Kansas City, Missouri",none,0.744,,,,,,,,"177995 Metropolitan Community College-Kansas City (Kansas City, MO) 0.74 | 178448 Moberly Area Community College (Moberly, MO) 0.64 | 179539 State Fair Community College (Sedalia, MO) 0.63"
metropolitan-state-college-of-denver,Metropolitan State College of Denver,"Denver, Colorado",review,0.755,,,,,,,,"127565 Metropolitan State University of Denver (Denver, CO) 0.75 | 454856 Denver College of Nursing (Denver, CO) 0.68 | 126951 Lincoln College of Technology-Denver (Denver, CO) 0.67"
miami-ad-school-miami-beach,Miami Ad School Miami Beach,"Miami Beach, Florida",none,0.714,,,,,,,,"428000 Miami Ad School (Miami, FL) 0.71 | 480851 Miami Media School (Doral, FL) 0.71 | 451121 Paul Mitchell the School-Miami (Miami, FL) 0.60"
miami-jacobs-career-college-columbus,Miami Jacobs Career College Columbus,"Columbus, Ohio",none,0.728,,,,,,,,"202170 Columbus College of Art & Design (Columbus, OH) 0.73 | 202222 Columbus State Community College (Columbus, OH) 0.65 | 450058 Fortis College-Columbus (Westerville, OH) 0.64"
miami-jacobs-career-college-dayton,Miami Jacobs Career College Dayton,"Dayton, Ohio",none,0.691,,,,,,,,"202453 Dayton Barber College (Miamisburg, OH) 0.69 | 453792 Ohio Medical Career College (Dayton, OH) 0.65"
miami-jacobs-career-college-sharonville,Miami Jacobs Career College Sharonville,"Sharonville, Ohio",none,0.579,,,,,,,,
miami-jacobs-career-college-springboro,Miami Jacobs Career College Springboro,"Springboro, Ohio",none,0.585,,,,,,,,
miami-jacobs-career-college-troy,Miami Jacobs Career College Troy,"Troy, Ohio",none,0.644,,,,,,,,"453792 Ohio Medical Career College (Dayton, OH) 0.64"
miami-jacobs-career-college,Miami Jacobs Career College,"Independence, Ohio",none,0.667,,,,,,,,"453792 Ohio Medical Career College (Dayton, OH) 0.67 | 202170 Columbus College of Art & Design (Columbus, OH) 0.63 | 203942 Medina County Career Center (Medina, OH) 0.63"
miami-university,Miami University,"Oxford, Ohio",review,0.851,,,,,,,,"204024 Miami University-Oxford (Oxford, OH) 0.85 | 203775 Malone University (Canton, OH) 0.79 | 206048 Tiffin University (Tiffin, OH) 0.79"
michigan-jewish-institute,Michigan Jewish Institute,"W Bloomfield, Michigan",none,0.655,,,,,,,,"169655 Universal Technical Institute-Canton (Canton, MI) 0.65 | 172422 Michigan Career and Technical Institute (Plainwell, MI) 0.60"
mid-continent-university,Mid Continent University,"Mayfield, Kentucky",none,0.683,,,,,,,,"157377 Midway University (Midway, KY) 0.68 | 157100 Kentucky Christian University (Grayson, KY) 0.68 | 156727 Frontier Nursing University (Versailles, KY) 0.67"
mid-michigan-community-college,Mid Michigan Community College,"Harrison, Michigan",review,0.83,,,,,,,,"171155 Mid Michigan College (Harrison, MI) 0.83 | 170055 Grand Rapids Community College (Grand Rapids, MI) 0.80 | 170587 Kirtland Community College (Grayling, MI) 0.79"
mid-south-community-college,Mid South Community College,"West Memphis, Arkansas",none,0.69,,,,,,,,"106883 East Arkansas Community College (Forrest City, AR) 0.69 | 107619 Phillips Community College of the University of Arkansas (Helena, AR) 0.67 | 367459 NorthWest Arkansas Community College (Bentonville, AR) 0.67"
middlesex-community-college-ct,Middlesex Community College,"Middletown, Connecticut",none,0.645,,,,,,,,"129367 Connecticut State Community College (New Britain, CT) 0.65"
middlesex-county-college,Middlesex County College,"Edison, New Jersey",review,0.864,,,,,,,,"184481 Essex County College (Newark, NJ) 0.86 | 185536 Middlesex College (Edison, NJ) 0.86 | 184180 County College of Morris (Randolph, NJ) 0.80"
midstate-college,Midstate College,"Peoria, Illinois",review,0.757,,,,,,,,"147129 Methodist College (Peoria, IL) 0.76 | 148007 Prairie State College (Chicago Heights, IL) 0.76 | 144865 College of DuPage (Glen Ellyn, IL) 0.73"
midwestern-university,Midwestern University,"Downers Grove, Illinois / Glendale, Arizona",review,0.824,,,,,,,,"423643 Midwestern University-Glendale (Glendale, AZ) 0.82 | 498623 Justice University (Chandler, AZ) 0.72 | 461023 Crestpoint University (Phoenix, AZ) 0.71"
miller-motte-college-cary,Miller Motte College Cary,"Cary, North Carolina",review,0.889,,,,,,,,"198978 Miller-Motte College-Wilmington (Wilmington, NC) 0.89 | 456205 Miller-Motte College-Raleigh (Raleigh, NC) 0.75 | 458405 Miller-Motte College-Fayetteville (Fayetteville, NC) 0.69"
miller-motte-college-greenville,Miller Motte College Greenville,"Greenville, North Carolina",review,0.875,,,,,,,,"458405 Miller-Motte College-Fayetteville (Fayetteville, NC) 0.88 | 460817 Miller-Motte College-Jacksonville (Jacksonville, NC) 0.84 | 198978 Miller-Motte College-Wilmington (Wilmington, NC) 0.78"
miller-motte-college-wilmington,Miller Motte College Wilmington,"Wilmington, North Carolina",exact,1.0,198978,Miller-Motte College-Wilmington,Wilmington,NC,,,miller-motte-college,
miller-motte-college,Miller Motte College,"Jacksonville, North Carolina",alias,1.0,198978,Miller-Motte College-Wilmington,Wilmington,NC,,,miller-motte-college-wilmington,
miller-motte-technical-college-chattanooga,Miller Motte Technical College Chattanooga,"Chattanooga, Tennessee",review,0.895,,,,,,,,"443650 Miller-Motte College-Chattanooga (Chattanooga, TN) 0.89 | 220118 Chattanooga College Medical Dental and & Technical Careers (Chattanooga, TN) 0.75 | 219824 Chattanooga State Community College (Chattanooga, TN) 0.71"
miller-motte-technical-college-clarksville,Miller Motte Technical College Clarksville,"Clarksville, Tennessee",none,0.622,,,,,,,,"443650 Miller-Motte College-Chattanooga (Chattanooga, TN) 0.62"
miller-motte-technical-college-columbus,Miller Motte Technical College Columbus,"Columbus, Georgia",review,0.883,,,,,,,,"458441 Miller-Motte College-Columbus (Columbus, GA) 0.88 | 139357 Columbus Technical College (Columbus, GA) 0.83 | 475060 Miller-Motte College-Macon (Macon, GA) 0.71"
miller-motte-technical-college-ga,Miller Motte Technical College,"Augusta, Georgia",review,0.786,,,,,,,,"140012 Gwinnett Technical College (Lawrenceville, GA) 0.79 | 140243 Lanier Technical College (Gainesville, GA) 0.78 | 420431 Oconee Fall Line Technical College (Sandersville, GA) 0.75"
miller-motte-technical-college-gulfport,Miller Motte Technical College Gulfport,"Gulfport, Mississippi",none,0.622,,,,,,,,"447023 Delta Technical College-Mississippi (Horn Lake, MS) 0.62"
miller-motte-technical-college-lynchburg,Miller Motte Technical College Lynchburg,"Lynchburg, Virginia",none,0.557,,,,,,,,
miller-motte-technical-college-macon,Miller Motte Technical College Macon,"Macon, Georgia",review,0.869,,,,,,,,"475060 Miller-Motte College-Macon (Macon, GA) 0.87 | 140243 Lanier Technical College (Gainesville, GA) 0.77 | 140012 Gwinnett Technical College (Lawrenceville, GA) 0.71"
miller-motte-technical-college-madison,Miller Motte Technical College Madison,"Madison, Tennessee",none,0.647,,,,,,,,"444468 Lawrenceburg Technical College (Lawrenceburg, TN) 0.65 | 221148 Lincoln College of Technology-Nashville (Nashville, TN) 0.62 | 221908 Northeast State Community College (Blountville, TN) 0.62"
miller-motte-technical-college-north-charleston,Miller Motte Technical College North Charleston,"Charleston, South Carolina",review,0.825,,,,,,,,"441025 Miller-Motte College-Charleston (Charleston, SC) 0.82 | 218520 Piedmont Technical College (Greenwood, SC) 0.63 | 218353 Midlands Technical College (West Columbia, SC) 0.60"
miller-motte-technical-college-sc,Miller Motte Technical College,"Conway, South Carolina",review,0.821,,,,,,,,"218520 Piedmont Technical College (Greenwood, SC) 0.82 | 218113 Greenville Technical College (Greenville, SC) 0.76 | 218353 Midlands Technical College (West Columbia, SC) 0.75"
milligan-college,Milligan College,"Milligan College, Tennessee",review,0.786,,,,,,,,"220598 Lane College (Jackson, TN) 0.79 | 220710 Maryville College (Maryville, TN) 0.73 | 221096 Motlow State Community College (Tullahoma, TN) 0.67"
mills-college,Mills College,"Oakland, California",review,0.833,,,,,,,,"118198 MTI College (Sacramento, CA) 0.83 | 118930 Mission College (Santa Clara, CA) 0.79 | 118347 College of Marin (Kentfield, CA) 0.77"
minneapolis-business-college,Minneapolis Business College,"Roseville, Minnesota",none,0.69,,,,,,,,"174127 Minneapolis College of Art and Design (Minneapolis, MN) 0.69"
minnesota-state-college-southeast-technical,Minnesota State College Southeast Technical,"Winona, Minnesota",review,0.898,,,,,,,,"175263 Minnesota State College Southeast (Winona, MN) 0.90 | 173559 Minnesota State Community and Technical College (Fergus Falls, MN) 0.77 | 175078 Southwest Minnesota State University (Marshall, MN) 0.68"
missouri-tech,Missouri Tech,"Saint Charles, Missouri",none,0.72,,,,,,,,"177977 State Technical College of Missouri (Linn, MO) 0.72 | 178341 Missouri Southern State University (Joplin, MO) 0.69 | 482097 Midwest Technical Institute-Missouri (Springfield, MO) 0.67"
mitchell-technical-institute,Mitchell Technical Institute,"Mitchell, South Dakota",review,0.771,,,,,,,,"219189 Mitchell Technical College (Mitchell, SD) 0.77 | 493363 Institute of Lutheran Theology (Brookings, SD) 0.62"
mohawk-valley-community-college-utica-branch,Mohawk Valley Community College Utica Branch,"Utica, New York",review,0.857,,,,,,,,"193283 Mohawk Valley Community College (Utica, NY) 0.86 | 191719 Hudson Valley Community College (Troy, NY) 0.69 | 190521 CUNY Borough of Manhattan Community College (New York, NY) 0.68"
molloy-college,Molloy College,"Rockville Centre, New York",none,0.741,,,,,,,,"197230 Wells College (Aurora, NY) 0.74 | 192323 Le Moyne College (Syracuse, NY) 0.73 | 192271 LIM College (New York, NY) 0.72"
monroe-college-main-campus,Monroe College Main Campus,"Bronx, New York",none,0.68,,,,,,,,"193326 Monroe Community College (Rochester, NY) 0.68 | 195243 St. Thomas Aquinas College (Sparkill, NY) 0.63 | 192323 Le Moyne College (Syracuse, NY) 0.62"
monroe-college-new-rochelle,Monroe College New Rochelle,"New Rochelle, New York",none,0.652,,,,,,,,"494551 IE New York College (New York, NY) 0.65 | 193830 New York Medical College (Valhalla, NY) 0.63 | 482413 DeVry College of New York (New York, NY) 0.61"
montana-tech-college-of-technology,Montana Tech College of Technology,"Butte, Montana",none,0.734,,,,,,,,"180081 Highlands College of Montana Tech (Butte, MT) 0.73 | 180416 Montana Technological University (Butte, MT) 0.62"
montana-tech-of-the-university-of-montana,Montana Tech of the University of Montana,"Butte, Montana",review,0.854,,,,,,,,"180416 Montana Technological University (Butte, MT) 0.85 | 180461 Montana State University (Bozeman, MT) 0.77 | 180522 Montana State University-Northern (Havre, MT) 0.72"
montgomery-county-community-college-central-campus,Montgomery County Community College Central Campus,"Blue Bell, Pennsylvania",review,0.854,,,,,,,,"214111 Montgomery County Community College (Blue Bell, PA) 0.85 | 214379 Northampton County Area Community College (Bethlehem, PA) 0.70 | 211079 Community College of Beaver County (Monaca, PA) 0.69"
montgomery-county-community-college-west-campus,Montgomery County Community College West Campus,"Pottstown, Pennsylvania",review,0.854,,,,,,,,"214111 Montgomery County Community College (Blue Bell, PA) 0.85 | 213659 Luzerne County Community College (Nanticoke, PA) 0.71 | 211307 Bucks County Community College (Newtown, PA) 0.70"
morningside-college,Morningside College,"Sioux City, Iowa",none,0.706,,,,,,,,"153162 Cornell College (Mount Vernon, IA) 0.71 | 153825 Loras College (Dubuque, IA) 0.69 | 153384 Grinnell College (Grinnell, IA) 0.69"
moultrie-technical-college,Moultrie Technical College,"Moultrie, Georgia",review,0.84,,,,,,,,"140243 Lanier Technical College (Gainesville, GA) 0.84 | 368911 Southeastern Technical College (Vidalia, GA) 0.79 | 139357 Columbus Technical College (Columbus, GA) 0.77"
mount-marty-college,Mount Marty College,"Yankton, South Dakota",none,0.6,,,,,,,,"219277 Oglala Lakota College (Kyle, SD) 0.60"
mount-mary-college,Mount Mary College,"Milwaukee, Wisconsin",review,0.848,,,,,,,,"239390 Mount Mary University (Milwaukee, WI) 0.85 | 239071 Maranatha Baptist University (Watertown, WI) 0.74 | 238263 Madison Area Technical College (Madison, WI) 0.73"
mount-olive-college,Mount Olive College,"Mount Olive, North Carolina",none,0.743,,,,,,,,"199032 Montreat College (Montreat, NC) 0.74 | 198367 Craven Community College (New Bern, NC) 0.70 | 198817 Lenoir Community College (Kinston, NC) 0.70"
mount-st-marys-college,Mount St. Mary's College,"Los Angeles, California",none,0.702,,,,,,,,"123554 Saint Mary's College of California (Moraga, CA) 0.70 | 122791 College of San Mateo (San Mateo, CA) 0.70 | 119173 Mount Saint Mary's University (Los Angeles, CA) 0.68"
mountain-state-college,Mountain State College,"Parkersburg, West Virginia",review,0.818,,,,,,,,"237367 Fairmont State University (Fairmont, WV) 0.82 | 448275 Mountain State School of Massage (Charleston, WV) 0.67 | 476230 Ross College-Morgantown (Morgantown, WV) 0.67"
mt-sierra-college,Mt Sierra College,"Monrovia, California",review,0.824,,,,,,,,"123341 Sierra College (Rocklin, CA) 0.82 | 497046 Madera Community College (Madera, CA) 0.73 | 119164 Mt San Antonio College (Walnut, CA) 0.71"
national-american-university-albuquerque,National American University Albuquerque,"Albuequerque, New Mexico",none,0.618,,,,,,,,"187958 University of New Mexico-Gallup Campus (Gallup, NM) 0.62 | 187648 Eastern New Mexico University-Main Campus (Portales, NM) 0.61"
national-american-university-austin,National American University Austin,"Austin, Texas",review,0.785,,,,,,,,"445133 American InterContinental University-Houston (Houston, TX) 0.78 | 444398 Baptist University of the Americas (San Antonio, TX) 0.71 | 461795 North American University (Stafford, TX) 0.70"
national-american-university-bloomington,National American University Bloomington,"Bloomington, Minnesota",none,0.615,,,,,,,,"486284 Bethany Global University (Bloomington, MN) 0.61 | 174020 Metropolitan State University (Saint Paul, MN) 0.61 | 174154 Herzing University-Minneapolis (St. Louis Park, MN) 0.60"
national-american-university-brooklyn-center,National American University Brooklyn Center,"Brooklyn Center, Minnesota",none,0.571,,,,,,,,
national-american-university-centennial,National American University Centennial,"Centennial, Colorado",none,0.559,,,,,,,,
national-american-university-colorado-springs-south,National American University Colorado Springs South,"Colorado Springs, Colorado",none,0.697,,,,,,,,"126580 University of Colorado Colorado Springs (Colorado Springs, CO) 0.70 | 127741 University of Northern Colorado (Greeley, CO) 0.66 | 459295 The Salon Professional Academy-Colorado Springs (Colorado Springs, CO) 0.65"
national-american-university-colorado-springs,National American University Colorado Springs,"Colorado Springs, Colorado",none,0.746,,,,,,,,"126580 University of Colorado Colorado Springs (Colorado Springs, CO) 0.75 | 126827 Colorado Technical University-Colorado Springs (Colorado Springs, CO) 0.67 | 476975 Colorado State University Global (Denver, CO) 0.65"
national-american-university-denver,National American University Denver,"Denver, Colorado",none,0.684,,,,,,,,"127060 University of Denver (Denver, CO) 0.68 | 126562 University of Colorado Denver/Anschutz Medical Campus (Denver, CO) 0.65 | 127565 Metropolitan State University of Denver (Denver, CO) 0.62"
national-american-university-ellsworth-afb-extension,National American University Ellsworth AFB Extension,"Ellsworth AFB, South Dakota",none,0.659,,,,,,,,"219204 National American University-Rapid City (Rapid City, SD) 0.66"
national-american-university-independence,National American University Independence,"Independence, Missouri",none,0.608,,,,,,,,"178411 Missouri University of Science and Technology (Rolla, MO) 0.61"
national-american-university-lees-summit,National American University Lee's Summit,"Lee Summit, Missouri",none,0.556,,,,,,,,
national-american-university-overland-park,National American University Overland Park,"Overland Park, Kansas",review,0.77,,,,,,,,"155636 Ottawa University-Kansas City (Overland Park, KS) 0.77 | 155520 MidAmerica Nazarene University (Olathe, KS) 0.64 | 155140 Haskell Indian Nations University (Lawrence, KS) 0.61"
national-american-university-rio-rancho,National American University Rio Rancho,"Rio Rancho, New Mexico",none,0.585,,,,,,,,
national-american-university-roseville,National American University Roseville,"Roseville, Minnesota",none,0.627,,,,,,,,"174020 Metropolitan State University (Saint Paul, MN) 0.63 | 173920 Minnesota State University-Mankato (Mankato, MN) 0.61"
national-american-university-sioux-falls,National American University Sioux Falls,"Sioux Falls, South Dakota",review,0.785,,,,,,,,"219204 National American University-Rapid City (Rapid City, SD) 0.78 | 219383 University of Sioux Falls (Sioux Falls, SD) 0.74"
national-american-university-tulsa,National American University Tulsa,"Tulsa, Oklahoma",none,0.67,,,,,,,,"207971 University of Tulsa (Tulsa, OK) 0.67 | 206914 Cameron University (Lawton, OK) 0.65 | 207157 Randall University (Moore, OK) 0.65"
national-american-university-wichita,National American University Wichita,"Wichita, Kansas",none,0.73,,,,,,,,"156125 Wichita State University (Wichita, KS) 0.73 | 155140 Haskell Indian Nations University (Lawrence, KS) 0.67 | 155520 MidAmerica Nazarene University (Olathe, KS) 0.67"
national-american-university-zona-rosa,National American University Zona Rosa,"Kansas City, Missouri",none,0.609,,,,,,,,"466921 Chamberlain University-Missouri (St. Louis, MO) 0.61 | 177542 Hannibal-LaGrange University (Hannibal, MO) 0.61"
national-college-cincinnati,National College Cincinnati,"Cincinnati, Ohio",review,0.838,,,,,,,,"450067 Fortis College-Cincinnati (Cincinnati, OH) 0.84 | 452373 ATA College-Cincinnati (Cincinnati, OH) 0.76 | 204334 National Beauty College (Canton, OH) 0.76"
national-college-columbus,National College Columbus,"Columbus, Ohio",review,0.792,,,,,,,,"450058 Fortis College-Columbus (Westerville, OH) 0.79 | 202222 Columbus State Community College (Columbus, OH) 0.73 | 202170 Columbus College of Art & Design (Columbus, OH) 0.72"
national-college-dayton,National College Dayton,"Kettering, Ohio",none,0.696,,,,,,,,"204334 National Beauty College (Canton, OH) 0.70 | 203881 Marion Technical College (Marion, OH) 0.68 | 204884 East Ohio College (East Liverpool, OH) 0.65"
national-college-lexington,National College Lexington,"Lexington, Kentucky",none,0.601,,,,,,,,"156967 Summit Salon Academy-Lexington (Lexington, KY) 0.60 | 157207 Lexington Theological Seminary (Lexington, KY) 0.60"
national-college-of-business-and-technology-nashville,National College of Business and Technology Nashville,"Nashville, Tennessee",none,0.713,,,,,,,,"221148 Lincoln College of Technology-Nashville (Nashville, TN) 0.71 | 446525 SAE Institute of Technology-Nashville (Nashville, TN) 0.71 | 248925 Tennessee College of Applied Technology Nashville (Nashville, TN) 0.70"
national-college-salem,National College Salem,"Salem, Virginia",none,0.627,,,,,,,,"233301 Randolph College (Lynchburg, VA) 0.63 | 233426 Roanoke College (Salem, VA) 0.62 | 232450 Brightpoint Community College (Chester, VA) 0.60"
national-college-stow,National College Stow,"Stow, Ohio",none,0.727,,,,,,,,"204334 National Beauty College (Canton, OH) 0.73 | 202435 Davis College (Toledo, OH) 0.65 | 206011 Terra State Community College (Fremont, OH) 0.64"
national-college-willoughby-hills,National College Willoughby Hills,"Willoughby Hills, Ohio",none,0.571,,,,,,,,
national-college-youngstown,National College Youngstown,"Youngstown, Ohio",none,0.64,,,,,,,,"204334 National Beauty College (Canton, OH) 0.64 | 204945 Owens Community College (Perrysburg, OH) 0.60"
national-paralegal-college,National Paralegal College,"Phoenix, Arizona",none,0.606,,,,,,,,"364016 Paradise Valley Community College (Phoenix, AZ) 0.61"
national-park-community-college,National Park Community College,"Hot Springs, Arkansas",review,0.838,,,,,,,,"106980 National Park College (Hot Springs, AR) 0.84 | 107619 Phillips Community College of the University of Arkansas (Helena, AR) 0.66 | 106883 East Arkansas Community College (Forrest City, AR) 0.65"
naugatuck-valley-community-college,Naugatuck Valley Community College,"Waterbury, Connecticut",none,0.667,,,,,,,,"129367 Connecticut State Community College (New Britain, CT) 0.67"
navajo-technical-college,Navajo Technical College,"Crownpoint, New Mexico",review,0.83,,,,,,,,"187596 Navajo Technical University (Crownpoint, NM) 0.83 | 187967 New Mexico Institute of Mining and Technology (Socorro, NM) 0.64"
nazareth-college,Nazareth College,"Rochester, New York",review,0.759,,,,,,,,"194499 Plaza College (Forest Hills, NY) 0.76 | 197133 Vassar College (Poughkeepsie, NY) 0.73 | 195474 Siena College (Loudonville, NY) 0.69"
nebraska-christian-college,Nebraska Christian College,"Papillion, Nebraska",review,0.76,,,,,,,,"181543 Summit Christian College (Gering, NE) 0.76 | 181765 Nebraska College of Technical Agriculture (Curtis, NE) 0.62 | 181297 Nebraska Methodist College of Nursing & Allied Health (Omaha, NE) 0.62"
nevada-state-college,Nevada State College,"Henderson, Nevada",review,0.857,,,,,,,,"182564 Western Nevada College (Carson City, NV) 0.86 | 182005 College of Southern Nevada (Las Vegas, NV) 0.84 | 181941 Career College of Northern Nevada (Sparks, NV) 0.68"
new-england-school-of-communications,New England School of Communications,"Bangor, Maine",none,0.537,,,,,,,,
new-hampshire-institute-of-art,New Hampshire Institute of Art,"Manchester, New Hampshire",fuzzy,0.95,183132,Manchester Community College,Manchester,NH,,,manchester-community-college-nh,
new-hope-christian-college-hi,New Hope Christian College,"Honolulu, Hawaii",none,0.471,,,,,,,,
new-hope-christian-college-or,New Hope Christian College,"Eugene, Oregon",review,0.911,,,,,,,,"208725 New Hope Christian College-Eugene (Eugene, OR) 0.91 | 246035 Carrington College-Portland (Portland, OR) 0.60"
new-life-theological-seminary,New Life Theological Seminary,"Charlotte, North Carolina",review,0.778,,,,,,,,"443076 Hood Theological Seminary (Salisbury, NC) 0.78 | 444778 Charlotte Christian College and Theological Seminary (Charlotte, NC) 0.71 | 461485 Shepherds Theological Seminary (Cary, NC) 0.68"
new-mexico-state-university-carlsbad,New Mexico State University Carlsbad,"Carlsbad, New Mexico",review,0.861,,,,,,,,"187620 New Mexico State University-Dona Ana (Las Cruces, NM) 0.86 | 188021 New Mexico State University-Grants (Grants, NM) 0.86 | 188030 New Mexico State University-Main Campus (Las Cruces, NM) 0.86"
new-york-career-institute,New York Career Institute,"New York, New York",review,0.807,,,,,,,,"476610 Barber & Beauty Institute of New York (Hempstead, NY) 0.81 | 481243 New York Institute of Beauty (Islandia, NY) 0.80 | 439783 New York College of Traditional Chinese Medicine (Mineola, NY) 0.73"
newu-university,NewU University,"Washington, District Of Columbia",none,0.0,,,,,,,,
north-american-college,North American College,"Houston, Texas",review,0.783,,,,,,,,"431284 Graduate America College (Garland, TX) 0.78 | 429085 American College of Acupuncture and Oriental Med (Houston, TX) 0.66 | 440989 Texas Barber College (Houston, TX) 0.65"
north-carolina-wesleyan-college,North Carolina Wesleyan College,"Rocky Mount, North Carolina",none,0.738,,,,,,,,"199209 North Carolina Wesleyan University (Rocky Mount, NC) 0.74 | 433174 Carolinas College of Health Sciences (Charlotte, NC) 0.69 | 199139 University of North Carolina at Charlotte (Charlotte, NC) 0.67"
north-central-kansas-technical-college,North Central Kansas Technical College,"Beloit, Kansas",review,0.819,,,,,,,,"155593 Fort Hays Tech North Central (Beloit, KS) 0.82 | 155830 Salina Area Technical College (Salina, KS) 0.72 | 155487 Manhattan Area Technical College (Manhattan, KS) 0.71"
north-florida-community-college,North Florida Community College,"Madison, Florida",review,0.838,,,,,,,,"136145 North Florida College (Madison, FL) 0.84 | 134495 Hillsborough Community College (Tampa, FL) 0.75 | 134079 Florida Southern College (Lakeland, FL) 0.69"
north-florida,University of North Florida,"Jacksonville, Florida",exact,1.0,136172,University of North Florida,Jacksonville,FL,,,northwood-university-florida,
northeast-louisiana-technical-college-delta-ouachita-campus,Northeast Louisiana Technical College Delta Ouachita Campus,"West Monroe, Louisiana",none,0.717,,,,,,,,"160010 Northwest Louisiana Technical Community College (Minden, LA) 0.72 | 483355 Delta College of Arts & Technology-Lafayette Campus (Lafayette, LA) 0.63 | 158088 Central Louisiana Technical Community College (Alexandria, LA) 0.62"
northern-marianas-college,Northern Marianas College,"Saipan, Northern Marianas",none,0.0,,,,,,,,
northland-international-university,Northland International University,"Dunbar, Wisconsin",none,0.604,,,,,,,,"238980 Lakeland University (Plymouth, WI) 0.60 | 239071 Maranatha Baptist University (Watertown, WI) 0.60 | 459842 Herzing University-Kenosha (Kenosha, WI) 0.60"
northwest-christian-university,Northwest Christian University,"Eugene, Oregon",none,0.655,,,,,,,,"208646 Eastern Oregon University (La Grande, OR) 0.65 | 210146 Southern Oregon University (Ashland, OR) 0.64 | 209542 Oregon State University (Corvallis, OR) 0.64"
northwest-college-of-art,Northwest College of Art,"Poulsbo, Washington",review,0.857,,,,,,,,"377546 Northwest College of Art & Design (Tacoma, WA) 0.86 | 380377 Northwest Indian College (Bellingham, WA) 0.76 | 235024 Cornish College of the Arts (Seattle, WA) 0.73"
northwest-kansas-technical-college,Northwest Kansas Technical College,"Goodland, Kansas",none,0.746,,,,,,,,"155618 Fort Hays State University-Northwest Kansas Technical College (Goodland, KS) 0.75 | 155487 Manhattan Area Technical College (Manhattan, KS) 0.67 | 155830 Salina Area Technical College (Salina, KS) 0.67"
northwest-louisiana-technical-college,Northwest Louisiana Technical College,"Minden, Louisiana",review,0.911,,,,,,,,"160010 Northwest Louisiana Technical Community College (Minden, LA) 0.91 | 160667 Northshore Technical Community College (Lacombe, LA) 0.75 | 160579 SOWELA Technical Community College (Lake Charles, LA) 0.70"
northwest-shoals-community-college-muscle-shoals,Northwest Shoals Community College Muscle Shoals,"Muscle Shoals, Alabama",review,0.859,,,,,,,,"101736 Northwest Shoals Community College (Muscle Shoals, AL) 0.86 | 101897 Northeast Alabama Community College (Rainsville, AL) 0.65 | 101602 Lurleen B Wallace Community College (Andalusia, AL) 0.63"
northwest-technical-institute,Northwest Technical Institute,"Eagan, Minnesota",review,0.75,,,,,,,,"173115 Northwest Technical College (Bemidji, MN) 0.75"
northwestern-college-mn,Northwestern College,"Saint Paul, Minnesota",review,0.809,,,,,,,,"173115 Northwest Technical College (Bemidji, MN) 0.81 | 174491 University of Northwestern-St Paul (Saint Paul, MN) 0.78 | 173902 Macalester College (Saint Paul, MN) 0.71"
northwestern-connecticut-community-college,Northwestern Connecticut Community College,"Winsted, Connecticut",review,0.857,,,,,,,,"129367 Connecticut State Community College (New Britain, CT) 0.86 | 128902 Connecticut College (New London, CT) 0.62"
northwood-university-florida,Northwood University Florida,"West Palm Beach, Florida",fuzzy,0.923,136172,University of North Florida,Jacksonville,FL,,,north-florida,
northwood-university-michigan,Northwood University Michigan,"Midland, Michigan",review,0.877,,,,,,,,"171456 Northern Michigan University (Marquette, MI) 0.88 | 171492 Northwood University (Midland, MI) 0.85 | 170976 University of Michigan-Ann Arbor (Ann Arbor, MI) 0.79"
northwood-university-texas,Northwood University Texas,"Cedar Hill, Texas",review,0.917,,,,,,,,"227216 University of North Texas (Denton, TX) 0.92 | 224004 Concordia University Texas (Austin, TX) 0.81 | 484905 University of North Texas at Dallas (Dallas, TX) 0.80"
norwalk-community-college,Norwalk Community College,"Norwalk, Connecticut",none,0.667,,,,,,,,"129367 Connecticut State Community College (New Britain, CT) 0.67 | 130590 Trinity College (Hartford, CT) 0.60"
nossi-college-of-art,Nossi College of Art,"Madison, Tennessee",review,0.829,,,,,,,,"368452 Nossi College of Art and Design (Nashville, TN) 0.83 | 483744 Vibe Barber College (Memphis, TN) 0.67 | 490267 Master's Barber & Styling College (Old Hickory, TN) 0.65"
oak-point-university,Oak Point University,"Oak Brook, Illinois",none,0.739,,,,,,,,"148885 University of Saint Mary of the Lake (Mundelein, IL) 0.74 | 148584 University of St Francis (Joliet, IL) 0.73 | 147244 Millikin University (Decatur, IL) 0.72"
oakton-community-college,Oakton Community College,"Des Plaines, Illinois",review,0.88,,,,,,,,"149365 South Suburban College (South Holland, IL) 0.88 | 149727 Waubonsee Community College (Sugar Grove, IL) 0.82 | 384342 Heartland Community College (Normal, IL) 0.82"
ohio-business-college-columbus,Ohio Business College Columbus,"Columbus, Ohio",none,0.717,,,,,,,,"450058 Fortis College-Columbus (Westerville, OH) 0.72 | 203739 Ohio Business College-Sandusky (Sandusky, OH) 0.70 | 202170 Columbus College of Art & Design (Columbus, OH) 0.70"
ohio-college-of-massotherapy-inc,Ohio College of Massotherapy Inc,"Akron, Ohio",none,0.723,,,,,,,,"203960 Mercy College of Ohio (Toledo, OH) 0.72 | 204884 East Ohio College (East Liverpool, OH) 0.70 | 205391 The Modern College of Design (Kettering, OH) 0.60"
ohio-mid-western-college,Ohio Mid Western College,"Cincinnati, Ohio",none,0.718,,,,,,,,"206589 The College of Wooster (Wooster, OH) 0.72 | 204608 Ohio Technical College (Cleveland, OH) 0.70 | 203960 Mercy College of Ohio (Toledo, OH) 0.67"
ohio-valley-college-of-technology,Ohio Valley College of Technology,"East Liverpool, Ohio",review,0.769,,,,,,,,"204608 Ohio Technical College (Cleveland, OH) 0.77 | 204158 Miami Valley Career Technology Center (Englewood, OH) 0.69 | 201672 Central Ohio Technical College (Newark, OH) 0.67"
ohio-valley-university,Ohio Valley University,"Vienna, West Virginia",none,0.65,,,,,,,,"237330 Concord University (Athens, WV) 0.65 | 237932 West Liberty University (West Liberty, WV) 0.62 | 238032 West Virginia University (Morgantown, WV) 0.61"
ohlone-community-college,Ohlone Community College,"Fremont, California",review,0.875,,,,,,,,"123563 Solano Community College (Fairfield, CA) 0.88 | 115001 Glendale Community College (Glendale, CA) 0.84 | 455512 Woodland Community College (Woodland, CA) 0.84"
okefenokee-technical-college,Okefenokee Technical College,"Waycross, Georgia",review,0.852,,,,,,,,"366465 Ogeechee Technical College (Statesboro, GA) 0.85 | 368911 Southeastern Technical College (Vidalia, GA) 0.76 | 140243 Lanier Technical College (Gainesville, GA) 0.73"
olean-business-institute,Olean Business Institute,"Olean, New York",review,0.815,,,,,,,,"192509 Long Island Business Institute (Flushing, NY) 0.81 | 191728 Hunter Business School (Levittown, NY) 0.65 | 191126 Fashion Institute of Technology (New York, NY) 0.62"
olivet-college,Olivet College,"Olivet, Michigan",review,0.769,,,,,,,,"170301 Hope College (Holland, MI) 0.77 | 169521 Delta College (University Center, MI) 0.74 | 169761 Dorsey College (Madison Heights, MI) 0.71"
omore,O'More College of Design,"Franklin, Tennessee",none,0.714,,,,,,,,"220604 Le Moyne-Owen College (Memphis, TN) 0.71 | 368452 Nossi College of Art and Design (Nashville, TN) 0.71 | 221096 Motlow State Community College (Tullahoma, TN) 0.63"
oregon-college-of-art-and-craft,Oregon College of Art and Craft,"Portland, Oregon",none,0.741,,,,,,,,"423652 Oregon Coast Community College (Newport, OR) 0.74 | 208318 Central Oregon Community College (Bend, OR) 0.68 | 208637 East West College of the Healing Arts (Portland, OR) 0.66"
ottawa-university-phoenix,Ottawa University Phoenix,"Phoenix, Arizona",review,0.854,,,,,,,,"484613 University of Phoenix-Arizona (Phoenix, AZ) 0.85 | 482422 DeVry University-Arizona (Phoenix, AZ) 0.81 | 464226 Ottawa University-Surprise (Surprise, AZ) 0.78"
our-lady-of-holy-cross-college,Our Lady of Holy Cross College,"New Orleans, Louisiana",none,0.645,,,,,,,,"158662 Delgado Community College (New Orleans, LA) 0.65"
our-lady-of-the-lake-college,Our Lady of the Lake College,"Baton Rouge, Louisiana",none,0.583,,,,,,,,
our-lady-of-the-lake-university-san-antonio,Our Lady of the Lake University San Antonio,"San Antonio, Texas",review,0.83,,,,,,,,"227331 Our Lady of the Lake University (San Antonio, TX) 0.83 | 229027 The University of Texas at San Antonio (San Antonio, TX) 0.72 | 459949 Texas A&M University-San Antonio (San Antonio, TX) 0.71"
pace-university-new-york,Pace University New York,"New York, New York",review,0.914,,,,,,,,"193900 New York University (New York, NY) 0.91 | 194310 Pace University (New York, NY) 0.80 | 196194 State University of New York at Oswego (Oswego, NY) 0.79"
pacific-college-of-oriental-medicine-chicago,Pacific College of Health and Science Chicago,"Chicago, Illinois",review,0.912,,,,,,,,"442842 Pacific College of Health and Science (Chicago, IL) 0.91 | 439455 MDT College of Health Sciences (Chicago, IL) 0.74 | 143297 Blessing Rieman College of Nursing and Health Sciences (Quincy, IL) 0.64"
pacific-college-of-oriental-medicine-llc-san-diego,Pacific College of Health and Science San Diego,"San Diego, California",review,0.887,,,,,,,,"378576 Pacific College of Health and Science (San Diego, CA) 0.89 | 494746 North-West College-San Diego (San Diego, CA) 0.68 | 122375 San Diego Mesa College (San Diego, CA) 0.68"
pacific-college-of-oriental-medicine-new-york,Pacific College of Health and Science New York,"New York, New York",review,0.9,,,,,,,,"414595 Pacific College of Health and Science (New York, NY) 0.90 | 418126 New York College of Health Professions (Syosset, NY) 0.73 | 193751 Northeast College of Health Sciences (Seneca Falls, NY) 0.72"
palm-beach-atlantic-university-west-palm-beach,Palm Beach Atlantic University West Palm Beach,"West Palm Beach, Florida",review,0.819,,,,,,,,"136330 Palm Beach Atlantic University (West Palm Beach, FL) 0.82 | 133465 South University-West Palm Beach (Royal Palm Beach, FL) 0.69"
palmer-college-of-chiropractic-davenport,Palmer College of Chiropractic Davenport,"Davenport, Iowa",review,0.874,,,,,,,,"154174 Palmer College of Chiropractic (Davenport, IA) 0.87 | 154448 Capri College-Davenport (Davenport, IA) 0.76 | 373085 Ross College-Davenport (Davenport, IA) 0.67"
pasco-hernando-community-college,Pasco Hernando Community College,"New Port Richey, Florida",review,0.763,,,,,,,,"136400 Pasco-Hernando State College (New Port Richey, FL) 0.76 | 134495 Hillsborough Community College (Tampa, FL) 0.68 | 367884 Hodges University (Fort Myers, FL) 0.60"
pathways-college,Pathways College,"Pasadena, California",none,0.733,,,,,,,,"123299 Shasta College (Redding, CA) 0.73 | 124113 Taft College (Taft, CA) 0.71 | 120971 Palomar College (San Marcos, CA) 0.71"
pennsylvania-college-of-health-sciences,Pennsylvania College of Health Sciences,"Lancaster, Pennsylvania",none,0.703,,,,,,,,"494959 Northern Pennsylvania Regional College (Warren, PA) 0.70 | 217059 York College of Pennsylvania (York, PA) 0.69 | 215053 Pennsylvania College of Art and Design (Lancaster, PA) 0.69"
pennsylvania-institute-of-health-and-technology,Pennsylvania Institute of Health and Technology,"Mount Braddock, Pennsylvania",review,0.904,,,,,,,,"214582 Pennsylvania Institute of Technology (Media, PA) 0.90 | 369668 Central Pennsylvania Institute of Science and Technology (Pleasant Gap, PA) 0.83 | 213181 Great Lakes Institute of Technology (Erie, PA) 0.75"
pennsylvania-state-university-main-campus,Penn State Main Campus,"University Park, Pennsylvania",none,0.728,,,,,,,,"214777 Pennsylvania State University-Main Campus (University Park, PA) 0.73"
pennsylvania-state-university-penn-state-abington,Penn State Abington,"Abington, Pennsylvania",none,0.589,,,,,,,,
pennsylvania-state-university-penn-state-altoona,Penn State Altoona,"Altoona, Pennsylvania",none,0.639,,,,,,,,"375939 YTI Career Institute-Altoona (Altoona, PA) 0.64"
pennsylvania-state-university-penn-state-beaver,Penn State Beaver,"Monaca, Pennsylvania",none,0.581,,,,,,,,
pennsylvania-state-university-penn-state-berks,Penn State Berks,"Reading, Pennsylvania",none,0.55,,,,,,,,
pennsylvania-state-university-penn-state-brandywine,Penn State Brandywine,"Media, Pennsylvania",none,0.613,,,,,,,,"214731 Pennsylvania State University-Penn State Brandywine (Media, PA) 0.61"
pennsylvania-state-university-penn-state-dubois,Penn State Dubois,"Dubois, Pennsylvania",none,0.561,,,,,,,,
pennsylvania-state-university-penn-state-erie-behrend-college,Penn State Erie Behrend College,"Erie, Pennsylvania",none,0.704,,,,,,,,"214591 Pennsylvania State University-Penn State Erie-Behrend College (Erie, PA) 0.70 | 215053 Pennsylvania College of Art and Design (Lancaster, PA) 0.61 | 407629 Lake Erie College of Osteopathic Medicine (Erie, PA) 0.61"
pennsylvania-state-university-penn-state-fayette-eberly-campus,Penn State Fayette Eberly Campus,"Uniontown, Pennsylvania",none,0.575,,,,,,,,
pennsylvania-state-university-penn-state-greater-allegheny,Penn State Greater Allegheny,"McKeesport, Pennsylvania",none,0.681,,,,,,,,"214786 Pennsylvania State University-Penn State Greater Allegheny (McKeesport, PA) 0.68"
pennsylvania-state-university-penn-state-harrisburg,Penn State Harrisburg,"Middletown, Pennsylvania",none,0.613,,,,,,,,"214713 Pennsylvania State University-Penn State Harrisburg (Middletown, PA) 0.61"
pennsylvania-state-university-penn-state-hazleton,Penn State Hazleton,"Hazleton, Pennsylvania",none,0.589,,,,,,,,
pennsylvania-state-university-penn-state-lehigh-valley,Penn State Lehigh Valley,"Center Valley, Pennsylvania",none,0.645,,,,,,,,"214670 Pennsylvania State University-Penn State Lehigh Valley (Center Valley, PA) 0.65 | 213507 Lebanon Valley College (Annville, PA) 0.61"
pennsylvania-state-university-penn-state-mont-alto,Penn State Mont Alto,"Mont Alto, Pennsylvania",none,0.601,,,,,,,,"214795 Pennsylvania State University-Penn State Mont Alto (Mont Alto, PA) 0.60"
pennsylvania-state-university-penn-state-new-kensington,Penn State New Kensington,"Upper Burrell, Pennsylvania",none,0.625,,,,,,,,"214625 Pennsylvania State University-Penn State New Kensington (New Kensington, PA) 0.62"
pennsylvania-state-university-penn-state-schuylkill,Penn State Schuylkill,"Schuylkill Haven, Pennsylvania",none,0.653,,,,,,,,"215886 Schuylkill Technology Center (Frackville, PA) 0.65 | 214810 Pennsylvania State University-Penn State Schuylkill (Schuylkill Haven, PA) 0.61"
pennsylvania-state-university-penn-state-shenango,Penn State Shenango,"Sharon, Pennsylvania",none,0.589,,,,,,,,
pennsylvania-state-university-penn-state-wilkes-barre,Penn State Wilkes Barre,"Lehman, Pennsylvania",none,0.686,,,,,,,,"214643 Pennsylvania State University-Penn State Wilkes-Barre (Dallas, PA) 0.69"
pennsylvania-state-university-penn-state-worthington-scranton,Penn State Worthington Scranton,"Dunmore, Pennsylvania",none,0.58,,,,,,,,
pennsylvania-state-university-penn-state-york,Penn State York,"York, Pennsylvania",none,0.58,,,,,,,,
philander-smith-college,Philander Smith College,"Little Rock, Arkansas",none,0.684,,,,,,,,"107080 Hendrix College (Conway, AR) 0.68 | 107600 Philander Smith University (Little Rock, AR) 0.64"
phillips-beth-israel-school-of-nursing,Phillips Beth Israel School of Nursing,"New York, New York",none,0.744,,,,,,,,"189282 Mount Sinai Phillips School of Nursing (New York, NY) 0.74 | 191940 Isabella Graham Hart School of Practical Nursing (Rochester, NY) 0.65 | 193380 Montefiore School of Nursing (Mount Vernon, NY) 0.63"
piedmont-college,Piedmont College,"Demorest, Georgia",review,0.774,,,,,,,,"141060 Spelman College (Atlanta, GA) 0.77 | 140720 Paine College (Augusta, GA) 0.76 | 481155 Helms College (Augusta, GA) 0.69"
piedmont-international-university,Piedmont International University,"Winston Salem, North Carolina",none,0.63,,,,,,,,"198695 High Point University (High Point, NC) 0.63 | 199157 North Carolina Central University (Durham, NC) 0.61 | 199458 Mid-Atlantic Christian University (Elizabeth City, NC) 0.61"
pierce-college-at-fort-steilacoom,Pierce College at Fort Steilacoom,"Lakewood, Washington",none,0.672,,,,,,,,"235237 Pierce College District (Lakewood, WA) 0.67"
pierce-college-at-puyallup,Pierce College at Puyallup,"Puyallup, Washington",review,0.757,,,,,,,,"235237 Pierce College District (Lakewood, WA) 0.76 | 236258 Peninsula College (Port Angeles, WA) 0.60"
pikes-peak-community-college,Pikes Peak Community College,"Colorado Springs, Colorado",review,0.769,,,,,,,,"126942 Community College of Denver (Denver, CO) 0.77 | 127884 Pueblo Community College (Pueblo, CO) 0.77 | 127909 Red Rocks Community College (Lakewood, CO) 0.76"
pine-technical-college,Pine Technical College,"Pine City, Minnesota",review,0.875,,,,,,,,"173708 Hennepin Technical College (Brooklyn Park, MN) 0.88 | 174570 Pine Technical & Community College (Pine City, MN) 0.84 | 173115 Northwest Technical College (Bemidji, MN) 0.82"
pinnacle-career-institute-lawrence,Pinnacle Career Institute Lawrence,"Lawrence, Kansas",none,0.536,,,,,,,,
pinnacle-career-institute-north-kansas-city,Pinnacle Career Institute North Kansas City,"Kansas City, Missouri",review,0.765,,,,,,,,"177302 Pinnacle Career Institute (Kansas City, MO) 0.77 | 177746 Kansas City Art Institute (Kansas City, MO) 0.74 | 441496 Aviation Institute of Maintenance-Kansas City (Kansas City, MO) 0.74"
pinnacle-career-institute-south-kansas-city,Pinnacle Career Institute South Kansas City,"Kansas City, Missouri",review,0.765,,,,,,,,"177302 Pinnacle Career Institute (Kansas City, MO) 0.77 | 177746 Kansas City Art Institute (Kansas City, MO) 0.74 | 441496 Aviation Institute of Maintenance-Kansas City (Kansas City, MO) 0.74"
pioneer-pacific-college,Pioneer Pacific College,"Wilsonville, Oregon",none,0.682,,,,,,,,"407610 Pacific Bible College (Medford, OR) 0.68 | 209612 Pacific University (Forest Grove, OR) 0.62 | 209065 Linfield University (McMinnville, OR) 0.62"
platt-college-san-diego,Platt College San Diego,"San Diego, California",review,0.874,,,,,,,,"122375 San Diego Mesa College (San Diego, CA) 0.87 | 122384 San Diego Miramar College (San Diego, CA) 0.82 | 122339 San Diego City College (San Diego, CA) 0.79"
polytechnic-institute-of-new-york-university,Polytechnic Institute of New York University,"Brooklyn, New York",none,0.746,,,,,,,,"196112 SUNY Polytechnic Institute (Utica, NY) 0.75 | 194091 New York Institute of Technology (Old Westbury, NY) 0.71 | 196176 State University of New York at New Paltz (New Paltz, NY) 0.71"
potomac-college-herndon,Potomac College Herndon,"Herndon, Virginia",none,0.682,,,,,,,,"451927 Patrick Henry College (Purcellville, VA) 0.68 | 233301 Randolph College (Lynchburg, VA) 0.67"
potomac-college-washington,Potomac College Washington,"Washington, District Of Columbia",none,0.0,,,,,,,,
presentation-college,Presentation College,"Aberdeen, South Dakota",none,0.578,,,,,,,,
prince-institute-of-professional-studies-inc,Prince Institute of Professional Studies Inc,"Montgomery, Alabama",none,0.507,,,,,,,,
prince-institute-rocky-mountains,Prince Institute Rocky Mountains,"Westminster, Colorado",none,0.593,,,,,,,,
prince-william-sound-community-college,Prince William Sound Community College,"Valdez, Alaska",none,0.436,,,,,,,,
professional-business-college,Professional Business College,"New York, New York",review,0.764,,,,,,,,"192004 Jamestown Business College (Jamestown, NY) 0.76"
provo-college-american-fork,Provo College American Fork,"American Fork, Utah",none,0.65,,,,,,,,"380438 Provo College (Provo, UT) 0.65"
provo-college-provo,Provo College Provo,"Provo, Utah",review,0.843,,,,,,,,"380438 Provo College (Provo, UT) 0.84"
pulaski-technical-college,Pulaski Technical College,"North Little Rock, Arkansas",review,0.786,,,,,,,,"107664 University of Arkansas-Pulaski Technical College (North Little Rock, AR) 0.79 | 490744 Northern Technical College (Pine Bluff, AR) 0.71 | 106625 Black River Technical College (Pocahontas, AR) 0.70"
quinebaug-valley-community-college,Quinebaug Valley Community College,"Danielson, Connecticut",none,0.638,,,,,,,,"129367 Connecticut State Community College (New Britain, CT) 0.64"
rabbinical-college-of-chsan-sofer-new-york,Rabbinical College of Ch'san Sofer New York,"Brooklyn, New York",none,0.705,,,,,,,,"405854 Rabbinical College of Ohr Shimon Yisroel (Brooklyn, NY) 0.71 | 190655 CUNY New York City College of Technology (Brooklyn, NY) 0.70 | 484871 Rabbinical College Ohr Yisroel (Brooklyn, NY) 0.69"
rabbinical-seminary-mkor-chaim,Rabbinical Seminary M'kor Chaim,"Brooklyn, New York",review,0.759,,,,,,,,"194763 Rabbinical Seminary of America (Flushing, NY) 0.76 | 192165 Kehilath Yakov Rabbinical Seminary (Ossining, NY) 0.68 | 193052 Mesivta Torah Vodaath Rabbinical Seminary (Brooklyn, NY) 0.61"
rainy-river-community-college,Rainy River Community College,"International Falls, Minnesota",review,0.821,,,,,,,,"173063 Riverland Community College (Austin, MN) 0.82 | 173799 Inver Hills Community College (Inver Grove Heights, MN) 0.79 | 174428 Normandale Community College (Bloomington, MN) 0.77"
redstone-college,Redstone College,"Broomfield, Colorado",review,0.759,,,,,,,,"127732 Northeastern Junior College (Sterling, CO) 0.76 | 127778 Otero College (La Junta, CO) 0.69 | 126678 Colorado College (Colorado Springs, CO) 0.69"
remington-college-cleveland-campus,Remington College Cleveland Campus,"Cleveland, Ohio",exact,1.0,375416,Remington College-Cleveland Campus,Cleveland,OH,,,remington-college-cleveland-west-campus,
remington-college-cleveland-west-campus,Remington College Cleveland West Campus,"North Olmsted, Ohio",fuzzy,0.932,375416,Remington College-Cleveland Campus,Cleveland,OH,,,remington-college-cleveland-campus,
remington-college-colorado-springs-campus,Remington College Colorado Springs Campus,"Colorado Springs, Colorado",review,0.767,,,,,,,,"128179 Intellitec College-Colorado Springs (Colorado Springs, CO) 0.77 | 459295 The Salon Professional Academy-Colorado Springs (Colorado Springs, CO) 0.67 | 443289 Tigi Hairdressing Academy-Colorado Springs (Colorado Springs, CO) 0.66"
remington-college-honolulu-campus,Remington College Honolulu Campus,"Honolulu, Hawaii",none,0.578,,,,,,,,
remington-college-knoxville,Remington College Knoxville,"Knoxville, Tennessee",review,0.889,,,,,,,,"445249 Remington College-Nashville Campus (Nashville, TN) 0.89 | 412599 Remington College-Memphis Campus (Memphis, TN) 0.73 | 221625 Tennessee College of Applied Technology-Knoxville (Knoxville, TN) 0.66"
remington-college-little-rock-campus,Remington College Little Rock Campus,"Little Rock, Arkansas",none,0.687,,,,,,,,"106546 Baptist Health College Little Rock (Little Rock, AR) 0.69"
remington-college-tampa-campus,Remington College Tampa Campus,"Tampa, Florida",none,0.708,,,,,,,,"495420 Arizona College of Nursing-Tampa (Tampa, FL) 0.71 | 135735 Orange Technical College-South Campus (Orlando, FL) 0.66 | 406024 Galen College of Nursing-Tampa Bay (Saint Petersburg, FL) 0.66"
remington-college,Remington College,"Heathrow, Florida",review,0.788,,,,,,,,"136774 Ringling College of Art and Design (Sarasota, FL) 0.79 | 136950 Rollins College (Winter Park, FL) 0.69 | 447014 Daytona College (Ormond Beach, FL) 0.69"
rich-mountain-community-college,Rich Mountain Community College,"Mena, Arkansas",review,0.786,,,,,,,,"107743 University of Arkansas Community College Rich Mountain (Mena, AR) 0.79 | 107619 Phillips Community College of the University of Arkansas (Helena, AR) 0.71 | 367459 NorthWest Arkansas Community College (Bentonville, AR) 0.63"
richard-bland-college-of-the-college-of-william-and-mary,Richard Bland College of the College of William and Mary,"Petersburg, Virginia",review,0.895,,,,,,,,"233338 Richard Bland College (South Prince George, VA) 0.89"
rivier-college,Rivier College,"Nashua, New Hampshire",none,0.703,,,,,,,,"182795 Franklin Pierce University (Rindge, NH) 0.70 | 182917 Magdalen College (Warner, NH) 0.60"
robert-morris-university-illinois,Robert Morris University Illinois,"Chicago, Illinois",review,0.799,,,,,,,,"147776 Northeastern Illinois University (Chicago, IL) 0.80 | 147703 Northern Illinois University (Dekalb, IL) 0.79 | 145813 Illinois State University (Normal, IL) 0.76"
roberts-wesleyan-college,Roberts Wesleyan College,"Rochester, New York",none,0.657,,,,,,,,"194958 Roberts Wesleyan University (Rochester, NY) 0.66 | 191630 Hobart William Smith Colleges (Geneva, NY) 0.64 | 190646 CUNY Medgar Evers College (Brooklyn, NY) 0.64"
rochester-college,Rochester College,"Rochester Hills, Michigan",none,0.69,,,,,,,,"170301 Hope College (Holland, MI) 0.69 | 170240 Henry Ford College (Dearborn, MI) 0.69 | 169521 Delta College (University Center, MI) 0.67"
rockford-career-college,Rockford Career College,"Rockford, Illinois",none,0.711,,,,,,,,"498553 Stellar Career College (Chicago, IL) 0.71 | 462053 State Career College (Gurnee, IL) 0.70 | 494852 Stautzenberger College-Rockford Career College (Rockford, IL) 0.70"
rosedale-technical-institute,Rosedale Technical Institute,"Pittsburgh, Pennsylvania",review,0.852,,,,,,,,"215992 Laurel Technical Institute (Hermitage, PA) 0.85 | 213914 Vet Tech Institute (Pittsburgh, PA) 0.78 | 215682 Rosedale Technical College (Pittsburgh, PA) 0.77"
sage-college,Sage College,"Moreno Valley, California",review,0.8,,,,,,,,"117247 Laney College (Oakland, CA) 0.80 | 113193 Cuesta College (San Luis Obispo, CA) 0.77 | 113573 College of the Desert (Palm Desert, CA) 0.77"
saint-augustines-college,Saint Augustines College,"Raleigh, North Carolina",none,0.645,,,,,,,,"199582 Saint Augustine's University (Raleigh, NC) 0.65"
saint-catharine-college,Saint Catharine College,"Saint Catharine, Kentucky",none,0.652,,,,,,,,"156408 Centre College (Danville, KY) 0.65 | 447935 ATA College (Louisville, KY) 0.65 | 461759 Simmons College of Kentucky (Louisville, KY) 0.64"
saint-gregorys-university,Saint Gregorys University,"Shawnee, Oklahoma",review,0.75,,,,,,,,"207661 Rogers State University (Claremore, OK) 0.75 | 207263 Northeastern State University (Tahlequah, OK) 0.67 | 206914 Cameron University (Lawton, OK) 0.65"
saint-john-fisher-college,Saint John Fisher College,"Rochester, New York",none,0.744,,,,,,,,"195234 The College of Saint Rose (Albany, NY) 0.74 | 195173 St. Francis College (Brooklyn, NY) 0.74 | 193353 Mount Saint Mary College (Newburgh, NY) 0.73"
saint-josephs-college-new-york,Saint Joseph's College New York,"Brooklyn, New York",review,0.787,,,,,,,,"195191 St. Joseph's College of Nursing (Syracuse, NY) 0.79 | 195544 St. Joseph's University-New York (Brooklyn, NY) 0.74 | 418126 New York College of Health Professions (Syosset, NY) 0.73"
saint-josephs-college,Saint Josephs College,"Rensselaer, Indiana",review,0.816,,,,,,,,"150172 Calumet College of Saint Joseph (Whiting, IN) 0.82 | 152390 Saint Mary's College (Notre Dame, IN) 0.73 | 150668 Goshen College (Goshen, IN) 0.69"
saint-josephs-university,Saint Joseph's University,"Philadelphia, Pennsylvania",review,0.833,,,,,,,,"442356 Saint Joseph's University - Lancaster (Lancaster, PA) 0.83 | 215770 Saint Joseph's University - Philadelphia (Philadelphia, PA) 0.82 | 215743 Saint Francis University (Loretto, PA) 0.73"
saint-louis-christian-college,Saint Louis Christian College,"Florissant, Missouri",review,0.769,,,,,,,,"178679 Ozark Christian College (Joplin, MO) 0.77 | 466921 Chamberlain University-Missouri (St. Louis, MO) 0.74 | 262031 St Charles Community College (Cottleville, MO) 0.73"
salem-international-university,Salem International University,"Salem, West Virginia",review,0.762,,,,,,,,"475398 Catholic International University (Charles Town, WV) 0.76 | 237783 Salem University (Salem, WV) 0.73 | 481030 Future Generations University (Franklin, WV) 0.68"
san-diego-state-university-imperial-valley-campus,San Diego State University Imperial Valley Campus,"Calexico, California",none,0.693,,,,,,,,"122409 San Diego State University (San Diego, CA) 0.69 | 110556 California State University-Fresno (Fresno, CA) 0.65 | 110617 California State University-Sacramento (Sacramento, CA) 0.64"
san-francisco-art-institute,San Francisco Art Institute,"San Francisco, California",none,0.692,,,,,,,,"114460 Federico Beauty Institute (Sacramento, CA) 0.69 | 454777 San Francisco Institute of Esthetics & Cosmetology Inc (San Francisco, CA) 0.69 | 110699 University of California-San Francisco (San Francisco, CA) 0.68"
san-joaquin-valley-college-fresno-aviation,San Joaquin Valley College Fresno Aviation,"Fresno, California",review,0.91,,,,,,,,"262457 San Joaquin Valley College-Fresno (Fresno, CA) 0.91 | 495934 San Joaquin Valley College-Delano (Delano, CA) 0.80 | 456852 San Joaquin Valley College-Hesperia (Hesperia, CA) 0.75"
san-joaquin-valley-college-online,San Joaquin Valley College Online,"Visalia, California",review,0.896,,,,,,,,"442444 San Joaquin Valley College-Ontario (Ontario, CA) 0.90 | 447351 San Joaquin Valley College-Modesto (Salida, CA) 0.87 | 495998 San Joaquin Valley College-Porterville (Porterville, CA) 0.85"
san-joaquin-valley-college-rancho-cucamonga,San Joaquin Valley College Rancho Cucamonga,"Rancho Cucamonga, California",review,0.881,,,,,,,,"448372 San Joaquin Valley College-Rancho Cordova (Rancho Cordova, CA) 0.88 | 495952 San Joaquin Valley College-Rancho Mirage (Rancho Mirage, CA) 0.80 | 495934 San Joaquin Valley College-Delano (Delano, CA) 0.76"
santa-barbara-business-college-bakersfield,Santa Barbara Business College Bakersfield,"Bakersfield, California",none,0.677,,,,,,,,"500218 Unitek College - Bakersfield (Bakersfield, CA) 0.68 | 122889 Santa Barbara City College (Santa Barbara, CA) 0.68 | 109819 Bakersfield College (Bakersfield, CA) 0.65"
santa-barbara-business-college-santa-maria,Santa Barbara Business College Santa Maria,"Santa Maria, California",none,0.676,,,,,,,,"122889 Santa Barbara City College (Santa Barbara, CA) 0.68 | 475228 The Colleges of Law at Santa Barbara (Santa Barbara, CA) 0.68 | 120537 Hope International University (Fullerton, CA) 0.64"
santa-barbara-business-college-ventura,Santa Barbara Business College Ventura,"Ventura, California",none,0.719,,,,,,,,"122889 Santa Barbara City College (Santa Barbara, CA) 0.72 | 120537 Hope International University (Fullerton, CA) 0.71 | 496399 Agape College of Business and Science (Fresno, CA) 0.68"
santa-fe-university-of-art-and-design,Santa Fe University of Art and Design,"Santa Fe, New Mexico",none,0.667,,,,,,,,"187620 New Mexico State University-Dona Ana (Las Cruces, NM) 0.67 | 187994 New Mexico State University-Alamogordo (Alamogordo, NM) 0.65 | 187648 Eastern New Mexico University-Main Campus (Portales, NM) 0.61"
school-of-advertising-art-inc,School of Advertising Art Inc,"Kettering, Ohio",none,0.621,,,,,,,,"201681 Central School of Practical Nursing (Independence, OH) 0.62"
school-of-the-museum-of-fine-arts-boston,School of the Museum of Fine Arts Boston,"Boston, Massachusetts",none,0.697,,,,,,,,"164845 Empire Beauty School-Boston (Boston, MA) 0.70"
seattle-community-college-central-campus,Seattle Community College Central Campus,"Seattle, Washington",review,0.76,,,,,,,,"236513 Seattle Central College (Seattle, WA) 0.76 | 236610 Shoreline Community College (Shoreline, WA) 0.66 | 235149 Everett Community College (Everett, WA) 0.65"
seattle-community-college-north-campus,Seattle Community College North Campus,"Seattle, Washington",none,0.742,,,,,,,,"236072 North Seattle College (Seattle, WA) 0.74 | 236610 Shoreline Community College (Shoreline, WA) 0.71 | 235149 Everett Community College (Everett, WA) 0.70"
seattle-community-college-south-campus,Seattle Community College South Campus,"Seattle, Washington",none,0.742,,,,,,,,"236504 South Seattle College (Seattle, WA) 0.74 | 236656 South Puget Sound Community College (Olympia, WA) 0.68 | 236610 Shoreline Community College (Shoreline, WA) 0.68"
sewanee-the-university-of-the-south,Sewanee The University of the South,"Sewanee, Tennessee",review,0.83,,,,,,,,"221519 The University of the South (Sewanee, TN) 0.83 | 220613 Lee University (Cleveland, TN) 0.68 | 219718 Bethel University (McKenzie, TN) 0.68"
seward-county-community-college-and-area-technical-school,Seward County Community College and Area Technical School,"Liberal, Kansas",review,0.768,,,,,,,,"155858 Seward County Community College (Liberal, KS) 0.77 | 154952 Cowley County Community College (Arkansas City, KS) 0.69 | 155566 Neosho County Community College (Chanute, KS) 0.67"
shorter-university-college-of-adult-professional-programs,Shorter University College of Adult &amp; Professional Programs,"Atlanta, Georgia",none,0.61,,,,,,,,"244437 Georgia State University-Perimeter College (Atlanta, GA) 0.61"
sierra-nevada-college,Sierra Nevada University,"Incline Village, Nevada",review,0.851,,,,,,,,"441900 Nevada State University (Henderson, NV) 0.85 | 182290 University of Nevada-Reno (Reno, NV) 0.83 | 459824 Touro University Nevada (Henderson, NV) 0.81"
silver-lake-college-of-the-holy-family,Silver Lake College of the Holy Family,"Manitowoc, Wisconsin",none,0.552,,,,,,,,
simmons-institute-of-funeral-service-inc,Simmons Institute of Funeral Service Inc,"Syracuse, New York",none,0.562,,,,,,,,
skyline-college-roanoke,Skyline College Roanoke,"Roanoke, Virginia",review,0.789,,,,,,,,"233426 Roanoke College (Salem, VA) 0.79 | 232256 Hampden-Sydney College (Hampden-Sydney, VA) 0.67 | 233301 Randolph College (Lynchburg, VA) 0.67"
sojourner-douglass-college,Sojourner Douglass College,"Baltimore, Maryland",none,0.627,,,,,,,,"162122 College of Southern Maryland (La Plata, MD) 0.63 | 162654 Goucher College (Baltimore, MD) 0.62"
somerset-christian-college,Somerset Christian College,"Zarephath, New Jersey",none,0.607,,,,,,,,"183600 Assumption College for Sisters (Denville, NJ) 0.61 | 455196 Jersey College (Teterboro, NJ) 0.60"
south-arkansas-community-college,South Arkansas Community College,"El Dorado, Arkansas",fuzzy,0.921,106883,East Arkansas Community College,Forrest City,AR,,,east-arkansas-community-college,
south-central-louisiana-technical-college-young-memorial-campus,South Central Louisiana Technical College Young Memorial Campus,"Morgan City, Louisiana",none,0.648,,,,,,,,"158088 Central Louisiana Technical Community College (Alexandria, LA) 0.65 | 159391 Louisiana State University and Agricultural & Mechanical College (Baton Rouge, LA) 0.61"
south-college-asheville,South College Asheville,"Asheville, North Carolina",none,0.668,,,,,,,,"197887 Asheville-Buncombe Technical Community College (Asheville, NC) 0.67 | 451352 Southeastern College-Charlotte (Charlotte, NC) 0.64 | 199111 University of North Carolina Asheville (Asheville, NC) 0.64"
south-florida-community-college,South Florida Community College,"Avon Park, Florida",review,0.787,,,,,,,,"134495 Hillsborough Community College (Tampa, FL) 0.79 | 134079 Florida Southern College (Lakeland, FL) 0.76 | 137315 South Florida State College (Avon Park, FL) 0.75"
south-georgia-technical-college,South Georgia Technical College,"Americus, Georgia",exact,1.0,141006,South Georgia Technical College,Americus,GA,,,southwest-georgia-technical-college,
south-university,South University,"Savannah, Georgia",review,0.824,,,,,,,,"140988 Shorter University (Rome, GA) 0.82 | 138868 Point University (West Point, GA) 0.81 | 139579 South University-Savannah (Savannah, GA) 0.81"
southeast-culinary-and-hospitality-college,Southeast Culinary &amp; Hospitality College,"Bristol, Virginia",none,0.59,,,,,,,,
southeast-technical-institute,Southeast Technical Institute,"Sioux Falls, South Dakota",review,0.78,,,,,,,,"219426 Southeast Technical College (Sioux Falls, SD) 0.78 | 493363 Institute of Lutheran Theology (Brookings, SD) 0.68"
southeastern-bible-college,Southeastern Bible College,"Birmingham, Alabama",none,0.747,,,,,,,,"100937 Birmingham-Southern College (Birmingham, AL) 0.75 | 102429 Bevill State Community College (Jasper, AL) 0.64 | 449348 Huntsville Bible College (Huntsville, AL) 0.64"
southeastern-college,Southeastern College,"Greenacres, Florida",none,0.739,,,,,,,,"366553 Southern Technical College (Fort Myers, FL) 0.74 | 446552 Southern Technical College (Orlando, FL) 0.74 | 134079 Florida Southern College (Lakeland, FL) 0.73"
southwest-career-college,Southwest Career College,"El Paso, Texas",none,0.741,,,,,,,,"228185 South Texas Barber College Inc (Corpus Christi, TX) 0.74 | 228486 Southwestern Christian College (Terrell, TX) 0.74 | 228316 Southwest Texas College (Uvalde, TX) 0.72"
southwest-collegiate-institute-for-the-deaf,Southwest Collegiate Institute for the Deaf,"Big Spring, Texas",review,0.83,,,,,,,,"382911 Southwest College for the Deaf (Big Spring, TX) 0.83 | 459967 Southern Careers Institute-Brownsville (Brownsville, TX) 0.65 | 449807 Southeast Texas Career Institute (Silsbee, TX) 0.65"
southwest-florida-college,Southwest Florida College,"Fort Myers, Florida",review,0.898,,,,,,,,"134079 Florida Southern College (Lakeland, FL) 0.90 | 137315 South Florida State College (Avon Park, FL) 0.88 | 133508 Florida SouthWestern State College (Fort Myers, FL) 0.88"
southwest-georgia-technical-college,Southwest Georgia Technical College,"Thomasville, Georgia",fuzzy,0.939,141006,South Georgia Technical College,Americus,GA,,,south-georgia-technical-college,
southwest-texas-junior-college,Southwest Texas Junior College,"Uvalde, Texas",review,0.898,,,,,,,,"228316 Southwest Texas College (Uvalde, TX) 0.90 | 227377 Texas Southmost College (Brownsville, TX) 0.79 | 409315 South Texas College (McAllen, TX) 0.78"
southwest-university-of-visual-arts-albuquerque,Southwest University of Visual Arts Albuquerque,"Albuquerque, New Mexico",none,0.635,,,,,,,,"499981 Southwest University of Naprapathic Medicine (Santa Fe, NM) 0.64 | 188182 University of the Southwest (Hobbs, NM) 0.62"
southwest-university-of-visual-arts-tucson,Southwest University of Visual Arts Tucson,"Tucson, Arizona",none,0.576,,,,,,,,
southwestern-assemblies-of-god-university,Southwestern Assemblies of God University,"Waxahachie, Texas",review,0.754,,,,,,,,"228343 Southwestern University (Georgetown, TX) 0.75 | 228468 Southwestern Adventist University (Keene, TX) 0.73 | 451556 Southwest University at El Paso (El Paso, TX) 0.73"
st-josephs-college-of-nursing-at-st-josephs-hospital-health-center,St Joseph's College of Nursing at St Joseph's Hospital Health Center,"Syracuse, New York",none,0.642,,,,,,,,"195191 St. Joseph's College of Nursing (Syracuse, NY) 0.64 | 192961 St. Peter's Hospital College of Nursing (Albany, NY) 0.62"
st-marys-seminary-and-university,St. Mary's Seminary & University,"Baltimore, Maryland",review,0.754,,,,,,,,"163462 Mount St. Mary's University (Emmitsburg, MD) 0.75 | 163453 Morgan State University (Baltimore, MD) 0.68 | 430184 Strayer University-Maryland (Suitland, MD) 0.68"
st-vincents-college,St Vincent's College,"Bridgeport, Connecticut",none,0.641,,,,,,,,"130110 Paier College (Bridgeport, CT) 0.64 | 129774 Mitchell College (New London, CT) 0.62"
stenotype-institute-of-jacksonville-inc-jacksonville,Stenotype Institute of Jacksonville Inc Jacksonville,"Jacksonville, Florida",none,0.63,,,,,,,,"476063 Tulsa Welding School-Jacksonville (Jacksonville, FL) 0.63 | 133845 Concorde Career Institute-Jacksonville (Jacksonville, FL) 0.60"
stenotype-institute-of-jacksonville-inc-orlando,Stenotype Institute of Jacksonville Inc Orlando,"Orlando, Florida",none,0.61,,,,,,,,"133845 Concorde Career Institute-Jacksonville (Jacksonville, FL) 0.61"
stratford-university,Stratford University,"Falls Church, Virginia",review,0.895,,,,,,,,"233277 Radford University (Radford, VA) 0.89 | 498915 Agora University (Burke, VA) 0.72 | 233374 University of Richmond (University of Richmond, VA) 0.72"
strayer-university,Strayer University,"Washington, District of Columbia",review,0.787,,,,,,,,"131159 American University (Washington, DC) 0.79 | 496803 NewU University (Washington, DC) 0.76 | 459994 Strayer University-Global Region (Washington, DC) 0.75"
suny-binghamton,SUNY at Binghamton,"Vestal, New York",review,0.808,,,,,,,,"196079 Binghamton University (Vestal, NY) 0.81 | 196015 SUNY College of Technology at Canton (Canton, NY) 0.69"
suny-college-at-brockport,SUNY College at Brockport,"Brockport, New York",review,0.808,,,,,,,,"196121 SUNY Brockport (Brockport, NY) 0.81 | 190549 CUNY Brooklyn College (Brooklyn, NY) 0.74 | 190567 CUNY City College (New York, NY) 0.72"
suny-college-at-buffalo,SUNY College at Buffalo,"Buffalo, New York",review,0.78,,,,,,,,"196088 University at Buffalo (Buffalo, NY) 0.78 | 189583 Bryant & Stratton College-Buffalo (Buffalo, NY) 0.74 | 190549 CUNY Brooklyn College (Brooklyn, NY) 0.68"
suny-college-at-cortland,SUNY College at Cortland,"Cortland, New York",review,0.795,,,,,,,,"196149 State University of New York at Cortland (Cortland, NY) 0.79 | 196200 SUNY College at Potsdam (Potsdam, NY) 0.78 | 190558 College of Staten Island CUNY (Staten Island, NY) 0.71"
suny-college-at-old-westbury,SUNY College at Old Westbury,"Old Westbury, New York",review,0.84,,,,,,,,"196237 SUNY Old Westbury (Old Westbury, NY) 0.84 | 197294 SUNY Westchester Community College (Valhalla, NY) 0.68 | 196200 SUNY College at Potsdam (Potsdam, NY) 0.67"
suny-college-at-oneonta,SUNY College at Oneonta,"Oneonta, New York",review,0.8,,,,,,,,"196167 SUNY College at Geneseo (Geneseo, NY) 0.80 | 196200 SUNY College at Potsdam (Potsdam, NY) 0.80 | 196185 SUNY Oneonta (Oneonta, NY) 0.78"
suny-college-at-oswego,SUNY College at Oswego,"Oswego, New York",review,0.821,,,,,,,,"196167 SUNY College at Geneseo (Geneseo, NY) 0.82 | 196200 SUNY College at Potsdam (Potsdam, NY) 0.77 | 196194 State University of New York at Oswego (Oswego, NY) 0.76"
suny-college-at-plattsburgh,SUNY College at Plattsburgh,"Plattsburgh, New York",review,0.83,,,,,,,,"196246 State University of New York at Plattsburgh (Plattsburgh, NY) 0.83 | 196219 SUNY at Purchase College (Purchase, NY) 0.76 | 196228 SUNY College of Optometry (New York, NY) 0.74"
suny-empire-state-college,SUNY Empire State College,"Saratoga Springs, New York",review,0.756,,,,,,,,"196167 SUNY College at Geneseo (Geneseo, NY) 0.76 | 196219 SUNY at Purchase College (Purchase, NY) 0.74 | 196291 SUNY Maritime College (Throggs Neck, NY) 0.74"
suny-institute-of-technology-at-utica-rome,SUNY Institute of Technology at Utica Rome,"Utica, New York",review,0.758,,,,,,,,"195003 Rochester Institute of Technology (Rochester, NY) 0.76 | 194091 New York Institute of Technology (Old Westbury, NY) 0.71 | 449676 Ace Institute of Technology (New York, NY) 0.67"
taft-university-system,Taft University System,"Santa Ana, California",none,0.732,,,,,,,,"243744 Stanford University (Stanford, CA) 0.73 | 108232 Academy of Art University (San Francisco, CA) 0.73 | 367954 University of St. Augustine for Health Sciences (San Marcos, CA) 0.71"
tallahassee-community-college,Tallahassee Community College,"Tallahassee, Florida",review,0.808,,,,,,,,"137759 Tallahassee State College (Tallahassee, FL) 0.81 | 134495 Hillsborough Community College (Tampa, FL) 0.71 | 451158 Aveda Institute-Tallahassee (Clearwater, FL) 0.61"
technical-school,Penn Commercial Business/Technical School,,none,0.03,,,,,,,,
tennessee-temple-university,Tennessee Temple University,"Chattanooga, Tennessee",review,0.868,,,,,,,,"221838 Tennessee State University (Nashville, TN) 0.87 | 221847 Tennessee Technological University (Cookeville, TN) 0.84 | 443766 Strayer University-Tennessee (Memphis, TN) 0.84"
tennessee-wesleyan-college,Tennessee Wesleyan College,"Athens, Tennessee",none,0.685,,,,,,,,"221731 Tennessee Wesleyan University (Athens, TN) 0.68 | 221759 The University of Tennessee-Knoxville (Knoxville, TN) 0.64 | 382780 Genesis Career College-Lebanon (Lebanon, TN) 0.64"
texas-a-m-university-commerce,Texas A &amp; M University Commerce,"Commerce, Texas",review,0.789,,,,,,,,"224554 East Texas A&M University (Commerce, TX) 0.79 | 228723 Texas A&M University-College Station (College Station, TX) 0.75 | 224147 Texas A & M University-Corpus Christi (Corpus Christi, TX) 0.74"
texas-a-m-university-galveston,Texas A &amp; M University Galveston,"Galveston, Texas",review,0.83,,,,,,,,"228653 The University of Texas Medical Branch at Galveston (Galveston, TX) 0.83 | 224554 East Texas A&M University (Commerce, TX) 0.81 | 459949 Texas A&M University-San Antonio (San Antonio, TX) 0.76"
texas-state-technical-college-harlingen,Texas State Technical College Harlingen,"Harlingen, Texas",review,0.853,,,,,,,,"487320 Texas State Technical College (Waco, TX) 0.85 | 228909 University of North Texas Health Science Center (Fort Worth, TX) 0.68 | 224660 Western Technical College (El Paso, TX) 0.62"
texas-state-technical-college-marshall,Texas State Technical College Marshall,"Marshall, Texas",review,0.866,,,,,,,,"487320 Texas State Technical College (Waco, TX) 0.87 | 228909 University of North Texas Health Science Center (Fort Worth, TX) 0.64 | 224660 Western Technical College (El Paso, TX) 0.63"
texas-state-technical-college-waco,Texas State Technical College Waco,"Waco, Texas",fuzzy,0.951,487320,Texas State Technical College,Waco,TX,,,texas-state-technical-college,
texas-state-technical-college-west-texas,Texas State Technical College West Texas,"Sweetwater, Texas",review,0.841,,,,,,,,"487320 Texas State Technical College (Waco, TX) 0.84 | 497286 Universal Technical Institute-West Texas (Austin, TX) 0.70 | 224660 Western Technical College (El Paso, TX) 0.68"
texas-state-technical-college,Texas State Technical College,"Waco, Texas",exact,1.0,487320,Texas State Technical College,Waco,TX,,,texas-state-technical-college-waco,
the-baptist-college-of-florida,The Baptist College of Florida,"Graceville, Florida",review,0.789,,,,,,,,"133809 Florida College (Temple Terrace, FL) 0.79 | 137953 Trinity Baptist College (Jacksonville, FL) 0.78 | 132851 College of Central Florida (Ocala, FL) 0.74"
the-college-of-saint-thomas-more,The College of Saint Thomas More,"Fort Worth, Texas",none,0.667,,,,,,,,"227377 Texas Southmost College (Brownsville, TX) 0.67 | 228316 Southwest Texas College (Uvalde, TX) 0.67 | 420398 Northwest Vista College (San Antonio, TX) 0.67"
the-continents-states-university,The Continents States University,"Saint Louis, Missouri",none,0.732,,,,,,,,"177551 Harris-Stowe State University (Saint Louis, MO) 0.73 | 179159 Saint Louis University (Saint Louis, MO) 0.71 | 178624 Northwest Missouri State University (Maryville, MO) 0.70"
the-creative-center,The Creative Center,"Omaha, Nebraska",none,0.561,,,,,,,,
the-illinois-institute-of-art-schaumburg,The Illinois Institute of Art Schaumburg,"Schaumburg, Illinois",none,0.71,,,,,,,,"145725 Illinois Institute of Technology (Chicago, IL) 0.71 | 437556 Midwest Technical Institute-Illinois (Springfield, IL) 0.67 | 143048 School of the Art Institute of Chicago (Chicago, IL) 0.66"
the-national-hispanic-university,The National Hispanic University,"San Jose, California",review,0.809,,,,,,,,"119605 National University (San Diego, CA) 0.81 | 120537 Hope International University (Fullerton, CA) 0.77 | 110468 Alliant International University-San Diego (San Diego, CA) 0.69"
the-restaurant-school-at-walnut-hill-college,The Restaurant School at Walnut Hill College,"Philadelphia, Pennsylvania",none,0.709,,,,,,,,"215637 Walnut Hill College (Philadelphia, PA) 0.71"
the-sage-colleges,The Sage Colleges,"Troy, New York",review,0.818,,,,,,,,"195128 Russell Sage College (Troy, NY) 0.82 | 197197 Wagner College (Staten Island, NY) 0.81 | 195474 Siena College (Loudonville, NY) 0.77"
the-university-of-tennessee,The University of Tennessee,"Knoxville, Tennessee",review,0.87,,,,,,,,"221838 Tennessee State University (Nashville, TN) 0.87 | 221768 The University of Tennessee-Martin (Martin, TN) 0.85 | 443766 Strayer University-Tennessee (Memphis, TN) 0.83"
the-university-of-texas-at-brownsville,The University of Texas at Brownsville,"Brownsville, Texas",review,0.814,,,,,,,,"228705 Texas A&M University-Kingsville (Kingsville, TX) 0.81 | 484756 University of Phoenix-Texas (Dallas, TX) 0.77 | 228459 Texas State University (San Marcos, TX) 0.76"
the-university-of-texas-pan-american,The University of Texas Pan American,"Edinburg, Texas",review,0.815,,,,,,,,"461795 North American University (Stafford, TX) 0.81 | 224545 Texas A&M University-Texarkana (Texarkana, TX) 0.81 | 229018 The University of Texas Permian Basin (Odessa, TX) 0.81"
thomas-edison-state-college,Thomas Edison State College,"Trenton, New Jersey",review,0.887,,,,,,,,"187046 Thomas Edison State University (Trenton, NJ) 0.89 | 186469 Salem Community College (Carneys Point, NJ) 0.64"
three-rivers-community-college-ct,Three Rivers Community College,"Norwich, Connecticut",none,0.615,,,,,,,,"129367 Connecticut State Community College (New Britain, CT) 0.62"
three-rivers-community-college-mo,Three Rivers Community College,"Poplar Bluff, Missouri",review,0.83,,,,,,,,"179645 Three Rivers College (Poplar Bluff, MO) 0.83 | 179308 Saint Louis Community College (Bridgeton, MO) 0.75 | 177472 Ozarks Technical Community College (Springfield, MO) 0.72"
touro-college-los-angeles,Touro College Los Angeles,"Los Angeles, California",review,0.857,,,,,,,,"125471 West Los Angeles College (Culver City, CA) 0.86 | 117715 Los Angeles Southwest College (Los Angeles, CA) 0.84 | 260789 Platt College-Los Angeles (Alhambra, CA) 0.84"
touro-college,Touro College,"New York, New York",review,0.8,,,,,,,,"190691 CUNY York College (Jamaica, NY) 0.80 | 190594 CUNY Hunter College (New York, NY) 0.77 | 196653 Trocaire College (Buffalo, NY) 0.76"
tri-state-institute,Tri State Institute,"Birmingham, Alabama",none,0.591,,,,,,,,
trident-university-international,Trident University International,"Cypress, California",review,0.787,,,,,,,,"120537 Hope International University (Fullerton, CA) 0.79 | 119605 National University (San Diego, CA) 0.75 | 110468 Alliant International University-San Diego (San Diego, CA) 0.70"
trine-university-regionalnon-traditional-campuses,Trine University Regional/Non Traditional Campuses,,none,0.03,,,,,,,,
trinidad-state-junior-college,Trinidad State Junior College,"Trinidad, Colorado",review,0.893,,,,,,,,"128258 Trinidad State College (Trinidad, CO) 0.89 | 127732 Northeastern Junior College (Sterling, CO) 0.81 | 127778 Otero College (La Junta, CO) 0.73"
trinity-bible-college,Trinity Bible College,"Ellendale, North Dakota",review,0.754,,,,,,,,"200484 Trinity Bible College and Graduate School (Ellendale, ND) 0.75 | 200466 Sitting Bull College (Fort Yates, ND) 0.68 | 200022 Bismarck State College (Bismarck, ND) 0.60"
trinity-international-university-illinois,Trinity International University,"Deerfield, Illinois",review,0.907,,,,,,,,"149514 Trinity International University-Illinois (Deerfield, IL) 0.91 | 147536 National Louis University (Chicago, IL) 0.70 | 147590 National University of Health Sciences (Lombard, IL) 0.69"
trinity-washington-university,Trinity Washington University,"Washington, District Of Columbia",none,0.0,,,,,,,,
truett-mcconnell-college,Truett McConnell College,"Cleveland, Georgia",none,0.68,,,,,,,,"475060 Miller-Motte College-Macon (Macon, GA) 0.68 | 141237 Truett McConnell University (Cleveland, GA) 0.66 | 444714 Gwinnett College-Marietta Campus (Marietta, GA) 0.65"
trumbull-business-college,Trumbull Business College,"Warren, Ohio",none,0.655,,,,,,,,"203739 Ohio Business College-Sandusky (Sandusky, OH) 0.65 | 203720 Ohio Business College-Sheffield (Sheffield Village, OH) 0.64"
tunxis-community-college,Tunxis Community College,"Farmington, Connecticut",none,0.712,,,,,,,,"129367 Connecticut State Community College (New Britain, CT) 0.71 | 130590 Trinity College (Hartford, CT) 0.62"
tusculum-college,Tusculum College,"Greeneville, Tennessee",none,0.667,,,,,,,,"221096 Motlow State Community College (Tullahoma, TN) 0.67 | 449764 Visible Music College (Memphis, TN) 0.65 | 220598 Lane College (Jackson, TN) 0.64"
uc-law-san-francisco,UC Law San Francisco,"San Francisco, California",review,0.818,,,,,,,,"110699 University of California-San Francisco (San Francisco, CA) 0.82 | 440819 Miami Ad School-San Francisco (San Francisco, CA) 0.72 | 122612 University of San Francisco (San Francisco, CA) 0.71"
umass-chan-medical-school,UMass Chan Medical School,"Worcester, Massachusetts",none,0.668,,,,,,,,"166708 University of Massachusetts Chan Medical School (Worcester, MA) 0.67"
umass-global,UMass Global,"Irvine, California",none,0.512,,,,,,,,
union-college-ky,Union College,"Barbourville, Kentucky",none,0.686,,,,,,,,"157216 Lindsey Wilson College (Columbia, KY) 0.69 | 156851 Henderson Community College (Henderson, KY) 0.65 | 461759 Simmons College of Kentucky (Louisville, KY) 0.65"
union-college-nb,Union College,"Lincoln, Nebraska",none,0.659,,,,,,,,"180957 College of Hair Design-Downtown (Lincoln, NE) 0.66 | 181127 Hastings College (Hastings, NE) 0.62 | 181491 Northeast Community College (Norfolk, NE) 0.60"
union-county-college,Union County College,"Cranford, New Jersey",review,0.8,,,,,,,,"185873 Ocean County College (Toms River, NJ) 0.80 | 184180 County College of Morris (Randolph, NJ) 0.78 | 184481 Essex County College (Newark, NJ) 0.75"
union-institute-university,Union Institute &amp; University,"Cincinnati, Ohio",review,0.769,,,,,,,,"204185 University of Mount Union (Alliance, OH) 0.77 | 201885 University of Cincinnati-Main Campus (Cincinnati, OH) 0.73 | 204848 Ohio University-Lancaster Campus (Lancaster, OH) 0.71"
unity-college,Unity College,"Unity, Maine",none,0.667,,,,,,,,"161563 Thomas College (Waterville, ME) 0.67 | 490753 Maine Media College (Rockport, ME) 0.62 | 420440 York County Community College (Wells, ME) 0.62"
university-of-arizona-global-campus,University of Arizona Global Campus,Online / Arizona,none,0.03,,,,,,,,
university-of-arkansas-community-college-hope,University of Arkansas Community College Hope,"Hope, Arkansas",review,0.909,,,,,,,,"107619 Phillips Community College of the University of Arkansas (Helena, AR) 0.91 | 106795 Cossatot Community College of the University of Arkansas (De Queen, AR) 0.89 | 107585 University of Arkansas Community College-Morrilton (Morrilton, AR) 0.88"
university-of-cincinnati-raymond-walters-college,University of Cincinnati Raymond Walters College,"Blue Ash, Ohio",none,0.729,,,,,,,,"201955 University of Cincinnati-Blue Ash College (Blue Ash, OH) 0.73 | 201946 University of Cincinnati-Clermont College (Batavia, OH) 0.70 | 452948 Galen College of Nursing-Cincinnati (Cincinnati, OH) 0.68"
university-of-colorado-denver,University of Colorado Denver,"Denver, Colorado",review,0.852,,,,,,,,"127741 University of Northern Colorado (Greeley, CO) 0.85 | 126614 University of Colorado Boulder (Boulder, CO) 0.84 | 127556 Colorado Mesa University (Grand Junction, CO) 0.84"
university-of-connecticut-tri-campus,University of Connecticut Tri Campus,"Waterbury, Connecticut",review,0.901,,,,,,,,"463056 University of Connecticut-Hartford Campus (Hartford, CT) 0.90 | 436818 University of Connecticut-Waterbury Campus (Waterbury, CT) 0.84 | 129020 University of Connecticut (Storrs, CT) 0.80"
university-of-great-falls,University of Great Falls,"Great Falls, Montana",none,0.697,,,,,,,,"180249 Great Falls College Montana State University (Great Falls, MT) 0.70 | 180461 Montana State University (Bozeman, MT) 0.65 | 180489 The University of Montana (Missoula, MT) 0.65"
university-of-maine-at-machias,University of Maine at Machias,"Machias, Maine",review,0.8,,,,,,,,"161253 University of Maine (Orono, ME) 0.80 | 161217 University of Maine at Augusta (Augusta, ME) 0.79 | 161226 University of Maine at Farmington (Farmington, ME) 0.75"
university-of-maryland-university-college,University of Maryland University College,"Adelphi, Maryland",review,0.829,,,,,,,,"163286 University of Maryland-College Park (College Park, MD) 0.83 | 163204 University of Maryland Global Campus (Adelphi, MD) 0.72 | 163578 Notre Dame of Maryland University (Baltimore, MD) 0.71"
university-of-montana-helena-college-of-technology,University of Montana Helena College of Technology,"Helena, Montana",review,0.887,,,,,,,,"180276 Helena College University of Montana (Helena, MT) 0.89 | 180416 Montana Technological University (Butte, MT) 0.74 | 180249 Great Falls College Montana State University (Great Falls, MT) 0.73"
university-of-phoenix-albuquerque-campus,University of Phoenix Albuquerque Campus,"Albuquerque, New Mexico",none,0.632,,,,,,,,"187976 University of New Mexico-Los Alamos Campus (Los Alamos, NM) 0.63 | 187985 University of New Mexico-Main Campus (Albuquerque, NM) 0.60"
university-of-phoenix-atlanta-campus,University of Phoenix Atlanta Campus,"Sandy Springs, Georgia",none,0.746,,,,,,,,"140340 Herzing University-Atlanta (Atlanta, GA) 0.75 | 138947 Clark Atlanta University (Atlanta, GA) 0.74"
university-of-phoenix-augusta-campus,University of Phoenix Augusta Campus,"Augusta, Georgia",none,0.736,,,,,,,,"482149 Augusta University (Augusta, GA) 0.74 | 140340 Herzing University-Atlanta (Atlanta, GA) 0.61 | 139931 Georgia Southern University (Statesboro, GA) 0.60"
university-of-phoenix-austin-campus,University of Phoenix Austin Campus,"Austin, Texas",review,0.757,,,,,,,,"228778 The University of Texas at Austin (Austin, TX) 0.76 | 228431 Stephen F Austin State University (Nacogdoches, TX) 0.74 | 480073 South University-Austin (Round Rock, TX) 0.73"
university-of-phoenix-baton-rouge,University of Phoenix Baton Rouge,"Baton Rouge, Louisiana",review,0.751,,,,,,,,"160621 Southern University and A & M College (Baton Rouge, LA) 0.75"
university-of-phoenix-bay-area-campus,University of Phoenix Bay Area Campus,"San Jose, California",none,0.667,,,,,,,,"484631 University of Phoenix-California (Ontario, CA) 0.67 | 497480 Reach University (Oakland, CA) 0.64 | 119173 Mount Saint Mary's University (Los Angeles, CA) 0.63"
university-of-phoenix-birmingham-campus,University of Phoenix Birmingham Campus,"Birmingham, Alabama",review,0.799,,,,,,,,"101365 Herzing University-Birmingham (Birmingham, AL) 0.80 | 100663 University of Alabama at Birmingham (Birmingham, AL) 0.68 | 102395 United States Sports University (Daphne, AL) 0.60"
university-of-phoenix-boston-campus,University of Phoenix Boston Campus,"Braintree, Massachusetts",none,0.698,,,,,,,,"166638 University of Massachusetts-Boston (Boston, MA) 0.70 | 164988 Boston University (Boston, MA) 0.69 | 164632 Bay Path University (Longmeadow, MA) 0.63"
university-of-phoenix-central-florida-campus,University of Phoenix Central Florida Campus,"Maitland, Florida",review,0.776,,,,,,,,"132903 University of Central Florida (Orlando, FL) 0.78 | 408844 Florida National University-Main Campus (Hialeah, FL) 0.70 | 133650 Florida Agricultural and Mechanical University (Tallahassee, FL) 0.70"
university-of-phoenix-central-valley-campus,University of Phoenix Central Valley Campus,"Fresno, California",none,0.727,,,,,,,,"442930 University of Antelope Valley (Lancaster, CA) 0.73 | 484631 University of Phoenix-California (Ontario, CA) 0.67 | 112394 University of Silicon Valley (San Jose, CA) 0.62"
university-of-phoenix-charlotte-campus,University of Phoenix Charlotte Campus,"Charlotte, North Carolina",review,0.772,,,,,,,,"199412 Queens University of Charlotte (Charlotte, NC) 0.77 | 199139 University of North Carolina at Charlotte (Charlotte, NC) 0.74 | 445708 Johnson & Wales University-Charlotte (Charlotte, NC) 0.73"
university-of-phoenix-chattanooga-campus,University of Phoenix Chattanooga Campus,"Chattanooga, Tennessee",review,0.755,,,,,,,,"221740 The University of Tennessee-Chattanooga (Chattanooga, TN) 0.75"
university-of-phoenix-cheyenne-campus,University of Phoenix Cheyenne Campus,"Cheyenne, Wyoming",none,0.394,,,,,,,,
university-of-phoenix-chicago-campus,University of Phoenix Chicago Campus,"Schaumburg, Illinois",none,0.721,,,,,,,,"144351 Concordia University-Chicago (River Forest, IL) 0.72 | 144050 University of Chicago (Chicago, IL) 0.71 | 144005 Chicago State University (Chicago, IL) 0.70"
university-of-phoenix-cincinnati-campus,University of Phoenix Cincinnati Campus,"West Chester, Ohio",review,0.87,,,,,,,,"201885 University of Cincinnati-Main Campus (Cincinnati, OH) 0.87 | 201955 University of Cincinnati-Blue Ash College (Blue Ash, OH) 0.73 | 204857 Ohio University-Main Campus (Athens, OH) 0.70"
university-of-phoenix-cleveland-campus,University of Phoenix Cleveland Campus,"Independence, Ohio",none,0.742,,,,,,,,"204857 Ohio University-Main Campus (Athens, OH) 0.74 | 204802 Ohio University-Eastern Campus (Saint Clairsville, OH) 0.74 | 202134 Cleveland State University (Cleveland, OH) 0.72"
university-of-phoenix-colorado-campus,University of Phoenix Colorado Campus,"Lone Tree, Colorado",none,0.742,,,,,,,,"127741 University of Northern Colorado (Greeley, CO) 0.74 | 127556 Colorado Mesa University (Grand Junction, CO) 0.72 | 126614 University of Colorado Boulder (Boulder, CO) 0.72"
university-of-phoenix-columbia-campus,University of Phoenix Columbia Campus,"Columbia, South Carolina",none,0.742,,,,,,,,"251312 South University-Columbia (Columbia, SC) 0.74 | 218663 University of South Carolina-Columbia (Columbia, SC) 0.74 | 217925 Columbia International University (Columbia, SC) 0.69"
university-of-phoenix-columbus-georgia-campus,University of Phoenix Columbus Georgia Campus,"Columbus, Georgia",none,0.657,,,,,,,,"139366 Columbus State University (Columbus, GA) 0.66 | 139861 Georgia College & State University (Milledgeville, GA) 0.65 | 475732 Chamberlain University-Georgia (Sandy Springs, GA) 0.64"
university-of-phoenix-columbus-ohio-campus,University of Phoenix Columbus Ohio Campus,"Columbus, Ohio",review,0.752,,,,,,,,"204796 Ohio State University-Main Campus (Columbus, OH) 0.75 | 204671 Ohio State University-Lima Campus (Lima, OH) 0.75 | 204839 Ohio University-Southern Campus (Ironton, OH) 0.74"
university-of-phoenix-dallas-campus,University of Phoenix Dallas Campus,"Dallas, Texas",review,0.767,,,,,,,,"224226 Dallas Baptist University (Dallas, TX) 0.77 | 228787 The University of Texas at Dallas (Richardson, TX) 0.73 | 484905 University of North Texas at Dallas (Dallas, TX) 0.72"
university-of-phoenix-delaware,University of Phoenix Delaware,"Wilmington, Delaware",review,0.826,,,,,,,,"130943 University of Delaware (Newark, DE) 0.83 | 450298 Strayer University-Delaware (Wilmington, DE) 0.81 | 130934 Delaware State University (Dover, DE) 0.81"
university-of-phoenix-des-moines-campus,University of Phoenix Des Moines Campus,"West Des Moines, Iowa",review,0.767,,,,,,,,"154156 Des Moines University-Osteopathic Medical Center (West Des Moines, IA) 0.77 | 154235 Saint Ambrose University (Davenport, IA) 0.60"
university-of-phoenix-fairfield-county-campus,University of Phoenix Fairfield County Campus,"Norwalk, Connecticut",none,0.65,,,,,,,,"463056 University of Connecticut-Hartford Campus (Hartford, CT) 0.65 | 129242 Fairfield University (Fairfield, CT) 0.65"
university-of-phoenix-harrisburg-campus,University of Phoenix Harrisburg Campus,"Harrisburg, Pennsylvania",none,0.72,,,,,,,,"215293 University of Pittsburgh-Pittsburgh Campus (Pittsburgh, PA) 0.72 | 446640 Harrisburg University of Science and Technology (Harrisburg, PA) 0.66 | 214777 Pennsylvania State University-Main Campus (University Park, PA) 0.65"
university-of-phoenix-houston-campus,University of Phoenix Houston Campus,"Houston, Texas",review,0.772,,,,,,,,"225414 University of Houston-Clear Lake (Houston, TX) 0.77 | 225511 University of Houston (Houston, TX) 0.74 | 225399 Houston Christian University (Houston, TX) 0.72"
university-of-phoenix-idaho-campus,University of Phoenix Idaho Campus,"Meridian, Idaho",none,0.681,,,,,,,,"142285 University of Idaho (Moscow, ID) 0.68 | 142276 Idaho State University (Pocatello, ID) 0.68 | 142522 Brigham Young University-Idaho (Rexburg, ID) 0.62"
university-of-phoenix-indianapolis-campus,University of Phoenix Indianapolis Campus,"Indianapolis, Indiana",review,0.795,,,,,,,,"500139 Purdue University - Indianapolis (Indianapolis, IN) 0.79 | 151263 University of Indianapolis (Indianapolis, IN) 0.78 | 151111 Indiana University-Indianapolis (Indianapolis, IN) 0.75"
university-of-phoenix-jackson-campus,University of Phoenix Jackson Campus,"Flowood, Mississippi",none,0.702,,,,,,,,"175856 Jackson State University (Jackson, MS) 0.70"
university-of-phoenix-jersey-city-campus,University of Phoenix Jersey City Campus,"Jersey City, New Jersey",review,0.792,,,,,,,,"185129 New Jersey City University (Jersey City, NJ) 0.79 | 486956 Chamberlain University-New Jersey (North Brunswick, NJ) 0.69 | 482556 DeVry University-New Jersey (Iselin, NJ) 0.66"
university-of-phoenix-kansas-city-campus,University of Phoenix Kansas City Campus,"Kansas City, Missouri",review,0.776,,,,,,,,"179812 Kansas City University (Kansas City, MO) 0.78 | 178402 University of Missouri-Kansas City (Kansas City, MO) 0.77 | 177603 Summit Salon Academy Kansas City (Independence, MO) 0.64"
university-of-phoenix-knoxville,University of Phoenix Knoxville,"Knoxville, Tennessee",review,0.823,,,,,,,,"221759 The University of Tennessee-Knoxville (Knoxville, TN) 0.82 | 220613 Lee University (Cleveland, TN) 0.67 | 220862 University of Memphis (Memphis, TN) 0.65"
university-of-phoenix-lafayette,University of Phoenix Lafayette,"Lafayette, Louisiana",review,0.823,,,,,,,,"160658 University of Louisiana at Lafayette (Lafayette, LA) 0.82 | 159647 Louisiana Tech University (Ruston, LA) 0.66 | 159391 Louisiana State University and Agricultural & Mechanical College (Baton Rouge, LA) 0.63"
university-of-phoenix-las-vegas-campus,University of Phoenix Las Vegas Campus,"Las Vegas, Nevada",none,0.74,,,,,,,,"182281 University of Nevada-Las Vegas (Las Vegas, NV) 0.74 | 484710 University of Phoenix-Nevada (Las Vegas, NV) 0.73"
university-of-phoenix-little-rock-campus,University of Phoenix Little Rock Campus,"Little Rock, Arkansas",review,0.765,,,,,,,,"106245 University of Arkansas at Little Rock (Little Rock, AR) 0.77"
university-of-phoenix-louisiana-campus,University of Phoenix Louisiana Campus,"Metairie, Louisiana",none,0.742,,,,,,,,"159993 University of Louisiana at Monroe (Monroe, LA) 0.74 | 159647 Louisiana Tech University (Ruston, LA) 0.74 | 159391 Louisiana State University and Agricultural & Mechanical College (Baton Rouge, LA) 0.72"
university-of-phoenix-louisville-campus,University of Phoenix Louisville Campus,"Louisville, Kentucky",review,0.767,,,,,,,,"157289 University of Louisville (Louisville, KY) 0.77 | 156365 Campbellsville University (Campbellsville, KY) 0.72 | 157535 University of Pikeville (Pikeville, KY) 0.64"
university-of-phoenix-madison-campus,University of Phoenix Madison Campus,"Madison, Wisconsin",none,0.674,,,,,,,,"240392 Herzing University-Madison (Madison, WI) 0.67 | 239071 Maranatha Baptist University (Watertown, WI) 0.62 | 240444 University of Wisconsin-Madison (Madison, WI) 0.62"
university-of-phoenix-maryland-campus,University of Phoenix Maryland Campus,"Columbia, Maryland",review,0.781,,,,,,,,"163578 Notre Dame of Maryland University (Baltimore, MD) 0.78 | 163204 University of Maryland Global Campus (Adelphi, MD) 0.78 | 163338 University of Maryland Eastern Shore (Princess Anne, MD) 0.78"
university-of-phoenix-memphis-campus,University of Phoenix Memphis Campus,"Cordova, Tennessee",none,0.706,,,,,,,,"220862 University of Memphis (Memphis, TN) 0.71 | 221661 Southern Adventist University (Collegedale, TN) 0.61"
university-of-phoenix-metro-detroit-campus,University of Phoenix Metro Detroit Campus,"Troy, Michigan",none,0.698,,,,,,,,"169716 University of Detroit Mercy (Detroit, MI) 0.70 | 486947 Chamberlain University-Michigan (Troy, MI) 0.63"
university-of-phoenix-milwaukee-campus,University of Phoenix Milwaukee Campus,"Brookfield, Wisconsin",none,0.74,,,,,,,,"428259 Ottawa University-Milwaukee (Brookfield, WI) 0.74 | 240453 University of Wisconsin-Milwaukee (Milwaukee, WI) 0.62 | 491288 University of Wisconsin-Milwaukee Flex (Milwaukee, WI) 0.60"
university-of-phoenix-minneapolis-st-paul-campus,University of Phoenix Minneapolis/St Paul Campus,,none,0.03,,,,,,,,
university-of-phoenix-nashville-campus,University of Phoenix Nashville Campus,"Nashville, Tennessee",none,0.697,,,,,,,,"499149 Herzing University-Nashville (Nashville, TN) 0.70 | 221759 The University of Tennessee-Knoxville (Knoxville, TN) 0.62 | 219806 Carson-Newman University (Jefferson City, TN) 0.61"
university-of-phoenix-north-florida-campus,University of Phoenix North Florida Campus,"Jacksonville, Florida",review,0.792,,,,,,,,"136172 University of North Florida (Jacksonville, FL) 0.79 | 408844 Florida National University-Main Campus (Hialeah, FL) 0.74 | 137351 University of South Florida (Tampa, FL) 0.70"
university-of-phoenix-northern-nevada-campus,University of Phoenix Northern Nevada Campus,"Reno, Nevada",review,0.758,,,,,,,,"484710 University of Phoenix-Nevada (Las Vegas, NV) 0.76 | 182290 University of Nevada-Reno (Reno, NV) 0.66 | 459824 Touro University Nevada (Henderson, NV) 0.66"
university-of-phoenix-northern-virginia-campus,University of Phoenix Northern Virginia Campus,"Reston, Virginia",review,0.757,,,,,,,,"234076 University of Virginia-Main Campus (Charlottesville, VA) 0.76 | 233611 Southern Virginia University (Buena Vista, VA) 0.73 | 460871 Chamberlain University-Virginia (Vienna, VA) 0.70"
university-of-phoenix-northwest-arkansas-campus,University of Phoenix Northwest Arkansas Campus,"Rogers, Arkansas",review,0.786,,,,,,,,"107983 Southern Arkansas University Main Campus (Magnolia, AR) 0.79 | 440402 Arkansas State University-Newport (Newport, AR) 0.70 | 107318 Arkansas State University Mid-South (West Memphis, AR) 0.68"
university-of-phoenix-northwest-indiana-campus,University of Phoenix Northwest Indiana Campus,"Merrillville, Indiana",review,0.789,,,,,,,,"151360 Indiana University-Northwest (Gary, IN) 0.79 | 151379 Indiana University-Southeast (New Albany, IN) 0.70 | 151306 University of Southern Indiana (Evansville, IN) 0.69"
university-of-phoenix-oklahoma-city-campus,University of Phoenix Oklahoma City Campus,"Oklahoma City, Oklahoma",review,0.792,,,,,,,,"207458 Oklahoma City University (Oklahoma City, OK) 0.79 | 207388 Oklahoma State University-Main Campus (Stillwater, OK) 0.79 | 207500 University of Oklahoma-Norman Campus (Norman, OK) 0.75"
university-of-phoenix-omaha-campus,University of Phoenix Omaha Campus,"Omaha, Nebraska",none,0.709,,,,,,,,"181394 University of Nebraska at Omaha (Omaha, NE) 0.71"
university-of-phoenix-online-campus,University of Phoenix Online Campus,"Phoenix, Arizona",review,0.789,,,,,,,,"484613 University of Phoenix-Arizona (Phoenix, AZ) 0.79 | 482422 DeVry University-Arizona (Phoenix, AZ) 0.74 | 454829 Aspen University (Phoenix, AZ) 0.66"
university-of-phoenix-oregon-campus,University of Phoenix Oregon Campus,"Tigard, Oregon",none,0.732,,,,,,,,"440828 Oregon State University-Cascades Campus (Bend, OR) 0.73 | 210146 Southern Oregon University (Ashland, OR) 0.72 | 208646 Eastern Oregon University (La Grande, OR) 0.70"
university-of-phoenix-philadelphia-campus,University of Phoenix Philadelphia Campus,"Wayne, Pennsylvania",review,0.754,,,,,,,,"216366 Thomas Jefferson University (Philadelphia, PA) 0.75 | 215770 Saint Joseph's University - Philadelphia (Philadelphia, PA) 0.71 | 213020 Indiana University of Pennsylvania-Main Campus (Indiana, PA) 0.67"
university-of-phoenix-phoenix-hohokam-campus,University of Phoenix Phoenix Hohokam Campus,"Phoenix, Arizona",none,0.687,,,,,,,,"484613 University of Phoenix-Arizona (Phoenix, AZ) 0.69 | 482422 DeVry University-Arizona (Phoenix, AZ) 0.65"
university-of-phoenix-pittsburgh-campus,University of Phoenix Pittsburgh Campus,"Pittsburgh, Pennsylvania",review,0.857,,,,,,,,"215293 University of Pittsburgh-Pittsburgh Campus (Pittsburgh, PA) 0.86 | 215284 University of Pittsburgh-Johnstown (Johnstown, PA) 0.75 | 215266 University of Pittsburgh-Bradford (Bradford, PA) 0.73"
university-of-phoenix-raleigh-campus,University of Phoenix Raleigh Campus,"Raleigh, North Carolina",none,0.669,,,,,,,,"199193 North Carolina State University at Raleigh (Raleigh, NC) 0.67 | 198136 Campbell University (Buies Creek, NC) 0.65 | 489937 Carolina University (Winston-Salem, NC) 0.62"
university-of-phoenix-richmond-campus,University of Phoenix Richmond Campus,"Richmond, Virginia",none,0.717,,,,,,,,"233374 University of Richmond (University of Richmond, VA) 0.72 | 442639 University of the Potomac-VA Campus (FALLS CHURCH, VA) 0.68 | 459259 South University-Richmond (Glen Allen, VA) 0.64"
university-of-phoenix-sacramento-valley-campus,University of Phoenix Sacramento Valley Campus,"Sacramento, California",none,0.697,,,,,,,,"110617 California State University-Sacramento (Sacramento, CA) 0.70 | 442930 University of Antelope Valley (Lancaster, CA) 0.64 | 112394 University of Silicon Valley (San Jose, CA) 0.62"
university-of-phoenix-san-antonio-campus,University of Phoenix San Antonio Campus,"San Antonio, Texas",none,0.726,,,,,,,,"459949 Texas A&M University-San Antonio (San Antonio, TX) 0.73 | 229027 The University of Texas at San Antonio (San Antonio, TX) 0.71 | 484756 University of Phoenix-Texas (Dallas, TX) 0.66"
university-of-phoenix-san-diego-campus,University of Phoenix San Diego Campus,"San Diego, California",review,0.757,,,,,,,,"122436 University of San Diego (San Diego, CA) 0.76 | 484631 University of Phoenix-California (Ontario, CA) 0.72 | 110680 University of California-San Diego (La Jolla, CA) 0.70"
university-of-phoenix-savannah-campus,University of Phoenix Savannah Campus,"Savannah, Georgia",none,0.697,,,,,,,,"475121 South University-Savannah Online (Savannah, GA) 0.70 | 139579 South University-Savannah (Savannah, GA) 0.67 | 140960 Savannah State University (Savannah, GA) 0.67"
university-of-phoenix-shreveport-bossier,University of Phoenix Shreveport Bossier,"Bossier City, Louisiana",none,0.703,,,,,,,,"159416 Louisiana State University-Shreveport (Shreveport, LA) 0.70 | 160649 Southern University at Shreveport (Shreveport, LA) 0.63"
university-of-phoenix-south-florida-campus,University of Phoenix South Florida Campus,"Plantation, Florida",review,0.762,,,,,,,,"137351 University of South Florida (Tampa, FL) 0.76 | 408844 Florida National University-Main Campus (Hialeah, FL) 0.72 | 132879 Johnson University Florida (Kissimmee, FL) 0.71"
university-of-phoenix-southern-arizona-campus,University of Phoenix Southern Arizona Campus,"Tucson, Arizona",review,0.771,,,,,,,,"104151 Arizona State University Campus Immersion (Tempe, AZ) 0.77 | 484613 University of Phoenix-Arizona (Phoenix, AZ) 0.76 | 105330 Northern Arizona University (Flagstaff, AZ) 0.72"
university-of-phoenix-southern-california-campus,University of Phoenix Southern California Campus,"Costa Mesa, California",review,0.8,,,,,,,,"123961 University of Southern California (Los Angeles, CA) 0.80 | 484631 University of Phoenix-California (Ontario, CA) 0.78 | 117672 Southern California University of Health Sciences (Whittier, CA) 0.75"
university-of-phoenix-southern-colorado-campus,University of Phoenix Southern Colorado Campus,"Colorado Springs, Colorado",none,0.732,,,,,,,,"127741 University of Northern Colorado (Greeley, CO) 0.73 | 128106 Colorado State University Pueblo (Pueblo, CO) 0.69 | 126818 Colorado State University-Fort Collins (Fort Collins, CO) 0.69"
university-of-phoenix-springfield-campus,University of Phoenix Springfield Campus,"Springfield, Missouri",none,0.733,,,,,,,,"179566 Missouri State University-Springfield (Springfield, MO) 0.73 | 177339 Evangel University (Springfield, MO) 0.61"
university-of-phoenix-st-louis-campus,University of Phoenix St Louis Campus,"Saint Louis, Missouri",review,0.776,,,,,,,,"179159 Saint Louis University (Saint Louis, MO) 0.78 | 178420 University of Missouri-St Louis (Saint Louis, MO) 0.77 | 178059 Maryville University of Saint Louis (Saint Louis, MO) 0.73"
university-of-phoenix-tulsa-campus,University of Phoenix Tulsa Campus,"Tulsa, Oklahoma",none,0.711,,,,,,,,"207971 University of Tulsa (Tulsa, OK) 0.71 | 207500 University of Oklahoma-Norman Campus (Norman, OK) 0.66 | 206914 Cameron University (Lawton, OK) 0.65"
university-of-phoenix-utah-campus,University of Phoenix Utah Campus,"Salt Lake City, Utah",none,0.741,,,,,,,,"230603 Southern Utah University (Cedar City, UT) 0.74 | 230728 Utah State University (Logan, UT) 0.71 | 230764 University of Utah (Salt Lake City, UT) 0.70"
university-of-phoenix-washington-dc-campus,University of Phoenix Washington DC Campus,"Washington, District Of Columbia",none,0.0,,,,,,,,
university-of-phoenix-west-florida-campus,University of Phoenix West Florida Campus,"Temple Terrace, Florida",review,0.754,,,,,,,,"138354 University of West Florida (Pensacola, FL) 0.75 | 408844 Florida National University-Main Campus (Hialeah, FL) 0.73 | 133650 Florida Agricultural and Mechanical University (Tallahassee, FL) 0.70"
university-of-phoenix-west-michigan-campus,University of Phoenix West Michigan Campus,"Walker, Michigan",none,0.727,,,,,,,,"172699 Western Michigan University (Kalamazoo, MI) 0.73 | 490373 Western Michigan University Homer Stryker M.D. School of Medicine (Kalamazoo, MI) 0.71 | 171456 Northern Michigan University (Marquette, MI) 0.69"
university-of-phoenix-western-washington-campus,University of Phoenix Western Washington Campus,"Tukwila, Washington",review,0.795,,,,,,,,"237011 Western Washington University (Bellingham, WA) 0.79 | 377564 University of Washington-Tacoma Campus (Tacoma, WA) 0.76 | 236948 University of Washington-Seattle Campus (Seattle, WA) 0.75"
university-of-phoenix-wichita-campus,University of Phoenix Wichita Campus,"Wichita, Kansas",review,0.767,,,,,,,,"156125 Wichita State University (Wichita, KS) 0.77 | 156107 Wichita State University-Campus of Applied Sciences and Technology (Wichita, KS) 0.64"
university-of-south-florida-st-petersburg-campus,University of South Florida St. Petersburg Campus,"St. Petersburg, Florida",none,0.713,,,,,,,,"408844 Florida National University-Main Campus (Hialeah, FL) 0.71 | 137351 University of South Florida (Tampa, FL) 0.67 | 133951 Florida International University (Miami, FL) 0.62"
university-of-texas-medical-branch,University of Texas Medical Branch,"Galveston, Texas",review,0.891,,,,,,,,"228653 The University of Texas Medical Branch at Galveston (Galveston, TX) 0.89 | 229115 Texas Tech University (Lubbock, TX) 0.81 | 228723 Texas A&M University-College Station (College Station, TX) 0.78"
university-of-the-district-of-columbia,University of the District of Columbia,"Washington, District Of Columbia",none,0.0,,,,,,,,
university-of-the-sciences,University of the Sciences,"Philadelphia, Pennsylvania",review,0.789,,,,,,,,"498571 Pennsylvania Western University (California, PA) 0.79 | 210739 DeSales University (Center Valley, PA) 0.76 | 211352 Cabrini University (Radnor, PA) 0.76"
unt-health-fort-worth,UNT Health Fort Worth,"Fort Worth, Texas",none,0.633,,,,,,,,"480833 The College of Health Care Professions-Fort Worth (Fort Worth, TX) 0.63"
urbana-university,Urbana University,"Urbana, Ohio",none,0.727,,,,,,,,"206437 Walsh University (North Canton, OH) 0.73 | 206622 Xavier University (Cincinnati, OH) 0.71 | 204909 Ohio Wesleyan University (Delaware, OH) 0.63"
urshan-college,Urshan College,"Wentzville, Missouri",none,0.733,,,,,,,,"178208 Midwestern Baptist Theological Seminary (Kansas City, MO) 0.73 | 179548 Stephens College (Columbia, MO) 0.73 | 178697 College of the Ozarks (Point Lookout, MO) 0.71"
ut-southwestern-medical-center,UT Southwestern Medical Center,"Dallas, Texas",review,0.841,,,,,,,,"228635 University of Texas Southwestern Medical Center (Dallas, TX) 0.84 | 369686 Northwest Educational Center (Houston, TX) 0.69 | 228468 Southwestern Adventist University (Keene, TX) 0.63"
utah-state-university-college-of-eastern-utah,Utah State University College of Eastern Utah,"Price, Utah",none,0.667,,,,,,,,"230728 Utah State University (Logan, UT) 0.67 | 230603 Southern Utah University (Cedar City, UT) 0.64"
utica-college,Utica College,"Utica, New York",review,0.815,,,,,,,,"191968 Ithaca College (Ithaca, NY) 0.81 | 192192 Keuka College (Keuka Park, NY) 0.77 | 195474 Siena College (Loudonville, NY) 0.77"
valley-college-princeton,Valley College Princeton,"Princeton, West Virginia",none,0.72,,,,,,,,"377661 Valley College-Martinsburg (Martinsburg, WV) 0.72 | 237367 Fairmont State University (Fairmont, WV) 0.61 | 377652 Valley College-Beckley (Beckley, WV) 0.61"
vermilion-community-college,Vermilion Community College,"Ely, Minnesota",review,0.852,,,,,,,,"173063 Riverland Community College (Austin, MN) 0.85 | 174428 Normandale Community College (Bloomington, MN) 0.76 | 173799 Inver Hills Community College (Inver Grove Heights, MN) 0.75"
vermont-technical-college,Vermont Technical College,"Randolph Center, Vermont",review,0.76,,,,,,,,"230861 Community College of Vermont (Montpelier, VT) 0.76 | 455992 Vermont College of Fine Arts (Montpelier, VT) 0.68 | 231059 Saint Michael's College (Colchester, VT) 0.62"
victory-university,Victory University,"Memphis, Tennessee",none,0.718,,,,,,,,"221999 Vanderbilt University (Nashville, TN) 0.72 | 220613 Lee University (Cleveland, TN) 0.62 | 220181 Fisk University (Nashville, TN) 0.61"
virginia-intermont-college,Virginia Intermont College,"Bristol, Virginia",review,0.787,,,,,,,,"233116 Piedmont Virginia Community College (Charlottesville, VA) 0.79 | 232946 Northern Virginia Community College (Annandale, VA) 0.75 | 441858 Eastern Virginia Career College (Fredericksburg, VA) 0.74"
virginia-marti-college-of-art-and-design,Virginia Marti College of Art and Design,"Lakewood, Ohio",none,0.667,,,,,,,,"205391 The Modern College of Design (Kettering, OH) 0.67 | 204334 National Beauty College (Canton, OH) 0.61 | 202170 Columbus College of Art & Design (Columbus, OH) 0.60"
virginia-wesleyan-college,Virginia Wesleyan College,"Norfolk, Virginia",none,0.746,,,,,,,,"233949 Virginia Western Community College (Roanoke, VA) 0.75 | 234173 Virginia Wesleyan University (Virginia Beach, VA) 0.72 | 233897 University of Virginia's College at Wise (Wise, VA) 0.64"
voorhees-college,Voorhees College,"Denmark, South Carolina",none,0.733,,,,,,,,"218399 Morris College (Sumter, SC) 0.73 | 218973 Wofford College (Spartanburg, SC) 0.71 | 217998 Erskine College (Due West, SC) 0.65"
w-l-bonner-college,W L Bonner College,"Columbia, South Carolina",none,0.683,,,,,,,,"487807 Top of the Line Barber College (Charleston, SC) 0.68 | 217721 Benedict College (Columbia, SC) 0.68 | 217891 Clinton College (Rock Hill, SC) 0.61"
waldorf-college,Waldorf College,"Forest City, Iowa",review,0.786,,,,,,,,"153825 Loras College (Dubuque, IA) 0.79 | 154527 Wartburg College (Waverly, IA) 0.71 | 153834 Luther College (Decorah, IA) 0.69"
warner-pacific-college,Warner Pacific College,"Portland, Oregon",none,0.698,,,,,,,,"407610 Pacific Bible College (Medford, OR) 0.70 | 208512 Sumner College (Portland, OR) 0.64 | 209612 Pacific University (Forest Grove, OR) 0.64"
washington-state-community-college,Washington State Community College,"Marietta, Ohio",review,0.887,,,,,,,,"206446 Washington State College of Ohio (Marietta, OH) 0.89 | 206011 Terra State Community College (Fremont, OH) 0.79 | 203331 Eastern Gateway Community College (Steubenville, OH) 0.75"
watkins-college-of-art-design-and-film,Watkins College of Art Design &amp; Film,"Nashville, Tennessee",none,0.708,,,,,,,,"368452 Nossi College of Art and Design (Nashville, TN) 0.71"
wentworth-military-academy-and-junior-college,Wentworth Military Academy &amp; Junior College,"Lexington, Missouri",none,0.507,,,,,,,,
west-coast-ultrasound-institute,West Coast Ultrasound Institute,"Beverly Hills, California",none,0.647,,,,,,,,"110316 California Institute of Integral Studies (San Francisco, CA) 0.65 | 490160 Sacramento Ultrasound Institute (Sacramento, CA) 0.65 | 448895 Milan Institute-Clovis (Clovis, CA) 0.64"
west-hills-college-coalinga,West Hills College Coalinga,"Coalinga, California",review,0.774,,,,,,,,"125462 Coalinga College (Coalinga, CA) 0.77 | 125471 West Los Angeles College (Culver City, CA) 0.75 | 117715 Los Angeles Southwest College (Los Angeles, CA) 0.68"
west-hills-college-lemoore,West Hills College Lemoore,"Lemoore, California",review,0.762,,,,,,,,"448594 Lemoore College (Lemoore, CA) 0.76 | 125499 West Valley College (Saratoga, CA) 0.71 | 125471 West Los Angeles College (Culver City, CA) 0.68"
western-dakota-technical-institute,Western Dakota Technical Institute,"Rapid City, South Dakota",review,0.858,,,,,,,,"219480 Western Dakota Technical College (Rapid City, SD) 0.86"
western-international-university,Western International University,"Phoenix, Arizona",none,0.613,,,,,,,,"500184 Western Maricopa Education Center - Northwest Campus (Suprise, AZ) 0.61 | 104179 University of Arizona (Tucson, AZ) 0.60"
westminster-college-ut,Westminster College,"Salt Lake City, Utah",review,0.822,,,,,,,,"230807 Westminster University (Salt Lake City, UT) 0.82 | 230418 Ensign College (Salt Lake City, UT) 0.70 | 444787 Nightingale College (Salt Lake City, UT) 0.66"
wheaton-college-ma,Wheaton College,"Norton, Massachusetts",review,0.815,,,,,,,,"165574 Dean College (Franklin, MA) 0.81 | 165662 Emerson College (Boston, MA) 0.73 | 168281 Wheaton College (Massachusetts) (Norton, MA) 0.71"
wheeling-jesuit-university,Wheeling Jesuit University,"Wheeling, West Virginia",review,0.874,,,,,,,,"238078 Wheeling University (Wheeling, WV) 0.87 | 237932 West Liberty University (West Liberty, WV) 0.65"
wichita-area-technical-college,Wichita Area Technical College,"Wichita, Kansas",none,0.746,,,,,,,,"155830 Salina Area Technical College (Salina, KS) 0.75 | 155487 Manhattan Area Technical College (Manhattan, KS) 0.71 | 156134 Wichita Technical Institute (Wichita, KS) 0.70"
widener-university-delaware-campus,Widener University Delaware Campus,"Wilmington, Delaware",none,0.717,,,,,,,,"130943 University of Delaware (Newark, DE) 0.72 | 450298 Strayer University-Delaware (Wilmington, DE) 0.65 | 130934 Delaware State University (Dover, DE) 0.64"
wiley-college,Wiley College,"Marshall, Texas",review,0.833,,,,,,,,"226204 Lee College (Baytown, TX) 0.83 | 225371 Hill College (Hillsboro, TX) 0.80 | 226879 Wade College (Dallas, TX) 0.80"
william-mary,College of William and Mary,"Williamsburg, Virginia",review,0.78,,,,,,,,"231624 William & Mary (Williamsburg, VA) 0.78 | 233338 Richard Bland College (South Prince George, VA) 0.74 | 232681 University of Mary Washington (Fredericksburg, VA) 0.70"
williams-baptist-college,Williams Baptist College,"Walnut Ridge, Arkansas",none,0.736,,,,,,,,"107877 Williams Baptist University (Walnut Ridge, AR) 0.74 | 106546 Baptist Health College Little Rock (Little Rock, AR) 0.66 | 106713 Central Baptist College (Conway, AR) 0.64"
wisconsin-indianhead-technical-college,Wisconsin Indianhead Technical College,"Shell Lake, Wisconsin",review,0.853,,,,,,,,"239488 Northeast Wisconsin Technical College (Green Bay, WI) 0.85 | 239910 Southwest Wisconsin Technical College (Fennimore, WI) 0.80 | 240170 Western Technical College (La Crosse, WI) 0.74"
wood-tobe-coburn-school,Wood Tobe Coburn School,"New York, New York",none,0.6,,,,,,,,"189219 Berk Trade and Business School (Long Island City, NY) 0.60"
wright-career-college,Wright Career College,"Overland Park, Kansas",none,0.698,,,,,,,,"493831 Midwest Barber College (Topeka, KS) 0.70 | 155353 Old Town Barber College (Wichita, KS) 0.64"
yakima-valley-community-college,Yakima Valley Community College,"Yakima, Washington",review,0.838,,,,,,,,"237109 Yakima Valley College (Yakima, WA) 0.84 | 236887 Walla Walla Community College (Walla Walla, WA) 0.80 | 236753 Tacoma Community College (Tacoma, WA) 0.76"
yellowstone-christian-college,Yellowstone Christian College,"Billings, Montana",none,0.708,,,,,,,,"366340 Stone Child College (Box Elder, MT) 0.71 | 180160 Chief Dull Knife College (Lame Deer, MT) 0.60"
yeshivat-mikdash-melech,Yeshivat Mikdash Melech,"Brooklyn, New York",none,0.697,,,,,,,,"498809 Yeshiva of Kasho (Brooklyn, NY) 0.70 | 493664 Yeshivat Hechal Shemuel (Brooklyn, NY) 0.68 | 197647 Yeshiva Derech Chaim (Brooklyn, NY) 0.63"
york-college,York College,"York, Nebraska",none,0.6,,,,,,,,"181534 Peru State College (Peru, NE) 0.60 | 181604 College of Saint Mary (Omaha, NE) 0.60"
yorktowne-business-institute,Yorktowne Business Institute,"York, Pennsylvania",review,0.792,,,,,,,,"250027 Laurel Business Institute (Uniontown, PA) 0.79 | 217077 YTI Career Institute-York (York, PA) 0.67 | 385503 Fortis Institute-Scranton (Scranton, PA) 0.64"
zion-bible-college,Zion Bible College,"Haverhill, Massachusetts",review,0.792,,,,,,,,"217606 Northpoint Bible College (Haverhill, MA) 0.79 | 164748 Berklee College of Music (Boston, MA) 0.67 | 165167 Cambridge College (Boston, MA) 0.63"
