slug,title,state,tier,why,open_admission,cited_gpa,acceptance_rate,sat,act,clicks_12m,impressions_12m,addresses_counted,recommendation,reason,old_slug
a-t-still-university,A.T. Still University of Health Sciences,MO,C,"no cited GPA, acceptance rate or SAT/ACT",,,,,,0,47,2,noindex,"tier C, no clicks in 12 months",
aaniiih-nakoda-college,Aaniiih Nakoda College,MT,C,open admission (IPEDS),Yes,,,,,0,0,0,noindex,"tier C, no clicks in 12 months",fort-belknap-college
abilene-christian-university,Abilene Christian University,TX,B,no cited GPA,No,,66%,math 530-620,22-28,1,329,2,index,tier B,
abraham-baldwin-agricultural-college,Abraham Baldwin Agricultural College,GA,B,no cited GPA,No,,76%,math 420-520,17-22,0,18,2,index,tier B,
academy-college,Academy College,MN,C,open admission (IPEDS),Yes,,,,,0,4,1,noindex,"tier C, no clicks in 12 months",
academy-of-art-university,Academy of Art University,CA,C,open admission (IPEDS),Yes,,,,,1,610,1,index,"tier C, kept for traffic: 1 clicks in 12 months",
adams-state-university,Adams State University,CO,C,open admission (IPEDS),Yes,,,,,0,56,1,noindex,"tier C, no clicks in 12 months",adams-state-college
adelphi-university,Adelphi University,NY,B,no cited GPA,No,,66%,math 550-680,24-30,0,763,2,index,tier B,
adler-university,Adler University,IL,C,"no cited GPA, acceptance rate or SAT/ACT",,,,,,0,44,1,noindex,"tier C, no clicks in 12 months",
adrian-college,Adrian College,MI,B,no cited GPA,No,,73%,math 430-560,21-27,0,0,0,index,tier B,
advanced-technology-institute,Advanced Technology Institute,VA,B,no cited GPA; test blind,No,,54%,,,0,4,1,index,tier B,
adventhealth-university,AdventHealth University,FL,C,open admission (IPEDS),Yes,,,,,0,6,1,noindex,"tier C, no clicks in 12 months",florida-hospital-college-of-health-sciences
agape-college-of-business-and-science,Agape College of Business and Science,CA,C,open admission (IPEDS),Yes,,,,,0,5,1,noindex,"tier C, no clicks in 12 months",
agnes-scott,Agnes Scott College,GA,A,"cited GPA, acceptance rate and SAT/ACT",No,3.63 (2025-26),62%,math 540-635,25-31,0,98,1,index,tier A,
aiken-technical-college,Aiken Technical College,SC,C,open admission (IPEDS),Yes,,,,,0,28,1,noindex,"tier C, no clicks in 12 months",
aims-community-college,Aims Community College,CO,C,open admission (IPEDS),Yes,,,,,0,24,1,noindex,"tier C, no clicks in 12 months",
air-force-academy,United States Air Force Academy,CO,B,no cited GPA,No,,14%,math 610-730,26-33,0,260,1,index,tier B,
alabama,The University of Alabama,AL,A,"cited GPA, acceptance rate and SAT/ACT",No,3.85 (2025-26),77%,math 580-710,24-31,0,1981,2,index,tier A,
alabama-a-m-university,Alabama A &amp; M University,AL,B,no cited GPA,No,,58%,math 390-510,14-19,0,764,3,index,tier B,
alabama-state-university,Alabama State University,AL,B,no cited GPA,No,,98%,math 350-462,15-20,2,571,2,index,tier B,
alamance-community-college,Alamance Community College,NC,C,open admission (IPEDS),Yes,,,,,0,9,1,noindex,"tier C, no clicks in 12 months",
alaska-bible-college,Alaska Bible College,AK,C,open admission (IPEDS),Yes,,,,,0,34,1,noindex,"tier C, no clicks in 12 months",
alaska-pacific-university,Alaska Pacific University,AK,B,no cited GPA; test blind,No,,96%,,,0,151,2,index,tier B,
albany-college-of-pharmacy-and-health-sciences,Albany College of Pharmacy and Health Sciences,NY,B,no cited GPA,No,,53%,math 560-700,23-31,0,45,1,index,tier B,
albany-state-university,Albany State University,GA,C,open admission (IPEDS),Yes,,,,,3,1984,3,index,"tier C, kept for traffic: 3 clicks in 12 months",
albany-technical-college,Albany Technical College,GA,C,open admission (IPEDS),Yes,,,,,0,19,1,noindex,"tier C, no clicks in 12 months",
albertus-magnus-college,Albertus Magnus College,CT,A,"cited GPA, acceptance rate and test blind",No,3.11 (2024-25),59%,,,0,27,1,index,tier A,
albion-college,Albion College,MI,A,"cited GPA, acceptance rate and test blind",No,3.51 (2025-26),81%,,,0,76,1,index,tier A,
albizu-university-miami,Albizu University Miami,FL,B,no cited GPA; test blind,No,,76%,,,0,88,2,index,tier B,carlos-albizu-university-miami
albright-college,Albright College,PA,B,no cited GPA; test blind,No,,76%,,,0,74,1,index,tier B,
alcorn-state-university,Alcorn State University,MS,B,no cited GPA,No,,45%,math 270-485,15-19,1,496,2,index,tier B,
alexandria-technical-and-community-college,Alexandria Technical &amp; Community College,MN,C,open admission (IPEDS),Yes,,,,,0,0,0,noindex,"tier C, no clicks in 12 months",
alfred-university,Alfred University,NY,B,no cited GPA,No,,74%,math 540-650,24-29,0,567,2,index,tier B,
alice-lloyd-college,Alice Lloyd College,KY,B,no cited GPA,No,,75%,math 330-460,16-22,0,14,1,index,tier B,
allan-hancock-college,Allan Hancock College,CA,C,open admission (IPEDS),Yes,,,,,0,48,1,noindex,"tier C, no clicks in 12 months",
allegany-college-of-maryland,Allegany College of Maryland,MD,C,open admission (IPEDS),Yes,,,,,0,18,1,noindex,"tier C, no clicks in 12 months",
allegheny-college,Allegheny College,PA,A,"cited GPA, acceptance rate and SAT/ACT",No,3.59 (2025-26),55%,math 563-668,25-30,0,55,1,index,tier A,
allegheny-wesleyan-college,Allegheny Wesleyan College,OH,C,open admission (IPEDS),Yes,,,,,0,8,1,noindex,"tier C, no clicks in 12 months",
allen-college,Allen College,IA,C,"no cited GPA, acceptance rate or SAT/ACT",,,,,,0,17,1,noindex,"tier C, no clicks in 12 months",
allen-county-community-college,Allen County Community College,KS,C,open admission (IPEDS),Yes,,,,,0,7,1,noindex,"tier C, no clicks in 12 months",
allen-university,Allen University,SC,B,no cited GPA; test blind,No,,73%,,,0,537,2,index,tier B,
alliant-international-university,Alliant International University,CA,C,"no cited GPA, acceptance rate or SAT/ACT",No,,,,,1,355,1,index,"tier C, kept for traffic: 1 clicks in 12 months",
alma-college,Alma College,MI,B,no cited GPA; test blind,No,,57%,,,0,51,1,index,tier B,
alpena-community-college,Alpena Community College,MI,C,open admission (IPEDS),Yes,,,,,0,17,1,noindex,"tier C, no clicks in 12 months",
alvernia-university,Alvernia University,PA,B,no cited GPA,No,,58%,math 523-628,,1,377,2,index,tier B,
alverno-college,Alverno College,WI,B,no cited GPA; test blind,No,,86%,,,0,15,1,index,tier B,
alvin-community-college,Alvin Community College,TX,C,open admission (IPEDS),Yes,,,,,0,31,1,noindex,"tier C, no clicks in 12 months",
amarillo-college,Amarillo College,TX,C,open admission (IPEDS),Yes,,,,,0,75,1,noindex,"tier C, no clicks in 12 months",
amberton-university,Amberton University,TX,C,"no cited GPA, acceptance rate or SAT/ACT",,,,,,0,137,2,noindex,"tier C, no clicks in 12 months",
america-evangelical-university,America Evangelical University,CA,C,open admission (IPEDS),Yes,,,,,0,2,1,noindex,"tier C, no clicks in 12 months",
american-academy-mcallister-institute-of-funeral-service,American Academy McAllister Institute of Funeral Service,NY,C,open admission (IPEDS),Yes,,,,,0,10,1,noindex,"tier C, no clicks in 12 months",
american-academy-of-dramatic-arts-new-york,American Academy of Dramatic Arts New York,NY,B,no cited GPA; test blind,No,,92%,,,0,7,1,index,tier B,
american-baptist-college,American Baptist College,TN,C,open admission (IPEDS),Yes,,,,,0,8,1,noindex,"tier C, no clicks in 12 months",
american-college-of-financial-services,American College of Financial Services,PA,C,"no cited GPA, acceptance rate or SAT/ACT",,,,,,0,5,1,noindex,"tier C, no clicks in 12 months",
american-indian-college-of-the-assemblies-of-god-inc,American Indian College of the Assemblies of God Inc,,C,figures removed in Phase 2 H (identity under review),,,,,,0,2,1,noindex,"tier C, no clicks in 12 months",
american-institute-of-alternative-medicine,American Institute of Alternative Medicine,OH,B,no cited GPA; test blind,No,,78%,,,0,2,1,index,tier B,
american-intercontinental-university-atlanta,American InterContinental University Atlanta,GA,C,open admission (IPEDS),Yes,,,,,0,207,2,noindex,"tier C, no clicks in 12 months",
american-intercontinental-university-houston,American InterContinental University Houston,TX,C,open admission (IPEDS),Yes,,,,,0,115,2,noindex,"tier C, no clicks in 12 months",
american-intercontinental-university-online,American InterContinental University Online,AZ,C,open admission (IPEDS),Yes,,,,,1,177,1,index,"tier C, kept for traffic: 1 clicks in 12 months",
american-international-college,American International College,MA,B,no cited GPA; test blind,No,,100%,,,0,18,1,index,tier B,
american-islamic-college,American Islamic College,IL,B,no cited GPA or SAT/ACT,No,,100%,,,0,1,1,index,tier B,
american-jewish-university,American Jewish University,CA,C,"no cited GPA, acceptance rate or SAT/ACT",,,,,,0,77,2,noindex,"tier C, no clicks in 12 months",
american-musical-and-dramatic-academy,American Musical and Dramatic Academy,NY,B,no cited GPA; test blind,No,,24%,,,0,9,1,index,tier B,
american-national-university,American National University,VA,C,open admission (IPEDS),Yes,,,,,0,0,0,noindex,"tier C, no clicks in 12 months",national-college-salem
american-public-university-system,American Public University System,WV,C,open admission (IPEDS),Yes,,,,,0,113,2,noindex,"tier C, no clicks in 12 months",
american-river-college,American River College,CA,C,open admission (IPEDS),Yes,,,,,0,29,1,noindex,"tier C, no clicks in 12 months",
american-university,American University,DC,B,no cited GPA,No,,62%,math 620-720,29-32,0,264,2,index,tier B,
american-university-of-health-sciences,American University of Health Sciences,CA,B,no cited GPA; test blind,No,,50%,,,0,19,2,index,tier B,
amherst,Amherst College,MA,B,no cited GPA,No,,9%,math 750-800,33-35,0,251,1,index,tier B,
amridge-university,Amridge University,AL,C,open admission (IPEDS),Yes,,,,,1,45,2,index,"tier C, kept for traffic: 1 clicks in 12 months",
ana-g-mendez-university,Ana G. Mendez University,FL,C,open admission (IPEDS),Yes,,,,,0,4,1,noindex,"tier C, no clicks in 12 months",
anderson-university,Anderson University,IN,B,no cited GPA,No,,79%,math 450-570,17-24,2,477,3,index,tier B,
anderson-university-sc,Anderson University,SC,B,no cited GPA,No,,55%,math 540-630,22-29,0,41,1,index,tier B,
andrew-college,Andrew College,GA,B,no cited GPA; test blind,No,,46%,,,1,39,1,index,tier B,
andrews-university,Andrews University,MI,B,no cited GPA,No,,82%,math 470-630,20-26,0,133,2,index,tier B,
angelina-college,Angelina College,TX,C,open admission (IPEDS),Yes,,,,,0,36,1,noindex,"tier C, no clicks in 12 months",
angelo-state-university,Angelo State University,TX,B,no cited GPA,No,,83%,math 440-560,18-24,0,331,2,index,tier B,
anna-maria-college,Anna Maria College,MA,B,no cited GPA or SAT/ACT,No,,50%,,,0,5,1,index,tier B,
anne-arundel-community-college,Anne Arundel Community College,MD,C,open admission (IPEDS),Yes,,,,,0,41,1,noindex,"tier C, no clicks in 12 months",
anoka-ramsey-community-college,Anoka-Ramsey Community College,MN,C,open admission (IPEDS),Yes,,,,,0,34,1,noindex,"tier C, no clicks in 12 months",
anoka-technical-college,Anoka Technical College,MN,C,open admission (IPEDS),Yes,,,,,0,0,0,noindex,"tier C, no clicks in 12 months",
antelope-valley-college,Antelope Valley College,CA,C,open admission (IPEDS),Yes,,,,,0,30,1,noindex,"tier C, no clicks in 12 months",
antioch-college,Antioch College,OH,B,no cited GPA or SAT/ACT,No,,89%,,,0,15,1,index,tier B,
antioch-university,Antioch University,OH,C,"no cited GPA, acceptance rate or SAT/ACT",,,,,,1,88,3,index,"tier C, kept for traffic: 1 clicks in 12 months",
antioch-university-los-angeles,Antioch University Los Angeles,CA,C,"no cited GPA, acceptance rate or SAT/ACT",,,,,,1,55,2,index,"tier C, kept for traffic: 1 clicks in 12 months",
antioch-university-santa-barbara,Antioch University Santa Barbara,CA,C,"no cited GPA, acceptance rate or SAT/ACT",,,,,,0,36,2,noindex,"tier C, no clicks in 12 months",
antioch-university-seattle,Antioch University Seattle,WA,C,"no cited GPA, acceptance rate or SAT/ACT",,,,,,1,54,2,index,"tier C, kept for traffic: 1 clicks in 12 months",
appalachian-bible-college,Appalachian Bible College,WV,B,no cited GPA,No,,78%,math 408-523,21-23,0,3,1,index,tier B,
appalachian-state,Appalachian State University,NC,B,no cited GPA,No,,90%,math 550-620,21-27,1,1503,2,index,tier B,
aquinas-college-mi,Aquinas College,MI,A,"cited GPA, acceptance rate and SAT/ACT",No,3.48 (2024-25),90%,math 440-550,20-26,0,32,1,index,tier A,
aquinas-college-tn,Aquinas College,,C,figures removed in Phase 2 H (identity under review),,,,,,0,5,1,noindex,"tier C, no clicks in 12 months",
arapahoe-community-college,Arapahoe Community College,CO,C,open admission (IPEDS),Yes,,,,,0,19,1,noindex,"tier C, no clicks in 12 months",
arcadia-university,Arcadia University,PA,A,"cited GPA, acceptance rate and SAT/ACT",No,3.4 (2023-24),80%,math 515-615,,0,390,2,index,tier A,
arizona-christian-university,Arizona Christian University,AZ,B,no cited GPA; test blind,No,,71%,,,1,180,2,index,tier B,
arizona-college-of-allied-health,Arizona College of Allied Health,,C,figures removed in Phase 2 H (identity under review),,,,,,0,7,1,noindex,"tier C, no clicks in 12 months",
arizona-state-university,Arizona State University,AZ,B,no cited GPA; test blind,No,,90%,,,1,1345,3,index,tier B,
arizona-western-college,Arizona Western College,AZ,C,open admission (IPEDS),Yes,,,,,0,0,0,noindex,"tier C, no clicks in 12 months",
arkansas-baptist-college,Arkansas Baptist College,AR,C,open admission (IPEDS),Yes,,,,,0,14,1,noindex,"tier C, no clicks in 12 months",
arkansas-northeastern-college,Arkansas Northeastern College,AR,C,open admission (IPEDS),Yes,,,,,0,2,1,noindex,"tier C, no clicks in 12 months",
arkansas-state-university-beebe,Arkansas State University Beebe,AR,C,open admission (IPEDS),Yes,,,,,2,235,2,index,"tier C, kept for traffic: 2 clicks in 12 months",
arkansas-state-university-main-campus,Arkansas State University,AR,B,no cited GPA,No,,82%,math 480-620,18-24,2,629,2,index,tier B,
arkansas-state-university-mid-south,Arkansas State University Mid-South,AR,C,open admission (IPEDS),Yes,,,,,0,1,1,noindex,"tier C, no clicks in 12 months",mid-south-community-college
arkansas-state-university-mountain-home,Arkansas State University Mountain Home,AR,C,open admission (IPEDS),Yes,,,,,1,206,2,index,"tier C, kept for traffic: 1 clicks in 12 months",
arkansas-state-university-newport,Arkansas State University Newport,AR,C,open admission (IPEDS),Yes,,,,,1,80,2,index,"tier C, kept for traffic: 1 clicks in 12 months",
arkansas-state-university-three-rivers,Arkansas State University Three Rivers,AR,C,open admission (IPEDS),Yes,,,,,0,0,0,noindex,"tier C, no clicks in 12 months",college-of-the-ouachitas
arkansas-tech-university,Arkansas Tech University,AR,B,no cited GPA,No,,96%,math 430-550,17-23,0,238,2,index,tier B,
arlington-baptist-university,Arlington Baptist University,TX,C,open admission (IPEDS),Yes,,,,,0,4,1,noindex,"tier C, no clicks in 12 months",arlington-baptist-college
art-academy-of-cincinnati,Art Academy of Cincinnati,OH,B,no cited GPA or SAT/ACT,No,,34%,,,0,3,1,index,tier B,
art-center-college-of-design,Art Center College of Design,CA,B,no cited GPA; test blind,No,,75%,,,0,27,1,index,tier B,
asbury-university,Asbury University,KY,B,no cited GPA; test blind,No,,63%,,,0,108,2,index,tier B,
asheville-buncombe-technical-community-college,Asheville-Buncombe Technical Community College,NC,C,open admission (IPEDS),Yes,,,,,0,4,1,noindex,"tier C, no clicks in 12 months",
ashland-community-and-technical-college,Ashland Community and Technical College,KY,C,open admission (IPEDS),Yes,,,,,0,4,1,noindex,"tier C, no clicks in 12 months",
ashland-university,Ashland University,OH,A,"cited GPA, acceptance rate and SAT/ACT",No,3.6 (2023-24),76%,math 530-598,20-25,0,292,3,index,tier A,
aspira-city-college,ASPIRA City College,PA,B,no cited GPA; test blind,No,,50%,,,0,0,0,index,tier B,metropolitan-career-center-computer-technology-institute
assumption-university,Assumption University,MA,B,no cited GPA; test blind,No,,83%,,,0,96,1,index,tier B,assumption-college
ata-college,ATA College,KY,C,open admission (IPEDS),Yes,,,,,0,15,1,noindex,"tier C, no clicks in 12 months",
athenaeum-of-ohio,Athenaeum of Ohio,OH,C,open admission (IPEDS),Yes,,,,,0,1,1,noindex,"tier C, no clicks in 12 months",
athens-state-university,Athens State University,AL,C,"no cited GPA, acceptance rate or SAT/ACT",,,,,,0,186,2,noindex,"tier C, no clicks in 12 months",
athens-technical-college,Athens Technical College,GA,C,open admission (IPEDS),Yes,,,,,1,44,1,index,"tier C, kept for traffic: 1 clicks in 12 months",
atlanta-metropolitan-college,Atlanta Metropolitan State College,GA,C,open admission (IPEDS),Yes,,,,,0,12,1,noindex,"tier C, no clicks in 12 months",
atlanta-technical-college,Atlanta Technical College,GA,C,open admission (IPEDS),Yes,,,,,0,77,1,noindex,"tier C, no clicks in 12 months",
atlantic-cape-community-college,Atlantic Cape Community College,NJ,C,open admission (IPEDS),Yes,,,,,0,16,1,noindex,"tier C, no clicks in 12 months",
ats-institute-of-technology,ATS Institute of Technology,,C,figures removed in Phase 2 H (identity under review),,,,,,0,7,1,noindex,"tier C, no clicks in 12 months",
auburn,Auburn University,AL,B,no cited GPA,No,,46%,math 630-700,26-31,12,5894,2,index,tier B,
auburn-university-at-montgomery,Auburn University at Montgomery,AL,A,"cited GPA, acceptance rate and SAT/ACT",No,3.44 (2024-25),92%,math 498-600,18-24,0,303,2,index,tier A,
augsburg-university,Augsburg University,MN,B,no cited GPA; test blind,No,,82%,,,1,128,1,index,tier B,augsburg-college
augusta-technical-college,Augusta Technical College,GA,C,open admission (IPEDS),Yes,,,,,0,33,1,noindex,"tier C, no clicks in 12 months",
augusta-university,Augusta University,GA,B,no cited GPA,No,,86%,math 470-550,18-25,0,435,4,index,tier B,
augustana,Augustana University,SD,A,"cited GPA, acceptance rate and SAT/ACT",No,3.657 (2025-26),68%,math 580-690,21-27,0,66,1,index,tier A,
augustana-college,Augustana College,IL,A,"cited GPA, acceptance rate and SAT/ACT",No,3.4 (2025-26),63%,math 510-640,21-29,0,52,1,index,tier A,
aultman-college-of-nursing-and-health-sciences,Aultman College of Nursing and Health Sciences,OH,B,no cited GPA,No,,46%,,15-25,0,2,1,index,tier B,
aurora-university,Aurora University,IL,A,"cited GPA, acceptance rate and SAT/ACT",No,3.51 (2025-26),81%,math 430-570,21-29,0,392,2,index,tier A,
austin-college,Austin College,TX,B,no cited GPA,No,,48%,math 550-650,23-29,0,118,1,index,tier B,
austin-community-college-district,Austin Community College District,TX,C,open admission (IPEDS),Yes,,,,,0,16,1,noindex,"tier C, no clicks in 12 months",
austin-peay-state-university,Austin Peay State University,TN,A,"cited GPA, acceptance rate and SAT/ACT",No,3.35 (2025-26),96%,math 398-553,18-24,0,883,2,index,tier A,
ave-maria-university,Ave Maria University,FL,B,no cited GPA; test blind,No,,41%,,,1,1127,2,index,tier B,
averett-university,Averett University,VA,B,no cited GPA,No,,57%,math 478-560,15-28,0,279,3,index,tier B,
aviation-institute-of-maintenance-manassas,Aviation Institute of Maintenance Manassas,VA,C,open admission (IPEDS),Yes,,,,,0,7,1,noindex,"tier C, no clicks in 12 months",
aviation-institute-of-maintenance-norfolk,Aviation Institute of Maintenance Norfolk,VA,C,open admission (IPEDS),Yes,,,,,0,2,1,noindex,"tier C, no clicks in 12 months",aviation-institute-of-maintenance-chesapeake
aviator-college-of-aeronautical-science-and-technology,Aviator College of Aeronautical Science and Technology,FL,C,open admission (IPEDS),Yes,,,,,0,0,0,noindex,"tier C, no clicks in 12 months",
avila-university,Avila University,MO,B,no cited GPA,No,,88%,math 370-460,16-21,1,193,2,index,tier B,
azusa-pacific-university,Azusa Pacific University,CA,B,no cited GPA,No,,88%,math 468-623,25-30,0,122,2,index,tier B,
babson,Babson College,MA,B,no cited GPA,No,,17%,math 720-790,31-34,0,201,1,index,tier B,
bacone-college,Bacone College,,C,figures removed in Phase 2 H (identity under review),,,,,,0,5,1,noindex,"tier C, no clicks in 12 months",
bais-medrash-elyon,Bais Medrash Elyon,NY,B,no cited GPA; test blind,No,,38%,,,0,13,1,index,tier B,
bais-medrash-toras-chesed,Bais Medrash Toras Chesed,NJ,B,no cited GPA; test blind,No,,58%,,,0,3,1,index,tier B,
baker-college,Baker College,MI,B,no cited GPA,No,,82%,math 460-560,,0,61,9,index,tier B,
baker-university,Baker University,KS,B,no cited GPA or SAT/ACT,No,,94%,,,1,170,2,index,tier B,
bakersfield-college,Bakersfield College,CA,C,open admission (IPEDS),Yes,,,,,1,95,1,index,"tier C, kept for traffic: 1 clicks in 12 months",
bakke-graduate-university,Bakke Graduate University,TX,C,"no cited GPA, acceptance rate or SAT/ACT",,,,,,0,32,1,noindex,"tier C, no clicks in 12 months",
baldwin-wallace-university,Baldwin Wallace University,OH,A,"cited GPA, acceptance rate and SAT/ACT",No,3.72 (2025-26),76%,math 510-640,22-29,0,58,1,index,tier A,baldwin-wallace-college
ball-state-university,Ball State University,IN,B,no cited GPA,No,,86%,math 530-620,20-24,0,1355,2,index,tier B,
baltimore-city-community-college,Baltimore City Community College,MD,C,open admission (IPEDS),Yes,,,,,0,14,1,noindex,"tier C, no clicks in 12 months",
baptist-health-sciences-university,Baptist Health Sciences University,TN,B,no cited GPA,No,,82%,,17-22,0,4,1,index,tier B,baptist-memorial-college-of-health-sciences
baptist-missionary-association-theological-seminary,Baptist Missionary Association Theological Seminary,TX,B,no cited GPA; test blind,No,,29%,,,0,5,1,index,tier B,
baptist-university-of-florida,Baptist University of Florida,FL,B,no cited GPA; test blind,No,,36%,,,0,2,1,index,tier B,the-baptist-college-of-florida
baptist-university-of-the-americas,Baptist University of the Americas,TX,C,open admission (IPEDS),Yes,,,,,0,21,1,noindex,"tier C, no clicks in 12 months",
barclay-college,Barclay College,KS,B,no cited GPA; test blind,No,,51%,,,0,1,1,index,tier B,
bard-college,Bard College,NY,B,no cited GPA,No,,52%,math 620-700,28-32,0,29,1,index,tier B,
bard-college-at-simons-rock,Bard College at Simon's Rock,MA,B,no cited GPA; test blind,No,,96%,,,0,4,1,index,tier B,
barnard,Barnard College,NY,B,no cited GPA,No,,8.8%,math 740-790,32-34,0,145,1,index,tier B,
barry-university,Barry University,FL,B,no cited GPA; test blind,No,,77%,,,0,424,2,index,tier B,
barstow-community-college,Barstow Community College,CA,C,open admission (IPEDS),Yes,,,,,2,16,1,index,"tier C, kept for traffic: 2 clicks in 12 months",
barton-college,Barton College,NC,B,no SAT/ACT,No,3.28 (2025-26),94%,,,0,63,1,index,tier B,
barton-county-community-college,Barton County Community College,KS,C,open admission (IPEDS),Yes,,,,,0,10,1,noindex,"tier C, no clicks in 12 months",
bastyr-university,Bastyr University,WA,C,"no cited GPA, acceptance rate or SAT/ACT",,,,,,1,76,2,index,"tier C, kept for traffic: 1 clicks in 12 months",
bates-college,Bates College,ME,B,no cited GPA,No,,13%,math 710-780,31-34,0,67,1,index,tier B,
bates-technical-college,Bates Technical College,WA,C,open admission (IPEDS),Yes,,,,,0,28,1,noindex,"tier C, no clicks in 12 months",
baton-rouge-college,Baton Rouge College,,C,figures removed in Phase 2 H (identity under review),,,,,,0,4,1,noindex,"tier C, no clicks in 12 months",
baton-rouge-community-college,Baton Rouge Community College,LA,C,open admission (IPEDS),Yes,,,,,0,22,1,noindex,"tier C, no clicks in 12 months",
bay-de-noc-community-college,Bay de Noc Community College,MI,C,open admission (IPEDS),Yes,,,,,0,3,1,noindex,"tier C, no clicks in 12 months",
bay-mills-community-college,Bay Mills Community College,MI,C,open admission (IPEDS),Yes,,,,,0,4,1,noindex,"tier C, no clicks in 12 months",
bay-path-university,Bay Path University,MA,B,no cited GPA,No,,85%,math 520-600,,0,19,1,index,tier B,bay-path-college
baylor-university,Baylor University,TX,B,no cited GPA,No,,51%,math 590-700,27-32,5,2630,2,index,tier B,
beacon-college,Beacon College,FL,B,no cited GPA; test blind,No,,43%,,,0,19,1,index,tier B,
beaufort-county-community-college,Beaufort County Community College,NC,C,open admission (IPEDS),Yes,,,,,0,1,1,noindex,"tier C, no clicks in 12 months",
beckfield-college-florence,Beckfield College Florence,KY,C,open admission (IPEDS),Yes,,,,,0,12,1,noindex,"tier C, no clicks in 12 months",
beis-medrash-heichal-dovid,Beis Medrash Heichal Dovid,NY,B,no cited GPA; test blind,No,,79%,,,0,18,1,index,tier B,
bel-rea-institute-of-animal-technology,Bel-Rea Institute of Animal Technology,CO,C,open admission (IPEDS),Yes,,,,,0,3,1,noindex,"tier C, no clicks in 12 months",
belanger-school-of-nursing,Belanger School of Nursing,NY,C,"no cited GPA, acceptance rate or SAT/ACT",No,,,,,0,6,1,noindex,"tier C, no clicks in 12 months",ellis-school-of-nursing
belhaven-university,Belhaven University,MS,B,no cited GPA,No,,50%,math 520-630,19-24,2,178,2,index,tier B,
bellarmine-university,Bellarmine University,KY,B,no cited GPA,No,,86%,math 520-620,23-28,0,264,2,index,tier B,
bellevue-college,Bellevue College,WA,C,open admission (IPEDS),Yes,,,,,0,67,1,noindex,"tier C, no clicks in 12 months",
bellevue-university,Bellevue University,NE,C,open admission (IPEDS),Yes,,,,,0,276,2,noindex,"tier C, no clicks in 12 months",
bellin-college,Bellin College,WI,B,no cited GPA; test blind,No,,97%,,,0,16,1,index,tier B,
bellingham-technical-college,Bellingham Technical College,WA,C,open admission (IPEDS),Yes,,,,,0,9,1,noindex,"tier C, no clicks in 12 months",
belmont,Belmont University,TN,A,"cited GPA, acceptance rate and SAT/ACT",No,3.83 (2024-25),95%,math 560-660,24-30,0,1251,2,index,tier A,
belmont-abbey-college,Belmont Abbey College,NC,B,no cited GPA,No,,75%,math 470-590,18-26,0,51,1,index,tier B,
belmont-college,Belmont College,OH,C,open admission (IPEDS),Yes,,,,,0,2,1,noindex,"tier C, no clicks in 12 months",belmont-technical-college
beloit-college,Beloit College,WI,A,"cited GPA, acceptance rate and SAT/ACT",No,3.43 (2025-26),63%,math 610-710,24-30,0,35,1,index,tier A,
bemidji-state-university,Bemidji State University,MN,B,no cited GPA,No,,56%,,18-24,0,186,2,index,tier B,
benedict-college,Benedict College,SC,B,no cited GPA; test blind,No,,96%,,,0,90,1,index,tier B,
benedictine-college,Benedictine College,KS,B,no cited GPA,No,,98%,math 570-690,22-29,0,29,1,index,tier B,
benedictine-university,Benedictine University,IL,B,no SAT/ACT,No,3.21 (2024-25),95%,,,0,188,2,index,tier B,
benjamin-franklin-institute-of-technology,Benjamin Franklin Cummings Institute of Technology,MA,C,open admission (IPEDS),Yes,,,,,0,21,1,noindex,"tier C, no clicks in 12 months",
bennett-college,Bennett College,NC,B,no cited GPA,No,,51%,math 410-480,,0,0,0,index,tier B,bennett-college-for-women
bennington-college,Bennington College,VT,A,"cited GPA, acceptance rate and SAT/ACT",No,3.53 (2024-25),45%,math 588-653,30-32,0,46,1,index,tier A,
bentley-university,Bentley University,MA,B,no cited GPA,No,,45%,math 650-730,28-31,2,1158,2,index,tier B,
berea-college,Berea College,KY,B,no cited GPA,No,,19%,math 568-655,23-28,1,114,1,index,tier B,
bergen-community-college,Bergen Community College,NJ,C,open admission (IPEDS),Yes,,,,,0,76,1,noindex,"tier C, no clicks in 12 months",
bergin-college-of-canine-studies,Bergin College of Canine Studies,,C,figures removed in Phase 2 H (identity under review),,,,,,0,57,2,noindex,"tier C, no clicks in 12 months",
berkeley-city-college,Berkeley City College,CA,C,open admission (IPEDS),Yes,,,,,1,56,1,index,"tier C, kept for traffic: 1 clicks in 12 months",
berkeley-college-new-york,Berkeley College New York,NY,C,open admission (IPEDS),Yes,,,,,0,426,1,noindex,"tier C, no clicks in 12 months",
berkeley-college-woodland-park,Berkeley College Woodland Park,NJ,C,open admission (IPEDS),Yes,,,,,0,43,1,noindex,"tier C, no clicks in 12 months",
berkeley-school-of-theology,Berkeley School of Theology,CA,B,no cited GPA; test blind,No,,89%,,,0,13,1,index,tier B,
berklee-college-of-music,Berklee College of Music,MA,B,no cited GPA; test blind,No,,44%,,,1,153,2,index,tier B,
berks-technical-institute,Miller-Motte College Berks Technical Institute,PA,C,open admission (IPEDS),Yes,,,,,0,3,1,noindex,"tier C, no clicks in 12 months",
berkshire-community-college,Berkshire Community College,MA,C,open admission (IPEDS),Yes,,,,,0,9,1,noindex,"tier C, no clicks in 12 months",
berry,Berry College,GA,B,no cited GPA,No,,64%,math 545-650,22-28,0,206,1,index,tier B,
beth-hamedrash-shaarei-yosher-institute,Beth Hamedrash Shaarei Yosher Institute,NY,B,no cited GPA; test blind,No,,90%,,,0,0,0,index,tier B,
beth-hatalmud-rabbinical-college,Beth Hatalmud Rabbinical College,,C,figures removed in Phase 2 H (identity under review),,,,,,0,0,0,noindex,"tier C, no clicks in 12 months",
bethany-college-ks,Bethany College,KS,B,no cited GPA; test blind,No,,56%,,,0,27,1,index,tier B,
bethany-college-wv,Bethany College,WV,B,no cited GPA; test blind,No,,59%,,,0,24,1,index,tier B,
bethany-lutheran-college,Bethany Lutheran College,MN,B,no cited GPA,No,,39%,math 490-600,21-26,0,14,1,index,tier B,
bethel-college,Bethel College,,C,figures removed in Phase 2 H (identity under review),,,,,,0,1,1,noindex,"tier C, no clicks in 12 months",
bethel-college-north-newton,Bethel College North Newton,KS,B,no cited GPA or SAT/ACT,No,,94%,,,0,4,1,index,tier B,
bethel-university-in,Bethel University,IN,B,no cited GPA,No,,98%,math 440-570,16-24,0,14,1,index,tier B,bethel-college-mishawaka
bethel-university-mn,Bethel University,MN,A,"cited GPA, acceptance rate and SAT/ACT",No,3.67 (2025-26),88%,math 580-650,22-28,0,210,2,index,tier A,
bethel-university-tn,Bethel University,TN,B,no cited GPA,No,,60%,math 420-550,15-21,0,22,1,index,tier B,
bethesda-university-of-california,Bethesda University,CA,C,open admission (IPEDS),Yes,,,,,0,31,2,noindex,"tier C, no clicks in 12 months",
bethlehem-college-and-seminary,Bethlehem College &amp; Seminary,MN,C,open admission (IPEDS),Yes,,,,,0,4,1,noindex,"tier C, no clicks in 12 months",
bethune-cookman-university,Bethune-Cookman University,FL,B,no cited GPA,No,,88%,math 400-480,,0,464,2,index,tier B,
beulah-heights-university,Beulah Heights University,GA,C,open admission (IPEDS),Yes,,,,,0,36,1,noindex,"tier C, no clicks in 12 months",
bevill-state-community-college,Bevill State Community College,AL,C,open admission (IPEDS),Yes,,,,,0,4,1,noindex,"tier C, no clicks in 12 months",
big-bend-community-college,Big Bend Community College,WA,C,open admission (IPEDS),Yes,,,,,0,6,1,noindex,"tier C, no clicks in 12 months",
big-sandy-community-and-technical-college,Big Sandy Community and Technical College,KY,C,open admission (IPEDS),Yes,,,,,0,10,1,noindex,"tier C, no clicks in 12 months",
biola-university,Biola University,CA,B,no cited GPA,No,,74%,math 560-670,24-29,0,592,2,index,tier B,
bishop-state-community-college,Bishop State Community College,AL,C,open admission (IPEDS),Yes,,,,,0,29,1,noindex,"tier C, no clicks in 12 months",
bismarck-state-college,Bismarck State College,ND,C,open admission (IPEDS),Yes,,,,,0,33,1,noindex,"tier C, no clicks in 12 months",
black-hawk-college,Black Hawk College,IL,C,open admission (IPEDS),Yes,,,,,1,32,1,index,"tier C, kept for traffic: 1 clicks in 12 months",
black-hills-state-university,Black Hills State University,SD,B,no cited GPA,No,,96%,math 500-570,18-24,0,43,2,index,tier B,
black-river-technical-college,Black River Technical College,AR,C,open admission (IPEDS),Yes,,,,,0,8,1,noindex,"tier C, no clicks in 12 months",
blackburn-college,Blackburn College,IL,B,no cited GPA; test blind,No,,63%,,,0,23,1,index,tier B,
blackfeet-community-college,Blackfeet Community College,MT,C,open admission (IPEDS),Yes,,,,,0,2,1,noindex,"tier C, no clicks in 12 months",
blackhawk-technical-college,Blackhawk Technical College,WI,C,open admission (IPEDS),Yes,,,,,0,25,1,noindex,"tier C, no clicks in 12 months",
bladen-community-college,Bladen Community College,NC,C,open admission (IPEDS),Yes,,,,,0,0,0,noindex,"tier C, no clicks in 12 months",
blinn-college,Blinn College,TX,C,open admission (IPEDS),Yes,,,,,1,156,1,index,"tier C, kept for traffic: 1 clicks in 12 months",
bloomfield-college,Bloomfield College of Montclair State University,NJ,B,no cited GPA or SAT/ACT,No,,70%,,,0,36,1,index,tier B,
blue-cliff-college-alexandria,Blue Cliff College Alexandria,LA,C,open admission (IPEDS),Yes,,,,,0,1,1,noindex,"tier C, no clicks in 12 months",
blue-cliff-college-gulfport,Blue Cliff College Gulfport,MS,C,open admission (IPEDS),Yes,,,,,0,13,1,noindex,"tier C, no clicks in 12 months",
blue-cliff-college-metairie,Blue Cliff College Metairie,LA,C,open admission (IPEDS),Yes,,,,,0,8,1,noindex,"tier C, no clicks in 12 months",
blue-mountain-christian-university,Blue Mountain Christian University,MS,B,no cited GPA,No,,89%,,19-24,0,8,1,index,tier B,blue-mountain-college
blue-mountain-community-college,Blue Mountain Community College,OR,C,open admission (IPEDS),Yes,,,,,0,3,1,noindex,"tier C, no clicks in 12 months",
blue-ridge-community-and-technical-college,Blue Ridge Community and Technical College,WV,C,open admission (IPEDS),Yes,,,,,0,6,1,noindex,"tier C, no clicks in 12 months",
blue-ridge-community-college-nc,Blue Ridge Community College,NC,C,open admission (IPEDS),Yes,,,,,0,5,1,noindex,"tier C, no clicks in 12 months",
blue-ridge-community-college-va,Blue Ridge Community College,VA,C,open admission (IPEDS),Yes,,,,,0,8,1,noindex,"tier C, no clicks in 12 months",
bluefield-state-university,Bluefield State University,WV,B,no cited GPA,No,,97%,math 430-540,17-22,0,14,1,index,tier B,bluefield-state-college
bluefield-university,Bluefield University,VA,B,no cited GPA; test blind,No,,59%,,,0,14,1,index,tier B,bluefield-college
bluegrass-community-and-technical-college,Bluegrass Community and Technical College,KY,C,open admission (IPEDS),Yes,,,,,0,6,1,noindex,"tier C, no clicks in 12 months",
bluffton-university,Bluffton University,OH,B,no cited GPA,No,,67%,math 430-580,16-22,0,95,2,index,tier B,
bob-jones-university,Bob Jones University,SC,C,open admission (IPEDS),Yes,,,,,0,163,2,noindex,"tier C, no clicks in 12 months",
boise-bible-college,Boise Bible College,ID,B,no cited GPA,No,,90%,math 460-590,,0,5,1,index,tier B,
boise-state-university,Boise State University,ID,B,no cited GPA; test blind,No,,87%,,,2,941,2,index,tier B,
bolivar-technical-college,Bolivar Technical College,MO,B,no cited GPA; test blind,No,,95%,,,0,3,1,index,tier B,
bon-secours-memorial-college-of-nursing,Bon Secours Memorial College of Nursing,VA,C,"no cited GPA, acceptance rate or SAT/ACT",,,,,,0,37,1,noindex,"tier C, no clicks in 12 months",
boricua-college,Boricua College,NY,C,open admission (IPEDS),Yes,,,,,0,7,1,noindex,"tier C, no clicks in 12 months",
bossier-parish-community-college,Bossier Parish Community College,LA,C,open admission (IPEDS),Yes,,,,,0,21,1,noindex,"tier C, no clicks in 12 months",
boston-architectural-college,Boston Architectural College,MA,C,open admission (IPEDS),Yes,,,,,0,23,1,noindex,"tier C, no clicks in 12 months",
boston-baptist-college,Boston Baptist College,MA,B,no cited GPA; test blind,No,,91%,,,0,3,1,index,tier B,
boston-college,Boston College,MA,B,no cited GPA,No,,16%,math 730-780,33-35,2,187,1,index,tier B,
boston-university,Boston University,MA,A,"cited GPA, acceptance rate and SAT/ACT",No,3.86 (2025-26),11%,math 730-780,32-34,1,2187,2,index,tier A,
bowdoin-college,Bowdoin College,ME,B,no cited GPA,No,,7.1%,math 740-780,33-35,0,87,1,index,tier B,
bowie-state-university,Bowie State University,MD,B,no cited GPA or SAT/ACT,No,,72%,,,0,411,1,index,tier B,
bowling-green-state-university-firelands,Bowling Green State University Firelands,OH,C,open admission (IPEDS),Yes,,,,,0,183,2,noindex,"tier C, no clicks in 12 months",
bowling-green-state-university-main-campus,Bowling Green State University Main Campus,OH,B,no cited GPA,No,,81%,math 500-600,19-26,1,623,2,index,tier B,
bradley,Bradley University,IL,B,no cited GPA; test blind,No,,77%,,,1,1291,2,index,tier B,
brandeis,Brandeis University,MA,A,"cited GPA, acceptance rate and SAT/ACT",No,3.84 (2025-26),40%,math 700-770,31-34,1,984,2,index,tier A,
brazosport-college,Brazosport College,TX,C,open admission (IPEDS),Yes,,,,,1,25,1,index,"tier C, kept for traffic: 1 clicks in 12 months",
brenau-university,Brenau University,GA,B,no cited GPA,No,,88%,math 430-580,18-22,2,227,2,index,tier B,
brescia-university,Brescia University,KY,B,no cited GPA; test blind,No,,35%,,,0,66,2,index,tier B,
brevard-college,Brevard College,NC,B,no cited GPA,No,,42%,math 430-600,16-26,0,36,1,index,tier B,
brewton-parker-college,Brewton-Parker College,GA,B,no cited GPA; test blind,No,,96%,,,0,4,1,index,tier B,
briar-cliff-university,Briar Cliff University,IA,C,open admission (IPEDS),Yes,,,,,0,148,2,noindex,"tier C, no clicks in 12 months",
bridgemont-community-and-technical-college,Bridgemont Community and Technical College,,C,figures removed in Phase 2 H (identity under review),,,,,,0,0,0,noindex,"tier C, no clicks in 12 months",
bridgewater-college,Bridgewater College,VA,B,no cited GPA,No,,92%,math 470-680,,0,108,1,index,tier B,
bridgewater-state-university,Bridgewater State University,MA,B,no cited GPA,No,,88%,math 510-613,25-30,2,545,2,index,tier B,
brigham-young-university-hawaii,Brigham Young University Hawaii,HI,B,no cited GPA,No,,47%,math 480-570,21-25,1,404,2,index,tier B,
brigham-young-university-idaho,Brigham Young University Idaho,ID,B,no cited GPA,No,,96%,math 480-590,20-26,1,2402,2,index,tier B,
brightpoint-community-college,Brightpoint Community College,VA,C,open admission (IPEDS),Yes,,,,,0,2,1,noindex,"tier C, no clicks in 12 months",john-tyler-community-college
bristol-community-college,Bristol Community College,MA,C,open admission (IPEDS),Yes,,,,,0,19,1,noindex,"tier C, no clicks in 12 months",
brookdale-community-college,Brookdale Community College,NJ,C,open admission (IPEDS),Yes,,,,,1,72,1,index,"tier C, kept for traffic: 1 clicks in 12 months",
broome-community-college,SUNY Broome Community College,NY,C,open admission (IPEDS),Yes,,,,,0,10,1,noindex,"tier C, no clicks in 12 months",
broward-college,Broward College,FL,C,open admission (IPEDS),Yes,,,,,0,208,1,noindex,"tier C, no clicks in 12 months",
brown,Brown University,RI,B,no cited GPA,No,,5.4%,math 770-800,34-35,0,1601,2,index,tier B,
brunswick-community-college,Brunswick Community College,NC,C,open admission (IPEDS),Yes,,,,,0,9,1,noindex,"tier C, no clicks in 12 months",
bryan-college,Bryan College,TN,C,open admission (IPEDS),Yes,,,,,0,24,1,noindex,"tier C, no clicks in 12 months",
bryan-college-of-health-sciences,Bryan College of Health Sciences,NE,B,no cited GPA; test blind,No,,67%,,,0,1,1,index,tier B,bryanlgh-college-of-health-sciences
bryan-university,Bryan University,AZ,C,open admission (IPEDS),Yes,,,,,0,89,2,noindex,"tier C, no clicks in 12 months",
bryan-university-springfield,Bryan University Springfield,MO,C,open admission (IPEDS),Yes,,,,,0,1,1,noindex,"tier C, no clicks in 12 months",
bryant-and-stratton-college-albany,Bryant and Stratton College Albany,NY,C,open admission (IPEDS),Yes,,,,,0,10,1,noindex,"tier C, no clicks in 12 months",
bryant-and-stratton-college-buffalo,Bryant and Stratton College Buffalo,NY,C,open admission (IPEDS),Yes,,,,,0,11,3,noindex,"tier C, no clicks in 12 months",
bryant-and-stratton-college-greece,Bryant and Stratton College Greece,NY,C,open admission (IPEDS),Yes,,,,,0,3,1,noindex,"tier C, no clicks in 12 months",
bryant-and-stratton-college-parma,Bryant and Stratton College Parma,OH,C,open admission (IPEDS),Yes,,,,,0,3,3,noindex,"tier C, no clicks in 12 months",
bryant-and-stratton-college-syracuse-north,Bryant and Stratton College Syracuse North,NY,C,open admission (IPEDS),Yes,,,,,0,14,2,noindex,"tier C, no clicks in 12 months",
bryant-and-stratton-college-virginia-beach,Bryant and Stratton College Virginia Beach,VA,C,open admission (IPEDS),Yes,,,,,0,16,3,noindex,"tier C, no clicks in 12 months",
bryant-and-stratton-college-wauwatosa,Bryant and Stratton College Wauwatosa,WI,C,open admission (IPEDS),Yes,,,,,0,47,2,noindex,"tier C, no clicks in 12 months",
bryant-university,Bryant University,RI,B,no cited GPA,No,,65%,math 580-670,27-28,0,706,2,index,tier B,
bryn-athyn-college-of-the-new-church,Bryn Athyn College of the New Church,PA,B,no cited GPA or SAT/ACT,No,,83%,,,0,3,1,index,tier B,
bryn-mawr,Bryn Mawr College,PA,B,no cited GPA,No,,29%,math 620-760,29-33,3,188,1,index,tier B,
bucknell-university,Bucknell University,PA,A,"cited GPA, acceptance rate and SAT/ACT",No,3.62 (2024-25),29%,math 660-740,30-33,2,1516,2,index,tier A,
bucks-county-community-college,Bucks County Community College,PA,C,open admission (IPEDS),Yes,,,,,0,34,1,noindex,"tier C, no clicks in 12 months",
buena-vista-university,Buena Vista University,IA,B,no cited GPA,No,,78%,,19-26,1,242,2,index,tier B,
bunker-hill-community-college,Bunker Hill Community College,MA,C,open admission (IPEDS),Yes,,,,,0,73,1,noindex,"tier C, no clicks in 12 months",
burlington-county-college,Rowan College at Burlington County,NJ,C,open admission (IPEDS),Yes,,,,,0,1,1,noindex,"tier C, no clicks in 12 months",
bushnell-university,Bushnell University,OR,B,no cited GPA,No,,67%,,18-20,0,24,2,index,tier B,northwest-christian-university
butler,Butler University,IN,B,no cited GPA,No,,85%,math 570-670,26-31,1,1611,2,index,tier B,
butler-community-college,Butler Community College,KS,C,open admission (IPEDS),Yes,,,,,1,29,1,index,"tier C, kept for traffic: 1 clicks in 12 months",
butler-county-community-college,Butler County Community College,PA,C,open admission (IPEDS),Yes,,,,,0,3,1,noindex,"tier C, no clicks in 12 months",
butte-college,Butte College,CA,C,open admission (IPEDS),Yes,,,,,0,37,1,noindex,"tier C, no clicks in 12 months",
byu,Brigham Young University,UT,A,"cited GPA, acceptance rate and SAT/ACT",No,3.89 (2025-26),68%,math 630-730,28-32,3,2210,1,index,tier A,
cabarrus-college-of-health-sciences,Cabarrus College of Health Sciences,NC,B,no cited GPA,No,,23%,,21-23,0,14,1,index,tier B,
cabrillo-college,Cabrillo College,CA,C,open admission (IPEDS),Yes,,,,,1,90,1,index,"tier C, kept for traffic: 1 clicks in 12 months",
cairn-university,Cairn University,PA,B,no cited GPA,No,,88%,math 460-570,,0,92,3,index,tier B,
cal-poly-slo,California Polytechnic State University San Luis Obispo,CA,A,"cited GPA, acceptance rate and test blind",No,4.03 (2025-26),31%,,,6,2987,3,index,tier A,
caldwell-community-college-and-technical-institute,Caldwell Community College and Technical Institute,NC,C,open admission (IPEDS),Yes,,,,,0,6,1,noindex,"tier C, no clicks in 12 months",
caldwell-university,Caldwell University,NJ,B,no cited GPA,No,,71%,math 590-740,,0,50,1,index,tier B,caldwell-college
california-arts-university,California Arts University,,C,figures removed in Phase 2 H (identity under review),,,,,,0,1,1,noindex,"tier C, no clicks in 12 months",
california-baptist-university,California Baptist University,CA,B,no cited GPA; test blind,No,,85%,,,1,462,2,index,tier B,
california-college-of-the-arts,California College of the Arts,CA,B,no cited GPA; test blind,No,,91%,,,0,17,1,index,tier B,
california-indian-nations-college,California Indian Nations College,CA,C,open admission (IPEDS),Yes,,,,,0,1,1,noindex,"tier C, no clicks in 12 months",
california-institute-of-integral-studies,California Institute of Integral Studies,CA,C,"no cited GPA, acceptance rate or SAT/ACT",,,,,,0,11,1,noindex,"tier C, no clicks in 12 months",
california-institute-of-the-arts,California Institute of the Arts,CA,B,no cited GPA; test blind,No,,32%,,,0,14,1,index,tier B,
california-lutheran-university,California Lutheran University,CA,A,"cited GPA, acceptance rate and SAT/ACT",No,3.74 (2024-25),76%,math 560-660,24-31,0,195,2,index,tier A,
california-maritime-academy,California State University Maritime Academy,CA,B,no cited GPA; test blind,No,,95%,,,0,31,1,index,tier B,
california-state-polytechnic-university-pomona,California State Polytechnic University Pomona,CA,B,no cited GPA; test blind,No,,75%,,,0,319,2,index,tier B,
california-state-university-bakersfield,California State University Bakersfield,CA,B,no cited GPA; test blind,No,,94%,,,0,349,1,index,tier B,
california-state-university-channel-islands,California State University Channel Islands,CA,B,no cited GPA; test blind,No,,95%,,,0,410,2,index,tier B,
california-state-university-chico,California State University Chico,CA,A,"cited GPA, acceptance rate and test blind",No,3.4 (2025-26),93%,,,9,4593,2,index,tier A,
california-state-university-dominguez-hills,California State University Dominguez Hills,CA,B,no cited GPA; test blind,No,,93%,,,0,423,2,index,tier B,
california-state-university-east-bay,California State University East Bay,CA,B,no cited GPA; test blind,No,,97%,,,0,304,2,index,tier B,
california-state-university-fresno,California State University Fresno,CA,B,no cited GPA; test blind,No,,95%,,,2,939,2,index,tier B,
california-state-university-long-beach,California State University Long Beach,CA,B,no cited GPA; test blind,No,,46%,,,2,789,2,index,tier B,
california-state-university-los-angeles,California State University Los Angeles,CA,B,no cited GPA; test blind,No,,91%,,,0,416,2,index,tier B,
california-state-university-monterey-bay,California State University Monterey Bay,CA,B,no cited GPA; test blind,No,,97%,,,0,368,2,index,tier B,
california-state-university-northridge,California State University Northridge,CA,A,"cited GPA, acceptance rate and test blind",No,3.33 (2024-25),93%,,,1,1193,2,index,tier A,
california-state-university-sacramento,California State University Sacramento,CA,A,"cited GPA, acceptance rate and test blind",No,3.38 (2025-26),94%,,,0,921,2,index,tier A,
california-state-university-san-bernardino,California State University San Bernardino,CA,A,"cited GPA, acceptance rate and test blind",No,3.39 (2025-26),94%,,,2,407,2,index,tier A,
california-state-university-san-marcos,California State University San Marcos,CA,A,"cited GPA, acceptance rate and test blind",No,3.316 (2025-26),95%,,,1,479,2,index,tier A,
california-state-university-stanislaus,California State University Stanislaus,CA,B,no cited GPA; test blind,No,,98%,,,0,407,2,index,tier B,
california-university-of-management-and-sciences,California University of Management and Sciences,,C,figures removed in Phase 2 H (identity under review),,,,,,0,17,1,noindex,"tier C, no clicks in 12 months",
caltech,California Institute of Technology,CA,B,no cited GPA; test blind,No,,2.6%,,,1,59,1,index,tier B,
calumet-college-of-saint-joseph,Calumet College of Saint Joseph,IN,C,open admission (IPEDS),Yes,,,,,0,14,1,noindex,"tier C, no clicks in 12 months",
calvary-university,Calvary University,MO,B,no cited GPA,No,,72%,math 480-530,17-24,0,3,1,index,tier B,calvary-bible-college-and-theological-seminary
calvin,Calvin University,MI,B,no cited GPA,No,,71%,math 533-670,24-30,2,96,1,index,tier B,
cambridge-college,Cambridge College,MA,C,open admission (IPEDS),Yes,,,,,0,54,1,noindex,"tier C, no clicks in 12 months",
camden-county-college,Camden County College,NJ,C,open admission (IPEDS),Yes,,,,,0,17,1,noindex,"tier C, no clicks in 12 months",
cameron-university,Cameron University,OK,C,open admission (IPEDS); has cited GPA,Yes,3.25 (2025-26),,,,0,57,2,index,"tier C, kept: it shows a GPA the college reported",
campbell-university,Campbell University,NC,B,no cited GPA; test blind,No,,87%,,,1,289,2,index,tier B,
campbellsville-university,Campbellsville University,KY,B,no cited GPA; test blind,No,,80%,,,2,228,2,index,tier B,
canada-college,Canada College,CA,C,open admission (IPEDS),Yes,,,,,1,22,1,index,"tier C, kept for traffic: 1 clicks in 12 months",
canisius-university,Canisius University,NY,B,no cited GPA; test blind,No,,72%,,,0,58,1,index,tier B,canisius-college
cankdeska-cikana-community-college,Cankdeska Cikana Community College,ND,C,open admission (IPEDS),Yes,,,,,0,0,0,noindex,"tier C, no clicks in 12 months",
cape-cod-community-college,Cape Cod Community College,MA,C,open admission (IPEDS),Yes,,,,,0,12,1,noindex,"tier C, no clicks in 12 months",
cape-fear-community-college,Cape Fear Community College,NC,C,open admission (IPEDS),Yes,,,,,0,42,1,noindex,"tier C, no clicks in 12 months",
capella-university,Capella University,MN,C,open admission (IPEDS),Yes,,,,,1,555,2,index,"tier C, kept for traffic: 1 clicks in 12 months",
capital-area-technical-college-baton-rouge-campus,Capital Area Technical College Baton Rouge Campus,,C,figures removed in Phase 2 H (identity under review),,,,,,0,0,0,noindex,"tier C, no clicks in 12 months",
capital-university,Capital University,OH,B,no cited GPA,No,,70%,math 460-590,18-25,0,479,2,index,tier B,
capitol-technology-university,Capitol Technology University,MD,B,no cited GPA; test blind,No,,74%,,,0,2,1,index,tier B,capitol-college
carl-albert-state-college,Carl Albert State College,OK,C,open admission (IPEDS),Yes,,,,,0,18,1,noindex,"tier C, no clicks in 12 months",
carl-sandburg-college,Carl Sandburg College,IL,C,open admission (IPEDS),Yes,,,,,0,4,1,noindex,"tier C, no clicks in 12 months",
carleton,Carleton College,MN,B,no cited GPA,No,,20%,math 730-790,32-34,0,119,1,index,tier B,
carlow-university,Carlow University,PA,B,no cited GPA,No,,87%,math 460-570,,0,342,2,index,tier B,
carnegie-mellon,Carnegie Mellon University,PA,A,"cited GPA, acceptance rate and SAT/ACT",No,3.89 (2025-26),12%,math 770-800,34-35,2,2049,2,index,tier A,
carolina-christian-college,Carolina Christian College,NC,C,open admission (IPEDS),Yes,,,,,0,18,1,noindex,"tier C, no clicks in 12 months",
carolina-college-of-biblical-studies,Carolina College of Biblical Studies,NC,C,open admission (IPEDS),Yes,,,,,0,1,1,noindex,"tier C, no clicks in 12 months",carolina-bible-college
carolina-university,Carolina University,NC,B,no cited GPA; test blind,No,,40%,,,0,250,5,index,tier B,
carroll-college,Carroll College,MT,B,no cited GPA,No,,71%,math 510-640,21-27,0,22,1,index,tier B,
carroll-community-college,Carroll Community College,MD,C,open admission (IPEDS),Yes,,,,,0,12,1,noindex,"tier C, no clicks in 12 months",
carroll-university,Carroll University,WI,B,no cited GPA,No,,67%,math 530-630,21-27,0,175,2,index,tier B,
carson-newman-university,Carson-Newman University,TN,B,no cited GPA,No,,90%,math 455-570,19-25,0,31,1,index,tier B,carson-newman-college
carteret-community-college,Carteret Community College,NC,C,open admission (IPEDS),Yes,,,,,0,10,1,noindex,"tier C, no clicks in 12 months",
carthage-college,Carthage College,WI,B,no cited GPA,No,,87%,,20-25,0,86,1,index,tier B,
carver-bible-college,Carver Bible College,,C,figures removed in Phase 2 H (identity under review),,,,,,1,12,1,index,"tier C, kept for traffic: 1 clicks in 12 months",
casa-loma-college-los-angeles,Casa Loma College Los Angeles,CA,B,no cited GPA; test blind,No,,43%,,,0,11,1,index,tier B,
cascadia-college,Cascadia College,WA,C,open admission (IPEDS),Yes,,,,,0,6,1,noindex,"tier C, no clicks in 12 months",cascadia-community-college
case-western,Case Western Reserve University,OH,A,"cited GPA, acceptance rate and SAT/ACT",No,3.78 (2025-26),37%,math 730-780,32-34,4,1626,2,index,tier A,
casper-college,Casper College,WY,C,open admission (IPEDS),Yes,,,,,0,46,1,noindex,"tier C, no clicks in 12 months",
catawba-college,Catawba College,NC,B,no cited GPA,No,,75%,math 510-650,17-25,0,74,1,index,tier B,
catawba-valley-community-college,Catawba Valley Community College,NC,C,open admission (IPEDS),Yes,,,,,0,8,1,noindex,"tier C, no clicks in 12 months",
catholic-university-of-america,Catholic University of America,DC,B,no cited GPA; test blind,No,,83%,,,0,283,2,index,tier B,
cayuga-county-community-college,Cayuga County Community College,NY,C,open admission (IPEDS),Yes,,,,,0,4,1,noindex,"tier C, no clicks in 12 months",
cbt-technology-institute,CBT Technology Institute,FL,C,open admission (IPEDS),Yes,,,,,0,4,1,noindex,"tier C, no clicks in 12 months",college-of-business-and-technology-flagler
cbt-technology-institute-cutler-bay,CBT Technology Institute Cutler Bay,FL,C,open admission (IPEDS),Yes,,,,,0,2,1,noindex,"tier C, no clicks in 12 months",cbt-college-cutler-bay
cbt-technology-institute-hialeah,CBT Technology Institute Hialeah,FL,C,open admission (IPEDS),Yes,,,,,0,0,0,noindex,"tier C, no clicks in 12 months",college-of-business-and-technology-hialeah
cecil-college,Cecil College,MD,C,open admission (IPEDS),Yes,,,,,0,19,1,noindex,"tier C, no clicks in 12 months",
cedar-crest-college,Cedar Crest College,PA,B,no cited GPA; test blind,No,,84%,,,0,53,1,index,tier B,
cedarville,Cedarville University,OH,B,no cited GPA,No,,65%,math 550-670,22-29,0,316,2,index,tier B,
centenary-college-of-louisiana,Centenary College of Louisiana,LA,B,no cited GPA,No,,56%,math 530-610,20-25,0,16,1,index,tier B,
centenary-university,Centenary University,NJ,B,no cited GPA or SAT/ACT,No,,83%,,,0,74,1,index,tier B,centenary-college
centra-college,Centra College,VA,B,no cited GPA; test blind,No,,100%,,,0,14,1,index,tier B,
central-alabama-community-college,Central Alabama Community College,AL,C,open admission (IPEDS),Yes,,,,,0,9,1,noindex,"tier C, no clicks in 12 months",
central-arizona-college,Central Arizona College,AZ,C,open admission (IPEDS),Yes,,,,,0,9,1,noindex,"tier C, no clicks in 12 months",
central-baptist-college,Central Baptist College,AR,B,no cited GPA,No,,63%,math 410-568,17-23,0,12,1,index,tier B,
central-baptist-theological-seminary,Central Baptist Theological Seminary,,C,figures removed in Phase 2 H (identity under review),,,,,,0,2,1,noindex,"tier C, no clicks in 12 months",
central-carolina-community-college,Central Carolina Community College,NC,C,open admission (IPEDS),Yes,,,,,0,10,1,noindex,"tier C, no clicks in 12 months",
central-carolina-technical-college,Central Carolina Technical College,SC,C,open admission (IPEDS),Yes,,,,,0,7,1,noindex,"tier C, no clicks in 12 months",
central-christian-college-of-kansas,Central Christian College of Kansas,KS,B,no cited GPA; test blind,No,,53%,,,0,9,1,index,tier B,
central-christian-college-of-the-bible,Central Christian College of the Bible,MO,C,open admission (IPEDS),Yes,,,,,0,2,1,noindex,"tier C, no clicks in 12 months",
central-college,Central College,IA,B,no cited GPA,No,,86%,math 528-560,20-26,1,27,1,index,tier B,
central-community-college,Central Community College,NE,C,open admission (IPEDS),Yes,,,,,0,14,1,noindex,"tier C, no clicks in 12 months",
central-connecticut-state-university,Central Connecticut State University,CT,A,"cited GPA, acceptance rate and SAT/ACT",No,3.15 (2025-26),73%,math 470-590,,1,536,2,index,tier A,
central-georgia-technical-college-macon-georgia,Central Georgia Technical College,GA,C,open admission (IPEDS),Yes,,,,,0,34,2,noindex,"tier C, no clicks in 12 months",
central-lakes-college-brainerd,Central Lakes College Brainerd,MN,C,open admission (IPEDS),Yes,,,,,0,18,1,noindex,"tier C, no clicks in 12 months",
central-louisiana-technical-community-college,Central Louisiana Technical Community College,LA,C,open admission (IPEDS),Yes,,,,,0,0,0,noindex,"tier C, no clicks in 12 months",central-louisiana-technical-college-alexandria-campus
central-maine-community-college,Central Maine Community College,ME,C,open admission (IPEDS),Yes,,,,,0,4,1,noindex,"tier C, no clicks in 12 months",
central-methodist-university-college-of-liberal-arts-and-sciences,Central Methodist University College of Liberal Arts &amp; Sciences,MO,B,no cited GPA,No,,57%,math 520-555,17-23,0,27,3,index,tier B,
central-michigan-university,Central Michigan University,MI,B,no cited GPA,No,,90%,math 470-590,21-27,1,461,2,index,tier B,
central-new-mexico-community-college,Central New Mexico Community College,NM,C,open admission (IPEDS),Yes,,,,,0,3,1,noindex,"tier C, no clicks in 12 months",
central-ohio-technical-college,Central Ohio Technical College,OH,C,open admission (IPEDS),Yes,,,,,0,2,1,noindex,"tier C, no clicks in 12 months",
central-oregon-community-college,Central Oregon Community College,OR,C,open admission (IPEDS),Yes,,,,,0,4,1,noindex,"tier C, no clicks in 12 months",
central-pennsylvania-institute-of-science-and-technology,Central Pennsylvania Institute of Science and Technology,PA,B,no cited GPA; test blind,No,,96%,,,0,3,1,index,tier B,
central-piedmont-community-college,Central Piedmont Community College,NC,C,open admission (IPEDS),Yes,,,,,0,21,1,noindex,"tier C, no clicks in 12 months",
central-state-university,Central State University,OH,B,no cited GPA; test blind,No,,99%,,,0,522,2,index,tier B,
central-texas-college,Central Texas College,TX,C,open admission (IPEDS),Yes,,,,,0,18,1,noindex,"tier C, no clicks in 12 months",
central-virginia-community-college,Central Virginia Community College,VA,C,open admission (IPEDS),Yes,,,,,0,3,1,noindex,"tier C, no clicks in 12 months",
central-washington-university,Central Washington University,WA,B,no cited GPA; test blind,No,,91%,,,1,627,2,index,tier B,
central-wyoming-college,Central Wyoming College,WY,C,open admission (IPEDS),Yes,,,,,1,10,1,index,"tier C, kept for traffic: 1 clicks in 12 months",
central-yeshiva-tomchei-tmimim-lubavitz,Central Yeshiva Tomchei Tmimim Lubavitz,NY,B,no cited GPA; test blind,No,,87%,,,0,12,1,index,tier B,
centralia-college,Centralia College,WA,C,open admission (IPEDS),Yes,,,,,0,22,1,noindex,"tier C, no clicks in 12 months",
centre-college,Centre College,KY,A,"cited GPA, acceptance rate and SAT/ACT",No,3.8 (2025-26),54%,math 570-730,25-32,0,62,1,index,tier A,
centura-college-chesapeake,Centura College Chesapeake,,C,figures removed in Phase 2 H (identity under review),,,,,,0,3,1,noindex,"tier C, no clicks in 12 months",
centura-college-newport-news,Centura College Newport News,VA,C,open admission (IPEDS),Yes,,,,,0,1,1,noindex,"tier C, no clicks in 12 months",
centura-college-norfolk,Centura College Norfolk,VA,C,open admission (IPEDS),Yes,,,,,0,1,1,noindex,"tier C, no clicks in 12 months",
centura-college-virginia-beach,Centura College Virginia Beach,VA,C,open admission (IPEDS),Yes,,,,,0,5,1,noindex,"tier C, no clicks in 12 months",
century-college,Century College,MN,C,open admission (IPEDS),Yes,,,,,0,3,1,noindex,"tier C, no clicks in 12 months",century-community-and-technical-college
cerritos-college,Cerritos College,CA,C,open admission (IPEDS),Yes,,,,,0,108,1,noindex,"tier C, no clicks in 12 months",
cerro-coso-community-college,Cerro Coso Community College,CA,C,open admission (IPEDS),Yes,,,,,0,9,1,noindex,"tier C, no clicks in 12 months",
chabot-college,Chabot College,CA,C,open admission (IPEDS),Yes,,,,,0,0,0,noindex,"tier C, no clicks in 12 months",
chadron-state-college,Chadron State College,NE,C,open admission (IPEDS),Yes,,,,,0,29,1,noindex,"tier C, no clicks in 12 months",
chaffey-college,Chaffey College,CA,C,open admission (IPEDS),Yes,,,,,3,86,1,index,"tier C, kept for traffic: 3 clicks in 12 months",
chamberlain-university-arizona,Chamberlain University Arizona,AZ,B,no cited GPA or SAT/ACT,No,,91%,,,0,2,1,index,tier B,chamberlain-college-of-nursing-arizona
chamberlain-university-florida,Chamberlain University Florida,FL,B,no cited GPA or SAT/ACT,No,,91%,,,0,7,1,index,tier B,chamberlain-college-of-nursing-florida
chamberlain-university-illinois,Chamberlain University Illinois,IL,B,no cited GPA or SAT/ACT,No,,83%,,,0,7,1,index,tier B,chamberlain-college-of-nursing-illinois
chamberlain-university-missouri,Chamberlain University Missouri,MO,B,no cited GPA or SAT/ACT,No,,100%,,,0,19,1,index,tier B,chamberlain-college-of-nursing-missouri
chamberlain-university-ohio,Chamberlain University Ohio,OH,B,no cited GPA or SAT/ACT,No,,88%,,,0,4,1,index,tier B,chamberlain-college-of-nursing-ohio
chamberlain-university-texas,Chamberlain University Texas,TX,B,no cited GPA or SAT/ACT,No,,84%,,,0,8,1,index,tier B,chamberlain-college-of-nursing-texas
chamberlain-university-virginia,Chamberlain University Virginia,VA,B,no cited GPA or SAT/ACT,No,,90%,,,0,3,1,index,tier B,chamberlain-college-of-nursing-virginia
chaminade-university-of-honolulu,Chaminade University of Honolulu,HI,B,no cited GPA,No,,91%,math 480-625,,0,212,2,index,tier B,
champion-christian-college,Champion Christian College,AR,C,open admission (IPEDS),Yes,,,,,0,5,1,noindex,"tier C, no clicks in 12 months",
champlain-college,Champlain College,VT,B,no cited GPA,No,,83%,math 600-680,26-29,0,39,1,index,tier B,
chapman-university,Chapman University,CA,B,no cited GPA,No,,65%,math 630-720,28-31,2,1889,2,index,tier B,
charles-r-drew-university-of-medicine-and-science,Charles R Drew University of Medicine and Science,CA,B,no cited GPA; test blind,No,,39%,,,0,255,2,index,tier B,
charleston-southern-university,Charleston Southern University,SC,B,no cited GPA,No,,96%,math 450-560,18-24,0,429,2,index,tier B,
charlotte-christian-college-and-theological-seminary,Charlotte Christian College and Theological Seminary,NC,C,open admission (IPEDS),Yes,,,,,0,0,0,noindex,"tier C, no clicks in 12 months",new-life-theological-seminary
charter-college-anchorage,Charter College,AK,C,open admission (IPEDS),Yes,,,,,0,3,1,noindex,"tier C, no clicks in 12 months",
charter-oak-state-college,Charter Oak State College,CT,C,open admission (IPEDS),Yes,,,,,0,11,1,noindex,"tier C, no clicks in 12 months",
chatham,Chatham University,PA,A,"cited GPA, acceptance rate and SAT/ACT",No,3.59 (2024-25),62%,math 520-625,21-30,2,245,2,index,tier A,
chattahoochee-technical-college,Chattahoochee Technical College,GA,C,open admission (IPEDS),Yes,,,,,0,104,1,noindex,"tier C, no clicks in 12 months",
chattahoochee-valley-community-college,Chattahoochee Valley Community College,AL,C,open admission (IPEDS),Yes,,,,,0,3,1,noindex,"tier C, no clicks in 12 months",
chattanooga-college-medical-dental-and-technical-careers,Chattanooga College Medical Dental and Technical Careers,TN,C,open admission (IPEDS),Yes,,,,,0,2,1,noindex,"tier C, no clicks in 12 months",
chattanooga-state-community-college,Chattanooga State Community College,TN,C,open admission (IPEDS),Yes,,,,,0,64,1,noindex,"tier C, no clicks in 12 months",
chemeketa-community-college,Chemeketa Community College,OR,C,open admission (IPEDS),Yes,,,,,0,135,1,noindex,"tier C, no clicks in 12 months",
chesapeake-college,Chesapeake College,MD,C,open admission (IPEDS),Yes,,,,,0,9,1,noindex,"tier C, no clicks in 12 months",
chestnut-hill-college,Chestnut Hill College,PA,B,no cited GPA; test blind,No,,74%,,,0,61,1,index,tier B,
cheyney-university-of-pennsylvania,Cheyney University of Pennsylvania,PA,C,open admission (IPEDS),Yes,,,,,0,247,2,noindex,"tier C, no clicks in 12 months",
chicago,University of Chicago,IL,B,no cited GPA,No,,4.5%,math 770-800,34-35,1,1015,2,index,tier B,
chicago-state-university,Chicago State University,IL,B,no cited GPA; test blind,No,,43%,,,1,366,2,index,tier B,
chief-dull-knife-college,Chief Dull Knife College,MT,C,open admission (IPEDS),Yes,,,,,0,3,1,noindex,"tier C, no clicks in 12 months",
chipola-college,Chipola College,FL,C,open admission (IPEDS),Yes,,,,,0,0,0,noindex,"tier C, no clicks in 12 months",
chippewa-valley-technical-college,Chippewa Valley Technical College,WI,C,open admission (IPEDS),Yes,,,,,0,17,1,noindex,"tier C, no clicks in 12 months",
chowan-university,Chowan University,NC,B,no cited GPA; test blind,No,,69%,,,0,306,2,index,tier B,
christ-mission-college,Christ Mission College,TX,B,no cited GPA or SAT/ACT,No,,100%,,,0,2,1,index,tier B,
christian-brothers-university,Christian Brothers University,TN,B,no cited GPA,No,,87%,math 560-680,19-24,1,180,2,index,tier B,
christian-life-college,Christian Life College,,C,figures removed in Phase 2 H (identity under review),,,,,,0,1,1,noindex,"tier C, no clicks in 12 months",
christopher-newport,Christopher Newport University,VA,A,"cited GPA, acceptance rate and SAT/ACT",No,3.8 (2023-24),86%,math 510-630,25-30,1,1071,2,index,tier A,
cincinnati-college-of-mortuary-science,Cincinnati College of Mortuary Science,OH,C,"no cited GPA, acceptance rate or SAT/ACT",,,,,,0,15,1,noindex,"tier C, no clicks in 12 months",
cincinnati-state-technical-and-community-college,Cincinnati State Technical and Community College,OH,C,open admission (IPEDS),Yes,,,,,0,51,1,noindex,"tier C, no clicks in 12 months",
cisco-college,Cisco College,TX,C,open admission (IPEDS),Yes,,,,,0,24,1,noindex,"tier C, no clicks in 12 months",
citadel,Citadel Military College of South Carolina,SC,A,"cited GPA, acceptance rate and SAT/ACT",No,3.75 (2025-26),23%,math 545-645,22-27,0,158,1,index,tier A,
citrus-college,Citrus College,CA,C,open admission (IPEDS),Yes,,,,,0,40,1,noindex,"tier C, no clicks in 12 months",
city-college-of-san-francisco,City College of San Francisco,CA,C,open admission (IPEDS),Yes,,,,,0,16,1,noindex,"tier C, no clicks in 12 months",
city-colleges-of-chicago-harold-washington-college,City Colleges of Chicago Harold Washington College,IL,C,open admission (IPEDS),Yes,,,,,0,20,1,noindex,"tier C, no clicks in 12 months",
city-colleges-of-chicago-harry-s-truman-college,City Colleges of Chicago Harry S Truman College,IL,C,open admission (IPEDS),Yes,,,,,0,27,1,noindex,"tier C, no clicks in 12 months",
city-colleges-of-chicago-kennedy-king-college,City Colleges of Chicago Kennedy-King College,IL,C,open admission (IPEDS),Yes,,,,,0,39,1,noindex,"tier C, no clicks in 12 months",
city-colleges-of-chicago-malcolm-x-college,City Colleges of Chicago Malcolm X College,IL,C,open admission (IPEDS),Yes,,,,,0,100,1,noindex,"tier C, no clicks in 12 months",
city-colleges-of-chicago-olive-harvey-college,City Colleges of Chicago Olive-Harvey College,IL,C,open admission (IPEDS),Yes,,,,,0,26,1,noindex,"tier C, no clicks in 12 months",
city-colleges-of-chicago-richard-j-daley-college,City Colleges of Chicago Richard J Daley College,IL,C,open admission (IPEDS),Yes,,,,,0,37,1,noindex,"tier C, no clicks in 12 months",
city-colleges-of-chicago-wilbur-wright-college,City Colleges of Chicago Wilbur Wright College,IL,C,open admission (IPEDS),Yes,,,,,0,54,1,noindex,"tier C, no clicks in 12 months",
city-university-of-seattle,City University of Seattle,WA,C,open admission (IPEDS),Yes,,,,,0,194,2,noindex,"tier C, no clicks in 12 months",
city-vision-university,City Vision University,MO,C,open admission (IPEDS),Yes,,,,,0,0,0,noindex,"tier C, no clicks in 12 months",
clackamas-community-college,Clackamas Community College,OR,C,open admission (IPEDS),Yes,,,,,0,17,1,noindex,"tier C, no clicks in 12 months",
claflin-university,Claflin University,SC,B,no cited GPA; test blind,No,,65%,,,0,151,2,index,tier B,
claremont-graduate-university,Claremont Graduate University,CA,C,"no cited GPA, acceptance rate or SAT/ACT",,,,,,0,167,2,noindex,"tier C, no clicks in 12 months",
claremont-lincoln-university,Claremont Lincoln University,CA,C,"no cited GPA, acceptance rate or SAT/ACT",,,,,,0,7,1,noindex,"tier C, no clicks in 12 months",
claremont-mckenna,Claremont McKenna College,CA,B,no cited GPA,No,,9.6%,math 750-790,33-35,0,160,1,index,tier B,
clarendon-college,Clarendon College,TX,C,open admission (IPEDS),Yes,,,,,0,8,1,noindex,"tier C, no clicks in 12 months",
clark-atlanta-university,Clark Atlanta University,GA,B,no cited GPA; test blind,No,,64%,,,2,1529,2,index,tier B,
clark-college,Clark College,WA,C,open admission (IPEDS),Yes,,,,,0,33,1,noindex,"tier C, no clicks in 12 months",
clark-state-college,Clark State College,OH,C,open admission (IPEDS),Yes,,,,,0,19,1,noindex,"tier C, no clicks in 12 months",clark-state-community-college
clark-university,Clark University,MA,A,"cited GPA, acceptance rate and SAT/ACT",No,3.76 (2024-25),40%,math 630-720,30-33,1,730,2,index,tier A,
clarke-university,Clarke University,IA,B,no cited GPA,No,,72%,math 470-590,16-24,1,101,2,index,tier B,
clarkson,Clarkson University,NY,B,no cited GPA,No,,77%,math 610-700,25-32,0,235,2,index,tier B,
clarkson-college,Clarkson College,NE,B,no cited GPA; test blind,No,,78%,,,0,17,1,index,tier B,
clatsop-community-college,Clatsop Community College,OR,C,open admission (IPEDS),Yes,,,,,1,3,1,index,"tier C, kept for traffic: 1 clicks in 12 months",
clayton-state-university,Clayton State University,GA,B,no cited GPA,No,,68%,math 410-520,15-19,0,565,2,index,tier B,
clear-creek-baptist-bible-college,Clear Creek Baptist Bible College,KY,C,open admission (IPEDS),Yes,,,,,0,4,1,noindex,"tier C, no clicks in 12 months",
cleary-university,Cleary University,MI,B,no cited GPA; test blind,No,,68%,,,1,177,2,index,tier B,
clemson,Clemson University,SC,B,no cited GPA,No,,38%,math 620-710,28-32,3,2388,2,index,tier B,
cleveland-community-college,Cleveland Community College,NC,C,open admission (IPEDS),Yes,,,,,0,9,1,noindex,"tier C, no clicks in 12 months",
cleveland-institute-of-art,Cleveland Institute of Art,OH,B,no cited GPA,No,,61%,math 480-620,23-29,0,21,1,index,tier B,
cleveland-institute-of-music,Cleveland Institute of Music,OH,B,no cited GPA; test blind,No,,47%,,,0,4,1,index,tier B,
cleveland-state-community-college,Cleveland State Community College,TN,C,open admission (IPEDS),Yes,,,,,0,6,1,noindex,"tier C, no clicks in 12 months",
cleveland-state-university,Cleveland State University,OH,B,no cited GPA; test blind,No,,91%,,,1,1117,2,index,tier B,
cleveland-university-kansas-city,Cleveland University Kansas City,KS,B,no cited GPA; test blind,No,,69%,,,0,12,1,index,tier B,cleveland-chiropractic-college
clinton-college,Clinton College,SC,C,open admission (IPEDS),Yes,,,,,0,4,1,noindex,"tier C, no clicks in 12 months",clinton-junior-college
clinton-community-college,Clinton Community College,NY,C,open admission (IPEDS),Yes,,,,,0,11,1,noindex,"tier C, no clicks in 12 months",
cloud-county-community-college,Cloud County Community College,KS,C,open admission (IPEDS),Yes,,,,,0,2,1,noindex,"tier C, no clicks in 12 months",
clover-park-technical-college,Clover Park Technical College,WA,C,open admission (IPEDS),Yes,,,,,0,9,1,noindex,"tier C, no clicks in 12 months",
clovis-community-college-clovis-new-mexico,Clovis Community College,NM,C,open admission (IPEDS),Yes,,,,,0,9,1,noindex,"tier C, no clicks in 12 months",
clovis-community-college-fresno-california,Clovis Community College,CA,C,open admission (IPEDS),Yes,,,,,2,41,1,index,"tier C, kept for traffic: 2 clicks in 12 months",
coahoma-community-college,Coahoma Community College,MS,C,open admission (IPEDS),Yes,,,,,0,10,1,noindex,"tier C, no clicks in 12 months",
coalinga-college,Coalinga College,CA,C,open admission (IPEDS),Yes,,,,,0,14,1,noindex,"tier C, no clicks in 12 months",west-hills-college-coalinga
coast-guard-academy,United States Coast Guard Academy,CT,B,no cited GPA,No,,22%,math 620-700,27-32,1,106,1,index,tier B,
coastal-alabama-community-college,Coastal Alabama Community College,AL,C,open admission (IPEDS),Yes,,,,,0,14,3,noindex,"tier C, no clicks in 12 months",
coastal-bend-college,Coastal Bend College,TX,C,open admission (IPEDS),Yes,,,,,0,9,1,noindex,"tier C, no clicks in 12 months",
coastal-carolina-community-college,Coastal Carolina Community College,NC,C,open admission (IPEDS),Yes,,,,,0,16,1,noindex,"tier C, no clicks in 12 months",
coastal-carolina-university,Coastal Carolina University,SC,B,no cited GPA,No,,75%,math 520-600,21-26,0,1464,2,index,tier B,
coastal-pines-technical-college,Coastal Pines Technical College,GA,C,open admission (IPEDS),Yes,,,,,0,24,2,noindex,"tier C, no clicks in 12 months",
coastline-community-college,Coastline Community College,CA,C,open admission (IPEDS),Yes,,,,,0,5,1,noindex,"tier C, no clicks in 12 months",
cochise-college,Cochise College,AZ,C,open admission (IPEDS),Yes,,,,,0,12,1,noindex,"tier C, no clicks in 12 months",
coconino-community-college,Coconino Community College,AZ,C,open admission (IPEDS),Yes,,,,,0,0,0,noindex,"tier C, no clicks in 12 months",
coe-college,Coe College,IA,B,no cited GPA,No,,64%,math 530-650,23-29,0,23,1,index,tier B,
coffeyville-community-college,Coffeyville Community College,KS,C,open admission (IPEDS),Yes,,,,,0,14,1,noindex,"tier C, no clicks in 12 months",
coker-university,Coker University,SC,B,no cited GPA; test blind,No,,94%,,,0,23,1,index,tier B,coker-college
colby,Colby College,ME,B,no cited GPA,No,,7.1%,math 740-790,32-34,0,174,1,index,tier B,
colby-community-college,Colby Community College,KS,C,open admission (IPEDS),Yes,,,,,0,37,1,noindex,"tier C, no clicks in 12 months",
colby-sawyer-college,Colby-Sawyer College,NH,B,no cited GPA; test blind,No,,80%,,,0,30,1,index,tier B,
colgate,Colgate University,NY,A,"cited GPA, acceptance rate and SAT/ACT",No,3.85 (2024-25),14%,math 720-780,33-34,0,1518,2,index,tier A,
college-for-creative-studies,College for Creative Studies,MI,B,no cited GPA; test blind,No,,92%,,,0,11,1,index,tier B,
college-of-alameda,College of Alameda,CA,C,open admission (IPEDS),Yes,,,,,0,9,1,noindex,"tier C, no clicks in 12 months",
college-of-biblical-studies-houston,College of Biblical Studies Houston,TX,C,open admission (IPEDS),Yes,,,,,0,7,1,noindex,"tier C, no clicks in 12 months",
college-of-central-florida,College of Central Florida,FL,C,open admission (IPEDS),Yes,,,,,0,6,1,noindex,"tier C, no clicks in 12 months",
college-of-charleston,College of Charleston,SC,B,no cited GPA,No,,60%,math 550-640,25-30,1,419,1,index,tier B,
college-of-coastal-georgia,College of Coastal Georgia,GA,A,"cited GPA, acceptance rate and SAT/ACT",No,3.17 (2023-24),98%,math 410-530,17-22,0,25,1,index,tier A,
college-of-court-reporting-inc,College of Court Reporting Inc,IN,C,open admission (IPEDS),Yes,,,,,0,3,1,noindex,"tier C, no clicks in 12 months",
college-of-dupage,College of DuPage,IL,C,open admission (IPEDS),Yes,,,,,0,56,1,noindex,"tier C, no clicks in 12 months",
college-of-eastern-idaho,College of Eastern Idaho,ID,C,open admission (IPEDS),Yes,,,,,0,2,1,noindex,"tier C, no clicks in 12 months",eastern-idaho-technical-college
college-of-lake-county,College of Lake County,IL,C,open admission (IPEDS),Yes,,,,,0,45,1,noindex,"tier C, no clicks in 12 months",
college-of-marin,College of Marin,CA,C,open admission (IPEDS),Yes,,,,,0,9,1,noindex,"tier C, no clicks in 12 months",
college-of-menominee-nation,College of Menominee Nation,WI,C,open admission (IPEDS),Yes,,,,,0,1,1,noindex,"tier C, no clicks in 12 months",
college-of-our-lady-of-the-elms,College of Our Lady of the Elms,MA,B,no cited GPA or SAT/ACT,No,,85%,,,0,4,1,index,tier B,
college-of-saint-benedict,College of Saint Benedict,MN,B,no cited GPA,No,,92%,math 483-590,20-27,1,34,1,index,tier B,
college-of-saint-mary,College of Saint Mary,NE,B,no cited GPA,No,,45%,,18-26,0,3,1,index,tier B,
college-of-san-mateo,College of San Mateo,CA,C,open admission (IPEDS),Yes,,,,,0,23,1,noindex,"tier C, no clicks in 12 months",
college-of-southern-idaho,College of Southern Idaho,ID,C,open admission (IPEDS),Yes,,,,,0,6,1,noindex,"tier C, no clicks in 12 months",
college-of-southern-maryland,College of Southern Maryland,MD,C,open admission (IPEDS),Yes,,,,,0,0,0,noindex,"tier C, no clicks in 12 months",
college-of-southern-nevada,College of Southern Nevada,NV,C,open admission (IPEDS),Yes,,,,,0,13,1,noindex,"tier C, no clicks in 12 months",
college-of-the-albemarle,College of the Albemarle,NC,C,open admission (IPEDS),Yes,,,,,0,2,1,noindex,"tier C, no clicks in 12 months",
college-of-the-atlantic,College of the Atlantic,ME,B,no cited GPA,No,,70%,math 580-700,,0,11,1,index,tier B,
college-of-the-canyons,College of the Canyons,CA,C,open admission (IPEDS),Yes,,,,,0,15,1,noindex,"tier C, no clicks in 12 months",
college-of-the-desert,College of the Desert,CA,C,open admission (IPEDS),Yes,,,,,0,25,1,noindex,"tier C, no clicks in 12 months",
college-of-the-holy-cross,College of the Holy Cross,MA,B,no cited GPA,No,,18%,math 610-700,27-32,0,36,1,index,tier B,
college-of-the-mainland,College of the Mainland,TX,C,open admission (IPEDS),Yes,,,,,0,22,1,noindex,"tier C, no clicks in 12 months",
college-of-the-muscogee-nation,College of the Muscogee Nation,OK,C,open admission (IPEDS),Yes,,,,,0,1,1,noindex,"tier C, no clicks in 12 months",
college-of-the-ozarks,College of the Ozarks,MO,B,no cited GPA,No,,12%,math 510-590,20-25,0,30,1,index,tier B,
college-of-the-redwoods,College of the Redwoods,CA,C,open admission (IPEDS),Yes,,,,,1,9,1,index,"tier C, kept for traffic: 1 clicks in 12 months",
college-of-the-sequoias,College of the Sequoias,CA,C,open admission (IPEDS),Yes,,,,,0,2,1,noindex,"tier C, no clicks in 12 months",
college-of-the-siskiyous,College of the Siskiyous,CA,C,open admission (IPEDS),Yes,,,,,0,5,1,noindex,"tier C, no clicks in 12 months",
college-of-western-idaho,College of Western Idaho,ID,C,open admission (IPEDS),Yes,,,,,0,7,1,noindex,"tier C, no clicks in 12 months",
college-unbound,College Unbound,RI,C,open admission (IPEDS),Yes,,,,,0,26,1,noindex,"tier C, no clicks in 12 months",
collin-county-community-college-district,Collin County Community College District,TX,C,open admission (IPEDS),Yes,,,,,0,0,0,noindex,"tier C, no clicks in 12 months",
colorado-christian,Colorado Christian University,CO,C,open admission (IPEDS),Yes,,,,,1,315,2,index,"tier C, kept for traffic: 1 clicks in 12 months",
colorado-college,Colorado College,CO,B,no cited GPA,No,,18%,math 590-730,29-33,0,76,1,index,tier B,
colorado-mesa-university,Colorado Mesa University,CO,B,no cited GPA,No,,82%,math 450-570,18-24,3,645,2,index,tier B,
colorado-mines,Colorado School of Mines,CO,B,no cited GPA,No,,61%,math 670-750,29-33,0,58,1,index,tier B,
colorado-mountain-college,Colorado Mountain College,CO,C,open admission (IPEDS),Yes,,,,,0,26,1,noindex,"tier C, no clicks in 12 months",
colorado-northwestern-community-college,Colorado Northwestern Community College,CO,C,open admission (IPEDS),Yes,,,,,0,8,1,noindex,"tier C, no clicks in 12 months",
colorado-school-of-healing-arts,Colorado School of Healing Arts,CO,C,open admission (IPEDS),Yes,,,,,0,4,1,noindex,"tier C, no clicks in 12 months",
colorado-state-university-fort-collins,Colorado State University Fort Collins,CO,B,no cited GPA; test blind,No,,89%,,,0,466,2,index,tier B,
colorado-state-university-pueblo,Colorado State University Pueblo,CO,B,no cited GPA,No,,95%,,19-26,0,96,2,index,tier B,
colorado-technical-university-colorado-springs,Colorado Technical University Colorado Springs,CO,C,open admission (IPEDS),Yes,,,,,1,639,7,index,"tier C, kept for traffic: 1 clicks in 12 months",
columbia,Columbia University in the City of New York,NY,B,no cited GPA,No,,4%,math 770-800,34-35,0,1643,2,index,tier B,
columbia-basin-college,Columbia Basin College,WA,C,open admission (IPEDS),Yes,,,,,0,14,1,noindex,"tier C, no clicks in 12 months",
columbia-college-ca,Columbia College,CA,C,open admission (IPEDS),Yes,,,,,0,17,1,noindex,"tier C, no clicks in 12 months",
columbia-college-chicago,Columbia College Chicago,IL,A,"cited GPA, acceptance rate and test blind",No,3.52 (2024-25),89%,,,0,101,1,index,tier A,
columbia-college-mo,Columbia College,MO,C,open admission (IPEDS),Yes,,,,,0,15,1,noindex,"tier C, no clicks in 12 months",
columbia-college-sc,Columbia College,SC,B,no cited GPA; test blind,No,,94%,,,0,44,1,index,tier B,
columbia-gorge-community-college,Columbia Gorge Community College,OR,C,open admission (IPEDS),Yes,,,,,0,4,1,noindex,"tier C, no clicks in 12 months",
columbia-greene-community-college,Columbia-Greene Community College,NY,C,open admission (IPEDS),Yes,,,,,0,7,1,noindex,"tier C, no clicks in 12 months",
columbia-international-university,Columbia International University,SC,B,no cited GPA or SAT/ACT,No,,94%,,,0,71,2,index,tier B,
columbia-southern-university,Columbia Southern University,AL,C,open admission (IPEDS),Yes,,,,,0,214,2,noindex,"tier C, no clicks in 12 months",
columbia-state-community-college,Columbia State Community College,TN,C,open admission (IPEDS),Yes,,,,,1,65,1,index,"tier C, kept for traffic: 1 clicks in 12 months",
columbus-college-of-art-and-design,Columbus College of Art and Design,OH,B,no cited GPA; test blind,No,,68%,,,0,16,1,index,tier B,
columbus-state-community-college,Columbus State Community College,OH,C,open admission (IPEDS),Yes,,,,,0,29,1,noindex,"tier C, no clicks in 12 months",
columbus-state-university,Columbus State University,GA,B,no cited GPA,No,,99%,math 360-530,16-22,0,86,2,index,tier B,
columbus-technical-college,Columbus Technical College,GA,C,open admission (IPEDS),Yes,,,,,0,27,1,noindex,"tier C, no clicks in 12 months",
commonwealth-institute-of-funeral-service,Commonwealth Institute of Funeral Service,TX,B,no cited GPA,No,,86%,math 498-593,,0,37,1,index,tier B,
commonwealth-technical-institute,Commonwealth Technical Institute,PA,C,open admission (IPEDS),Yes,,,,,0,2,1,noindex,"tier C, no clicks in 12 months",
commonwealth-university-of-pennsylvania,Commonwealth University of Pennsylvania,PA,B,no cited GPA,No,,93%,math 490-590,,5,3056,6,index,tier B,
community-christian-college,Community Christian College,AZ,C,open admission (IPEDS),Yes,,,,,0,4,1,noindex,"tier C, no clicks in 12 months",
community-college-of-allegheny-county,Community College of Allegheny County,PA,C,open admission (IPEDS),Yes,,,,,0,10,1,noindex,"tier C, no clicks in 12 months",
community-college-of-aurora,Community College of Aurora,CO,C,open admission (IPEDS),Yes,,,,,0,15,1,noindex,"tier C, no clicks in 12 months",
community-college-of-beaver-county,Community College of Beaver County,PA,C,open admission (IPEDS),Yes,,,,,0,4,1,noindex,"tier C, no clicks in 12 months",
community-college-of-denver,Community College of Denver,CO,C,open admission (IPEDS),Yes,,,,,1,22,1,index,"tier C, kept for traffic: 1 clicks in 12 months",
community-college-of-philadelphia,Community College of Philadelphia,PA,C,open admission (IPEDS),Yes,,,,,0,19,1,noindex,"tier C, no clicks in 12 months",
community-college-of-rhode-island,Community College of Rhode Island,RI,C,open admission (IPEDS),Yes,,,,,0,2,1,noindex,"tier C, no clicks in 12 months",
community-college-of-vermont,Community College of Vermont,VT,C,open admission (IPEDS),Yes,,,,,0,3,1,noindex,"tier C, no clicks in 12 months",
compton-college,Compton College,CA,C,open admission (IPEDS),Yes,,,,,0,49,1,noindex,"tier C, no clicks in 12 months",el-camino-college-compton-center
computer-career-center,Computer Career Center,,C,figures removed in Phase 2 H (identity under review),,,,,,0,0,0,noindex,"tier C, no clicks in 12 months",
conception-seminary-college,Conception Seminary College,MO,B,no cited GPA,No,,32%,,1-5,0,7,1,index,tier B,
concord-university,Concord University,WV,A,"cited GPA, acceptance rate and SAT/ACT",No,3.37 (2024-25),93%,math 390-530,17-24,0,32,2,index,tier A,
concordia-college-at-moorhead,Concordia College at Moorhead,MN,B,no cited GPA,No,,63%,,21-26,0,29,1,index,tier B,
concordia-university-ann-arbor,Concordia University Ann Arbor,MI,B,no cited GPA or SAT/ACT,No,,69%,,,1,56,1,index,tier B,
concordia-university-chicago,Concordia University Chicago,IL,B,no cited GPA; test blind,No,,93%,,,0,180,2,index,tier B,
concordia-university-irvine,Concordia University Irvine,CA,B,no cited GPA; test blind,No,,66%,,,0,364,2,index,tier B,
concordia-university-saint-paul,Concordia University Saint Paul,MN,B,no cited GPA; test blind,No,,79%,,,1,481,2,index,tier B,
concordia-university-seward,Concordia University Nebraska,NE,B,no cited GPA or SAT/ACT,No,,86%,,,0,436,3,index,tier B,
concordia-university-texas,Concordia University Texas,TX,B,no cited GPA; test blind,No,,91%,,,1,222,2,index,tier B,
concordia-university-wisconsin,Concordia University Wisconsin,WI,B,no cited GPA,No,,78%,,22-28,0,133,2,index,tier B,
connecticut-college,Connecticut College,CT,B,no cited GPA,No,,37%,math 660-740,30-33,0,60,1,index,tier B,
connecticut-state-community-college,Connecticut State Community College,CT,C,open admission (IPEDS),Yes,,,,,1,109,12,index,"tier C, kept for traffic: 1 clicks in 12 months",
connors-state-college,Connors State College,OK,C,open admission (IPEDS),Yes,,,,,0,21,1,noindex,"tier C, no clicks in 12 months",
contra-costa-college,Contra Costa College,CA,C,open admission (IPEDS),Yes,,,,,0,9,1,noindex,"tier C, no clicks in 12 months",
converse,Converse University,SC,B,no cited GPA,No,,68%,math 500-620,19-26,0,18,1,index,tier B,
cooper-union-for-the-advancement-of-science-and-art,Cooper Union for the Advancement of Science and Art,NY,B,no cited GPA,No,,21%,math 642-753,28-34,0,106,1,index,tier B,
copiah-lincoln-community-college,Copiah-Lincoln Community College,MS,C,open admission (IPEDS),Yes,,,,,0,21,1,noindex,"tier C, no clicks in 12 months",
copper-mountain-community-college,Copper Mountain Community College,CA,C,open admission (IPEDS),Yes,,,,,0,2,1,noindex,"tier C, no clicks in 12 months",
coppin-state-university,Coppin State University,MD,B,no cited GPA,No,,46%,math 420-510,,0,1214,2,index,tier B,
corban-university,Corban University,OR,B,no cited GPA; test blind,No,,94%,,,1,124,2,index,tier B,
cornell,Cornell University,NY,B,no cited GPA,No,,8.8%,math 770-800,33-35,0,1036,2,index,tier B,
cornell-college,Cornell College,IA,B,no cited GPA,No,,80%,math 545-630,23-30,0,440,1,index,tier B,
cornerstone-university,Cornerstone University,MI,B,no cited GPA; test blind,No,,78%,,,0,277,2,index,tier B,
corning-community-college,SUNY Corning Community College,NY,C,open admission (IPEDS),Yes,,,,,0,23,1,noindex,"tier C, no clicks in 12 months",
cossatot-community-college-of-the-university-of-arkansas,Cossatot Community College of the University of Arkansas,AR,C,open admission (IPEDS),Yes,,,,,0,32,3,noindex,"tier C, no clicks in 12 months",
cosumnes-river-college,Cosumnes River College,CA,C,open admission (IPEDS),Yes,,,,,1,8,1,index,"tier C, kept for traffic: 1 clicks in 12 months",
cottey-college,Cottey College,MO,B,no cited GPA; test blind,No,,69%,,,0,12,1,index,tier B,
county-college-of-morris,County College of Morris,NJ,C,open admission (IPEDS),Yes,,,,,0,3,1,noindex,"tier C, no clicks in 12 months",
court-reporting-institute-of-louisiana,Court Reporting Institute of Louisiana,,C,figures removed in Phase 2 H (identity under review),,,,,,0,0,0,noindex,"tier C, no clicks in 12 months",
covenant-college,Covenant College,GA,B,no cited GPA,No,,87%,math 560-670,23-30,0,49,1,index,tier B,
cowley-county-community-college,Cowley County Community College,KS,C,open admission (IPEDS),Yes,,,,,0,20,1,noindex,"tier C, no clicks in 12 months",
cox-college,Cox College,MO,B,no cited GPA or SAT/ACT,No,,100%,,,0,11,1,index,tier B,
crafton-hills-college,Crafton Hills College,CA,C,open admission (IPEDS),Yes,,,,,0,38,1,noindex,"tier C, no clicks in 12 months",
craven-community-college,Craven Community College,NC,C,open admission (IPEDS),Yes,,,,,0,7,1,noindex,"tier C, no clicks in 12 months",
creighton,Creighton University,NE,B,no cited GPA,No,,80%,math 623-720,26-31,0,1043,2,index,tier B,
crestpoint-university,Crestpoint University,AZ,C,open admission (IPEDS),Yes,,,,,0,0,0,noindex,"tier C, no clicks in 12 months",national-paralegal-college
criswell-college,Criswell College,TX,B,no cited GPA; test blind,No,,100%,,,0,2,1,index,tier B,
crossroads-bible-college,Crossroads Bible College,,C,figures removed in Phase 2 H (identity under review),,,,,,0,2,1,noindex,"tier C, no clicks in 12 months",
crouse-hospital-college-of-nursing,Pomeroy College of Nursing at Crouse Hospital,NY,B,no cited GPA; test blind,No,,78%,,,0,5,1,index,tier B,
crowder-college,Crowder College,MO,C,open admission (IPEDS),Yes,,,,,0,45,1,noindex,"tier C, no clicks in 12 months",
crowleys-ridge-college,Crowley's Ridge College,AR,C,open admission (IPEDS),Yes,,,,,0,4,1,noindex,"tier C, no clicks in 12 months",
crown-college,Crown College,MN,B,no cited GPA; test blind,No,,23%,,,0,33,1,index,tier B,
csu-fullerton,California State University Fullerton,CA,A,"cited GPA, acceptance rate and test blind",No,3.434 (2024-25),91%,,,1,1964,2,index,tier A,
cuesta-college,Cuesta College,CA,C,open admission (IPEDS),Yes,,,,,0,24,1,noindex,"tier C, no clicks in 12 months",
culinary-institute-inc,Culinary Institute Inc,TX,C,open admission (IPEDS),Yes,,,,,0,23,1,noindex,"tier C, no clicks in 12 months",
culinary-institute-of-america,Culinary Institute of America,NY,B,no cited GPA,No,,91%,math 450-583,17-23,0,190,1,index,tier B,
culver-stockton-college,Culver-Stockton College,MO,B,no cited GPA or SAT/ACT,No,,99%,,,0,17,1,index,tier B,
cumberland-university,Cumberland University,TN,B,no cited GPA; test blind,No,,67%,,,0,187,2,index,tier B,
cuny-bernard-m-baruch-college,CUNY Bernard M Baruch College,NY,A,"cited GPA, acceptance rate and SAT/ACT",No,3.66 (2024-25),48%,math 550-710,,0,240,1,index,tier A,
cuny-borough-of-manhattan-community-college,CUNY Borough of Manhattan Community College,NY,C,open admission (IPEDS),Yes,,,,,0,76,1,noindex,"tier C, no clicks in 12 months",
cuny-bronx-community-college,CUNY Bronx Community College,NY,C,open admission (IPEDS),Yes,,,,,0,69,1,noindex,"tier C, no clicks in 12 months",
cuny-brooklyn-college,CUNY Brooklyn College,NY,B,no cited GPA,No,,58%,math 490-680,,1,303,1,index,tier B,
cuny-city-college,CUNY City College,NY,A,"cited GPA, acceptance rate and SAT/ACT",No,3.4 (2024-25),60%,math 530-730,,0,251,1,index,tier A,
cuny-college-of-staten-island,CUNY College of Staten Island,NY,B,no cited GPA,No,,92%,math 430-630,,0,79,1,index,tier B,
cuny-graduate-school-and-university-center,CUNY Graduate School and University Center,NY,B,no cited GPA; test blind,No,,68%,,,2,505,2,index,tier B,
cuny-hostos-community-college,CUNY Hostos Community College,NY,C,open admission (IPEDS),Yes,,,,,0,100,1,noindex,"tier C, no clicks in 12 months",
cuny-hunter-college,CUNY Hunter College,NY,B,no cited GPA,No,,54%,math 550-720,,1,397,1,index,tier B,
cuny-john-jay-college-of-criminal-justice,CUNY John Jay College of Criminal Justice,NY,A,"cited GPA, acceptance rate and SAT/ACT",No,3.17 (2023-24),57%,math 450-600,,1,323,1,index,tier A,
cuny-kingsborough-community-college,CUNY Kingsborough Community College,NY,C,open admission (IPEDS),Yes,,,,,0,138,1,noindex,"tier C, no clicks in 12 months",
cuny-laguardia-community-college,CUNY LaGuardia Community College,NY,C,open admission (IPEDS),Yes,,,,,0,256,1,noindex,"tier C, no clicks in 12 months",
cuny-lehman-college,CUNY Lehman College,NY,B,no cited GPA,No,,57%,math 410-560,,0,139,1,index,tier B,
cuny-medgar-evers-college,CUNY Medgar Evers College,NY,B,no cited GPA,No,,86%,math 410-500,,0,59,1,index,tier B,
cuny-new-york-city-college-of-technology,CUNY New York City College of Technology,NY,B,no cited GPA,No,,80%,math 440-570,,0,51,1,index,tier B,
cuny-queens-college,CUNY Queens College,NY,B,no cited GPA,No,,64%,math 510-640,,1,387,1,index,tier B,
cuny-queensborough-community-college,CUNY Queensborough Community College,NY,C,open admission (IPEDS),Yes,,,,,0,98,1,noindex,"tier C, no clicks in 12 months",
cuny-stella-and-charles-guttman-community-college,CUNY Stella and Charles Guttman Community College,NY,C,open admission (IPEDS),Yes,,,,,0,52,1,noindex,"tier C, no clicks in 12 months",
cuny-york-college,CUNY York College,NY,B,no cited GPA,No,,64%,math 380-480,,0,0,0,index,tier B,
curry-college,Curry College,MA,B,no cited GPA,No,,88%,math 520-610,,2,146,1,index,tier B,
curtis-institute-of-music,Curtis Institute of Music,PA,B,no cited GPA; test blind,No,,4.6%,,,0,53,1,index,tier B,
cuyahoga-community-college-district,Cuyahoga Community College District,OH,C,open admission (IPEDS),Yes,,,,,1,11,1,index,"tier C, kept for traffic: 1 clicks in 12 months",
cuyamaca-college,Cuyamaca College,CA,C,open admission (IPEDS),Yes,,,,,0,12,1,noindex,"tier C, no clicks in 12 months",
cypress-college,Cypress College,CA,C,open admission (IPEDS),Yes,,,,,1,152,1,index,"tier C, kept for traffic: 1 clicks in 12 months",
daemen-university,Daemen University,NY,B,no cited GPA; test blind,No,,68%,,,0,57,1,index,tier B,daemen-college
dakota-college-at-bottineau,Dakota College at Bottineau,ND,C,open admission (IPEDS),Yes,,,,,0,7,1,noindex,"tier C, no clicks in 12 months",
dakota-county-technical-college,Dakota County Technical College,MN,C,open admission (IPEDS),Yes,,,,,0,26,1,noindex,"tier C, no clicks in 12 months",
dakota-state-university,Dakota State University,SD,A,"cited GPA, acceptance rate and SAT/ACT",No,3.47 (2025-26),88%,math 620-760,20-27,0,134,2,index,tier A,
dakota-wesleyan-university,Dakota Wesleyan University,SD,B,no cited GPA; test blind,No,,73%,,,1,239,2,index,tier B,
dallas,University of Dallas,TX,B,no cited GPA,No,,53%,math 540-670,22-29,0,169,2,index,tier B,
dallas-baptist-university,Dallas Baptist University,TX,B,no cited GPA,No,,89%,math 470-593,20-26,0,290,2,index,tier B,
dallas-christian-college,Dallas Christian College,TX,B,no cited GPA,No,,22%,math 391-566,15-19,0,18,1,index,tier B,
dallas-college,Dallas College,TX,C,open admission (IPEDS),Yes,,,,,0,139,1,noindex,"tier C, no clicks in 12 months",el-centro-college
dallas-institute-of-funeral-service,Dallas Institute of Funeral Service,TX,C,open admission (IPEDS),Yes,,,,,0,13,1,noindex,"tier C, no clicks in 12 months",
dalton-state-college,Dalton State College,GA,C,open admission (IPEDS),Yes,,,,,0,0,0,noindex,"tier C, no clicks in 12 months",
danville-area-community-college,Danville Area Community College,IL,C,open admission (IPEDS),Yes,,,,,0,2,1,noindex,"tier C, no clicks in 12 months",
danville-community-college,Danville Community College,VA,C,open admission (IPEDS),Yes,,,,,0,5,1,noindex,"tier C, no clicks in 12 months",
dartmouth,Dartmouth College,NH,B,no cited GPA,No,,5.4%,math 760-790,33-35,0,113,1,index,tier B,
davenport-university,Davenport University,MI,B,no cited GPA; test blind,No,,98%,,,0,338,2,index,tier B,
davidson,Davidson College,NC,A,"cited GPA, acceptance rate and SAT/ACT",No,3.85 (2025-26),13%,math 705-780,31-34,0,206,1,index,tier A,
davidson-davie-community-college,Davidson-Davie Community College,NC,C,open admission (IPEDS),Yes,,,,,0,4,1,noindex,"tier C, no clicks in 12 months",davidson-county-community-college
davis-and-elkins-college,Davis &amp; Elkins College,WV,B,no cited GPA; test blind,No,,94%,,,0,22,1,index,tier B,
davis-college-ny,Davis College,NY,B,no cited GPA; test blind,No,,56%,,,0,0,0,index,tier B,
davis-college-oh,Davis College,OH,C,open admission (IPEDS),Yes,,,,,0,2,1,noindex,"tier C, no clicks in 12 months",
dawson-community-college,Dawson Community College,MT,C,open admission (IPEDS),Yes,,,,,0,30,1,noindex,"tier C, no clicks in 12 months",
dayton,University of Dayton,OH,B,no cited GPA,No,,65%,math 600-690,25-31,2,922,2,index,tier B,
daytona-state-college,Daytona State College,FL,C,open admission (IPEDS),Yes,,,,,0,113,1,noindex,"tier C, no clicks in 12 months",
de-anza-college,De Anza College,CA,C,open admission (IPEDS),Yes,,,,,0,35,1,noindex,"tier C, no clicks in 12 months",
dean-college,Dean College,MA,B,no cited GPA; test blind,No,,74%,,,1,66,1,index,tier B,
defiance-college,Defiance College,OH,B,no cited GPA; test blind,No,,48%,,,0,12,1,index,tier B,
del-mar-college,Del Mar College,TX,C,open admission (IPEDS),Yes,,,,,0,71,1,noindex,"tier C, no clicks in 12 months",
delaware,University of Delaware,DE,B,no cited GPA,No,,71%,math 590-680,28-32,4,2722,2,index,tier B,
delaware-county-community-college,Delaware County Community College,PA,C,open admission (IPEDS),Yes,,,,,0,21,1,noindex,"tier C, no clicks in 12 months",
delaware-state-university,Delaware State University,DE,A,"cited GPA, acceptance rate and SAT/ACT",No,3.16 (2025-26),47%,math 380-500,20-24,0,1124,3,index,tier A,
delaware-technical-and-community-college-terry,Delaware Technical Community College Terry,DE,C,open admission (IPEDS),Yes,,,,,0,24,3,noindex,"tier C, no clicks in 12 months",
delaware-valley-university,Delaware Valley University,PA,B,no cited GPA,No,,93%,math 530-640,23-30,0,51,1,index,tier B,delaware-valley-college
delgado-community-college,Delgado Community College,LA,C,open admission (IPEDS),Yes,,,,,1,78,1,index,"tier C, kept for traffic: 1 clicks in 12 months",
dellarte-international-school-of-physical-theatre,Dell'Arte International School of Physical Theatre,,C,figures removed in Phase 2 H (identity under review),,,,,,0,9,1,noindex,"tier C, no clicks in 12 months",
delta-college,Delta College,MI,C,open admission (IPEDS),Yes,,,,,0,59,1,noindex,"tier C, no clicks in 12 months",
delta-school-of-business-and-technology,Delta School of Business and Technology,,C,figures removed in Phase 2 H (identity under review),,,,,,0,2,1,noindex,"tier C, no clicks in 12 months",
delta-state-university,Delta State University,MS,B,no cited GPA,No,,100%,math 450-620,17-23,0,208,2,index,tier B,
denison,Denison University,OH,B,no cited GPA,No,,17%,math 660-760,30-33,0,1025,2,index,tier B,
denmark-technical-college,Denmark Technical College,SC,C,open admission (IPEDS),Yes,,,,,0,16,1,noindex,"tier C, no clicks in 12 months",
denver-college-of-nursing,Denver College of Nursing,CO,C,"no cited GPA, acceptance rate or SAT/ACT",,,,,,0,6,1,noindex,"tier C, no clicks in 12 months",denver-school-of-nursing
depaul,DePaul University,IL,B,no cited GPA,No,,76%,math 560-660,25-31,1,1233,2,index,tier B,
depauw,DePauw University,IN,B,no cited GPA,No,,57%,math 600-720,28-32,1,702,2,index,tier B,
des-moines-area-community-college,Des Moines Area Community College,IA,C,open admission (IPEDS),Yes,,,,,0,1,1,noindex,"tier C, no clicks in 12 months",
des-moines-university,Des Moines University Medicine and Health Sciences,IA,C,"no cited GPA, acceptance rate or SAT/ACT",,,,,,2,191,1,index,"tier C, kept for traffic: 2 clicks in 12 months",
desales-university,DeSales University,PA,A,"cited GPA, acceptance rate and SAT/ACT",No,3.41 (2024-25),77%,math 540-620,27-28,0,619,2,index,tier A,
design-institute-of-san-diego,Design Institute of San Diego,CA,B,no cited GPA; test blind,No,,100%,,,0,1,1,index,tier B,
devry-college-of-new-york,DeVry College of New York,NY,B,no cited GPA or SAT/ACT,No,,100%,,,0,5,1,index,tier B,
devry-university-arizona,DeVry University Arizona,AZ,C,"no cited GPA, acceptance rate or SAT/ACT",No,,,,,0,23,4,noindex,"tier C, no clicks in 12 months",
devry-university-california,DeVry University California,CA,B,no cited GPA or SAT/ACT,No,,98%,,,0,85,4,index,tier B,
devry-university-florida,DeVry University Florida,FL,C,"no cited GPA, acceptance rate or SAT/ACT",No,,,,,0,85,4,noindex,"tier C, no clicks in 12 months",
devry-university-georgia,DeVry University Georgia,GA,B,no cited GPA or SAT/ACT,No,,100%,,,1,131,4,index,tier B,
devry-university-illinois,DeVry University Illinois,IL,B,no cited GPA,No,,98%,math 370-490,11-19,4,325,5,index,tier B,
devry-university-nevada,DeVry University Nevada,NV,C,"no cited GPA, acceptance rate or SAT/ACT",No,,,,,0,24,3,noindex,"tier C, no clicks in 12 months",
devry-university-new-jersey,DeVry University New Jersey,NJ,B,no cited GPA or SAT/ACT,No,,100%,,,0,108,4,index,tier B,
devry-university-ohio,DeVry University Ohio,OH,B,no cited GPA or SAT/ACT,No,,100%,,,0,57,4,index,tier B,
devry-university-texas,DeVry University Texas,TX,C,"no cited GPA, acceptance rate or SAT/ACT",No,,,,,2,99,4,index,"tier C, kept for traffic: 2 clicks in 12 months",
devry-university-virginia,DeVry University Virginia,VA,C,"no cited GPA, acceptance rate or SAT/ACT",No,,,,,0,54,4,noindex,"tier C, no clicks in 12 months",
diablo-valley-college,Diablo Valley College,CA,C,open admission (IPEDS),Yes,,,,,0,12,1,noindex,"tier C, no clicks in 12 months",
dickinson-college,Dickinson College,PA,B,no cited GPA,No,,42%,math 640-720,30-33,0,47,1,index,tier B,
dickinson-state-university,Dickinson State University,ND,B,no cited GPA; test blind,No,,37%,,,0,133,2,index,tier B,
digipen-institute-of-technology,DigiPen Institute of Technology,WA,B,no cited GPA,No,,64%,math 560-700,27-29,0,28,1,index,tier B,
dillard-university,Dillard University,LA,B,no cited GPA,No,,42%,math 488-562,18-22,0,243,2,index,tier B,
dine-college,Dine College,AZ,C,open admission (IPEDS),Yes,,,,,1,9,1,index,"tier C, kept for traffic: 1 clicks in 12 months",
divine-word-college,Divine Word College,IA,C,open admission (IPEDS),Yes,,,,,0,9,1,noindex,"tier C, no clicks in 12 months",
doane-university,Doane University,NE,B,no cited GPA; test blind,No,,98%,,,0,30,1,index,tier B,doane-college-crete
dodge-city-community-college,Dodge City Community College,KS,C,open admission (IPEDS),Yes,,,,,0,14,1,noindex,"tier C, no clicks in 12 months",
dominican-university,Dominican University,IL,A,"cited GPA, acceptance rate and SAT/ACT",No,3.75 (2025-26),90%,math 420-540,16-26,1,470,2,index,tier A,
dominican-university-new-york,Dominican University New York,NY,B,no cited GPA; test blind,No,,63%,,,0,4,1,index,tier B,dominican-college-of-blauvelt
dominican-university-of-california,Dominican University of California,CA,A,"cited GPA, acceptance rate and SAT/ACT",No,3.65 (2024-25),84%,math 590-640,,1,186,2,index,tier A,
dongguk-university-los-angeles,Dongguk University Los Angeles,CA,C,"no cited GPA, acceptance rate or SAT/ACT",,,,,,0,13,1,noindex,"tier C, no clicks in 12 months",
donnelly-college,Donnelly College,KS,C,open admission (IPEDS),Yes,,,,,0,10,1,noindex,"tier C, no clicks in 12 months",
dordt-university,Dordt University,IA,B,no cited GPA,No,,68%,math 530-660,21-29,0,26,1,index,tier B,dordt-college
douglas-education-center,Douglas Education Center,PA,C,open admission (IPEDS),Yes,,,,,0,6,1,noindex,"tier C, no clicks in 12 months",
drake-university,Drake University,IA,B,no cited GPA,No,,64%,math 530-670,24-29,0,389,2,index,tier B,
drew-university,Drew University,NJ,B,no cited GPA,No,,68%,math 533-650,24-30,0,262,2,index,tier B,
drexel-university,Drexel University,PA,B,no cited GPA,No,,79%,math 620-740,27-32,1,2207,2,index,tier B,
drury,Drury University,MO,A,"cited GPA, acceptance rate and SAT/ACT",No,3.81 (2023-24),58%,math 560-620,22-29,2,167,2,index,tier A,
duke,Duke University,NC,B,no cited GPA,No,,5.7%,math 760-800,34-35,1,2552,2,index,tier B,
dunwoody-college-of-technology,Dunwoody College of Technology,MN,B,no cited GPA,No,,99%,,18-26,0,35,1,index,tier B,
duquesne,Duquesne University,PA,A,"cited GPA, acceptance rate and SAT/ACT",No,3.76 (2025-26),84%,math 580-670,26-32,2,600,2,index,tier A,
durham-technical-community-college,Durham Technical Community College,NC,C,open admission (IPEDS),Yes,,,,,1,47,1,index,"tier C, kept for traffic: 1 clicks in 12 months",
dutchess-community-college,Dutchess Community College,NY,C,open admission (IPEDS),Yes,,,,,0,39,1,noindex,"tier C, no clicks in 12 months",
dyersburg-state-community-college,Dyersburg State Community College,TN,C,open admission (IPEDS),Yes,,,,,0,20,1,noindex,"tier C, no clicks in 12 months",
dyouville-university,D'Youville University,NY,B,no cited GPA,No,,81%,math 485-610,,0,41,1,index,tier B,dyouville-college
eagle-gate-college-layton,Eagle Gate College Layton,UT,C,open admission (IPEDS),Yes,,,,,0,9,1,noindex,"tier C, no clicks in 12 months",
eagle-gate-college-murray,Eagle Gate College Murray,UT,C,open admission (IPEDS),Yes,,,,,0,6,1,noindex,"tier C, no clicks in 12 months",
earlham-college,Earlham College,IN,A,"cited GPA, acceptance rate and SAT/ACT",No,3.43 (2024-25),73%,math 540-630,24-33,0,31,1,index,tier A,
east-arkansas-community-college,East Arkansas Community College,AR,C,open admission (IPEDS),Yes,,,,,0,0,0,noindex,"tier C, no clicks in 12 months",
east-carolina-university,East Carolina University,NC,B,no cited GPA,No,,89%,math 530-610,21-26,1,1177,2,index,tier B,
east-central-college,East Central College,MO,C,open admission (IPEDS),Yes,,,,,0,2,1,noindex,"tier C, no clicks in 12 months",
east-central-community-college,East Central Community College,MS,C,open admission (IPEDS),Yes,,,,,0,5,1,noindex,"tier C, no clicks in 12 months",
east-central-university,East Central University,OK,B,no cited GPA,No,,58%,math 440-560,17-24,0,127,1,index,tier B,
east-georgia-college,East Georgia State College,GA,C,open admission (IPEDS),Yes,,,,,0,7,1,noindex,"tier C, no clicks in 12 months",
east-los-angeles-college,East Los Angeles College,CA,C,open admission (IPEDS),Yes,,,,,0,3,1,noindex,"tier C, no clicks in 12 months",
east-mississippi-community-college,East Mississippi Community College,MS,C,open admission (IPEDS),Yes,,,,,0,12,1,noindex,"tier C, no clicks in 12 months",
east-ohio-college,East Ohio College,OH,C,open admission (IPEDS),Yes,,,,,0,2,1,noindex,"tier C, no clicks in 12 months",ohio-valley-college-of-technology
east-stroudsburg-university-of-pennsylvania,East Stroudsburg University of Pennsylvania,PA,B,no cited GPA,No,,92%,math 500-590,22-23,0,262,2,index,tier B,
east-tennessee-state-university,East Tennessee State University,TN,B,no cited GPA,No,,86%,math 470-580,19-26,2,402,2,index,tier B,
east-texas-a-m-university,East Texas A&M University,TX,B,no cited GPA,No,,92%,math 430-570,18-24,1,94,2,index,tier B,texas-a-m-university-commerce
east-texas-baptist-university,East Texas Baptist University,TX,B,no cited GPA; test blind,No,,58%,,,0,169,2,index,tier B,
east-west-university,East-West University,IL,C,open admission (IPEDS),Yes,,,,,0,37,2,noindex,"tier C, no clicks in 12 months",
eastern-arizona-college,Eastern Arizona College,AZ,C,open admission (IPEDS),Yes,,,,,0,22,1,noindex,"tier C, no clicks in 12 months",
eastern-connecticut-state-university,Eastern Connecticut State University,CT,B,no cited GPA,No,,83%,math 530-610,,0,351,2,index,tier B,
eastern-florida-state-college,Eastern Florida State College,FL,C,open admission (IPEDS),Yes,,,,,0,21,1,noindex,"tier C, no clicks in 12 months",brevard-community-college
eastern-illinois-university,Eastern Illinois University,IL,B,no cited GPA,No,,65%,math 420-530,,0,275,2,index,tier B,
eastern-iowa-community-college-district,Eastern Iowa Community College District,IA,C,open admission (IPEDS),Yes,,,,,0,3,1,noindex,"tier C, no clicks in 12 months",
eastern-kentucky-university,Eastern Kentucky University,KY,B,no cited GPA,No,,78%,math 440-550,19-25,0,448,2,index,tier B,
eastern-maine-community-college,Eastern Maine Community College,ME,C,open admission (IPEDS),Yes,,,,,0,13,1,noindex,"tier C, no clicks in 12 months",
eastern-mennonite-university,Eastern Mennonite University,VA,A,"cited GPA, acceptance rate and test blind",No,3.49 (2025-26),100%,,,0,128,2,index,tier A,
eastern-michigan-university,Eastern Michigan University,MI,A,"cited GPA, acceptance rate and SAT/ACT",No,3.39 (2025-26),80%,math 440-570,18-27,0,1743,2,index,tier A,
eastern-new-mexico-university-main-campus,Eastern New Mexico University Main Campus,NM,B,no cited GPA,No,,92%,math 400-520,17-23,0,11,2,index,tier B,
eastern-new-mexico-university-roswell-campus,Eastern New Mexico University Roswell Campus,NM,C,open admission (IPEDS),Yes,,,,,0,93,2,noindex,"tier C, no clicks in 12 months",
eastern-new-mexico-university-ruidoso-campus,Eastern New Mexico University Ruidoso Branch Community College,NM,C,open admission (IPEDS),Yes,,,,,1,76,2,index,"tier C, kept for traffic: 1 clicks in 12 months",
eastern-oklahoma-state-college,Eastern Oklahoma State College,OK,C,open admission (IPEDS),Yes,,,,,0,7,1,noindex,"tier C, no clicks in 12 months",
eastern-oregon-university,Eastern Oregon University,OR,A,"cited GPA, acceptance rate and test blind",No,3.46 (2025-26),98%,,,1,312,2,index,tier A,
eastern-shore-community-college,Eastern Shore Community College,VA,C,open admission (IPEDS),Yes,,,,,0,2,1,noindex,"tier C, no clicks in 12 months",
eastern-university,Eastern University,PA,B,no cited GPA or SAT/ACT,No,,91%,,,1,200,2,index,tier B,
eastern-washington-university,Eastern Washington University,WA,A,"cited GPA, acceptance rate and test blind",No,3.29 (2025-26),91%,,,0,455,2,index,tier A,
eastern-west-virginia-community-and-technical-college,Eastern West Virginia Community and Technical College,WV,C,open admission (IPEDS),Yes,,,,,0,2,1,noindex,"tier C, no clicks in 12 months",
eastern-wyoming-college,Eastern Wyoming College,WY,C,open admission (IPEDS),Yes,,,,,0,3,1,noindex,"tier C, no clicks in 12 months",
eastwick-college,Eastwick College,NJ,C,open admission (IPEDS),Yes,,,,,0,56,1,noindex,"tier C, no clicks in 12 months",
ecclesia-college,Ecclesia College,AR,B,no cited GPA; test blind,No,,74%,,,0,4,1,index,tier B,
eckerd,Eckerd College,FL,A,"cited GPA, acceptance rate and SAT/ACT",No,3.64 (2024-25),76%,math 560-640,24-29,0,135,1,index,tier A,
ecpi-university,ECPI University,VA,B,no cited GPA; test blind,No,,75%,,,4,792,1,index,tier B,
ecumenical-theological-seminary,Ecumenical Theological Seminary,MI,C,open admission (IPEDS),Yes,,,,,0,1,1,noindex,"tier C, no clicks in 12 months",
edgecombe-community-college,Edgecombe Community College,NC,C,open admission (IPEDS),Yes,,,,,0,5,1,noindex,"tier C, no clicks in 12 months",
edgewood-college,Edgewood College,WI,B,no cited GPA; test blind,No,,76%,,,0,107,1,index,tier B,
edison-state-community-college,Edison State Community College,OH,C,open admission (IPEDS),Yes,,,,,0,7,1,noindex,"tier C, no clicks in 12 months",
edmonds-college,Edmonds College,WA,C,open admission (IPEDS),Yes,,,,,0,12,1,noindex,"tier C, no clicks in 12 months",edmonds-community-college
edward-waters-university,Edward Waters University,FL,B,no cited GPA; test blind,No,,85%,,,0,28,1,index,tier B,edward-waters-college
el-camino-community-college-district,El Camino Community College District,CA,C,open admission (IPEDS),Yes,,,,,0,59,1,noindex,"tier C, no clicks in 12 months",
el-paso-community-college,El Paso Community College,TX,C,open admission (IPEDS),Yes,,,,,0,34,1,noindex,"tier C, no clicks in 12 months",
elgin-community-college,Elgin Community College,IL,C,open admission (IPEDS),Yes,,,,,0,12,1,noindex,"tier C, no clicks in 12 months",
elizabeth-city-state-university,Elizabeth City State University,NC,B,no cited GPA,No,,64%,math 450-520,16-22,2,596,2,index,tier B,
elizabethtown-college,Elizabethtown College,PA,B,no cited GPA,No,,78%,math 545-650,26-31,1,63,1,index,tier B,
elizabethtown-community-and-technical-college,Elizabethtown Community and Technical College,KY,C,open admission (IPEDS),Yes,,,,,0,5,1,noindex,"tier C, no clicks in 12 months",
ellsworth-community-college,Ellsworth Community College,IA,C,open admission (IPEDS),Yes,,,,,0,2,1,noindex,"tier C, no clicks in 12 months",
elmhurst-university,Elmhurst University,IL,B,no cited GPA,No,,74%,math 480-620,23-30,0,46,1,index,tier B,elmhurst-college
elmira-college,Elmira College,NY,B,no cited GPA,No,,77%,math 522-691,26-29,0,30,1,index,tier B,
elon-university,Elon University,NC,A,"cited GPA, acceptance rate and SAT/ACT",No,3.85 (2024-25),66%,math 550-630,23-28,2,1588,2,index,tier A,
embry-riddle,Embry-Riddle Aeronautical University Daytona Beach,FL,B,no cited GPA,No,,65%,math 580-690,24-30,8,5385,3,index,tier B,
embry-riddle-aeronautical-university-worldwide,Embry-Riddle Aeronautical University Worldwide,FL,B,no cited GPA,No,,58%,math 520-610,18-28,1,963,2,index,tier B,
embry-riddle-prescott,Embry-Riddle Aeronautical University Prescott,AZ,B,no cited GPA,No,,77%,math 560-690,24-29,0,541,2,index,tier B,
emerson-college,Emerson College,MA,B,no cited GPA,No,,51%,math 610-700,29-32,0,218,1,index,tier B,
emmanuel-college,Emmanuel College,MA,B,no cited GPA,No,,76%,math 570-670,,0,121,1,index,tier B,
emmanuel-university,Emmanuel University,GA,B,no cited GPA; test blind,No,,74%,,,0,25,1,index,tier B,emmanuel-college-ga
emmaus-bible-college,Emmaus Bible College,IA,B,no cited GPA,No,,60%,math 550-630,21-30,0,4,1,index,tier B,
emory,Emory University,GA,A,"cited GPA, acceptance rate and SAT/ACT",No,3.84 (2024-25),11%,math 750-790,32-35,7,2360,2,index,tier A,
emory-henry-university,Emory & Henry University,VA,B,no cited GPA,No,,84%,math 503-583,20-26,1,50,1,index,tier B,emory-and-henry-college
empire-state-university,Empire State University,NY,C,open admission (IPEDS),Yes,,,,,0,0,0,noindex,"tier C, no clicks in 12 months",suny-empire-state-college
emporia-state-university,Emporia State University,KS,B,no cited GPA,No,,98%,,18-24,0,96,2,index,tier B,
endicott-college,Endicott College,MA,B,no cited GPA,No,,71%,math 583-660,25-30,0,255,1,index,tier B,
ensign-college,Ensign College,UT,C,open admission (IPEDS),Yes,,,,,0,0,0,noindex,"tier C, no clicks in 12 months",latter-day-saints-business-college
enterprise-state-community-college,Enterprise State Community College,AL,C,open admission (IPEDS),Yes,,,,,0,13,1,noindex,"tier C, no clicks in 12 months",
epic-bible-college,Epic Bible College & Graduate School,CA,C,open admission (IPEDS),Yes,,,,,0,9,1,noindex,"tier C, no clicks in 12 months",
erie-community-college,Erie Community College,NY,C,open admission (IPEDS),Yes,,,,,0,12,1,noindex,"tier C, no clicks in 12 months",
erie-institute-of-technology-inc,Erie Institute of Technology Inc,PA,C,open admission (IPEDS),Yes,,,,,1,2,1,index,"tier C, kept for traffic: 1 clicks in 12 months",
erskine-college,Erskine College,SC,B,no cited GPA; test blind,No,,63%,,,0,42,1,index,tier B,erskine-college-and-seminary
essex-county-college,Essex County College,NJ,C,open admission (IPEDS),Yes,,,,,0,38,1,noindex,"tier C, no clicks in 12 months",
estrella-mountain-community-college,Estrella Mountain Community College,AZ,C,open admission (IPEDS),Yes,,,,,0,14,1,noindex,"tier C, no clicks in 12 months",
eti-technical-college,ETI Technical College,OH,C,open admission (IPEDS),Yes,,,,,0,7,1,noindex,"tier C, no clicks in 12 months",
eureka-college,Eureka College,IL,B,no cited GPA; test blind,No,,85%,,,0,34,1,index,tier B,
evangel-university,Evangel University,MO,B,no cited GPA,No,,72%,math 500-620,21-27,0,186,2,index,tier B,
everett-community-college,Everett Community College,WA,C,open admission (IPEDS),Yes,,,,,0,18,1,noindex,"tier C, no clicks in 12 months",
everglades-university,Everglades University,FL,B,no cited GPA; test blind,No,,81%,,,1,269,2,index,tier B,
evergreen-valley-college,Evergreen Valley College,CA,C,open admission (IPEDS),Yes,,,,,0,6,1,noindex,"tier C, no clicks in 12 months",
excelsior-university,Excelsior University,NY,C,open admission (IPEDS),Yes,,,,,0,15,1,noindex,"tier C, no clicks in 12 months",
fairfax-university-of-america,Fairfax University of America,,C,figures removed in Phase 2 H (identity under review),,,,,,0,8,1,noindex,"tier C, no clicks in 12 months",
fairfield-university,Fairfield University,CT,B,no cited GPA,No,,33%,math 630-690,29-32,0,1540,2,index,tier B,
fairleigh-dickinson-university-florham-campus,Fairleigh Dickinson University Florham Campus,NJ,B,no cited GPA or SAT/ACT,No,,95%,,,1,411,2,index,tier B,fairleigh-dickinson-university-college-at-florham
fairleigh-dickinson-university-metropolitan-campus,Fairleigh Dickinson University Metropolitan Campus,NJ,B,no cited GPA or SAT/ACT,No,,91%,,,1,677,3,index,tier B,
fairmont-state-university,Fairmont State University,WV,B,no cited GPA,No,,99%,math 360-510,17-23,0,76,2,index,tier B,
faith-baptist-bible-college-and-theological-seminary,Faith Baptist Bible College and Theological Seminary,IA,B,no cited GPA,No,,68%,math 490-580,19-26,0,5,1,index,tier B,
faith-international-university,Faith International University,WA,C,open admission (IPEDS),Yes,,,,,0,5,1,noindex,"tier C, no clicks in 12 months",faith-evangelical-college-and-seminary
family-of-faith-christian-university,Family of Faith Christian University,OK,B,no cited GPA or SAT/ACT,No,,76%,,,0,4,1,index,tier B,family-of-faith-college
farmingdale-state-college,Farmingdale State College,NY,A,"cited GPA, acceptance rate and SAT/ACT",No,3.27 (2024-25),63%,math 520-620,20-28,0,0,0,index,tier A,
fashion-institute-of-technology,Fashion Institute of Technology,NY,B,no cited GPA; test blind,No,,60%,,,0,27,1,index,tier B,
faulkner-university,Faulkner University,AL,B,no cited GPA,No,,73%,,18-21,0,119,2,index,tier B,
fayetteville-state-university,Fayetteville State University,NC,B,no cited GPA,No,,82%,math 430-540,15-19,1,611,2,index,tier B,
fayetteville-technical-community-college,Fayetteville Technical Community College,NC,C,open admission (IPEDS),Yes,,,,,0,36,1,noindex,"tier C, no clicks in 12 months",
feather-river-community-college-district,Feather River Community College District,CA,C,open admission (IPEDS),Yes,,,,,0,12,1,noindex,"tier C, no clicks in 12 months",
felician-university,Felician University,NJ,C,open admission (IPEDS),Yes,,,,,0,32,1,noindex,"tier C, no clicks in 12 months",felician-college
ferris-state-university,Ferris State University,MI,A,"cited GPA, acceptance rate and SAT/ACT",No,3.35 (2025-26),91%,math 430-550,20-24,0,573,2,index,tier A,
ferrum-college,Ferrum College,VA,B,no cited GPA or SAT/ACT,No,,89%,,,0,74,1,index,tier B,
fielding-graduate-university,Fielding Graduate University,CA,C,"no cited GPA, acceptance rate or SAT/ACT",,,,,,0,47,1,noindex,"tier C, no clicks in 12 months",
fine-mortuary-college-llc,FINE Mortuary College,MA,C,open admission (IPEDS),Yes,,,,,0,10,1,noindex,"tier C, no clicks in 12 months",
finger-lakes-community-college,Finger Lakes Community College,NY,C,open admission (IPEDS),Yes,,,,,1,7,1,index,"tier C, kept for traffic: 1 clicks in 12 months",
fisher-college,Fisher College,MA,B,no cited GPA; test blind,No,,71%,,,0,66,1,index,tier B,
fisk-university,Fisk University,TN,B,no cited GPA,No,,37%,math 570-790,19-24,0,196,2,index,tier B,
fitchburg-state-university,Fitchburg State University,MA,A,"cited GPA, acceptance rate and SAT/ACT",No,3.28 (2024-25),87%,math 520-610,,2,898,2,index,tier A,
five-branches-university,Five Branches University,CA,C,"no cited GPA, acceptance rate or SAT/ACT",,,,,,0,5,2,noindex,"tier C, no clicks in 12 months",
five-towns-college,Five Towns College,NY,B,no cited GPA; test blind,No,,54%,,,0,10,1,index,tier B,
flagler-college-st-augustine,Flagler College,FL,B,no cited GPA,No,,81%,math 450-570,19-25,0,112,1,index,tier B,
flathead-valley-community-college,Flathead Valley Community College,MT,C,open admission (IPEDS),Yes,,,,,0,2,1,noindex,"tier C, no clicks in 12 months",
flint-hills-technical-college,Flint Hills Technical College,KS,C,open admission (IPEDS),Yes,,,,,0,7,1,noindex,"tier C, no clicks in 12 months",
florence-darlington-technical-college,Florence-Darlington Technical College,SC,C,open admission (IPEDS),Yes,,,,,0,12,1,noindex,"tier C, no clicks in 12 months",
florida,University of Florida,FL,A,"cited GPA, acceptance rate and SAT/ACT",No,3.9 (2025-26),24%,math 660-750,29-33,0,2373,3,index,tier A,
florida-agricultural-and-mechanical-university,Florida Agricultural and Mechanical University,FL,A,"cited GPA, acceptance rate and SAT/ACT",No,3.77 (2025-26),21%,math 510-570,20-24,1,442,2,index,tier A,
florida-atlantic-university,Florida Atlantic University,FL,A,"cited GPA, acceptance rate and SAT/ACT",No,3.83 (2024-25),66%,math 510-590,21-26,7,2143,2,index,tier A,
florida-college,Florida College,FL,B,no cited GPA,No,,70%,math 450-590,19-25,0,106,1,index,tier B,
florida-gateway-college,Florida Gateway College,FL,C,open admission (IPEDS),Yes,,,,,0,10,1,noindex,"tier C, no clicks in 12 months",
florida-gulf-coast,Florida Gulf Coast University,FL,A,"cited GPA, acceptance rate and SAT/ACT",No,4.12 (2024-25),63%,math 510-590,20-25,4,2080,2,index,tier A,
florida-institute-of-technology,Florida Institute of Technology,FL,B,no cited GPA,No,,58%,math 560-660,23-28,0,126,1,index,tier B,
florida-international,Florida International University,FL,A,"cited GPA, acceptance rate and SAT/ACT",No,4.1 (2024-25),55%,math 520-620,21-27,2,1103,2,index,tier A,
florida-memorial-university,Florida Memorial University,FL,B,no cited GPA; test blind,No,,85%,,,0,599,2,index,tier B,
florida-national-university,Florida National University,FL,C,open admission (IPEDS),Yes,,,,,0,16,1,noindex,"tier C, no clicks in 12 months",florida-national-college-main-campus
florida-polytechnic-university,Florida Polytechnic University,FL,A,"cited GPA, acceptance rate and SAT/ACT",No,4.2 (2023-24),58%,math 580-670,24-30,2,335,2,index,tier A,
florida-southern-college,Florida Southern College,FL,B,no cited GPA,No,,64%,math 560-650,25-30,0,87,1,index,tier B,
florida-southwestern-state-college,Florida SouthWestern State College,FL,C,open admission (IPEDS),Yes,,,,,0,43,1,noindex,"tier C, no clicks in 12 months",edison-state-college
florida-state-college-at-jacksonville,Florida State College at Jacksonville,FL,C,open admission (IPEDS),Yes,,,,,0,25,1,noindex,"tier C, no clicks in 12 months",
florida-state-university,Florida State University,FL,B,no cited GPA,No,,24%,math 630-700,29-32,3,2289,2,index,tier B,
folsom-lake-college,Folsom Lake College,CA,C,open admission (IPEDS),Yes,,,,,0,22,1,noindex,"tier C, no clicks in 12 months",
fond-du-lac-tribal-and-community-college,Fond du Lac Tribal and Community College,MN,C,open admission (IPEDS),Yes,,,,,0,5,1,noindex,"tier C, no clicks in 12 months",
foothill-college,Foothill College,CA,C,open admission (IPEDS),Yes,,,,,0,113,1,noindex,"tier C, no clicks in 12 months",
fordham-university,Fordham University,NY,B,no cited GPA,No,,59%,math 660-750,30-33,0,1217,2,index,tier B,
forsyth-technical-community-college,Forsyth Technical Community College,NC,C,open admission (IPEDS),Yes,,,,,0,31,1,noindex,"tier C, no clicks in 12 months",
fort-hays-state-university,Fort Hays State University,KS,B,no cited GPA,No,,90%,math 470-560,18-24,1,220,2,index,tier B,
fort-hays-tech-north-central,Fort Hays Tech North Central,KS,C,open admission (IPEDS),Yes,,,,,0,0,0,noindex,"tier C, no clicks in 12 months",north-central-kansas-technical-college
fort-lewis-college,Fort Lewis College,CO,B,no cited GPA,No,,77%,math 505-605,18-26,0,43,1,index,tier B,
fort-peck-community-college,Fort Peck Community College,MT,C,open admission (IPEDS),Yes,,,,,0,3,1,noindex,"tier C, no clicks in 12 months",
fort-scott-community-college,Fort Scott Community College,KS,C,open admission (IPEDS),Yes,,,,,0,13,1,noindex,"tier C, no clicks in 12 months",
fort-valley-state-university,Fort Valley State University,GA,B,no cited GPA,No,,66%,math 450-510,19-24,0,321,2,index,tier B,
fortis-college-baton-rouge,Fortis College Baton Rouge,LA,C,open admission (IPEDS),Yes,,,,,0,0,0,noindex,"tier C, no clicks in 12 months",medvance-institute-baton-rouge
fortis-college-centeville,Fortis College Centerville,OH,C,open admission (IPEDS),Yes,,,,,0,1,1,noindex,"tier C, no clicks in 12 months",
fortis-college-cincinnati,Fortis College Cincinnati,OH,C,open admission (IPEDS),Yes,,,,,0,1,1,noindex,"tier C, no clicks in 12 months",
fortis-college-columbia,Fortis College Columbia,SC,C,open admission (IPEDS),Yes,,,,,0,4,1,noindex,"tier C, no clicks in 12 months",medix-school-fortis-college
fortis-college-columbus,Fortis College Columbus,OH,C,open admission (IPEDS),Yes,,,,,0,4,1,noindex,"tier C, no clicks in 12 months",
fortis-college-cuyahoga-falls,Fortis College Cuyahoga Falls,OH,C,open admission (IPEDS),Yes,,,,,0,4,1,noindex,"tier C, no clicks in 12 months",
fortis-college-fl,Fortis College Orange Park,FL,C,open admission (IPEDS),Yes,,,,,0,7,1,noindex,"tier C, no clicks in 12 months",
fortis-college-ga,Fortis College Smyrna,GA,C,open admission (IPEDS),Yes,,,,,0,6,1,noindex,"tier C, no clicks in 12 months",
fortis-college-indianapolis,Fortis College Indianapolis,IN,C,open admission (IPEDS),Yes,,,,,0,3,1,noindex,"tier C, no clicks in 12 months",
fortis-college-landover,Fortis College Landover,MD,C,open admission (IPEDS),Yes,,,,,0,5,1,noindex,"tier C, no clicks in 12 months",
fortis-college-mobile,Fortis College Mobile,AL,C,open admission (IPEDS),Yes,,,,,0,3,1,noindex,"tier C, no clicks in 12 months",
fortis-college-montgomery,Fortis College Montgomery,AL,C,open admission (IPEDS),Yes,,,,,0,8,1,noindex,"tier C, no clicks in 12 months",
fortis-college-norfolk,Fortis College Norfolk,VA,C,open admission (IPEDS),Yes,,,,,0,3,1,noindex,"tier C, no clicks in 12 months",
fortis-college-richmond,Fortis College Richmond,VA,C,open admission (IPEDS),Yes,,,,,0,6,1,noindex,"tier C, no clicks in 12 months",
fortis-college-salt-lake-city,Fortis College Salt Lake City,UT,C,open admission (IPEDS),Yes,,,,,0,1,1,noindex,"tier C, no clicks in 12 months",
fortis-institute,Fortis Institute,TN,C,open admission (IPEDS),Yes,,,,,0,13,1,noindex,"tier C, no clicks in 12 months",
fortis-institute-birmingham,Fortis Institute Birmingham,AL,C,open admission (IPEDS),Yes,,,,,0,1,1,noindex,"tier C, no clicks in 12 months",tri-state-institute
fortis-institute-forty-fort,Fortis Institute Forty Fort,PA,C,open admission (IPEDS),Yes,,,,,0,9,1,noindex,"tier C, no clicks in 12 months",
fortis-institute-nashville,Fortis Institute Nashville,TN,C,open admission (IPEDS),Yes,,,,,0,16,1,noindex,"tier C, no clicks in 12 months",
fortis-institute-pensacola,Fortis Institute Pensacola,FL,C,open admission (IPEDS),Yes,,,,,0,2,1,noindex,"tier C, no clicks in 12 months",
fortis-institute-scranton,Fortis Institute Scranton,PA,C,open admission (IPEDS),Yes,,,,,0,5,1,noindex,"tier C, no clicks in 12 months",
fox-college-inc,Fox College,IL,B,no cited GPA; test blind,No,,70%,,,0,2,1,index,tier B,
fox-valley-technical-college,Fox Valley Technical College,WI,C,open admission (IPEDS),Yes,,,,,0,26,1,noindex,"tier C, no clicks in 12 months",
framingham-state-university,Framingham State University,MA,B,no cited GPA,No,,84%,math 530-630,,1,389,2,index,tier B,
francis-marion,Francis Marion University,SC,B,no cited GPA,No,,86%,math 420-540,16-24,0,565,2,index,tier B,
franciscan,Franciscan University of Steubenville,OH,B,no cited GPA,No,,58%,math 520-650,22-29,1,397,2,index,tier B,
franciscan-missionaries-of-our-lady-university,Franciscan Missionaries of Our Lady University,LA,B,no cited GPA; test blind,No,,99%,,,0,3,1,index,tier B,our-lady-of-the-lake-college
frank-phillips-college,Frank Phillips College,TX,C,open admission (IPEDS),Yes,,,,,0,18,1,noindex,"tier C, no clicks in 12 months",
franklin-and-marshall-college,Franklin and Marshall College,PA,B,no cited GPA,No,,28%,math 650-733,30-33,0,66,1,index,tier B,
franklin-college,Franklin College,IN,B,no cited GPA,No,,70%,math 520-620,20-26,0,90,1,index,tier B,
franklin-pierce-university,Franklin Pierce University,NH,B,no cited GPA,No,,93%,math 512-650,,0,246,2,index,tier B,
franklin-university,Franklin University,OH,C,open admission (IPEDS),Yes,,,,,0,120,4,noindex,"tier C, no clicks in 12 months",
frederick-community-college,Frederick Community College,MD,C,open admission (IPEDS),Yes,,,,,0,20,1,noindex,"tier C, no clicks in 12 months",
freed-hardeman-university,Freed-Hardeman University,TN,B,no cited GPA,No,,60%,math 471-538,19-26,0,201,2,index,tier B,
fresno-city-college,Fresno City College,CA,C,open admission (IPEDS),Yes,,,,,2,62,1,index,"tier C, kept for traffic: 2 clicks in 12 months",
fresno-pacific-university,Fresno Pacific University,CA,B,no cited GPA; test blind,No,,64%,,,0,208,2,index,tier B,
friends-university,Friends University,KS,B,no cited GPA,No,,55%,math 460-560,15-28,1,55,2,index,tier B,
front-range-community-college,Front Range Community College,CO,C,open admission (IPEDS),Yes,,,,,0,0,0,noindex,"tier C, no clicks in 12 months",
frontier-nursing-university,Frontier Nursing University,KY,C,"no cited GPA, acceptance rate or SAT/ACT",,,,,,0,151,1,noindex,"tier C, no clicks in 12 months",
frostburg-state-university,Frostburg State University,MD,B,no cited GPA or SAT/ACT,No,,89%,,,2,326,2,index,tier B,
full-sail-university,Full Sail University,FL,C,open admission (IPEDS),Yes,,,,,1,730,2,index,"tier C, kept for traffic: 1 clicks in 12 months",
fullerton-college,Fullerton College,CA,C,open admission (IPEDS),Yes,,,,,1,172,1,index,"tier C, kept for traffic: 1 clicks in 12 months",
fulton-montgomery-community-college,Fulton-Montgomery Community College,NY,C,open admission (IPEDS),Yes,,,,,0,9,1,noindex,"tier C, no clicks in 12 months",
furman-university,Furman University,SC,B,no cited GPA,No,,43%,math 610-710,28-32,2,887,2,index,tier B,
gadsden-state-community-college,Gadsden State Community College,AL,C,open admission (IPEDS),Yes,,,,,0,20,1,noindex,"tier C, no clicks in 12 months",
gallaudet-university,Gallaudet University,DC,B,no cited GPA,No,,58%,math 400-520,14-17,0,30,2,index,tier B,
galveston-college,Galveston College,TX,C,open admission (IPEDS),Yes,,,,,0,37,1,noindex,"tier C, no clicks in 12 months",
gannon-university,Gannon University,PA,B,no cited GPA; test blind,No,,74%,,,1,491,2,index,tier B,
garden-city-community-college,Garden City Community College,KS,C,open admission (IPEDS),Yes,,,,,0,12,1,noindex,"tier C, no clicks in 12 months",
gardner-webb-university,Gardner-Webb University,NC,B,no cited GPA,No,,77%,math 480-590,19-25,1,304,2,index,tier B,
garrett-college,Garrett College,MD,C,open admission (IPEDS),Yes,,,,,0,15,1,noindex,"tier C, no clicks in 12 months",
gaston-college,Gaston College,NC,C,open admission (IPEDS),Yes,,,,,0,78,1,noindex,"tier C, no clicks in 12 months",
gateway-community-and-technical-college,Gateway Community and Technical College,KY,C,open admission (IPEDS),Yes,,,,,0,24,1,noindex,"tier C, no clicks in 12 months",
gateway-community-college-phoenix,GateWay Community College,AZ,C,open admission (IPEDS),Yes,,,,,0,0,0,noindex,"tier C, no clicks in 12 months",
gateway-technical-college,Gateway Technical College,WI,C,open admission (IPEDS),Yes,,,,,0,14,1,noindex,"tier C, no clicks in 12 months",
gavilan-college,Gavilan College,CA,C,open admission (IPEDS),Yes,,,,,1,22,1,index,"tier C, kept for traffic: 1 clicks in 12 months",
generations-college,Generations College,IL,C,open admission (IPEDS),Yes,,,,,0,0,0,noindex,"tier C, no clicks in 12 months",maccormac-college
genesee-community-college,Genesee Community College,NY,C,open admission (IPEDS),Yes,,,,,0,15,1,noindex,"tier C, no clicks in 12 months",
geneva-college,Geneva College,PA,C,open admission (IPEDS),Yes,,,,,0,30,1,noindex,"tier C, no clicks in 12 months",
george-c-wallace-community-college-dothan,George C Wallace Community College Dothan,AL,C,open admission (IPEDS),Yes,,,,,0,2,1,noindex,"tier C, no clicks in 12 months",george-c-wallace-state-community-college-dothan
george-c-wallace-state-community-college-hanceville,George C Wallace State Community College Hanceville,AL,C,open admission (IPEDS),Yes,,,,,0,14,1,noindex,"tier C, no clicks in 12 months",
george-c-wallace-state-community-college-selma,George C Wallace State Community College Selma,AL,C,open admission (IPEDS),Yes,,,,,0,3,1,noindex,"tier C, no clicks in 12 months",
george-fox-university,George Fox University,OR,B,no cited GPA,No,,94%,math 510-660,20-29,1,330,2,index,tier B,
george-mason-university,George Mason University,VA,A,"cited GPA, acceptance rate and SAT/ACT",No,3.69 (2024-25),87%,math 580-680,25-30,1,3332,2,index,tier A,
george-washington,George Washington University,DC,B,no cited GPA,No,,47%,math 670-750,31-34,1,1764,2,index,tier B,
georgetown,Georgetown University,DC,B,no cited GPA,No,,13%,math 690-780,31-35,1,1799,2,index,tier B,
georgetown-college,Georgetown College,KY,B,no cited GPA,No,,91%,math 460-570,20-25,0,27,1,index,tier B,
georgia,University of Georgia,GA,A,"cited GPA, acceptance rate and SAT/ACT",No,4.15 (2024-25),38%,math 630-750,29-34,0,1958,2,index,tier A,
georgia-christian-university,Georgia Christian University,,C,figures removed in Phase 2 H (identity under review),,,,,,0,32,2,noindex,"tier C, no clicks in 12 months",
georgia-college-and-state-university,Georgia College &amp; State University,GA,B,no cited GPA,No,,78%,math 520-600,22-26,5,562,3,index,tier B,
georgia-gwinnett-college,Georgia Gwinnett College,GA,A,"cited GPA, acceptance rate and test blind",No,2.99 (2025-26),96%,,,0,77,1,index,tier A,
georgia-highlands-college,Georgia Highlands College,GA,C,open admission (IPEDS),Yes,,,,,1,71,1,index,"tier C, kept for traffic: 1 clicks in 12 months",
georgia-military-college,Georgia Military College,GA,C,open admission (IPEDS),Yes,,,,,0,44,6,noindex,"tier C, no clicks in 12 months",
georgia-northwestern-technical-college,Georgia Northwestern Technical College,GA,C,open admission (IPEDS),Yes,,,,,0,13,1,noindex,"tier C, no clicks in 12 months",
georgia-perimeter-college,Perimeter College,GA,B,no cited GPA,No,,91%,math 360-500,15-21,0,12,1,index,tier B,
georgia-piedmont-technical-college,Georgia Piedmont Technical College,GA,C,open admission (IPEDS),Yes,,,,,0,38,1,noindex,"tier C, no clicks in 12 months",
georgia-southern-university,Georgia Southern University,GA,B,no cited GPA,No,,88%,math 458-550,18-23,1,1074,4,index,tier B,
georgia-southwestern-state-university,Georgia Southwestern State University,GA,B,no cited GPA,No,,75%,math 430-540,16-22,3,330,2,index,tier B,
georgia-state-university,Georgia State University,GA,B,no cited GPA,No,,55%,math 460-590,19-26,1,2807,2,index,tier B,
georgia-tech,Georgia Institute of Technology Main Campus,GA,A,"cited GPA, acceptance rate and SAT/ACT",No,4.17 (2025-26),14%,math 690-790,30-34,0,67,1,index,tier A,
georgian-court-university,Georgian Court University,NJ,B,no cited GPA or SAT/ACT,No,,79%,,,0,36,2,index,tier B,
germanna-community-college,Germanna Community College,VA,C,open admission (IPEDS),Yes,,,,,0,35,1,noindex,"tier C, no clicks in 12 months",
gettysburg-college,Gettysburg College,PA,B,no cited GPA,No,,39%,math 630-740,29-32,0,156,1,index,tier B,
gilbert-community-college,Chandler/Gilbert Community College,AZ,C,open admission (IPEDS),Yes,,,,,0,15,1,noindex,"tier C, no clicks in 12 months",
glen-oaks-community-college,Glen Oaks Community College,MI,C,open admission (IPEDS),Yes,,,,,0,22,1,noindex,"tier C, no clicks in 12 months",
glendale-community-college-az,Glendale Community College,AZ,C,open admission (IPEDS),Yes,,,,,0,24,1,noindex,"tier C, no clicks in 12 months",
glendale-community-college-ca,Glendale Community College,CA,C,open admission (IPEDS),Yes,,,,,0,21,1,noindex,"tier C, no clicks in 12 months",
glenville-state-university,Glenville State University,WV,C,open admission (IPEDS),Yes,,,,,0,0,0,noindex,"tier C, no clicks in 12 months",glenville-state-college
gods-bible-school-and-college,Gods Bible School and College,OH,B,no cited GPA or SAT/ACT,No,,75%,,,0,0,0,index,tier B,
gogebic-community-college,Gogebic Community College,MI,C,open admission (IPEDS),Yes,,,,,1,8,1,index,"tier C, kept for traffic: 1 clicks in 12 months",
golden-gate-university,Golden Gate University,CA,C,"no cited GPA, acceptance rate or SAT/ACT",,,,,,1,297,2,index,"tier C, kept for traffic: 1 clicks in 12 months",
golden-west-college,Golden West College,CA,C,open admission (IPEDS),Yes,,,,,2,52,1,index,"tier C, kept for traffic: 2 clicks in 12 months",
goldey-beacom-college,Goldey-Beacom College,DE,B,no cited GPA; test blind,No,,85%,,,0,35,1,index,tier B,
gonzaga-university,Gonzaga University,WA,B,no cited GPA,No,,82%,math 590-680,27-31,0,815,2,index,tier B,
good-samaritan-college-of-nursing-and-health-science,Good Samaritan College of Nursing &amp; Health Science,OH,B,no cited GPA or SAT/ACT,No,,46%,,,0,6,1,index,tier B,
goodwin-university,Goodwin University,CT,C,open admission (IPEDS),Yes,,,,,0,10,1,noindex,"tier C, no clicks in 12 months",goodwin-college
gordon-college-ga,Gordon State College,GA,B,no cited GPA,No,,86%,math 440-540,15-24,0,3,1,index,tier B,
gordon-college-ma,Gordon College,MA,B,no cited GPA,No,,69%,math 550-660,25-31,0,64,1,index,tier B,
goshen-college,Goshen College,IN,B,no cited GPA,No,,84%,math 440-560,,0,56,1,index,tier B,
goucher-college,Goucher College,MD,B,no cited GPA,No,,78%,math 530-645,27-30,0,56,1,index,tier B,
governors-state,Governors State University,IL,B,no cited GPA or SAT/ACT,No,,48%,,,0,152,2,index,tier B,
grace-christian-university,Grace Christian University,MI,B,no cited GPA; test blind,No,,99%,,,0,2,1,index,tier B,grace-bible-college
grace-college-and-theological-seminary,Grace College and Theological Seminary,IN,B,no cited GPA,No,,82%,math 490-590,21-27,0,77,1,index,tier B,
grace-mission-university,Grace Mission University,CA,C,open admission (IPEDS),Yes,,,,,0,9,1,noindex,"tier C, no clicks in 12 months",
grace-school-of-theology,Grace School of Theology,TX,C,open admission (IPEDS),Yes,,,,,0,2,1,noindex,"tier C, no clicks in 12 months",
graceland-university-lamoni,Graceland University Lamoni,IA,B,no cited GPA; test blind,No,,81%,,,0,83,2,index,tier B,
grambling-state-university,Grambling State University,LA,B,no cited GPA,No,,45%,math 430-510,15-19,0,433,2,index,tier B,
grand-canyon-university,Grand Canyon University,AZ,B,no cited GPA,No,,79%,math 488-533,20-22,1,2522,2,index,tier B,
grand-rapids-community-college,Grand Rapids Community College,MI,C,open admission (IPEDS),Yes,,,,,0,67,1,noindex,"tier C, no clicks in 12 months",
grand-valley-state-university,Grand Valley State University,MI,A,"cited GPA, acceptance rate and SAT/ACT",No,3.4 (2025-26),83%,math 460-590,22-30,3,1952,2,index,tier A,
grand-view-university,Grand View University,IA,B,no cited GPA; test blind,No,,99%,,,0,128,2,index,tier B,
grantham-university,University of Arkansas Grantham,AR,C,open admission (IPEDS),Yes,,,,,0,70,1,noindex,"tier C, no clicks in 12 months",
gratz-college,Gratz College,PA,C,"no cited GPA, acceptance rate or SAT/ACT",,,,,,0,4,1,noindex,"tier C, no clicks in 12 months",
grays-harbor-college,Grays Harbor College,WA,C,open admission (IPEDS),Yes,,,,,0,6,1,noindex,"tier C, no clicks in 12 months",
grayson-college,Grayson College,TX,C,open admission (IPEDS),Yes,,,,,0,36,1,noindex,"tier C, no clicks in 12 months",grayson-county-college
great-basin-college,Great Basin College,NV,C,open admission (IPEDS),Yes,,,,,0,9,1,noindex,"tier C, no clicks in 12 months",
great-bay-community-college,Great Bay Community College,NH,C,open admission (IPEDS),Yes,,,,,0,2,1,noindex,"tier C, no clicks in 12 months",
great-falls-college-msu,Great Falls College MSU,MT,C,open admission (IPEDS),Yes,,,,,0,12,1,noindex,"tier C, no clicks in 12 months",montana-state-university-great-falls-college-of-technology
great-lakes-christian-college,Great Lakes Christian College,MI,C,open admission (IPEDS),Yes,,,,,0,10,1,noindex,"tier C, no clicks in 12 months",
great-northern-university,Great Northern University,WA,B,no cited GPA; test blind,No,,100%,,,0,8,1,index,tier B,
green-river-college,Green River College,WA,C,open admission (IPEDS),Yes,,,,,0,15,1,noindex,"tier C, no clicks in 12 months",green-river-community-college
greenfield-community-college,Greenfield Community College,MA,C,open admission (IPEDS),Yes,,,,,0,0,0,noindex,"tier C, no clicks in 12 months",
greensboro-college,Greensboro College,NC,B,no cited GPA; test blind,No,,70%,,,0,45,1,index,tier B,
greenville-technical-college,Greenville Technical College,SC,C,open admission (IPEDS),Yes,,,,,0,54,1,noindex,"tier C, no clicks in 12 months",
greenville-university,Greenville University,IL,B,no cited GPA,No,,98%,math 365-615,16-28,0,29,1,index,tier B,greenville-college
grinnell,Grinnell College,IA,B,no cited GPA,No,,15%,math 710-790,31-34,2,112,1,index,tier B,
grossmont-college,Grossmont College,CA,C,open admission (IPEDS),Yes,,,,,0,50,1,noindex,"tier C, no clicks in 12 months",
grove-city-college,Grove City College,PA,B,no cited GPA,No,,72%,math 558-685,23-31,0,90,1,index,tier B,
guilford-college,Guilford College,NC,B,no cited GPA,No,,80%,math 570-610,18-24,0,51,1,index,tier B,
guilford-technical-community-college,Guilford Technical Community College,NC,C,open admission (IPEDS),Yes,,,,,0,16,1,noindex,"tier C, no clicks in 12 months",
gulf-coast-state-college,Gulf Coast State College,FL,C,open admission (IPEDS),Yes,,,,,0,17,1,noindex,"tier C, no clicks in 12 months",
gupton-jones-college-of-funeral-service,Gupton Jones College of Funeral Service,GA,C,open admission (IPEDS),Yes,,,,,1,25,1,index,"tier C, kept for traffic: 1 clicks in 12 months",
gustavus-adolphus-college,Gustavus Adolphus College,MN,B,no cited GPA,No,,61%,,24-30,1,46,1,index,tier B,
gwinnett-college-lilburn,Gwinnett College Lilburn,GA,C,open admission (IPEDS),Yes,,,,,0,1,1,noindex,"tier C, no clicks in 12 months",
gwinnett-technical-college,Gwinnett Technical College,GA,C,open admission (IPEDS),Yes,,,,,2,183,1,index,"tier C, kept for traffic: 2 clicks in 12 months",
gwynedd-mercy-university,Gwynedd Mercy University,PA,A,"cited GPA, acceptance rate and SAT/ACT",No,3.36 (2024-25),90%,math 493-588,,0,35,1,index,tier A,gwynedd-mercy-college
h-councill-trenholm-state-community-college,H Councill Trenholm State Community College,AL,C,open admission (IPEDS),Yes,,,,,0,6,1,noindex,"tier C, no clicks in 12 months",h-councill-trenholm-state-technical-college
hagerstown-community-college,Hagerstown Community College,MD,C,open admission (IPEDS),Yes,,,,,0,23,1,noindex,"tier C, no clicks in 12 months",
halifax-community-college,Halifax Community College,NC,C,open admission (IPEDS),Yes,,,,,0,2,1,noindex,"tier C, no clicks in 12 months",
hallmark-university,Hallmark University,TX,B,no cited GPA or SAT/ACT,No,,51%,,,0,18,1,index,tier B,
hamilton,Hamilton College,NY,B,no cited GPA,No,,14%,math 730-780,33-35,0,75,1,index,tier B,
hamline-university,Hamline University,MN,B,no cited GPA,No,,88%,math 565-663,19-28,0,161,2,index,tier B,
hampden-sydney-college,Hampden-Sydney College,VA,B,no cited GPA,No,,41%,math 510-610,23-28,1,58,1,index,tier B,
hampshire-college,Hampshire College,MA,B,no cited GPA; test blind,No,,75%,,,0,0,0,index,tier B,
hampton-university,Hampton University,VA,B,no cited GPA,No,,62%,math 379-532,13-22,5,3481,2,index,tier B,
hannibal-lagrange-university,Hannibal-LaGrange University,MO,B,no cited GPA,No,,73%,,15-24,1,123,2,index,tier B,
hanover,Hanover College,IN,B,no cited GPA,No,,84%,math 550-630,23-29,0,111,1,index,tier B,
harcum-college,Harcum College,PA,C,open admission (IPEDS),Yes,,,,,0,89,1,noindex,"tier C, no clicks in 12 months",
hardin-simmons-university,Hardin-Simmons University,TX,B,no cited GPA,No,,90%,math 500-590,19-26,1,63,2,index,tier B,
harding-university,Harding University,AR,B,no cited GPA,No,,71%,math 520-630,20-29,0,303,2,index,tier B,
harford-community-college,Harford Community College,MD,C,open admission (IPEDS),Yes,,,,,0,55,1,noindex,"tier C, no clicks in 12 months",
harper-college,Harper College,IL,C,open admission (IPEDS),Yes,,,,,0,144,1,noindex,"tier C, no clicks in 12 months",
harris-stowe-state-university,Harris-Stowe State University,MO,C,open admission (IPEDS),Yes,,,,,0,188,2,noindex,"tier C, no clicks in 12 months",
harrisburg-area-community-college-harrisburg,Harrisburg Area Community College,PA,C,open admission (IPEDS),Yes,,,,,0,3,1,noindex,"tier C, no clicks in 12 months",
harrisburg-university-of-science-and-technology,Harrisburg University of Science and Technology,PA,B,no cited GPA; test blind,No,,87%,,,3,303,2,index,tier B,
hartnell-college,Hartnell College,CA,C,open admission (IPEDS),Yes,,,,,0,57,1,noindex,"tier C, no clicks in 12 months",
hartwick-college,Hartwick College,NY,B,no cited GPA,No,,70%,math 530-620,,0,50,1,index,tier B,
harvard,Harvard University,MA,A,"cited GPA, acceptance rate and SAT/ACT",No,4.22 (2025-26),3.6%,math 770-800,34-36,1,3224,2,index,tier A,
harvey-mudd,Harvey Mudd College,CA,B,no cited GPA,No,,13%,math 770-800,34-36,1,151,1,index,tier B,
haskell-indian-nations-university,Haskell Indian Nations University,KS,B,no cited GPA; test blind,No,,90%,,,0,30,2,index,tier B,
hastings-college,Hastings College,NE,B,no cited GPA,No,,72%,,26-30,0,49,1,index,tier B,
haven-university,Haven University,CA,C,open admission (IPEDS),Yes,,,,,1,5,1,index,"tier C, kept for traffic: 1 clicks in 12 months",
haverford,Haverford College,PA,B,no cited GPA,No,,12%,math 740-780,33-35,0,109,1,index,tier B,
hawaii-community-college,Hawaii Community College,HI,C,open admission (IPEDS),Yes,,,,,0,21,1,noindex,"tier C, no clicks in 12 months",
hawaii-pacific-university,Hawaii Pacific University,HI,B,no cited GPA,No,,86%,math 488-590,19-27,3,716,2,index,tier B,
hawkeye-community-college,Hawkeye Community College,IA,C,open admission (IPEDS),Yes,,,,,1,33,1,index,"tier C, kept for traffic: 1 clicks in 12 months",
haywood-community-college,Haywood Community College,NC,C,open admission (IPEDS),Yes,,,,,0,6,1,noindex,"tier C, no clicks in 12 months",
hazard-community-and-technical-college,Hazard Community and Technical College,KY,C,open admission (IPEDS),Yes,,,,,0,5,1,noindex,"tier C, no clicks in 12 months",
heartland-community-college,Heartland Community College,IL,C,open admission (IPEDS),Yes,,,,,0,19,1,noindex,"tier C, no clicks in 12 months",
hebrew-theological-college,Hebrew Theological College,IL,B,no cited GPA or SAT/ACT,No,,57%,,,0,1,1,index,tier B,
heidelberg-university,Heidelberg University,OH,B,no cited GPA; test blind,No,,86%,,,1,381,2,index,tier B,
helena-college-university-of-montana,Helena College University of Montana,MT,C,open admission (IPEDS),Yes,,,,,0,70,2,noindex,"tier C, no clicks in 12 months",university-of-montana-helena-college-of-technology
hellenic-college-holy-cross-greek-orthodox-school-of-theology,Hellenic College Holy Cross Greek Orthodox School of Theology,MA,B,no cited GPA; test blind,No,,80%,,,0,10,1,index,tier B,
henderson-community-college,Henderson Community College,KY,C,open admission (IPEDS),Yes,,,,,0,3,1,noindex,"tier C, no clicks in 12 months",
henderson-state-university,Henderson State University,AR,C,open admission (IPEDS),Yes,,,,,0,236,2,noindex,"tier C, no clicks in 12 months",
hendrix,Hendrix College,AR,B,no cited GPA,No,,56%,math 563-680,23-31,0,53,1,index,tier B,
hennepin-technical-college,Hennepin Technical College,MN,C,open admission (IPEDS),Yes,,,,,1,69,1,index,"tier C, kept for traffic: 1 clicks in 12 months",
henry-ford-college,Henry Ford College,MI,C,open admission (IPEDS),Yes,,,,,0,27,1,noindex,"tier C, no clicks in 12 months",henry-ford-community-college
heritage-bible-college,Heritage Bible College,NC,C,open admission (IPEDS),Yes,,,,,0,3,1,noindex,"tier C, no clicks in 12 months",
heritage-christian-university,Heritage Christian University,AL,B,no cited GPA,No,,90%,,18-19,1,87,2,index,tier B,
heritage-university,Heritage University,WA,C,open admission (IPEDS),Yes,,,,,0,96,2,noindex,"tier C, no clicks in 12 months",
herkimer-county-community-college,Herkimer County Community College,NY,C,open admission (IPEDS),Yes,,,,,0,22,1,noindex,"tier C, no clicks in 12 months",
herzing-university-akron-campus,Herzing University Akron Campus,OH,B,no cited GPA; test blind,No,,95%,,,0,32,2,index,tier B,akron-institute-of-herzing-university
herzing-university-atlanta,Herzing University Atlanta,GA,B,no cited GPA; test blind,No,,94%,,,1,137,2,index,tier B,
herzing-university-birmingham,Herzing University Birmingham,AL,B,no cited GPA; test blind,No,,93%,,,1,127,2,index,tier B,
herzing-university-brookfield,Herzing University Brookfield,WI,B,no cited GPA; test blind,No,,93%,,,1,156,1,index,tier B,
herzing-university-kenosha,Herzing University Kenosha,WI,B,no cited GPA; test blind,No,,92%,,,0,66,2,index,tier B,
herzing-university-madison,Herzing University Madison,WI,B,no cited GPA; test blind,No,,94%,,,0,50,1,index,tier B,
herzing-university-minneapolis,Herzing University Minneapolis,MN,B,no cited GPA; test blind,No,,94%,,,1,96,2,index,tier B,
herzing-university-new-orleans,Herzing University New Orleans,LA,B,no cited GPA; test blind,No,,92%,,,0,16,2,index,tier B,herzing-university-kenner
herzing-university-winter-park,Herzing University Orlando,FL,B,no cited GPA; test blind,No,,94%,,,0,119,2,index,tier B,
hesston-college,Hesston College,KS,C,open admission (IPEDS),Yes,,,,,0,46,1,noindex,"tier C, no clicks in 12 months",
high-point-university,High Point University,NC,B,no cited GPA,No,,75%,math 550-650,24-33,0,712,2,index,tier B,
highland-community-college-il,Highland Community College,IL,C,open admission (IPEDS),Yes,,,,,0,11,1,noindex,"tier C, no clicks in 12 months",
highland-community-college-ks,Highland Community College,KS,C,open admission (IPEDS),Yes,,,,,0,17,1,noindex,"tier C, no clicks in 12 months",
highlands-college-of-montana-tech,Highlands College of Montana Tech,MT,C,open admission (IPEDS),Yes,,,,,0,12,1,noindex,"tier C, no clicks in 12 months",montana-tech-college-of-technology
highline-college,Highline College,WA,C,open admission (IPEDS),Yes,,,,,0,13,1,noindex,"tier C, no clicks in 12 months",highline-community-college
hilbert-college,Hilbert College,NY,B,no cited GPA or SAT/ACT,No,,97%,,,0,25,1,index,tier B,
hill-college,Hill College,TX,C,open admission (IPEDS),Yes,,,,,0,33,1,noindex,"tier C, no clicks in 12 months",
hillsborough-community-college,Hillsborough Community College,FL,C,open admission (IPEDS),Yes,,,,,1,73,1,index,"tier C, kept for traffic: 1 clicks in 12 months",
hillsdale,Hillsdale College,MI,B,no cited GPA,No,,21%,math 640-740,30-33,2,122,1,index,tier B,
hinds-community-college,Hinds Community College,MS,C,open admission (IPEDS),Yes,,,,,0,88,1,noindex,"tier C, no clicks in 12 months",
hiram-college,Hiram College,OH,A,"cited GPA, acceptance rate and test blind",No,3.22 (2025-26),94%,,,0,25,1,index,tier A,
hobart-william-smith-colleges,Hobart William Smith Colleges,NY,A,"cited GPA, acceptance rate and SAT/ACT",No,3.62 (2024-25),64%,math 580-685,28-32,0,50,1,index,tier A,
hobe-sound-bible-college,Hobe Sound Bible College,FL,C,open admission (IPEDS),Yes,,,,,0,4,1,noindex,"tier C, no clicks in 12 months",
hocking-college,Hocking College,OH,C,open admission (IPEDS),Yes,,,,,0,55,1,noindex,"tier C, no clicks in 12 months",
hofstra-university,Hofstra University,NY,B,no cited GPA,No,,68%,math 610-700,28-32,2,679,2,index,tier B,
hollins,Hollins University,VA,A,"cited GPA, acceptance rate and SAT/ACT",No,3.63 (2025-26),68%,math 540-640,,0,234,2,index,tier A,
holmes-community-college,Holmes Community College,MS,C,open admission (IPEDS),Yes,,,,,0,22,1,noindex,"tier C, no clicks in 12 months",
holy-apostles,Holy Apostles College and Seminary,CT,C,open admission (IPEDS),Yes,,,,,0,7,1,noindex,"tier C, no clicks in 12 months",
holy-cross-college,Holy Cross College,IN,B,no cited GPA; test blind,No,,75%,,,0,164,1,index,tier B,
holy-family-university,Holy Family University,PA,B,no cited GPA,No,,71%,math 430-570,,2,584,2,index,tier B,
holyoke-community-college,Holyoke Community College,MA,C,open admission (IPEDS),Yes,,,,,0,2,1,noindex,"tier C, no clicks in 12 months",
homestead-schools,Homestead Schools,CA,C,open admission (IPEDS),Yes,,,,,0,22,1,noindex,"tier C, no clicks in 12 months",
hondros-college,Hondros College of Nursing,OH,B,no cited GPA; test blind,No,,85%,,,0,3,1,index,tier B,
honolulu-community-college,Honolulu Community College,HI,C,open admission (IPEDS),Yes,,,,,0,46,1,noindex,"tier C, no clicks in 12 months",
hood-college,Hood College,MD,B,no cited GPA; test blind,No,,78%,,,0,74,1,index,tier B,
hope,Hope College,MI,B,no cited GPA,No,,79%,math 550-670,25-31,0,179,1,index,tier B,
hope-international-university,Hope International University,CA,B,no cited GPA,No,,33%,math 420-650,,0,114,2,index,tier B,
hopkinsville-community-college,Hopkinsville Community College,KY,C,open admission (IPEDS),Yes,,,,,0,0,0,noindex,"tier C, no clicks in 12 months",
horizon-college-san-diego,Horizon College San Diego,,C,figures removed in Phase 2 H (identity under review),,,,,,0,1,1,noindex,"tier C, no clicks in 12 months",
horry-georgetown-technical-college,Horry-Georgetown Technical College,SC,C,open admission (IPEDS),Yes,,,,,0,27,1,noindex,"tier C, no clicks in 12 months",
houghton-university,Houghton University,NY,B,no cited GPA,No,,89%,math 570-680,26-31,0,17,1,index,tier B,houghton-college
houston-christian-university,Houston Christian University,TX,B,no cited GPA,No,,84%,math 490-590,17-24,0,225,2,index,tier B,houston-baptist-university
houston-community-college,Houston Community College,TX,C,open admission (IPEDS),Yes,,,,,0,66,1,noindex,"tier C, no clicks in 12 months",
howard-college,Howard College,TX,C,open admission (IPEDS),Yes,,,,,0,25,1,noindex,"tier C, no clicks in 12 months",
howard-community-college,Howard Community College,MD,C,open admission (IPEDS),Yes,,,,,0,32,1,noindex,"tier C, no clicks in 12 months",
howard-payne-university,Howard Payne University,TX,B,no cited GPA,No,,67%,math 440-550,16-27,0,261,2,index,tier B,
howard-university,Howard University,DC,A,"cited GPA, acceptance rate and SAT/ACT",No,3.68 (2025-26),41%,math 530-650,22-28,1,1363,2,index,tier A,
hudson-county-community-college,Hudson County Community College,NJ,C,open admission (IPEDS),Yes,,,,,0,36,1,noindex,"tier C, no clicks in 12 months",
hudson-valley-community-college,Hudson Valley Community College,NY,C,open admission (IPEDS),Yes,,,,,0,41,1,noindex,"tier C, no clicks in 12 months",
hult-international-business-school,Hult International Business School,MA,B,no cited GPA; test blind,No,,60%,,,0,29,1,index,tier B,
humboldt-state-university,California State Polytechnic University Humboldt,CA,B,no cited GPA; test blind,No,,98%,,,1,485,2,index,tier B,
humphreys-university-stockton-and-modesto-campuses,Humphreys University Stockton and Modesto Campuses,CA,C,open admission (IPEDS),Yes,,,,,0,4,1,noindex,"tier C, no clicks in 12 months",humphreys-college-stockton-and-modesto-campuses
huntingdon-college,Huntingdon College,AL,B,no cited GPA,No,,69%,math 473-610,20-25,0,48,1,index,tier B,
huntington-junior-college,Huntington Junior College,WV,C,open admission (IPEDS),Yes,,,,,0,0,0,noindex,"tier C, no clicks in 12 months",
huntington-university,Huntington University,IN,B,no cited GPA,No,,76%,math 460-570,18-26,0,118,2,index,tier B,
huntsville-bible-college,Huntsville Bible College,AL,C,open admission (IPEDS),Yes,,,,,0,7,1,noindex,"tier C, no clicks in 12 months",
husson-university,Husson University,ME,B,no cited GPA,No,,81%,math 530-625,,1,495,3,index,tier B,
huston-tillotson-university,Huston-Tillotson University,TX,B,no cited GPA,No,,39%,math 370-570,16-28,1,463,2,index,tier B,
hutchinson-community-college,Hutchinson Community College,KS,C,open admission (IPEDS),Yes,,,,,0,28,1,noindex,"tier C, no clicks in 12 months",
ibmc-college,IBMC College,CO,C,open admission (IPEDS),Yes,,,,,0,3,1,noindex,"tier C, no clicks in 12 months",institute-of-business-and-medical-careers
idaho-state-university,Idaho State University,ID,C,open admission (IPEDS); has cited GPA,Yes,3.4 (2023-24),,,,0,286,1,index,"tier C, kept: it shows a GPA the college reported",
iit,Illinois Institute of Technology,IL,A,"cited GPA, acceptance rate and SAT/ACT",No,4.2 (2023-24),55%,math 590-720,26-32,0,88,1,index,tier A,
ilisagvik-college,Ilisagvik College,AK,C,open admission (IPEDS),Yes,,,,,1,5,1,index,"tier C, kept for traffic: 1 clicks in 12 months",
illinois-central-college,Illinois Central College,IL,C,open admission (IPEDS),Yes,,,,,0,5,1,noindex,"tier C, no clicks in 12 months",
illinois-college,Illinois College,IL,B,no cited GPA,No,,78%,math 433-590,19-26,0,23,1,index,tier B,
illinois-eastern-community-colleges,Illinois Eastern Community Colleges,IL,C,open admission (IPEDS),Yes,,,,,0,19,4,noindex,"tier C, no clicks in 12 months",
illinois-state-university,Illinois State University,IL,A,"cited GPA, acceptance rate and SAT/ACT",No,3.62 (2024-25),88%,math 490-590,21-27,1,312,2,index,tier A,
illinois-valley-community-college,Illinois Valley Community College,IL,C,open admission (IPEDS),Yes,,,,,0,2,1,noindex,"tier C, no clicks in 12 months",
illinois-wesleyan,Illinois Wesleyan University,IL,A,"cited GPA, acceptance rate and SAT/ACT",No,3.82 (2024-25),39%,math 570-670,25-30,2,395,2,index,tier A,
immaculata-university,Immaculata University,PA,A,"cited GPA, acceptance rate and SAT/ACT",No,3.42 (2025-26),86%,math 578-663,,0,291,2,index,tier A,
imperial-valley-college,Imperial Valley College,CA,C,open admission (IPEDS),Yes,,,,,0,20,1,noindex,"tier C, no clicks in 12 months",
independence-community-college,Independence Community College,KS,C,open admission (IPEDS),Yes,,,,,0,3,1,noindex,"tier C, no clicks in 12 months",
indian-bible-college,Indian Bible College,AZ,C,open admission (IPEDS),Yes,,,,,0,10,1,noindex,"tier C, no clicks in 12 months",
indian-hills-community-college,Indian Hills Community College,IA,C,open admission (IPEDS),Yes,,,,,0,21,1,noindex,"tier C, no clicks in 12 months",
indian-river-state-college,Indian River State College,FL,C,open admission (IPEDS),Yes,,,,,0,12,1,noindex,"tier C, no clicks in 12 months",
indiana-institute-of-technology,Indiana Institute of Technology,IN,B,no cited GPA; test blind,No,,70%,,,0,9,1,index,tier B,
indiana-state-university,Indiana State University,IN,B,no cited GPA; test blind,No,,81%,,,3,926,2,index,tier B,
indiana-university-bloomington,Indiana University Bloomington,IN,B,no cited GPA,No,,78%,math 580-710,27-33,2,1263,2,index,tier B,
indiana-university-east,Indiana University East,IN,B,no cited GPA,No,,67%,math 470-570,19-24,0,57,2,index,tier B,
indiana-university-indianapolis,Indiana University Indianapolis,IN,B,no cited GPA,No,,76%,math 510-610,21-29,1,312,2,index,tier B,indiana-university-purdue-university-indianapolis
indiana-university-kokomo,Indiana University Kokomo,IN,B,no cited GPA,No,,86%,math 470-570,21-27,0,157,2,index,tier B,
indiana-university-northwest,Indiana University Northwest,IN,B,no cited GPA,No,,73%,math 450-580,18-26,0,93,2,index,tier B,
indiana-university-of-pennsylvania-main-campus,Indiana University of Pennsylvania Main Campus,PA,A,"cited GPA, acceptance rate and SAT/ACT",No,3.5 (2024-25),91%,math 480-580,20-27,1,205,2,index,tier A,
indiana-university-south-bend,Indiana University South Bend,IN,B,no cited GPA,No,,84%,math 470-580,21-23,0,150,2,index,tier B,
indiana-university-southeast,Indiana University Southeast,IN,B,no cited GPA,No,,84%,math 480-570,20-25,0,256,2,index,tier B,
indiana-wesleyan-university,Indiana Wesleyan University,IN,B,no cited GPA,No,,89%,math 480-580,19-28,0,619,2,index,tier B,
institute-of-american-indian-and-alaska-native-culture,Institute of American Indian and Alaska Native Culture and Arts Development,NM,B,no cited GPA or SAT/ACT,No,,97%,,,0,0,0,index,tier B,
institute-of-lutheran-theology,Institute of Lutheran Theology,,C,figures removed in Phase 2 H (identity under review),,,,,,0,1,1,noindex,"tier C, no clicks in 12 months",
interactive-college-of-technology-chamblee,Interactive College of Technology Chamblee,GA,C,open admission (IPEDS),Yes,,,,,0,8,1,noindex,"tier C, no clicks in 12 months",
international-baptist-college,International Baptist College and Seminary,AZ,C,open admission (IPEDS),Yes,,,,,0,0,0,noindex,"tier C, no clicks in 12 months",
international-business-college-indianapolis,International Business College Indianapolis,IN,B,no cited GPA; test blind,No,,75%,,,0,6,1,index,tier B,
inver-hills-community-college,Inver Hills Community College,MN,C,open admission (IPEDS),Yes,,,,,0,15,1,noindex,"tier C, no clicks in 12 months",
iona-university,Iona University,NY,B,no cited GPA,No,,87%,math 540-650,24-29,0,223,1,index,tier B,iona-college
iowa,University of Iowa,IA,A,"cited GPA, acceptance rate and SAT/ACT",No,3.83 (2024-25),84%,math 560-660,21-28,1,1048,2,index,tier A,
iowa-central-community-college,Iowa Central Community College,IA,C,open admission (IPEDS),Yes,,,,,0,37,1,noindex,"tier C, no clicks in 12 months",
iowa-lakes-community-college,Iowa Lakes Community College,IA,C,open admission (IPEDS),Yes,,,,,0,9,1,noindex,"tier C, no clicks in 12 months",
iowa-state-university,Iowa State University,IA,B,no cited GPA,No,,89%,math 560-690,21-28,0,1066,2,index,tier B,
iowa-western-community-college,Iowa Western Community College,IA,C,open admission (IPEDS),Yes,,,,,0,40,1,noindex,"tier C, no clicks in 12 months",
irvine-valley-college,Irvine Valley College,CA,C,open admission (IPEDS),Yes,,,,,0,38,1,noindex,"tier C, no clicks in 12 months",
isothermal-community-college,Isothermal Community College,NC,C,open admission (IPEDS),Yes,,,,,0,30,1,noindex,"tier C, no clicks in 12 months",
itawamba-community-college,Itawamba Community College,MS,C,open admission (IPEDS),Yes,,,,,0,0,0,noindex,"tier C, no clicks in 12 months",
ithaca-college,Ithaca College,NY,B,no cited GPA,No,,69%,math 600-680,27-30,0,121,1,index,tier B,
ivy-tech-community-college,Ivy Tech Community College,IN,C,open admission (IPEDS),Yes,,,,,2,463,14,index,"tier C, kept for traffic: 2 clicks in 12 months",
j-f-drake-state-technical-college,J. F. Drake State Community and Technical College,AL,C,open admission (IPEDS),Yes,,,,,0,16,1,noindex,"tier C, no clicks in 12 months",
j-sargeant-reynolds-community-college,J Sargeant Reynolds Community College,VA,C,open admission (IPEDS),Yes,,,,,1,14,1,index,"tier C, kept for traffic: 1 clicks in 12 months",
jackson-college,Jackson College,MI,C,open admission (IPEDS),Yes,,,,,0,11,1,noindex,"tier C, no clicks in 12 months",jackson-community-college
jackson-state-community-college,Jackson State Community College,TN,C,open admission (IPEDS),Yes,,,,,0,24,1,noindex,"tier C, no clicks in 12 months",
jackson-state-university,Jackson State University,MS,B,no cited GPA,No,,93%,math 390-520,15-20,1,210,1,index,tier B,
jacksonville-college-main-campus,Jacksonville College Main Campus,TX,C,open admission (IPEDS),Yes,,,,,0,9,1,noindex,"tier C, no clicks in 12 months",
jacksonville-state-university,Jacksonville State University,AL,B,no cited GPA,No,,78%,math 500-660,17-24,2,648,2,index,tier B,
jacksonville-university,Jacksonville University,FL,A,"cited GPA, acceptance rate and SAT/ACT",No,3.73 (2023-24),57%,math 520-620,22-27,0,465,2,index,tier A,
james-a-rhodes-state-college,James A. Rhodes State College,OH,C,open admission (IPEDS),Yes,,,,,0,10,1,noindex,"tier C, no clicks in 12 months",
james-madison-university,James Madison University,VA,B,no cited GPA,No,,72%,math 570-660,24-29,1,2755,2,index,tier B,
james-sprunt-community-college,James Sprunt Community College,NC,C,open admission (IPEDS),Yes,,,,,0,3,1,noindex,"tier C, no clicks in 12 months",
jamestown-community-college,Jamestown Community College,NY,C,open admission (IPEDS),Yes,,,,,0,14,1,noindex,"tier C, no clicks in 12 months",
jarvis-christian-university,Jarvis Christian University,TX,C,open admission (IPEDS),Yes,,,,,0,24,1,noindex,"tier C, no clicks in 12 months",jarvis-christian-college
jefferson-college,Jefferson College,MO,C,open admission (IPEDS),Yes,,,,,0,13,1,noindex,"tier C, no clicks in 12 months",
jefferson-community-and-technical-college,Jefferson Community and Technical College,KY,C,open admission (IPEDS),Yes,,,,,0,12,1,noindex,"tier C, no clicks in 12 months",
jefferson-community-college,Jefferson Community College,NY,C,open admission (IPEDS),Yes,,,,,0,0,0,noindex,"tier C, no clicks in 12 months",
jefferson-state-community-college,Jefferson State Community College,AL,C,open admission (IPEDS),Yes,,,,,0,38,1,noindex,"tier C, no clicks in 12 months",
jewish-theological-seminary-of-america,Jewish Theological Seminary of America,NY,B,no cited GPA,No,,49%,math 720-790,,0,3,1,index,tier B,
jf-ingram-state-technical-college,J F Ingram State Technical College,AL,C,open admission (IPEDS),Yes,,,,,0,2,1,noindex,"tier C, no clicks in 12 months",
jna-institute-of-culinary-arts,Jna Institute of Culinary Arts,PA,C,open admission (IPEDS),Yes,,,,,0,2,1,noindex,"tier C, no clicks in 12 months",
john-a-gupton-college,John A Gupton College,TN,B,no cited GPA,No,,100%,,18-23,0,10,1,index,tier B,
john-a-logan-college,John A Logan College,IL,C,open admission (IPEDS),Yes,,,,,0,10,1,noindex,"tier C, no clicks in 12 months",
john-brown,John Brown University,AR,B,no cited GPA,No,,76%,math 520-650,21-28,0,87,2,index,tier B,
john-c-calhoun-state-community-college,John C Calhoun State Community College,AL,C,open admission (IPEDS),Yes,,,,,0,9,1,noindex,"tier C, no clicks in 12 months",
john-carroll-university,John Carroll University,OH,A,"cited GPA, acceptance rate and SAT/ACT",No,3.77 (2025-26),81%,math 580-670,25-32,2,505,2,index,tier A,
john-paul-the-great-catholic-university,John Paul the Great Catholic University,CA,B,no cited GPA,No,,80%,math 470-610,21-28,1,79,2,index,tier B,
john-wood-community-college,John Wood Community College,IL,C,open admission (IPEDS),Yes,,,,,0,2,1,noindex,"tier C, no clicks in 12 months",
johns-hopkins,Johns Hopkins University,MD,A,"cited GPA, acceptance rate and SAT/ACT",No,3.93 (2025-26),6.4%,math 780-800,34-36,2,1376,2,index,tier A,
johnson-c-smith-university,Johnson C Smith University,NC,B,no cited GPA; test blind,No,,45%,,,1,431,2,index,tier B,
johnson-college,Johnson College,PA,B,no cited GPA or SAT/ACT,No,,98%,,,0,25,1,index,tier B,
johnson-county-community-college,Johnson County Community College,KS,C,open admission (IPEDS),Yes,,,,,0,0,0,noindex,"tier C, no clicks in 12 months",
johnson-university,Johnson University,TN,B,no cited GPA,No,,65%,math 470-540,18-24,0,64,2,index,tier B,
johnson-wales-university-charlotte,Johnson &amp; Wales University Charlotte,NC,B,no cited GPA,No,,80%,math 430-560,16-23,0,514,3,index,tier B,
johnson-wales-university-providence,Johnson &amp; Wales University Providence,RI,B,no cited GPA,No,,88%,math 430-570,22-27,0,448,3,index,tier B,
johnston-community-college,Johnston Community College,NC,C,open admission (IPEDS),Yes,,,,,0,16,1,noindex,"tier C, no clicks in 12 months",
joliet-junior-college,Joliet Junior College,IL,C,open admission (IPEDS),Yes,,,,,0,35,1,noindex,"tier C, no clicks in 12 months",
jones-county-junior-college,Jones County Junior College,MS,C,open admission (IPEDS),Yes,,,,,0,23,1,noindex,"tier C, no clicks in 12 months",
jose-maria-vargas-university,Jose Maria Vargas University,FL,C,open admission (IPEDS),Yes,,,,,0,27,2,noindex,"tier C, no clicks in 12 months",
joyce-university-of-nursing-and-health-sciences,Joyce University of Nursing and Health Sciences,UT,B,no cited GPA; test blind,No,,62%,,,0,2,1,index,tier B,ameritech-college-draper
judson-university,Judson University,IL,B,no cited GPA,No,,48%,math 393-568,16-24,0,152,2,index,tier B,
juniata,Juniata College,PA,B,no cited GPA,No,,79%,math 560-650,22-30,0,60,1,index,tier B,
kairos-university,Kairos University,SD,B,no cited GPA or SAT/ACT,No,,85%,,,0,12,1,index,tier B,
kalamazoo-college,Kalamazoo College,MI,B,no cited GPA,No,,75%,math 580-680,20-29,0,38,1,index,tier B,
kalamazoo-valley-community-college,Kalamazoo Valley Community College,MI,C,open admission (IPEDS),Yes,,,,,0,15,1,noindex,"tier C, no clicks in 12 months",
kanawha-valley-community-and-technical-college,Kanawha Valley Community and Technical College,,C,figures removed in Phase 2 H (identity under review),,,,,,0,0,0,noindex,"tier C, no clicks in 12 months",
kankakee-community-college,Kankakee Community College,IL,C,open admission (IPEDS),Yes,,,,,0,3,1,noindex,"tier C, no clicks in 12 months",
kansas-christian-college,Kansas Christian College,KS,C,open admission (IPEDS),Yes,,,,,0,6,1,noindex,"tier C, no clicks in 12 months",
kansas-city-art-institute,Kansas City Art Institute,MO,B,no cited GPA; test blind,No,,55%,,,0,14,1,index,tier B,
kansas-city-kansas-community-college,Kansas City Kansas Community College,KS,C,open admission (IPEDS),Yes,,,,,0,3,1,noindex,"tier C, no clicks in 12 months",
kansas-city-university,Kansas City University,MO,C,"no cited GPA, acceptance rate or SAT/ACT",,,,,,0,45,3,noindex,"tier C, no clicks in 12 months",
kansas-state,Kansas State University,KS,A,"cited GPA, acceptance rate and SAT/ACT",No,3.86 (2025-26),82%,math 510-620,20-27,0,312,2,index,tier A,
kansas-wesleyan-university,Kansas Wesleyan University,KS,B,no cited GPA; test blind,No,,72%,,,0,90,2,index,tier B,
kapiolani-community-college,Kapiolani Community College,HI,C,open admission (IPEDS),Yes,,,,,0,47,1,noindex,"tier C, no clicks in 12 months",
kaskaskia-college,Kaskaskia College,IL,C,open admission (IPEDS),Yes,,,,,0,14,1,noindex,"tier C, no clicks in 12 months",
kauai-community-college,Kauai Community College,HI,C,open admission (IPEDS),Yes,,,,,0,7,1,noindex,"tier C, no clicks in 12 months",
kd-college-conservatory-of-film-and-dramatic-arts,KD Conservatory College of Film and Dramatic Arts,TX,B,no cited GPA; test blind,No,,68%,,,0,7,1,index,tier B,
kean-university,Kean University,NJ,B,no cited GPA,No,,76%,math 470-585,,2,2251,2,index,tier B,
keene-state-college,Keene State College,NH,A,"cited GPA, acceptance rate and test blind",No,3.16 (2024-25),90%,,,0,89,1,index,tier A,
kehilath-yakov-rabbinical-seminary,Kehilath Yakov Rabbinical Seminary,NY,C,open admission (IPEDS),Yes,,,,,0,12,1,noindex,"tier C, no clicks in 12 months",
keiser-university-ft-lauderdale,Keiser University Ft Lauderdale,FL,B,no cited GPA; test blind,No,,97%,,,2,612,2,index,tier B,
kellogg-community-college,Kellogg Community College,MI,C,open admission (IPEDS),Yes,,,,,0,6,1,noindex,"tier C, no clicks in 12 months",
kennebec-valley-community-college,Kennebec Valley Community College,ME,C,open admission (IPEDS),Yes,,,,,0,1,1,noindex,"tier C, no clicks in 12 months",
kennesaw-state-university,Kennesaw State University,GA,A,"cited GPA, acceptance rate and SAT/ACT",No,3.48 (2024-25),69%,math 490-600,19-26,11,3400,5,index,tier A,
kenrick-glennon-seminary,Kenrick Glennon Seminary,MO,C,"no cited GPA, acceptance rate or SAT/ACT",,,,,,0,12,1,noindex,"tier C, no clicks in 12 months",
kent-state-university-at-ashtabula,Kent State University at Ashtabula,OH,C,open admission (IPEDS),Yes,,,,,2,109,2,index,"tier C, kept for traffic: 2 clicks in 12 months",
kent-state-university-at-east-liverpool,Kent State University at East Liverpool,OH,C,open admission (IPEDS),Yes,,,,,0,20,2,noindex,"tier C, no clicks in 12 months",
kent-state-university-at-geauga,Kent State University at Geauga,OH,C,open admission (IPEDS),Yes,,,,,1,834,2,index,"tier C, kept for traffic: 1 clicks in 12 months",
kent-state-university-at-kent,Kent State University at Kent,OH,B,no cited GPA,No,,86%,math 500-610,18-25,0,686,2,index,tier B,
kent-state-university-at-salem,Kent State University at Salem,OH,C,open admission (IPEDS),Yes,,,,,0,72,2,noindex,"tier C, no clicks in 12 months",
kent-state-university-at-stark,Kent State University at Stark,OH,C,open admission (IPEDS),Yes,,,,,0,122,2,noindex,"tier C, no clicks in 12 months",
kent-state-university-at-trumbull,Kent State University at Trumbull,OH,C,open admission (IPEDS),Yes,,,,,0,290,2,noindex,"tier C, no clicks in 12 months",
kent-state-university-at-tuscarawas,Kent State University at Tuscarawas,OH,C,open admission (IPEDS),Yes,,,,,0,177,1,noindex,"tier C, no clicks in 12 months",
kentucky-christian-university,Kentucky Christian University,KY,B,no cited GPA,No,,61%,,18-24,1,196,2,index,tier B,
kentucky-mountain-bible-college,Kentucky Mountain Bible College,KY,B,no cited GPA,No,,100%,math 443-528,17-25,0,2,1,index,tier B,
kentucky-state-university,Kentucky State University,KY,B,no cited GPA,No,,96%,,14-17,0,640,2,index,tier B,
kentucky-wesleyan-college,Kentucky Wesleyan College,KY,B,no cited GPA,No,,72%,math 450-570,16-23,0,30,1,index,tier B,
kenyon,Kenyon College,OH,A,"cited GPA, acceptance rate and SAT/ACT",No,3.9 (2024-25),31%,math 678-760,31-33,0,118,1,index,tier A,
keser-torah-mayan-hatalmud,Keser Torah-Mayan Hatalmud,NJ,B,no cited GPA; test blind,No,,100%,,,0,0,0,index,tier B,mesivta-keser-torah
kettering,Kettering University,MI,B,no cited GPA,No,,79%,math 580-670,26-30,2,261,2,index,tier B,
kettering-college,Kettering College,OH,B,no cited GPA,No,,77%,,19-24,0,10,1,index,tier B,kettering-college-of-medical-arts
keuka-college,Keuka College,NY,B,no cited GPA or SAT/ACT,No,,68%,,,0,25,1,index,tier B,
keweenaw-bay-ojibwa-community-college,Keweenaw Bay Ojibwa Community College,MI,C,open admission (IPEDS),Yes,,,,,0,2,1,noindex,"tier C, no clicks in 12 months",
keystone-college,Keystone College,PA,B,no cited GPA or SAT/ACT,No,,85%,,,0,26,1,index,tier B,
kilgore-college,Kilgore College,TX,C,open admission (IPEDS),Yes,,,,,1,60,1,index,"tier C, kept for traffic: 1 clicks in 12 months",
king-university,King University,TN,B,no cited GPA; test blind,No,,100%,,,0,10,1,index,tier B,king-college
kings-college-pa,King's College,PA,B,no cited GPA,No,,93%,math 530-620,,0,40,1,index,tier B,
kings-university,King's University,TX,B,no cited GPA or SAT/ACT,No,,61%,,,0,131,2,index,tier B,
kirkwood-community-college,Kirkwood Community College,IA,C,open admission (IPEDS),Yes,,,,,0,27,1,noindex,"tier C, no clicks in 12 months",
kirtland-community-college,Kirtland Community College,MI,C,open admission (IPEDS),Yes,,,,,0,14,1,noindex,"tier C, no clicks in 12 months",
kishwaukee-college,Kishwaukee College,IL,C,open admission (IPEDS),Yes,,,,,1,18,1,index,"tier C, kept for traffic: 1 clicks in 12 months",
klamath-community-college,Klamath Community College,OR,C,open admission (IPEDS),Yes,,,,,0,6,1,noindex,"tier C, no clicks in 12 months",
knox-college,Knox College,IL,B,no cited GPA,No,,71%,math 580-760,21-32,0,48,1,index,tier B,
kol-yaakov-torah-center,Kol Yaakov Torah Center,,C,figures removed in Phase 2 H (identity under review),,,,,,0,0,0,noindex,"tier C, no clicks in 12 months",
kutztown-university-of-pennsylvania,Kutztown University of Pennsylvania,PA,A,"cited GPA, acceptance rate and SAT/ACT",No,3.36 (2025-26),91%,math 550-640,,2,1467,2,index,tier A,
kuyper-college,Kuyper College,MI,B,no cited GPA; test blind,No,,69%,,,0,2,1,index,tier B,
l-e-fletcher-technical-community-college,Fletcher Technical Community College,LA,C,open admission (IPEDS),Yes,,,,,0,8,1,noindex,"tier C, no clicks in 12 months",
la-roche-university,La Roche University,PA,B,no cited GPA,No,,76%,math 460-600,15-22,0,18,1,index,tier B,la-roche-college
la-salle-university,La Salle University,PA,B,no cited GPA; test blind,No,,97%,,,2,595,2,index,tier B,
la-sierra-university,La Sierra University,CA,B,no cited GPA; test blind,No,,92%,,,0,320,2,index,tier B,
labette-community-college,Labette Community College,KS,C,open admission (IPEDS),Yes,,,,,0,9,1,noindex,"tier C, no clicks in 12 months",
laboure-college,Laboure College of Healthcare,MA,B,no cited GPA; test blind,No,,50%,,,0,0,0,index,tier B,
lac-courte-oreilles-ojibwe-university,Lac Courte Oreilles Ojibwe University,WI,C,open admission (IPEDS),Yes,,,,,0,1,1,noindex,"tier C, no clicks in 12 months",lac-courte-oreilles-ojibwa-community-college
lackawanna-college,Lackawanna College,PA,C,open admission (IPEDS),Yes,,,,,0,80,1,noindex,"tier C, no clicks in 12 months",
lafayette-college,Lafayette College,PA,A,"cited GPA, acceptance rate and SAT/ACT",No,3.56 (2025-26),31%,math 680-760,31-33,0,263,1,index,tier A,
lagrange-college,LaGrange College,GA,B,no cited GPA; test blind,No,,62%,,,0,46,1,index,tier B,
laguna-college-of-art-and-design,Laguna College of Art and Design,CA,B,no cited GPA; test blind,No,,94%,,,0,52,1,index,tier B,
lake-area-technical-college,Lake Area Technical College,SD,C,open admission (IPEDS),Yes,,,,,0,35,1,noindex,"tier C, no clicks in 12 months",lake-area-technical-institute
lake-erie-college,Lake Erie College,OH,B,no cited GPA; test blind,No,,70%,,,0,14,1,index,tier B,
lake-forest-college,Lake Forest College,IL,B,no cited GPA,No,,57%,math 590-680,28-32,0,95,1,index,tier B,
lake-land-college,Lake Land College,IL,C,open admission (IPEDS),Yes,,,,,0,4,1,noindex,"tier C, no clicks in 12 months",
lake-michigan-college,Lake Michigan College,MI,C,open admission (IPEDS),Yes,,,,,0,10,1,noindex,"tier C, no clicks in 12 months",
lake-region-state-college,Lake Region State College,ND,C,open admission (IPEDS),Yes,,,,,0,14,1,noindex,"tier C, no clicks in 12 months",
lake-sumter-state-college,Lake-Sumter State College,FL,C,open admission (IPEDS),Yes,,,,,0,17,1,noindex,"tier C, no clicks in 12 months",lake-sumter-community-college
lake-superior-college,Lake Superior College,MN,C,open admission (IPEDS),Yes,,,,,0,27,1,noindex,"tier C, no clicks in 12 months",
lake-superior-state-university,Lake Superior State University,MI,C,open admission (IPEDS),Yes,,,,,0,121,2,noindex,"tier C, no clicks in 12 months",
lake-tahoe-community-college,Lake Tahoe Community College,CA,C,open admission (IPEDS),Yes,,,,,0,15,1,noindex,"tier C, no clicks in 12 months",
lake-washington-institute-of-technology,Lake Washington Institute of Technology,WA,C,open admission (IPEDS),Yes,,,,,0,9,1,noindex,"tier C, no clicks in 12 months",
lakeland-community-college,Lakeland Community College,OH,C,open admission (IPEDS),Yes,,,,,0,12,1,noindex,"tier C, no clicks in 12 months",
lakeland-university,Lakeland University,WI,B,no cited GPA; test blind,No,,86%,,,0,21,1,index,tier B,lakeland-college
lakes-region-community-college,Lakes Region Community College,NH,C,open admission (IPEDS),Yes,,,,,0,1,1,noindex,"tier C, no clicks in 12 months",
lakeshore-technical-college,Lakeshore Technical College,WI,C,open admission (IPEDS),Yes,,,,,0,12,1,noindex,"tier C, no clicks in 12 months",
lakewood-university,Lakewood University,,C,figures removed in Phase 2 H (identity under review),,,,,,0,4,1,noindex,"tier C, no clicks in 12 months",
lamar-community-college,Lamar Community College,CO,C,open admission (IPEDS),Yes,,,,,0,12,1,noindex,"tier C, no clicks in 12 months",
lamar-institute-of-technology,Lamar Institute of Technology,TX,C,open admission (IPEDS),Yes,,,,,0,23,1,noindex,"tier C, no clicks in 12 months",
lamar-state-college-orange,Lamar State College Orange,TX,C,open admission (IPEDS),Yes,,,,,0,1,1,noindex,"tier C, no clicks in 12 months",
lamar-state-college-port-arthur,Lamar State College Port Arthur,TX,C,open admission (IPEDS),Yes,,,,,0,4,1,noindex,"tier C, no clicks in 12 months",
lamar-university,Lamar University,TX,B,no cited GPA,No,,86%,math 450-560,18-25,1,558,2,index,tier B,
lancaster-bible-college,Lancaster Bible College,PA,B,no cited GPA,No,,56%,math 540-615,,0,12,1,index,tier B,
lander-university,Lander University,SC,B,no cited GPA,No,,81%,math 460-570,16-23,0,392,2,index,tier B,
landmark-college,Landmark College,VT,B,no cited GPA or SAT/ACT,No,,49%,,,0,16,1,index,tier B,
lane-college,Lane College,TN,C,open admission (IPEDS),Yes,,,,,0,49,1,noindex,"tier C, no clicks in 12 months",
lane-community-college,Lane Community College,OR,C,open admission (IPEDS),Yes,,,,,0,17,1,noindex,"tier C, no clicks in 12 months",
laney-college,Laney College,CA,C,open admission (IPEDS),Yes,,,,,0,0,0,noindex,"tier C, no clicks in 12 months",
langston-university,Langston University,OK,C,open admission (IPEDS),Yes,,,,,0,197,2,noindex,"tier C, no clicks in 12 months",
lanier-technical-college,Lanier Technical College,GA,C,open admission (IPEDS),Yes,,,,,0,88,1,noindex,"tier C, no clicks in 12 months",
lansdale-school-of-business,Lansdale School of Business,PA,C,open admission (IPEDS),Yes,,,,,0,3,1,noindex,"tier C, no clicks in 12 months",
lansing-community-college,Lansing Community College,MI,C,open admission (IPEDS),Yes,,,,,0,0,0,noindex,"tier C, no clicks in 12 months",
laramie-county-community-college,Laramie County Community College,WY,C,open admission (IPEDS),Yes,,,,,0,17,1,noindex,"tier C, no clicks in 12 months",
laredo-college,Laredo College,TX,C,open admission (IPEDS),Yes,,,,,0,6,1,noindex,"tier C, no clicks in 12 months",laredo-community-college
las-positas-college,Las Positas College,CA,C,open admission (IPEDS),Yes,,,,,1,38,1,index,"tier C, kept for traffic: 1 clicks in 12 months",
lasell-university,Lasell University,MA,B,no cited GPA,No,,81%,math 500-560,,0,51,1,index,tier B,lasell-college
lassen-community-college,Lassen Community College,CA,C,open admission (IPEDS),Yes,,,,,0,7,1,noindex,"tier C, no clicks in 12 months",
latin-american-bible-institute,Latin American Bible Institute,CA,B,no cited GPA; test blind,No,,55%,,,0,4,1,index,tier B,
laurel-business-institute,Laurel Business Institute,PA,B,no cited GPA; test blind,No,,77%,,,0,3,1,index,tier B,
laurel-ridge-community-college,Laurel Ridge Community College,VA,C,open admission (IPEDS),Yes,,,,,0,2,1,noindex,"tier C, no clicks in 12 months",lord-fairfax-community-college
laurel-technical-institute,Laurel Technical Institute,PA,B,no cited GPA; test blind,No,,85%,,,0,6,1,index,tier B,
lawrence-memorial-hospital-school-of-nursing,Lawrence Memorial Hospital School of Nursing,MA,C,"no cited GPA, acceptance rate or SAT/ACT",No,,,,,0,3,1,noindex,"tier C, no clicks in 12 months",
lawrence-technological-university,Lawrence Technological University,MI,A,"cited GPA, acceptance rate and test blind",No,3.45 (2025-26),56%,,,0,553,2,index,tier A,
lawrence-university,Lawrence University,WI,A,"cited GPA, acceptance rate and SAT/ACT",No,3.47 (2024-25),64%,math 590-710,24-31,0,286,2,index,tier A,
lawson-state-community-college-birmingham-campus,Lawson State Community College,AL,C,open admission (IPEDS),Yes,,,,,0,42,1,noindex,"tier C, no clicks in 12 months",
le-moyne-college,Le Moyne College,NY,B,no cited GPA,No,,83%,math 580-660,25-30,1,95,1,index,tier B,
le-moyne-owen-college,Le Moyne-Owen College,TN,B,no cited GPA; test blind,No,,99%,,,0,13,1,index,tier B,
lebanon-valley,Lebanon Valley College,PA,B,no cited GPA,No,,84%,math 560-650,,0,41,1,index,tier B,
lee-college,Lee College,TX,C,open admission (IPEDS),Yes,,,,,0,39,1,noindex,"tier C, no clicks in 12 months",
lee-university,Lee University,TN,A,"cited GPA, acceptance rate and SAT/ACT",No,3.64 (2025-26),71%,math 500-600,20-27,0,171,2,index,tier A,
leech-lake-tribal-college,Leech Lake Tribal College,MN,C,open admission (IPEDS),Yes,,,,,0,0,0,noindex,"tier C, no clicks in 12 months",
lees-mcrae-college,Lees-McRae College,NC,B,no cited GPA; test blind,No,,77%,,,0,68,1,index,tier B,
leeward-community-college,Leeward Community College,HI,C,open admission (IPEDS),Yes,,,,,0,17,1,noindex,"tier C, no clicks in 12 months",
lehigh,Lehigh University,PA,B,no cited GPA,No,,26%,math 690-770,31-34,2,1822,2,index,tier B,
lehigh-carbon-community-college,Lehigh Carbon Community College,PA,C,open admission (IPEDS),Yes,,,,,0,13,1,noindex,"tier C, no clicks in 12 months",
lemoore-college,Lemoore College,CA,C,open admission (IPEDS),Yes,,,,,0,9,1,noindex,"tier C, no clicks in 12 months",west-hills-college-lemoore
lenoir-community-college,Lenoir Community College,NC,C,open admission (IPEDS),Yes,,,,,0,10,1,noindex,"tier C, no clicks in 12 months",
lenoir-rhyne-university,Lenoir-Rhyne University,NC,A,"cited GPA, acceptance rate and test blind",No,3.73 (2025-26),85%,,,0,311,2,index,tier A,
lesley-university,Lesley University,MA,B,no cited GPA; test blind,No,,97%,,,1,314,2,index,tier B,
letourneau-university,LeTourneau University,TX,B,no cited GPA,No,,38%,math 490-670,21-30,0,67,2,index,tier B,
lewis-and-clark-community-college,Lewis and Clark Community College,IL,C,open admission (IPEDS),Yes,,,,,0,8,1,noindex,"tier C, no clicks in 12 months",
lewis-clark,Lewis &amp; Clark College,OR,B,no cited GPA; test blind,No,,78%,,,0,93,1,index,tier B,
lewis-clark-state-college,Lewis-Clark State College,ID,A,"cited GPA, acceptance rate and test blind",No,3.18 (2025-26),88%,,,0,14,1,index,tier A,
lewis-university,Lewis University,IL,B,no cited GPA,No,,71%,math 470-610,20-27,0,460,2,index,tier B,
liberty-university,Liberty University,VA,B,no cited GPA; test blind,No,,99%,,,4,3178,2,index,tier B,
life-pacific-university,Life Pacific University,CA,B,no cited GPA; test blind,No,,96%,,,0,3,1,index,tier B,life-pacific-college
life-university,Life University,GA,A,"cited GPA, acceptance rate and SAT/ACT",No,3.12 (2024-25),93%,math 440-540,17-20,0,71,2,index,tier A,
lim-college,LIM College,NY,B,no cited GPA,No,,96%,math 460-558,19-25,0,93,1,index,tier B,
lincoln-land-community-college,Lincoln Land Community College,IL,C,open admission (IPEDS),Yes,,,,,0,20,1,noindex,"tier C, no clicks in 12 months",
lincoln-memorial-university,Lincoln Memorial University,TN,B,no cited GPA,No,,63%,math 490-600,18-24,0,132,2,index,tier B,
lincoln-university-ca,Lincoln University,CA,C,open admission (IPEDS),Yes,,,,,0,113,2,noindex,"tier C, no clicks in 12 months",
lincoln-university-mo,Lincoln University,MO,C,open admission (IPEDS); has cited GPA,Yes,2.9 (2023-24),,,,0,246,2,index,"tier C, kept: it shows a GPA the college reported",
lincoln-university-of-pennsylvania,Lincoln University of Pennsylvania,PA,B,no cited GPA,No,,66%,math 400-460,,0,287,2,index,tier B,
lindenwood-university,Lindenwood University,MO,A,"cited GPA, acceptance rate and SAT/ACT",No,3.36 (2024-25),57%,,22-28,0,484,2,index,tier A,
lindsey-wilson-college,Lindsey Wilson College,KY,C,open admission (IPEDS),Yes,,,,,0,20,1,noindex,"tier C, no clicks in 12 months",
linfield-university,Linfield University,OR,A,"cited GPA, acceptance rate and test blind",No,3.64 (2024-25),85%,,,0,128,1,index,tier A,linfield-college-mcminnville-campus
linn-benton-community-college,Linn-Benton Community College,OR,C,open admission (IPEDS),Yes,,,,,1,10,1,index,"tier C, kept for traffic: 1 clicks in 12 months",
lipscomb-university,Lipscomb University,TN,A,"cited GPA, acceptance rate and SAT/ACT",No,3.86 (2024-25),68%,math 570-680,23-30,0,374,2,index,tier A,
little-big-horn-college,Little Big Horn College,MT,C,open admission (IPEDS),Yes,,,,,0,3,1,noindex,"tier C, no clicks in 12 months",
little-priest-tribal-college,Little Priest Tribal College,NE,C,open admission (IPEDS),Yes,,,,,0,0,0,noindex,"tier C, no clicks in 12 months",
livingstone-college,Livingstone College,NC,B,no cited GPA; test blind,No,,59%,,,0,83,1,index,tier B,
logan-university,Logan University,MO,B,no cited GPA; test blind,No,,64%,,,1,102,2,index,tier B,
loma-linda-university,Loma Linda University,CA,C,"no cited GPA, acceptance rate or SAT/ACT",,,,,,0,1101,2,noindex,"tier C, no clicks in 12 months",
lone-star-college-system,Lone Star College,TX,C,open admission (IPEDS),Yes,,,,,0,0,0,noindex,"tier C, no clicks in 12 months",
long-beach-city-college,Long Beach City College,CA,C,open admission (IPEDS),Yes,,,,,0,16,1,noindex,"tier C, no clicks in 12 months",
long-island-university,Long Island University,NY,B,no cited GPA,No,,86%,math 550-680,21-30,1,442,4,index,tier B,
longwood-university,Longwood University,VA,B,no cited GPA,No,,90%,math 500-580,19-26,0,488,2,index,tier B,
longy-school-of-music,Longy School of Music of Bard College,MA,C,"no cited GPA, acceptance rate or SAT/ACT",No,,,,,0,16,1,noindex,"tier C, no clicks in 12 months",
lorain-county-community-college,Lorain County Community College,OH,C,open admission (IPEDS),Yes,,,,,0,7,1,noindex,"tier C, no clicks in 12 months",
loras-college,Loras College,IA,B,no cited GPA; test blind,No,,100%,,,0,24,1,index,tier B,
los-angeles-city-college,Los Angeles City College,CA,C,open admission (IPEDS),Yes,,,,,0,12,1,noindex,"tier C, no clicks in 12 months",
los-angeles-college-of-music,Los Angeles College of Music,CA,B,no cited GPA; test blind,No,,88%,,,0,6,1,index,tier B,los-angeles-music-academy
los-angeles-harbor-college,Los Angeles Harbor College,CA,C,open admission (IPEDS),Yes,,,,,0,32,1,noindex,"tier C, no clicks in 12 months",
los-angeles-mission-college,Los Angeles Mission College,CA,C,open admission (IPEDS),Yes,,,,,0,6,1,noindex,"tier C, no clicks in 12 months",
los-angeles-pacific-university,Los Angeles Pacific University,CA,C,open admission (IPEDS),Yes,,,,,0,133,2,noindex,"tier C, no clicks in 12 months",azusa-pacific-online-university
los-angeles-pierce-college,Los Angeles Pierce College,CA,C,open admission (IPEDS),Yes,,,,,0,22,1,noindex,"tier C, no clicks in 12 months",
los-angeles-southwest-college,Los Angeles Southwest College,CA,C,open admission (IPEDS),Yes,,,,,0,4,1,noindex,"tier C, no clicks in 12 months",
los-angeles-trade-technical-college,Los Angeles Trade Technical College,CA,C,open admission (IPEDS),Yes,,,,,0,16,1,noindex,"tier C, no clicks in 12 months",
los-angeles-valley-college,Los Angeles Valley College,CA,C,open admission (IPEDS),Yes,,,,,0,6,1,noindex,"tier C, no clicks in 12 months",
los-medanos-college,Los Medanos College,CA,C,open admission (IPEDS),Yes,,,,,0,7,1,noindex,"tier C, no clicks in 12 months",
louisburg-college,Louisburg College,NC,B,no cited GPA; test blind,No,,56%,,,0,46,1,index,tier B,
louisiana-christian-university,Louisiana Christian University,LA,B,no cited GPA; test blind,No,,77%,,,0,12,1,index,tier B,louisiana-college
louisiana-delta-community-college,Louisiana Delta Community College,LA,C,open admission (IPEDS),Yes,,,,,0,13,2,noindex,"tier C, no clicks in 12 months",
louisiana-state-university-alexandria,Louisiana State University Alexandria,LA,B,no cited GPA,No,,92%,math 480-610,17-22,0,85,2,index,tier B,
louisiana-state-university-eunice,Louisiana State University Eunice,LA,C,open admission (IPEDS),Yes,,,,,0,34,2,noindex,"tier C, no clicks in 12 months",
louisiana-state-university-shreveport,Louisiana State University Shreveport,LA,B,no cited GPA,No,,51%,math 485-590,18-24,1,139,2,index,tier B,
louisiana-tech-university,Louisiana Tech University,LA,B,no cited GPA,No,,86%,math 550-680,21-27,1,816,2,index,tier B,
lourdes-university,Lourdes University,OH,B,no cited GPA; test blind,No,,74%,,,0,9,2,index,tier B,
lower-columbia-college,Lower Columbia College,WA,C,open admission (IPEDS),Yes,,,,,0,8,1,noindex,"tier C, no clicks in 12 months",
loyola-marymount,Loyola Marymount University,CA,B,no cited GPA,No,,45%,math 620-710,28-32,3,1643,2,index,tier B,
loyola-university-chicago,Loyola University Chicago,IL,A,"cited GPA, acceptance rate and SAT/ACT",No,3.74 (2025-26),82%,math 570-670,27-32,1,1561,2,index,tier A,
loyola-university-maryland,Loyola University Maryland,MD,A,"cited GPA, acceptance rate and SAT/ACT",No,3.65 (2024-25),75%,math 580-680,28-32,0,608,2,index,tier A,
loyola-university-new-orleans,Loyola University New Orleans,LA,B,no cited GPA; test blind,No,,93%,,,0,444,2,index,tier B,
lsu,Louisiana State University,LA,A,"cited GPA, acceptance rate and SAT/ACT",No,3.81 (2023-24),73%,math 580-660,24-30,1,427,3,index,tier A,
lsu-health-new-orleans,LSU Health New Orleans,LA,C,"no cited GPA, acceptance rate or SAT/ACT",,,,,,1,28,3,index,"tier C, kept for traffic: 1 clicks in 12 months",
lsu-health-shreveport,LSU Health Shreveport,LA,C,"no cited GPA, acceptance rate or SAT/ACT",,,,,,0,10,2,noindex,"tier C, no clicks in 12 months",
lubbock-christian-university,Lubbock Christian University,TX,B,no cited GPA,No,,73%,math 450-580,19-27,0,79,2,index,tier B,
luna-community-college,Luna Community College,NM,C,open admission (IPEDS),Yes,,,,,0,5,1,noindex,"tier C, no clicks in 12 months",
lurleen-b-wallace-community-college,Lurleen B Wallace Community College,AL,C,open admission (IPEDS),Yes,,,,,0,8,1,noindex,"tier C, no clicks in 12 months",
luther-college,Luther College,IA,B,no cited GPA,No,,72%,math 528-738,22-29,0,46,1,index,tier B,
luther-rice-college-seminary,Luther Rice College & Seminary,GA,B,no cited GPA; test blind,No,,92%,,,0,15,2,index,tier B,luther-rice-university
luzerne-county-community-college,Luzerne County Community College,PA,C,open admission (IPEDS),Yes,,,,,1,6,1,index,"tier C, kept for traffic: 1 clicks in 12 months",
lycoming-college,Lycoming College,PA,A,"cited GPA, acceptance rate and SAT/ACT",No,3.44 (2024-25),74%,math 540-650,,0,51,1,index,tier A,
lynn-university,Lynn University,FL,A,"cited GPA, acceptance rate and SAT/ACT",No,3.3 (2023-24),73%,math 510-590,21-26,0,481,2,index,tier A,
lyon-college,Lyon College,AR,B,no cited GPA; test blind,No,,63%,,,0,19,1,index,tier B,
macalester,Macalester College,MN,B,no cited GPA,No,,29%,math 670-760,30-34,0,137,1,index,tier B,
machzikei-hadath-rabbinical-college,Machzikei Hadath Rabbinical College,NY,B,no cited GPA; test blind,No,,100%,,,0,3,1,index,tier B,
macomb-community-college,Macomb Community College,MI,C,open admission (IPEDS),Yes,,,,,0,79,1,noindex,"tier C, no clicks in 12 months",
madera-community-college,Madera Community College,CA,C,open admission (IPEDS),Yes,,,,,0,8,1,noindex,"tier C, no clicks in 12 months",
madison-area-technical-college,Madison Area Technical College,WI,C,open admission (IPEDS),Yes,,,,,2,38,1,index,"tier C, kept for traffic: 2 clicks in 12 months",
madisonville-community-college,Madisonville Community College,KY,C,open admission (IPEDS),Yes,,,,,0,1,1,noindex,"tier C, no clicks in 12 months",
madonna-university,Madonna University,MI,B,no cited GPA,No,,63%,math 420-540,,0,115,2,index,tier B,
maharishi-international-university,Maharishi International University,IA,B,no cited GPA; test blind,No,,96%,,,0,51,1,index,tier B,maharishi-university-of-management
maine-college-of-art,Maine College of Art & Design,ME,B,no cited GPA; test blind,No,,76%,,,0,4,1,index,tier B,
maine-college-of-health-professions,Maine College of Health Professions,ME,B,no cited GPA or SAT/ACT,No,,71%,,,0,1,1,index,tier B,central-maine-medical-center-college-of-nursing-and-health-professions
maine-maritime-academy,Maine Maritime Academy,ME,B,no cited GPA,No,,54%,math 530-635,21-26,0,38,1,index,tier B,
malone-university,Malone University,OH,B,no cited GPA,No,,76%,math 460-590,18-24,2,146,2,index,tier B,
manchester-community-college-nh,Manchester Community College,NH,C,open admission (IPEDS),Yes,,,,,0,7,1,noindex,"tier C, no clicks in 12 months",
manchester-university,Manchester University,IN,B,no cited GPA; test blind,No,,71%,,,2,128,1,index,tier B,manchester-college
mandl-the-college-of-allied-health,Mandl School The College of Allied Health,NY,C,open admission (IPEDS),Yes,,,,,0,8,1,noindex,"tier C, no clicks in 12 months",
manhattan-area-technical-college,Manhattan Area Technical College,KS,C,open admission (IPEDS),Yes,,,,,0,5,1,noindex,"tier C, no clicks in 12 months",
manhattan-christian-college,Manhattan Christian College,KS,B,no cited GPA,No,,100%,,18-24,0,4,1,index,tier B,
manhattan-school-of-music,Manhattan School of Music,NY,B,no cited GPA; test blind,No,,41%,,,0,25,1,index,tier B,
manhattan-university,Manhattan University,NY,A,"cited GPA, acceptance rate and SAT/ACT",No,3.6 (2025-26),79%,math 600-678,25-29,0,115,1,index,tier A,manhattan-college
manhattanville-university,Manhattanville University,NY,B,no cited GPA; test blind,No,,87%,,,0,81,1,index,tier B,manhattanville-college
manna-university,Manna University,NC,B,no cited GPA; test blind,No,,53%,,,0,1,1,index,tier B,grace-college-of-divinity
manor-college,Manor College,PA,B,no cited GPA,No,,95%,math 365-490,,0,38,1,index,tier B,
maple-springs-baptist-bible-college-and-seminary,Maple Springs Baptist Bible College and Seminary,,C,figures removed in Phase 2 H (identity under review),,,,,,0,3,1,noindex,"tier C, no clicks in 12 months",
maranatha-baptist-university,Maranatha Baptist University,WI,B,no cited GPA,No,,72%,math 455-615,20-28,0,8,1,index,tier B,maranatha-baptist-bible-college
maria-college-of-albany,Maria College of Albany,NY,B,no cited GPA or SAT/ACT,No,,44%,,,0,8,1,index,tier B,
marian-university,Marian University,WI,B,no cited GPA or SAT/ACT,No,,75%,,,0,579,3,index,tier B,
marian-university-in,Marian University,IN,B,no cited GPA; test blind,No,,95%,,,0,66,1,index,tier B,
marietta-college,Marietta College,OH,B,no cited GPA,No,,79%,math 530-600,17-24,0,33,1,index,tier B,
marion-military-institute,Marion Military Institute,AL,B,no cited GPA,No,,97%,math 520-630,16-23,0,19,1,index,tier B,
marion-technical-college,Marion Technical College,OH,C,open admission (IPEDS),Yes,,,,,0,15,1,noindex,"tier C, no clicks in 12 months",
marist-university,Marist University,NY,B,no cited GPA,No,,57%,math 590-660,25-31,0,261,1,index,tier B,marist-college
marquette-university,Marquette University,WI,B,no cited GPA,No,,81%,math 590-680,26-31,4,1770,2,index,tier B,
mars-hill-university,Mars Hill University,NC,B,no cited GPA; test blind,No,,68%,,,0,30,1,index,tier B,
marshall-university,Marshall University,WV,A,"cited GPA, acceptance rate and SAT/ACT",No,3.6 (2025-26),96%,math 430-560,19-24,0,580,2,index,tier A,
marshalltown-community-college,Marshalltown Community College,IA,C,open admission (IPEDS),Yes,,,,,0,5,1,noindex,"tier C, no clicks in 12 months",
martin-community-college,Martin Community College,NC,C,open admission (IPEDS),Yes,,,,,0,1,1,noindex,"tier C, no clicks in 12 months",
martin-luther-college,Martin Luther College,MN,B,no cited GPA,No,,87%,,21-28,0,8,1,index,tier B,
mary-baldwin-university,Mary Baldwin University,VA,C,open admission (IPEDS),Yes,,,,,0,35,1,noindex,"tier C, no clicks in 12 months",mary-baldwin-college
maryland-institute-college-of-art,Maryland Institute College of Art,MD,B,no cited GPA,No,,77%,math 508-635,25-33,0,18,1,index,tier B,
marymount-manhattan-college,Marymount Manhattan College,NY,B,no cited GPA,No,,83%,math 520-650,24-27,0,28,1,index,tier B,
marymount-university,Marymount University,VA,A,"cited GPA, acceptance rate and test blind",No,3.3 (2023-24),93%,,,2,327,2,index,tier A,
maryville-college,Maryville College,TN,B,no cited GPA; test blind,No,,61%,,,0,60,1,index,tier B,
maryville-university-of-saint-louis,Maryville University of Saint Louis,MO,B,no cited GPA; test blind,No,,95%,,,0,235,2,index,tier B,
marywood-university,Marywood University,PA,B,no cited GPA,No,,61%,math 530-610,18-30,1,362,2,index,tier B,
massachusetts-bay-community-college,Massachusetts Bay Community College,MA,C,open admission (IPEDS),Yes,,,,,0,0,0,noindex,"tier C, no clicks in 12 months",
massachusetts-college-of-art-and-design,Massachusetts College of Art and Design,MA,B,no cited GPA; test blind,No,,76%,,,0,27,1,index,tier B,
massachusetts-college-of-liberal-arts,Massachusetts College of Liberal Arts,MA,A,"cited GPA, acceptance rate and test blind",No,3.31 (2023-24),90%,,,0,7,1,index,tier A,
massachusetts-maritime-academy,Massachusetts Maritime Academy,MA,A,"cited GPA, acceptance rate and test blind",No,3.36 (2025-26),95%,,,1,43,1,index,tier A,
massasoit-community-college,Massasoit Community College,MA,C,open admission (IPEDS),Yes,,,,,0,32,1,noindex,"tier C, no clicks in 12 months",
mayland-community-college,Mayland Community College,NC,C,open admission (IPEDS),Yes,,,,,0,1,1,noindex,"tier C, no clicks in 12 months",
maysville-community-and-technical-college,Maysville Community and Technical College,KY,C,open admission (IPEDS),Yes,,,,,0,4,1,noindex,"tier C, no clicks in 12 months",
mayville-state-university,Mayville State University,ND,C,open admission (IPEDS),Yes,,,,,0,49,2,noindex,"tier C, no clicks in 12 months",
mcdaniel-college,McDaniel College,MD,B,no cited GPA; test blind,No,,78%,,,2,104,1,index,tier B,
mcdowell-technical-community-college,McDowell Technical Community College,NC,C,open admission (IPEDS),Yes,,,,,0,1,1,noindex,"tier C, no clicks in 12 months",
mchenry-county-college,McHenry County College,IL,C,open admission (IPEDS),Yes,,,,,0,36,1,noindex,"tier C, no clicks in 12 months",
mckendree-university,McKendree University,IL,B,no cited GPA; test blind,No,,72%,,,0,225,2,index,tier B,
mclennan-community-college,McLennan Community College,TX,C,open admission (IPEDS),Yes,,,,,0,17,1,noindex,"tier C, no clicks in 12 months",
mcmurry-university,McMurry University,TX,B,no cited GPA,No,,57%,math 460-570,18-24,0,217,2,index,tier B,
mcneese-state-university,McNeese State University,LA,B,no cited GPA,No,,78%,math 450-588,18-23,2,651,2,index,tier B,
mcpherson-college,McPherson College,KS,B,no cited GPA,No,,77%,math 490-580,18-23,0,27,1,index,tier B,
mcphs-university,MCPHS University,MA,B,no cited GPA,No,,85%,math 590-738,26-30,0,62,1,index,tier B,massachusetts-college-of-pharmacy-and-health-sciences
md-anderson-cancer-center,The University of Texas MD Anderson Cancer Center,TX,C,"no cited GPA, acceptance rate or SAT/ACT",,,,,,1,330,2,index,"tier C, kept for traffic: 1 clicks in 12 months",
medical-university-of-south-carolina,Medical University of South Carolina,SC,C,"no cited GPA, acceptance rate or SAT/ACT",,,,,,14,489,2,index,"tier C, kept for traffic: 14 clicks in 12 months",
mendocino-college,Mendocino College,CA,C,open admission (IPEDS),Yes,,,,,0,5,1,noindex,"tier C, no clicks in 12 months",
menlo-college,Menlo College,CA,B,no cited GPA; test blind,No,,68%,,,0,76,1,index,tier B,
merced-college,Merced College,CA,C,open admission (IPEDS),Yes,,,,,0,18,1,noindex,"tier C, no clicks in 12 months",
mercer,Mercer University,GA,B,no cited GPA,No,,69%,math 570-670,25-31,2,1963,2,index,tier B,
mercer-county-community-college,Mercer County Community College,NJ,C,open admission (IPEDS),Yes,,,,,0,17,1,noindex,"tier C, no clicks in 12 months",
mercy-college-of-health-sciences,Mercy College of Health Sciences,IA,B,no cited GPA,No,,100%,,16-21,0,8,1,index,tier B,
mercy-college-of-ohio,Mercy College of Ohio,OH,B,no cited GPA,No,,93%,math 380-500,15-20,0,3,1,index,tier B,
mercy-university,Mercy University,NY,B,no cited GPA; test blind,No,,86%,,,0,103,1,index,tier B,mercy-college
mercyhurst-university,Mercyhurst University,PA,B,no cited GPA; test blind,No,,81%,,,0,84,1,index,tier B,mercyhurst-college
meredith-college,Meredith College,NC,B,no cited GPA,No,,74%,math 510-680,23-29,0,44,1,index,tier B,
meridian-community-college,Meridian Community College,MS,C,open admission (IPEDS),Yes,,,,,0,9,1,noindex,"tier C, no clicks in 12 months",
merrimack-college,Merrimack College,MA,B,no cited GPA; test blind,No,,70%,,,2,326,1,index,tier B,
merritt-college,Merritt College,CA,C,open admission (IPEDS),Yes,,,,,0,10,1,noindex,"tier C, no clicks in 12 months",
mesa-community-college,Mesa Community College,AZ,C,open admission (IPEDS),Yes,,,,,0,16,1,noindex,"tier C, no clicks in 12 months",
mesalands-community-college,Mesalands Community College,NM,C,open admission (IPEDS),Yes,,,,,0,1,1,noindex,"tier C, no clicks in 12 months",
mesivta-of-eastern-parkway-yeshiva-zichron-meilech,Mesivta of Eastern Parkway-Yeshiva Zichron Meilech,NY,B,no cited GPA; test blind,No,,56%,,,0,4,1,index,tier B,
mesivta-torah-vodaath-rabbinical-seminary,Mesivta Torah Vodaath Rabbinical Seminary,NY,B,no cited GPA; test blind,No,,80%,,,0,14,1,index,tier B,
mesivtha-tifereth-jerusalem-of-america,Mesivtha Tifereth Jerusalem of America,NY,B,no cited GPA; test blind,No,,60%,,,0,13,1,index,tier B,
messenger-college,Messenger College,TX,B,no cited GPA; test blind,No,,38%,,,0,7,1,index,tier B,
messiah,Messiah University,PA,B,no cited GPA,No,,79%,math 540-670,26-31,0,83,1,index,tier B,
methodist-college,Methodist College,IL,B,no cited GPA or SAT/ACT,No,,39%,,,0,4,1,index,tier B,methodist-college-of-nursing
methodist-university,Methodist University,NC,B,no cited GPA,No,,75%,math 530-620,22-27,0,78,2,index,tier B,
metropolitan-college-of-new-york,Metropolitan College of New York,NY,B,no cited GPA; test blind,No,,90%,,,0,15,1,index,tier B,
metropolitan-community-college-area,Metropolitan Community College Area,NE,C,open admission (IPEDS),Yes,,,,,0,26,1,noindex,"tier C, no clicks in 12 months",
metropolitan-community-college-kansas-city,Metropolitan Community College-Kansas City,MO,C,open admission (IPEDS),Yes,,,,,0,16,4,noindex,"tier C, no clicks in 12 months",
metropolitan-state-university,Metropolitan State University,MN,B,no cited GPA,No,,99%,,16-21,0,387,2,index,tier B,
metropolitan-state-university-of-denver,Metropolitan State University of Denver,CO,B,no cited GPA,No,,99%,math 430-560,17-26,0,28,1,index,tier B,metropolitan-state-college-of-denver
miami-ad-school,Miami Ad School,FL,C,open admission (IPEDS),Yes,,,,,0,7,1,noindex,"tier C, no clicks in 12 months",miami-ad-school-miami-beach
miami-dade-college,Miami Dade College,FL,C,open admission (IPEDS),Yes,,,,,0,99,1,noindex,"tier C, no clicks in 12 months",
miami-university,Miami University,OH,B,no cited GPA,No,,75%,math 610-700,25-30,2,3792,2,index,tier B,
miami-university-hamilton,Miami University Hamilton,OH,C,open admission (IPEDS),Yes,,,,,0,1061,2,noindex,"tier C, no clicks in 12 months",
miami-university-middletown,Miami University Middletown,OH,C,open admission (IPEDS),Yes,,,,,1,730,2,index,"tier C, kept for traffic: 1 clicks in 12 months",
michigan,University of Michigan,MI,A,"cited GPA, acceptance rate and SAT/ACT",No,3.9 (2025-26),16%,math 680-780,31-34,5,2904,2,index,tier A,
michigan-jewish-institute,Michigan Jewish Institute,,C,figures removed in Phase 2 H (identity under review),,,,,,0,0,0,noindex,"tier C, no clicks in 12 months",
michigan-state-university,Michigan State University,MI,A,"cited GPA, acceptance rate and SAT/ACT",No,3.74 (2025-26),85%,math 590-680,25-31,4,1107,3,index,tier A,
michigan-tech,Michigan Technological University,MI,A,"cited GPA, acceptance rate and SAT/ACT",No,3.86 (2025-26),92%,math 560-670,25-31,0,304,2,index,tier A,
mid-america-christian-university,Mid-America Christian University,OK,B,no cited GPA,No,,92%,,17-19,3,174,2,index,tier B,
mid-america-college-of-funeral-service,Mid-America College of Funeral Service,IN,C,open admission (IPEDS),Yes,,,,,0,3,1,noindex,"tier C, no clicks in 12 months",
mid-atlantic-christian-university,Mid-Atlantic Christian University,NC,B,no cited GPA,No,,62%,math 440-570,,0,15,2,index,tier B,
mid-michigan-college,Mid Michigan College,MI,C,open admission (IPEDS),Yes,,,,,0,25,1,noindex,"tier C, no clicks in 12 months",mid-michigan-community-college
mid-plains-community-college,Mid-Plains Community College,NE,C,open admission (IPEDS),Yes,,,,,0,4,1,noindex,"tier C, no clicks in 12 months",
mid-south-christian-college,Mid-South Christian College,TN,B,no cited GPA or SAT/ACT,No,,100%,,,0,0,0,index,tier B,
mid-state-technical-college,Mid-State Technical College,WI,C,open admission (IPEDS),Yes,,,,,0,6,1,noindex,"tier C, no clicks in 12 months",
midamerica-nazarene-university,MidAmerica Nazarene University,KS,B,no cited GPA,No,,79%,math 490-550,17-23,0,140,2,index,tier B,
middle-georgia-state-university,Middle Georgia State University,GA,B,no cited GPA,No,,100%,math 460-580,16-24,0,52,3,index,tier B,
middle-tennessee-state-university,Middle Tennessee State University,TN,A,"cited GPA, acceptance rate and SAT/ACT",No,3.62 (2025-26),69%,math 490-600,20-26,1,613,2,index,tier A,
middlebury,Middlebury College,VT,B,no cited GPA,No,,11%,math 725-790,33-35,0,287,1,index,tier B,
middlesex-college,Middlesex College,NJ,C,open admission (IPEDS),Yes,,,,,0,75,1,noindex,"tier C, no clicks in 12 months",middlesex-county-college
middlesex-community-college-ma,Middlesex Community College,MA,C,open admission (IPEDS),Yes,,,,,0,16,1,noindex,"tier C, no clicks in 12 months",
midland-college,Midland College,TX,C,open admission (IPEDS),Yes,,,,,0,34,1,noindex,"tier C, no clicks in 12 months",
midland-university,Midland University,NE,B,no cited GPA,No,,66%,math 473-580,17-23,2,145,2,index,tier B,
midlands-technical-college,Midlands Technical College,SC,C,open admission (IPEDS),Yes,,,,,0,98,1,noindex,"tier C, no clicks in 12 months",
midway-university,Midway University,KY,B,no cited GPA,No,,95%,math 530-580,20-25,0,25,1,index,tier B,midway-college
midwestern-baptist-theological-seminary,Midwestern Baptist Theological Seminary,MO,B,no cited GPA; test blind,No,,96%,,,0,9,1,index,tier B,
midwestern-state-university,Midwestern State University,TX,B,no cited GPA; test blind,No,,94%,,,0,102,2,index,tier B,
midwestern-university,Midwestern University,,C,figures removed in Phase 2 H (identity under review),,,,,,1,393,3,index,"tier C, kept for traffic: 1 clicks in 12 months",
mildred-elley-school-albany-campus,Mildred Elley School Albany Campus,NY,C,open admission (IPEDS),Yes,,,,,0,7,1,noindex,"tier C, no clicks in 12 months",
miles-college,Miles College,AL,C,open admission (IPEDS),Yes,,,,,0,82,1,noindex,"tier C, no clicks in 12 months",
miles-community-college,Miles Community College,MT,C,open admission (IPEDS),Yes,,,,,0,7,1,noindex,"tier C, no clicks in 12 months",
millennia-atlantic-university,Millennia Atlantic University,FL,C,open admission (IPEDS),Yes,,,,,0,39,2,noindex,"tier C, no clicks in 12 months",
miller-motte-college,Miller Motte College,,C,figures removed in Phase 2 H (identity under review),,,,,,0,25,1,noindex,"tier C, no clicks in 12 months",
miller-motte-college-augusta,Miller-Motte College Augusta,GA,C,open admission (IPEDS),Yes,,,,,1,18,1,index,"tier C, kept for traffic: 1 clicks in 12 months",miller-motte-technical-college-ga
miller-motte-college-chattanooga,Miller-Motte College Chattanooga,TN,C,open admission (IPEDS),Yes,,,,,1,15,1,index,"tier C, kept for traffic: 1 clicks in 12 months",miller-motte-technical-college-chattanooga
miller-motte-college-columbus,Miller-Motte College Columbus,GA,C,open admission (IPEDS),Yes,,,,,0,9,1,noindex,"tier C, no clicks in 12 months",miller-motte-technical-college-columbus
miller-motte-college-fayetteville,Miller-Motte College Fayetteville,NC,C,open admission (IPEDS),Yes,,,,,0,24,1,noindex,"tier C, no clicks in 12 months",
miller-motte-college-macon,Miller-Motte College Macon,GA,C,open admission (IPEDS),Yes,,,,,0,111,1,noindex,"tier C, no clicks in 12 months",miller-motte-technical-college-macon
miller-motte-college-raleigh,Miller-Motte College Raleigh,NC,C,open admission (IPEDS),Yes,,,,,0,27,1,noindex,"tier C, no clicks in 12 months",
millersville-university-of-pennsylvania,Millersville University of Pennsylvania,PA,A,"cited GPA, acceptance rate and SAT/ACT",No,3.45 (2024-25),86%,math 500-590,,1,184,1,index,tier A,
milligan-university,Milligan University,TN,B,no cited GPA,No,,72%,math 560-618,22-27,0,28,2,index,tier B,
millikin-university,Millikin University,IL,B,no cited GPA,No,,67%,math 420-560,18-25,0,173,2,index,tier B,
millsaps-college,Millsaps College,MS,B,no cited GPA,No,,43%,math 530-575,21-28,0,37,1,index,tier B,
milwaukee-area-technical-college,Milwaukee Area Technical College,WI,C,open admission (IPEDS),Yes,,,,,0,23,1,noindex,"tier C, no clicks in 12 months",
milwaukee-institute-of-art-and-design,Milwaukee Institute of Art &amp; Design,WI,B,no cited GPA or SAT/ACT,No,,61%,,,0,20,1,index,tier B,
milwaukee-school-of-engineering,Milwaukee School of Engineering,WI,A,"cited GPA, acceptance rate and test blind",No,3.68 (2025-26),59%,,,0,24,1,index,tier A,
mineral-area-college,Mineral Area College,MO,C,open admission (IPEDS),Yes,,,,,0,11,1,noindex,"tier C, no clicks in 12 months",
minerva-university,Minerva University,CA,B,no cited GPA; test blind,No,,3%,,,2,133,1,index,tier B,
minneapolis-college-of-art-and-design,Minneapolis College of Art and Design,MN,B,no cited GPA,No,,48%,math 530-630,21-29,0,17,1,index,tier B,
minneapolis-community-and-technical-college,Minneapolis Community and Technical College,MN,C,open admission (IPEDS),Yes,,,,,0,18,1,noindex,"tier C, no clicks in 12 months",
minnesota-north-college,Minnesota North College,MN,C,open admission (IPEDS),Yes,,,,,0,5,4,noindex,"tier C, no clicks in 12 months",
minnesota-state-college-southeast,Minnesota State College Southeast,MN,C,open admission (IPEDS),Yes,,,,,0,7,1,noindex,"tier C, no clicks in 12 months",minnesota-state-college-southeast-technical
minnesota-state-community-and-technical-college,Minnesota State Community and Technical College,MN,C,open admission (IPEDS),Yes,,,,,0,11,1,noindex,"tier C, no clicks in 12 months",
minnesota-state-university-mankato,Minnesota State University Mankato,MN,B,no cited GPA,No,,88%,,21-25,0,1043,2,index,tier B,
minnesota-state-university-moorhead,Minnesota State University Moorhead,MN,B,no cited GPA,No,,59%,,18-25,1,189,2,index,tier B,
minnesota-west-community-and-technical-college,Minnesota West Community and Technical College,MN,C,"no cited GPA, acceptance rate or SAT/ACT",No,,,,,0,12,1,noindex,"tier C, no clicks in 12 months",
minot-state-university,Minot State University,ND,B,no cited GPA,No,,65%,math 430-570,18-24,0,173,2,index,tier B,
miracosta-college,MiraCosta College,CA,C,open admission (IPEDS),Yes,,,,,0,71,1,noindex,"tier C, no clicks in 12 months",
mirrer-yeshiva-cent-institute,Mirrer Yeshiva Cent Institute,NY,B,no cited GPA; test blind,No,,89%,,,0,5,1,index,tier B,
misericordia-university,Misericordia University,PA,B,no cited GPA; test blind,No,,71%,,,0,164,2,index,tier B,
mission-college,Mission College,CA,C,open admission (IPEDS),Yes,,,,,0,39,1,noindex,"tier C, no clicks in 12 months",
mission-university,Mission University,MO,C,open admission (IPEDS),Yes,,,,,0,3,1,noindex,"tier C, no clicks in 12 months",baptist-bible-college-and-graduate-school
mississippi-college,Mississippi College,MS,B,no cited GPA,No,,29%,,19-25,0,19,1,index,tier B,
mississippi-delta-community-college,Mississippi Delta Community College,MS,C,open admission (IPEDS),Yes,,,,,0,11,1,noindex,"tier C, no clicks in 12 months",
mississippi-gulf-coast-community-college,Mississippi Gulf Coast Community College,MS,C,open admission (IPEDS),Yes,,,,,0,25,1,noindex,"tier C, no clicks in 12 months",
mississippi-state-university,Mississippi State University,MS,B,no cited GPA,No,,78%,math 540-680,21-29,2,3262,2,index,tier B,
mississippi-university-for-women,Mississippi University for Women,MS,B,no cited GPA,No,,90%,,17-24,0,20,2,index,tier B,
mississippi-valley-state-university,Mississippi Valley State University,MS,B,no cited GPA,No,,92%,,13-17,1,199,2,index,tier B,
missouri-baptist-university,Missouri Baptist University,MO,B,no cited GPA,No,,69%,,12-18,1,112,2,index,tier B,
missouri-southern-state-university,Missouri Southern State University,MO,A,"cited GPA, acceptance rate and SAT/ACT",No,3.49 (2025-26),97%,math 610-730,17-24,0,90,2,index,tier A,
missouri-st,Missouri University of Science and Technology,MO,A,"cited GPA, acceptance rate and SAT/ACT",No,3.82 (2025-26),73%,math 610-730,25-31,0,299,2,index,tier A,
missouri-state-university-springfield,Missouri State University Springfield,MO,B,no cited GPA,No,,91%,math 510-630,19-26,0,263,2,index,tier B,
missouri-state-university-west-plains,Missouri State University West Plains,MO,C,open admission (IPEDS),Yes,,,,,1,140,2,index,"tier C, kept for traffic: 1 clicks in 12 months",
missouri-valley-college,Missouri Valley College,MO,B,no cited GPA,No,,69%,math 490-575,16-20,0,9,1,index,tier B,
missouri-western-state-university,Missouri Western State University,MO,C,open admission (IPEDS); has cited GPA,Yes,3.13 (2025-26),,,,0,33,2,index,"tier C, kept: it shows a GPA the college reported",
mit,Massachusetts Institute of Technology,MA,B,no cited GPA,No,,4.5%,math 780-800,34-36,0,21,1,index,tier B,
mitchell-college,Mitchell College,CT,B,no cited GPA; test blind,No,,95%,,,0,33,1,index,tier B,
mitchell-community-college,Mitchell Community College,NC,C,open admission (IPEDS),Yes,,,,,0,8,1,noindex,"tier C, no clicks in 12 months",
mitchell-technical-college,Mitchell Technical College,SD,C,open admission (IPEDS),Yes,,,,,0,18,1,noindex,"tier C, no clicks in 12 months",mitchell-technical-institute
moberly-area-community-college,Moberly Area Community College,MO,C,open admission (IPEDS),Yes,,,,,0,7,1,noindex,"tier C, no clicks in 12 months",
modesto-junior-college,Modesto Junior College,CA,C,open admission (IPEDS),Yes,,,,,0,23,1,noindex,"tier C, no clicks in 12 months",
mohave-community-college,Mohave Community College,AZ,C,open admission (IPEDS),Yes,,,,,0,2,1,noindex,"tier C, no clicks in 12 months",
mohawk-valley-community-college-utica-branch,Mohawk Valley Community College,NY,C,open admission (IPEDS),Yes,,,,,0,10,1,noindex,"tier C, no clicks in 12 months",
molloy-university,Molloy University,NY,B,no cited GPA,No,,82%,math 548-650,22-28,1,168,1,index,tier B,molloy-college
monmouth-college,Monmouth College,IL,B,no cited GPA,No,,91%,math 500-590,20-27,0,19,1,index,tier B,
monmouth-university,Monmouth University,NJ,B,no cited GPA,No,,89%,math 560-650,24-29,0,653,2,index,tier B,
monroe-community-college,Monroe Community College,NY,C,open admission (IPEDS),Yes,,,,,0,17,1,noindex,"tier C, no clicks in 12 months",
monroe-county-community-college,Monroe County Community College,MI,C,open admission (IPEDS),Yes,,,,,0,1,1,noindex,"tier C, no clicks in 12 months",
monroe-university,Monroe University,NY,B,no cited GPA; test blind,No,,68%,,,0,129,1,index,tier B,monroe-college-main-campus
montana-bible-college,Montana Bible College,MT,C,"no cited GPA, acceptance rate or SAT/ACT",No,,,,,0,7,1,noindex,"tier C, no clicks in 12 months",
montana-state-university,Montana State University,MT,A,"cited GPA, acceptance rate and SAT/ACT",No,3.51 (2025-26),82%,math 525-640,21-27,0,263,2,index,tier A,
montana-state-university-billings,Montana State University Billings,MT,C,open admission (IPEDS),Yes,,,,,0,45,2,noindex,"tier C, no clicks in 12 months",
montana-state-university-northern,Montana State University Northern,MT,C,open admission (IPEDS),Yes,,,,,0,78,1,noindex,"tier C, no clicks in 12 months",
montana-technological-university,Montana Technological University,MT,B,no cited GPA,No,,91%,math 530-630,19-25,0,120,2,index,tier B,montana-tech-of-the-university-of-montana
montcalm-community-college,Montcalm Community College,MI,C,open admission (IPEDS),Yes,,,,,0,8,1,noindex,"tier C, no clicks in 12 months",
montclair-state-university,Montclair State University,NJ,A,"cited GPA, acceptance rate and SAT/ACT",No,3.33 (2024-25),88%,math 430-590,,0,2257,2,index,tier A,
monterey-peninsula-college,Monterey Peninsula College,CA,C,open admission (IPEDS),Yes,,,,,0,9,1,noindex,"tier C, no clicks in 12 months",
montgomery-college,Montgomery College,MD,C,open admission (IPEDS),Yes,,,,,1,51,1,index,"tier C, kept for traffic: 1 clicks in 12 months",
montgomery-community-college,Montgomery Community College,NC,C,open admission (IPEDS),Yes,,,,,0,14,1,noindex,"tier C, no clicks in 12 months",
montgomery-county-community-college,Montgomery County Community College,PA,C,open admission (IPEDS),Yes,,,,,0,27,2,noindex,"tier C, no clicks in 12 months",
montreat-college,Montreat College,NC,B,no cited GPA; test blind,No,,69%,,,0,34,1,index,tier B,
montserrat-college-of-art,Montserrat College of Art,MA,C,open admission (IPEDS),Yes,,,,,0,15,1,noindex,"tier C, no clicks in 12 months",
moody-bible-institute,Moody Bible Institute,IL,B,no cited GPA; test blind,No,,83%,,,0,36,1,index,tier B,
moore-college-of-art-and-design,Moore College of Art and Design,PA,B,no cited GPA,No,,56%,math 560-670,26-32,0,26,1,index,tier B,
moorpark-college,Moorpark College,CA,C,open admission (IPEDS),Yes,,,,,0,59,1,noindex,"tier C, no clicks in 12 months",
moraine-park-technical-college,Moraine Park Technical College,WI,C,open admission (IPEDS),Yes,,,,,0,15,1,noindex,"tier C, no clicks in 12 months",
moraine-valley-community-college,Moraine Valley Community College,IL,C,open admission (IPEDS),Yes,,,,,0,36,1,noindex,"tier C, no clicks in 12 months",
moravian-university,Moravian University,PA,B,no cited GPA,No,,54%,math 530-630,24-29,0,101,1,index,tier B,moravian-college-and-moravian-theological-seminary
morehead-state-university,Morehead State University,KY,B,no SAT/ACT,No,3.46 (2024-25),77%,,,0,277,2,index,tier B,
morehouse-college,Morehouse College,GA,B,no cited GPA,No,,44%,,18-25,1,363,1,index,tier B,
moreno-valley-college,Moreno Valley College,CA,C,open admission (IPEDS),Yes,,,,,0,15,1,noindex,"tier C, no clicks in 12 months",
morgan-community-college,Morgan Community College,CO,C,open admission (IPEDS),Yes,,,,,0,0,0,noindex,"tier C, no clicks in 12 months",
morgan-state-university,Morgan State University,MD,B,no cited GPA,No,,82%,math 440-550,16-21,2,1066,1,index,tier B,
morningside-university,Morningside University,IA,B,no cited GPA or SAT/ACT,No,,71%,,,0,17,1,index,tier B,morningside-college
morris-college,Morris College,SC,C,open admission (IPEDS),Yes,,,,,0,44,1,noindex,"tier C, no clicks in 12 months",
morrison-institute-of-technology,Morrison Institute of Technology,IL,C,open admission (IPEDS),Yes,,,,,0,6,1,noindex,"tier C, no clicks in 12 months",
morton-college,Morton College,IL,C,open admission (IPEDS),Yes,,,,,0,25,1,noindex,"tier C, no clicks in 12 months",
motlow-state-community-college,Motlow State Community College,TN,C,open admission (IPEDS),Yes,,,,,0,47,1,noindex,"tier C, no clicks in 12 months",
mott-community-college,Mott Community College,MI,C,open admission (IPEDS),Yes,,,,,0,42,1,noindex,"tier C, no clicks in 12 months",
mount-aloysius-college,Mount Aloysius College,PA,B,no cited GPA,No,,82%,math 445-570,,0,14,1,index,tier B,
mount-angel-seminary,Mount Angel Seminary,OR,B,no cited GPA; test blind,No,,100%,,,0,1,1,index,tier B,
mount-carmel-college-of-nursing,Mount Carmel College of Nursing,OH,B,no cited GPA; test blind,No,,84%,,,1,19,1,index,tier B,
mount-holyoke,Mount Holyoke College,MA,B,no cited GPA,No,,36%,math 670-770,32-35,0,103,1,index,tier B,
mount-marty-university,Mount Marty University,SD,B,no cited GPA,No,,43%,,18-25,1,10,1,index,tier B,mount-marty-college
mount-mary-university,Mount Mary University,WI,B,no cited GPA,No,,62%,,18-21,0,8,1,index,tier B,mount-mary-college
mount-mercy-university,Mount Mercy University,IA,B,no cited GPA or SAT/ACT,No,,83%,,,1,191,2,index,tier B,
mount-saint-mary-college,Mount Saint Mary College,NY,B,no cited GPA,No,,89%,,19-28,0,27,1,index,tier B,
mount-saint-marys-university,Mount Saint Mary's University,CA,B,no cited GPA; test blind,No,,73%,,,0,29,1,index,tier B,mount-st-marys-college
mount-sinai-phillips-school-of-nursing,Mount Sinai Phillips School of Nursing,NY,C,"no cited GPA, acceptance rate or SAT/ACT",,,,,,0,1,1,noindex,"tier C, no clicks in 12 months",phillips-beth-israel-school-of-nursing
mount-st-joseph-university,Mount St. Joseph University,OH,B,no cited GPA,No,,59%,math 460-560,20-28,0,7,1,index,tier B,college-of-mount-st-joseph
mount-st-marys-university,Mount St. Mary's University,MD,B,no cited GPA,No,,74%,math 503-620,19-27,0,215,2,index,tier B,
mount-vernon-nazarene-university,Mount Vernon Nazarene University,OH,B,no cited GPA,No,,84%,math 518-670,18-25,1,107,2,index,tier B,
mount-wachusett-community-college,Mount Wachusett Community College,MA,C,open admission (IPEDS),Yes,,,,,0,15,1,noindex,"tier C, no clicks in 12 months",
mountain-empire-community-college,Mountain Empire Community College,VA,C,open admission (IPEDS),Yes,,,,,0,5,1,noindex,"tier C, no clicks in 12 months",
mountain-gateway-community-college,Mountain Gateway Community College,VA,C,open admission (IPEDS),Yes,,,,,0,0,0,noindex,"tier C, no clicks in 12 months",dabney-s-lancaster-community-college
mountwest-community-and-technical-college,Mountwest Community and Technical College,WV,C,open admission (IPEDS),Yes,,,,,0,2,1,noindex,"tier C, no clicks in 12 months",
mt-hood-community-college,Mt Hood Community College,OR,C,open admission (IPEDS),Yes,,,,,0,20,1,noindex,"tier C, no clicks in 12 months",
mt-san-antonio-college,Mt. San Antonio College,CA,C,open admission (IPEDS),Yes,,,,,0,0,0,noindex,"tier C, no clicks in 12 months",
mt-san-jacinto-community-college-district,Mt. San Jacinto Community College District,CA,C,open admission (IPEDS),Yes,,,,,0,5,1,noindex,"tier C, no clicks in 12 months",
muhlenberg-college,Muhlenberg College,PA,B,no cited GPA,No,,72%,math 610-700,29-33,1,102,1,index,tier B,
murray-state-college,Murray State College,OK,C,open admission (IPEDS),Yes,,,,,0,4,1,noindex,"tier C, no clicks in 12 months",
murray-state-university,Murray State University,KY,B,no cited GPA,No,,86%,math 460-570,19-26,0,552,2,index,tier B,
musicians-institute,Musicians Institute,CA,B,no cited GPA; test blind,No,,78%,,,0,16,1,index,tier B,
muskegon-community-college,Muskegon Community College,MI,C,open admission (IPEDS),Yes,,,,,0,15,1,noindex,"tier C, no clicks in 12 months",
muskingum-university,Muskingum University,OH,B,no cited GPA,No,,82%,math 450-545,17-22,0,250,2,index,tier B,
myotherapy-institute,Myotherapy Institute,NE,C,open admission (IPEDS),Yes,,,,,0,4,1,noindex,"tier C, no clicks in 12 months",
napa-valley-college,Napa Valley College,CA,C,open admission (IPEDS),Yes,,,,,1,37,1,index,"tier C, kept for traffic: 1 clicks in 12 months",
naropa-university,Naropa University,CO,B,no cited GPA; test blind,No,,100%,,,0,13,2,index,tier B,
nash-community-college,Nash Community College,NC,C,open admission (IPEDS),Yes,,,,,0,12,1,noindex,"tier C, no clicks in 12 months",
nashua-community-college,Nashua Community College,NH,C,open admission (IPEDS),Yes,,,,,0,3,1,noindex,"tier C, no clicks in 12 months",
nashville-state-community-college,Nashville State Community College,TN,C,open admission (IPEDS),Yes,,,,,0,41,1,noindex,"tier C, no clicks in 12 months",
nassau-community-college,Nassau Community College,NY,C,open admission (IPEDS),Yes,,,,,0,22,1,noindex,"tier C, no clicks in 12 months",
national-american-university-rapid-city,National American University Rapid City,SD,C,open admission (IPEDS),Yes,,,,,0,15,2,noindex,"tier C, no clicks in 12 months",
national-college-lexington,National College Lexington,,C,figures removed in Phase 2 H (identity under review),,,,,,0,0,0,noindex,"tier C, no clicks in 12 months",
national-college-youngstown,National College Youngstown,,C,figures removed in Phase 2 H (identity under review),,,,,,0,2,1,noindex,"tier C, no clicks in 12 months",
national-louis-university,National Louis University,IL,B,no cited GPA; test blind,No,,95%,,,1,296,3,index,tier B,
national-park-college,National Park College,AR,C,open admission (IPEDS),Yes,,,,,0,5,1,noindex,"tier C, no clicks in 12 months",national-park-community-college
national-university,National University,CA,C,open admission (IPEDS),Yes,,,,,1,369,4,index,"tier C, kept for traffic: 1 clicks in 12 months",
national-university-of-health-sciences,National University of Health Sciences,IL,C,"no cited GPA, acceptance rate or SAT/ACT",,,,,,0,80,1,noindex,"tier C, no clicks in 12 months",
navajo-technical-university,Navajo Technical University,NM,C,open admission (IPEDS),Yes,,,,,0,5,1,noindex,"tier C, no clicks in 12 months",navajo-technical-college
naval-academy,United States Naval Academy,MD,B,no cited GPA,No,,9.3%,math 600-710,25-31,1,181,1,index,tier B,
navarro-college,Navarro College,TX,C,open admission (IPEDS),Yes,,,,,1,48,1,index,"tier C, kept for traffic: 1 clicks in 12 months",
nazarene-bible-college,Nazarene Bible College,CO,C,open admission (IPEDS),Yes,,,,,0,0,0,noindex,"tier C, no clicks in 12 months",
nazareth-university,Nazareth University,NY,B,no cited GPA,No,,75%,math 540-670,23-32,0,94,1,index,tier B,nazareth-college
nc-state,North Carolina State University at Raleigh,NC,B,no cited GPA,No,,42%,math 650-750,28-32,1,1359,2,index,tier B,
nebraska-college-of-technical-agriculture,Nebraska College of Technical Agriculture,NE,C,open admission (IPEDS),Yes,,,,,0,8,1,noindex,"tier C, no clicks in 12 months",
nebraska-indian-community-college,Nebraska Indian Community College,NE,C,open admission (IPEDS),Yes,,,,,0,0,0,noindex,"tier C, no clicks in 12 months",
nebraska-methodist-college-of-nursing-and-allied-health,Nebraska Methodist College of Nursing &amp; Allied Health,NE,B,no cited GPA; test blind,No,,73%,,,0,19,1,index,tier B,
nebraska-wesleyan-university,Nebraska Wesleyan University,NE,B,no cited GPA,No,,80%,math 530-630,22-27,0,221,2,index,tier B,
nelson-university,Nelson University,TX,B,no cited GPA,No,,89%,math 430-540,,1,63,1,index,tier B,southwestern-assemblies-of-god-university
neosho-county-community-college,Neosho County Community College,KS,C,open admission (IPEDS),Yes,,,,,0,8,1,noindex,"tier C, no clicks in 12 months",
ner-israel-rabbinical-college,Ner Israel Rabbinical College,MD,B,no cited GPA; test blind,No,,66%,,,0,6,1,index,tier B,
neumann-university,Neumann University,PA,A,"cited GPA, acceptance rate and test blind",No,3.25 (2024-25),81%,,,2,640,2,index,tier A,
neumont-college-of-computer-science,Neumont College of Computer Science,UT,B,no cited GPA,No,,87%,math 460-490,21-26,0,55,2,index,tier B,neumont-university
nevada-state-university,Nevada State University,NV,B,no cited GPA; test blind,No,,87%,,,0,25,1,index,tier B,nevada-state-college
new-college-florida,New College of Florida,FL,B,no cited GPA,No,,73%,math 520-620,21-26,0,48,1,index,tier B,
new-england-college,New England College,NH,B,no cited GPA; test blind,No,,92%,,,0,56,1,index,tier B,
new-england-institute-of-technology,New England Institute of Technology,RI,B,no cited GPA; test blind,No,,67%,,,0,16,1,index,tier B,
new-hope-christian-college-or,New Hope Christian College Eugene,OR,B,no cited GPA; test blind,No,,80%,,,0,1,1,index,tier B,
new-jersey-city-university,New Jersey City University,NJ,B,no cited GPA; test blind,No,,98%,,,0,389,2,index,tier B,
new-jersey-institute-of-technology,New Jersey Institute of Technology,NJ,A,"cited GPA, acceptance rate and SAT/ACT",No,3.73 (2024-25),65%,math 610-750,27-34,0,17,1,index,tier A,
new-mexico-highlands-university,New Mexico Highlands University,NM,C,open admission (IPEDS),Yes,,,,,1,146,2,index,"tier C, kept for traffic: 1 clicks in 12 months",
new-mexico-institute-of-mining-and-technology,New Mexico Institute of Mining and Technology,NM,B,no cited GPA,No,,44%,math 530-650,20-29,0,6,1,index,tier B,
new-mexico-junior-college,New Mexico Junior College,NM,C,open admission (IPEDS),Yes,,,,,0,5,1,noindex,"tier C, no clicks in 12 months",
new-mexico-military-institute,New Mexico Military Institute,NM,B,no cited GPA; test blind,No,,53%,,,0,10,1,index,tier B,
new-mexico-state-university-alamogordo,New Mexico State University Alamogordo,NM,C,open admission (IPEDS),Yes,,,,,0,30,2,noindex,"tier C, no clicks in 12 months",
new-mexico-state-university-dona-ana,New Mexico State University Dona Ana,NM,C,open admission (IPEDS),Yes,,,,,0,79,2,noindex,"tier C, no clicks in 12 months",
new-mexico-state-university-grants,New Mexico State University Grants,NM,C,open admission (IPEDS),Yes,,,,,0,24,2,noindex,"tier C, no clicks in 12 months",
new-mexico-state-university-main-campus,New Mexico State University Main Campus,NM,B,no cited GPA,No,,89%,math 420-540,17-24,1,259,2,index,tier B,
new-orleans-baptist-theological-seminary,New Orleans Baptist Theological Seminary,LA,C,open admission (IPEDS),Yes,,,,,0,5,1,noindex,"tier C, no clicks in 12 months",
new-river-community-and-technical-college,New River Community and Technical College,WV,C,open admission (IPEDS),Yes,,,,,0,0,0,noindex,"tier C, no clicks in 12 months",
new-river-community-college,New River Community College,VA,C,open admission (IPEDS),Yes,,,,,0,3,1,noindex,"tier C, no clicks in 12 months",
new-saint-andrews-college,New Saint Andrews College,ID,B,no cited GPA,No,,84%,math 550-670,23-30,0,11,1,index,tier B,
new-york-college-of-health-professions,New York College of Health Professions,NY,C,open admission (IPEDS),Yes,,,,,0,5,1,noindex,"tier C, no clicks in 12 months",
new-york-institute-of-technology,New York Institute of Technology,NY,B,no cited GPA,No,,81%,math 600-730,24-32,0,44,1,index,tier B,
new-york-school-of-interior-design,New York School of Interior Design,NY,B,no cited GPA or SAT/ACT,No,,63%,,,1,10,1,index,tier B,
newberry-college,Newberry College,SC,B,no cited GPA; test blind,No,,90%,,,0,82,1,index,tier B,
newman-university,Newman University,KS,B,no cited GPA; test blind,No,,74%,,,0,153,2,index,tier B,
newschool-of-architecture-and-design,Newschool of Architecture and Design,CA,B,no cited GPA; test blind,No,,100%,,,0,4,1,index,tier B,
newu-university,NewU University,DC,C,"no cited GPA, acceptance rate or SAT/ACT",No,,,,,0,36,1,noindex,"tier C, no clicks in 12 months",
nhti-concords-community-college,NHTI-Concord's Community College,NH,C,open admission (IPEDS),Yes,,,,,0,32,1,noindex,"tier C, no clicks in 12 months",
niagara-county-community-college,Niagara County Community College,NY,C,open admission (IPEDS),Yes,,,,,0,3,1,noindex,"tier C, no clicks in 12 months",
niagara-university,Niagara University,NY,B,no cited GPA,No,,87%,math 530-610,22-28,1,339,2,index,tier B,
nicholls-state-university,Nicholls State University,LA,B,no cited GPA,No,,91%,math 462-588,19-24,0,455,2,index,tier B,
nichols-college,Nichols College,MA,B,no cited GPA,No,,81%,math 500-613,,0,82,1,index,tier B,
nicolet-area-technical-college,Nicolet Area Technical College,WI,C,open admission (IPEDS),Yes,,,,,0,4,1,noindex,"tier C, no clicks in 12 months",
norco-college,Norco College,CA,C,open admission (IPEDS),Yes,,,,,0,35,1,noindex,"tier C, no clicks in 12 months",
norfolk-state-university,Norfolk State University,VA,B,no cited GPA,No,,88%,math 393-510,16-22,1,932,2,index,tier B,
normandale-community-college,Normandale Community College,MN,C,open admission (IPEDS),Yes,,,,,0,129,1,noindex,"tier C, no clicks in 12 months",
north-american-university,North American University,TX,C,open admission (IPEDS),Yes,,,,,0,11,1,noindex,"tier C, no clicks in 12 months",north-american-college
north-arkansas-college,North Arkansas College,AR,C,open admission (IPEDS),Yes,,,,,0,8,1,noindex,"tier C, no clicks in 12 months",
north-carolina-a-and-t-state-university,North Carolina A &amp; T State University,NC,A,"cited GPA, acceptance rate and SAT/ACT",No,3.73 (2024-25),50%,math 510-590,17-23,0,1332,2,index,tier A,
north-carolina-central-university,North Carolina Central University,NC,A,"cited GPA, acceptance rate and SAT/ACT",No,3.25 (2024-25),87%,,19-22,9,1097,2,index,tier A,
north-carolina-wesleyan-university,North Carolina Wesleyan University,NC,B,no cited GPA; test blind,No,,80%,,,0,26,1,index,tier B,north-carolina-wesleyan-college
north-central-college,North Central College,IL,A,"cited GPA, acceptance rate and SAT/ACT",No,3.57 (2024-25),77%,math 525-660,24-29,0,75,1,index,tier A,
north-central-michigan-college,North Central Michigan College,MI,C,open admission (IPEDS),Yes,,,,,0,7,1,noindex,"tier C, no clicks in 12 months",
north-central-missouri-college,North Central Missouri College,MO,C,open admission (IPEDS),Yes,,,,,0,8,1,noindex,"tier C, no clicks in 12 months",
north-central-state-college,North Central State College,OH,C,open admission (IPEDS),Yes,,,,,1,7,1,index,"tier C, kept for traffic: 1 clicks in 12 months",
north-central-texas-college,North Central Texas College,TX,C,open admission (IPEDS),Yes,,,,,0,9,1,noindex,"tier C, no clicks in 12 months",
north-central-university,North Central University,MN,B,no cited GPA; test blind,No,,99%,,,0,121,2,index,tier B,
north-country-community-college,North Country Community College,NY,C,open admission (IPEDS),Yes,,,,,0,2,1,noindex,"tier C, no clicks in 12 months",
north-dakota-state-college-of-science,North Dakota State College of Science,ND,C,open admission (IPEDS),Yes,,,,,0,3,1,noindex,"tier C, no clicks in 12 months",
north-dakota-state-university-main-campus,North Dakota State University Main Campus,ND,B,no cited GPA,No,,95%,,19-25,0,265,2,index,tier B,
north-florida,University of North Florida,FL,B,no cited GPA,No,,53%,math 520-620,19-25,0,746,2,index,tier B,
north-florida-college,North Florida College,FL,C,open admission (IPEDS),Yes,,,,,0,2,1,noindex,"tier C, no clicks in 12 months",north-florida-community-college
north-georgia-technical-college,North Georgia Technical College,GA,C,open admission (IPEDS),Yes,,,,,0,23,1,noindex,"tier C, no clicks in 12 months",
north-greenville,North Greenville University,SC,B,no cited GPA,No,,67%,math 520-610,20-28,1,287,2,index,tier B,
north-hennepin-community-college,North Hennepin Community College,MN,C,open admission (IPEDS),Yes,,,,,0,27,1,noindex,"tier C, no clicks in 12 months",
north-idaho-college,North Idaho College,ID,C,open admission (IPEDS),Yes,,,,,1,20,1,index,"tier C, kept for traffic: 1 clicks in 12 months",
north-iowa-area-community-college,North Iowa Area Community College,IA,C,open admission (IPEDS),Yes,,,,,0,1,1,noindex,"tier C, no clicks in 12 months",
north-park-university,North Park University,IL,B,no cited GPA; test blind,No,,69%,,,0,329,2,index,tier B,
north-seattle-college,North Seattle College,WA,C,open admission (IPEDS),Yes,,,,,0,6,1,noindex,"tier C, no clicks in 12 months",seattle-community-college-north-campus
north-shore-community-college,North Shore Community College,MA,C,open admission (IPEDS),Yes,,,,,0,14,1,noindex,"tier C, no clicks in 12 months",
northampton-county-area-community-college,Northampton County Area Community College,PA,C,open admission (IPEDS),Yes,,,,,0,17,1,noindex,"tier C, no clicks in 12 months",
northcentral-technical-college,Northcentral Technical College,WI,C,open admission (IPEDS),Yes,,,,,0,2,1,noindex,"tier C, no clicks in 12 months",
northeast-alabama-community-college,Northeast Alabama Community College,AL,C,open admission (IPEDS),Yes,,,,,0,5,1,noindex,"tier C, no clicks in 12 months",
northeast-community-college,Northeast Community College,NE,C,open admission (IPEDS),Yes,,,,,1,16,1,index,"tier C, kept for traffic: 1 clicks in 12 months",
northeast-iowa-community-college-calmar,Northeast Iowa Community College,IA,C,open admission (IPEDS),Yes,,,,,0,3,1,noindex,"tier C, no clicks in 12 months",
northeast-lakeview-college,Northeast Lakeview College,TX,C,open admission (IPEDS),Yes,,,,,0,17,1,noindex,"tier C, no clicks in 12 months",
northeast-mississippi-community-college,Northeast Mississippi Community College,MS,C,open admission (IPEDS),Yes,,,,,1,42,1,index,"tier C, kept for traffic: 1 clicks in 12 months",
northeast-ohio-medical-university,Northeast Ohio Medical University,OH,C,"no cited GPA, acceptance rate or SAT/ACT",,,,,,3,210,2,index,"tier C, kept for traffic: 3 clicks in 12 months",
northeast-state-community-college,Northeast State Community College,TN,C,open admission (IPEDS),Yes,,,,,0,6,1,noindex,"tier C, no clicks in 12 months",
northeast-texas-community-college,Northeast Texas Community College,TX,C,open admission (IPEDS),Yes,,,,,0,8,1,noindex,"tier C, no clicks in 12 months",
northeast-wisconsin-technical-college,Northeast Wisconsin Technical College,WI,C,open admission (IPEDS),Yes,,,,,0,0,0,noindex,"tier C, no clicks in 12 months",
northeastern,Northeastern University,MA,B,no cited GPA,No,,5.2%,math 730-780,33-35,1,2088,2,index,tier B,
northeastern-illinois-university,Northeastern Illinois University,IL,B,no cited GPA; test blind,No,,75%,,,0,306,2,index,tier B,
northeastern-junior-college,Northeastern Junior College,CO,C,open admission (IPEDS),Yes,,,,,0,3,1,noindex,"tier C, no clicks in 12 months",
northeastern-oklahoma-aandm-college,Northeastern Oklahoma A&amp;M College,OK,C,open admission (IPEDS),Yes,,,,,0,8,1,noindex,"tier C, no clicks in 12 months",
northeastern-state-university,Northeastern State University,OK,A,"cited GPA, acceptance rate and SAT/ACT",No,3.45 (2024-25),100%,math 428-543,18-23,0,140,2,index,tier A,
northeastern-technical-college,Northeastern Technical College,SC,C,open admission (IPEDS),Yes,,,,,0,2,1,noindex,"tier C, no clicks in 12 months",
northeastern-university-oakland,Northeastern University Oakland,CA,B,no cited GPA,No,,17%,math 730-780,32-33,0,54,1,index,tier B,mills-college
northern-arizona-university,Northern Arizona University,AZ,A,"cited GPA, acceptance rate and test blind",No,3.7 (2025-26),90%,,,1,649,2,index,tier A,
northern-essex-community-college,Northern Essex Community College,MA,C,open admission (IPEDS),Yes,,,,,0,6,1,noindex,"tier C, no clicks in 12 months",
northern-illinois-university,Northern Illinois University,IL,B,no cited GPA; test blind,No,,70%,,,0,1137,2,index,tier B,
northern-kentucky-university,Northern Kentucky University,KY,A,"cited GPA, acceptance rate and SAT/ACT",No,3.34 (2025-26),68%,math 480-560,18-25,1,489,2,index,tier A,
northern-maine-community-college,Northern Maine Community College,ME,C,open admission (IPEDS),Yes,,,,,0,2,1,noindex,"tier C, no clicks in 12 months",
northern-marianas-college,Northern Marianas College,MP,C,open admission (IPEDS),Yes,,,,,0,11,1,noindex,"tier C, no clicks in 12 months",
northern-michigan-university,Northern Michigan University,MI,A,"cited GPA, acceptance rate and test blind",No,3.33 (2024-25),84%,,,0,325,2,index,tier A,
northern-new-mexico-college,Northern New Mexico College,NM,C,open admission (IPEDS),Yes,,,,,0,5,1,noindex,"tier C, no clicks in 12 months",
northern-oklahoma-college,Northern Oklahoma College,OK,C,open admission (IPEDS),Yes,,,,,0,20,1,noindex,"tier C, no clicks in 12 months",
northern-pennsylvania-regional-college,Northern Pennsylvania Regional College,PA,C,open admission (IPEDS),Yes,,,,,0,1,1,noindex,"tier C, no clicks in 12 months",
northern-state-university,Northern State University,SD,B,no cited GPA,No,,93%,math 490-570,18-24,0,18,2,index,tier B,
northern-virginia-community-college,Northern Virginia Community College,VA,C,open admission (IPEDS),Yes,,,,,0,50,1,noindex,"tier C, no clicks in 12 months",
northland-community-and-technical-college,Northland Community and Technical College,MN,C,open admission (IPEDS),Yes,,,,,0,7,1,noindex,"tier C, no clicks in 12 months",
northland-pioneer-college,Northland Pioneer College,AZ,C,open admission (IPEDS),Yes,,,,,0,3,1,noindex,"tier C, no clicks in 12 months",
northpoint-bible-college,Northpoint Bible College,MA,C,open admission (IPEDS),Yes,,,,,0,1,1,noindex,"tier C, no clicks in 12 months",zion-bible-college
northshore-technical-community-college,Northshore Technical Community College,LA,C,open admission (IPEDS),Yes,,,,,0,14,1,noindex,"tier C, no clicks in 12 months",
northwest-arkansas-community-college,NorthWest Arkansas Community College,AR,C,open admission (IPEDS),Yes,,,,,0,14,1,noindex,"tier C, no clicks in 12 months",
northwest-college,Northwest College,WY,C,open admission (IPEDS),Yes,,,,,0,6,1,noindex,"tier C, no clicks in 12 months",
northwest-college-of-art,Northwest College of Art & Design,WA,B,no cited GPA; test blind,No,,66%,,,0,8,1,index,tier B,
northwest-florida-state-college,Northwest Florida State College,FL,C,open admission (IPEDS),Yes,,,,,0,7,1,noindex,"tier C, no clicks in 12 months",
northwest-indian-college,Northwest Indian College,WA,C,open admission (IPEDS),Yes,,,,,0,6,1,noindex,"tier C, no clicks in 12 months",
northwest-iowa-community-college,Northwest Iowa Community College,IA,C,open admission (IPEDS),Yes,,,,,0,4,1,noindex,"tier C, no clicks in 12 months",
northwest-kansas-technical-college,Fort Hays State University Northwest Kansas Technical College,KS,C,open admission (IPEDS),Yes,,,,,0,2,1,noindex,"tier C, no clicks in 12 months",
northwest-louisiana-technical-college,Northwest Louisiana Technical Community College,LA,C,open admission (IPEDS),Yes,,,,,0,3,1,noindex,"tier C, no clicks in 12 months",
northwest-mississippi-community-college,Northwest Mississippi Community College,MS,C,open admission (IPEDS),Yes,,,,,1,74,1,index,"tier C, kept for traffic: 1 clicks in 12 months",
northwest-missouri-state-university,Northwest Missouri State University,MO,B,no cited GPA,No,,86%,math 498-600,19-24,0,171,2,index,tier B,
northwest-nazarene-university,Northwest Nazarene University,ID,B,no cited GPA,No,,65%,math 490-610,22-27,0,155,2,index,tier B,
northwest-school-of-wooden-boat-building,Northwest School of Wooden Boat Building,WA,C,open admission (IPEDS),Yes,,,,,0,1,1,noindex,"tier C, no clicks in 12 months",
northwest-shoals-community-college-muscle-shoals,Northwest Shoals Community College,AL,C,open admission (IPEDS),Yes,,,,,0,16,1,noindex,"tier C, no clicks in 12 months",
northwest-state-community-college,Northwest State Community College,OH,C,open admission (IPEDS),Yes,,,,,0,13,1,noindex,"tier C, no clicks in 12 months",
northwest-technical-college,Northwest Technical College,MN,C,open admission (IPEDS),Yes,,,,,0,7,1,noindex,"tier C, no clicks in 12 months",
northwest-university,Northwest University,WA,B,no cited GPA,No,,83%,math 500-650,,0,89,2,index,tier B,
northwest-vista-college,Northwest Vista College,TX,C,open admission (IPEDS),Yes,,,,,0,52,1,noindex,"tier C, no clicks in 12 months",
northwestern,Northwestern University,IL,B,no cited GPA,No,,7.7%,math 770-800,33-35,2,943,2,index,tier B,
northwestern-college-ia,Northwestern College,IA,B,no cited GPA; test blind,No,,80%,,,0,14,1,index,tier B,
northwestern-health-sciences-university,Northwestern Health Sciences University,MN,C,open admission (IPEDS),Yes,,,,,0,72,2,noindex,"tier C, no clicks in 12 months",
northwestern-michigan-college,Northwestern Michigan College,MI,C,open admission (IPEDS),Yes,,,,,0,10,1,noindex,"tier C, no clicks in 12 months",
northwestern-oklahoma-state-university,Northwestern Oklahoma State University,OK,B,no cited GPA,No,,65%,math 383-518,16-21,0,106,2,index,tier B,
northwestern-state-university-of-louisiana,Northwestern State University of Louisiana,LA,B,no cited GPA,No,,93%,math 418-553,18-24,1,255,2,index,tier B,
northwood-technical-college,Northwood Technical College,WI,C,open admission (IPEDS),Yes,,,,,0,0,0,noindex,"tier C, no clicks in 12 months",wisconsin-indianhead-technical-college
northwood-university-michigan,Northwood University,MI,B,no cited GPA; test blind,No,,65%,,,2,306,4,index,tier B,
norwich-university,Norwich University,VT,B,no cited GPA,No,,74%,math 520-670,,0,333,2,index,tier B,
nossi-college-of-art,Nossi College of Art and Design,TN,B,no cited GPA; test blind,No,,46%,,,0,17,1,index,tier B,
notre-dame,University of Notre Dame,IN,B,no cited GPA,No,,11%,math 735-790,33-35,2,2364,2,index,tier B,
notre-dame-de-namur-university,Notre Dame de Namur University,CA,C,"no cited GPA, acceptance rate or SAT/ACT",,,,,,0,151,2,noindex,"tier C, no clicks in 12 months",
notre-dame-of-maryland-university,Notre Dame of Maryland University,MD,B,no cited GPA; test blind,No,,82%,,,3,556,2,index,tier B,
nova-southeastern,Nova Southeastern University,FL,B,no cited GPA,No,,73%,math 500-650,19-28,2,1559,2,index,tier B,
nueta-hidatsa-sahnish-college,Nueta Hidatsa Sahnish College,ND,C,open admission (IPEDS),Yes,,,,,0,0,0,noindex,"tier C, no clicks in 12 months",fort-berthold-community-college
nunez-community-college,Nunez Community College,LA,C,open admission (IPEDS),Yes,,,,,0,9,1,noindex,"tier C, no clicks in 12 months",
nyu,New York University,NY,A,"cited GPA, acceptance rate and SAT/ACT",No,3.814 (2025-26),9.2%,math 760-800,34-35,3,1727,4,index,tier A,
oak-hills-christian-college,Oak Hills Christian College,MN,C,open admission (IPEDS),Yes,,,,,0,0,0,noindex,"tier C, no clicks in 12 months",
oak-valley-college,Oak Valley College,CA,C,open admission (IPEDS),Yes,,,,,0,21,1,noindex,"tier C, no clicks in 12 months",
oakland-city-university,Oakland City University,IN,B,no cited GPA; test blind,No,,83%,,,0,156,2,index,tier B,
oakland-community-college,Oakland Community College,MI,C,open admission (IPEDS),Yes,,,,,0,0,0,noindex,"tier C, no clicks in 12 months",
oakland-university,Oakland University,MI,B,no cited GPA,No,,88%,math 490-590,,0,1171,2,index,tier B,
oakton-college,Oakton College,IL,C,open admission (IPEDS),Yes,,,,,0,37,1,noindex,"tier C, no clicks in 12 months",oakton-community-college
oakwood-university,Oakwood University,AL,B,no cited GPA; test blind,No,,45%,,,0,218,2,index,tier B,
oberlin-college,Oberlin College,OH,B,no cited GPA,No,,34%,math 660-760,31-34,0,87,1,index,tier B,
occidental-college,Occidental College,CA,B,no cited GPA,No,,44%,math 690-770,31-34,0,144,1,index,tier B,
ocean-county-college,Ocean County College,NJ,C,open admission (IPEDS),Yes,,,,,0,30,1,noindex,"tier C, no clicks in 12 months",
oconee-fall-line-technical-college,Oconee Fall Line Technical College,GA,C,open admission (IPEDS),Yes,,,,,0,2,1,noindex,"tier C, no clicks in 12 months",
odessa-college,Odessa College,TX,C,open admission (IPEDS),Yes,,,,,0,0,0,noindex,"tier C, no clicks in 12 months",
ogeechee-technical-college,Ogeechee Technical College,GA,C,open admission (IPEDS),Yes,,,,,0,36,1,noindex,"tier C, no clicks in 12 months",
oglala-lakota-college,Oglala Lakota College,SD,C,open admission (IPEDS),Yes,,,,,0,6,1,noindex,"tier C, no clicks in 12 months",
oglethorpe-university,Oglethorpe University,GA,B,no cited GPA,No,,88%,math 540-650,22-31,5,1027,2,index,tier B,
ohio-business-college-sheffield,Ohio Business College Sheffield,OH,C,open admission (IPEDS),Yes,,,,,0,2,1,noindex,"tier C, no clicks in 12 months",
ohio-christian-university,Ohio Christian University,OH,B,no cited GPA or SAT/ACT,No,,38%,,,0,102,2,index,tier B,
ohio-dominican-university,Ohio Dominican University,OH,B,no cited GPA or SAT/ACT,No,,94%,,,0,47,2,index,tier B,
ohio-northern,Ohio Northern University,OH,B,no cited GPA,No,,74%,math 590-710,24-29,1,228,2,index,tier B,
ohio-state,Ohio State University,OH,B,no cited GPA,No,,61%,math 670-760,28-32,3,3583,2,index,tier B,
ohio-state-university-agricultural-technical-institute,Ohio State University Agricultural Technical Institute,OH,C,open admission (IPEDS),Yes,,,,,0,128,3,noindex,"tier C, no clicks in 12 months",
ohio-state-university-lima-campus,Ohio State University Lima Campus,OH,C,open admission (IPEDS),Yes,,,,,0,79,2,noindex,"tier C, no clicks in 12 months",
ohio-state-university-mansfield-campus,Ohio State University Mansfield Campus,OH,C,open admission (IPEDS),Yes,,,,,0,199,2,noindex,"tier C, no clicks in 12 months",
ohio-state-university-marion-campus,Ohio State University Marion Campus,OH,C,open admission (IPEDS),Yes,,,,,0,402,2,noindex,"tier C, no clicks in 12 months",
ohio-state-university-newark-campus,Ohio State University Newark Campus,OH,C,open admission (IPEDS),Yes,,,,,0,317,2,noindex,"tier C, no clicks in 12 months",
ohio-university-chillicothe-campus,Ohio University Chillicothe Campus,OH,C,open admission (IPEDS),Yes,,,,,0,52,2,noindex,"tier C, no clicks in 12 months",
ohio-university-eastern-campus,Ohio University Eastern Campus,OH,C,open admission (IPEDS),Yes,,,,,0,71,2,noindex,"tier C, no clicks in 12 months",
ohio-university-lancaster-campus,Ohio University Lancaster Campus,OH,C,open admission (IPEDS),Yes,,,,,0,51,2,noindex,"tier C, no clicks in 12 months",
ohio-university-main-campus,Ohio University Main Campus,OH,B,no cited GPA,No,,85%,math 540-640,22-28,0,688,2,index,tier B,
ohio-university-southern-campus,Ohio University Southern Campus,OH,C,open admission (IPEDS),Yes,,,,,0,82,2,noindex,"tier C, no clicks in 12 months",
ohio-university-zanesville-campus,Ohio University Zanesville Campus,OH,C,open admission (IPEDS),Yes,,,,,0,9,2,noindex,"tier C, no clicks in 12 months",
ohio-wesleyan-university,Ohio Wesleyan University,OH,A,"cited GPA, acceptance rate and test blind",No,3.7 (2023-24),56%,,,0,327,2,index,tier A,
ohlone-college,Ohlone College,CA,C,open admission (IPEDS),Yes,,,,,0,36,1,noindex,"tier C, no clicks in 12 months",ohlone-community-college
ohr-hameir-theological-seminary,Ohr Hameir Theological Seminary,NY,B,no cited GPA; test blind,No,,100%,,,0,0,0,index,tier B,
oklahoma-baptist-university,Oklahoma Baptist University,OK,B,no cited GPA,No,,49%,math 530-610,17-19,0,151,2,index,tier B,
oklahoma-christian-university,Oklahoma Christian University,OK,B,no cited GPA,No,,97%,math 510-630,19-26,1,191,2,index,tier B,
oklahoma-city,Oklahoma City University,OK,B,no cited GPA,No,,77%,math 510-610,21-27,0,178,2,index,tier B,
oklahoma-city-community-college,Oklahoma City Community College,OK,C,open admission (IPEDS),Yes,,,,,0,32,1,noindex,"tier C, no clicks in 12 months",
oklahoma-panhandle-state-university,Oklahoma Panhandle State University,OK,C,open admission (IPEDS),Yes,,,,,1,190,2,index,"tier C, kept for traffic: 1 clicks in 12 months",
oklahoma-state-university-center-for-health-sciences,Oklahoma State University Center for Health Sciences,OK,C,"no cited GPA, acceptance rate or SAT/ACT",,,,,,1,131,2,index,"tier C, kept for traffic: 1 clicks in 12 months",
oklahoma-state-university-institute-of-technology-okmulgee,Oklahoma State University Institute of Technology,OK,C,open admission (IPEDS),Yes,,,,,0,132,3,noindex,"tier C, no clicks in 12 months",
oklahoma-state-university-main-campus,Oklahoma State University Main Campus,OK,A,"cited GPA, acceptance rate and SAT/ACT",No,3.76 (2025-26),75%,math 510-620,20-27,4,2411,2,index,tier A,
oklahoma-state-university-oklahoma-city,Oklahoma State University Oklahoma City,OK,C,open admission (IPEDS),Yes,,,,,0,117,2,noindex,"tier C, no clicks in 12 months",
oklahoma-wesleyan-university,Oklahoma Wesleyan University,OK,B,no cited GPA; test blind,No,,66%,,,0,132,2,index,tier B,
old-dominion-university,Old Dominion University,VA,A,"cited GPA, acceptance rate and SAT/ACT",No,3.43 (2025-26),90%,math 530-630,24-29,0,1767,2,index,tier A,
olin,Olin College of Engineering,MA,A,"cited GPA, acceptance rate and SAT/ACT",No,3.9 (2023-24),25%,math 770-790,,0,41,1,index,tier A,
olivet-nazarene-university,Olivet Nazarene University,IL,B,no cited GPA,No,,56%,math 460-600,19-26,5,182,2,index,tier B,
olympic-college,Olympic College,WA,C,open admission (IPEDS),Yes,,,,,0,28,1,noindex,"tier C, no clicks in 12 months",
onondaga-community-college,Onondaga Community College,NY,C,open admission (IPEDS),Yes,,,,,1,35,1,index,"tier C, kept for traffic: 1 clicks in 12 months",
oral-roberts-university,Oral Roberts University,OK,B,no cited GPA,No,,99%,math 540-650,22-28,1,109,2,index,tier B,
orange-coast-college,Orange Coast College,CA,C,open admission (IPEDS),Yes,,,,,1,146,1,index,"tier C, kept for traffic: 1 clicks in 12 months",
orange-county-community-college,Orange County Community College,NY,C,open admission (IPEDS),Yes,,,,,0,9,1,noindex,"tier C, no clicks in 12 months",
orangeburg-calhoun-technical-college,Orangeburg Calhoun Technical College,SC,C,open admission (IPEDS),Yes,,,,,0,0,0,noindex,"tier C, no clicks in 12 months",
oregon-coast-community-college,Oregon Coast Community College,OR,C,open admission (IPEDS),Yes,,,,,0,8,1,noindex,"tier C, no clicks in 12 months",
oregon-health-and-science-university,Oregon Health & Science University,OR,C,"no cited GPA, acceptance rate or SAT/ACT",,,,,,1,332,2,index,"tier C, kept for traffic: 1 clicks in 12 months",
oregon-institute-of-technology,Oregon Institute of Technology,OR,A,"cited GPA, acceptance rate and SAT/ACT",No,3.57 (2025-26),95%,math 500-620,18-27,0,60,1,index,tier A,
oregon-state-university,Oregon State University,OR,A,"cited GPA, acceptance rate and SAT/ACT",No,3.7 (2025-26),77%,math 560-700,24-31,0,1544,2,index,tier A,
oregon-state-university-cascades-campus,Oregon State University Cascades Campus,OR,B,no cited GPA,No,,63%,math 538-648,,0,399,2,index,tier B,
orion-technical-college,Orion Technical College,IA,C,open admission (IPEDS),Yes,,,,,0,1,1,noindex,"tier C, no clicks in 12 months",hamilton-technical-college
otero-college,Otero College,CO,C,open admission (IPEDS),Yes,,,,,0,10,1,noindex,"tier C, no clicks in 12 months",otero-junior-college
otis-college-of-art-and-design,Otis College of Art and Design,CA,A,"cited GPA, acceptance rate and SAT/ACT",No,3.28 (2024-25),82%,math 600-675,,0,52,1,index,tier A,
ottawa-university-milwaukee,Ottawa University Milwaukee,WI,C,"no cited GPA, acceptance rate or SAT/ACT",,,,,,0,10,2,noindex,"tier C, no clicks in 12 months",
ottawa-university-ottawa,Ottawa University Ottawa,KS,B,no cited GPA,No,,83%,math 330-500,16-22,0,195,2,index,tier B,
ottawa-university-surprise,Ottawa University Surprise,AZ,B,no cited GPA,No,,78%,math 400-570,16-21,0,3,1,index,tier B,
otterbein-university,Otterbein University,OH,B,no cited GPA,No,,85%,,22-28,0,228,2,index,tier B,
ouachita-baptist-university,Ouachita Baptist University,AR,B,no cited GPA,No,,68%,math 530-630,22-28,1,240,2,index,tier B,
our-lady-of-the-lake-university-san-antonio,Our Lady of the Lake University,TX,C,open admission (IPEDS),Yes,,,,,0,302,3,noindex,"tier C, no clicks in 12 months",
owens-community-college,Owens Community College,OH,C,open admission (IPEDS),Yes,,,,,1,17,1,index,"tier C, kept for traffic: 1 clicks in 12 months",
owensboro-community-and-technical-college,Owensboro Community and Technical College,KY,C,open admission (IPEDS),Yes,,,,,0,6,1,noindex,"tier C, no clicks in 12 months",
oxnard-college,Oxnard College,CA,C,open admission (IPEDS),Yes,,,,,0,37,1,noindex,"tier C, no clicks in 12 months",
ozark-christian-college,Ozark Christian College,MO,B,no cited GPA; test blind,No,,94%,,,0,15,1,index,tier B,
ozarka-college,Ozarka College,AR,C,open admission (IPEDS),Yes,,,,,0,4,1,noindex,"tier C, no clicks in 12 months",
ozarks-technical-community-college,Ozarks Technical Community College,MO,C,open admission (IPEDS),Yes,,,,,0,14,1,noindex,"tier C, no clicks in 12 months",
pace-university-new-york,Pace University,NY,B,no cited GPA,No,,76%,math 580-660,24-29,2,979,2,index,tier B,
pacific-bible-college,Pacific Bible College,OR,B,no cited GPA; test blind,No,,100%,,,0,1,1,index,tier B,
pacific-college-of-health-and-science-chicago,Pacific College of Health and Science Chicago,IL,C,open admission (IPEDS),Yes,,,,,0,5,1,noindex,"tier C, no clicks in 12 months",pacific-college-of-oriental-medicine-chicago
pacific-college-of-health-and-science-new-york,Pacific College of Health and Science New York,NY,C,open admission (IPEDS),Yes,,,,,0,6,1,noindex,"tier C, no clicks in 12 months",pacific-college-of-oriental-medicine-new-york
pacific-college-of-health-and-science-san-diego,Pacific College of Health and Science San Diego,CA,C,open admission (IPEDS),Yes,,,,,0,9,1,noindex,"tier C, no clicks in 12 months",pacific-college-of-oriental-medicine-llc-san-diego
pacific-lutheran-university,Pacific Lutheran University,WA,B,no cited GPA,No,,78%,math 500-600,22-28,0,164,2,index,tier B,
pacific-northwest-college-of-art,Pacific Northwest College of Art,OR,B,no cited GPA; test blind,No,,75%,,,0,6,1,index,tier B,
pacific-northwest-university-of-health-sciences,Pacific Northwest University of Health Sciences,WA,C,"no cited GPA, acceptance rate or SAT/ACT",,,,,,0,13,1,noindex,"tier C, no clicks in 12 months",
pacific-oaks-college,Pacific Oaks College,CA,B,no cited GPA or SAT/ACT,No,,34%,,,0,5,1,index,tier B,
pacific-rim-christian-university,Pacific Rim Christian University,HI,C,open admission (IPEDS),Yes,,,,,0,0,0,noindex,"tier C, no clicks in 12 months",new-hope-christian-college-hi
pacific-states-university,Pacific States University,,C,figures removed in Phase 2 H (identity under review),,,,,,0,15,1,noindex,"tier C, no clicks in 12 months",
pacific-union-college,Pacific Union College,CA,B,no cited GPA; test blind,No,,47%,,,0,20,1,index,tier B,
pacific-university,Pacific University,OR,B,no cited GPA,No,,90%,math 420-610,18-29,2,350,2,index,tier B,
paine-college,Paine College,GA,B,no cited GPA; test blind,No,,95%,,,0,42,1,index,tier B,
palm-beach-atlantic-university-west-palm-beach,Palm Beach Atlantic University,FL,B,no cited GPA,No,,82%,math 450-600,18-26,1,885,3,index,tier B,
palm-beach-state-college,Palm Beach State College,FL,C,open admission (IPEDS),Yes,,,,,0,79,1,noindex,"tier C, no clicks in 12 months",
palmer-college-of-chiropractic-davenport,Palmer College of Chiropractic,IA,C,"no cited GPA, acceptance rate or SAT/ACT",,,,,,0,16,1,noindex,"tier C, no clicks in 12 months",
palo-alto-college,Palo Alto College,TX,C,open admission (IPEDS),Yes,,,,,0,68,1,noindex,"tier C, no clicks in 12 months",
palo-alto-university,Palo Alto University,CA,C,"no cited GPA, acceptance rate or SAT/ACT",,,,,,1,211,2,index,"tier C, kept for traffic: 1 clicks in 12 months",
palo-verde-college,Palo Verde College,CA,C,open admission (IPEDS),Yes,,,,,0,3,1,noindex,"tier C, no clicks in 12 months",
palomar-college,Palomar College,CA,C,open admission (IPEDS),Yes,,,,,1,80,1,index,"tier C, kept for traffic: 1 clicks in 12 months",
pamlico-community-college,Pamlico Community College,NC,C,open admission (IPEDS),Yes,,,,,0,1,1,noindex,"tier C, no clicks in 12 months",
panola-college,Panola College,TX,C,open admission (IPEDS),Yes,,,,,0,27,1,noindex,"tier C, no clicks in 12 months",
paradise-valley-community-college,Paradise Valley Community College,AZ,C,open admission (IPEDS),Yes,,,,,0,12,1,noindex,"tier C, no clicks in 12 months",
paris-junior-college,Paris Junior College,TX,C,open admission (IPEDS),Yes,,,,,0,34,1,noindex,"tier C, no clicks in 12 months",
park-university,Park University,MO,C,open admission (IPEDS),Yes,,,,,1,134,2,index,"tier C, kept for traffic: 1 clicks in 12 months",
parker-university,Parker University,TX,C,open admission (IPEDS),Yes,,,,,0,180,2,noindex,"tier C, no clicks in 12 months",
parkland-college,Parkland College,IL,C,open admission (IPEDS),Yes,,,,,0,40,1,noindex,"tier C, no clicks in 12 months",
pasadena-city-college,Pasadena City College,CA,C,open admission (IPEDS),Yes,,,,,0,74,1,noindex,"tier C, no clicks in 12 months",
pasco-hernando-state-college,Pasco-Hernando State College,FL,C,open admission (IPEDS),Yes,,,,,0,5,1,noindex,"tier C, no clicks in 12 months",pasco-hernando-community-college
passaic-county-community-college,Passaic County Community College,NJ,C,open admission (IPEDS),Yes,,,,,0,10,1,noindex,"tier C, no clicks in 12 months",
pathways-college,Pathways College,AZ,C,"no cited GPA, acceptance rate or SAT/ACT",,,,,,0,8,1,noindex,"tier C, no clicks in 12 months",
patrick-henry,Patrick Henry College,VA,B,no cited GPA,No,,77%,math 580-680,27-33,0,20,1,index,tier B,
patrick-henry-community-college,Patrick & Henry Community College,VA,C,open admission (IPEDS),Yes,,,,,0,4,1,noindex,"tier C, no clicks in 12 months",
paul-d-camp-community-college,Paul D Camp Community College,VA,C,open admission (IPEDS),Yes,,,,,0,10,1,noindex,"tier C, no clicks in 12 months",
paul-quinn-college,Paul Quinn College,TX,B,no cited GPA; test blind,No,,40%,,,0,58,1,index,tier B,
paul-smiths-college-of-arts-and-science,Paul Smiths College of Arts and Science,NY,B,no cited GPA; test blind,No,,77%,,,0,46,1,index,tier B,
pearl-river-community-college,Pearl River Community College,MS,C,open admission (IPEDS),Yes,,,,,0,14,1,noindex,"tier C, no clicks in 12 months",
peirce-college,Peirce College,PA,C,open admission (IPEDS),Yes,,,,,0,3,1,noindex,"tier C, no clicks in 12 months",
pellissippi-state-community-college,Pellissippi State Community College,TN,C,open admission (IPEDS),Yes,,,,,0,60,1,noindex,"tier C, no clicks in 12 months",
peninsula-college,Peninsula College,WA,C,open admission (IPEDS),Yes,,,,,0,32,1,noindex,"tier C, no clicks in 12 months",
pennsylvania-academy-of-the-fine-arts,Pennsylvania Academy of the Fine Arts,PA,C,"no cited GPA, acceptance rate or SAT/ACT",No,,,,,0,4,1,noindex,"tier C, no clicks in 12 months",
pennsylvania-college-of-art-and-design,Pennsylvania College of Art and Design,PA,B,no cited GPA; test blind,No,,99%,,,0,8,1,index,tier B,
pennsylvania-college-of-technology,Pennsylvania College of Technology,PA,C,open admission (IPEDS),Yes,,,,,0,84,1,noindex,"tier C, no clicks in 12 months",
pennsylvania-highlands-community-college,Pennsylvania Highlands Community College,PA,C,open admission (IPEDS),Yes,,,,,0,3,1,noindex,"tier C, no clicks in 12 months",
pennsylvania-institute-of-technology,Pennsylvania Institute of Technology,PA,C,open admission (IPEDS),Yes,,,,,1,19,1,index,"tier C, kept for traffic: 1 clicks in 12 months",
pennsylvania-state-university-main-campus,Penn State Main Campus,PA,B,no cited GPA,No,,61%,math 620-720,27-32,5,1227,7,index,tier B,
pennsylvania-state-university-penn-state-abington,Penn State Abington,PA,B,no cited GPA,No,,97%,math 530-630,23-27,0,286,2,index,tier B,
pennsylvania-state-university-penn-state-altoona,Penn State Altoona,PA,B,no cited GPA,No,,98%,math 540-640,22-28,2,593,2,index,tier B,
pennsylvania-state-university-penn-state-beaver,Penn State Beaver,PA,B,no cited GPA,No,,96%,math 550-660,24-27,0,581,2,index,tier B,
pennsylvania-state-university-penn-state-berks,Penn State Berks,PA,B,no cited GPA,No,,99%,math 540-635,18-27,0,643,2,index,tier B,
pennsylvania-state-university-penn-state-brandywine,Penn State Brandywine,PA,B,no cited GPA,No,,98%,math 530-660,,0,671,3,index,tier B,
pennsylvania-state-university-penn-state-dubois,Penn State Dubois,PA,B,no cited GPA,No,,97%,math 500-580,,0,98,2,index,tier B,
pennsylvania-state-university-penn-state-erie-behrend-college,Penn State Erie Behrend College,PA,B,no cited GPA,No,,97%,math 560-660,25-31,0,235,3,index,tier B,
pennsylvania-state-university-penn-state-fayette-eberly-campus,Penn State Fayette Eberly Campus,PA,B,no cited GPA,No,,95%,math 540-590,,0,42,2,index,tier B,
pennsylvania-state-university-penn-state-greater-allegheny,Penn State Greater Allegheny,PA,B,no cited GPA,No,,96%,math 520-660,,0,322,3,index,tier B,
pennsylvania-state-university-penn-state-harrisburg,Penn State Harrisburg,PA,B,no cited GPA,No,,98%,math 570-660,22-31,1,1099,3,index,tier B,
pennsylvania-state-university-penn-state-hazleton,Penn State Hazleton,PA,B,no cited GPA,No,,96%,math 540-630,,0,36,2,index,tier B,
pennsylvania-state-university-penn-state-lehigh-valley,Penn State Lehigh Valley,PA,B,no cited GPA,No,,97%,math 550-660,,0,189,3,index,tier B,
pennsylvania-state-university-penn-state-mont-alto,Penn State Mont Alto,PA,B,no cited GPA,No,,98%,math 480-650,,0,528,2,index,tier B,
pennsylvania-state-university-penn-state-new-kensington,Penn State New Kensington,PA,B,no cited GPA,No,,95%,math 530-640,,0,312,3,index,tier B,
pennsylvania-state-university-penn-state-schuylkill,Penn State Schuylkill,PA,B,no cited GPA,No,,97%,math 500-600,,0,299,3,index,tier B,
pennsylvania-state-university-penn-state-shenango,Penn State Shenango,PA,B,no cited GPA or SAT/ACT,No,,92%,,,0,189,2,index,tier B,
pennsylvania-state-university-penn-state-wilkes-barre,Penn State Wilkes Barre,PA,B,no cited GPA,No,,97%,math 540-650,,0,278,3,index,tier B,
pennsylvania-state-university-penn-state-worthington-scranton,Penn State Worthington Scranton,PA,B,no cited GPA,No,,99%,math 540-620,,0,430,3,index,tier B,
pennsylvania-state-university-penn-state-york,Penn State York,PA,B,no cited GPA,No,,97%,math 520-625,22-28,0,1586,2,index,tier B,
pennsylvania-western-university,Pennsylvania Western University,PA,B,no cited GPA,No,,94%,math 460-560,17-25,3,904,6,index,tier B,
pensacola-state-college,Pensacola State College,FL,C,open admission (IPEDS),Yes,,,,,0,33,1,noindex,"tier C, no clicks in 12 months",
pentecostal-theological-seminary,Pentecostal Theological Seminary,TN,C,"no cited GPA, acceptance rate or SAT/ACT",,,,,,0,2,1,noindex,"tier C, no clicks in 12 months",
pepperdine-university,Pepperdine University,CA,B,no cited GPA,No,,63%,math 640-740,29-32,0,1112,2,index,tier B,
peru-state-college,Peru State College,NE,C,open admission (IPEDS),Yes,,,,,0,41,1,noindex,"tier C, no clicks in 12 months",
pfeiffer-university,Pfeiffer University,NC,B,no cited GPA; test blind,No,,96%,,,0,168,2,index,tier B,
philander-smith-university,Philander Smith University,AR,C,open admission (IPEDS),Yes,,,,,0,8,1,noindex,"tier C, no clicks in 12 months",philander-smith-college
phillips-community-college-of-the-university-of-arkansas,Phillips Community College of the University of Arkansas,AR,C,open admission (IPEDS),Yes,,,,,0,58,3,noindex,"tier C, no clicks in 12 months",
phoenix-college,Phoenix College,AZ,C,open admission (IPEDS),Yes,,,,,0,28,1,noindex,"tier C, no clicks in 12 months",
piedmont-community-college,Piedmont Community College,NC,C,open admission (IPEDS),Yes,,,,,0,9,1,noindex,"tier C, no clicks in 12 months",
piedmont-technical-college,Piedmont Technical College,SC,C,open admission (IPEDS),Yes,,,,,0,20,1,noindex,"tier C, no clicks in 12 months",
piedmont-university,Piedmont University,GA,B,no cited GPA,No,,93%,math 510-620,18-25,0,29,1,index,tier B,piedmont-college
piedmont-virginia-community-college,Piedmont Virginia Community College,VA,C,open admission (IPEDS),Yes,,,,,0,10,1,noindex,"tier C, no clicks in 12 months",
pierce-college-district,Pierce College District,WA,C,open admission (IPEDS),Yes,,,,,0,36,2,noindex,"tier C, no clicks in 12 months",
pierpont-community-and-technical-college,Pierpont Community and Technical College,WV,C,open admission (IPEDS),Yes,,,,,0,14,1,noindex,"tier C, no clicks in 12 months",
pikes-peak-state-college,Pikes Peak State College,CO,C,open admission (IPEDS),Yes,,,,,0,14,1,noindex,"tier C, no clicks in 12 months",pikes-peak-community-college
pillar-college,Pillar College,NJ,C,open admission (IPEDS),Yes,,,,,0,1,1,noindex,"tier C, no clicks in 12 months",somerset-christian-college
pima-community-college,Pima Community College,AZ,C,open admission (IPEDS),Yes,,,,,0,35,1,noindex,"tier C, no clicks in 12 months",
pine-technical-college,Pine Technical & Community College,MN,C,open admission (IPEDS),Yes,,,,,0,7,1,noindex,"tier C, no clicks in 12 months",
pinnacle-career-institute-north-kansas-city,Pinnacle Career Institute North Kansas City,MO,C,open admission (IPEDS),Yes,,,,,0,1,1,noindex,"tier C, no clicks in 12 months",
pitt,University of Pittsburgh Pittsburgh Campus,PA,A,"cited GPA, acceptance rate and SAT/ACT",No,4.06 (2025-26),58%,math 640-740,29-33,1,1662,2,index,tier A,
pitt-community-college,Pitt Community College,NC,C,open admission (IPEDS),Yes,,,,,1,30,1,index,"tier C, kept for traffic: 1 clicks in 12 months",
pittsburg-state-university,Pittsburg State University,KS,B,no cited GPA,No,,89%,,17-24,0,299,2,index,tier B,
pittsburgh-institute-of-aeronautics,Pittsburgh Institute of Aeronautics,PA,C,open admission (IPEDS),Yes,,,,,0,7,1,noindex,"tier C, no clicks in 12 months",
pitzer,Pitzer College,CA,B,no cited GPA; test blind,No,,25%,,,0,100,1,index,tier B,
platt-college-los-angeles,Platt College Los Angeles,CA,C,open admission (IPEDS),Yes,,,,,0,15,1,noindex,"tier C, no clicks in 12 months",
platt-college-ontario,Platt College Ontario,CA,C,open admission (IPEDS),Yes,,,,,0,3,1,noindex,"tier C, no clicks in 12 months",
plaza-college,Plaza College,NY,B,no cited GPA; test blind,No,,30%,,,0,22,1,index,tier B,
plymouth-state-university,Plymouth State University,NH,A,"cited GPA, acceptance rate and test blind",No,3.21 (2024-25),88%,,,0,483,2,index,tier A,
point-loma-nazarene-university,Point Loma Nazarene University,CA,B,no cited GPA,No,,84%,math 565-670,25-32,6,1503,2,index,tier B,
point-park-university,Point Park University,PA,B,no cited GPA; test blind,No,,97%,,,0,392,2,index,tier B,
point-university,Point University,GA,B,no cited GPA; test blind,No,,44%,,,0,87,2,index,tier B,
polk-state-college,Polk State College,FL,C,open admission (IPEDS),Yes,,,,,0,54,1,noindex,"tier C, no clicks in 12 months",
polytechnic-university-of-puerto-rico-miami-campus,Polytechnic University of Puerto Rico Miami Campus,,C,figures removed in Phase 2 H (identity under review),,,,,,0,54,3,noindex,"tier C, no clicks in 12 months",
polytechnic-university-of-puerto-rico-orlando,Polytechnic University of Puerto Rico Orlando,FL,C,open admission (IPEDS),Yes,,,,,0,52,2,noindex,"tier C, no clicks in 12 months",
pomona,Pomona College,CA,B,no cited GPA,No,,7.1%,math 750-790,33-35,0,83,1,index,tier B,
pontifical-college-josephinum,Pontifical College Josephinum,OH,B,no cited GPA or SAT/ACT,No,,96%,,,0,2,1,index,tier B,
porterville-college,Porterville College,CA,C,open admission (IPEDS),Yes,,,,,0,15,1,noindex,"tier C, no clicks in 12 months",
portland-community-college,Portland Community College,OR,C,open admission (IPEDS),Yes,,,,,0,21,1,noindex,"tier C, no clicks in 12 months",
portland-state-university,Portland State University,OR,B,no SAT/ACT,No,3.36 (2023-24),91%,,,1,902,2,index,tier B,
post-university,Post University,CT,C,open admission (IPEDS),Yes,,,,,0,143,4,noindex,"tier C, no clicks in 12 months",
potomac-state-college-of-west-virginia-university,Potomac State College of West Virginia University,WV,C,open admission (IPEDS),Yes,,,,,1,68,2,index,"tier C, kept for traffic: 1 clicks in 12 months",
prairie-state-college,Prairie State College,IL,C,open admission (IPEDS),Yes,,,,,0,25,1,noindex,"tier C, no clicks in 12 months",
prairie-view-a-m-university,Prairie View A &amp; M University,TX,B,no cited GPA,No,,79%,math 410-530,16-21,1,491,3,index,tier B,
pratt,Pratt Institute Main,NY,B,no cited GPA,No,,73%,math 560-690,26-31,0,195,1,index,tier B,
pratt-community-college,Pratt Community College,KS,C,open admission (IPEDS),Yes,,,,,0,10,1,noindex,"tier C, no clicks in 12 months",
presbyterian-college,Presbyterian College,SC,A,"cited GPA, acceptance rate and SAT/ACT",No,3.2 (2023-24),68%,math 480-580,21-26,1,39,1,index,tier A,
presbyterian-theological-seminary-in-america,Presbyterian Theological Seminary in America,CA,C,open admission (IPEDS),Yes,,,,,0,6,1,noindex,"tier C, no clicks in 12 months",
prescott-college,Prescott College,AZ,B,no cited GPA; test blind,No,,95%,,,0,18,1,index,tier B,
prince-georges-community-college,Prince George's Community College,MD,C,open admission (IPEDS),Yes,,,,,0,22,1,noindex,"tier C, no clicks in 12 months",
princeton,Princeton University,NJ,A,"cited GPA, acceptance rate and SAT/ACT",No,3.96 (2025-26),4.6%,math 770-800,34-35,0,2110,2,index,tier A,
principia-college,Principia College,IL,C,open admission (IPEDS),Yes,,,,,0,15,1,noindex,"tier C, no clicks in 12 months",
professional-golfers-career-college,Professional Golfers Career College,CA,C,open admission (IPEDS),Yes,,,,,0,4,1,noindex,"tier C, no clicks in 12 months",
professional-skills-institute,Professional Skills Institute,OH,B,no cited GPA; test blind,No,,83%,,,0,0,0,index,tier B,
providence-christian-college,Providence Christian College,CA,B,no cited GPA; test blind,No,,100%,,,0,5,1,index,tier B,
providence-college,Providence College,RI,B,no cited GPA,No,,51%,math 620-690,29-32,0,342,1,index,tier B,
provo-college-provo,Provo College,UT,C,open admission (IPEDS),Yes,,,,,0,8,1,noindex,"tier C, no clicks in 12 months",
pueblo-community-college,Pueblo Community College,CO,C,open admission (IPEDS),Yes,,,,,0,10,1,noindex,"tier C, no clicks in 12 months",
pulaski-technical-college,University of Arkansas Pulaski Technical College,AR,C,open admission (IPEDS),Yes,,,,,0,8,1,noindex,"tier C, no clicks in 12 months",
purdue-global-davenport-campus,Purdue Global Davenport Campus,,C,figures removed in Phase 2 H (identity under review),,,,,,0,102,2,noindex,"tier C, no clicks in 12 months",kaplan-university-davenport-campus
purdue-university-fort-wayne,Purdue University Fort Wayne,IN,B,no cited GPA,No,,84%,math 480-610,22-29,0,161,2,index,tier B,indiana-university-purdue-university-fort-wayne
purdue-university-global,Purdue University Global,IN,C,open admission (IPEDS),Yes,,,,,1,362,8,index,"tier C, kept for traffic: 1 clicks in 12 months",
purdue-university-main-campus,Purdue University Main Campus,IN,A,"cited GPA, acceptance rate and SAT/ACT",No,3.81 (2025-26),50%,math 600-760,27-34,6,1926,2,index,tier A,
purdue-university-northwest,Purdue University Northwest,IN,B,no cited GPA,No,,72%,math 440-570,16-24,0,398,5,index,tier B,
queens-university-of-charlotte,Queens University of Charlotte,NC,B,no cited GPA,No,,62%,math 580-670,20-27,1,323,2,index,tier B,
quincy-college,Quincy College,MA,C,open admission (IPEDS),Yes,,,,,0,24,1,noindex,"tier C, no clicks in 12 months",
quincy-university,Quincy University,IL,A,"cited GPA, acceptance rate and SAT/ACT",No,3.47 (2025-26),51%,math 510-600,20-25,0,263,2,index,tier A,
quinnipiac-university,Quinnipiac University,CT,A,"cited GPA, acceptance rate and SAT/ACT",No,3.6 (2023-24),72%,math 570-660,25-30,0,378,2,index,tier A,
quinsigamond-community-college,Quinsigamond Community College,MA,C,open admission (IPEDS),Yes,,,,,0,8,1,noindex,"tier C, no clicks in 12 months",
rabbi-jacob-joseph-school,Rabbi Jacob Joseph School,NJ,B,no cited GPA; test blind,No,,92%,,,0,2,1,index,tier B,
rabbinical-academy-mesivta-rabbi-chaim-berlin,Rabbinical Academy Mesivta Rabbi Chaim Berlin,NY,B,no cited GPA; test blind,No,,94%,,,0,7,1,index,tier B,
rabbinical-college-beth-shraga,Rabbinical College Beth Shraga,NY,B,no cited GPA; test blind,No,,92%,,,0,1,1,index,tier B,
rabbinical-college-bobover-yeshiva-bnei-zion,Rabbinical College Bobover Yeshiva Bnei Zion,NY,C,open admission (IPEDS),Yes,,,,,0,9,1,noindex,"tier C, no clicks in 12 months",
rabbinical-college-of-america,Rabbinical College of America,NJ,B,no cited GPA; test blind,No,,95%,,,0,4,1,index,tier B,
rabbinical-college-of-chsan-sofer-new-york,Rabbinical College of Ch'san Sofer New York,,C,figures removed in Phase 2 H (identity under review),,,,,,0,1,1,noindex,"tier C, no clicks in 12 months",
rabbinical-college-of-long-island,Rabbinical College of Long Island,NY,B,no cited GPA; test blind,No,,100%,,,0,0,0,index,tier B,
rabbinical-college-of-ohr-shimon-yisroel,Rabbinical College of Ohr Shimon Yisroel,NY,C,open admission (IPEDS),Yes,,,,,0,9,1,noindex,"tier C, no clicks in 12 months",
rabbinical-college-telshe,Rabbinical College Telshe,OH,B,no cited GPA; test blind,No,,83%,,,0,7,1,index,tier B,
rabbinical-seminary-mkor-chaim,Rabbinical Seminary M'kor Chaim,NJ,B,no cited GPA; test blind,No,,91%,,,0,8,1,index,tier B,
rabbinical-seminary-of-america,Rabbinical Seminary of America,NY,B,no cited GPA; test blind,No,,98%,,,0,1,1,index,tier B,
radford-university,Radford University,VA,A,"cited GPA, acceptance rate and SAT/ACT",No,3.52 (2025-26),90%,math 450-560,19-26,0,993,2,index,tier A,
ramapo-college-of-new-jersey,Ramapo College of New Jersey,NJ,A,"cited GPA, acceptance rate and SAT/ACT",No,3.52 (2024-25),71%,math 550-650,22-30,0,116,1,index,tier A,
randall-university,Randall University,OK,B,no cited GPA,No,,58%,,16-20,0,4,1,index,tier B,hillsdale-free-will-baptist-college
randolph-college,Randolph College,VA,B,no cited GPA,No,,94%,math 550-590,19-26,0,53,1,index,tier B,
randolph-community-college,Randolph Community College,NC,C,open admission (IPEDS),Yes,,,,,0,9,1,noindex,"tier C, no clicks in 12 months",
randolph-macon-college,Randolph-Macon College,VA,B,no cited GPA,No,,87%,math 480-590,21-27,0,90,1,index,tier B,
ranger-college,Ranger College,TX,C,open admission (IPEDS),Yes,,,,,0,60,1,noindex,"tier C, no clicks in 12 months",
ranken-technical-college,Ranken Technical College,MO,C,open admission (IPEDS),Yes,,,,,0,35,1,noindex,"tier C, no clicks in 12 months",
rappahannock-community-college,Rappahannock Community College,VA,C,open admission (IPEDS),Yes,,,,,0,8,1,noindex,"tier C, no clicks in 12 months",
raritan-valley-community-college,Raritan Valley Community College,NJ,C,open admission (IPEDS),Yes,,,,,0,35,1,noindex,"tier C, no clicks in 12 months",
reading-area-community-college,Reading Area Community College,PA,C,open admission (IPEDS),Yes,,,,,0,2,1,noindex,"tier C, no clicks in 12 months",
red-lake-nation-college,Red Lake Nation College,MN,C,open admission (IPEDS),Yes,,,,,0,3,1,noindex,"tier C, no clicks in 12 months",
red-rocks-community-college,Red Rocks Community College,CO,C,open admission (IPEDS),Yes,,,,,0,46,1,noindex,"tier C, no clicks in 12 months",
redlands-community-college,Redlands Community College,OK,C,open admission (IPEDS),Yes,,,,,0,5,1,noindex,"tier C, no clicks in 12 months",
reed,Reed College,OR,B,no cited GPA,No,,25%,math 610-770,30-34,1,132,1,index,tier B,
reedley-college,Reedley College,CA,C,open admission (IPEDS),Yes,,,,,0,55,1,noindex,"tier C, no clicks in 12 months",
reformed-university,Reformed University,,C,figures removed in Phase 2 H (identity under review),,,,,,0,3,1,noindex,"tier C, no clicks in 12 months",
regent-university,Regent University,VA,A,"cited GPA, acceptance rate and SAT/ACT",No,3.31 (2023-24),38%,math 460-600,19-26,1,449,2,index,tier A,
regis-college,Regis College,MA,B,no cited GPA; test blind,No,,70%,,,0,71,1,index,tier B,
regis-university,Regis University,CO,B,no cited GPA,No,,86%,,22-29,0,162,2,index,tier B,
reid-state-technical-college,Reid State Technical College,AL,C,open admission (IPEDS),Yes,,,,,0,6,1,noindex,"tier C, no clicks in 12 months",
reinhardt-university,Reinhardt University,GA,B,no cited GPA or SAT/ACT,No,,62%,,,0,259,2,index,tier B,
remington-college-baton-rouge-campus,Remington College Baton Rouge Campus,LA,C,open admission (IPEDS),Yes,,,,,0,0,0,noindex,"tier C, no clicks in 12 months",
remington-college-cleveland-campus,Remington College Cleveland Campus,OH,C,open admission (IPEDS),Yes,,,,,0,0,0,noindex,"tier C, no clicks in 12 months",
remington-college-dallas-campus,Remington College Dallas Campus,TX,C,open admission (IPEDS),Yes,,,,,0,4,1,noindex,"tier C, no clicks in 12 months",
remington-college-fort-worth-campus,Remington College Fort Worth Campus,TX,C,open admission (IPEDS),Yes,,,,,0,1,1,noindex,"tier C, no clicks in 12 months",
remington-college-houston-southeast-campus,Remington College Houston Southeast Campus,TX,C,open admission (IPEDS),Yes,,,,,0,0,0,noindex,"tier C, no clicks in 12 months",
remington-college-lafayette-campus,Remington College Lafayette Campus,LA,C,open admission (IPEDS),Yes,,,,,0,2,1,noindex,"tier C, no clicks in 12 months",
remington-college-memphis-campus,Remington College Memphis Campus,TN,C,open admission (IPEDS),Yes,,,,,0,5,1,noindex,"tier C, no clicks in 12 months",
remington-college-mobile-campus,Remington College Mobile Campus,AL,C,open admission (IPEDS),Yes,,,,,0,1,1,noindex,"tier C, no clicks in 12 months",
remington-college-nashville-campus,Remington College Nashville Campus,TN,C,open admission (IPEDS),Yes,,,,,0,17,1,noindex,"tier C, no clicks in 12 months",
remington-college-shreveport-campus,Remington College Shreveport Campus,LA,C,open admission (IPEDS),Yes,,,,,0,0,0,noindex,"tier C, no clicks in 12 months",
rend-lake-college,Rend Lake College,IL,C,open admission (IPEDS),Yes,,,,,0,9,1,noindex,"tier C, no clicks in 12 months",
renton-technical-college,Renton Technical College,WA,C,open admission (IPEDS),Yes,,,,,0,20,1,noindex,"tier C, no clicks in 12 months",
research-college-of-nursing,Research College of Nursing,MO,C,"no cited GPA, acceptance rate or SAT/ACT",,,,,,0,2,1,noindex,"tier C, no clicks in 12 months",
rhode-island-college,Rhode Island College,RI,A,"cited GPA, acceptance rate and SAT/ACT",No,3.19 (2025-26),92%,math 420-540,,0,97,1,index,tier A,
rhode-island-school-of-design,Rhode Island School of Design,RI,B,no cited GPA,No,,19%,math 708-780,31-34,0,53,1,index,tier B,
rhodes,Rhodes College,TN,A,"cited GPA, acceptance rate and SAT/ACT",No,3.75 (2025-26),50%,math 650-753,26-32,1,79,1,index,tier A,
rice,Rice University,TX,B,no cited GPA,No,,8%,math 770-800,34-35,7,1740,2,index,tier B,
rich-mountain-community-college,University of Arkansas Community College Rich Mountain,AR,C,open admission (IPEDS),Yes,,,,,0,0,0,noindex,"tier C, no clicks in 12 months",
richard-bland-college,Richard Bland College,VA,B,no cited GPA; test blind,No,,89%,,,0,17,1,index,tier B,richard-bland-college-of-the-college-of-william-and-mary
richland-community-college,Richland Community College,IL,C,open admission (IPEDS),Yes,,,,,0,3,1,noindex,"tier C, no clicks in 12 months",
richmond-community-college,Richmond Community College,NC,C,open admission (IPEDS),Yes,,,,,0,3,1,noindex,"tier C, no clicks in 12 months",
richmont-graduate-university,Richmont Graduate University,TN,C,"no cited GPA, acceptance rate or SAT/ACT",,,,,,0,68,2,noindex,"tier C, no clicks in 12 months",
rider-university,Rider University,NJ,B,no cited GPA,No,,79%,math 550-650,27-31,0,495,2,index,tier B,
ridgewater-college,Ridgewater College,MN,C,open admission (IPEDS),Yes,,,,,0,31,1,noindex,"tier C, no clicks in 12 months",
ringling-college-of-art-and-design,Ringling College of Art and Design,FL,B,no cited GPA; test blind,No,,70%,,,1,75,1,index,tier B,
rio-hondo-college,Rio Hondo College,CA,C,open admission (IPEDS),Yes,,,,,0,74,1,noindex,"tier C, no clicks in 12 months",
rio-salado-college,Rio Salado College,AZ,C,open admission (IPEDS),Yes,,,,,0,4,1,noindex,"tier C, no clicks in 12 months",
ripon-college,Ripon College,WI,B,no cited GPA,No,,80%,math 470-590,21-27,0,55,1,index,tier B,
river-parishes-community-college,River Parishes Community College,LA,C,open admission (IPEDS),Yes,,,,,0,1,1,noindex,"tier C, no clicks in 12 months",
river-valley-community-college,River Valley Community College,NH,C,open admission (IPEDS),Yes,,,,,0,2,1,noindex,"tier C, no clicks in 12 months",
riverland-community-college,Riverland Community College,MN,C,open admission (IPEDS),Yes,,,,,0,15,1,noindex,"tier C, no clicks in 12 months",
riverside-city-college,Riverside City College,CA,C,open admission (IPEDS),Yes,,,,,0,26,1,noindex,"tier C, no clicks in 12 months",
rivier-university,Rivier University,NH,B,no cited GPA,No,,83%,math 510-585,,0,20,1,index,tier B,rivier-college
roane-state-community-college,Roane State Community College,TN,C,open admission (IPEDS),Yes,,,,,0,35,1,noindex,"tier C, no clicks in 12 months",
roanoke-chowan-community-college,Roanoke-Chowan Community College,NC,C,open admission (IPEDS),Yes,,,,,0,1,1,noindex,"tier C, no clicks in 12 months",
roanoke-college,Roanoke College,VA,B,no cited GPA,No,,83%,math 530-640,24-31,0,89,1,index,tier B,
robert-morris-university,Robert Morris University,PA,B,no cited GPA or SAT/ACT,No,,90%,,,2,713,2,index,tier B,
roberts-wesleyan-university,Roberts Wesleyan University,NY,B,no cited GPA,No,,71%,math 485-635,,0,24,1,index,tier B,roberts-wesleyan-college
robeson-community-college,Robeson Community College,NC,C,open admission (IPEDS),Yes,,,,,0,4,1,noindex,"tier C, no clicks in 12 months",
rochester-community-and-technical-college,Rochester Community and Technical College,MN,C,open admission (IPEDS),Yes,,,,,0,19,1,noindex,"tier C, no clicks in 12 months",
rochester-institute-of-technology,Rochester Institute of Technology,NY,A,"cited GPA, acceptance rate and SAT/ACT",No,3.9 (2025-26),67%,math 650-740,29-33,0,37,1,index,tier A,
rochester-university,Rochester University,MI,B,no cited GPA; test blind,No,,98%,,,0,5,1,index,tier B,rochester-college
rock-valley-college,Rock Valley College,IL,C,open admission (IPEDS),Yes,,,,,0,44,1,noindex,"tier C, no clicks in 12 months",
rockefeller-university,Rockefeller University,NY,C,"no cited GPA, acceptance rate or SAT/ACT",,,,,,0,325,2,noindex,"tier C, no clicks in 12 months",
rockford-university,Rockford University,IL,B,no cited GPA,No,,93%,math 400-535,17-23,1,29,1,index,tier B,rockford-college
rockhurst-university,Rockhurst University,MO,B,no cited GPA,No,,70%,,19-26,0,350,2,index,tier B,
rockingham-community-college,Rockingham Community College,NC,C,open admission (IPEDS),Yes,,,,,0,9,1,noindex,"tier C, no clicks in 12 months",
rockland-community-college,Rockland Community College,NY,C,open admission (IPEDS),Yes,,,,,0,13,1,noindex,"tier C, no clicks in 12 months",
rocky-mountain-college,Rocky Mountain College,MT,A,"cited GPA, acceptance rate and SAT/ACT",No,3.44 (2025-26),70%,math 405-568,18-24,0,19,1,index,tier A,
rocky-mountain-college-of-art-and-design,Rocky Mountain College of Art and Design,CO,C,open admission (IPEDS),Yes,,,,,0,13,1,noindex,"tier C, no clicks in 12 months",
roger-williams-university,Roger Williams University,RI,B,no cited GPA,No,,88%,math 560-650,24-29,3,574,2,index,tier B,
rogers-state-university,Rogers State University,OK,C,open admission (IPEDS); has cited GPA,Yes,3.44 (2025-26),,,,1,149,2,index,"tier C, kept for traffic: 1 clicks in 12 months",
rogue-community-college,Rogue Community College,OR,C,open admission (IPEDS),Yes,,,,,0,8,1,noindex,"tier C, no clicks in 12 months",
rollins-college,Rollins College,FL,B,no cited GPA,No,,48%,math 560-680,25-30,0,115,1,index,tier B,
roosevelt-university,Roosevelt University,IL,B,no cited GPA,No,,97%,math 430-575,18-26,1,1181,4,index,tier B,
rosalind-franklin-university,Rosalind Franklin University of Medicine and Science,IL,C,"no cited GPA, acceptance rate or SAT/ACT",,,,,,0,344,3,noindex,"tier C, no clicks in 12 months",
rose-hulman,Rose-Hulman Institute of Technology,IN,B,no cited GPA,No,,77%,math 670-770,29-34,0,143,1,index,tier B,
rose-state-college,Rose State College,OK,C,open admission (IPEDS),Yes,,,,,1,64,1,index,"tier C, kept for traffic: 1 clicks in 12 months",
rosedale-bible-college,Rosedale Bible College,OH,C,open admission (IPEDS),Yes,,,,,0,2,1,noindex,"tier C, no clicks in 12 months",
rosedale-technical-college,Rosedale Technical College,PA,B,no cited GPA; test blind,No,,75%,,,0,10,1,index,tier B,rosedale-technical-institute
roseman-university-of-health-sciences,Roseman University of Health Sciences,NV,C,"no cited GPA, acceptance rate or SAT/ACT",,,,,,1,147,2,index,"tier C, kept for traffic: 1 clicks in 12 months",
rosemont-college,Rosemont College,PA,B,no cited GPA; test blind,No,,76%,,,0,21,1,index,tier B,
rowan-cabarrus-community-college,Rowan-Cabarrus Community College,NC,C,open admission (IPEDS),Yes,,,,,0,18,1,noindex,"tier C, no clicks in 12 months",
rowan-college-of-south-jersey-cumberland-campus,Rowan College of South Jersey Cumberland Campus,NJ,C,open admission (IPEDS),Yes,,,,,0,1,1,noindex,"tier C, no clicks in 12 months",cumberland-county-college
rowan-college-of-south-jersey-gloucester-campus,Rowan College of South Jersey Gloucester Campus,NJ,C,open admission (IPEDS),Yes,,,,,0,0,0,noindex,"tier C, no clicks in 12 months",gloucester-county-college
rowan-university,Rowan University,NJ,A,"cited GPA, acceptance rate and SAT/ACT",No,3.4 (2025-26),78%,math 550-650,23-29,1,1773,2,index,tier A,
roxbury-community-college,Roxbury Community College,MA,C,open admission (IPEDS),Yes,,,,,0,8,1,noindex,"tier C, no clicks in 12 months",
rpi,Rensselaer Polytechnic Institute,NY,B,no cited GPA,No,,63%,math 705-770,30-34,0,72,1,index,tier B,
rush-university,Rush University,IL,C,"no cited GPA, acceptance rate or SAT/ACT",,,,,,1,350,2,index,"tier C, kept for traffic: 1 clicks in 12 months",
russell-sage-college,Russell Sage College,NY,B,no cited GPA; test blind,No,,53%,,,0,12,1,index,tier B,the-sage-colleges
rust-college,Rust College,MS,B,no cited GPA; test blind,No,,49%,,,0,18,1,index,tier B,
rutgers-university-camden,Rutgers University Camden,NJ,B,no cited GPA,No,,66%,math 510-660,19-25,0,1580,2,index,tier B,
rutgers-university-new-brunswick,Rutgers University New Brunswick,NJ,B,no cited GPA,No,,58%,math 660-770,28-33,3,1869,2,index,tier B,
rutgers-university-newark,Rutgers University Newark,NJ,B,no cited GPA; test blind,No,,71%,,,0,518,2,index,tier B,
sacramento-city-college,Sacramento City College,CA,C,open admission (IPEDS),Yes,,,,,0,34,1,noindex,"tier C, no clicks in 12 months",
sacred-heart-major-seminary,Sacred Heart Major Seminary,MI,B,no cited GPA or SAT/ACT,No,,100%,,,0,0,0,index,tier B,
sacred-heart-university,Sacred Heart University,CT,B,no cited GPA; test blind,No,,65%,,,3,912,3,index,tier B,
saddleback-college,Saddleback College,CA,C,open admission (IPEDS),Yes,,,,,1,84,1,index,"tier C, kept for traffic: 1 clicks in 12 months",
saginaw-chippewa-tribal-college,Saginaw Chippewa Tribal College,MI,C,open admission (IPEDS),Yes,,,,,0,4,1,noindex,"tier C, no clicks in 12 months",
saginaw-valley-state-university,Saginaw Valley State University,MI,A,"cited GPA, acceptance rate and SAT/ACT",No,3.55 (2025-26),72%,math 440-570,18-26,1,767,2,index,tier A,
saint-ambrose-university,Saint Ambrose University,IA,A,"cited GPA, acceptance rate and SAT/ACT",No,3.32 (2025-26),77%,math 440-590,20-25,0,99,2,index,tier A,
saint-anselm-college,Saint Anselm College,NH,B,no cited GPA,No,,78%,math 540-620,24-30,0,101,1,index,tier B,
saint-augustines-university,Saint Augustine's University,NC,B,no cited GPA; test blind,No,,34%,,,0,1,1,index,tier B,saint-augustines-college
saint-bonaventure-university,Saint Bonaventure University,NY,B,no cited GPA,No,,82%,math 530-640,24-30,0,831,3,index,tier B,
saint-charles-borromeo-seminary-overbrook,Saint Charles Borromeo Seminary Overbrook,PA,B,no cited GPA; test blind,No,,100%,,,0,1,1,index,tier B,
saint-cloud-state-university,Saint Cloud State University,MN,B,no cited GPA,No,,95%,math 515-645,17-25,0,332,2,index,tier B,
saint-edwards-university,Saint Edward's University,TX,B,no cited GPA,No,,81%,math 470-610,22-28,0,391,2,index,tier B,
saint-elizabeth-college-of-nursing,Saint Elizabeth College of Nursing,NY,B,no cited GPA; test blind,No,,100%,,,0,7,1,index,tier B,
saint-elizabeth-university,Saint Elizabeth University,NJ,B,no cited GPA or SAT/ACT,No,,71%,,,0,10,1,index,tier B,college-of-saint-elizabeth
saint-francis-university,Saint Francis University,PA,B,no cited GPA,No,,77%,math 520-610,21-27,0,114,2,index,tier B,
saint-john-vianney-college-seminary,Saint John Vianney College Seminary,FL,B,no cited GPA; test blind,No,,93%,,,0,6,1,index,tier B,
saint-johns-river-state-college,Saint Johns River State College,FL,C,open admission (IPEDS),Yes,,,,,0,2,1,noindex,"tier C, no clicks in 12 months",
saint-johns-seminary,Saint John's Seminary,MA,C,"no cited GPA, acceptance rate or SAT/ACT",,,,,,0,2,1,noindex,"tier C, no clicks in 12 months",
saint-johns-university,Saint Johns University,MN,B,no cited GPA,No,,91%,math 438-593,21-27,0,137,2,index,tier B,
saint-joseph-seminary-college,Saint Joseph Seminary College,LA,C,open admission (IPEDS),Yes,,,,,0,5,1,noindex,"tier C, no clicks in 12 months",
saint-josephs-college-of-maine,Saint Joseph's College of Maine,ME,B,no cited GPA,No,,84%,math 460-560,,0,18,1,index,tier B,
saint-josephs-university,Saint Joseph's University,PA,B,no cited GPA,No,,89%,math 580-670,28-31,0,861,4,index,tier B,
saint-josephs-university-lancaster,Saint Joseph's University Lancaster,PA,B,no cited GPA or SAT/ACT,No,,41%,,,0,4,1,index,tier B,pennsylvania-college-of-health-sciences
saint-leo-university,Saint Leo University,FL,B,no cited GPA; test blind,No,,78%,,,0,380,2,index,tier B,
saint-louis,Saint Louis University,MO,B,no cited GPA,No,,75%,math 600-710,25-31,2,752,3,index,tier B,
saint-louis-community-college,Saint Louis Community College,MO,C,open admission (IPEDS),Yes,,,,,0,1,1,noindex,"tier C, no clicks in 12 months",
saint-martins-university,Saint Martin's University,WA,B,no cited GPA,No,,90%,math 515-620,16-20,1,299,2,index,tier B,
saint-mary-of-the-woods-college,Saint Mary-of-the-Woods College,IN,B,no cited GPA or SAT/ACT,No,,72%,,,0,32,1,index,tier B,
saint-marys,Saint Mary's College,IN,B,no cited GPA,No,,76%,math 550-645,26-30,0,56,1,index,tier B,
saint-marys-college-of-california,Saint Mary's College of California,CA,B,no cited GPA; test blind,No,,87%,,,0,20,1,index,tier B,
saint-marys-university-of-minnesota,Saint Mary's University of Minnesota,MN,B,no cited GPA; test blind,No,,93%,,,0,98,2,index,tier B,
saint-michaels-college,Saint Michael's College,VT,B,no cited GPA,No,,85%,math 550-620,26-31,0,45,1,index,tier B,
saint-norbert-college,Saint Norbert College,WI,B,no cited GPA,No,,86%,math 508-610,21-28,0,24,1,index,tier B,
saint-paul-college,Saint Paul College,MN,C,open admission (IPEDS),Yes,,,,,0,62,1,noindex,"tier C, no clicks in 12 months",saint-paul-college-a-community-and-technical-college
saint-peters-university,Saint Peter's University,NJ,B,no cited GPA; test blind,No,,90%,,,0,136,1,index,tier B,saint-peters-college
saint-thomas-aquinas-college,Saint Thomas Aquinas College,NY,B,no cited GPA,No,,93%,math 470-565,,0,47,1,index,tier B,
saint-vincent-college,Saint Vincent College,PA,B,no cited GPA,No,,62%,math 510-610,20-27,0,66,1,index,tier B,
saint-xavier-university,Saint Xavier University,IL,B,no cited GPA; test blind,No,,84%,,,0,1554,2,index,tier B,
salem-college,Salem College,NC,B,no cited GPA,No,,77%,math 513-600,16-22,0,34,1,index,tier B,
salem-community-college,Salem Community College,NJ,C,open admission (IPEDS),Yes,,,,,0,13,1,noindex,"tier C, no clicks in 12 months",
salem-state-university,Salem State University,MA,A,"cited GPA, acceptance rate and test blind",No,3.17 (2024-25),96%,,,0,483,2,index,tier A,
salem-university,Salem University,WV,C,open admission (IPEDS),Yes,,,,,0,56,2,noindex,"tier C, no clicks in 12 months",salem-international-university
salina-area-technical-college,Salina Area Technical College,KS,C,open admission (IPEDS),Yes,,,,,0,10,1,noindex,"tier C, no clicks in 12 months",
salisbury-university,Salisbury University,MD,A,"cited GPA, acceptance rate and SAT/ACT",No,3.72 (2025-26),87%,math 580-650,20-29,0,485,2,index,tier A,
salish-kootenai-college,Salish Kootenai College,MT,C,open admission (IPEDS),Yes,,,,,0,7,1,noindex,"tier C, no clicks in 12 months",
salt-lake-community-college,Salt Lake Community College,UT,C,open admission (IPEDS),Yes,,,,,1,27,1,index,"tier C, kept for traffic: 1 clicks in 12 months",
salve-regina-university,Salve Regina University,RI,B,no cited GPA,No,,68%,math 560-650,26-29,2,822,2,index,tier B,
sam-houston-state-university,Sam Houston State University,TX,B,no cited GPA,No,,90%,math 450-550,17-24,6,1700,2,index,tier B,
samaritan-hospital-school-of-nursing,Samaritan Hospital School of Nursing,NY,B,no cited GPA; test blind,No,,100%,,,0,17,1,index,tier B,
samford,Samford University,AL,B,no cited GPA,No,,82%,math 520-610,22-28,1,868,2,index,tier B,
sampson-community-college,Sampson Community College,NC,C,open admission (IPEDS),Yes,,,,,0,6,1,noindex,"tier C, no clicks in 12 months",
samuel-merritt-university,Samuel Merritt University,CA,C,"no cited GPA, acceptance rate or SAT/ACT",,,,,,0,287,2,noindex,"tier C, no clicks in 12 months",
san-antonio-college,San Antonio College,TX,C,open admission (IPEDS),Yes,,,,,0,39,1,noindex,"tier C, no clicks in 12 months",
san-bernardino-valley-college,San Bernardino Valley College,CA,C,open admission (IPEDS),Yes,,,,,0,40,1,noindex,"tier C, no clicks in 12 months",
san-diego,University of San Diego,CA,A,"cited GPA, acceptance rate and test blind",No,4.02 (2024-25),52%,,,0,465,2,index,tier A,
san-diego-christian-college,San Diego Christian College,CA,B,no cited GPA or SAT/ACT,No,,31%,,,0,2,1,index,tier B,
san-diego-city-college,San Diego City College,CA,C,open admission (IPEDS),Yes,,,,,0,33,1,noindex,"tier C, no clicks in 12 months",
san-diego-mesa-college,San Diego Mesa College,CA,C,open admission (IPEDS),Yes,,,,,1,111,1,index,"tier C, kept for traffic: 1 clicks in 12 months",
san-diego-miramar-college,San Diego Miramar College,CA,C,open admission (IPEDS),Yes,,,,,0,43,1,noindex,"tier C, no clicks in 12 months",
san-diego-state,San Diego State University,CA,A,"cited GPA, acceptance rate and test blind",No,3.82 (2025-26),36%,,,0,923,4,index,tier A,
san-francisco-bay-university,San Francisco Bay University,CA,B,no cited GPA; test blind,No,,96%,,,1,85,2,index,tier B,
san-francisco-conservatory-of-music,San Francisco Conservatory of Music,CA,B,no cited GPA; test blind,No,,55%,,,0,7,1,index,tier B,
san-francisco-state-university,San Francisco State University,CA,B,no cited GPA; test blind,No,,96%,,,0,1294,2,index,tier B,
san-jacinto-community-college,San Jacinto Community College,TX,C,open admission (IPEDS),Yes,,,,,0,59,1,noindex,"tier C, no clicks in 12 months",
san-joaquin-delta-college,San Joaquin Delta College,CA,C,open admission (IPEDS),Yes,,,,,0,59,1,noindex,"tier C, no clicks in 12 months",
san-joaquin-valley-college-bakersfield,San Joaquin Valley College Bakersfield,CA,C,open admission (IPEDS),Yes,,,,,0,0,0,noindex,"tier C, no clicks in 12 months",
san-joaquin-valley-college-hesperia,San Joaquin Valley College Hesperia,CA,C,open admission (IPEDS),Yes,,,,,0,1,1,noindex,"tier C, no clicks in 12 months",
san-joaquin-valley-college-modesto,San Joaquin Valley College Modesto,CA,C,open admission (IPEDS),Yes,,,,,0,0,0,noindex,"tier C, no clicks in 12 months",
san-joaquin-valley-college-online,San Joaquin Valley College Online,,C,figures removed in Phase 2 H (identity under review),,,,,,0,1,1,noindex,"tier C, no clicks in 12 months",
san-joaquin-valley-college-ontario,San Joaquin Valley College Ontario,CA,C,open admission (IPEDS),Yes,,,,,0,8,1,noindex,"tier C, no clicks in 12 months",san-joaquin-valley-college-rancho-cucamonga
san-joaquin-valley-college-rancho-cordova,San Joaquin Valley College Rancho Cordova,CA,C,open admission (IPEDS),Yes,,,,,0,1,1,noindex,"tier C, no clicks in 12 months",
san-joaquin-valley-college-temecula,San Joaquin Valley College Temecula,CA,C,open admission (IPEDS),Yes,,,,,0,4,1,noindex,"tier C, no clicks in 12 months",
san-joaquin-valley-college-trades-education-center,San Joaquin Valley College Trades Education Center,CA,C,open admission (IPEDS),Yes,,,,,0,0,0,noindex,"tier C, no clicks in 12 months",san-joaquin-valley-college-fresno-aviation
san-joaquin-valley-college-visalia,San Joaquin Valley College Visalia,CA,C,open admission (IPEDS),Yes,,,,,0,7,1,noindex,"tier C, no clicks in 12 months",
san-jose-city-college,San Jose City College,CA,C,open admission (IPEDS),Yes,,,,,0,16,1,noindex,"tier C, no clicks in 12 months",
san-jose-state-university,San Jose State University,CA,B,no cited GPA; test blind,No,,85%,,,2,2023,2,index,tier B,
san-juan-college,San Juan College,NM,C,open admission (IPEDS),Yes,,,,,0,21,1,noindex,"tier C, no clicks in 12 months",
sandhills-community-college,Sandhills Community College,NC,C,open admission (IPEDS),Yes,,,,,0,42,1,noindex,"tier C, no clicks in 12 months",
santa-ana-college,Santa Ana College,CA,C,open admission (IPEDS),Yes,,,,,1,29,1,index,"tier C, kept for traffic: 1 clicks in 12 months",
santa-barbara-business-college-ventura,Santa Barbara Business College Ventura,,C,figures removed in Phase 2 H (identity under review),,,,,,0,3,1,noindex,"tier C, no clicks in 12 months",
santa-barbara-city-college,Santa Barbara City College,CA,C,open admission (IPEDS),Yes,,,,,0,21,1,noindex,"tier C, no clicks in 12 months",
santa-clara-university,Santa Clara University,CA,B,no cited GPA,No,,48%,math 680-760,31-33,3,1697,2,index,tier B,
santa-fe-college,Santa Fe College,FL,C,open admission (IPEDS),Yes,,,,,0,77,1,noindex,"tier C, no clicks in 12 months",
santa-fe-community-college,Santa Fe Community College,NM,C,open admission (IPEDS),Yes,,,,,0,4,1,noindex,"tier C, no clicks in 12 months",
santa-monica-college,Santa Monica College,CA,C,open admission (IPEDS),Yes,,,,,0,48,1,noindex,"tier C, no clicks in 12 months",
santa-rosa-junior-college,Santa Rosa Junior College,CA,C,open admission (IPEDS),Yes,,,,,0,12,1,noindex,"tier C, no clicks in 12 months",
santiago-canyon-college,Santiago Canyon College,CA,C,open admission (IPEDS),Yes,,,,,1,40,1,index,"tier C, kept for traffic: 1 clicks in 12 months",
sarah-lawrence-college,Sarah Lawrence College,NY,B,no cited GPA,No,,62%,math 590-690,28-31,0,96,1,index,tier B,
sauk-valley-community-college,Sauk Valley Community College,IL,C,open admission (IPEDS),Yes,,,,,0,5,1,noindex,"tier C, no clicks in 12 months",
savannah-college-of-art-and-design,Savannah College of Art and Design,GA,B,no cited GPA,No,,83%,math 490-610,21-28,0,49,1,index,tier B,
savannah-state-university,Savannah State University,GA,C,open admission (IPEDS),Yes,,,,,1,719,2,index,"tier C, kept for traffic: 1 clicks in 12 months",
savannah-technical-college,Savannah Technical College,GA,C,open admission (IPEDS),Yes,,,,,0,57,1,noindex,"tier C, no clicks in 12 months",
saybrook-university,Saybrook University,CA,C,"no cited GPA, acceptance rate or SAT/ACT",,,,,,1,71,1,index,"tier C, kept for traffic: 1 clicks in 12 months",
sc-beaufort,University of South Carolina Beaufort,SC,B,no cited GPA; test blind,No,,72%,,,1,330,2,index,tier B,
schenectady-county-community-college,Schenectady County Community College,NY,C,open admission (IPEDS),Yes,,,,,0,3,1,noindex,"tier C, no clicks in 12 months",
schiller-international-university,Schiller International University,FL,C,open admission (IPEDS),Yes,,,,,0,100,2,noindex,"tier C, no clicks in 12 months",
school-of-the-art-institute-of-chicago,School of the Art Institute of Chicago,IL,B,no cited GPA; test blind,No,,77%,,,0,81,1,index,tier B,
schoolcraft-college,Schoolcraft College,MI,C,open admission (IPEDS),Yes,,,,,0,0,0,noindex,"tier C, no clicks in 12 months",
schreiner-university,Schreiner University,TX,B,no cited GPA; test blind,No,,88%,,,0,203,2,index,tier B,
scottsdale-community-college,Scottsdale Community College,AZ,C,open admission (IPEDS),Yes,,,,,0,13,1,noindex,"tier C, no clicks in 12 months",
scripps,Scripps College,CA,B,no cited GPA,No,,38%,math 720-770,31-34,0,137,1,index,tier B,
seattle-central-college,Seattle Central College,WA,C,open admission (IPEDS),Yes,,,,,0,2,1,noindex,"tier C, no clicks in 12 months",seattle-community-college-central-campus
seattle-pacific-university,Seattle Pacific University,WA,B,no cited GPA; test blind,No,,83%,,,0,273,2,index,tier B,
seattle-university,Seattle University,WA,B,no cited GPA,No,,77%,math 580-720,23-30,0,518,2,index,tier B,
selma-university,Selma University,AL,C,open admission (IPEDS),Yes,,,,,0,104,2,noindex,"tier C, no clicks in 12 months",
seminole-state-college,Seminole State College,OK,C,open admission (IPEDS),Yes,,,,,0,6,1,noindex,"tier C, no clicks in 12 months",
seminole-state-college-of-florida,Seminole State College of Florida,FL,C,open admission (IPEDS),Yes,,,,,0,22,1,noindex,"tier C, no clicks in 12 months",
seton-hall-university,Seton Hall University,NJ,B,no cited GPA,No,,73%,math 600-690,27-32,0,2017,2,index,tier B,
seton-hill-university,Seton Hill University,PA,B,no cited GPA,No,,80%,math 510-620,19-27,0,153,2,index,tier B,
sewanee-the-university-of-the-south,Sewanee The University of the South,TN,B,no cited GPA,No,,57%,math 620-680,27-31,0,790,2,index,tier B,
seward-county-community-college,Seward County Community College,KS,C,open admission (IPEDS),Yes,,,,,0,8,1,noindex,"tier C, no clicks in 12 months",seward-county-community-college-and-area-technical-school
shasta-bible-college-and-graduate-school,Shasta Bible College and Graduate School,CA,B,no cited GPA; test blind,No,,100%,,,0,3,1,index,tier B,
shasta-college,Shasta College,CA,C,open admission (IPEDS),Yes,,,,,0,23,1,noindex,"tier C, no clicks in 12 months",
shaw-university,Shaw University,NC,B,no cited GPA; test blind,No,,80%,,,1,487,1,index,tier B,
shawnee-community-college,Shawnee Community College,IL,C,open admission (IPEDS),Yes,,,,,0,2,1,noindex,"tier C, no clicks in 12 months",
shawnee-state-university,Shawnee State University,OH,C,open admission (IPEDS),Yes,,,,,0,87,2,noindex,"tier C, no clicks in 12 months",
shelton-state-community-college,Shelton State Community College,AL,C,open admission (IPEDS),Yes,,,,,0,34,1,noindex,"tier C, no clicks in 12 months",
shenandoah-university,Shenandoah University,VA,A,"cited GPA, acceptance rate and test blind",No,3.73 (2024-25),77%,,,0,596,2,index,tier A,
shepherd-university,Shepherd University,WV,B,no cited GPA,No,,97%,math 410-540,19-24,0,115,2,index,tier B,
shepherds-theological-seminary,Shepherds Theological Seminary,NC,C,"no cited GPA, acceptance rate or SAT/ACT",,,,,,0,2,1,noindex,"tier C, no clicks in 12 months",
sheridan-college,Sheridan College,WY,C,open admission (IPEDS),Yes,,,,,2,83,1,index,"tier C, kept for traffic: 2 clicks in 12 months",
shippensburg-university-of-pennsylvania,Shippensburg University of Pennsylvania,PA,B,no cited GPA,No,,86%,,16-28,0,410,2,index,tier B,
shor-yoshuv-rabbinical-college,Sh'or Yoshuv Rabbinical College,NY,C,"no cited GPA, acceptance rate or SAT/ACT",No,,,,,0,12,1,noindex,"tier C, no clicks in 12 months",
shoreline-community-college,Shoreline Community College,WA,C,open admission (IPEDS),Yes,,,,,0,22,1,noindex,"tier C, no clicks in 12 months",
shorter-university,Shorter University,GA,B,no cited GPA,No,,96%,math 510-580,18-25,0,49,2,index,tier B,
siena-college,Siena College,NY,B,no cited GPA,No,,69%,math 560-680,27-33,0,157,1,index,tier B,
siena-heights-university,Siena Heights University,MI,B,no cited GPA,No,,69%,math 393-545,16-23,0,358,2,index,tier B,
sierra-college,Sierra College,CA,C,open admission (IPEDS),Yes,,,,,0,38,1,noindex,"tier C, no clicks in 12 months",
simmons,Simmons University,MA,B,no cited GPA,No,,70%,math 600-690,26-34,1,96,1,index,tier B,
simmons-college-of-kentucky,Simmons College of Kentucky,KY,B,no cited GPA; test blind,No,,100%,,,0,1,1,index,tier B,
simpson-college,Simpson College,IA,B,no cited GPA,No,,86%,,31-33,0,42,1,index,tier B,
simpson-university,Simpson University,CA,B,no cited GPA; test blind,No,,86%,,,0,25,1,index,tier B,
sinclair-community-college,Sinclair Community College,OH,C,open admission (IPEDS),Yes,,,,,0,71,1,noindex,"tier C, no clicks in 12 months",
sinte-gleska-university,Sinte Gleska University,SD,C,open admission (IPEDS),Yes,,,,,1,40,2,index,"tier C, kept for traffic: 1 clicks in 12 months",
sioux-falls,University of Sioux Falls,SD,B,no cited GPA; test blind,No,,83%,,,0,121,2,index,tier B,
sisseton-wahpeton-college,Sisseton Wahpeton College,SD,C,open admission (IPEDS),Yes,,,,,0,4,1,noindex,"tier C, no clicks in 12 months",
sitting-bull-college,Sitting Bull College,ND,C,open admission (IPEDS),Yes,,,,,0,0,0,noindex,"tier C, no clicks in 12 months",
skagit-valley-college,Skagit Valley College,WA,C,open admission (IPEDS),Yes,,,,,0,6,1,noindex,"tier C, no clicks in 12 months",
skidmore-college,Skidmore College,NY,B,no cited GPA,No,,21%,math 660-730,31-33,0,161,1,index,tier B,
skyline-college,Skyline College,CA,C,open admission (IPEDS),Yes,,,,,0,32,1,noindex,"tier C, no clicks in 12 months",
slippery-rock-university-of-pennsylvania,Slippery Rock University of Pennsylvania,PA,B,no cited GPA,No,,71%,math 480-580,18-26,3,509,2,index,tier B,
smith,Smith College,MA,B,no cited GPA,No,,21%,math 700-780,32-35,0,118,1,index,tier B,
smith-chason-college,Smith Chason College,CA,C,open admission (IPEDS),Yes,,,,,0,1,1,noindex,"tier C, no clicks in 12 months",west-coast-ultrasound-institute
snead-state-community-college,Snead State Community College,AL,C,open admission (IPEDS),Yes,,,,,0,51,1,noindex,"tier C, no clicks in 12 months",
snow-college,Snow College,UT,C,open admission (IPEDS),Yes,,,,,0,42,1,noindex,"tier C, no clicks in 12 months",
soka-university-of-america,Soka University of America,CA,B,no cited GPA,No,,43%,math 713-790,,1,153,2,index,tier B,
solano-community-college,Solano Community College,CA,C,open admission (IPEDS),Yes,,,,,1,18,1,index,"tier C, kept for traffic: 1 clicks in 12 months",
somerset-community-college,Somerset Community College,KY,C,open admission (IPEDS),Yes,,,,,0,8,1,noindex,"tier C, no clicks in 12 months",
sonoma-state-university,Sonoma State University,CA,B,no cited GPA; test blind,No,,93%,,,0,310,2,index,tier B,
south-arkansas-college,South Arkansas College,AR,C,open admission (IPEDS),Yes,,,,,0,2,1,noindex,"tier C, no clicks in 12 months",south-arkansas-community-college
south-baylo-university,South Baylo University,CA,C,"no cited GPA, acceptance rate or SAT/ACT",,,,,,0,49,2,noindex,"tier C, no clicks in 12 months",
south-carolina-state-university,South Carolina State University,SC,B,no cited GPA; test blind,No,,83%,,,0,332,2,index,tier B,
south-central-college,South Central College,MN,C,open admission (IPEDS),Yes,,,,,0,18,1,noindex,"tier C, no clicks in 12 months",
south-college,South College,TN,C,open admission (IPEDS),Yes,,,,,0,61,2,noindex,"tier C, no clicks in 12 months",
south-dakota-school-of-mines-and-technology,South Dakota School of Mines and Technology,SD,B,no cited GPA,No,,80%,math 580-680,24-30,0,36,1,index,tier B,
south-dakota-state-university,South Dakota State University,SD,B,no cited GPA,No,,98%,math 530-630,19-25,0,247,2,index,tier B,
south-florida-bible-college-and-theological-seminary,South Florida Bible College and Theological Seminary,FL,C,open admission (IPEDS),Yes,,,,,0,4,1,noindex,"tier C, no clicks in 12 months",
south-florida-state-college,South Florida State College,FL,C,open admission (IPEDS),Yes,,,,,0,4,1,noindex,"tier C, no clicks in 12 months",south-florida-community-college
south-georgia-state-college,South Georgia State College,GA,C,open admission (IPEDS),Yes,,,,,0,14,3,noindex,"tier C, no clicks in 12 months",
south-georgia-technical-college,South Georgia Technical College,GA,C,open admission (IPEDS),Yes,,,,,0,8,1,noindex,"tier C, no clicks in 12 months",
south-hills-school-of-business-and-technology,South Hills School of Business &amp; Technology,PA,B,no cited GPA; test blind,No,,97%,,,0,8,1,index,tier B,
south-louisiana-community-college,South Louisiana Community College,LA,C,open admission (IPEDS),Yes,,,,,0,6,3,noindex,"tier C, no clicks in 12 months",
south-mountain-community-college,South Mountain Community College,AZ,C,open admission (IPEDS),Yes,,,,,0,2,1,noindex,"tier C, no clicks in 12 months",
south-piedmont-community-college,South Piedmont Community College,NC,C,open admission (IPEDS),Yes,,,,,0,6,1,noindex,"tier C, no clicks in 12 months",
south-plains-college,South Plains College,TX,C,open admission (IPEDS),Yes,,,,,2,34,1,index,"tier C, kept for traffic: 2 clicks in 12 months",
south-puget-sound-community-college,South Puget Sound Community College,WA,C,open admission (IPEDS),Yes,,,,,0,2,1,noindex,"tier C, no clicks in 12 months",
south-seattle-college,South Seattle College,WA,C,open admission (IPEDS),Yes,,,,,0,2,1,noindex,"tier C, no clicks in 12 months",seattle-community-college-south-campus
south-suburban-college,South Suburban College,IL,C,open admission (IPEDS),Yes,,,,,1,28,1,index,"tier C, kept for traffic: 1 clicks in 12 months",
south-texas-college,South Texas College,TX,C,open admission (IPEDS),Yes,,,,,0,186,1,noindex,"tier C, no clicks in 12 months",
south-university,South University,GA,C,open admission (IPEDS),Yes,,,,,0,392,12,noindex,"tier C, no clicks in 12 months",
southcentral-kentucky-community-and-technical-college,Southcentral Kentucky Community and Technical College,KY,C,open admission (IPEDS),Yes,,,,,0,10,1,noindex,"tier C, no clicks in 12 months",
southeast-arkansas-college,Southeast Arkansas College,AR,C,open admission (IPEDS),Yes,,,,,0,3,1,noindex,"tier C, no clicks in 12 months",
southeast-community-college-area,Southeast Community College Area,NE,C,open admission (IPEDS),Yes,,,,,0,27,1,noindex,"tier C, no clicks in 12 months",
southeast-culinary-and-hospitality-college,Southeast Culinary &amp; Hospitality College,,C,figures removed in Phase 2 H (identity under review),,,,,,0,0,0,noindex,"tier C, no clicks in 12 months",
southeast-kentucky-community-and-technical-college,Southeast Kentucky Community and Technical College,KY,C,open admission (IPEDS),Yes,,,,,0,4,1,noindex,"tier C, no clicks in 12 months",
southeast-missouri-hospital-college-of-nursing-and-health-sciences,Southeast Missouri Hospital College of Nursing and Health Sciences,MO,B,no cited GPA,No,,100%,,17-19,0,7,1,index,tier B,
southeast-missouri-state-university,Southeast Missouri State University,MO,A,"cited GPA, acceptance rate and SAT/ACT",No,3.53 (2025-26),74%,,15-20,2,805,2,index,tier A,
southeast-new-mexico-college,Southeast New Mexico College,NM,C,open admission (IPEDS),Yes,,,,,0,109,2,noindex,"tier C, no clicks in 12 months",new-mexico-state-university-carlsbad
southeast-technical-college,Southeast Technical College,SD,C,open admission (IPEDS),Yes,,,,,0,3,1,noindex,"tier C, no clicks in 12 months",southeast-technical-institute
southeastern-baptist-college,Southeastern Baptist College,MS,B,no cited GPA,No,,100%,,5-7,0,9,1,index,tier B,
southeastern-baptist-theological-seminary,Southeastern Baptist Theological Seminary,NC,B,no cited GPA,No,,75%,math 460-590,21-24,0,12,1,index,tier B,
southeastern-college,Southeastern College,FL,B,no cited GPA; test blind,No,,87%,,,0,10,1,index,tier B,
southeastern-community-college-ia,Southeastern Community College,IA,C,open admission (IPEDS),Yes,,,,,0,0,0,noindex,"tier C, no clicks in 12 months",
southeastern-community-college-nc,Southeastern Community College,NC,C,open admission (IPEDS),Yes,,,,,0,6,1,noindex,"tier C, no clicks in 12 months",
southeastern-free-will-baptist-bible-college,Southeastern Free Will Baptist Bible College,NC,C,open admission (IPEDS),Yes,,,,,0,5,1,noindex,"tier C, no clicks in 12 months",
southeastern-illinois-college,Southeastern Illinois College,IL,C,open admission (IPEDS),Yes,,,,,0,3,1,noindex,"tier C, no clicks in 12 months",
southeastern-louisiana-university,Southeastern Louisiana University,LA,B,no cited GPA,No,,99%,,18-24,1,3097,2,index,tier B,
southeastern-oklahoma-state-university,Southeastern Oklahoma State University,OK,B,no cited GPA,No,,76%,math 490-593,18-24,0,93,2,index,tier B,
southeastern-technical-college,Southeastern Technical College,GA,C,open admission (IPEDS),Yes,,,,,0,2,1,noindex,"tier C, no clicks in 12 months",
southeastern-university,Southeastern University,FL,B,no cited GPA; test blind,No,,53%,,,2,610,2,index,tier B,
southern-adventist-university,Southern Adventist University,TN,B,no cited GPA,No,,66%,math 490-640,19-25,0,79,2,index,tier B,
southern-arkansas-university-main-campus,Southern Arkansas University Main Campus,AR,B,no cited GPA,No,,75%,math 425-540,17-24,0,97,2,index,tier B,
southern-arkansas-university-tech,Southern Arkansas University Tech,AR,C,open admission (IPEDS),Yes,,,,,0,55,2,noindex,"tier C, no clicks in 12 months",
southern-california-institute-of-architecture,Southern California Institute of Architecture,CA,B,no cited GPA or SAT/ACT,No,,77%,,,0,12,1,index,tier B,
southern-california-institute-of-technology,Southern California Institute of Technology,CA,B,no cited GPA; test blind,No,,74%,,,0,8,1,index,tier B,
southern-california-seminary,Southern California Seminary,CA,C,open admission (IPEDS),Yes,,,,,0,0,0,noindex,"tier C, no clicks in 12 months",
southern-california-university-of-health-sciences,Southern California University of Health Sciences,CA,C,open admission (IPEDS),Yes,,,,,11,204,1,index,"tier C, kept for traffic: 11 clicks in 12 months",
southern-connecticut-state-university,Southern Connecticut State University,CT,B,no cited GPA; test blind,No,,91%,,,3,852,2,index,tier B,
southern-crescent-technical-college,Southern Crescent Technical College,GA,C,open admission (IPEDS),Yes,,,,,0,18,1,noindex,"tier C, no clicks in 12 months",
southern-illinois-university-carbondale,Southern Illinois University Carbondale,IL,B,no cited GPA,No,,87%,math 430-570,18-25,0,338,2,index,tier B,
southern-illinois-university-edwardsville,Southern Illinois University Edwardsville,IL,B,no cited GPA,No,,98%,math 460-590,20-27,5,843,2,index,tier B,
southern-maine-community-college,Southern Maine Community College,ME,C,open admission (IPEDS),Yes,,,,,0,35,1,noindex,"tier C, no clicks in 12 months",
southern-methodist-university,Southern Methodist University,TX,A,"cited GPA, acceptance rate and SAT/ACT",No,3.69 (2025-26),63%,math 670-750,30-34,0,468,2,index,tier A,
southern-nazarene-university,Southern Nazarene University,OK,C,open admission (IPEDS),Yes,,,,,1,281,2,index,"tier C, kept for traffic: 1 clicks in 12 months",
southern-new-hampshire-university,Southern New Hampshire University,NH,B,no cited GPA; test blind,No,,100%,,,6,1842,2,index,tier B,
southern-oregon-university,Southern Oregon University,OR,B,no cited GPA; test blind,No,,89%,,,0,401,2,index,tier B,
southern-regional-technical-college,Southern Regional Technical College,GA,C,open admission (IPEDS),Yes,,,,,0,14,2,noindex,"tier C, no clicks in 12 months",
southern-state-community-college,Southern State Community College,OH,C,open admission (IPEDS),Yes,,,,,0,0,0,noindex,"tier C, no clicks in 12 months",
southern-technical-college,Southern Technical College,FL,C,open admission (IPEDS),Yes,,,,,0,0,0,noindex,"tier C, no clicks in 12 months",southwest-florida-college
southern-union-state-community-college,Southern Union State Community College,AL,C,open admission (IPEDS),Yes,,,,,0,33,1,noindex,"tier C, no clicks in 12 months",
southern-university-and-a-m-college,Southern University and A &amp; M College,LA,B,no cited GPA,No,,35%,math 380-490,15-19,1,326,3,index,tier B,
southern-university-at-new-orleans,Southern University at New Orleans,LA,B,no cited GPA,No,,79%,math 410-510,15-20,0,181,2,index,tier B,
southern-university-at-shreveport,Southern University at Shreveport,LA,C,open admission (IPEDS),Yes,,,,,0,104,2,noindex,"tier C, no clicks in 12 months",
southern-university-law-center,Southern University Law Center,LA,C,"no cited GPA, acceptance rate or SAT/ACT",,,,,,8,1544,1,index,"tier C, kept for traffic: 8 clicks in 12 months",
southern-utah-university,Southern Utah University,UT,B,no cited GPA; test blind,No,,82%,,,0,533,2,index,tier B,
southern-virginia-university,Southern Virginia University,VA,B,no cited GPA; test blind,No,,96%,,,0,402,1,index,tier B,
southern-wesleyan,Southern Wesleyan University,SC,B,no cited GPA,No,,100%,math 510-590,22-28,1,36,2,index,tier B,
southern-west-virginia-community-and-technical-college,Southern West Virginia Community and Technical College,WV,C,open admission (IPEDS),Yes,,,,,0,3,1,noindex,"tier C, no clicks in 12 months",
southside-virginia-community-college,Southside Virginia Community College,VA,C,open admission (IPEDS),Yes,,,,,0,6,1,noindex,"tier C, no clicks in 12 months",
southwest-baptist-university,Southwest Baptist University,MO,B,no cited GPA,No,,68%,math 380-600,17-26,0,73,2,index,tier B,
southwest-college-for-the-deaf,Southwest College for the Deaf,TX,C,open admission (IPEDS),Yes,,,,,0,10,1,noindex,"tier C, no clicks in 12 months",southwest-collegiate-institute-for-the-deaf
southwest-minnesota-state-university,Southwest Minnesota State University,MN,B,no cited GPA,No,,62%,,16-23,0,64,2,index,tier B,
southwest-mississippi-community-college,Southwest Mississippi Community College,MS,C,open admission (IPEDS),Yes,,,,,0,17,1,noindex,"tier C, no clicks in 12 months",
southwest-tennessee-community-college,Southwest Tennessee Community College,TN,C,open admission (IPEDS),Yes,,,,,0,15,1,noindex,"tier C, no clicks in 12 months",
southwest-texas-college,Southwest Texas College,TX,C,open admission (IPEDS),Yes,,,,,0,5,1,noindex,"tier C, no clicks in 12 months",southwest-texas-junior-college
southwest-university-at-el-paso,Southwest University at El Paso,TX,C,open admission (IPEDS),Yes,,,,,0,3,1,noindex,"tier C, no clicks in 12 months",southwest-career-college
southwest-virginia-community-college,Southwest Virginia Community College,VA,C,open admission (IPEDS),Yes,,,,,0,5,1,noindex,"tier C, no clicks in 12 months",
southwest-wisconsin-technical-college,Southwest Wisconsin Technical College,WI,C,open admission (IPEDS),Yes,,,,,0,5,1,noindex,"tier C, no clicks in 12 months",
southwestern-adventist-university,Southwestern Adventist University,TX,B,no cited GPA,No,,78%,math 445-590,17-25,0,37,2,index,tier B,
southwestern-christian-college,Southwestern Christian College,TX,C,open admission (IPEDS),Yes,,,,,0,1,1,noindex,"tier C, no clicks in 12 months",
southwestern-christian-university,Southwestern Christian University,OK,C,open admission (IPEDS),Yes,,,,,0,27,2,noindex,"tier C, no clicks in 12 months",
southwestern-college-ca,Southwestern College,CA,C,open admission (IPEDS),Yes,,,,,0,22,1,noindex,"tier C, no clicks in 12 months",
southwestern-college-ks,Southwestern College,KS,B,no cited GPA; test blind,No,,76%,,,0,21,1,index,tier B,
southwestern-community-college-ia,Southwestern Community College,IA,C,open admission (IPEDS),Yes,,,,,0,7,1,noindex,"tier C, no clicks in 12 months",
southwestern-community-college-nc,Southwestern Community College,NC,C,open admission (IPEDS),Yes,,,,,0,3,1,noindex,"tier C, no clicks in 12 months",
southwestern-illinois-college,Southwestern Illinois College,IL,C,open admission (IPEDS),Yes,,,,,0,16,1,noindex,"tier C, no clicks in 12 months",
southwestern-michigan-college,Southwestern Michigan College,MI,C,open admission (IPEDS),Yes,,,,,0,32,1,noindex,"tier C, no clicks in 12 months",
southwestern-oklahoma-state-university,Southwestern Oklahoma State University,OK,C,open admission (IPEDS),Yes,,,,,0,111,2,noindex,"tier C, no clicks in 12 months",
southwestern-oregon-community-college,Southwestern Oregon Community College,OR,C,open admission (IPEDS),Yes,,,,,0,16,1,noindex,"tier C, no clicks in 12 months",
southwestern-university,Southwestern University,TX,B,no cited GPA,No,,43%,math 550-630,26-30,0,323,2,index,tier B,
sowela-technical-community-college,SOWELA Technical Community College,LA,C,open admission (IPEDS),Yes,,,,,0,19,1,noindex,"tier C, no clicks in 12 months",
spalding,Spalding University,KY,B,no cited GPA,No,,99%,math 435-525,15-22,0,49,2,index,tier B,
spartan-college-of-aeronautics-and-technology,Spartan College of Aeronautics and Technology,OK,C,open admission (IPEDS),Yes,,,,,0,23,1,noindex,"tier C, no clicks in 12 months",
spartan-college-of-aeronautics-and-technology-co,Spartan College of Aeronautics and Technology,CO,C,open admission (IPEDS),Yes,,,,,0,2,1,noindex,"tier C, no clicks in 12 months",redstone-college
spartanburg-community-college,Spartanburg Community College,SC,C,open admission (IPEDS),Yes,,,,,0,34,1,noindex,"tier C, no clicks in 12 months",
spartanburg-methodist-college,Spartanburg Methodist College,SC,B,no cited GPA; test blind,No,,78%,,,0,22,1,index,tier B,
spelman,Spelman College,GA,A,"cited GPA, acceptance rate and SAT/ACT",No,3.96 (2025-26),25%,math 518-640,22-29,0,676,1,index,tier A,
spokane-community-college,Spokane Community College,WA,C,open admission (IPEDS),Yes,,,,,1,14,1,index,"tier C, kept for traffic: 1 clicks in 12 months",
spokane-falls-community-college,Spokane Falls Community College,WA,C,open admission (IPEDS),Yes,,,,,0,10,1,noindex,"tier C, no clicks in 12 months",
spoon-river-college,Spoon River College,IL,C,open admission (IPEDS),Yes,,,,,0,6,1,noindex,"tier C, no clicks in 12 months",
spring-arbor-university,Spring Arbor University,MI,B,no cited GPA,No,,52%,math 470-610,,0,143,2,index,tier B,
spring-hill-college,Spring Hill College,AL,B,no cited GPA,No,,77%,,17-29,0,35,1,index,tier B,
springfield-college,Springfield College,MA,A,"cited GPA, acceptance rate and SAT/ACT",No,3.22 (2025-26),72%,math 510-640,27-29,0,130,1,index,tier A,
springfield-technical-community-college,Springfield Technical Community College,MA,C,open admission (IPEDS),Yes,,,,,0,8,1,noindex,"tier C, no clicks in 12 months",
st-catherine-university,St Catherine University,MN,B,no cited GPA,No,,92%,math 370-580,20-26,0,108,2,index,tier B,
st-charles-community-college,St Charles Community College,MO,C,open admission (IPEDS),Yes,,,,,0,16,1,noindex,"tier C, no clicks in 12 months",
st-clair-county-community-college,St Clair County Community College,MI,C,open admission (IPEDS),Yes,,,,,0,6,1,noindex,"tier C, no clicks in 12 months",
st-cloud-technical-and-community-college,St Cloud Technical and Community College,MN,C,open admission (IPEDS),Yes,,,,,2,30,1,index,"tier C, kept for traffic: 2 clicks in 12 months",
st-francis-college,St. Francis College,NY,C,open admission (IPEDS),Yes,,,,,0,102,1,noindex,"tier C, no clicks in 12 months",
st-john-fisher-university,St. John Fisher University,NY,A,"cited GPA, acceptance rate and SAT/ACT",No,3.52 (2025-26),66%,math 560-650,23-28,0,49,1,index,tier A,saint-john-fisher-college
st-johns,St. John's College,MD,B,no cited GPA,No,,55%,math 590-690,27-32,0,54,1,index,tier B,
st-johns-college-nm,St. John's College,NM,B,no cited GPA,No,,53%,math 610-710,28-34,0,15,1,index,tier B,
st-johns-university-new-york,St. John's University New York,NY,B,no cited GPA,No,,83%,math 570-670,24-29,3,3090,2,index,tier B,
st-joseph-school-of-nursing,St Joseph School of Nursing,NH,C,open admission (IPEDS),Yes,,,,,0,9,1,noindex,"tier C, no clicks in 12 months",
st-josephs-college-of-nursing,St. Joseph's College of Nursing,NY,B,no cited GPA; test blind,No,,100%,,,0,27,1,index,tier B,st-josephs-college-of-nursing-at-st-josephs-hospital-health-center
st-josephs-university-new-york,St. Joseph's University New York,NY,B,no cited GPA,No,,72%,math 550-630,24-29,0,29,1,index,tier B,saint-josephs-college-new-york
st-lawrence-university,St Lawrence University,NY,B,no cited GPA,No,,54%,math 610-710,30-33,0,86,1,index,tier B,
st-louis-college-of-health-careers-fenton,St Louis College of Health Careers Fenton,MO,B,no cited GPA; test blind,No,,80%,,,0,0,0,index,tier B,
st-louis-college-of-health-careers-st-louis,St Louis College of Health Careers St Louis,MO,C,"no cited GPA, acceptance rate or SAT/ACT",No,,,,,0,0,0,noindex,"tier C, no clicks in 12 months",
st-lukes-college,St Luke's College,IA,B,no cited GPA,No,,80%,,17-23,0,6,1,index,tier B,
st-marys-college-of-maryland,St. Mary's College of Maryland,MD,A,"cited GPA, acceptance rate and SAT/ACT",No,3.49 (2025-26),69%,math 553-650,26-31,0,73,1,index,tier A,
st-marys-seminary-and-university,St. Mary's Seminary & University,,C,figures removed in Phase 2 H (identity under review),,,,,,0,81,1,noindex,"tier C, no clicks in 12 months",
st-marys-university,St. Mary's University,TX,B,no cited GPA,No,,98%,math 435-645,15-27,0,338,2,index,tier B,
st-olaf-college,St Olaf College,MN,B,no cited GPA,No,,48%,math 640-730,28-32,0,115,1,index,tier B,
st-pauls-school-of-nursing-queens,St Paul's School of Nursing Queens,NY,C,open admission (IPEDS),Yes,,,,,0,40,1,noindex,"tier C, no clicks in 12 months",
st-pauls-school-of-nursing-staten-island,St Paul's School of Nursing Staten Island,NY,C,open admission (IPEDS),Yes,,,,,0,14,1,noindex,"tier C, no clicks in 12 months",
st-peters-hospital-college-of-nursing,St. Peter's Hospital College of Nursing,NY,B,no cited GPA; test blind,No,,100%,,,0,5,1,index,tier B,memorial-hospital-school-of-nursing
st-petersburg-college,St Petersburg College,FL,C,open admission (IPEDS); has cited GPA,Yes,2.95 (2024-25),,,,0,126,1,index,"tier C, kept: it shows a GPA the college reported",
st-philips-college,St Philip's College,TX,C,open admission (IPEDS),Yes,,,,,0,81,1,noindex,"tier C, no clicks in 12 months",
st-thomas-university,St. Thomas University,FL,B,no cited GPA; test blind,No,,98%,,,0,874,4,index,tier B,
stanford,Stanford University,CA,A,"cited GPA, acceptance rate and SAT/ACT",No,3.94 (2025-26),3.6%,math 770-800,34-35,1,3285,2,index,tier A,
stanly-community-college,Stanly Community College,NC,C,open admission (IPEDS),Yes,,,,,0,3,1,noindex,"tier C, no clicks in 12 months",
stark-state-college,Stark State College,OH,C,open admission (IPEDS),Yes,,,,,1,42,1,index,"tier C, kept for traffic: 1 clicks in 12 months",
state-college-of-florida-manatee-sarasota,State College of Florida Manatee Sarasota,FL,C,open admission (IPEDS),Yes,,,,,0,18,1,noindex,"tier C, no clicks in 12 months",
state-fair-community-college,State Fair Community College,MO,C,open admission (IPEDS),Yes,,,,,0,13,1,noindex,"tier C, no clicks in 12 months",
state-technical-college-of-missouri,State Technical College of Missouri,MO,C,open admission (IPEDS),Yes,,,,,0,3,1,noindex,"tier C, no clicks in 12 months",linn-state-technical-college
state-university-of-new-york-at-new-paltz,State University of New York at New Paltz,NY,B,no cited GPA,No,,62%,math 570-650,25-29,0,139,2,index,tier B,
stautzenberger-college-brecksville,Stautzenberger College Brecksville,OH,C,open admission (IPEDS),Yes,,,,,0,1,1,noindex,"tier C, no clicks in 12 months",
stautzenberger-college-maumee,Stautzenberger College Maumee,OH,C,open admission (IPEDS),Yes,,,,,0,4,1,noindex,"tier C, no clicks in 12 months",
stephen-f-austin-state-university,Stephen F Austin State University,TX,B,no cited GPA,No,,94%,math 470-570,18-24,0,473,2,index,tier B,
stephens-college,Stephens College,MO,B,no cited GPA; test blind,No,,77%,,,0,24,1,index,tier B,
sterling-college-ks,Sterling College,KS,B,no cited GPA or SAT/ACT,No,,48%,,,0,10,1,index,tier B,
sterling-college-vt,Sterling College,VT,B,no cited GPA; test blind,No,,67%,,,0,1,1,index,tier B,
stetson-university,Stetson University,FL,B,no cited GPA,No,,72%,math 520-610,21-28,0,950,2,index,tier B,
stevens,Stevens Institute of Technology,NJ,B,no cited GPA,No,,48%,math 710-770,31-34,0,88,1,index,tier B,
stevens-institute-of-business-and-arts,Stevens Institute of Business &amp; Arts,MO,B,no cited GPA or SAT/ACT,No,,100%,,,0,3,1,index,tier B,
stevenson-university,Stevenson University,MD,B,no cited GPA; test blind,No,,79%,,,0,813,2,index,tier B,
stillman-college,Stillman College,AL,B,no cited GPA; test blind,No,,62%,,,0,37,1,index,tier B,
stockton-university,Stockton University,NJ,B,no cited GPA,No,,89%,math 500-610,21-25,0,239,1,index,tier B,the-richard-stockton-college-of-new-jersey
stone-child-college,Stone Child College,MT,C,open admission (IPEDS),Yes,,,,,0,3,1,noindex,"tier C, no clicks in 12 months",
stonehill-college,Stonehill College,MA,B,no cited GPA; test blind,No,,66%,,,0,192,1,index,tier B,
stony-brook,Stony Brook University,NY,B,no cited GPA,No,,49%,math 680-770,29-33,9,4570,2,index,tier B,
strayer-university,Strayer University,DC,C,open admission (IPEDS),Yes,,,,,2,743,21,index,"tier C, kept for traffic: 2 clicks in 12 months",
suffolk-county-community-college,Suffolk County Community College,NY,C,open admission (IPEDS),Yes,,,,,0,68,1,noindex,"tier C, no clicks in 12 months",
suffolk-university,Suffolk University,MA,B,no cited GPA,No,,82%,math 540-630,24-28,0,470,2,index,tier B,
sul-ross-state-university,Sul Ross State University,TX,B,no cited GPA,No,,99%,math 460-560,15-24,0,166,2,index,tier B,
sullivan-county-community-college,Sullivan County Community College,NY,C,open admission (IPEDS),Yes,,,,,0,2,1,noindex,"tier C, no clicks in 12 months",
sullivan-university,Sullivan University,KY,C,open admission (IPEDS),Yes,,,,,0,173,2,noindex,"tier C, no clicks in 12 months",
sum-bible-college-and-theological-seminary,SUM Bible College and Theological Seminary,CA,B,no cited GPA; test blind,No,,41%,,,0,1,1,index,tier B,
summit-christian-college,Summit Christian College,NE,B,no cited GPA or SAT/ACT,No,,42%,,,0,1,1,index,tier B,
suny-adirondack,SUNY Adirondack,NY,C,open admission (IPEDS),Yes,,,,,0,3,1,noindex,"tier C, no clicks in 12 months",adirondack-community-college
suny-at-albany,University at Albany,NY,B,no cited GPA or SAT/ACT,No,,69%,,,0,105,1,index,tier B,
suny-at-fredonia,SUNY at Fredonia,NY,B,no cited GPA,No,,78%,math 570-690,23-28,0,73,1,index,tier B,
suny-at-geneseo,SUNY College at Geneseo,NY,B,no cited GPA,No,,66%,math 590-670,26-31,1,195,1,index,tier B,
suny-at-purchase-college,SUNY at Purchase College,NY,B,no cited GPA,No,,74%,math 565-670,27-30,0,112,1,index,tier B,
suny-binghamton,Binghamton University,NY,B,no cited GPA,No,,39%,math 670-760,30-32,0,134,1,index,tier B,
suny-brockport,SUNY Brockport,NY,B,no cited GPA,No,,71%,math 550-640,23-26,0,103,1,index,tier B,suny-college-at-brockport
suny-buffalo-state-university,SUNY Buffalo State University,NY,B,no cited GPA,No,,73%,math 490-610,,0,25,1,index,tier B,suny-college-at-buffalo
suny-college-at-potsdam,SUNY College at Potsdam,NY,B,no cited GPA or SAT/ACT,No,,78%,,,0,39,1,index,tier B,
suny-college-of-agriculture-and-technology-at-cobleskill,SUNY College of Agriculture and Technology at Cobleskill,NY,B,no cited GPA; test blind,No,,84%,,,0,31,1,index,tier B,
suny-college-of-environmental-science-and-forestry,SUNY College of Environmental Science and Forestry,NY,A,"cited GPA, acceptance rate and test blind",No,3.41 (2025-26),63%,,,0,36,1,index,tier A,
suny-college-of-technology-at-alfred,SUNY College of Technology at Alfred,NY,B,no cited GPA,No,,76%,math 490-600,20-24,0,18,1,index,tier B,
suny-college-of-technology-at-canton,SUNY College of Technology at Canton,NY,B,no cited GPA; test blind,No,,92%,,,0,0,0,index,tier B,
suny-college-of-technology-at-delhi,SUNY College of Technology at Delhi,NY,B,no cited GPA,No,,89%,math 460-580,18-23,0,41,1,index,tier B,
suny-cortland,State University of New York at Cortland,NY,B,no cited GPA; test blind,No,,60%,,,0,228,1,index,tier B,suny-college-at-cortland
suny-maritime-college,SUNY Maritime College,NY,B,no cited GPA,No,,72%,math 553-648,22-28,0,91,1,index,tier B,
suny-morrisville,SUNY Morrisville,NY,B,no cited GPA,No,,92%,math 480-610,,1,107,1,index,tier B,morrisville-state-college
suny-old-westbury,SUNY Old Westbury,NY,B,no cited GPA; test blind,No,,84%,,,0,121,1,index,tier B,suny-college-at-old-westbury
suny-oneonta,SUNY Oneonta,NY,B,no cited GPA,No,,70%,math 550-650,25-30,0,113,1,index,tier B,suny-college-at-oneonta
suny-oswego,State University of New York at Oswego,NY,B,no cited GPA,No,,81%,math 540-640,23-29,0,181,1,index,tier B,suny-college-at-oswego
suny-plattsburgh,State University of New York at Plattsburgh,NY,B,no cited GPA,No,,78%,math 540-610,22-28,0,97,1,index,tier B,suny-college-at-plattsburgh
suny-polytechnic-institute,SUNY Polytechnic Institute,NY,B,no cited GPA,No,,81%,math 520-690,22-30,0,5,1,index,tier B,suny-institute-of-technology-at-utica-rome
suny-upstate-medical-university,SUNY Upstate Medical University,NY,C,"no cited GPA, acceptance rate or SAT/ACT",,,,,,0,70,2,noindex,"tier C, no clicks in 12 months",
suny-westchester-community-college,SUNY Westchester Community College,NY,C,open admission (IPEDS),Yes,,,,,0,85,1,noindex,"tier C, no clicks in 12 months",
surry-community-college,Surry Community College,NC,C,open admission (IPEDS),Yes,,,,,0,7,1,noindex,"tier C, no clicks in 12 months",
susquehanna-university,Susquehanna University,PA,B,no cited GPA,No,,81%,math 540-640,21-29,1,514,2,index,tier B,
sussex-county-community-college,Sussex County Community College,NJ,C,open admission (IPEDS),Yes,,,,,0,15,1,noindex,"tier C, no clicks in 12 months",
swarthmore,Swarthmore College,PA,B,no cited GPA,No,,7.5%,math 750-790,33-35,0,132,1,index,tier B,
swedish-institute-a-college-of-health-sciences,Swedish Institute a College of Health Sciences,NY,C,open admission (IPEDS),Yes,,,,,0,17,1,noindex,"tier C, no clicks in 12 months",
sweet-briar-college,Sweet Briar College,VA,B,no cited GPA,No,,76%,math 540-640,,0,24,1,index,tier B,
syracuse-university,Syracuse University,NY,B,no cited GPA,No,,46%,math 630-720,29-32,3,2345,2,index,tier B,
tabor-college,Tabor College,KS,B,no cited GPA or SAT/ACT,No,,65%,,,0,0,0,index,tier B,
tacoma-community-college,Tacoma Community College,WA,C,open admission (IPEDS),Yes,,,,,0,5,1,noindex,"tier C, no clicks in 12 months",
taft-college,Taft College,CA,C,open admission (IPEDS),Yes,,,,,0,6,1,noindex,"tier C, no clicks in 12 months",
taft-university-system,Taft University System,CO,C,"no cited GPA, acceptance rate or SAT/ACT",,,,,,0,51,2,noindex,"tier C, no clicks in 12 months",
talladega-college,Talladega College,AL,B,no cited GPA; test blind,No,,85%,,,0,37,1,index,tier B,
tallahassee-state-college,Tallahassee State College,FL,C,open admission (IPEDS),Yes,,,,,0,18,1,noindex,"tier C, no clicks in 12 months",tallahassee-community-college
talmudic-college-of-florida,Talmudic College of Florida,FL,C,open admission (IPEDS),Yes,,,,,0,2,1,noindex,"tier C, no clicks in 12 months",
talmudical-academy-new-jersey,Talmudical Academy New Jersey,NJ,B,no cited GPA; test blind,No,,43%,,,0,0,0,index,tier B,
talmudical-institute-of-upstate-new-york,Talmudical Institute of Upstate New York,NY,B,no cited GPA; test blind,No,,100%,,,0,1,1,index,tier B,
talmudical-seminary-of-bobov,Talmudical Seminary of Bobov,NY,B,no cited GPA; test blind,No,,98%,,,0,5,1,index,tier B,
talmudical-seminary-oholei-torah,Talmudical Seminary Oholei Torah,NY,B,no cited GPA; test blind,No,,77%,,,0,2,1,index,tier B,
talmudical-yeshiva-of-philadelphia,Talmudical Yeshiva of Philadelphia,PA,B,no cited GPA; test blind,No,,90%,,,0,10,1,index,tier B,
tarleton-state-university,Tarleton State University,TX,B,no cited GPA,No,,90%,math 480-570,19-24,1,752,2,index,tier B,
tarrant-county-college-district,Tarrant County College District,TX,C,open admission (IPEDS),Yes,,,,,0,42,1,noindex,"tier C, no clicks in 12 months",
taylor,Taylor University,IN,A,"cited GPA, acceptance rate and SAT/ACT",No,3.8 (2023-24),74%,math 530-660,24-31,1,477,2,index,tier A,
taylor-business-institute,Taylor Business Institute,IL,B,no cited GPA; test blind,No,,91%,,,0,0,0,index,tier B,
taylor-college,Taylor College,FL,C,open admission (IPEDS),Yes,,,,,0,3,1,noindex,"tier C, no clicks in 12 months",
teachers-college-at-columbia-university,Teachers College at Columbia University,NY,C,"no cited GPA, acceptance rate or SAT/ACT",,,,,,18,1100,2,index,"tier C, kept for traffic: 18 clicks in 12 months",
technical-college-of-the-lowcountry,Technical College of the Lowcountry,SC,C,open admission (IPEDS),Yes,,,,,0,8,1,noindex,"tier C, no clicks in 12 months",
technical-school,Penn Commercial Business/Technical School,PA,B,no cited GPA; test blind,No,,56%,,,0,2,1,index,tier B,
telshe-yeshiva-chicago,Telshe Yeshiva Chicago,IL,B,no cited GPA; test blind,No,,100%,,,0,12,1,index,tier B,
temple-college,Temple College,TX,C,open admission (IPEDS),Yes,,,,,0,36,1,noindex,"tier C, no clicks in 12 months",
temple-university,Temple University,PA,B,no cited GPA; test blind,No,,80%,,,0,1375,2,index,tier B,
tennessee-state-university,Tennessee State University,TN,B,no cited GPA,No,,70%,math 420-510,16-21,0,282,2,index,tier B,
tennessee-technological-university,Tennessee Technological University,TN,B,no cited GPA,No,,76%,math 520-660,20-27,0,404,2,index,tier B,
tennessee-wesleyan-university,Tennessee Wesleyan University,TN,B,no cited GPA,No,,69%,,19-23,0,26,1,index,tier B,tennessee-wesleyan-college
terra-state-community-college,Terra State Community College,OH,C,open admission (IPEDS),Yes,,,,,0,11,1,noindex,"tier C, no clicks in 12 months",
texarkana-college,Texarkana College,TX,C,open admission (IPEDS),Yes,,,,,0,9,1,noindex,"tier C, no clicks in 12 months",
texas-a-and-m-international-university,Texas A &amp; M International University,TX,B,no cited GPA,No,,44%,math 420-530,16-22,1,198,2,index,tier B,
texas-a-and-m-university-central-texas,Texas A&amp;M University Central Texas,TX,B,no cited GPA; test blind,No,,100%,,,1,45,1,index,tier B,
texas-a-and-m-university-college-station,Texas A &amp; M University College Station,TX,B,no cited GPA,No,,57%,math 570-710,25-31,2,948,4,index,tier B,
texas-a-m-university-corpus-christi,Texas A &amp; M University Corpus Christi,TX,A,"cited GPA, acceptance rate and SAT/ACT",No,3.42 (2025-26),89%,math 470-583,19-25,0,268,3,index,tier A,
texas-a-m-university-kingsville,Texas A &amp; M University Kingsville,TX,A,"cited GPA, acceptance rate and SAT/ACT",No,3.43 (2024-25),91%,math 480-560,,0,253,3,index,tier A,
texas-a-m-university-texarkana,Texas A &amp; M University Texarkana,TX,B,no cited GPA; test blind,No,,64%,,,0,79,3,index,tier B,
texas-christian-university,Texas Christian University,TX,B,no cited GPA,No,,44%,math 560-670,26-31,0,611,2,index,tier B,
texas-college,Texas College,TX,C,open admission (IPEDS),Yes,,,,,0,84,1,noindex,"tier C, no clicks in 12 months",
texas-county-technical-college,Texas County Technical College,MO,B,no cited GPA; test blind,No,,100%,,,0,1,1,index,tier B,
texas-lutheran,Texas Lutheran University,TX,B,no cited GPA; test blind,No,,96%,,,0,91,2,index,tier B,
texas-southern-university,Texas Southern University,TX,B,no cited GPA,No,,97%,math 380-480,15-19,2,467,2,index,tier B,
texas-state-technical-college,Texas State Technical College,TX,C,open admission (IPEDS),Yes,,,,,0,136,5,noindex,"tier C, no clicks in 12 months",
texas-state-university,Texas State University,TX,B,no cited GPA,No,,89%,math 480-590,19-25,4,2337,3,index,tier B,
texas-tech,Texas Tech University,TX,B,no cited GPA,No,,73%,math 540-640,23-28,3,4885,2,index,tier B,
texas-tech-university-health-sciences-center,Texas Tech University Health Sciences Center,TX,C,"no cited GPA, acceptance rate or SAT/ACT",,,,,,1,761,1,index,"tier C, kept for traffic: 1 clicks in 12 months",
texas-wesleyan-university,Texas Wesleyan University,TX,B,no cited GPA,No,,69%,math 520-580,,0,161,2,index,tier B,
texas-womans-university,Texas Woman's University,TX,A,"cited GPA, acceptance rate and test blind",No,3.23 (2024-25),96%,,,6,1604,2,index,tier A,
thaddeus-stevens-college-of-technology,Thaddeus Stevens College of Technology,PA,B,no cited GPA or SAT/ACT,No,,71%,,,0,93,1,index,tier B,
the-chicago-school-at-chicago,The Chicago School at Chicago,IL,B,no cited GPA or SAT/ACT,No,,34%,,,0,83,1,index,tier B,the-chicago-school-of-professional-psychology-at-chicago
the-chicago-school-at-los-angeles,The Chicago School at Los Angeles,CA,B,no cited GPA or SAT/ACT,No,,46%,,,0,6,1,index,tier B,the-chicago-school-of-professional-psychology-at-los-angeles
the-chicago-school-at-san-diego,The Chicago School at San Diego,CA,C,"no cited GPA, acceptance rate or SAT/ACT",No,,,,,0,6,1,noindex,"tier C, no clicks in 12 months",the-chicago-school-of-professional-psychology-at-san-diego
the-christ-college-of-nursing-and-health-sciences,The Christ College of Nursing and Health Sciences,OH,B,no cited GPA,No,,59%,,15-25,0,23,1,index,tier B,
the-college-of-idaho,The College of Idaho,ID,B,no cited GPA,No,,49%,math 530-630,23-31,0,14,1,index,tier B,
the-college-of-new-jersey,The College of New Jersey,NJ,B,no cited GPA,No,,62%,math 570-670,26-31,0,36,1,index,tier B,
the-college-of-saint-scholastica,The College of Saint Scholastica,MN,B,no cited GPA,No,,93%,,19-25,0,17,1,index,tier B,
the-college-of-saint-thomas-more,The College of Saint Thomas More,,C,figures removed in Phase 2 H (identity under review),,,,,,0,4,1,noindex,"tier C, no clicks in 12 months",
the-college-of-the-florida-keys,The College of the Florida Keys,FL,C,open admission (IPEDS),Yes,,,,,0,4,1,noindex,"tier C, no clicks in 12 months",florida-keys-community-college
the-college-of-westchester,The College of Westchester,NY,B,no cited GPA; test blind,No,,94%,,,0,5,1,index,tier B,
the-community-college-of-baltimore-county,The Community College of Baltimore County,MD,C,open admission (IPEDS),Yes,,,,,0,1,1,noindex,"tier C, no clicks in 12 months",
the-continents-states-university,The Continents States University,,C,figures removed in Phase 2 H (identity under review),,,,,,0,2,1,noindex,"tier C, no clicks in 12 months",
the-evergreen-state-college,The Evergreen State College,WA,B,no cited GPA,No,,96%,math 495-590,23-29,0,51,1,index,tier B,
the-juilliard-school,The Juilliard School,NY,B,no cited GPA; test blind,No,,9.2%,,,0,212,1,index,tier B,
the-landing-school,The Landing School,ME,C,open admission (IPEDS),Yes,,,,,0,10,1,noindex,"tier C, no clicks in 12 months",landing-school-of-boat-building-and-design
the-masters-university-and-seminary,The Master's University and Seminary,CA,B,no cited GPA; test blind,No,,84%,,,0,0,0,index,tier B,masters-college
the-modern-college-of-design,The Modern College of Design,OH,B,no cited GPA; test blind,No,,92%,,,0,1,1,index,tier B,school-of-advertising-art-inc
the-new-england-conservatory-of-music,The New England Conservatory of Music,MA,B,no cited GPA; test blind,No,,41%,,,0,13,1,index,tier B,
the-new-school,The New School,NY,B,no cited GPA; test blind,No,,63%,,,0,27,1,index,tier B,
the-southern-baptist-theological-seminary,The Southern Baptist Theological Seminary,KY,B,no cited GPA,No,,56%,math 490-590,19-27,0,18,1,index,tier B,
the-university-of-america,The University of America,,C,figures removed in Phase 2 H (identity under review),,,,,,0,19,2,noindex,"tier C, no clicks in 12 months",
the-university-of-findlay,The University of Findlay,OH,B,no cited GPA; test blind,No,,83%,,,1,304,2,index,tier B,
the-university-of-montana,The University of Montana,MT,B,no cited GPA,No,,96%,,23-28,0,334,2,index,tier B,
the-university-of-montana-western,The University of Montana Western,MT,B,no cited GPA; test blind,No,,100%,,,0,21,2,index,tier B,
the-university-of-olivet,The University of Olivet,MI,B,no cited GPA; test blind,No,,83%,,,0,18,1,index,tier B,olivet-college
the-university-of-tampa,The University of Tampa,FL,B,no cited GPA; test blind,No,,40%,,,5,5099,2,index,tier B,
the-university-of-tennessee,The University of Tennessee,TN,B,no cited GPA,No,,42%,math 600-690,25-31,2,1770,3,index,tier B,
the-university-of-tennessee-at-chattanooga,The University of Tennessee at Chattanooga,TN,A,"cited GPA, acceptance rate and SAT/ACT",No,3.62 (2025-26),81%,math 500-590,20-26,2,690,3,index,tier A,
the-university-of-tennessee-martin,The University of Tennessee Martin,TN,B,no cited GPA,No,,88%,math 470-600,19-25,1,333,2,index,tier B,
the-university-of-tennessee-southern,The University of Tennessee Southern,TN,B,no cited GPA,No,,87%,math 470-555,18-24,0,0,0,index,tier B,martin-methodist-college
the-university-of-texas-at-arlington,The University of Texas at Arlington,TX,B,no cited GPA,No,,80%,math 500-620,19-27,3,2630,2,index,tier B,
the-university-of-texas-at-brownsville,The University of Texas at Brownsville,,C,figures removed in Phase 2 H (identity under review),,,,,,0,61,2,noindex,"tier C, no clicks in 12 months",
the-university-of-texas-at-el-paso,The University of Texas at El Paso,TX,B,no cited GPA,No,,100%,math 410-530,17-22,1,518,2,index,tier B,
the-university-of-texas-at-san-antonio,The University of Texas at San Antonio,TX,B,no cited GPA,No,,87%,math 490-600,19-25,4,1013,2,index,tier B,
the-university-of-texas-at-tyler,The University of Texas at Tyler,TX,B,no cited GPA,No,,94%,math 500-590,20-26,6,351,2,index,tier B,
the-university-of-texas-health-science-center-at-san-antonio,The University of Texas Health Science Center at San Antonio,TX,C,"no cited GPA, acceptance rate or SAT/ACT",,,,,,0,76,3,noindex,"tier C, no clicks in 12 months",
the-university-of-texas-of-the-permian-basin,The University of Texas Permian Basin,TX,B,no cited GPA,No,,95%,math 440-560,17-23,0,129,2,index,tier B,
the-university-of-texas-rio-grande-valley,The University of Texas Rio Grande Valley,TX,B,no cited GPA,No,,94%,math 420-530,15-21,0,53,2,index,tier B,the-university-of-texas-pan-american
the-university-of-virginias-college-at-wise,The University of Virginia's College at Wise,VA,B,no cited GPA,No,,29%,math 425-540,18-22,0,75,2,index,tier B,
the-university-of-west-florida,The University of West Florida,FL,A,"cited GPA, acceptance rate and SAT/ACT",No,3.64 (2024-25),58%,math 500-600,20-27,1,442,2,index,tier A,
thiel-college,Thiel College,PA,B,no cited GPA; test blind,No,,72%,,,0,48,1,index,tier B,
thomas-aquinas,Thomas Aquinas College,CA,B,no cited GPA,No,,83%,math 580-670,28-33,0,14,1,index,tier B,
thomas-college,Thomas College,ME,B,no cited GPA; test blind,No,,96%,,,0,29,1,index,tier B,
thomas-edison-state-university,Thomas Edison State University,NJ,C,open admission (IPEDS),Yes,,,,,0,15,1,noindex,"tier C, no clicks in 12 months",thomas-edison-state-college
thomas-jefferson-university,Thomas Jefferson University,PA,A,"cited GPA, acceptance rate and SAT/ACT",No,3.726 (2024-25),81%,math 580-670,25-30,6,1565,3,index,tier A,
thomas-more-college-of-liberal-arts,Thomas More College of Liberal Arts,NH,C,open admission (IPEDS),Yes,,,,,0,2,1,noindex,"tier C, no clicks in 12 months",
thomas-more-university,Thomas More University,KY,B,no cited GPA,No,,90%,math 520-620,21-27,0,26,1,index,tier B,thomas-more-college
thomas-university,Thomas University,GA,B,no cited GPA,No,,38%,math 490-600,20-24,1,32,2,index,tier B,
three-rivers-college,Three Rivers College,MO,C,open admission (IPEDS),Yes,,,,,0,15,1,noindex,"tier C, no clicks in 12 months",three-rivers-community-college-mo
tidewater-community-college,Tidewater Community College,VA,C,open admission (IPEDS),Yes,,,,,0,14,1,noindex,"tier C, no clicks in 12 months",
tiffin-university,Tiffin University,OH,A,"cited GPA, acceptance rate and SAT/ACT",No,3.2 (2023-24),80%,math 440-555,15-21,0,256,2,index,tier A,
tillamook-bay-community-college,Tillamook Bay Community College,OR,C,open admission (IPEDS),Yes,,,,,0,0,0,noindex,"tier C, no clicks in 12 months",
toccoa-falls-college,Toccoa Falls College,GA,B,no cited GPA,No,,66%,math 490-580,18-24,0,30,1,index,tier B,
tohono-oodham-community-college,Tohono O'odham Community College,AZ,C,open admission (IPEDS),Yes,,,,,0,0,0,noindex,"tier C, no clicks in 12 months",
tompkins-cortland-community-college,Tompkins Cortland Community College,NY,C,open admission (IPEDS),Yes,,,,,0,16,1,noindex,"tier C, no clicks in 12 months",
torah-temimah-talmudical-seminary,Torah Temimah Talmudical Seminary,NY,B,no cited GPA; test blind,No,,56%,,,0,5,1,index,tier B,
tougaloo-college,Tougaloo College,MS,B,no cited GPA; test blind,No,,60%,,,0,27,1,index,tier B,
touro-university,Touro University,NY,B,no cited GPA,No,,61%,math 588-723,24-32,0,59,1,index,tier B,touro-college
touro-university-california,Touro University California,CA,C,"no cited GPA, acceptance rate or SAT/ACT",No,,,,,1,120,1,index,"tier C, kept for traffic: 1 clicks in 12 months",
touro-university-nevada,Touro University Nevada,NV,C,"no cited GPA, acceptance rate or SAT/ACT",,,,,,0,120,2,noindex,"tier C, no clicks in 12 months",
touro-university-worldwide,Touro University Worldwide,CA,C,open admission (IPEDS),Yes,,,,,0,1,1,noindex,"tier C, no clicks in 12 months",touro-college-los-angeles
towson-university,Towson University,MD,B,no cited GPA,No,,82%,math 460-600,19-27,2,5541,2,index,tier B,
transylvania,Transylvania University,KY,B,no cited GPA,No,,87%,math 540-690,24-30,0,439,2,index,tier B,
treasure-valley-community-college,Treasure Valley Community College,OR,C,open admission (IPEDS),Yes,,,,,0,0,0,noindex,"tier C, no clicks in 12 months",
trevecca-nazarene-university,Trevecca Nazarene University,TN,B,no cited GPA,No,,69%,math 470-625,18-24,0,122,2,index,tier B,
tri-county-community-college,Tri-County Community College,NC,C,open admission (IPEDS),Yes,,,,,0,7,1,noindex,"tier C, no clicks in 12 months",
tri-county-technical-college,Tri-County Technical College,SC,C,open admission (IPEDS),Yes,,,,,0,18,1,noindex,"tier C, no clicks in 12 months",
tri-state-bible-college,Tri-State Bible College,OH,C,open admission (IPEDS),Yes,,,,,0,5,1,noindex,"tier C, no clicks in 12 months",
trident-technical-college,Trident Technical College,SC,C,open admission (IPEDS),Yes,,,,,0,46,1,noindex,"tier C, no clicks in 12 months",
trine-university,Trine University,IN,B,no cited GPA; test blind,No,,85%,,,0,299,2,index,tier B,
trine-university-regionalnon-traditional-campuses,Trine University Regional/Non-Traditional Campuses,IN,B,no cited GPA; test blind,No,,40%,,,0,248,4,index,tier B,
trinidad-state-college,Trinidad State College,CO,C,open admission (IPEDS),Yes,,,,,0,0,0,noindex,"tier C, no clicks in 12 months",trinidad-state-junior-college
trinity,Trinity College,CT,B,no cited GPA,No,,29%,math 640-730,30-34,0,174,1,index,tier B,
trinity-baptist-college,Trinity Baptist College,FL,B,no cited GPA,No,,53%,math 370-523,16-20,0,1,1,index,tier B,
trinity-bible-college,Trinity Bible College and Graduate School,ND,B,no cited GPA; test blind,No,,26%,,,0,5,1,index,tier B,
trinity-christian-college,Trinity Christian College,IL,B,no cited GPA,No,,85%,math 540-660,20-25,0,3,1,index,tier B,
trinity-college-of-florida,Trinity College of Florida,FL,B,no cited GPA; test blind,No,,92%,,,0,14,1,index,tier B,
trinity-college-of-nursing-and-health-sciences,Trinity College of Nursing and Health Sciences,IL,C,"no cited GPA, acceptance rate or SAT/ACT",,,,,,0,3,1,noindex,"tier C, no clicks in 12 months",
trinity-international-university-illinois,Trinity International University,IL,B,no cited GPA; test blind,No,,100%,,,0,32,2,index,tier B,
trinity-university,Trinity University,TX,B,no cited GPA,No,,26%,math 660-750,31-34,0,418,2,index,tier B,
trinity-valley-community-college,Trinity Valley Community College,TX,C,open admission (IPEDS),Yes,,,,,0,27,1,noindex,"tier C, no clicks in 12 months",
trinity-washington-university,Trinity Washington University,DC,B,no cited GPA; test blind,No,,100%,,,1,212,2,index,tier B,
triton-college,Triton College,IL,C,open admission (IPEDS),Yes,,,,,0,113,1,noindex,"tier C, no clicks in 12 months",
trocaire-college,Trocaire College,NY,B,no cited GPA; test blind,No,,97%,,,0,11,1,index,tier B,
troy-university,Troy University,AL,A,"cited GPA, acceptance rate and SAT/ACT",No,3.42 (2024-25),96%,math 450-590,18-25,0,553,2,index,tier A,
truckee-meadows-community-college,Truckee Meadows Community College,NV,C,open admission (IPEDS),Yes,,,,,0,3,1,noindex,"tier C, no clicks in 12 months",
truett-mcconnell-university,Truett McConnell University,GA,B,no cited GPA; test blind,No,,78%,,,0,17,1,index,tier B,truett-mcconnell-college
truman-state,Truman State University,MO,B,no cited GPA,No,,84%,math 570-670,25-31,2,375,2,index,tier B,
tufts,Tufts University,MA,B,no cited GPA,No,,11%,math 750-790,33-35,3,1647,3,index,tier B,
tulane-university-of-louisiana,Tulane University,LA,B,no cited GPA,No,,14%,math 700-770,31-34,1,943,2,index,tier B,
tulsa,University of Tulsa,OK,B,no cited GPA,No,,62%,math 613-770,25-34,1,248,2,index,tier B,
tulsa-community-college,Tulsa Community College,OK,C,open admission (IPEDS),Yes,,,,,0,13,1,noindex,"tier C, no clicks in 12 months",
turtle-mountain-community-college,Turtle Mountain Community College,ND,C,open admission (IPEDS),Yes,,,,,0,8,1,noindex,"tier C, no clicks in 12 months",
tusculum-university,Tusculum University,TN,B,no cited GPA; test blind,No,,72%,,,0,17,1,index,tier B,tusculum-college
tuskegee-university,Tuskegee University,AL,B,no cited GPA,No,,49%,,18-25,2,2430,2,index,tier B,
tyler-junior-college,Tyler Junior College,TX,C,open admission (IPEDS),Yes,,,,,4,92,1,index,"tier C, kept for traffic: 4 clicks in 12 months",
uab,University of Alabama at Birmingham,AL,B,no cited GPA,No,,88%,math 610-740,23-30,0,473,2,index,tier B,
uah,University of Alabama in Huntsville,AL,B,no cited GPA,No,,69%,math 610-720,24-31,1,709,3,index,tier B,
uc-berkeley,University of California Berkeley,CA,B,no cited GPA; test blind,No,,11%,,,1,2288,2,index,tier B,
uc-davis,University of California Davis,CA,B,no cited GPA; test blind,No,,42%,,,0,825,2,index,tier B,
uc-irvine,University of California Irvine,CA,B,no cited GPA; test blind,No,,29%,,,2,1700,2,index,tier B,
uc-law-san-francisco,UC Law San Francisco,CA,C,"no cited GPA, acceptance rate or SAT/ACT",,,,,,2,161,2,index,"tier C, kept for traffic: 2 clicks in 12 months",
uc-riverside,University of California Riverside,CA,A,"cited GPA, acceptance rate and test blind",No,3.75 (2025-26),76%,,,0,919,2,index,tier A,
uc-san-diego,University of California San Diego,CA,A,"cited GPA, acceptance rate and test blind",No,3.88 (2025-26),27%,,,0,1548,2,index,tier A,
uc-san-francisco,"University of California, San Francisco",CA,C,"no cited GPA, acceptance rate or SAT/ACT",,,,,,3,678,1,index,"tier C, kept for traffic: 3 clicks in 12 months",
uc-santa-barbara,University of California Santa Barbara,CA,B,no cited GPA; test blind,No,,33%,,,0,1804,2,index,tier B,
ucla,University of California Los Angeles,CA,A,"cited GPA, acceptance rate and test blind",No,3.94 (2025-26),9%,,,0,382,2,index,tier A,
uiuc,University of Illinois Urbana-Champaign,IL,B,no cited GPA,No,,42%,math 660-780,30-34,0,1281,2,index,tier B,
ulster-county-community-college,Ulster County Community College,NY,C,open admission (IPEDS),Yes,,,,,0,3,1,noindex,"tier C, no clicks in 12 months",
umass-amherst,University of Massachusetts Amherst,MA,A,"cited GPA, acceptance rate and SAT/ACT",No,4.05 (2025-26),60%,math 660-770,30-33,0,793,2,index,tier A,
umass-chan-medical-school,UMass Chan Medical School,MA,C,"no cited GPA, acceptance rate or SAT/ACT",,,,,,0,51,3,noindex,"tier C, no clicks in 12 months",
umass-global,UMass Global,CA,C,open admission (IPEDS),Yes,,,,,0,4,1,noindex,"tier C, no clicks in 12 months",
umbc,University of Maryland Baltimore County,MD,B,no cited GPA,No,,72%,math 610-720,25-31,0,253,2,index,tier B,
umd,University of Maryland College Park,MD,A,"cited GPA, acceptance rate and SAT/ACT",No,4.41 (2025-26),45%,math 710-780,32-35,3,3364,2,index,tier A,
umpqua-community-college,Umpqua Community College,OR,C,open admission (IPEDS),Yes,,,,,0,30,1,noindex,"tier C, no clicks in 12 months",
unc,University of North Carolina at Chapel Hill,NC,A,"cited GPA, acceptance rate and SAT/ACT",No,4.47 (2025-26),15%,math 700-780,28-34,8,3370,2,index,tier A,
union,Union University,TN,B,no cited GPA,No,,60%,math 560-680,22-30,1,172,2,index,tier B,
union-adventist-university,Union Adventist University,NE,B,no cited GPA; test blind,No,,100%,,,0,32,1,index,tier B,union-college-nb
union-bible-college,Union Bible College,IN,B,no cited GPA; test blind,No,,91%,,,0,4,1,index,tier B,
union-college,Union College,NY,B,no cited GPA,No,,44%,math 650-760,29-33,0,47,1,index,tier B,
union-commonwealth-university,Union Commonwealth University,KY,B,no cited GPA,No,,63%,,15-22,0,42,1,index,tier B,union-college-ky
union-county-college,"UCNJ Union College of Union County, New Jersey",NJ,C,open admission (IPEDS),Yes,,,,,0,15,1,noindex,"tier C, no clicks in 12 months",
united-states-merchant-marine-academy,United States Merchant Marine Academy,NY,B,no cited GPA,No,,34%,math 550-650,22-29,0,64,1,index,tier B,
united-states-sports-university,United States Sports University,AL,B,no cited GPA; test blind,No,,61%,,,0,1,1,index,tier B,united-states-sports-academy
united-states-university,United States University,CA,C,open admission (IPEDS),Yes,,,,,0,49,2,noindex,"tier C, no clicks in 12 months",
united-talmudical-seminary,United Talmudical Seminary,NY,C,open admission (IPEDS),Yes,,,,,0,3,1,noindex,"tier C, no clicks in 12 months",
united-tribes-technical-college,United Tribes Technical College,ND,C,open admission (IPEDS),Yes,,,,,0,3,1,noindex,"tier C, no clicks in 12 months",
unity-environmental-university,Unity Environmental University,ME,C,open admission (IPEDS),Yes,,,,,0,14,1,noindex,"tier C, no clicks in 12 months",unity-college
universal-college-of-healing-arts,Universal College of Healing Arts,NE,C,open admission (IPEDS),Yes,,,,,0,2,1,noindex,"tier C, no clicks in 12 months",
university-at-buffalo,University at Buffalo,NY,B,no cited GPA,No,,74%,math 610-700,27-32,1,1111,2,index,tier B,
university-of-advancing-technology,University of Advancing Technology,AZ,B,no cited GPA; test blind,No,,98%,,,0,195,2,index,tier B,
university-of-akron-main-campus,University of Akron Main Campus,OH,A,"cited GPA, acceptance rate and SAT/ACT",No,3.47 (2025-26),60%,math 440-590,17-25,3,1142,2,index,tier A,
university-of-akron-wayne-college,University of Akron Wayne College,OH,B,no cited GPA,No,,90%,math 390-550,16-23,0,70,2,index,tier B,
university-of-alaska-anchorage,University of Alaska Anchorage,AK,C,open admission (IPEDS),Yes,,,,,1,326,3,index,"tier C, kept for traffic: 1 clicks in 12 months",
university-of-alaska-fairbanks,University of Alaska Fairbanks,AK,C,open admission (IPEDS); has cited GPA,Yes,3.37 (2024-25),,,,0,213,2,index,"tier C, kept: it shows a GPA the college reported",
university-of-alaska-southeast,University of Alaska Southeast,AK,B,no cited GPA; test blind,No,,63%,,,0,18,2,index,tier B,
university-of-arizona,University of Arizona,AZ,B,no cited GPA,No,,86%,math 570-720,21-29,1,2071,2,index,tier B,
university-of-arizona-global-campus,University of Arizona Global Campus,CA,C,open admission (IPEDS),Yes,,,,,0,67,2,noindex,"tier C, no clicks in 12 months",
university-of-arkansas,University of Arkansas,AR,A,"cited GPA, acceptance rate and SAT/ACT",No,3.83 (2025-26),74%,math 510-600,21-28,4,4805,2,index,tier A,
university-of-arkansas-at-little-rock,University of Arkansas at Little Rock,AR,B,no cited GPA,No,,59%,math 470-580,17-24,0,279,2,index,tier B,
university-of-arkansas-at-monticello,University of Arkansas at Monticello,AR,C,open admission (IPEDS),Yes,,,,,0,91,2,noindex,"tier C, no clicks in 12 months",
university-of-arkansas-at-pine-bluff,University of Arkansas at Pine Bluff,AR,B,no cited GPA,No,,41%,math 420-538,14-18,0,129,2,index,tier B,
university-of-arkansas-community-college-batesville,University of Arkansas Community College Batesville,AR,C,open admission (IPEDS),Yes,,,,,0,91,3,noindex,"tier C, no clicks in 12 months",
university-of-arkansas-community-college-morrilton,University of Arkansas Community College Morrilton,AR,B,no cited GPA,No,,100%,,17-22,0,81,3,index,tier B,
university-of-arkansas-for-medical-sciences,University of Arkansas for Medical Sciences,AR,C,"no cited GPA, acceptance rate or SAT/ACT",,,,,,1,161,2,index,"tier C, kept for traffic: 1 clicks in 12 months",
university-of-arkansas-fort-smith,University of Arkansas Fort Smith,AR,B,no cited GPA,No,,80%,,18-23,1,292,2,index,tier B,
university-of-arkansas-hope-texarkana,University of Arkansas Hope-Texarkana,AR,C,open admission (IPEDS),Yes,,,,,0,19,2,noindex,"tier C, no clicks in 12 months",university-of-arkansas-community-college-hope
university-of-baltimore,University of Baltimore,MD,B,no cited GPA,No,,79%,math 370-680,,0,150,2,index,tier B,
university-of-bridgeport,University of Bridgeport,CT,B,no cited GPA or SAT/ACT,No,,83%,,,0,247,2,index,tier B,
university-of-california-merced,University of California Merced,CA,B,no cited GPA; test blind,No,,91%,,,0,384,2,index,tier B,
university-of-california-santa-cruz,University of California Santa Cruz,CA,B,no cited GPA; test blind,No,,66%,,,1,1641,2,index,tier B,
university-of-central-arkansas,University of Central Arkansas,AR,B,no cited GPA,No,,89%,math 430-580,19-25,0,215,2,index,tier B,
university-of-central-florida,University of Central Florida,FL,B,no cited GPA,No,,40%,math 590-670,25-29,6,1841,2,index,tier B,
university-of-central-missouri,University of Central Missouri,MO,B,no cited GPA,No,,64%,,17-24,0,173,2,index,tier B,
university-of-central-oklahoma,University of Central Oklahoma,OK,B,no cited GPA,No,,78%,,18-24,0,375,2,index,tier B,
university-of-charleston,University of Charleston,WV,B,no cited GPA; test blind,No,,62%,,,0,305,3,index,tier B,
university-of-cincinnati-blue-ash-college,University of Cincinnati Blue Ash College,OH,C,open admission (IPEDS),Yes,,,,,5,708,3,index,"tier C, kept for traffic: 5 clicks in 12 months",university-of-cincinnati-raymond-walters-college
university-of-cincinnati-clermont-college,University of Cincinnati Clermont College,OH,C,open admission (IPEDS),Yes,,,,,0,177,2,noindex,"tier C, no clicks in 12 months",
university-of-cincinnati-main-campus,University of Cincinnati Main Campus,OH,A,"cited GPA, acceptance rate and SAT/ACT",No,3.69 (2024-25),85%,math 590-700,24-29,4,1453,2,index,tier A,
university-of-colorado-boulder,University of Colorado Boulder,CO,B,no cited GPA,No,,78%,math 610-720,29-33,5,1628,2,index,tier B,
university-of-colorado-colorado-springs,University of Colorado Colorado Springs,CO,B,no cited GPA,No,,97%,math 500-600,20-26,0,99,2,index,tier B,
university-of-colorado-denver,University of Colorado Denver,CO,B,no cited GPA,No,,75%,math 490-600,23-32,0,316,2,index,tier B,
university-of-connecticut,University of Connecticut,CT,B,no cited GPA,No,,52%,math 600-730,28-33,0,235,2,index,tier B,
university-of-connecticut-avery-point,University of Connecticut Avery Point,CT,B,no cited GPA,No,,88%,math 470-580,,1,111,2,index,tier B,
university-of-connecticut-hartford-campus,University of Connecticut Hartford Campus,CT,B,no cited GPA,No,,88%,math 460-610,21-27,0,6,1,index,tier B,
university-of-connecticut-stamford,University of Connecticut Stamford,CT,B,no cited GPA,No,,83%,math 460-630,25-32,0,101,2,index,tier B,
university-of-connecticut-waterbury-campus,University of Connecticut Waterbury Campus,CT,B,no cited GPA,No,,87%,math 430-600,,0,97,2,index,tier B,university-of-connecticut-tri-campus
university-of-denver,University of Denver,CO,B,no cited GPA,No,,78%,math 600-700,28-33,0,548,2,index,tier B,
university-of-detroit-mercy,University of Detroit Mercy,MI,B,no cited GPA,No,,75%,math 510-630,22-28,2,778,2,index,tier B,
university-of-dubuque,University of Dubuque,IA,B,no cited GPA,No,,89%,math 490-610,18-24,2,235,2,index,tier B,
university-of-east-west-medicine,University of East-West Medicine,CA,C,"no cited GPA, acceptance rate or SAT/ACT",,,,,,0,0,0,noindex,"tier C, no clicks in 12 months",
university-of-evansville,University of Evansville,IN,B,no cited GPA; test blind,No,,78%,,,0,188,2,index,tier B,
university-of-fort-lauderdale,University of Fort Lauderdale,FL,C,open admission (IPEDS),Yes,,,,,0,78,2,noindex,"tier C, no clicks in 12 months",
university-of-hartford,University of Hartford,CT,B,no cited GPA,No,,96%,math 550-650,24-30,0,206,2,index,tier B,
university-of-hawaii-at-hilo,University of Hawaii at Hilo,HI,B,no cited GPA,No,,61%,math 455-565,15-22,0,147,2,index,tier B,
university-of-hawaii-at-manoa,University of Hawaii at Manoa,HI,A,"cited GPA, acceptance rate and SAT/ACT",No,3.69 (2023-24),87%,math 533-640,17-25,2,1516,2,index,tier A,
university-of-hawaii-maui-college,University of Hawaii Maui College,HI,C,open admission (IPEDS),Yes,,,,,0,271,2,noindex,"tier C, no clicks in 12 months",
university-of-hawaii-west-oahu,University of Hawaii West Oahu,HI,B,no cited GPA,No,,95%,math 458-528,15-21,1,456,2,index,tier B,
university-of-health-sciences-and-pharmacy-in-st-louis,University of Health Sciences and Pharmacy in St. Louis,MO,B,no cited GPA,No,,90%,math 525-620,18-25,0,7,1,index,tier B,st-louis-college-of-pharmacy
university-of-holy-cross,University of Holy Cross,LA,B,no cited GPA; test blind,No,,74%,,,0,3,1,index,tier B,our-lady-of-holy-cross-college
university-of-houston,University of Houston,TX,A,"cited GPA, acceptance rate and SAT/ACT",No,3.46 (2025-26),74%,math 570-670,23-29,1,2218,2,index,tier A,
university-of-houston-clear-lake,University of Houston Clear Lake,TX,B,no cited GPA,No,,91%,math 480-570,20-25,1,509,2,index,tier B,
university-of-houston-downtown,University of Houston Downtown,TX,B,no cited GPA,No,,90%,math 460-550,16-22,0,732,2,index,tier B,
university-of-houston-victoria,University of Houston Victoria,TX,B,no cited GPA; test blind,No,,96%,,,0,194,2,index,tier B,
university-of-idaho,University of Idaho,ID,B,no cited GPA,No,,76%,math 490-600,20-26,0,488,2,index,tier B,
university-of-illinois-at-chicago,University of Illinois Chicago,IL,A,"cited GPA, acceptance rate and SAT/ACT",No,3.45 (2025-26),77%,math 560-680,25-31,1,469,2,index,tier A,
university-of-illinois-at-springfield,University of Illinois Springfield,IL,B,no cited GPA,No,,86%,math 460-590,21-27,0,160,2,index,tier B,
university-of-indianapolis,University of Indianapolis,IN,B,no cited GPA; test blind,No,,66%,,,0,315,2,index,tier B,
university-of-jamestown,University of Jamestown,ND,B,no cited GPA; test blind,No,,88%,,,0,9,1,index,tier B,jamestown-college
university-of-kansas,University of Kansas,KS,B,no cited GPA,No,,93%,math 530-650,20-28,1,954,2,index,tier B,
university-of-kentucky,University of Kentucky,KY,A,"cited GPA, acceptance rate and SAT/ACT",No,3.58 (2025-26),93%,math 530-640,21-28,1,1803,2,index,tier A,
university-of-la-verne,University of La Verne,CA,B,no cited GPA,No,,71%,math 488-573,18-25,0,397,2,index,tier B,
university-of-louisiana-at-lafayette,University of Louisiana at Lafayette,LA,A,"cited GPA, acceptance rate and SAT/ACT",No,3.38 (2023-24),87%,math 550-610,23-28,1,272,2,index,tier A,
university-of-louisiana-monroe,University of Louisiana at Monroe,LA,B,no cited GPA,No,,85%,math 620-730,18-24,1,455,3,index,tier B,
university-of-louisville,University of Louisville,KY,B,no cited GPA,No,,79%,math 510-630,19-27,3,1333,2,index,tier B,
university-of-lynchburg,University of Lynchburg,VA,B,no cited GPA,No,,43%,math 460-610,,0,102,1,index,tier B,lynchburg-college
university-of-maine,University of Maine,ME,B,no cited GPA; test blind,No,,97%,,,1,466,4,index,tier B,
university-of-maine-at-augusta,University of Maine at Augusta,ME,C,open admission (IPEDS),Yes,,,,,0,133,2,noindex,"tier C, no clicks in 12 months",
university-of-maine-at-farmington,University of Maine at Farmington,ME,B,no cited GPA,No,,97%,math 510-640,,0,19,2,index,tier B,
university-of-maine-at-fort-kent,University of Maine at Fort Kent,ME,B,no cited GPA; test blind,No,,98%,,,0,96,2,index,tier B,
university-of-maine-at-presque-isle,University of Maine at Presque Isle,ME,B,no cited GPA; test blind,No,,100%,,,1,175,2,index,tier B,
university-of-management-and-technology-the,University of Management and Technology,VA,C,open admission (IPEDS),Yes,,,,,0,79,3,noindex,"tier C, no clicks in 12 months",
university-of-mary,University of Mary,ND,B,no cited GPA,No,,75%,math 530-660,21-26,0,144,2,index,tier B,
university-of-mary-hardin-baylor,University of Mary Hardin-Baylor,TX,B,no cited GPA,No,,96%,math 470-590,19-26,5,442,2,index,tier B,
university-of-mary-washington,University of Mary Washington,VA,B,no cited GPA,No,,80%,math 560-660,27-31,0,284,2,index,tier B,
university-of-maryland-baltimore,"University of Maryland, Baltimore",MD,C,"no cited GPA, acceptance rate or SAT/ACT",,,,,,0,182,2,noindex,"tier C, no clicks in 12 months",
university-of-maryland-eastern-shore,University of Maryland Eastern Shore,MD,B,no cited GPA; test blind,No,,96%,,,1,249,2,index,tier B,
university-of-maryland-global-campus,University of Maryland Global Campus,MD,C,open admission (IPEDS),Yes,,,,,0,155,2,noindex,"tier C, no clicks in 12 months",university-of-maryland-university-college
university-of-massachusetts-boston,University of Massachusetts Boston,MA,B,no cited GPA,No,,84%,math 530-640,22-29,0,517,2,index,tier B,
university-of-massachusetts-dartmouth,University of Massachusetts Dartmouth,MA,B,no cited GPA,No,,91%,math 520-630,26-30,0,83,2,index,tier B,
university-of-massachusetts-lowell,University of Massachusetts Lowell,MA,A,"cited GPA, acceptance rate and SAT/ACT",No,3.72 (2023-24),83%,math 590-690,25-32,5,999,2,index,tier A,
university-of-memphis,University of Memphis,TN,A,"cited GPA, acceptance rate and SAT/ACT",No,3.48 (2023-24),72%,math 435-580,18-24,0,628,2,index,tier A,
university-of-miami,University of Miami,FL,B,no cited GPA,No,,19%,math 660-750,30-33,1,2003,2,index,tier B,
university-of-michigan-dearborn,University of Michigan Dearborn,MI,A,"cited GPA, acceptance rate and SAT/ACT",No,3.64 (2024-25),56%,math 490-630,24-28,4,890,2,index,tier A,
university-of-michigan-flint,University of Michigan Flint,MI,B,no cited GPA,No,,70%,math 470-610,19-24,2,539,2,index,tier B,
university-of-minnesota-crookston,University of Minnesota Crookston,MN,B,no cited GPA; test blind,No,,88%,,,0,45,2,index,tier B,
university-of-minnesota-duluth,University of Minnesota Duluth,MN,B,no cited GPA,No,,89%,math 590-675,23-28,1,791,2,index,tier B,
university-of-minnesota-morris,University of Minnesota Morris,MN,B,no cited GPA,No,,75%,,20-26,0,315,2,index,tier B,
university-of-minnesota-rochester,University of Minnesota Rochester,MN,B,no cited GPA,No,,71%,math 490-690,21-29,2,630,2,index,tier B,
university-of-mississippi,University of Mississippi,MS,B,no cited GPA,No,,97%,math 490-590,21-29,2,864,3,index,tier B,
university-of-missouri-columbia,University of Missouri Columbia,MO,B,no cited GPA,No,,78%,math 570-660,23-30,0,145,2,index,tier B,
university-of-missouri-kansas-city,University of Missouri Kansas City,MO,A,"cited GPA, acceptance rate and SAT/ACT",No,3.47 (2024-25),72%,math 650-790,20-28,4,3248,2,index,tier A,
university-of-missouri-st-louis,University of Missouri St Louis,MO,A,"cited GPA, acceptance rate and SAT/ACT",No,3.41 (2025-26),63%,math 550-660,19-27,0,187,2,index,tier A,
university-of-mobile,University of Mobile,AL,B,no cited GPA,No,,78%,,22-28,0,95,2,index,tier B,
university-of-montevallo,University of Montevallo,AL,B,no cited GPA; test blind,No,,54%,,,1,216,2,index,tier B,
university-of-mount-olive,University of Mount Olive,NC,B,no cited GPA,No,,76%,,18-24,0,33,1,index,tier B,mount-olive-college
university-of-mount-saint-vincent,University of Mount Saint Vincent,NY,B,no cited GPA,No,,85%,math 533-588,,0,29,1,index,tier B,college-of-mount-saint-vincent
university-of-mount-union,University of Mount Union,OH,B,no cited GPA,No,,78%,math 450-620,18-25,2,470,2,index,tier B,
university-of-nebraska-at-kearney,University of Nebraska at Kearney,NE,B,no cited GPA,No,,89%,math 410-550,19-26,1,287,2,index,tier B,
university-of-nebraska-at-omaha,University of Nebraska at Omaha,NE,B,no cited GPA,No,,87%,,19-26,0,311,2,index,tier B,
university-of-nebraska-lincoln,University of Nebraska Lincoln,NE,B,no cited GPA,No,,87%,math 538-660,22-28,1,697,2,index,tier B,
university-of-nebraska-medical-center,University of Nebraska Medical Center,NE,C,"no cited GPA, acceptance rate or SAT/ACT",,,,,,3,519,1,index,"tier C, kept for traffic: 3 clicks in 12 months",
university-of-nevada-las-vegas,University of Nevada Las Vegas,NV,B,no cited GPA,No,,96%,math 500-610,18-25,1,613,2,index,tier B,
university-of-nevada-reno,University of Nevada Reno,NV,A,"cited GPA, acceptance rate and SAT/ACT",No,3.42 (2025-26),74%,math 520-640,19-26,1,1419,2,index,tier A,
university-of-new-england,University of New England,ME,B,no cited GPA; test blind,No,,92%,,,1,160,2,index,tier B,
university-of-new-hampshire-at-manchester,University of New Hampshire at Manchester,NH,B,no cited GPA,No,,81%,math 453-613,,0,152,2,index,tier B,
university-of-new-hampshire-college-of-professional-studies-online,University of New Hampshire College of Professional Studies Online,NH,C,open admission (IPEDS),Yes,,,,,0,4,1,noindex,"tier C, no clicks in 12 months",granite-state-college
university-of-new-hampshire-main-campus,University of New Hampshire Main Campus,NH,A,"cited GPA, acceptance rate and SAT/ACT",No,3.64 (2025-26),88%,math 540-660,26-30,2,1200,3,index,tier A,
university-of-new-haven,University of New Haven,CT,B,no cited GPA,No,,60%,math 520-620,,2,1248,3,index,tier B,
university-of-new-mexico-gallup-campus,University of New Mexico Gallup Campus,NM,C,open admission (IPEDS),Yes,,,,,1,205,2,index,"tier C, kept for traffic: 1 clicks in 12 months",
university-of-new-mexico-los-alamos-campus,University of New Mexico Los Alamos Campus,NM,C,open admission (IPEDS),Yes,,,,,0,200,2,noindex,"tier C, no clicks in 12 months",
university-of-new-mexico-main-campus,University of New Mexico Main Campus,NM,A,"cited GPA, acceptance rate and SAT/ACT",No,3.4 (2025-26),95%,math 430-570,19-26,3,2652,2,index,tier A,
university-of-new-mexico-taos-campus,University of New Mexico Taos Campus,NM,C,open admission (IPEDS),Yes,,,,,0,58,2,noindex,"tier C, no clicks in 12 months",
university-of-new-mexico-valencia-county-campus,University of New Mexico Valencia County Campus,NM,C,open admission (IPEDS),Yes,,,,,0,109,1,noindex,"tier C, no clicks in 12 months",
university-of-new-orleans,University of New Orleans,LA,B,no cited GPA,No,,74%,math 455-625,17-23,0,203,2,index,tier B,
university-of-north-alabama,University of North Alabama,AL,A,"cited GPA, acceptance rate and test blind",No,3.54 (2024-25),87%,,,1,498,2,index,tier A,
university-of-north-carolina-at-asheville,University of North Carolina Asheville,NC,A,"cited GPA, acceptance rate and SAT/ACT",No,3.35 (2024-25),92%,math 570-660,23-29,0,300,2,index,tier A,
university-of-north-carolina-at-charlotte,University of North Carolina at Charlotte,NC,A,"cited GPA, acceptance rate and SAT/ACT",No,3.56 (2025-26),80%,math 570-670,21-28,3,1747,2,index,tier A,
university-of-north-carolina-at-greensboro,University of North Carolina at Greensboro,NC,B,no cited GPA,No,,89%,math 560-670,22-27,0,312,2,index,tier B,
university-of-north-carolina-at-pembroke,University of North Carolina at Pembroke,NC,A,"cited GPA, acceptance rate and SAT/ACT",No,3.43 (2025-26),93%,math 480-600,18-23,8,852,2,index,tier A,
university-of-north-carolina-at-wilmington,University of North Carolina Wilmington,NC,B,no cited GPA,No,,64%,math 610-660,24-29,6,2902,3,index,tier B,
university-of-north-carolina-school-of-the-arts,University of North Carolina School of the Arts,NC,B,no cited GPA,No,,30%,math 540-650,22-29,1,242,2,index,tier B,
university-of-north-dakota,University of North Dakota,ND,B,no cited GPA; test blind,No,,77%,,,0,224,2,index,tier B,
university-of-north-georgia,University of North Georgia,GA,A,"cited GPA, acceptance rate and SAT/ACT",No,3.41 (2025-26),68%,math 480-590,19-25,1,985,5,index,tier A,
university-of-north-texas,University of North Texas,TX,B,no cited GPA,No,,72%,math 480-600,19-27,0,152,2,index,tier B,
university-of-north-texas-at-dallas,University of North Texas at Dallas,TX,B,no cited GPA,No,,84%,math 408-523,,0,15,1,index,tier B,
university-of-northern-colorado,University of Northern Colorado,CO,B,no cited GPA,No,,86%,math 460-580,21-26,0,171,2,index,tier B,
university-of-northern-iowa,University of Northern Iowa,IA,A,"cited GPA, acceptance rate and SAT/ACT",No,3.61 (2025-26),93%,math 500-630,19-26,0,266,2,index,tier A,
university-of-northwestern-ohio,University of Northwestern Ohio,OH,C,open admission (IPEDS),Yes,,,,,0,993,2,noindex,"tier C, no clicks in 12 months",
university-of-northwestern-st-paul,University of Northwestern St Paul,MN,B,no cited GPA,No,,93%,math 438-663,20-28,0,11,1,index,tier B,northwestern-college-mn
university-of-oklahoma-norman-campus,University of Oklahoma Norman Campus,OK,B,no cited GPA,No,,77%,math 560-660,23-29,0,270,3,index,tier B,
university-of-oregon,University of Oregon,OR,B,no cited GPA,No,,88%,math 550-670,23-30,1,2890,2,index,tier B,
university-of-phoenix,University of Phoenix,AZ,C,open admission (IPEDS),Yes,,,,,1,1146,20,index,"tier C, kept for traffic: 1 clicks in 12 months",
university-of-phoenix-idaho-campus,University of Phoenix Idaho Campus,,C,figures removed in Phase 2 H (identity under review),,,,,,0,8,1,noindex,"tier C, no clicks in 12 months",
university-of-pikeville,University of Pikeville,KY,C,open admission (IPEDS); has cited GPA,Yes,3.53 (2025-26),,,,0,81,2,index,"tier C, kept: it shows a GPA the college reported",
university-of-pittsburgh-bradford,University of Pittsburgh Bradford,PA,B,no cited GPA,No,,89%,math 500-580,20-28,3,251,2,index,tier B,
university-of-pittsburgh-greensburg,University of Pittsburgh Greensburg,PA,B,no cited GPA,No,,95%,math 510-620,17-26,0,283,2,index,tier B,
university-of-pittsburgh-johnstown,University of Pittsburgh Johnstown,PA,B,no cited GPA,No,,95%,math 485-610,22-27,0,247,2,index,tier B,
university-of-pittsburgh-titusville,University of Pittsburgh Titusville,PA,B,no cited GPA or SAT/ACT,No,,35%,,,0,43,2,index,tier B,
university-of-portland,University of Portland,OR,B,no cited GPA,No,,89%,math 580-700,25-31,0,359,2,index,tier B,
university-of-providence,University of Providence,MT,B,no cited GPA,No,,50%,,15-23,0,2,1,index,tier B,university-of-great-falls
university-of-puget-sound,University of Puget Sound,WA,A,"cited GPA, acceptance rate and SAT/ACT",No,3.63 (2024-25),72%,math 560-670,27-31,1,305,2,index,tier A,
university-of-redlands,University of Redlands,CA,B,no cited GPA,No,,83%,math 547-670,21-28,2,1326,2,index,tier B,
university-of-rhode-island,University of Rhode Island,RI,A,"cited GPA, acceptance rate and SAT/ACT",No,3.65 (2025-26),72%,math 500-630,,2,955,2,index,tier A,
university-of-richmond,University of Richmond,VA,B,no cited GPA,No,,22%,math 710-780,33-35,3,1276,2,index,tier B,
university-of-rio-grande,University of Rio Grande,OH,C,open admission (IPEDS),Yes,,,,,0,94,2,noindex,"tier C, no clicks in 12 months",
university-of-rochester,University of Rochester,NY,A,"cited GPA, acceptance rate and SAT/ACT",No,3.72 (2024-25),40%,math 730-790,31-34,0,1043,2,index,tier A,
university-of-saint-francis-fort-wayne,University of Saint Francis Fort Wayne,IN,B,no cited GPA,No,,96%,math 430-530,17-24,0,112,2,index,tier B,
university-of-saint-joseph,University of Saint Joseph,CT,A,"cited GPA, acceptance rate and SAT/ACT",No,3.41 (2024-25),79%,math 410-560,,0,24,1,index,tier A,saint-joseph-college
university-of-saint-mary,University of Saint Mary,KS,B,no cited GPA,No,,87%,math 428-510,17-24,0,135,2,index,tier B,
university-of-saint-mary-of-the-lake,University of Saint Mary of the Lake,IL,C,"no cited GPA, acceptance rate or SAT/ACT",,,,,,0,18,2,noindex,"tier C, no clicks in 12 months",
university-of-san-francisco,University of San Francisco,CA,B,no cited GPA,No,,62%,math 580-690,25-30,0,424,2,index,tier B,
university-of-science-and-arts-of-oklahoma,University of Science and Arts of Oklahoma,OK,B,no cited GPA,No,,66%,math 510-580,21-26,1,31,2,index,tier B,
university-of-scranton,University of Scranton,PA,A,"cited GPA, acceptance rate and SAT/ACT",No,3.58 (2025-26),81%,math 570-658,25-30,0,1962,2,index,tier A,
university-of-silicon-valley,University of Silicon Valley,CA,B,no cited GPA; test blind,No,,51%,,,0,1,1,index,tier B,cogswell-college
university-of-south-alabama,University of South Alabama,AL,A,"cited GPA, acceptance rate and SAT/ACT",No,3.75 (2025-26),71%,math 470-580,20-26,0,440,2,index,tier A,
university-of-south-carolina-aiken,University of South Carolina Aiken,SC,B,no cited GPA,No,,79%,math 470-600,19-26,1,162,2,index,tier B,
university-of-south-carolina-columbia,University of South Carolina Columbia,SC,A,"cited GPA, acceptance rate and SAT/ACT",No,3.69 (2024-25),60%,math 580-680,26-32,77,9036,2,index,tier A,
university-of-south-carolina-lancaster,University of South Carolina Lancaster,SC,B,no cited GPA; test blind,No,,83%,,,1,207,2,index,tier B,
university-of-south-carolina-salkehatchie,University of South Carolina Salkehatchie,SC,B,no cited GPA; test blind,No,,76%,,,0,74,2,index,tier B,
university-of-south-carolina-sumter,University of South Carolina Sumter,SC,B,no cited GPA; test blind,No,,74%,,,0,103,2,index,tier B,
university-of-south-carolina-union,University of South Carolina Union,SC,B,no cited GPA; test blind,No,,62%,,,0,172,2,index,tier B,
university-of-south-carolina-upstate,University of South Carolina Upstate,SC,B,no cited GPA,No,,67%,math 495-570,21-26,1,225,2,index,tier B,
university-of-south-dakota,University of South Dakota,SD,A,"cited GPA, acceptance rate and SAT/ACT",No,3.51 (2024-25),99%,math 595-695,19-25,0,39,1,index,tier A,
university-of-south-florida-main-campus,University of South Florida,FL,A,"cited GPA, acceptance rate and SAT/ACT",No,4.06 (2024-25),43%,math 550-660,24-29,2,1784,5,index,tier A,
university-of-southern-indiana,University of Southern Indiana,IN,A,"cited GPA, acceptance rate and SAT/ACT",No,3.42 (2024-25),96%,math 510-620,21-27,0,345,2,index,tier A,
university-of-southern-maine,University of Southern Maine,ME,B,no cited GPA,No,,79%,math 490-600,24-28,0,340,2,index,tier B,
university-of-southern-mississippi,University of Southern Mississippi,MS,A,"cited GPA, acceptance rate and SAT/ACT",No,3.4 (2023-24),99%,,20-29,0,1188,2,index,tier A,
university-of-st-augustine-for-health-sciences,University of St. Augustine for Health Sciences,CA,C,"no cited GPA, acceptance rate or SAT/ACT",,,,,,33,677,1,index,"tier C, kept for traffic: 33 clicks in 12 months",
university-of-st-francis,University of St Francis,IL,B,no cited GPA,No,,65%,math 510-610,20-32,0,97,2,index,tier B,
university-of-st-thomas,University of St Thomas,MN,B,no cited GPA,No,,85%,math 620-710,25-30,0,564,2,index,tier B,
university-of-st-thomas-tx,University of St Thomas,TX,B,no cited GPA,No,,90%,math 480-600,18-25,0,135,1,index,tier B,
university-of-texas-medical-branch,University of Texas Medical Branch,TX,C,"no cited GPA, acceptance rate or SAT/ACT",,,,,,2,287,2,index,"tier C, kept for traffic: 2 clicks in 12 months",
university-of-the-cumberlands,University of the Cumberlands,KY,B,no cited GPA; test blind,No,,99%,,,3,377,2,index,tier B,
university-of-the-district-of-columbia,University of the District of Columbia,DC,C,open admission (IPEDS),Yes,,,,,6,452,4,index,"tier C, kept for traffic: 6 clicks in 12 months",
university-of-the-incarnate-word,University of the Incarnate Word,TX,A,"cited GPA, acceptance rate and test blind",No,3.54 (2024-25),98%,,,0,201,2,index,tier A,
university-of-the-ozarks,University of the Ozarks,AR,B,no cited GPA,No,,60%,math 490-570,20-25,1,155,2,index,tier B,
university-of-the-pacific,University of the Pacific,CA,B,no cited GPA,No,,71%,math 593-770,23-32,0,303,2,index,tier B,
university-of-the-people,University of the People,CA,C,open admission (IPEDS),Yes,,,,,0,15,1,noindex,"tier C, no clicks in 12 months",
university-of-the-potomac-va-campus,University of the Potomac VA Campus,VA,C,open admission (IPEDS),Yes,,,,,0,1,1,noindex,"tier C, no clicks in 12 months",potomac-college-herndon
university-of-the-potomac-washington-dc-campus,University of the Potomac Washington DC Campus,DC,C,open admission (IPEDS),Yes,,,,,0,5,1,noindex,"tier C, no clicks in 12 months",potomac-college-washington
university-of-the-southwest,University of the Southwest,NM,C,open admission (IPEDS),Yes,,,,,0,30,2,noindex,"tier C, no clicks in 12 months",
university-of-the-west,University of the West,CA,B,no cited GPA; test blind,No,,100%,,,0,17,2,index,tier B,
university-of-toledo,University of Toledo,OH,B,no cited GPA,No,,92%,math 550-650,23-29,1,753,2,index,tier B,
university-of-utah,University of Utah,UT,B,no cited GPA,No,,86%,math 590-690,22-29,4,983,2,index,tier B,
university-of-valley-forge,University of Valley Forge,PA,B,no cited GPA; test blind,No,,61%,,,0,6,1,index,tier B,
university-of-vermont,University of Vermont,VT,B,no cited GPA,No,,65%,math 630-710,30-32,0,1036,2,index,tier B,
university-of-washington-bothell-campus,University of Washington Bothell Campus,WA,B,no cited GPA or SAT/ACT,No,,91%,,,0,80,2,index,tier B,
university-of-washington-tacoma-campus,University of Washington Tacoma Campus,WA,B,no cited GPA; test blind,No,,83%,,,0,82,2,index,tier B,
university-of-west-alabama,University of West Alabama,AL,B,no cited GPA,No,,43%,math 420-560,16-21,0,177,2,index,tier B,
university-of-west-georgia,University of West Georgia,GA,B,no cited GPA,No,,52%,math 460-550,17-22,1,267,2,index,tier B,
university-of-west-los-angeles,University of West Los Angeles,CA,C,"no cited GPA, acceptance rate or SAT/ACT",,,,,,0,30,2,noindex,"tier C, no clicks in 12 months",
university-of-western-states,University of Western States,OR,C,"no cited GPA, acceptance rate or SAT/ACT",,,,,,1,21,2,index,"tier C, kept for traffic: 1 clicks in 12 months",
university-of-wisconsin-eau-claire,University of Wisconsin Eau Claire,WI,A,"cited GPA, acceptance rate and SAT/ACT",No,3.64 (2025-26),82%,,22-27,0,774,2,index,tier A,
university-of-wisconsin-green-bay,University of Wisconsin Green Bay,WI,A,"cited GPA, acceptance rate and SAT/ACT",No,2.98 (2025-26),89%,,18-24,0,460,2,index,tier A,
university-of-wisconsin-la-crosse,University of Wisconsin La Crosse,WI,B,no cited GPA,No,,76%,,22-27,3,508,2,index,tier B,
university-of-wisconsin-milwaukee,University of Wisconsin Milwaukee,WI,A,"cited GPA, acceptance rate and SAT/ACT",No,3.2 (2023-24),91%,,18-25,1,697,2,index,tier A,
university-of-wisconsin-oshkosh,University of Wisconsin Oshkosh,WI,B,no cited GPA,No,,86%,,18-25,0,318,2,index,tier B,
university-of-wisconsin-parkside,University of Wisconsin Parkside,WI,A,"cited GPA, acceptance rate and SAT/ACT",No,3.11 (2024-25),75%,,17-25,1,563,2,index,tier A,
university-of-wisconsin-platteville,University of Wisconsin Platteville,WI,B,no cited GPA,No,,89%,,21-28,2,350,2,index,tier B,
university-of-wisconsin-river-falls,University of Wisconsin River Falls,WI,B,no cited GPA,No,,82%,,19-26,0,642,2,index,tier B,
university-of-wisconsin-stevens-point,University of Wisconsin Stevens Point,WI,A,"cited GPA, acceptance rate and SAT/ACT",No,3.2 (2023-24),92%,,20-26,0,423,2,index,tier A,
university-of-wisconsin-stout,University of Wisconsin Stout,WI,B,no cited GPA,No,,88%,,20-27,1,558,2,index,tier B,
university-of-wisconsin-superior,University of Wisconsin Superior,WI,B,no cited GPA,No,,93%,,18-24,0,146,2,index,tier B,
university-of-wisconsin-whitewater,University of Wisconsin Whitewater,WI,B,no cited GPA,No,,86%,,17-24,1,2086,2,index,tier B,
university-of-wyoming,University of Wyoming,WY,B,no cited GPA; test blind,No,,97%,,,0,342,2,index,tier B,
unt-health-fort-worth,UNT Health Fort Worth,TX,C,"no cited GPA, acceptance rate or SAT/ACT",,,,,,1,484,1,index,"tier C, kept for traffic: 1 clicks in 12 months",
upenn,University of Pennsylvania,PA,A,"cited GPA, acceptance rate and SAT/ACT",No,3.9 (2025-26),5.4%,math 770-800,34-36,1,1434,2,index,tier A,
upper-iowa-university,Upper Iowa University,IA,B,no cited GPA,No,,96%,,17-23,1,145,2,index,tier B,
urban-college-of-boston,Urban College of Boston,MA,C,open admission (IPEDS),Yes,,,,,0,3,1,noindex,"tier C, no clicks in 12 months",
urshan-university,Urshan University,MO,B,no cited GPA,No,,84%,math 395-525,18-21,0,8,1,index,tier B,urshan-college
ursinus-college,Ursinus College,PA,B,no cited GPA,No,,92%,math 590-680,28-32,0,57,1,index,tier B,
ursuline-college,Ursuline College,OH,B,no cited GPA,No,,75%,math 483-555,20-26,0,17,1,index,tier B,
usc,University of Southern California,CA,A,"cited GPA, acceptance rate and SAT/ACT",No,3.85 (2025-26),9.8%,math 740-790,32-35,1,1627,2,index,tier A,
ut-austin,The University of Texas at Austin,TX,B,no cited GPA,No,,27%,math 620-770,27-33,6,2349,2,index,tier B,
ut-dallas,The University of Texas at Dallas,TX,B,no cited GPA,No,,65%,math 580-720,24-32,2,1239,2,index,tier B,
ut-southwestern-medical-center,UT Southwestern Medical Center,TX,C,"no cited GPA, acceptance rate or SAT/ACT",,,,,,5,402,1,index,"tier C, kept for traffic: 5 clicks in 12 months",
uta-mesivta-of-kiryas-joel,Uta Mesivta of Kiryas Joel,NY,C,open admission (IPEDS),Yes,,,,,0,19,1,noindex,"tier C, no clicks in 12 months",
utah-state-university,Utah State University,UT,A,"cited GPA, acceptance rate and SAT/ACT",No,3.6 (2025-26),92%,math 530-640,20-28,3,1406,5,index,tier A,
utah-tech-university,Utah Tech University,UT,C,open admission (IPEDS),Yes,,,,,0,6,1,noindex,"tier C, no clicks in 12 months",dixie-state-college-of-utah
utah-valley-university,Utah Valley University,UT,C,open admission (IPEDS),Yes,,,,,1,991,2,index,"tier C, kept for traffic: 1 clicks in 12 months",
uthealth-houston,UTHealth Houston,TX,C,"no cited GPA, acceptance rate or SAT/ACT",,,,,,9,1077,3,index,"tier C, kept for traffic: 9 clicks in 12 months",
utica-university,Utica University,NY,B,no cited GPA,No,,92%,math 510-590,,0,90,1,index,tier B,utica-college
valdosta-state-university,Valdosta State University,GA,B,no cited GPA,No,,72%,math 440-530,16-22,0,66,1,index,tier B,
valencia-college,Valencia College,FL,C,open admission (IPEDS),Yes,,,,,2,174,1,index,"tier C, kept for traffic: 2 clicks in 12 months",
valley-city-state-university,Valley City State University,ND,B,no cited GPA,No,,99%,math 410-540,17-24,1,95,2,index,tier B,
valley-college-beckley,Valley College Beckley,WV,C,open admission (IPEDS),Yes,,,,,0,1,1,noindex,"tier C, no clicks in 12 months",
valley-college-martinsburg,Valley College Martinsburg,WV,C,open admission (IPEDS),Yes,,,,,0,0,0,noindex,"tier C, no clicks in 12 months",
valley-forge-military-college,Valley Forge Military College,PA,C,open admission (IPEDS),Yes,,,,,0,34,1,noindex,"tier C, no clicks in 12 months",
valor-christian-college,Valor Christian College,OH,C,open admission (IPEDS),Yes,,,,,0,86,1,noindex,"tier C, no clicks in 12 months",
valparaiso,Valparaiso University,IN,A,"cited GPA, acceptance rate and SAT/ACT",No,3.68 (2025-26),89%,math 520-640,23-31,2,663,2,index,tier A,
vance-granville-community-college,Vance-Granville Community College,NC,C,open admission (IPEDS),Yes,,,,,0,25,1,noindex,"tier C, no clicks in 12 months",
vanderbilt,Vanderbilt University,TN,A,"cited GPA, acceptance rate and SAT/ACT",No,3.895 (2025-26),5.9%,math 770-800,34-35,3,1459,2,index,tier A,
vandercook-college-of-music,VanderCook College of Music,IL,B,no cited GPA or SAT/ACT,No,,89%,,,0,0,0,index,tier B,
vanguard-university-of-southern-california,Vanguard University of Southern California,CA,B,no cited GPA; test blind,No,,62%,,,3,652,2,index,tier B,
vassar,Vassar College,NY,B,no cited GPA,No,,19%,math 720-780,33-35,1,171,1,index,tier B,
vaughn-college-of-aeronautics-and-technology,Vaughn College of Aeronautics and Technology,NY,C,open admission (IPEDS),Yes,,,,,0,55,1,noindex,"tier C, no clicks in 12 months",
ventura-college,Ventura College,CA,C,open admission (IPEDS),Yes,,,,,0,13,1,noindex,"tier C, no clicks in 12 months",
vermont-state-university,Vermont State University,VT,B,no cited GPA; test blind,No,,82%,,,0,43,4,index,tier B,
vernon-college,Vernon College,TX,C,open admission (IPEDS),Yes,,,,,0,20,1,noindex,"tier C, no clicks in 12 months",
vet-tech-institute,Vet Tech Institute,PA,B,no cited GPA; test blind,No,,78%,,,0,9,1,index,tier B,
vet-tech-institute-of-houston,Vet Tech Institute of Houston,TX,B,no cited GPA; test blind,No,,81%,,,0,32,1,index,tier B,
victor-valley-college,Victor Valley College,CA,C,open admission (IPEDS),Yes,,,,,0,38,1,noindex,"tier C, no clicks in 12 months",
victoria-college,Victoria College,TX,C,open admission (IPEDS),Yes,,,,,0,23,1,noindex,"tier C, no clicks in 12 months",
villa-maria-college,Villa Maria College,NY,B,no cited GPA; test blind,No,,87%,,,0,28,1,index,tier B,
villanova,Villanova University,PA,B,no cited GPA,No,,27%,math 710-770,32-34,6,2053,2,index,tier B,
vincennes-university,Vincennes University,IN,C,open admission (IPEDS),Yes,,,,,3,773,2,index,"tier C, kept for traffic: 3 clicks in 12 months",
virginia,University of Virginia Main Campus,VA,B,no cited GPA,No,,17%,math 710-780,32-35,1,105,2,index,tier B,
virginia-commonwealth-university,Virginia Commonwealth University,VA,A,"cited GPA, acceptance rate and SAT/ACT",No,3.63 (2024-25),93%,math 490-620,22-30,0,1380,2,index,tier A,
virginia-highlands-community-college,Virginia Highlands Community College,VA,C,open admission (IPEDS),Yes,,,,,0,8,1,noindex,"tier C, no clicks in 12 months",
virginia-military-institute,Virginia Military Institute,VA,A,"cited GPA, acceptance rate and SAT/ACT",No,3.6 (2025-26),71%,math 500-640,24-31,0,66,1,index,tier A,
virginia-peninsula-community-college,Virginia Peninsula Community College,VA,C,open admission (IPEDS),Yes,,,,,0,4,1,noindex,"tier C, no clicks in 12 months",thomas-nelson-community-college
virginia-state-university,Virginia State University,VA,B,no cited GPA,No,,89%,math 400-520,14-20,1,1379,2,index,tier B,
virginia-tech,Virginia Tech,VA,B,no cited GPA,No,,55%,math 640-740,28-32,2,1855,3,index,tier B,
virginia-union-university,Virginia Union University,VA,B,no cited GPA,No,,98%,math 400-410,,2,685,2,index,tier B,
virginia-university-of-lynchburg,Virginia University of Lynchburg,VA,C,open admission (IPEDS),Yes,,,,,0,216,2,noindex,"tier C, no clicks in 12 months",
virginia-wesleyan-university,Virginia Wesleyan University,VA,B,no cited GPA or SAT/ACT,No,,73%,,,0,12,1,index,tier B,virginia-wesleyan-college
virginia-western-community-college,Virginia Western Community College,VA,C,open admission (IPEDS),Yes,,,,,0,67,1,noindex,"tier C, no clicks in 12 months",
visible-music-college,Visible Music College,TN,B,no cited GPA,No,,28%,,19-30,0,1,1,index,tier B,
viterbo-university,Viterbo University,WI,A,"cited GPA, acceptance rate and SAT/ACT",No,3.57 (2025-26),72%,,22-26,0,225,2,index,tier A,
volunteer-state-community-college,Volunteer State Community College,TN,C,open admission (IPEDS),Yes,,,,,0,14,1,noindex,"tier C, no clicks in 12 months",
voorhees-university,Voorhees University,SC,C,open admission (IPEDS),Yes,,,,,0,25,1,noindex,"tier C, no clicks in 12 months",voorhees-college
w-l-bonner-college,W L Bonner College,,C,figures removed in Phase 2 H (identity under review),,,,,,0,3,1,noindex,"tier C, no clicks in 12 months",
wabash-college,Wabash College,IN,A,"cited GPA, acceptance rate and SAT/ACT",No,3.52 (2025-26),63%,math 540-650,23-28,0,92,1,index,tier A,
wade-college,Wade College,TX,C,open admission (IPEDS),Yes,,,,,0,9,1,noindex,"tier C, no clicks in 12 months",
wagner-college,Wagner College,NY,B,no cited GPA,No,,88%,math 590-630,23-28,0,105,1,index,tier B,
wake-forest-university,Wake Forest University,NC,B,no cited GPA,No,,22%,math 710-770,32-34,1,2647,2,index,tier B,
wake-technical-community-college,Wake Technical Community College,NC,C,open admission (IPEDS),Yes,,,,,0,136,1,noindex,"tier C, no clicks in 12 months",
walden-university,Walden University,MN,C,open admission (IPEDS),Yes,,,,,0,516,1,noindex,"tier C, no clicks in 12 months",
waldorf-university,Waldorf University,IA,B,no cited GPA; test blind,No,,77%,,,0,14,1,index,tier B,waldorf-college
walla-walla-community-college,Walla Walla Community College,WA,C,open admission (IPEDS),Yes,,,,,0,8,1,noindex,"tier C, no clicks in 12 months",
walla-walla-university,Walla Walla University,WA,C,open admission (IPEDS); has cited GPA,Yes,3.6 (2023-24),,,,0,88,2,index,"tier C, kept: it shows a GPA the college reported",
walnut-hill-college,Walnut Hill College,PA,B,no cited GPA; test blind,No,,43%,,,0,15,1,index,tier B,the-restaurant-school-at-walnut-hill-college
walsh-college,Walsh College,MI,C,"no cited GPA, acceptance rate or SAT/ACT",,,,,,0,9,1,noindex,"tier C, no clicks in 12 months",
walsh-university,Walsh University,OH,B,no cited GPA,No,,71%,math 530-650,20-27,0,122,2,index,tier B,
walters-state-community-college,Walters State Community College,TN,C,open admission (IPEDS),Yes,,,,,0,28,1,noindex,"tier C, no clicks in 12 months",
warner-pacific-university,Warner Pacific University,OR,B,no cited GPA; test blind,No,,71%,,,0,8,1,index,tier B,warner-pacific-college
warner-university,Warner University,FL,B,no cited GPA,No,,43%,math 380-530,14-20,1,258,2,index,tier B,
warren-county-community-college,Warren County Community College,NJ,C,open admission (IPEDS),Yes,,,,,0,7,1,noindex,"tier C, no clicks in 12 months",
warren-wilson-college,Warren Wilson College,NC,B,no cited GPA,No,,71%,,25-29,0,49,1,index,tier B,
wartburg-college,Wartburg College,IA,B,no cited GPA,No,,76%,math 460-580,21-27,0,33,1,index,tier B,
washburn-university,Washburn University,KS,C,open admission (IPEDS),Yes,,,,,0,344,2,noindex,"tier C, no clicks in 12 months",
washington,University of Washington Seattle Campus,WA,A,"cited GPA, acceptance rate and test blind",No,3.84 (2025-26),39%,,,3,2037,2,index,tier A,
washington-adventist-university,Washington Adventist University,MD,B,no cited GPA,No,,46%,math 410-550,,0,91,2,index,tier B,
washington-and-jefferson-college,Washington &amp; Jefferson College,PA,B,no cited GPA; test blind,No,,81%,,,0,35,1,index,tier B,
washington-and-lee,Washington and Lee University,VA,B,no cited GPA,No,,14%,math 720-780,33-34,2,752,2,index,tier B,
washington-college,Washington College,MD,A,"cited GPA, acceptance rate and SAT/ACT",No,3.87 (2024-25),57%,math 560-680,27-31,0,67,1,index,tier A,
washington-county-community-college,Washington County Community College,ME,C,open admission (IPEDS),Yes,,,,,0,9,1,noindex,"tier C, no clicks in 12 months",
washington-state-college-of-ohio,Washington State College of Ohio,OH,C,open admission (IPEDS),Yes,,,,,0,2,1,noindex,"tier C, no clicks in 12 months",washington-state-community-college
washington-state-university,Washington State University,WA,A,"cited GPA, acceptance rate and test blind",No,3.46 (2025-26),87%,,,2,710,2,index,tier A,
washtenaw-community-college,Washtenaw Community College,MI,C,open admission (IPEDS),Yes,,,,,0,10,1,noindex,"tier C, no clicks in 12 months",
washu,Washington University in St Louis,MO,B,no cited GPA,No,,12%,math 770-800,33-35,1,853,2,index,tier B,
waubonsee-community-college,Waubonsee Community College,IL,C,open admission (IPEDS),Yes,,,,,0,54,1,noindex,"tier C, no clicks in 12 months",
waukesha-county-technical-college,Waukesha County Technical College,WI,C,open admission (IPEDS),Yes,,,,,0,4,1,noindex,"tier C, no clicks in 12 months",
wayland-baptist-university,Wayland Baptist University,TX,B,no cited GPA; test blind,No,,56%,,,0,131,2,index,tier B,
wayne-community-college,Wayne Community College,NC,C,open admission (IPEDS),Yes,,,,,0,15,1,noindex,"tier C, no clicks in 12 months",
wayne-county-community-college-district,Wayne County Community College District,MI,C,open admission (IPEDS),Yes,,,,,0,20,1,noindex,"tier C, no clicks in 12 months",
wayne-state-college,Wayne State College,NE,C,open admission (IPEDS),Yes,,,,,0,29,1,noindex,"tier C, no clicks in 12 months",
wayne-state-university,Wayne State University,MI,A,"cited GPA, acceptance rate and SAT/ACT",No,3.42 (2025-26),81%,math 520-630,23-29,2,1136,2,index,tier A,
waynesburg-university,Waynesburg University,PA,B,no cited GPA,No,,90%,math 460-620,19-23,1,135,2,index,tier B,
weatherford-college,Weatherford College,TX,C,open admission (IPEDS),Yes,,,,,0,47,1,noindex,"tier C, no clicks in 12 months",
webb,Webb Institute,NY,B,no cited GPA,No,,14%,math 720-780,32-34,0,39,1,index,tier B,
webber-international-university,Webber International University,FL,B,no cited GPA; test blind,No,,69%,,,0,215,2,index,tier B,
weber-state-university,Weber State University,UT,C,open admission (IPEDS),Yes,,,,,0,376,2,noindex,"tier C, no clicks in 12 months",
webster-university,Webster University,MO,B,no cited GPA,No,,86%,math 530-650,18-25,2,521,2,index,tier B,
welch-college,Welch College,TN,C,open admission (IPEDS),Yes,,,,,0,1,1,noindex,"tier C, no clicks in 12 months",free-will-baptist-bible-college
wellesley,Wellesley College,MA,B,no cited GPA,No,,14%,math 730-790,33-35,0,122,1,index,tier B,
wenatchee-valley-college,Wenatchee Valley College,WA,C,open admission (IPEDS),Yes,,,,,0,10,1,noindex,"tier C, no clicks in 12 months",
wentworth-institute-of-technology,Wentworth Institute of Technology,MA,A,"cited GPA, acceptance rate and SAT/ACT",No,3.48 (2025-26),91%,math 550-660,27-31,0,202,1,index,tier A,
wesley-biblical-seminary,Wesley Biblical Seminary,MS,B,no cited GPA; test blind,No,,57%,,,0,1,1,index,tier B,
wesleyan-college,Wesleyan College,GA,B,no cited GPA,No,,59%,math 450-543,20-24,0,89,1,index,tier B,
wesleyan-university,Wesleyan University,CT,B,no cited GPA,No,,16%,math 710-780,33-35,0,636,2,index,tier B,
west-chester-university-of-pennsylvania,West Chester University of Pennsylvania,PA,B,no cited GPA,No,,78%,math 540-620,24-28,0,848,2,index,tier B,
west-coast-university-los-angeles,West Coast University Los Angeles,CA,C,open admission (IPEDS),Yes,,,,,1,331,2,index,"tier C, kept for traffic: 1 clicks in 12 months",
west-coast-university-ontario,West Coast University Ontario,CA,C,open admission (IPEDS),Yes,,,,,0,39,2,noindex,"tier C, no clicks in 12 months",
west-coast-university-orange-county,West Coast University Orange County,CA,C,open admission (IPEDS),Yes,,,,,0,179,2,noindex,"tier C, no clicks in 12 months",
west-georgia-technical-college,West Georgia Technical College,GA,C,open admission (IPEDS),Yes,,,,,0,35,1,noindex,"tier C, no clicks in 12 months",
west-kentucky-community-and-technical-college,West Kentucky Community and Technical College,KY,C,open admission (IPEDS),Yes,,,,,0,14,1,noindex,"tier C, no clicks in 12 months",
west-liberty-university,West Liberty University,WV,B,no cited GPA,No,,97%,math 420-543,18-24,0,109,2,index,tier B,
west-los-angeles-college,West Los Angeles College,CA,C,open admission (IPEDS),Yes,,,,,0,6,1,noindex,"tier C, no clicks in 12 months",
west-point,United States Military Academy,NY,A,"cited GPA, acceptance rate and SAT/ACT",No,4.1 (2024-25),12%,math 600-720,27-33,0,182,1,index,tier A,
west-shore-community-college,West Shore Community College,MI,C,open admission (IPEDS),Yes,,,,,0,5,1,noindex,"tier C, no clicks in 12 months",
west-texas-a-and-m-university,West Texas A &amp; M University,TX,B,no cited GPA,No,,99%,math 470-580,18-23,0,95,2,index,tier B,
west-valley-college,West Valley College,CA,C,open admission (IPEDS),Yes,,,,,0,21,1,noindex,"tier C, no clicks in 12 months",
west-virginia-junior-college-charleston,West Virginia Junior College Charleston,WV,C,open admission (IPEDS),Yes,,,,,0,8,1,noindex,"tier C, no clicks in 12 months",
west-virginia-junior-college-morgantown,West Virginia Junior College Morgantown,WV,C,open admission (IPEDS),Yes,,,,,0,9,1,noindex,"tier C, no clicks in 12 months",
west-virginia-northern-community-college,West Virginia Northern Community College,WV,C,open admission (IPEDS),Yes,,,,,0,15,1,noindex,"tier C, no clicks in 12 months",
west-virginia-state-university,West Virginia State University,WV,B,no cited GPA,No,,96%,math 350-490,15-20,0,226,2,index,tier B,
west-virginia-university,West Virginia University,WV,B,no cited GPA,No,,89%,math 490-600,20-26,1,1103,2,index,tier B,
west-virginia-university-at-parkersburg,West Virginia University at Parkersburg,WV,C,open admission (IPEDS),Yes,,,,,0,59,2,noindex,"tier C, no clicks in 12 months",
west-virginia-university-institute-of-technology,West Virginia University Institute of Technology,WV,B,no cited GPA,No,,37%,math 420-550,19-23,2,598,2,index,tier B,
west-virginia-wesleyan-college,West Virginia Wesleyan College,WV,B,no cited GPA,No,,93%,math 420-560,16-23,0,16,1,index,tier B,
westcliff-university,Westcliff University,CA,B,no cited GPA; test blind,No,,73%,,,0,60,3,index,tier B,
western-carolina-university,Western Carolina University,NC,A,"cited GPA, acceptance rate and SAT/ACT",No,3.43 (2024-25),82%,math 520-610,19-25,0,731,2,index,tier A,
western-colorado-university,Western Colorado University,CO,B,no cited GPA,No,,100%,math 555-670,22-26,0,40,1,index,tier B,western-state-college-of-colorado
western-connecticut-state-university,Western Connecticut State University,CT,B,no cited GPA,No,,87%,math 530-590,,1,604,2,index,tier B,
western-dakota-technical-college,Western Dakota Technical College,SD,C,open admission (IPEDS),Yes,,,,,0,6,1,noindex,"tier C, no clicks in 12 months",western-dakota-technical-institute
western-governors-university,Western Governors University,UT,C,open admission (IPEDS),Yes,,,,,2,1018,2,index,"tier C, kept for traffic: 2 clicks in 12 months",
western-illinois-university,Western Illinois University,IL,B,no cited GPA; test blind,No,,71%,,,0,228,2,index,tier B,
western-iowa-tech-community-college,Western Iowa Tech Community College,IA,C,open admission (IPEDS),Yes,,,,,0,12,1,noindex,"tier C, no clicks in 12 months",
western-kentucky-university,Western Kentucky University,KY,B,no cited GPA,No,,94%,math 420-520,16-21,0,378,2,index,tier B,
western-michigan-university,Western Michigan University,MI,A,"cited GPA, acceptance rate and test blind",No,3.55 (2025-26),85%,,,1,816,2,index,tier A,
western-nebraska-community-college,Western Nebraska Community College,NE,C,open admission (IPEDS),Yes,,,,,0,14,1,noindex,"tier C, no clicks in 12 months",
western-nevada-college,Western Nevada College,NV,C,open admission (IPEDS),Yes,,,,,0,2,1,noindex,"tier C, no clicks in 12 months",
western-new-england-university,Western New England University,MA,A,"cited GPA, acceptance rate and SAT/ACT",No,3.52 (2025-26),83%,math 550-650,21-28,13,719,2,index,tier A,
western-new-mexico-university,Western New Mexico University,NM,C,open admission (IPEDS),Yes,,,,,0,133,2,noindex,"tier C, no clicks in 12 months",
western-oklahoma-state-college,Western Oklahoma State College,OK,C,open admission (IPEDS),Yes,,,,,0,12,1,noindex,"tier C, no clicks in 12 months",
western-oregon-university,Western Oregon University,OR,A,"cited GPA, acceptance rate and test blind",No,3.29 (2024-25),98%,,,0,163,2,index,tier A,
western-piedmont-community-college,Western Piedmont Community College,NC,C,open admission (IPEDS),Yes,,,,,0,3,1,noindex,"tier C, no clicks in 12 months",
western-technical-college,Western Technical College,WI,C,open admission (IPEDS),Yes,,,,,0,17,1,noindex,"tier C, no clicks in 12 months",
western-texas-college,Western Texas College,TX,C,open admission (IPEDS),Yes,,,,,0,16,1,noindex,"tier C, no clicks in 12 months",
western-university-of-health-sciences,Western University of Health Sciences,CA,C,"no cited GPA, acceptance rate or SAT/ACT",,,,,,2,496,1,index,"tier C, kept for traffic: 2 clicks in 12 months",
western-washington-university,Western Washington University,WA,A,"cited GPA, acceptance rate and SAT/ACT",No,3.42 (2025-26),93%,math 560-680,24-31,1,830,2,index,tier A,
western-wyoming-community-college,Western Wyoming Community College,WY,C,open admission (IPEDS),Yes,,,,,0,14,1,noindex,"tier C, no clicks in 12 months",
westfield-state-university,Westfield State University,MA,B,no SAT/ACT,No,3.24 (2023-24),81%,,,1,408,2,index,tier B,
westminster-college-mo,Westminster College,MO,B,no cited GPA,No,,79%,math 510-620,19-24,0,28,1,index,tier B,
westminster-college-pa,Westminster College,PA,B,no cited GPA; test blind,No,,93%,,,0,52,1,index,tier B,
westminster-university,Westminster University,UT,A,"cited GPA, acceptance rate and SAT/ACT",No,3.75 (2025-26),67%,math 530-640,23-29,0,27,1,index,tier A,westminster-college-ut
westmont-college,Westmont College,CA,A,"cited GPA, acceptance rate and SAT/ACT",No,3.64 (2024-25),77%,math 610-700,25-32,0,66,1,index,tier A,
westmoreland-county-community-college,Westmoreland County Community College,PA,C,open admission (IPEDS),Yes,,,,,0,13,1,noindex,"tier C, no clicks in 12 months",
wharton-county-junior-college,Wharton County Junior College,TX,C,open admission (IPEDS),Yes,,,,,0,46,1,noindex,"tier C, no clicks in 12 months",
whatcom-community-college,Whatcom Community College,WA,C,open admission (IPEDS),Yes,,,,,0,11,1,noindex,"tier C, no clicks in 12 months",
wheaton-college-il,Wheaton College,IL,B,no cited GPA,No,,87%,math 610-730,28-32,0,41,1,index,tier B,
wheaton-college-ma,Wheaton College (Massachusetts),MA,B,no cited GPA,No,,68%,math 580-670,29-33,0,50,1,index,tier B,
wheeling-university,Wheeling University,WV,B,no cited GPA; test blind,No,,63%,,,0,110,2,index,tier B,wheeling-jesuit-university
white-earth-tribal-and-community-college,White Earth Tribal and Community College,MN,C,open admission (IPEDS),Yes,,,,,0,0,0,noindex,"tier C, no clicks in 12 months",
white-mountains-community-college,White Mountains Community College,NH,C,open admission (IPEDS),Yes,,,,,0,10,1,noindex,"tier C, no clicks in 12 months",
whitman-college,Whitman College,WA,B,no cited GPA,No,,38%,math 640-740,29-33,0,111,1,index,tier B,
whittier-college,Whittier College,CA,B,no cited GPA; test blind,No,,81%,,,1,121,1,index,tier B,
whitworth-university,Whitworth University,WA,B,no cited GPA,No,,90%,math 540-660,21-29,1,222,2,index,tier B,
wichita-area-technical-college,Wichita Area Technical College,,C,figures removed in Phase 2 H (identity under review),,,,,,0,1,1,noindex,"tier C, no clicks in 12 months",
wichita-state-university,Wichita State University,KS,A,"cited GPA, acceptance rate and SAT/ACT",No,3.41 (2025-26),94%,math 435-630,17-25,0,205,2,index,tier A,
widener-university-main-campus,Widener University,PA,B,no cited GPA,No,,71%,math 530-640,,0,471,5,index,tier B,
wilberforce-university,Wilberforce University,OH,B,no cited GPA or SAT/ACT,No,,40%,,,3,245,2,index,tier B,
wiley-university,Wiley University,TX,C,open admission (IPEDS),Yes,,,,,0,21,1,noindex,"tier C, no clicks in 12 months",wiley-college
wilkes-community-college,Wilkes Community College,NC,C,open admission (IPEDS),Yes,,,,,0,5,1,noindex,"tier C, no clicks in 12 months",
wilkes-university,Wilkes University,PA,A,"cited GPA, acceptance rate and SAT/ACT",No,3.46 (2025-26),91%,math 490-620,22-29,0,191,2,index,tier A,
willamette,Willamette University,OR,B,no cited GPA,No,,77%,math 600-710,28-33,3,698,2,index,tier B,
william-carey-university,William Carey University,MS,B,no cited GPA,No,,60%,math 500-600,19-25,0,312,2,index,tier B,
william-james-college,William James College,MA,C,"no cited GPA, acceptance rate or SAT/ACT",,,,,,0,75,1,noindex,"tier C, no clicks in 12 months",
william-jessup-university,William Jessup University,CA,B,no cited GPA,No,,93%,math 488-590,,0,308,2,index,tier B,
william-jewell-college,William Jewell College,MO,B,no cited GPA,No,,38%,math 540-640,18-24,0,24,1,index,tier B,
william-mary,William & Mary,VA,B,no cited GPA,No,,34%,math 690-770,32-34,0,34,1,index,tier B,
william-moore-college-of-technology,William R Moore College of Technology,TN,C,open admission (IPEDS),Yes,,,,,0,1,1,noindex,"tier C, no clicks in 12 months",
william-paterson-university-of-new-jersey,William Paterson University of New Jersey,NJ,B,no cited GPA or SAT/ACT,No,,90%,,,2,1150,2,index,tier B,
william-peace-university,William Peace University,NC,B,no cited GPA,No,,94%,math 535-595,22-27,0,306,2,index,tier B,
william-penn-university,William Penn University,IA,B,no cited GPA,No,,52%,math 430-540,16-22,0,160,2,index,tier B,
william-woods-university,William Woods University,MO,B,no cited GPA or SAT/ACT,No,,71%,,,0,130,2,index,tier B,
williams,Williams College,MA,B,no cited GPA,No,,8.2%,math 750-790,34-35,0,173,1,index,tier B,
williams-baptist-university,Williams Baptist University,AR,B,no cited GPA,No,,83%,,16-21,0,4,1,index,tier B,williams-baptist-college
williamsburg-technical-college,Williamsburg Technical College,SC,C,open admission (IPEDS),Yes,,,,,0,1,1,noindex,"tier C, no clicks in 12 months",
williamson-christian-college,Williamson Christian College,TN,C,open admission (IPEDS),Yes,,,,,0,6,1,noindex,"tier C, no clicks in 12 months",
williston-state-college,Williston State College,ND,C,open admission (IPEDS),Yes,,,,,0,21,1,noindex,"tier C, no clicks in 12 months",
wilmington-college,Wilmington College,OH,B,no cited GPA,No,,92%,math 400-610,16-23,0,20,1,index,tier B,
wilmington-university,Wilmington University,DE,C,open admission (IPEDS),Yes,,,,,0,117,2,noindex,"tier C, no clicks in 12 months",
wilson-college,Wilson College,PA,B,no cited GPA,No,,92%,math 450-570,,0,15,1,index,tier B,
wilson-community-college,Wilson Community College,NC,C,open admission (IPEDS),Yes,,,,,0,11,1,noindex,"tier C, no clicks in 12 months",
windward-community-college,Windward Community College,HI,C,open admission (IPEDS),Yes,,,,,0,18,1,noindex,"tier C, no clicks in 12 months",
wingate-university,Wingate University,NC,B,no cited GPA,No,,91%,math 500-600,18-25,1,595,2,index,tier B,
winona-state-university,Winona State University,MN,B,no cited GPA; test blind,No,,75%,,,0,721,2,index,tier B,
winston-salem-state-university,Winston-Salem State University,NC,B,no cited GPA,No,,78%,math 400-500,15-20,0,660,2,index,tier B,
winthrop,Winthrop University,SC,B,no cited GPA,No,,79%,math 490-590,20-27,0,558,2,index,tier B,
wiregrass-georgia-technical-college,Wiregrass Georgia Technical College,GA,C,open admission (IPEDS),Yes,,,,,0,19,1,noindex,"tier C, no clicks in 12 months",
wisconsin,University of Wisconsin Madison,WI,B,no cited GPA,No,,45%,math 710-780,29-33,0,1557,3,index,tier B,
wisconsin-lutheran-college,Wisconsin Lutheran College,WI,B,no cited GPA,No,,78%,math 440-590,23-29,0,26,1,index,tier B,
wittenberg-university,Wittenberg University,OH,B,no cited GPA,No,,72%,math 480-625,21-28,1,117,2,index,tier B,
wofford-college,Wofford College,SC,B,no cited GPA,No,,52%,math 590-663,27-31,2,123,1,index,tier B,
woodbury-university,Woodbury University,CA,B,no cited GPA; test blind,No,,82%,,,0,178,2,index,tier B,
woodland-community-college,Woodland Community College,CA,C,open admission (IPEDS),Yes,,,,,0,8,1,noindex,"tier C, no clicks in 12 months",
wooster,The College of Wooster,OH,B,no cited GPA,No,,60%,math 590-720,27-33,0,78,1,index,tier B,
wor-wic-community-college,Wor-Wic Community College,MD,C,open admission (IPEDS),Yes,,,,,0,10,1,noindex,"tier C, no clicks in 12 months",
worcester-state-university,Worcester State University,MA,A,"cited GPA, acceptance rate and SAT/ACT",No,3.41 (2025-26),88%,math 493-618,,2,471,2,index,tier A,
world-mission-university,World Mission University,CA,C,open admission (IPEDS),Yes,,,,,0,67,2,noindex,"tier C, no clicks in 12 months",
wpi,Worcester Polytechnic Institute,MA,B,no cited GPA; test blind,No,,60%,,,0,96,1,index,tier B,
wright-state-university-lake-campus,Wright State University Lake Campus,OH,C,open admission (IPEDS),Yes,,,,,0,89,2,noindex,"tier C, no clicks in 12 months",
wright-state-university-main-campus,Wright State University Main Campus,OH,B,no cited GPA; test blind,No,,96%,,,1,259,2,index,tier B,
wytheville-community-college,Wytheville Community College,VA,C,open admission (IPEDS),Yes,,,,,0,3,1,noindex,"tier C, no clicks in 12 months",
xavier-university,Xavier University,OH,A,"cited GPA, acceptance rate and SAT/ACT",No,3.66 (2023-24),86%,math 550-650,22-29,0,925,2,index,tier A,
xavier-university-of-louisiana,Xavier University of Louisiana,LA,B,no cited GPA,No,,69%,math 450-553,19-24,0,888,2,index,tier B,
yakima-valley-college,Yakima Valley College,WA,C,open admission (IPEDS),Yes,,,,,0,12,1,noindex,"tier C, no clicks in 12 months",yakima-valley-community-college
yale,Yale University,CT,B,no cited GPA,No,,3.9%,math 740-790,33-35,1,2625,2,index,tier B,
yavapai-college,Yavapai College,AZ,C,open admission (IPEDS),Yes,,,,,0,9,1,noindex,"tier C, no clicks in 12 months",
yellowstone-christian-college,Yellowstone Christian College,,C,figures removed in Phase 2 H (identity under review),,,,,,0,0,0,noindex,"tier C, no clicks in 12 months",
yeshiva-derech-chaim,Yeshiva Derech Chaim,NY,B,no cited GPA; test blind,No,,88%,,,0,2,1,index,tier B,
yeshiva-dmonsey-rabbinical-college,Yeshiva D'monsey Rabbinical College,NY,B,no cited GPA; test blind,No,,37%,,,0,3,1,index,tier B,
yeshiva-gedolah-imrei-yosef-dspinka,Yeshiva Gedolah Imrei Yosef D'spinka,NY,C,open admission (IPEDS),Yes,,,,,0,4,1,noindex,"tier C, no clicks in 12 months",
yeshiva-gedolah-of-greater-detroit,Yeshiva Gedolah of Greater Detroit,MI,B,no cited GPA; test blind,No,,90%,,,0,9,1,index,tier B,
yeshiva-karlin-stolin,Yeshiva Karlin Stolin,NY,C,open admission (IPEDS),Yes,,,,,0,22,1,noindex,"tier C, no clicks in 12 months",
yeshiva-of-machzikai-hadas,Yeshiva of Machzikai Hadas,NY,B,no cited GPA; test blind,No,,70%,,,0,10,1,index,tier B,
yeshiva-of-nitra-rabbinical-college,Yeshiva of Nitra Rabbinical College,NY,C,open admission (IPEDS),Yes,,,,,0,14,1,noindex,"tier C, no clicks in 12 months",
yeshiva-of-the-telshe-alumni,Yeshiva of the Telshe Alumni,NY,B,no cited GPA; test blind,No,,100%,,,0,10,1,index,tier B,
yeshiva-ohr-elchonon-chabad-west-coast-talmudical-seminary,Yeshiva Ohr Elchonon Chabad West Coast Talmudical Seminary,CA,B,no cited GPA; test blind,No,,58%,,,0,4,1,index,tier B,
yeshiva-shaar-hatorah,Yeshivath Shaar Hatorah,NY,B,no cited GPA; test blind,No,,72%,,,0,2,1,index,tier B,
yeshiva-shaarei-torah-of-rockland,Yeshiva Shaarei Torah of Rockland,NY,B,no cited GPA; test blind,No,,37%,,,0,5,1,index,tier B,
yeshiva-toras-chaim,Yeshiva Toras Chaim,NJ,B,no cited GPA; test blind,No,,44%,,,0,13,1,index,tier B,
yeshiva-university,Yeshiva University,NY,A,"cited GPA, acceptance rate and SAT/ACT",No,3.49 (2023-24),56%,math 670-770,29-33,0,362,2,index,tier A,
yeshivah-gedolah-rabbinical-college,Yeshivah Gedolah Rabbinical College,FL,C,open admission (IPEDS),Yes,,,,,0,1,1,noindex,"tier C, no clicks in 12 months",
yeshivas-beer-yitzchok,Yeshivas Be'er Yitzchok,NJ,B,no cited GPA; test blind,No,,86%,,,0,7,1,index,tier B,
yeshivas-novominsk,Yeshivas Novominsk,NY,B,no cited GPA; test blind,No,,90%,,,0,6,1,index,tier B,
yeshivat-mikdash-melech,Yeshivat Mikdash Melech,,C,figures removed in Phase 2 H (identity under review),,,,,,0,7,1,noindex,"tier C, no clicks in 12 months",
yeshivath-beth-moshe,Yeshivath Beth Moshe,PA,B,no cited GPA; test blind,No,,100%,,,0,0,0,index,tier B,
yeshivath-viznitz,Yeshivath Viznitz,NY,C,open admission (IPEDS),Yes,,,,,0,2,1,noindex,"tier C, no clicks in 12 months",
yeshivath-zichron-moshe,Yeshivath Zichron Moshe,NY,B,no cited GPA; test blind,No,,30%,,,0,1,1,index,tier B,
yo-san-university-of-traditional-chinese-medicine,Yo San University of Traditional Chinese Medicine,CA,C,"no cited GPA, acceptance rate or SAT/ACT",,,,,,0,38,2,noindex,"tier C, no clicks in 12 months",
york-college-pennsylvania,York College of Pennsylvania,PA,B,no cited GPA,No,,74%,math 500-630,21-28,0,90,1,index,tier B,
york-county-community-college,York County Community College,ME,C,open admission (IPEDS),Yes,,,,,0,2,1,noindex,"tier C, no clicks in 12 months",
york-technical-college,York Technical College,SC,C,open admission (IPEDS),Yes,,,,,0,38,1,noindex,"tier C, no clicks in 12 months",
york-university,York University,NE,B,no cited GPA,No,,52%,math 430-570,16-23,0,120,1,index,tier B,york-college
young-harris-college,Young Harris College,GA,B,no cited GPA; test blind,No,,63%,,,0,73,1,index,tier B,
youngstown-state-university,Youngstown State University,OH,B,no cited GPA,No,,84%,math 500-610,19-25,0,387,2,index,tier B,
yuba-college,Yuba College,CA,C,open admission (IPEDS),Yes,,,,,0,18,1,noindex,"tier C, no clicks in 12 months",
zane-state-college,Zane State College,OH,C,open admission (IPEDS),Yes,,,,,0,10,1,noindex,"tier C, no clicks in 12 months",
