old_url	status	location	redirect_by	final_url	final_status	hops	same_college_today	lands_there
https://gpacalculator.net/admission/auburn-university/	301	https://gpacalculator.net/admissions/auburn/	Rank Math	https://gpacalculator.net/admissions/auburn/	200	1	https://gpacalculator.net/admissions/auburn/	yes
https://gpacalculator.net/admission/harvard-university/	301	https://gpacalculator.net/admissions/harvard/	Rank Math	https://gpacalculator.net/admissions/harvard/	200	1	https://gpacalculator.net/admissions/harvard/	yes
https://gpacalculator.net/admission/texas-tech-university/	301	https://gpacalculator.net/admissions/texas-tech/	Rank Math	https://gpacalculator.net/admissions/texas-tech/	200	1	https://gpacalculator.net/admissions/texas-tech/	yes
https://gpacalculator.net/admission/university-of-california-berkeley/	301	https://gpacalculator.net/admissions/uc-berkeley/	Rank Math	https://gpacalculator.net/admissions/uc-berkeley/	200	1	https://gpacalculator.net/admissions/uc-berkeley/	yes
https://gpacalculator.net/admission/university-of-north-carolina-at-chapel-hill/	301	https://gpacalculator.net/admissions/unc/	Rank Math	https://gpacalculator.net/admissions/unc/	200	1	https://gpacalculator.net/admissions/unc/	yes
https://gpacalculator.net/admission/university-of-michigan-ann-arbor/	301	https://gpacalculator.net/admissions/michigan/	Rank Math	https://gpacalculator.net/admissions/michigan/	200	1		
https://gpacalculator.net/admission/stanford-university/	301	https://gpacalculator.net/admissions/stanford/	Rank Math	https://gpacalculator.net/admissions/stanford/	200	1	https://gpacalculator.net/admissions/stanford/	yes
https://gpacalculator.net/admission/clemson-university/	301	https://gpacalculator.net/admissions/clemson/	Rank Math	https://gpacalculator.net/admissions/clemson/	200	1	https://gpacalculator.net/admissions/clemson/	yes
https://gpacalculator.net/admission/university-of-notre-dame/	301	https://gpacalculator.net/admissions/notre-dame/	Rank Math	https://gpacalculator.net/admissions/notre-dame/	200	1	https://gpacalculator.net/admissions/notre-dame/	yes
https://gpacalculator.net/admission/university-of-maryland-college-park/	301	https://gpacalculator.net/admissions/umd/	Rank Math	https://gpacalculator.net/admissions/umd/	200	1	https://gpacalculator.net/admissions/umd/	yes
https://gpacalculator.net/admission/the-university-of-texas-at-austin/	301	https://gpacalculator.net/admissions/ut-austin/	Rank Math	https://gpacalculator.net/admissions/ut-austin/	200	1	https://gpacalculator.net/admissions/ut-austin/	yes
https://gpacalculator.net/admission/university-of-georgia/	301	https://gpacalculator.net/admissions/georgia/	Rank Math	https://gpacalculator.net/admissions/georgia/	200	1	https://gpacalculator.net/admissions/georgia/	yes
https://gpacalculator.net/admission/new-york-university/	301	https://gpacalculator.net/admissions/nyu/	Rank Math	https://gpacalculator.net/admissions/nyu/	200	1	https://gpacalculator.net/admissions/nyu/	yes
https://gpacalculator.net/admission/stony-brook-university/	301	https://gpacalculator.net/admissions/stony-brook/	Rank Math	https://gpacalculator.net/admissions/stony-brook/	200	1	https://gpacalculator.net/admissions/stony-brook/	yes
https://gpacalculator.net/admission/miami-university-oxford/	301	https://gpacalculator.net/admissions/miami-university/	Rank Math	https://gpacalculator.net/admissions/miami-university/	200	1		
https://gpacalculator.net/admission/yale-university/	301	https://gpacalculator.net/admissions/yale/	Rank Math	https://gpacalculator.net/admissions/yale/	200	1	https://gpacalculator.net/admissions/yale/	yes
https://gpacalculator.net/admission/rice-university/	301	https://gpacalculator.net/admissions/rice/	Rank Math	https://gpacalculator.net/admissions/rice/	200	1	https://gpacalculator.net/admissions/rice/	yes
https://gpacalculator.net/admission/princeton-university/	301	https://gpacalculator.net/admissions/princeton/	Rank Math	https://gpacalculator.net/admissions/princeton/	200	1	https://gpacalculator.net/admissions/princeton/	yes
https://gpacalculator.net/admission/duke-university/	301	https://gpacalculator.net/admissions/duke/	Rank Math	https://gpacalculator.net/admissions/duke/	200	1	https://gpacalculator.net/admissions/duke/	yes
https://gpacalculator.net/admission/northeastern-university/	301	https://gpacalculator.net/admissions/northeastern/	Rank Math	https://gpacalculator.net/admissions/northeastern/	200	1	https://gpacalculator.net/admissions/northeastern/	yes
https://gpacalculator.net/admission/university-of-florida/	301	https://gpacalculator.net/admissions/florida/	Rank Math	https://gpacalculator.net/admissions/florida/	200	1	https://gpacalculator.net/admissions/florida/	yes
https://gpacalculator.net/admission/university-of-delaware/	301	https://gpacalculator.net/admissions/delaware/	Rank Math	https://gpacalculator.net/admissions/delaware/	200	1	https://gpacalculator.net/admissions/delaware/	yes
https://gpacalculator.net/admission/texas-a-m-university-college-station/	301	https://gpacalculator.net/admissions/texas-a-and-m-university-college-station/	Rank Math	https://gpacalculator.net/admissions/texas-a-and-m-university-college-station/	200	1		
https://gpacalculator.net/admission/north-carolina-state-university-at-raleigh/	301	https://gpacalculator.net/admissions/nc-state/	Rank Math	https://gpacalculator.net/admissions/nc-state/	200	1	https://gpacalculator.net/admissions/nc-state/	yes
https://gpacalculator.net/admission/university-of-southern-california/	301	https://gpacalculator.net/admissions/usc/	Rank Math	https://gpacalculator.net/admissions/usc/	200	1	https://gpacalculator.net/admissions/usc/	yes
https://gpacalculator.net/admission/university-of-washington-seattle-campus/	301	https://gpacalculator.net/admissions/washington/	Rank Math	https://gpacalculator.net/admissions/washington/	200	1	https://gpacalculator.net/admissions/washington/	yes
https://gpacalculator.net/admission/university-of-north-carolina-wilmington/	301	https://gpacalculator.net/admissions/university-of-north-carolina-at-wilmington/	Rank Math	https://gpacalculator.net/admissions/university-of-north-carolina-at-wilmington/	200	1		
https://gpacalculator.net/admission/brigham-young-university-provo/	301	https://gpacalculator.net/admissions/byu/	Rank Math	https://gpacalculator.net/admissions/byu/	200	1	https://gpacalculator.net/admissions/byu/	yes
https://gpacalculator.net/admission/george-washington-university/	301	https://gpacalculator.net/admissions/george-washington/	Rank Math	https://gpacalculator.net/admissions/george-washington/	200	1	https://gpacalculator.net/admissions/george-washington/	yes
https://gpacalculator.net/admission/villanova-university/	301	https://gpacalculator.net/admissions/villanova/	Rank Math	https://gpacalculator.net/admissions/villanova/	200	1	https://gpacalculator.net/admissions/villanova/	yes
https://gpacalculator.net/admission/university-of-wisconsin-madison/	301	https://gpacalculator.net/admissions/wisconsin/	Rank Math	https://gpacalculator.net/admissions/wisconsin/	200	1	https://gpacalculator.net/admissions/wisconsin/	yes
https://gpacalculator.net/admission/carnegie-mellon-university/	301	https://gpacalculator.net/admissions/carnegie-mellon/	Rank Math	https://gpacalculator.net/admissions/carnegie-mellon/	200	1	https://gpacalculator.net/admissions/carnegie-mellon/	yes
https://gpacalculator.net/admission/tufts-university/	301	https://gpacalculator.net/admissions/tufts/	Rank Math	https://gpacalculator.net/admissions/tufts/	200	1	https://gpacalculator.net/admissions/tufts/	yes
https://gpacalculator.net/admission/university-of-pittsburgh-pittsburgh-campus/	301	https://gpacalculator.net/admissions/pitt/	Rank Math	https://gpacalculator.net/admissions/pitt/	200	1	https://gpacalculator.net/admissions/pitt/	yes
https://gpacalculator.net/admission/embry-riddle-aeronautical-university-daytona-beach/	301	https://gpacalculator.net/admissions/embry-riddle/	Rank Math	https://gpacalculator.net/admissions/embry-riddle/	200	1	https://gpacalculator.net/admissions/embry-riddle/	yes
https://gpacalculator.net/admission/emory-university/	301	https://gpacalculator.net/admissions/emory/	Rank Math	https://gpacalculator.net/admissions/emory/	200	1	https://gpacalculator.net/admissions/emory/	yes
https://gpacalculator.net/admission/columbia-university-in-the-city-of-new-york/	301	https://gpacalculator.net/admissions/columbia/	Rank Math	https://gpacalculator.net/admissions/columbia/	200	1	https://gpacalculator.net/admissions/columbia/	yes
https://gpacalculator.net/admission/university-of-minnesota-twin-cities/	404			https://gpacalculator.net/admission/university-of-minnesota-twin-cities/	404	0		
https://gpacalculator.net/admission/san-diego-state-university/	301	https://gpacalculator.net/admissions/san-diego-state/	Rank Math	https://gpacalculator.net/admissions/san-diego-state/	200	1	https://gpacalculator.net/admissions/san-diego-state/	yes
https://gpacalculator.net/admission/brown-university/	301	https://gpacalculator.net/admissions/brown/	Rank Math	https://gpacalculator.net/admissions/brown/	200	1	https://gpacalculator.net/admissions/brown/	yes
https://gpacalculator.net/admission/appalachian-state-university/	301	https://gpacalculator.net/admissions/appalachian-state/	Rank Math	https://gpacalculator.net/admissions/appalachian-state/	200	1	https://gpacalculator.net/admissions/appalachian-state/	yes
https://gpacalculator.net/admission/georgetown-university/	301	https://gpacalculator.net/admissions/georgetown/	Rank Math	https://gpacalculator.net/admissions/georgetown/	200	1	https://gpacalculator.net/admissions/georgetown/	yes
https://gpacalculator.net/admission/cornell-university/	301	https://gpacalculator.net/admissions/cornell/	Rank Math	https://gpacalculator.net/admissions/cornell/	200	1	https://gpacalculator.net/admissions/cornell/	yes
https://gpacalculator.net/admission/university-of-pennsylvania/	301	https://gpacalculator.net/admissions/upenn/	Rank Math	https://gpacalculator.net/admissions/upenn/	200	1	https://gpacalculator.net/admissions/upenn/	yes
https://gpacalculator.net/admission/florida-gulf-coast-university/	301	https://gpacalculator.net/admissions/florida-gulf-coast/	Rank Math	https://gpacalculator.net/admissions/florida-gulf-coast/	200	1	https://gpacalculator.net/admissions/florida-gulf-coast/	yes
https://gpacalculator.net/admission/lehigh-university/	301	https://gpacalculator.net/admissions/lehigh/	Rank Math	https://gpacalculator.net/admissions/lehigh/	200	1	https://gpacalculator.net/admissions/lehigh/	yes
https://gpacalculator.net/admission/university-of-california-los-angeles/	301	https://gpacalculator.net/admissions/ucla/	Rank Math	https://gpacalculator.net/admissions/ucla/	200	1	https://gpacalculator.net/admissions/ucla/	yes
https://gpacalculator.net/admission/florida-international-university/	301	https://gpacalculator.net/admissions/florida-international/	Rank Math	https://gpacalculator.net/admissions/florida-international/	200	1	https://gpacalculator.net/admissions/florida-international/	yes
https://gpacalculator.net/admission/case-western-reserve-university/	301	https://gpacalculator.net/admissions/case-western/	Rank Math	https://gpacalculator.net/admissions/case-western/	200	1	https://gpacalculator.net/admissions/case-western/	yes
https://gpacalculator.net/admission/colgate-university/	301	https://gpacalculator.net/admissions/colgate/	Rank Math	https://gpacalculator.net/admissions/colgate/	200	1	https://gpacalculator.net/admissions/colgate/	yes
https://gpacalculator.net/admission/the-university-of-alabama/	301	https://gpacalculator.net/admissions/alabama/	Rank Math	https://gpacalculator.net/admissions/alabama/	200	1	https://gpacalculator.net/admissions/alabama/	yes
https://gpacalculator.net/admission/the-university-of-texas-at-dallas/	301	https://gpacalculator.net/admissions/ut-dallas/	Rank Math	https://gpacalculator.net/admissions/ut-dallas/	200	1	https://gpacalculator.net/admissions/ut-dallas/	yes
https://gpacalculator.net/admission/mercer-university/	301	https://gpacalculator.net/admissions/mercer/	Rank Math	https://gpacalculator.net/admissions/mercer/	200	1	https://gpacalculator.net/admissions/mercer/	yes
https://gpacalculator.net/admission/the-university-of-tennessee-knoxville/	301	https://gpacalculator.net/admissions/the-university-of-tennessee/	Rank Math	https://gpacalculator.net/admissions/the-university-of-tennessee/	200	1		
https://gpacalculator.net/admission/vanderbilt-university/	301	https://gpacalculator.net/admissions/vanderbilt/	Rank Math	https://gpacalculator.net/admissions/vanderbilt/	200	1	https://gpacalculator.net/admissions/vanderbilt/	yes
https://gpacalculator.net/admission/ohio-state-university-main-campus/	301	https://gpacalculator.net/admissions/ohio-state/	Rank Math	https://gpacalculator.net/admissions/ohio-state/	200	1		
https://gpacalculator.net/admission/liu-post/	301	https://gpacalculator.net/admissions/long-island-university-c-w-post-campus/	Rank Math	https://gpacalculator.net/admissions/long-island-university-c-w-post-campus/	200	1		
https://gpacalculator.net/admission/california-polytechnic-state-university-san-luis-obispo/	301	https://gpacalculator.net/admissions/cal-poly-slo/	Rank Math	https://gpacalculator.net/admissions/cal-poly-slo/	200	1	https://gpacalculator.net/admissions/cal-poly-slo/	yes
https://gpacalculator.net/admission/university-of-chicago/	301	https://gpacalculator.net/admissions/chicago/	Rank Math	https://gpacalculator.net/admissions/chicago/	200	1	https://gpacalculator.net/admissions/chicago/	yes
https://gpacalculator.net/admission/bradley-university/	301	https://gpacalculator.net/admissions/bradley/	Rank Math	https://gpacalculator.net/admissions/bradley/	200	1	https://gpacalculator.net/admissions/bradley/	yes
https://gpacalculator.net/admission/university-of-illinois-at-urbana-champaign/	301	https://gpacalculator.net/admissions/uiuc/	Rank Math	https://gpacalculator.net/admissions/uiuc/	200	1	https://gpacalculator.net/admissions/uiuc/	yes
https://gpacalculator.net/admission/university-of-california-irvine/	301	https://gpacalculator.net/admissions/uc-irvine/	Rank Math	https://gpacalculator.net/admissions/uc-irvine/	200	1	https://gpacalculator.net/admissions/uc-irvine/	yes
https://gpacalculator.net/admission/depaul-university/	301	https://gpacalculator.net/admissions/depaul/	Rank Math	https://gpacalculator.net/admissions/depaul/	200	1	https://gpacalculator.net/admissions/depaul/	yes
https://gpacalculator.net/admission/embry-riddle-aeronautical-uni-daytona-beach/	301	https://gpacalculator.net/admissions/embry-riddle/	Rank Math	https://gpacalculator.net/admissions/embry-riddle/	200	1		
https://gpacalculator.net/admission/university-of-iowa/	301	https://gpacalculator.net/admissions/iowa/	Rank Math	https://gpacalculator.net/admissions/iowa/	200	1	https://gpacalculator.net/admissions/iowa/	yes
https://gpacalculator.net/admission/north-carolina-a-t-state-university/	301	https://gpacalculator.net/admissions/north-carolina-a-and-t-state-university/	Rank Math	https://gpacalculator.net/admissions/north-carolina-a-and-t-state-university/	200	1		
https://gpacalculator.net/admission/nova-southeastern-university/	301	https://gpacalculator.net/admissions/nova-southeastern/	Rank Math	https://gpacalculator.net/admissions/nova-southeastern/	200	1	https://gpacalculator.net/admissions/nova-southeastern/	yes
https://gpacalculator.net/admission/brandeis-university/	301	https://gpacalculator.net/admissions/brandeis/	Rank Math	https://gpacalculator.net/admissions/brandeis/	200	1	https://gpacalculator.net/admissions/brandeis/	yes
https://gpacalculator.net/admission/butler-university/	301	https://gpacalculator.net/admissions/butler/	Rank Math	https://gpacalculator.net/admissions/butler/	200	1	https://gpacalculator.net/admissions/butler/	yes
https://gpacalculator.net/admission/loyola-marymount-university/	301	https://gpacalculator.net/admissions/loyola-marymount/	Rank Math	https://gpacalculator.net/admissions/loyola-marymount/	200	1	https://gpacalculator.net/admissions/loyola-marymount/	yes
https://gpacalculator.net/admission/university-of-california-davis/	301	https://gpacalculator.net/admissions/uc-davis/	Rank Math	https://gpacalculator.net/admissions/uc-davis/	200	1	https://gpacalculator.net/admissions/uc-davis/	yes
https://gpacalculator.net/admission/university-of-california-riverside/	301	https://gpacalculator.net/admissions/uc-riverside/	Rank Math	https://gpacalculator.net/admissions/uc-riverside/	200	1	https://gpacalculator.net/admissions/uc-riverside/	yes
https://gpacalculator.net/admission/university-of-california-santa-barbara/	301	https://gpacalculator.net/admissions/uc-santa-barbara/	Rank Math	https://gpacalculator.net/admissions/uc-santa-barbara/	200	1	https://gpacalculator.net/admissions/uc-santa-barbara/	yes
https://gpacalculator.net/admission/belmont-university/	301	https://gpacalculator.net/admissions/belmont/	Rank Math	https://gpacalculator.net/admissions/belmont/	200	1	https://gpacalculator.net/admissions/belmont/	yes
https://gpacalculator.net/admission/university-of-california-san-francisco/	301	https://gpacalculator.net/admissions/uc-san-francisco/	Rank Math	https://gpacalculator.net/admissions/uc-san-francisco/	200	1	https://gpacalculator.net/admissions/uc-san-francisco/	yes
https://gpacalculator.net/admission/creighton-university/	301	https://gpacalculator.net/admissions/creighton/	Rank Math	https://gpacalculator.net/admissions/creighton/	200	1	https://gpacalculator.net/admissions/creighton/	yes
https://gpacalculator.net/admission/the-university-of-texas-health-science-center-at-houston/	301	https://gpacalculator.net/admissions/uthealth-houston/	Rank Math	https://gpacalculator.net/admissions/uthealth-houston/	200	1		
https://gpacalculator.net/admission/northwestern-university/	301	https://gpacalculator.net/admissions/northwestern/	Rank Math	https://gpacalculator.net/admissions/northwestern/	200	1	https://gpacalculator.net/admissions/northwestern/	yes
https://gpacalculator.net/admission/denison-university/	301	https://gpacalculator.net/admissions/denison/	Rank Math	https://gpacalculator.net/admissions/denison/	200	1	https://gpacalculator.net/admissions/denison/	yes
https://gpacalculator.net/admission/christopher-newport-university/	301	https://gpacalculator.net/admissions/christopher-newport/	Rank Math	https://gpacalculator.net/admissions/christopher-newport/	200	1	https://gpacalculator.net/admissions/christopher-newport/	yes
https://gpacalculator.net/admission/louisiana-state-university-and-agricultural-mechanical-college/	301	https://gpacalculator.net/admissions/lsu/	Rank Math	https://gpacalculator.net/admissions/lsu/	200	1		
https://gpacalculator.net/admission/roger-williams-university-school-of-law/	404			https://gpacalculator.net/admission/roger-williams-university-school-of-law/	404	0		
https://gpacalculator.net/admission/university-of-california-san-diego/	301	https://gpacalculator.net/admissions/uc-san-diego/	Rank Math	https://gpacalculator.net/admissions/uc-san-diego/	200	1	https://gpacalculator.net/admissions/uc-san-diego/	yes
https://gpacalculator.net/admission/university-of-north-florida/	301	https://gpacalculator.net/admissions/north-florida/	Rank Math	https://gpacalculator.net/admissions/north-florida/	200	1	https://gpacalculator.net/admissions/north-florida/	yes
https://gpacalculator.net/admission/california-state-university-fullerton/	301	https://gpacalculator.net/admissions/csu-fullerton/	Rank Math	https://gpacalculator.net/admissions/csu-fullerton/	200	1	https://gpacalculator.net/admissions/csu-fullerton/	yes
https://gpacalculator.net/admission/samford-university/	301	https://gpacalculator.net/admissions/samford/	Rank Math	https://gpacalculator.net/admissions/samford/	200	1	https://gpacalculator.net/admissions/samford/	yes
https://gpacalculator.net/admission/johns-hopkins-university/	301	https://gpacalculator.net/admissions/johns-hopkins/	Rank Math	https://gpacalculator.net/admissions/johns-hopkins/	200	1	https://gpacalculator.net/admissions/johns-hopkins/	yes
https://gpacalculator.net/admission/kingston-university/	301	https://gpacalculator.net/admissions/kingston-university/	WordPress	https://gpacalculator.net/admissions/kingston-university/	404	1		
https://gpacalculator.net/admission/university-of-alabama-system-office/	410			https://gpacalculator.net/admission/university-of-alabama-system-office/	410	0		
https://gpacalculator.net/admission/texas-state-university-san-marcos/	301	https://gpacalculator.net/admissions/texas-state-university/	Rank Math	https://gpacalculator.net/admissions/texas-state-university/	200	1		
https://gpacalculator.net/admission/taylor-university/	301	https://gpacalculator.net/admissions/taylor/	Rank Math	https://gpacalculator.net/admissions/taylor/	200	1	https://gpacalculator.net/admissions/taylor/	yes
https://gpacalculator.net/admission/university-of-dayton/	301	https://gpacalculator.net/admissions/dayton/	Rank Math	https://gpacalculator.net/admissions/dayton/	200	1	https://gpacalculator.net/admissions/dayton/	yes
https://gpacalculator.net/admission/willamette-university/	301	https://gpacalculator.net/admissions/willamette/	Rank Math	https://gpacalculator.net/admissions/willamette/	200	1	https://gpacalculator.net/admissions/willamette/	yes
https://gpacalculator.net/admission/university-of-san-diego/	301	https://gpacalculator.net/admissions/san-diego/	Rank Math	https://gpacalculator.net/admissions/san-diego/	200	1	https://gpacalculator.net/admissions/san-diego/	yes
https://gpacalculator.net/admission/michigan-technological-university/	301	https://gpacalculator.net/admissions/michigan-tech/	Rank Math	https://gpacalculator.net/admissions/michigan-tech/	200	1	https://gpacalculator.net/admissions/michigan-tech/	yes
https://gpacalculator.net/admission/st-bonaventure-university/	301	https://gpacalculator.net/admissions/saint-bonaventure-university/	Rank Math	https://gpacalculator.net/admissions/saint-bonaventure-university/	200	1		
https://gpacalculator.net/admission/valparaiso-university/	301	https://gpacalculator.net/admissions/valparaiso/	Rank Math	https://gpacalculator.net/admissions/valparaiso/	200	1	https://gpacalculator.net/admissions/valparaiso/	yes
https://gpacalculator.net/admission/duquesne-university/	301	https://gpacalculator.net/admissions/duquesne/	Rank Math	https://gpacalculator.net/admissions/duquesne/	200	1	https://gpacalculator.net/admissions/duquesne/	yes
https://gpacalculator.net/admission/university-of-north-texas-health-science-center/	301	https://gpacalculator.net/admissions/unt-health-fort-worth/	Rank Math	https://gpacalculator.net/admissions/unt-health-fort-worth/	200	1		
https://gpacalculator.net/admission/washington-university-in-st-louis/	301	https://gpacalculator.net/admissions/washu/	Rank Math	https://gpacalculator.net/admissions/washu/	200	1	https://gpacalculator.net/admissions/washu/	yes
https://gpacalculator.net/admission/golden-gate-university-san-francisco/	301	https://gpacalculator.net/admissions/golden-gate-university/	Rank Math	https://gpacalculator.net/admissions/golden-gate-university/	200	1		
https://gpacalculator.net/admission/michigan-state-university-college-of-law/	301	https://gpacalculator.net/admissions/michigan-state-university/	Rank Math	https://gpacalculator.net/admissions/michigan-state-university/	200	1		
https://gpacalculator.net/admission/virginia-polytechnic-institute-and-state-university/	301	https://gpacalculator.net/admissions/virginia-tech/	Rank Math	https://gpacalculator.net/admissions/virginia-tech/	200	1		
https://gpacalculator.net/admission/california-polytechnic-state-uni-san-luis-obispo/	301	https://gpacalculator.net/admissions/cal-poly-slo/	Rank Math	https://gpacalculator.net/admissions/cal-poly-slo/	200	1		
https://gpacalculator.net/admission/washington-and-lee-university/	301	https://gpacalculator.net/admissions/washington-and-lee/	Rank Math	https://gpacalculator.net/admissions/washington-and-lee/	200	1	https://gpacalculator.net/admissions/washington-and-lee/	yes
https://gpacalculator.net/admission/palm-beach-atlantic-university/	301	https://gpacalculator.net/admissions/palm-beach-atlantic-university-west-palm-beach/	Rank Math	https://gpacalculator.net/admissions/palm-beach-atlantic-university-west-palm-beach/	200	1		
https://gpacalculator.net/admission/saint-louis-university/	301	https://gpacalculator.net/admissions/saint-louis/	Rank Math	https://gpacalculator.net/admissions/saint-louis/	200	1		
https://gpacalculator.net/admission/ohio-state-uni-agricultural-technical-institute/	301	https://gpacalculator.net/admissions/ohio-state-university-agricultural-technical-institute/	Rank Math	https://gpacalculator.net/admissions/ohio-state-university-agricultural-technical-institute/	200	1		
https://gpacalculator.net/admission/university-of-texas-southwestern-medical-center/	301	https://gpacalculator.net/admissions/ut-southwestern-medical-center/	Rank Math	https://gpacalculator.net/admissions/ut-southwestern-medical-center/	200	1		
https://gpacalculator.net/admission/itt-technical-institute-university-park/	301	https://gpacalculator.net/admissions/itt-technical-institute-university-park/	WordPress	https://gpacalculator.net/admissions/itt-technical-institute-university-park/	404	1		
https://gpacalculator.net/admission/clarkson-university/	301	https://gpacalculator.net/admissions/clarkson/	Rank Math	https://gpacalculator.net/admissions/clarkson/	200	1	https://gpacalculator.net/admissions/clarkson/	yes
https://gpacalculator.net/admission/the-texas-am-university-system-office/	301	https://gpacalculator.net/admissions/the-texas-am-university-system-office/	WordPress	https://gpacalculator.net/admissions/the-texas-am-university-system-office/	404	1		
https://gpacalculator.net/admission/depauw-university/	301	https://gpacalculator.net/admissions/depauw/	Rank Math	https://gpacalculator.net/admissions/depauw/	200	1	https://gpacalculator.net/admissions/depauw/	yes
https://gpacalculator.net/admission/illinois-wesleyan-university/	301	https://gpacalculator.net/admissions/illinois-wesleyan/	Rank Math	https://gpacalculator.net/admissions/illinois-wesleyan/	200	1	https://gpacalculator.net/admissions/illinois-wesleyan/	yes
https://gpacalculator.net/admission/university-of-massachusetts-amherst/	301	https://gpacalculator.net/admissions/umass-amherst/	Rank Math	https://gpacalculator.net/admissions/umass-amherst/	200	1	https://gpacalculator.net/admissions/umass-amherst/	yes
https://gpacalculator.net/admission/francis-marion-university/	301	https://gpacalculator.net/admissions/francis-marion/	Rank Math	https://gpacalculator.net/admissions/francis-marion/	200	1	https://gpacalculator.net/admissions/francis-marion/	yes
https://gpacalculator.net/admission/colorado-christian-university/	301	https://gpacalculator.net/admissions/colorado-christian/	Rank Math	https://gpacalculator.net/admissions/colorado-christian/	200	1	https://gpacalculator.net/admissions/colorado-christian/	yes
https://gpacalculator.net/admission/university-of-maine-system-central-office/	301	https://gpacalculator.net/admissions/university-of-maine-system-central-office/	WordPress	https://gpacalculator.net/admissions/university-of-maine-system-central-office/	404	1		
https://gpacalculator.net/admission/oregon-health-science-university/	301	https://gpacalculator.net/admissions/oregon-health-and-science-university/	Rank Math	https://gpacalculator.net/admissions/oregon-health-and-science-university/	200	1	https://gpacalculator.net/admissions/oregon-health-and-science-university/	yes
https://gpacalculator.net/admission/the-university-of-tennessee-chattanooga/	301	https://gpacalculator.net/admissions/the-university-of-tennessee-at-chattanooga/	Rank Math	https://gpacalculator.net/admissions/the-university-of-tennessee-at-chattanooga/	200	1		
https://gpacalculator.net/admission/south-university-west-palm-beach/	301	https://gpacalculator.net/admissions/south-university/	Rank Math	https://gpacalculator.net/admissions/south-university/	200	1		
https://gpacalculator.net/admission/franciscan-university-of-steubenville/	301	https://gpacalculator.net/admissions/franciscan/	Rank Math	https://gpacalculator.net/admissions/franciscan/	200	1	https://gpacalculator.net/admissions/franciscan/	yes
https://gpacalculator.net/admission/university-of-phoenix-phoenix-campus/	404			https://gpacalculator.net/admission/university-of-phoenix-phoenix-campus/	404	0		
https://gpacalculator.net/admission/embry-riddle-aeronautical-university-prescott/	301	https://gpacalculator.net/admissions/embry-riddle-prescott/	Rank Math	https://gpacalculator.net/admissions/embry-riddle-prescott/	200	1	https://gpacalculator.net/admissions/embry-riddle-prescott/	yes
https://gpacalculator.net/admission/saint-thomas-university/	301	https://gpacalculator.net/admissions/st-thomas-university/	Rank Math	https://gpacalculator.net/admissions/st-thomas-university/	200	1		
https://gpacalculator.net/admission/transylvania-university/	301	https://gpacalculator.net/admissions/transylvania/	Rank Math	https://gpacalculator.net/admissions/transylvania/	200	1	https://gpacalculator.net/admissions/transylvania/	yes
https://gpacalculator.net/admission/pennsylvania-state-uni-penn-state-great-valley/	301	https://gpacalculator.net/admissions/pennsylvania-state-university-main-campus/	Rank Math	https://gpacalculator.net/admissions/pennsylvania-state-university-main-campus/	200	1		
https://gpacalculator.net/admission/university-of-alabama-in-huntsville/	301	https://gpacalculator.net/admissions/uah/	Rank Math	https://gpacalculator.net/admissions/uah/	200	1		
https://gpacalculator.net/admission/winthrop-university/	301	https://gpacalculator.net/admissions/winthrop/	Rank Math	https://gpacalculator.net/admissions/winthrop/	200	1	https://gpacalculator.net/admissions/winthrop/	yes
https://gpacalculator.net/admission/university-of-alabama-at-birmingham/	301	https://gpacalculator.net/admissions/uab/	Rank Math	https://gpacalculator.net/admissions/uab/	200	1	https://gpacalculator.net/admissions/uab/	yes
https://gpacalculator.net/admission/texas-tech-university-system-administration/	410			https://gpacalculator.net/admission/texas-tech-university-system-administration/	410	0		
https://gpacalculator.net/admission/st-andrews-university/	404			https://gpacalculator.net/admission/st-andrews-university/	404	0		
https://gpacalculator.net/admission/concordia-university-nebraska/	301	https://gpacalculator.net/admissions/concordia-university-seward/	Rank Math	https://gpacalculator.net/admissions/concordia-university-seward/	200	1		
https://gpacalculator.net/admission/university-of-st-thomas-3/	404			https://gpacalculator.net/admission/university-of-st-thomas-3/	404	0		
https://gpacalculator.net/admission/the-university-of-texas-medical-branch/	301	https://gpacalculator.net/admissions/university-of-texas-medical-branch/	Rank Math	https://gpacalculator.net/admissions/university-of-texas-medical-branch/	200	1		
https://gpacalculator.net/admission/north-greenville-university/	301	https://gpacalculator.net/admissions/north-greenville/	Rank Math	https://gpacalculator.net/admissions/north-greenville/	200	1	https://gpacalculator.net/admissions/north-greenville/	yes
https://gpacalculator.net/admission/devry-unis-keller-graduate-school-of-management-indiana/	301	https://gpacalculator.net/admissions/devry-university-indiana/	Rank Math	https://gpacalculator.net/admissions/devry-university-indiana/	200	1		
https://gpacalculator.net/admission/allied-american-university/	404			https://gpacalculator.net/admission/allied-american-university/	404	0		
https://gpacalculator.net/admission/devry-universitys-keller-graduate-school-of-management-illinois/	301	https://gpacalculator.net/admissions/devry-university-illinois/	Rank Math	https://gpacalculator.net/admissions/devry-university-illinois/	200	1		
https://gpacalculator.net/admission/university-of-tulsa/	301	https://gpacalculator.net/admissions/tulsa/	Rank Math	https://gpacalculator.net/admissions/tulsa/	200	1	https://gpacalculator.net/admissions/tulsa/	yes
https://gpacalculator.net/admission/university-of-cincinnati-blue-ash-college/	301	https://gpacalculator.net/admissions/university-of-cincinnati-raymond-walters-college/	Rank Math	https://gpacalculator.net/admissions/university-of-cincinnati-raymond-walters-college/	200	1		
https://gpacalculator.net/admission/utah-state-uni-regional-campuses-and-distance-education/	301	https://gpacalculator.net/admissions/utah-state-uni-regional-campuses-and-distance-education/	WordPress	https://gpacalculator.net/admissions/utah-state-uni-regional-campuses-and-distance-education/	404	1		
https://gpacalculator.net/admission/truman-state-university/	301	https://gpacalculator.net/admissions/truman-state/	Rank Math	https://gpacalculator.net/admissions/truman-state/	200	1	https://gpacalculator.net/admissions/truman-state/	yes
https://gpacalculator.net/admission/midwestern-university-downers-grove/	301	https://gpacalculator.net/admissions/midwestern-university/	Rank Math	https://gpacalculator.net/admissions/midwestern-university/	200	1		
https://gpacalculator.net/admission/pennsylvania-state-university-penn-state-great-valley/	301	https://gpacalculator.net/admissions/pennsylvania-state-university-main-campus/	Rank Math	https://gpacalculator.net/admissions/pennsylvania-state-university-main-campus/	200	1		
https://gpacalculator.net/admission/rosalind-franklin-university-of-medicine-and-science/	301	https://gpacalculator.net/admissions/rosalind-franklin-university/	Rank Math	https://gpacalculator.net/admissions/rosalind-franklin-university/	200	1	https://gpacalculator.net/admissions/rosalind-franklin-university/	yes
https://gpacalculator.net/admission/liu-brooklyn/	301	https://gpacalculator.net/admissions/long-island-university-brooklyn-campus/	Rank Math	https://gpacalculator.net/admissions/long-island-university-brooklyn-campus/	200	1		
https://gpacalculator.net/admission/pennsylvania-state-uni-penn-state-mont-alto/	301	https://gpacalculator.net/admissions/pennsylvania-state-university-penn-state-mont-alto/	Rank Math	https://gpacalculator.net/admissions/pennsylvania-state-university-penn-state-mont-alto/	200	1		
https://gpacalculator.net/admission/south-university-the-art-institute-of-dallas/	404			https://gpacalculator.net/admission/south-university-the-art-institute-of-dallas/	404	0		
https://gpacalculator.net/admission/liu-university-center-campus/	404			https://gpacalculator.net/admission/liu-university-center-campus/	404	0		
https://gpacalculator.net/admission/the-university-of-texas-md-anderson-cancer-center/	301	https://gpacalculator.net/admissions/md-anderson-cancer-center/	Rank Math	https://gpacalculator.net/admissions/md-anderson-cancer-center/	200	1	https://gpacalculator.net/admissions/md-anderson-cancer-center/	yes
https://gpacalculator.net/admission/missouri-university-of-science-and-technology/	301	https://gpacalculator.net/admissions/missouri-st/	Rank Math	https://gpacalculator.net/admissions/missouri-st/	200	1	https://gpacalculator.net/admissions/missouri-st/	yes
https://gpacalculator.net/admission/university-of-south-carolina-beaufort/	301	https://gpacalculator.net/admissions/sc-beaufort/	Rank Math	https://gpacalculator.net/admissions/sc-beaufort/	200	1	https://gpacalculator.net/admissions/sc-beaufort/	yes
https://gpacalculator.net/admission/hollins-university/	301	https://gpacalculator.net/admissions/hollins/	Rank Math	https://gpacalculator.net/admissions/hollins/	200	1	https://gpacalculator.net/admissions/hollins/	yes
https://gpacalculator.net/admission/georgia-college-state-university/	301	https://gpacalculator.net/admissions/georgia-college-and-state-university/	Rank Math	https://gpacalculator.net/admissions/georgia-college-and-state-university/	200	1		
https://gpacalculator.net/admission/arizona-state-university-tempe/	301	https://gpacalculator.net/admissions/arizona-state-university/	Rank Math	https://gpacalculator.net/admissions/arizona-state-university/	200	1		
https://gpacalculator.net/admission/university-of-california-hastings-college-of-law/	301	https://gpacalculator.net/admissions/uc-law-san-francisco/	Rank Math	https://gpacalculator.net/admissions/uc-law-san-francisco/	200	1		
https://gpacalculator.net/admission/university-of-south-florida-sarasota-manatee/	301	https://gpacalculator.net/admissions/university-of-south-florida-main-campus/	Rank Math	https://gpacalculator.net/admissions/university-of-south-florida-main-campus/	200	1		
https://gpacalculator.net/admission/virginia-polytechnic-institute-and-state-uni/	301	https://gpacalculator.net/admissions/virginia-tech/	Rank Math	https://gpacalculator.net/admissions/virginia-tech/	200	1		
https://gpacalculator.net/admission/marian-university-3/	404			https://gpacalculator.net/admission/marian-university-3/	404	0		
https://gpacalculator.net/admission/university-of-alabama-at-huntsville/	301	https://gpacalculator.net/admissions/uah/	Rank Math	https://gpacalculator.net/admissions/uah/	200	1	https://gpacalculator.net/admissions/uah/	yes
https://gpacalculator.net/admission/colorado-state-university-system-office/	410			https://gpacalculator.net/admission/colorado-state-university-system-office/	410	0		
https://gpacalculator.net/admission/purdue-university-north-central-campus/	404			https://gpacalculator.net/admission/purdue-university-north-central-campus/	404	0		
https://gpacalculator.net/admission/chatham-university/	301	https://gpacalculator.net/admissions/chatham/	Rank Math	https://gpacalculator.net/admissions/chatham/	200	1	https://gpacalculator.net/admissions/chatham/	yes
https://gpacalculator.net/admission/augusta-state-university/	404			https://gpacalculator.net/admission/augusta-state-university/	404	0		
https://gpacalculator.net/admission/drury-university/	301	https://gpacalculator.net/admissions/drury/	Rank Math	https://gpacalculator.net/admissions/drury/	200	1	https://gpacalculator.net/admissions/drury/	yes
https://gpacalculator.net/admission/cedarville-university/	301	https://gpacalculator.net/admissions/cedarville/	Rank Math	https://gpacalculator.net/admissions/cedarville/	200	1	https://gpacalculator.net/admissions/cedarville/	yes
https://gpacalculator.net/admission/southern-university-board-and-system/	410			https://gpacalculator.net/admission/southern-university-board-and-system/	410	0		
https://gpacalculator.net/admission/governors-state-university/	301	https://gpacalculator.net/admissions/governors-state/	Rank Math	https://gpacalculator.net/admissions/governors-state/	200	1	https://gpacalculator.net/admissions/governors-state/	yes
https://gpacalculator.net/admission/strayer-university-texas/	301	https://gpacalculator.net/admissions/strayer-university/	Rank Math	https://gpacalculator.net/admissions/strayer-university/	200	1		
https://gpacalculator.net/admission/university-of-maryland-baltimore-county/	301	https://gpacalculator.net/admissions/umbc/	Rank Math	https://gpacalculator.net/admissions/umbc/	200	1	https://gpacalculator.net/admissions/umbc/	yes
https://gpacalculator.net/admission/oklahoma-state-university-institute-of-technology/	301	https://gpacalculator.net/admissions/oklahoma-state-university-institute-of-technology-okmulgee/	Rank Math	https://gpacalculator.net/admissions/oklahoma-state-university-institute-of-technology-okmulgee/	200	1		
https://gpacalculator.net/admission/philadelphia-university/	301	https://gpacalculator.net/admissions/thomas-jefferson-university/	Rank Math	https://gpacalculator.net/admissions/thomas-jefferson-university/	200	1		
https://gpacalculator.net/admission/fairleigh-dickinson-uni-metropolitan-campus/	301	https://gpacalculator.net/admissions/fairleigh-dickinson-university-metropolitan-campus/	Rank Math	https://gpacalculator.net/admissions/fairleigh-dickinson-university-metropolitan-campus/	200	1		
https://gpacalculator.net/admission/kansas-state-university/	301	https://gpacalculator.net/admissions/kansas-state/	Rank Math	https://gpacalculator.net/admissions/kansas-state/	200	1	https://gpacalculator.net/admissions/kansas-state/	yes
https://gpacalculator.net/admission/argosy-university-denver/	404			https://gpacalculator.net/admission/argosy-university-denver/	404	0		
https://gpacalculator.net/admission/our-lady-of-the-lake-university/	301	https://gpacalculator.net/admissions/our-lady-of-the-lake-university-san-antonio/	Rank Math	https://gpacalculator.net/admissions/our-lady-of-the-lake-university-san-antonio/	200	1		
https://gpacalculator.net/admission/southern-polytechnic-state-university/	404			https://gpacalculator.net/admission/southern-polytechnic-state-university/	404	0		
https://gpacalculator.net/admission/university-of-south-florida-polytechnic/	301	https://gpacalculator.net/admissions/florida-polytechnic-university/	Rank Math	https://gpacalculator.net/admissions/florida-polytechnic-university/	200	1		
https://gpacalculator.net/admission/pennsylvania-state-uni-penn-state-schuylkill/	301	https://gpacalculator.net/admissions/pennsylvania-state-university-penn-state-schuylkill/	Rank Math	https://gpacalculator.net/admissions/pennsylvania-state-university-penn-state-schuylkill/	200	1		
https://gpacalculator.net/admission/texas-a-m-international-university/	301	https://gpacalculator.net/admissions/texas-a-and-m-international-university/	Rank Math	https://gpacalculator.net/admissions/texas-a-and-m-international-university/	200	1		
https://gpacalculator.net/admission/ottawa-university-jeffersonville/	404			https://gpacalculator.net/admission/ottawa-university-jeffersonville/	404	0		
https://gpacalculator.net/admission/trine-university-south-bend-regional-campus/	301	https://gpacalculator.net/admissions/trine-university-south-bend-regional-campus/	WordPress	https://gpacalculator.net/admissions/trine-university-south-bend-regional-campus/	404	1		
https://gpacalculator.net/admission/kettering-university/	301	https://gpacalculator.net/admissions/kettering/	Rank Math	https://gpacalculator.net/admissions/kettering/	200	1	https://gpacalculator.net/admissions/kettering/	yes
https://gpacalculator.net/admission/ohio-northern-university/	301	https://gpacalculator.net/admissions/ohio-northern/	Rank Math	https://gpacalculator.net/admissions/ohio-northern/	200	1	https://gpacalculator.net/admissions/ohio-northern/	yes
https://gpacalculator.net/admission/university-of-dallas/	301	https://gpacalculator.net/admissions/dallas/	Rank Math	https://gpacalculator.net/admissions/dallas/	200	1	https://gpacalculator.net/admissions/dallas/	yes
https://gpacalculator.net/admission/argosy-university-atlanta/	404			https://gpacalculator.net/admission/argosy-university-atlanta/	404	0		
https://gpacalculator.net/admission/university-of-illinois-university-administration/	410			https://gpacalculator.net/admission/university-of-illinois-university-administration/	410	0		
https://gpacalculator.net/admission/des-moines-university-osteopathic-medical-center/	301	https://gpacalculator.net/admissions/des-moines-university/	Rank Math	https://gpacalculator.net/admissions/des-moines-university/	200	1		
https://gpacalculator.net/admission/union-university/	301	https://gpacalculator.net/admissions/union/	Rank Math	https://gpacalculator.net/admissions/union/	200	1	https://gpacalculator.net/admissions/union/	yes
https://gpacalculator.net/admission/devry-unis-keller-graduate-school-of-management-pa/	301	https://gpacalculator.net/admissions/devry-university-pennsylvania/	Rank Math	https://gpacalculator.net/admissions/devry-university-pennsylvania/	200	1		
https://gpacalculator.net/admission/university-of-south-florida-st-petersburg/	301	https://gpacalculator.net/admissions/university-of-south-florida-st-petersburg-campus/	Rank Math	https://gpacalculator.net/admissions/university-of-south-florida-st-petersburg-campus/	200	1		
https://gpacalculator.net/admission/devry-unis-keller-graduate-school-of-management-colorado/	301	https://gpacalculator.net/admissions/devry-university-colorado/	Rank Math	https://gpacalculator.net/admissions/devry-university-colorado/	200	1		
https://gpacalculator.net/admission/saint-louis-university-main-campus/	301	https://gpacalculator.net/admissions/saint-louis/	Rank Math	https://gpacalculator.net/admissions/saint-louis/	200	1	https://gpacalculator.net/admissions/saint-louis/	yes
https://gpacalculator.net/admission/john-f-kennedy-university/	301	https://gpacalculator.net/admissions/national-university/	Rank Math	https://gpacalculator.net/admissions/national-university/	200	1		
https://gpacalculator.net/admission/lincoln-university-3/	301	https://gpacalculator.net/admissions/lincoln-university-mo/	Rank Math	https://gpacalculator.net/admissions/lincoln-university-mo/	200	1		
https://gpacalculator.net/admission/the-uni-of-texas-m-d-anderson-cancer-center/	301	https://gpacalculator.net/admissions/md-anderson-cancer-center/	Rank Math	https://gpacalculator.net/admissions/md-anderson-cancer-center/	200	1		
https://gpacalculator.net/admission/rosalind-franklin-uni-of-medicine-and-science/	301	https://gpacalculator.net/admissions/rosalind-franklin-university/	Rank Math	https://gpacalculator.net/admissions/rosalind-franklin-university/	200	1		
https://gpacalculator.net/admission/oregon-university-system/	410			https://gpacalculator.net/admission/oregon-university-system/	410	0		
https://gpacalculator.net/admission/johnson-wales-university-online/	404			https://gpacalculator.net/admission/johnson-wales-university-online/	404	0		
https://gpacalculator.net/admission/northcentral-university/	301	https://gpacalculator.net/admissions/national-university/	Rank Math	https://gpacalculator.net/admissions/national-university/	200	1		
https://gpacalculator.net/admission/devry-universitys-keller-graduate-school-of-management-michigan/	301	https://gpacalculator.net/admissions/devry-university-michigan/	Rank Math	https://gpacalculator.net/admissions/devry-university-michigan/	200	1		
https://gpacalculator.net/admission/pennsylvania-state-uni-penn-state-harrisburg/	301	https://gpacalculator.net/admissions/pennsylvania-state-university-penn-state-harrisburg/	Rank Math	https://gpacalculator.net/admissions/pennsylvania-state-university-penn-state-harrisburg/	200	1		
https://gpacalculator.net/admission/northwestern-polytechnic-university/	301	https://gpacalculator.net/admissions/san-francisco-bay-university/	Rank Math	https://gpacalculator.net/admissions/san-francisco-bay-university/	200	1		
https://gpacalculator.net/admission/martin-university/	404			https://gpacalculator.net/admission/martin-university/	404	0		
https://gpacalculator.net/admission/bethel-university/	301	https://gpacalculator.net/admissions/bethel-university-mn/	Rank Math	https://gpacalculator.net/admissions/bethel-university-mn/	200	1	https://gpacalculator.net/admissions/bethel-university-mn,bethel-university-tn/	no
https://gpacalculator.net/admission/university-of-mississippi-medical-center/	301	https://gpacalculator.net/admissions/university-of-mississippi/	Rank Math	https://gpacalculator.net/admissions/university-of-mississippi/	200	1		
https://gpacalculator.net/admission/the-dickinson-school-of-law-of-the-pennsylvania-state-uni/	301	https://gpacalculator.net/admissions/pennsylvania-state-university-main-campus/	Rank Math	https://gpacalculator.net/admissions/pennsylvania-state-university-main-campus/	200	1		
https://gpacalculator.net/admission/holy-names-university/	404			https://gpacalculator.net/admission/holy-names-university/	404	0		
https://gpacalculator.net/admission/uni-of-the-dc-david-a-clarke-school-of-law/	301	https://gpacalculator.net/admissions/uni-of-the-dc-david-a-clarke-school-of-law/	WordPress	https://gpacalculator.net/admissions/uni-of-the-dc-david-a-clarke-school-of-law/	404	1		
https://gpacalculator.net/admission/pennsylvania-state-uni-penn-state-brandywine/	301	https://gpacalculator.net/admissions/pennsylvania-state-university-penn-state-brandywine/	Rank Math	https://gpacalculator.net/admissions/pennsylvania-state-university-penn-state-brandywine/	200	1		
https://gpacalculator.net/admission/university-system-of-maryland/	301	https://gpacalculator.net/admissions/university-system-of-maryland-research-centers/	WordPress	https://gpacalculator.net/admissions/university-system-of-maryland-research-centers/	404	1		
https://gpacalculator.net/admission/oklahoma-city-university/	301	https://gpacalculator.net/admissions/oklahoma-city/	Rank Math	https://gpacalculator.net/admissions/oklahoma-city/	200	1	https://gpacalculator.net/admissions/oklahoma-city/	yes
https://gpacalculator.net/admission/university-of-north-texas-system/	410			https://gpacalculator.net/admission/university-of-north-texas-system/	410	0		
https://gpacalculator.net/admission/university-of-sioux-falls/	301	https://gpacalculator.net/admissions/sioux-falls/	Rank Math	https://gpacalculator.net/admissions/sioux-falls/	200	1	https://gpacalculator.net/admissions/sioux-falls/	yes
https://gpacalculator.net/admission/armstrong-atlantic-state-university/	301	https://gpacalculator.net/admissions/georgia-southern-university/	Rank Math	https://gpacalculator.net/admissions/georgia-southern-university/	200	1		
https://gpacalculator.net/admission/a-t-still-university-of-health-sciences/	301	https://gpacalculator.net/admissions/a-t-still-university/	Rank Math	https://gpacalculator.net/admissions/a-t-still-university/	200	1	https://gpacalculator.net/admissions/a-t-still-university/	yes
https://gpacalculator.net/admission/pennsylvania-state-university-penn-state-fayette-eberly/	301	https://gpacalculator.net/admissions/pennsylvania-state-university-penn-state-fayette-eberly-campus/	Rank Math	https://gpacalculator.net/admissions/pennsylvania-state-university-penn-state-fayette-eberly-campus/	200	1		
https://gpacalculator.net/admission/university-of-louisiana-at-monroe/	301	https://gpacalculator.net/admissions/university-of-louisiana-monroe/	Rank Math	https://gpacalculator.net/admissions/university-of-louisiana-monroe/	200	1		
https://gpacalculator.net/admission/pennsylvania-state-uni-penn-state-erie-behrend-college/	301	https://gpacalculator.net/admissions/pennsylvania-state-university-penn-state-erie-behrend-college/	Rank Math	https://gpacalculator.net/admissions/pennsylvania-state-university-penn-state-erie-behrend-college/	200	1		
https://gpacalculator.net/admission/ottawa-university-kansas-city/	404			https://gpacalculator.net/admission/ottawa-university-kansas-city/	404	0		
https://gpacalculator.net/admission/devry-universitys-keller-graduate-school-of-management-new-jersey/	301	https://gpacalculator.net/admissions/devry-university-new-jersey/	Rank Math	https://gpacalculator.net/admissions/devry-university-new-jersey/	200	1		
https://gpacalculator.net/admission/university-of-virginia-main-campus/	301	https://gpacalculator.net/admissions/virginia/	Rank Math	https://gpacalculator.net/admissions/virginia/	200	1	https://gpacalculator.net/admissions/virginia/	yes
https://gpacalculator.net/admission/long-island-university-university-center-campus/	301	https://gpacalculator.net/admissions/long-island-university-university-center-campus/	WordPress	https://gpacalculator.net/admissions/long-island-university-university-center-campus/	404	1		
https://gpacalculator.net/admission/everest-university-largo/	404			https://gpacalculator.net/admission/everest-university-largo/	404	0		
https://gpacalculator.net/admission/ashford-university/	301	https://gpacalculator.net/admissions/university-of-arizona-global-campus/	Rank Math	https://gpacalculator.net/admissions/university-of-arizona-global-campus/	200	1		
https://gpacalculator.net/admission/lincoln-university/	301	https://gpacalculator.net/admissions/lincoln-university-ca/	Rank Math	https://gpacalculator.net/admissions/lincoln-university-ca/	200	1	https://gpacalculator.net/admissions/lincoln-university-mo,lincoln-university-ca/	no
https://gpacalculator.net/admission/midwestern-university-glendale/	301	https://gpacalculator.net/admissions/midwestern-university/	Rank Math	https://gpacalculator.net/admissions/midwestern-university/	200	1		
https://gpacalculator.net/admission/devry-universitys-keller-graduate-school-of-management-utah/	301	https://gpacalculator.net/admissions/devry-university-utah/	Rank Math	https://gpacalculator.net/admissions/devry-university-utah/	200	1		
https://gpacalculator.net/admission/strayer-university-georgia/	301	https://gpacalculator.net/admissions/strayer-university/	Rank Math	https://gpacalculator.net/admissions/strayer-university/	200	1		
https://gpacalculator.net/admission/international-technological-university/	404			https://gpacalculator.net/admission/international-technological-university/	404	0		
https://gpacalculator.net/admission/devry-universitys-keller-graduate-school-of-management-oklahoma/	301	https://gpacalculator.net/admissions/devry-university-oklahoma/	Rank Math	https://gpacalculator.net/admissions/devry-university-oklahoma/	200	1		
https://gpacalculator.net/admission/pennsylvania-state-uni-penn-state-fayette-eberly-campus/	301	https://gpacalculator.net/admissions/pennsylvania-state-university-penn-state-fayette-eberly-campus/	Rank Math	https://gpacalculator.net/admissions/pennsylvania-state-university-penn-state-fayette-eberly-campus/	200	1		
https://gpacalculator.net/admission/devry-unis-keller-graduate-school-of-management-texas/	301	https://gpacalculator.net/admissions/devry-university-texas/	Rank Math	https://gpacalculator.net/admissions/devry-university-texas/	200	1		
https://gpacalculator.net/admission/university-of-phoenix-baton-rouge-campus/	301	https://gpacalculator.net/admissions/university-of-phoenix-baton-rouge/	Rank Math	https://gpacalculator.net/admissions/university-of-phoenix-baton-rouge/	200	1		
https://gpacalculator.net/admission/west-texas-a-m-university/	301	https://gpacalculator.net/admissions/west-texas-a-and-m-university/	Rank Math	https://gpacalculator.net/admissions/west-texas-a-and-m-university/	200	1		
https://gpacalculator.net/admission/south-university%CB%86virginia-beach/	301	https://gpacalculator.net/admissions/south-university/	Rank Math	https://gpacalculator.net/admissions/south-university/	200	1		
https://gpacalculator.net/admission/argosy-university-washington-d-c/	301	https://gpacalculator.net/admissions/argosy-university-washington-d-c/	WordPress	https://gpacalculator.net/admissions/argosy-university-washington-d-c/	404	1		
https://gpacalculator.net/admission/university-of-phoenix-minneapolisst-paul-campus/	301	https://gpacalculator.net/admissions/university-of-phoenix-minneapolis-st-paul-campus/	Rank Math	https://gpacalculator.net/admissions/university-of-phoenix-minneapolis-st-paul-campus/	200	1		
https://gpacalculator.net/admission/st-marys-seminary-university/	301	https://gpacalculator.net/admissions/st-marys-seminary-and-university/	Rank Math	https://gpacalculator.net/admissions/st-marys-seminary-and-university/	200	1	https://gpacalculator.net/admissions/st-marys-seminary-and-university/	yes
https://gpacalculator.net/admission/strayer-university-district-of-columbia/	301	https://gpacalculator.net/admissions/strayer-university/	Rank Math	https://gpacalculator.net/admissions/strayer-university/	200	1		
https://gpacalculator.net/admission/pennsylvania-state-uni-penn-state-greater-allegheny/	301	https://gpacalculator.net/admissions/pennsylvania-state-university-penn-state-greater-allegheny/	Rank Math	https://gpacalculator.net/admissions/pennsylvania-state-university-penn-state-greater-allegheny/	200	1		
https://gpacalculator.net/admission/argosy-university-washington-dc/	404			https://gpacalculator.net/admission/argosy-university-washington-dc/	404	0		
https://gpacalculator.net/admission/north-georgia-college-state-university/	404			https://gpacalculator.net/admission/north-georgia-college-state-university/	404	0		
https://gpacalculator.net/admission/antioch-university-new-england/	404			https://gpacalculator.net/admission/antioch-university-new-england/	404	0		
https://gpacalculator.net/admission/liu-riverhead/	404			https://gpacalculator.net/admission/liu-riverhead/	404	0		
https://gpacalculator.net/admission/cardinal-stritch-university/	404			https://gpacalculator.net/admission/cardinal-stritch-university/	404	0		
https://gpacalculator.net/admission/university-of-wisconsin-extension/	301	https://gpacalculator.net/admissions/wisconsin/	Rank Math	https://gpacalculator.net/admissions/wisconsin/	200	1		
https://gpacalculator.net/admission/university-of-the-district-of-columbia-david-a-clarke-school-of-law/	404			https://gpacalculator.net/admission/university-of-the-district-of-columbia-david-a-clarke-school-of-law/	404	0		
https://gpacalculator.net/admission/oklahoma-state-uni-center-for-health-sciences/	301	https://gpacalculator.net/admissions/oklahoma-state-university-center-for-health-sciences/	Rank Math	https://gpacalculator.net/admissions/oklahoma-state-university-center-for-health-sciences/	200	1		
https://gpacalculator.net/admission/great-falls-college-montana-state-university/	301	https://gpacalculator.net/admissions/montana-state-university-great-falls-college-of-technology/	Rank Math	https://gpacalculator.net/admissions/montana-state-university-great-falls-college-of-technology/	200	1		
https://gpacalculator.net/admission/devry-universitys-keller-graduate-school-of-management-florida/	301	https://gpacalculator.net/admissions/devry-university-florida/	Rank Math	https://gpacalculator.net/admissions/devry-university-florida/	200	1		
https://gpacalculator.net/admission/john-brown-university/	301	https://gpacalculator.net/admissions/john-brown/	Rank Math	https://gpacalculator.net/admissions/john-brown/	200	1	https://gpacalculator.net/admissions/john-brown/	yes
https://gpacalculator.net/admission/texas-a-m-university-system-office/	410			https://gpacalculator.net/admission/texas-a-m-university-system-office/	410	0		
https://gpacalculator.net/admission/pennsylvania-state-uni-penn-state-wilkes-barre/	301	https://gpacalculator.net/admissions/pennsylvania-state-university-penn-state-wilkes-barre/	Rank Math	https://gpacalculator.net/admissions/pennsylvania-state-university-penn-state-wilkes-barre/	200	1		
https://gpacalculator.net/admission/polytechnic-university-of-puerto-rico-miami/	301	https://gpacalculator.net/admissions/polytechnic-university-of-puerto-rico-miami-campus/	Rank Math	https://gpacalculator.net/admissions/polytechnic-university-of-puerto-rico-miami-campus/	200	1		
https://gpacalculator.net/admission/strayer-university-louisiana/	301	https://gpacalculator.net/admissions/strayer-university/	Rank Math	https://gpacalculator.net/admissions/strayer-university/	200	1		
https://gpacalculator.net/admission/patten-university/	301	https://gpacalculator.net/admissions/patten-university/	WordPress	https://gpacalculator.net/admissions/patten-university/	404	1		
https://gpacalculator.net/admission/argosy-university-hawaii/	404			https://gpacalculator.net/admission/argosy-university-hawaii/	404	0		
https://gpacalculator.net/admission/devry-unis-keller-graduate-school-of-management-nc/	301	https://gpacalculator.net/admissions/devry-university-north-carolina/	Rank Math	https://gpacalculator.net/admissions/devry-university-north-carolina/	200	1		
https://gpacalculator.net/admission/devry-unis-keller-graduate-school-of-management-tennessee/	301	https://gpacalculator.net/admissions/devry-university-tennessee/	Rank Math	https://gpacalculator.net/admissions/devry-university-tennessee/	200	1		
https://gpacalculator.net/admission/mountain-state-university/	301	https://gpacalculator.net/admissions/university-of-charleston/	Rank Math	https://gpacalculator.net/admissions/university-of-charleston/	200	1		
https://gpacalculator.net/admission/university-of-wisconsin-colleges/	404			https://gpacalculator.net/admission/university-of-wisconsin-colleges/	404	0		
https://gpacalculator.net/admission/kennesaw-state-university-kennesaw-georgia/	404			https://gpacalculator.net/admission/kennesaw-state-university-kennesaw-georgia/	404	0		
https://gpacalculator.net/admission/strayer-university-global-region/	301	https://gpacalculator.net/admissions/strayer-university/	Rank Math	https://gpacalculator.net/admissions/strayer-university/	200	1		
https://gpacalculator.net/admission/devry-unis-keller-graduate-school-of-management-minnesota/	301	https://gpacalculator.net/admissions/devry-university-minnesota/	Rank Math	https://gpacalculator.net/admissions/devry-university-minnesota/	200	1		
https://gpacalculator.net/admission/university-of-north-carolina-system-office/	410			https://gpacalculator.net/admission/university-of-north-carolina-system-office/	410	0		
https://gpacalculator.net/admission/everest-university-jacksonville/	404			https://gpacalculator.net/admission/everest-university-jacksonville/	404	0		
https://gpacalculator.net/admission/texas-lutheran-university/	301	https://gpacalculator.net/admissions/texas-lutheran/	Rank Math	https://gpacalculator.net/admissions/texas-lutheran/	200	1	https://gpacalculator.net/admissions/texas-lutheran/	yes
https://gpacalculator.net/admission/itt-technical-institute-bradenton/	404			https://gpacalculator.net/admission/itt-technical-institute-bradenton/	404	0		
https://gpacalculator.net/admission/western-state-college-of-law-at-argosy-university/	301	https://gpacalculator.net/admissions/westcliff-university/	Rank Math	https://gpacalculator.net/admissions/westcliff-university/	200	1		
https://gpacalculator.net/admission/southern-illinois-university-systems-office/	301	https://gpacalculator.net/admissions/southern-illinois-university-systems-office/	WordPress	https://gpacalculator.net/admissions/southern-illinois-university-systems-office/	404	1		
https://gpacalculator.net/admission/strayer-university-north-carolina/	301	https://gpacalculator.net/admissions/strayer-university/	Rank Math	https://gpacalculator.net/admissions/strayer-university/	200	1		
https://gpacalculator.net/admission/spalding-university/	301	https://gpacalculator.net/admissions/spalding/	Rank Math	https://gpacalculator.net/admissions/spalding/	200	1	https://gpacalculator.net/admissions/spalding/	yes
https://gpacalculator.net/admission/widener-university-harrisburg-campus/	404			https://gpacalculator.net/admission/widener-university-harrisburg-campus/	404	0		
https://gpacalculator.net/admission/helena-college-university-of-montana/	301	https://gpacalculator.net/admissions/university-of-montana-helena-college-of-technology/	Rank Math	https://gpacalculator.net/admissions/university-of-montana-helena-college-of-technology/	200	1		
https://gpacalculator.net/admission/devry-unis-keller-graduate-school-of-management-oklahoma/	301	https://gpacalculator.net/admissions/devry-university-oklahoma/	Rank Math	https://gpacalculator.net/admissions/devry-university-oklahoma/	200	1		
https://gpacalculator.net/admission/liu-brentwood/	404			https://gpacalculator.net/admission/liu-brentwood/	404	0		
https://gpacalculator.net/admission/everest-university-north-orlando/	404			https://gpacalculator.net/admission/everest-university-north-orlando/	404	0		
https://gpacalculator.net/admission/ai-miami-international-uni-of-art-and-design/	301	https://gpacalculator.net/admissions/ai-miami-international-university-of-art-and-design/	Rank Math	https://gpacalculator.net/admissions/ai-miami-international-university-of-art-and-design/	200	1		
https://gpacalculator.net/admission/aspen-university/	404			https://gpacalculator.net/admission/aspen-university/	404	0		
https://gpacalculator.net/admission/everest-university-lakeland/	404			https://gpacalculator.net/admission/everest-university-lakeland/	404	0		
https://gpacalculator.net/admission/long-island-university-rockland-campus/	301	https://gpacalculator.net/admissions/long-island-university-rockland-campus/	WordPress	https://gpacalculator.net/admissions/long-island-university-rockland-campus/	404	1		
https://gpacalculator.net/admission/argosy-university-seattle/	404			https://gpacalculator.net/admission/argosy-university-seattle/	404	0		
https://gpacalculator.net/admission/university-of-phoenix-richmond-virginia-beach-campus/	404			https://gpacalculator.net/admission/university-of-phoenix-richmond-virginia-beach-campus/	404	0		
https://gpacalculator.net/admission/university-of-wisconsin-system-administration/	410			https://gpacalculator.net/admission/university-of-wisconsin-system-administration/	410	0		
https://gpacalculator.net/admission/bethany-university/	301	https://gpacalculator.net/admissions/bethany-university/	WordPress	https://gpacalculator.net/admissions/bethany-university/	404	1		
https://gpacalculator.net/admission/devry-unis-keller-graduate-school-of-management-missouri/	301	https://gpacalculator.net/admissions/devry-university-missouri/	Rank Math	https://gpacalculator.net/admissions/devry-university-missouri/	200	1		
https://gpacalculator.net/admission/devry-universitys-keller-graduate-school-of-management-georgia/	301	https://gpacalculator.net/admissions/devry-university-georgia/	Rank Math	https://gpacalculator.net/admissions/devry-university-georgia/	200	1		
https://gpacalculator.net/admission/pennsylvania-state-uni-penn-state-lehigh-valley/	301	https://gpacalculator.net/admissions/pennsylvania-state-university-penn-state-lehigh-valley/	Rank Math	https://gpacalculator.net/admissions/pennsylvania-state-university-penn-state-lehigh-valley/	200	1		
https://gpacalculator.net/admission/upstate-medical-university/	301	https://gpacalculator.net/admissions/suny-upstate-medical-university/	Rank Math	https://gpacalculator.net/admissions/suny-upstate-medical-university/	200	1		
https://gpacalculator.net/admission/university-of-management-and-technology/	301	https://gpacalculator.net/admissions/university-of-management-and-technology-the/	WordPress	https://gpacalculator.net/admissions/university-of-management-and-technology-the/	200	1		
https://gpacalculator.net/admission/fashion-institute-of-design-and-merchandising-los-angeles/	404			https://gpacalculator.net/admission/fashion-institute-of-design-and-merchandising-los-angeles/	404	0		
https://gpacalculator.net/admission/devry-unis-keller-graduate-school-of-management-washington/	301	https://gpacalculator.net/admissions/devry-university-washington/	Rank Math	https://gpacalculator.net/admissions/devry-university-washington/	200	1		
https://gpacalculator.net/admission/antioch-university-phd-program-in-leadership-and-change/	404			https://gpacalculator.net/admission/antioch-university-phd-program-in-leadership-and-change/	404	0		
https://gpacalculator.net/admission/argosy-university-phoenix-online-division/	404			https://gpacalculator.net/admission/argosy-university-phoenix-online-division/	404	0		
https://gpacalculator.net/admission/argosy-university-schaumburg/	404			https://gpacalculator.net/admission/argosy-university-schaumburg/	404	0		
https://gpacalculator.net/admission/devry-universitys-keller-graduate-school-of-management-minnesota/	301	https://gpacalculator.net/admissions/devry-university-minnesota/	Rank Math	https://gpacalculator.net/admissions/devry-university-minnesota/	200	1		
https://gpacalculator.net/admission/devry-universitys-keller-graduate-school-of-management-wisconsin/	301	https://gpacalculator.net/admissions/devry-university-wisconsin/	Rank Math	https://gpacalculator.net/admissions/devry-university-wisconsin/	200	1		
https://gpacalculator.net/admission/south-university-virginia-beach/	301	https://gpacalculator.net/admissions/south-university/	Rank Math	https://gpacalculator.net/admissions/south-university/	200	1		
https://gpacalculator.net/admission/whitworth-university-adult-degree-programs/	404			https://gpacalculator.net/admission/whitworth-university-adult-degree-programs/	404	0		
https://gpacalculator.net/admission/globe-university-wausau/	404			https://gpacalculator.net/admission/globe-university-wausau/	404	0		
https://gpacalculator.net/admission/devry-university-administrative-office/	301	https://gpacalculator.net/admissions/devry-university-illinois/	Rank Math	https://gpacalculator.net/admissions/devry-university-illinois/	200	1		
https://gpacalculator.net/admission/fontbonne-university/	404			https://gpacalculator.net/admission/fontbonne-university/	404	0		
https://gpacalculator.net/admission/argosy-university-nashville/	404			https://gpacalculator.net/admission/argosy-university-nashville/	404	0		
https://gpacalculator.net/admission/devry-universitys-keller-graduate-school-of-management-maryland/	301	https://gpacalculator.net/admissions/devry-university-maryland/	Rank Math	https://gpacalculator.net/admissions/devry-university-maryland/	200	1		
https://gpacalculator.net/admission/bergin-university-of-canine-studies/	301	https://gpacalculator.net/admissions/bergin-college-of-canine-studies/	Rank Math	https://gpacalculator.net/admissions/bergin-college-of-canine-studies/	200	1		
https://gpacalculator.net/admission/south-university-savannah/	301	https://gpacalculator.net/admissions/south-university/	Rank Math	https://gpacalculator.net/admissions/south-university/	200	1		
https://gpacalculator.net/admission/liu-hudson-at-westchester/	404			https://gpacalculator.net/admission/liu-hudson-at-westchester/	404	0		
https://gpacalculator.net/admission/fashion-institute-of-design-and-merchandising-san-francisco/	404			https://gpacalculator.net/admission/fashion-institute-of-design-and-merchandising-san-francisco/	404	0		
https://gpacalculator.net/admission/devry-unis-keller-graduate-school-of-management-michigan/	301	https://gpacalculator.net/admissions/devry-university-michigan/	Rank Math	https://gpacalculator.net/admissions/devry-university-michigan/	200	1		
https://gpacalculator.net/admission/devry-universitys-keller-graduate-school-of-management-north-carolina/	301	https://gpacalculator.net/admissions/devry-university-north-carolina/	Rank Math	https://gpacalculator.net/admissions/devry-university-north-carolina/	200	1		
https://gpacalculator.net/admission/montana-state-uni-great-falls-college-of-technology/	301	https://gpacalculator.net/admissions/montana-state-university-great-falls-college-of-technology/	Rank Math	https://gpacalculator.net/admissions/montana-state-university-great-falls-college-of-technology/	200	1		
https://gpacalculator.net/admission/strayer-university-south-carolina/	301	https://gpacalculator.net/admissions/strayer-university/	Rank Math	https://gpacalculator.net/admissions/strayer-university/	200	1		
https://gpacalculator.net/admission/devry-unis-keller-graduate-school-of-management-maryland/	301	https://gpacalculator.net/admissions/devry-university-maryland/	Rank Math	https://gpacalculator.net/admissions/devry-university-maryland/	200	1		
https://gpacalculator.net/admission/resurrection-university/	301	https://gpacalculator.net/admissions/oak-point-university/	Rank Math	https://gpacalculator.net/admissions/oak-point-university/	200	1		
https://gpacalculator.net/admission/union-institute-and-university/	404			https://gpacalculator.net/admission/union-institute-and-university/	404	0		
https://gpacalculator.net/admission/uni-of-arkansas-community-college-batesville/	301	https://gpacalculator.net/admissions/university-of-arkansas-community-college-batesville/	Rank Math	https://gpacalculator.net/admissions/university-of-arkansas-community-college-batesville/	200	1		
https://gpacalculator.net/admission/argosy-university-san-francisco-bay-area/	404			https://gpacalculator.net/admission/argosy-university-san-francisco-bay-area/	404	0		
https://gpacalculator.net/admission/broadview-university-boise/	301	https://gpacalculator.net/admissions/broadview-university/	Rank Math	https://gpacalculator.net/admissions/broadview-university/	200	1		
https://gpacalculator.net/admission/devry-universitys-keller-graduate-school-of-management-indiana/	301	https://gpacalculator.net/admissions/devry-university-indiana/	Rank Math	https://gpacalculator.net/admissions/devry-university-indiana/	200	1		
https://gpacalculator.net/admission/university-of-antelope-valley/	404			https://gpacalculator.net/admission/university-of-antelope-valley/	404	0		
https://gpacalculator.net/admission/university-of-phoenix-delaware-campus/	301	https://gpacalculator.net/admissions/university-of-phoenix-delaware/	Rank Math	https://gpacalculator.net/admissions/university-of-phoenix-delaware/	200	1		
https://gpacalculator.net/admission/south-university-off-campus-programs/	301	https://gpacalculator.net/admissions/south-university-off-campus-programs/	WordPress	https://gpacalculator.net/admissions/south-university-off-campus-programs/	404	1		
https://gpacalculator.net/admission/strayer-university-pennsylvania/	301	https://gpacalculator.net/admissions/strayer-university/	Rank Math	https://gpacalculator.net/admissions/strayer-university/	200	1		
https://gpacalculator.net/admission/everest-university-orange-park/	404			https://gpacalculator.net/admission/everest-university-orange-park/	404	0		
https://gpacalculator.net/admission/globe-university%CB%86wausau/	301	https://gpacalculator.net/admissions/globe-university-wausau/	Rank Math	https://gpacalculator.net/admissions/globe-university-wausau/	404	1		
https://gpacalculator.net/admission/marian-university-wi/	404			https://gpacalculator.net/admission/marian-university-wi/	404	0		
https://gpacalculator.net/admission/southern-university-and-a-and-m-college/	404			https://gpacalculator.net/admission/southern-university-and-a-and-m-college/	404	0		
https://gpacalculator.net/admission/argosy-university-twin-cities/	404			https://gpacalculator.net/admission/argosy-university-twin-cities/	404	0		
https://gpacalculator.net/admission/university-of-california-system-administration-central-office/	410			https://gpacalculator.net/admission/university-of-california-system-administration-central-office/	410	0		
https://gpacalculator.net/admission/university-of-new-hampshire-school-of-law/	301	https://gpacalculator.net/admissions/university-of-new-hampshire-main-campus/	Rank Math	https://gpacalculator.net/admissions/university-of-new-hampshire-main-campus/	200	1		
https://gpacalculator.net/admission/cairn-university-langhorne/	301	https://gpacalculator.net/admissions/cairn-university/	Rank Math	https://gpacalculator.net/admissions/cairn-university/	200	1		
https://gpacalculator.net/admission/south-university-richmond/	301	https://gpacalculator.net/admissions/south-university/	Rank Math	https://gpacalculator.net/admissions/south-university/	200	1		
https://gpacalculator.net/admission/uni-of-montana-helena-college-of-technology/	301	https://gpacalculator.net/admissions/university-of-montana-helena-college-of-technology/	Rank Math	https://gpacalculator.net/admissions/university-of-montana-helena-college-of-technology/	200	1		
https://gpacalculator.net/admission/university-of-houston-system-administration/	410			https://gpacalculator.net/admission/university-of-houston-system-administration/	410	0		
https://gpacalculator.net/admission/husson-university-bangor-maine/	404			https://gpacalculator.net/admission/husson-university-bangor-maine/	404	0		
https://gpacalculator.net/admission/virginia-college-in-charleston/	404			https://gpacalculator.net/admission/virginia-college-in-charleston/	404	0		
https://gpacalculator.net/admission/kansas-city-university-of-medicine-and-biosciences/	301	https://gpacalculator.net/admissions/kansas-city-university/	Rank Math	https://gpacalculator.net/admissions/kansas-city-university/	200	1		
https://gpacalculator.net/admission/anderson-university-in/	404			https://gpacalculator.net/admission/anderson-university-in/	404	0		
https://gpacalculator.net/admission/devry-unis-keller-graduate-school-of-management-illinois/	301	https://gpacalculator.net/admissions/devry-university-illinois/	Rank Math	https://gpacalculator.net/admissions/devry-university-illinois/	200	1		
https://gpacalculator.net/admission/long-island-university-westchester-campus/	301	https://gpacalculator.net/admissions/long-island-university-westchester-campus/	WordPress	https://gpacalculator.net/admissions/long-island-university-westchester-campus/	404	1		
https://gpacalculator.net/admission/the-university-of-west-los-angeles/	301	https://gpacalculator.net/admissions/university-of-west-los-angeles/	Rank Math	https://gpacalculator.net/admissions/university-of-west-los-angeles/	200	1		
https://gpacalculator.net/admission/university-of-medicine-and-dentistry-of-new-jersey/	404			https://gpacalculator.net/admission/university-of-medicine-and-dentistry-of-new-jersey/	404	0		
https://gpacalculator.net/admission/university-system-of-maryland-research-centers/	301	https://gpacalculator.net/admissions/university-system-of-maryland-research-centers/	WordPress	https://gpacalculator.net/admissions/university-system-of-maryland-research-centers/	404	1		
https://gpacalculator.net/admission/the-dickinson-school-of-law-of-the-pennsylvania-state-university/	301	https://gpacalculator.net/admissions/pennsylvania-state-university-main-campus/	Rank Math	https://gpacalculator.net/admissions/pennsylvania-state-university-main-campus/	200	1		
https://gpacalculator.net/admission/argosy-university-san-diego/	404			https://gpacalculator.net/admission/argosy-university-san-diego/	404	0		
https://gpacalculator.net/admission/devry-unis-keller-graduate-school-of-management-oregon/	301	https://gpacalculator.net/admissions/devry-university-oregon/	Rank Math	https://gpacalculator.net/admissions/devry-university-oregon/	200	1		
https://gpacalculator.net/admission/southern-california-university-soma/	404			https://gpacalculator.net/admission/southern-california-university-soma/	404	0		
https://gpacalculator.net/admission/antioch-uni-phd-program-in-leadership-and-change/	404			https://gpacalculator.net/admission/antioch-uni-phd-program-in-leadership-and-change/	404	0		
https://gpacalculator.net/admission/devry-universitys-keller-graduate-school-of-management-ohio/	301	https://gpacalculator.net/admissions/devry-university-ohio/	Rank Math	https://gpacalculator.net/admissions/devry-university-ohio/	200	1		
https://gpacalculator.net/admission/strayer-university-florida/	301	https://gpacalculator.net/admissions/strayer-university/	Rank Math	https://gpacalculator.net/admissions/strayer-university/	200	1		
https://gpacalculator.net/admission/university-of-massachusetts-medical-school-worcester/	301	https://gpacalculator.net/admissions/umass-chan-medical-school/	Rank Math	https://gpacalculator.net/admissions/umass-chan-medical-school/	200	1		
https://gpacalculator.net/admission/antioch-university-system-administration/	404			https://gpacalculator.net/admission/antioch-university-system-administration/	404	0		
https://gpacalculator.net/admission/devry-unis-keller-graduate-school-of-management-new-jersey/	301	https://gpacalculator.net/admissions/devry-university-new-jersey/	Rank Math	https://gpacalculator.net/admissions/devry-university-new-jersey/	200	1		
https://gpacalculator.net/admission/south-university-columbia/	301	https://gpacalculator.net/admissions/south-university/	Rank Math	https://gpacalculator.net/admissions/south-university/	200	1		
https://gpacalculator.net/admission/central-methodist-university-college-of-graduate-and-extended-studies/	404			https://gpacalculator.net/admission/central-methodist-university-college-of-graduate-and-extended-studies/	404	0		
https://gpacalculator.net/admission/devry-universitys-keller-graduate-school-of-management-missouri/	301	https://gpacalculator.net/admissions/devry-university-missouri/	Rank Math	https://gpacalculator.net/admissions/devry-university-missouri/	200	1		
https://gpacalculator.net/admission/south-university-novi/	404			https://gpacalculator.net/admission/south-university-novi/	404	0		
https://gpacalculator.net/admission/south-university-savannah-online/	301	https://gpacalculator.net/admissions/south-university/	Rank Math	https://gpacalculator.net/admissions/south-university/	200	1		
https://gpacalculator.net/admission/university-of-phoenix-lafayette-campus/	301	https://gpacalculator.net/admissions/university-of-phoenix-lafayette/	Rank Math	https://gpacalculator.net/admissions/university-of-phoenix-lafayette/	200	1		
https://gpacalculator.net/admission/omaha-school-of-massage-and-healthcare-of-herzing-university/	404			https://gpacalculator.net/admission/omaha-school-of-massage-and-healthcare-of-herzing-university/	404	0		
https://gpacalculator.net/admission/strayer-university-kentucky/	301	https://gpacalculator.net/admissions/strayer-university/	Rank Math	https://gpacalculator.net/admissions/strayer-university/	200	1		
https://gpacalculator.net/admission/strayer-university-utah/	301	https://gpacalculator.net/admissions/strayer-university/	Rank Math	https://gpacalculator.net/admissions/strayer-university/	200	1		
https://gpacalculator.net/admission/devry-unis-keller-graduate-school-of-management-utah/	301	https://gpacalculator.net/admissions/devry-university-utah/	Rank Math	https://gpacalculator.net/admissions/devry-university-utah/	200	1		
https://gpacalculator.net/admission/argosy-university-sarasota/	404			https://gpacalculator.net/admission/argosy-university-sarasota/	404	0		
https://gpacalculator.net/admission/devry-universitys-keller-graduate-school-of-management-virginia/	301	https://gpacalculator.net/admissions/devry-university-virginia/	Rank Math	https://gpacalculator.net/admissions/devry-university-virginia/	200	1		
https://gpacalculator.net/admission/globe-university-green-bay/	404			https://gpacalculator.net/admission/globe-university-green-bay/	404	0		
https://gpacalculator.net/admission/strayer-university-tennessee/	301	https://gpacalculator.net/admissions/strayer-university/	Rank Math	https://gpacalculator.net/admissions/strayer-university/	200	1		
https://gpacalculator.net/admission/the-kings-college/	404			https://gpacalculator.net/admission/the-kings-college/	404	0		
https://gpacalculator.net/admission/devry-unis-keller-graduate-school-of-management-ohio/	301	https://gpacalculator.net/admissions/devry-university-ohio/	Rank Math	https://gpacalculator.net/admissions/devry-university-ohio/	200	1		
https://gpacalculator.net/admission/strayer-university-virginia/	301	https://gpacalculator.net/admissions/strayer-university/	Rank Math	https://gpacalculator.net/admissions/strayer-university/	200	1		
https://gpacalculator.net/admission/uni-of-medicine-and-dentistry-of-new-jersey/	301	https://gpacalculator.net/admissions/uni-of-medicine-and-dentistry-of-new-jersey/	WordPress	https://gpacalculator.net/admissions/uni-of-medicine-and-dentistry-of-new-jersey/	404	1		
https://gpacalculator.net/admission/university-of-phoenix-hawaii-campus/	404			https://gpacalculator.net/admission/university-of-phoenix-hawaii-campus/	404	0		
https://gpacalculator.net/admission/louisiana-state-university-health-sciences-center-new-orleans/	301	https://gpacalculator.net/admissions/lsu-health-new-orleans/	Rank Math	https://gpacalculator.net/admissions/lsu-health-new-orleans/	200	1		
https://gpacalculator.net/admission/the-uni-of-texas-health-science-center-at-houston/	301	https://gpacalculator.net/admissions/uthealth-houston/	Rank Math	https://gpacalculator.net/admissions/uthealth-houston/	200	1		
https://gpacalculator.net/admission/argosy-university-salt-lake-city/	404			https://gpacalculator.net/admission/argosy-university-salt-lake-city/	404	0		
https://gpacalculator.net/admission/devry-unis-keller-graduate-school-of-management-kentucky/	301	https://gpacalculator.net/admissions/devry-university-kentucky/	Rank Math	https://gpacalculator.net/admissions/devry-university-kentucky/	200	1		
https://gpacalculator.net/admission/argosy-university-inland-empire/	404			https://gpacalculator.net/admission/argosy-university-inland-empire/	404	0		
https://gpacalculator.net/admission/south-university-the-art-institute-of-fort-worth/	404			https://gpacalculator.net/admission/south-university-the-art-institute-of-fort-worth/	404	0		
https://gpacalculator.net/admission/argosy-university-dallas/	404			https://gpacalculator.net/admission/argosy-university-dallas/	404	0		
https://gpacalculator.net/admission/everest-university-brandon/	404			https://gpacalculator.net/admission/everest-university-brandon/	404	0		
https://gpacalculator.net/admission/the-university-of-the-arts/	404			https://gpacalculator.net/admission/the-university-of-the-arts/	404	0		
https://gpacalculator.net/admission/uni-of-massachusetts-medical-school-worcester/	301	https://gpacalculator.net/admissions/umass-chan-medical-school/	Rank Math	https://gpacalculator.net/admissions/umass-chan-medical-school/	200	1		
https://gpacalculator.net/admission/university-of-alaska-system-of-higher-education/	410			https://gpacalculator.net/admission/university-of-alaska-system-of-higher-education/	410	0		
https://gpacalculator.net/admission/devry-unis-keller-graduate-school-of-management-florida/	301	https://gpacalculator.net/admissions/devry-university-florida/	Rank Math	https://gpacalculator.net/admissions/devry-university-florida/	200	1		
https://gpacalculator.net/admission/south-university%CB%86savannah-online/	301	https://gpacalculator.net/admissions/south-university/	Rank Math	https://gpacalculator.net/admissions/south-university/	200	1		
https://gpacalculator.net/admission/south-university-accelerated-graduate-programs/	301	https://gpacalculator.net/admissions/south-university/	Rank Math	https://gpacalculator.net/admissions/south-university/	200	1		
https://gpacalculator.net/admission/university-system-of-new-hampshire-system-office/	410			https://gpacalculator.net/admission/university-system-of-new-hampshire-system-office/	410	0		
https://gpacalculator.net/admission/cossatot-community-college-of-the-uni-of-arkansas/	301	https://gpacalculator.net/admissions/cossatot-community-college-of-the-university-of-arkansas/	Rank Math	https://gpacalculator.net/admissions/cossatot-community-college-of-the-university-of-arkansas/	200	1		
https://gpacalculator.net/admission/strayer-university-west-virginia/	301	https://gpacalculator.net/admissions/strayer-university/	Rank Math	https://gpacalculator.net/admissions/strayer-university/	200	1		
https://gpacalculator.net/admission/globe-university-eau-claire/	404			https://gpacalculator.net/admission/globe-university-eau-claire/	404	0		
https://gpacalculator.net/admission/phillips-community-college-of-the-uni-of-arkansas/	301	https://gpacalculator.net/admissions/phillips-community-college-of-the-university-of-arkansas/	Rank Math	https://gpacalculator.net/admissions/phillips-community-college-of-the-university-of-arkansas/	200	1		
https://gpacalculator.net/admission/uni-of-arkansas-community-college-morrilton/	301	https://gpacalculator.net/admissions/university-of-arkansas-community-college-morrilton/	Rank Math	https://gpacalculator.net/admissions/university-of-arkansas-community-college-morrilton/	200	1		
https://gpacalculator.net/admission/strayer-university-maryland/	301	https://gpacalculator.net/admissions/strayer-university/	Rank Math	https://gpacalculator.net/admissions/strayer-university/	200	1		
https://gpacalculator.net/admission/strayer-university-mississippi/	301	https://gpacalculator.net/admissions/strayer-university/	Rank Math	https://gpacalculator.net/admissions/strayer-university/	200	1		
https://gpacalculator.net/admission/ellis-university/	301	https://gpacalculator.net/admissions/ellis-university/	WordPress	https://gpacalculator.net/admissions/ellis-university/	404	1		
https://gpacalculator.net/admission/luther-rice-university-seminary/	301	https://gpacalculator.net/admissions/luther-rice-university/	Rank Math	https://gpacalculator.net/admissions/luther-rice-university/	200	1		
https://gpacalculator.net/admission/university-of-oklahoma-health-sciences-center/	301	https://gpacalculator.net/admissions/university-of-oklahoma-norman-campus/	Rank Math	https://gpacalculator.net/admissions/university-of-oklahoma-norman-campus/	200	1		
https://gpacalculator.net/admission/prairie-view-a-and-m-university/	404			https://gpacalculator.net/admission/prairie-view-a-and-m-university/	404	0		
https://gpacalculator.net/admission/southern-wesleyan-university/	301	https://gpacalculator.net/admissions/southern-wesleyan/	Rank Math	https://gpacalculator.net/admissions/southern-wesleyan/	200	1	https://gpacalculator.net/admissions/southern-wesleyan/	yes
https://gpacalculator.net/admission/morrison-university/	404			https://gpacalculator.net/admission/morrison-university/	404	0		
https://gpacalculator.net/admission/devry-universitys-keller-graduate-school-of-management-colorado/	301	https://gpacalculator.net/admissions/devry-university-colorado/	Rank Math	https://gpacalculator.net/admissions/devry-university-colorado/	200	1		
https://gpacalculator.net/admission/everest-university-tampa/	404			https://gpacalculator.net/admission/everest-university-tampa/	404	0		
https://gpacalculator.net/admission/louisiana-state-university-system-office/	410			https://gpacalculator.net/admission/louisiana-state-university-system-office/	410	0		
https://gpacalculator.net/admission/southern-illinois-university-system-office/	410			https://gpacalculator.net/admission/southern-illinois-university-system-office/	410	0		
https://gpacalculator.net/admission/strayer-university-ohio/	301	https://gpacalculator.net/admissions/strayer-university/	Rank Math	https://gpacalculator.net/admissions/strayer-university/	200	1		
https://gpacalculator.net/admission/globe-university-woodbury/	404			https://gpacalculator.net/admission/globe-university-woodbury/	404	0		
https://gpacalculator.net/admission/kansas-city-uni-of-medicine-and-biosciences/	301	https://gpacalculator.net/admissions/kansas-city-university/	Rank Math	https://gpacalculator.net/admissions/kansas-city-university/	200	1		
https://gpacalculator.net/admission/liu-hudson-at-rockland/	404			https://gpacalculator.net/admission/liu-hudson-at-rockland/	404	0		
https://gpacalculator.net/admission/pennsylvania-state-uni-penn-state-worthington-scranton/	301	https://gpacalculator.net/admissions/pennsylvania-state-university-penn-state-worthington-scranton/	Rank Math	https://gpacalculator.net/admissions/pennsylvania-state-university-penn-state-worthington-scranton/	200	1		
https://gpacalculator.net/admission/university-of-missouri-systems-office/	301	https://gpacalculator.net/admissions/university-of-missouri-systems-office/	WordPress	https://gpacalculator.net/admissions/university-of-missouri-systems-office/	404	1		
https://gpacalculator.net/admission/colorado-heights-university/	404			https://gpacalculator.net/admission/colorado-heights-university/	404	0		
https://gpacalculator.net/admission/strayer-university-new-jersey/	301	https://gpacalculator.net/admissions/strayer-university/	Rank Math	https://gpacalculator.net/admissions/strayer-university/	200	1		
https://gpacalculator.net/admission/richland-college/	404			https://gpacalculator.net/admission/richland-college/	404	0		
https://gpacalculator.net/admission/texas-a-and-m-university-galveston/	404			https://gpacalculator.net/admission/texas-a-and-m-university-galveston/	404	0		
https://gpacalculator.net/admission/the-boston-conservatory/	404			https://gpacalculator.net/admission/the-boston-conservatory/	404	0		
https://gpacalculator.net/admission/purdue-university-calumet-campus/	404			https://gpacalculator.net/admission/purdue-university-calumet-campus/	404	0		
https://gpacalculator.net/admission/shorter-uni-college-of-adult-professional-programs/	301	https://gpacalculator.net/admissions/shorter-university-college-of-adult-professional-programs/	Rank Math	https://gpacalculator.net/admissions/shorter-university-college-of-adult-professional-programs/	200	1		
https://gpacalculator.net/admission/devry-universitys-keller-graduate-school-of-management-nevada/	301	https://gpacalculator.net/admissions/devry-university-nevada/	Rank Math	https://gpacalculator.net/admissions/devry-university-nevada/	200	1		
https://gpacalculator.net/admission/new-layout-test-page/	404			https://gpacalculator.net/admission/new-layout-test-page/	404	0		
https://gpacalculator.net/admission/dowling-college/	404			https://gpacalculator.net/admission/dowling-college/	404	0		
https://gpacalculator.net/admission/fashion-institute-of-design-and-merchandising-orange-county/	404			https://gpacalculator.net/admission/fashion-institute-of-design-and-merchandising-orange-county/	404	0		
https://gpacalculator.net/admission/american-intercontinental-uni-south-florida/	301	https://gpacalculator.net/admissions/american-intercontinental-university-south-florida/	Rank Math	https://gpacalculator.net/admissions/american-intercontinental-university-south-florida/	410	1		
https://gpacalculator.net/admission/globe-university-madison-east/	404			https://gpacalculator.net/admission/globe-university-madison-east/	404	0		
https://gpacalculator.net/admission/northwestern-college-il/	404			https://gpacalculator.net/admission/northwestern-college-il/	404	0		
https://gpacalculator.net/admission/st-luke-university/	301	https://gpacalculator.net/admissions/st-luke-university/	WordPress	https://gpacalculator.net/admissions/st-luke-university/	404	1		
https://gpacalculator.net/admission/strayer-university-alabama/	301	https://gpacalculator.net/admissions/strayer-university/	Rank Math	https://gpacalculator.net/admissions/strayer-university/	200	1		
https://gpacalculator.net/admission/texas-a-and-m-university-corpus-christi/	404			https://gpacalculator.net/admission/texas-a-and-m-university-corpus-christi/	404	0		
https://gpacalculator.net/admission/brookhaven-college/	404			https://gpacalculator.net/admission/brookhaven-college/	404	0		
https://gpacalculator.net/admission/strayer-university-delaware/	301	https://gpacalculator.net/admissions/strayer-university/	Rank Math	https://gpacalculator.net/admissions/strayer-university/	200	1		
https://gpacalculator.net/admission/university-of-arkansas-system-office/	410			https://gpacalculator.net/admission/university-of-arkansas-system-office/	410	0		
https://gpacalculator.net/admission/university-of-the-rockies/	301	https://gpacalculator.net/admissions/university-of-arizona-global-campus/	Rank Math	https://gpacalculator.net/admissions/university-of-arizona-global-campus/	200	1		
https://gpacalculator.net/admission/concordia-college-new-york/	404			https://gpacalculator.net/admission/concordia-college-new-york/	404	0		
https://gpacalculator.net/admission/wells-college/	404			https://gpacalculator.net/admission/wells-college/	404	0		
https://gpacalculator.net/admission/globe-university-sioux-falls/	404			https://gpacalculator.net/admission/globe-university-sioux-falls/	404	0		
https://gpacalculator.net/admission/oklahoma-state-uni-institute-of-technology-okmulgee/	301	https://gpacalculator.net/admissions/oklahoma-state-university-institute-of-technology-okmulgee/	Rank Math	https://gpacalculator.net/admissions/oklahoma-state-university-institute-of-technology-okmulgee/	200	1		
https://gpacalculator.net/admission/becker-college/	404			https://gpacalculator.net/admission/becker-college/	404	0		
https://gpacalculator.net/admission/bethel-university-3/	404			https://gpacalculator.net/admission/bethel-university-3/	404	0		
https://gpacalculator.net/admission/devry-universitys-keller-graduate-school-of-management-arizona/	301	https://gpacalculator.net/admissions/devry-university-arizona/	Rank Math	https://gpacalculator.net/admissions/devry-university-arizona/	200	1		
https://gpacalculator.net/admission/johnson-and-wales-university-providence/	404			https://gpacalculator.net/admission/johnson-and-wales-university-providence/	404	0		
https://gpacalculator.net/admission/globe-university%CB%86green-bay/	301	https://gpacalculator.net/admissions/globe-university-green-bay/	Rank Math	https://gpacalculator.net/admissions/globe-university-green-bay/	404	1		
https://gpacalculator.net/admission/university-of-phoenix-shreveport-bossier-campus/	301	https://gpacalculator.net/admissions/university-of-phoenix-shreveport-bossier/	Rank Math	https://gpacalculator.net/admissions/university-of-phoenix-shreveport-bossier/	410	1		
https://gpacalculator.net/admission/cornish-college-of-the-arts/	404			https://gpacalculator.net/admission/cornish-college-of-the-arts/	404	0		
https://gpacalculator.net/admission/argosy-university-phoenix/	404			https://gpacalculator.net/admission/argosy-university-phoenix/	404	0		
https://gpacalculator.net/admission/devry-universitys-keller-graduate-school-of-management-oregon/	301	https://gpacalculator.net/admissions/devry-university-oregon/	Rank Math	https://gpacalculator.net/admissions/devry-university-oregon/	200	1		
https://gpacalculator.net/admission/polytechnic-uni-of-puerto-rico-miami-campus/	301	https://gpacalculator.net/admissions/polytechnic-university-of-puerto-rico-miami-campus/	Rank Math	https://gpacalculator.net/admissions/polytechnic-university-of-puerto-rico-miami-campus/	200	1		
https://gpacalculator.net/admission/south-university-montgomery/	301	https://gpacalculator.net/admissions/south-university/	Rank Math	https://gpacalculator.net/admissions/south-university/	200	1		
https://gpacalculator.net/admission/university-of-nebraska-central-administration-system-office/	410			https://gpacalculator.net/admission/university-of-nebraska-central-administration-system-office/	410	0		
https://gpacalculator.net/admission/alabama-a-and-m-university/	404			https://gpacalculator.net/admission/alabama-a-and-m-university/	404	0		
https://gpacalculator.net/admission/saint-augustine-college/	404			https://gpacalculator.net/admission/saint-augustine-college/	404	0		
https://gpacalculator.net/admission/texas-a-and-m-university-kingsville/	404			https://gpacalculator.net/admission/texas-a-and-m-university-kingsville/	404	0		
https://gpacalculator.net/admission/ashland-uni-dwight-schar-college-of-nursing/	301	https://gpacalculator.net/admissions/ashland-university/	Rank Math	https://gpacalculator.net/admissions/ashland-university/	200	1		
https://gpacalculator.net/admission/devry-unis-keller-graduate-school-of-management-california/	301	https://gpacalculator.net/admissions/devry-university-california/	Rank Math	https://gpacalculator.net/admissions/devry-university-california/	200	1		
https://gpacalculator.net/admission/devry-unis-keller-graduate-school-of-management-wisconsin/	301	https://gpacalculator.net/admissions/devry-university-wisconsin/	Rank Math	https://gpacalculator.net/admissions/devry-university-wisconsin/	200	1		
https://gpacalculator.net/admission/high-school-gpa-guide/	301	https://gpacalculator.net/college-advice/high-school-gpa-guide/	Rank Math	https://gpacalculator.net/college-advice/high-school-gpa-guide/	200	1		
https://gpacalculator.net/admission/long-island-university-brentwood-campus/	301	https://gpacalculator.net/admissions/long-island-university-brentwood-campus/	WordPress	https://gpacalculator.net/admissions/long-island-university-brentwood-campus/	404	1		
https://gpacalculator.net/admission/louisiana-state-uni-health-sciences-center-shreveport/	301	https://gpacalculator.net/admissions/lsu-health-shreveport/	Rank Math	https://gpacalculator.net/admissions/lsu-health-shreveport/	200	1		
https://gpacalculator.net/admission/pennsylvania-state-uni-penn-state-new-kensington/	301	https://gpacalculator.net/admissions/pennsylvania-state-university-penn-state-new-kensington/	Rank Math	https://gpacalculator.net/admissions/pennsylvania-state-university-penn-state-new-kensington/	200	1		
https://gpacalculator.net/admission/salus-university/	301	https://gpacalculator.net/admissions/drexel-university/	Rank Math	https://gpacalculator.net/admissions/drexel-university/	200	1		
https://gpacalculator.net/admission/johnson-and-wales-university-charlotte/	404			https://gpacalculator.net/admission/johnson-and-wales-university-charlotte/	404	0		
https://gpacalculator.net/admission/brandman-university/	301	https://gpacalculator.net/admissions/umass-global/	Rank Math	https://gpacalculator.net/admissions/umass-global/	200	1		
https://gpacalculator.net/admission/globe-university-la-crosse/	404			https://gpacalculator.net/admission/globe-university-la-crosse/	404	0		
https://gpacalculator.net/admission/louisiana-state-uni-and-agricultural-mechanical-college/	301	https://gpacalculator.net/admissions/lsu/	Rank Math	https://gpacalculator.net/admissions/lsu/	200	1		
https://gpacalculator.net/admission/university-of-hawaii-system-office/	410			https://gpacalculator.net/admission/university-of-hawaii-system-office/	410	0		
https://gpacalculator.net/admission/university-of-phoenix-detroit-campus/	301	https://gpacalculator.net/admissions/university-of-phoenix-metro-detroit-campus/	Rank Math	https://gpacalculator.net/admissions/university-of-phoenix-metro-detroit-campus/	410	1		
https://gpacalculator.net/admission/the-college-of-saint-rose/	404			https://gpacalculator.net/admission/the-college-of-saint-rose/	404	0		
https://gpacalculator.net/admission/national-american-uni-colorado-springs-south/	301	https://gpacalculator.net/admissions/national-american-university-colorado-springs-south/	Rank Math	https://gpacalculator.net/admissions/national-american-university-colorado-springs-south/	200	1		
https://gpacalculator.net/admission/western-state-university-college-of-law-argosy/	301	https://gpacalculator.net/admissions/westcliff-university/	Rank Math	https://gpacalculator.net/admissions/westcliff-university/	200	1		
https://gpacalculator.net/admission/fashion-institute-of-design-and-merchandising-san-diego/	404			https://gpacalculator.net/admission/fashion-institute-of-design-and-merchandising-san-diego/	404	0		
https://gpacalculator.net/admission/north-georgia-college-and-state-university/	404			https://gpacalculator.net/admission/north-georgia-college-and-state-university/	404	0		
https://gpacalculator.net/admission/texas-a-and-m-university-texarkana/	404			https://gpacalculator.net/admission/texas-a-and-m-university-texarkana/	404	0		
https://gpacalculator.net/admission/argosy-university-los-angeles/	404			https://gpacalculator.net/admission/argosy-university-los-angeles/	404	0		
https://gpacalculator.net/admission/devry-unis-keller-graduate-school-of-management-arizona/	301	https://gpacalculator.net/admissions/devry-university-arizona/	Rank Math	https://gpacalculator.net/admissions/devry-university-arizona/	200	1		
https://gpacalculator.net/admission/devry-unis-keller-graduate-school-of-management-virginia/	301	https://gpacalculator.net/admissions/devry-university-virginia/	Rank Math	https://gpacalculator.net/admissions/devry-university-virginia/	200	1		
https://gpacalculator.net/admission/globe-university-madison-west/	404			https://gpacalculator.net/admission/globe-university-madison-west/	404	0		
https://gpacalculator.net/admission/birmingham-southern-college/	404			https://gpacalculator.net/admission/birmingham-southern-college/	404	0		
https://gpacalculator.net/admission/brown-mackie-college-akron/	404			https://gpacalculator.net/admission/brown-mackie-college-akron/	404	0		
https://gpacalculator.net/admission/cedar-valley-college/	404			https://gpacalculator.net/admission/cedar-valley-college/	404	0		
https://gpacalculator.net/admission/minnesota-school-of-business-blaine/	404			https://gpacalculator.net/admission/minnesota-school-of-business-blaine/	404	0		
https://gpacalculator.net/admission/triangle-tech-inc-dubois/	404			https://gpacalculator.net/admission/triangle-tech-inc-dubois/	404	0		
https://gpacalculator.net/admission/devry-universitys-keller-graduate-school-of-management-tennessee/	301	https://gpacalculator.net/admissions/devry-university-tennessee/	Rank Math	https://gpacalculator.net/admissions/devry-university-tennessee/	200	1		
https://gpacalculator.net/admission/globe-university-appleton/	404			https://gpacalculator.net/admission/globe-university-appleton/	404	0		
https://gpacalculator.net/admission/uni-of-nebraska-central-administration-system-office/	301	https://gpacalculator.net/admissions/uni-of-nebraska-central-administration-system-office/	WordPress	https://gpacalculator.net/admissions/uni-of-nebraska-central-administration-system-office/	404	1		
https://gpacalculator.net/admission/florida-career-college-miami/	404			https://gpacalculator.net/admission/florida-career-college-miami/	404	0		
https://gpacalculator.net/admission/marlboro-college/	404			https://gpacalculator.net/admission/marlboro-college/	404	0		
https://gpacalculator.net/admission/the-college-of-new-rochelle/	404			https://gpacalculator.net/admission/the-college-of-new-rochelle/	404	0		
https://gpacalculator.net/admission/devry-universitys-keller-graduate-school-of-management-california/	301	https://gpacalculator.net/admissions/devry-university-california/	Rank Math	https://gpacalculator.net/admissions/devry-university-california/	200	1		
https://gpacalculator.net/admission/independence-university/	404			https://gpacalculator.net/admission/independence-university/	404	0		
https://gpacalculator.net/admission/louisiana-state-university-health-sciences-center-shreveport/	301	https://gpacalculator.net/admissions/lsu-health-shreveport/	Rank Math	https://gpacalculator.net/admissions/lsu-health-shreveport/	200	1		
https://gpacalculator.net/admission/philadelphia-biblical-university-langhorne/	301	https://gpacalculator.net/admissions/cairn-university/	Rank Math	https://gpacalculator.net/admissions/cairn-university/	200	1		
https://gpacalculator.net/admission/strayer-university-arkansas/	301	https://gpacalculator.net/admissions/strayer-university/	Rank Math	https://gpacalculator.net/admissions/strayer-university/	200	1		
https://gpacalculator.net/admission/the-university-of-texas-system-office/	410			https://gpacalculator.net/admission/the-university-of-texas-system-office/	410	0		
https://gpacalculator.net/admission/university-of-louisiana-system-administration/	410			https://gpacalculator.net/admission/university-of-louisiana-system-administration/	410	0		
https://gpacalculator.net/admission/brown-mackie-college-cincinnati/	404			https://gpacalculator.net/admission/brown-mackie-college-cincinnati/	404	0		
https://gpacalculator.net/admission/eastfield-college/	404			https://gpacalculator.net/admission/eastfield-college/	404	0		
https://gpacalculator.net/admission/macon-state-college/	404			https://gpacalculator.net/admission/macon-state-college/	404	0		
https://gpacalculator.net/admission/middle-georgia-technical-college/	404			https://gpacalculator.net/admission/middle-georgia-technical-college/	404	0		
https://gpacalculator.net/admission/south-georgia-college/	404			https://gpacalculator.net/admission/south-georgia-college/	404	0		
https://gpacalculator.net/admission/north-lake-college/	404			https://gpacalculator.net/admission/north-lake-college/	404	0		
https://gpacalculator.net/admission/devry-universitys-keller-graduate-school-of-management-kentucky/	301	https://gpacalculator.net/admissions/devry-university-kentucky/	Rank Math	https://gpacalculator.net/admissions/devry-university-kentucky/	200	1		
https://gpacalculator.net/admission/devry-universitys-keller-graduate-school-of-management-texas/	301	https://gpacalculator.net/admissions/devry-university-texas/	Rank Math	https://gpacalculator.net/admissions/devry-university-texas/	200	1		
https://gpacalculator.net/admission/georgia-health-sciences-university/	301	https://gpacalculator.net/admissions/augusta-university/	Rank Math	https://gpacalculator.net/admissions/augusta-university/	200	1		
https://gpacalculator.net/admission/national-american-uni-ellsworth-afb-extension/	301	https://gpacalculator.net/admissions/national-american-university-ellsworth-afb-extension/	Rank Math	https://gpacalculator.net/admissions/national-american-university-ellsworth-afb-extension/	410	1		
https://gpacalculator.net/admission/pennsylvania-state-university-college-of-medicine/	301	https://gpacalculator.net/admissions/pennsylvania-state-university-main-campus/	Rank Math	https://gpacalculator.net/admissions/pennsylvania-state-university-main-campus/	200	1		
https://gpacalculator.net/admission/university-of-colorado-system-office/	410			https://gpacalculator.net/admission/university-of-colorado-system-office/	410	0		
https://gpacalculator.net/admission/cazenovia-college/	404			https://gpacalculator.net/admission/cazenovia-college/	404	0		
https://gpacalculator.net/admission/newbury-college-brookline/	404			https://gpacalculator.net/admission/newbury-college-brookline/	404	0		
https://gpacalculator.net/admission/nyack-college/	404			https://gpacalculator.net/admission/nyack-college/	404	0		
https://gpacalculator.net/admission/paier-college-of-art-inc/	404			https://gpacalculator.net/admission/paier-college-of-art-inc/	404	0		
https://gpacalculator.net/admission/pittsburgh-technical-institute/	404			https://gpacalculator.net/admission/pittsburgh-technical-institute/	404	0		
https://gpacalculator.net/admission/wheelock-college/	404			https://gpacalculator.net/admission/wheelock-college/	404	0		
https://gpacalculator.net/admission/argosy-university-orange-county/	404			https://gpacalculator.net/admission/argosy-university-orange-county/	404	0		
https://gpacalculator.net/admission/devry-unis-keller-graduate-school-of-management-georgia/	301	https://gpacalculator.net/admissions/devry-university-georgia/	Rank Math	https://gpacalculator.net/admissions/devry-university-georgia/	200	1		
https://gpacalculator.net/admission/devry-universitys-keller-graduate-school-of-management-pennsylvania/	301	https://gpacalculator.net/admissions/devry-university-pennsylvania/	Rank Math	https://gpacalculator.net/admissions/devry-university-pennsylvania/	200	1		
https://gpacalculator.net/admission/south-university%CB%86richmond/	301	https://gpacalculator.net/admissions/south-university/	Rank Math	https://gpacalculator.net/admissions/south-university/	200	1		
https://gpacalculator.net/admission/trine-uni-regionalnon-traditional-campuses/	301	https://gpacalculator.net/admissions/trine-university-regionalnon-traditional-campuses/	Rank Math	https://gpacalculator.net/admissions/trine-university-regionalnon-traditional-campuses/	200	1		
https://gpacalculator.net/admission/university-of-phoenix-knoxville-campus/	301	https://gpacalculator.net/admissions/university-of-phoenix-knoxville/	Rank Math	https://gpacalculator.net/admissions/university-of-phoenix-knoxville/	410	1		
https://gpacalculator.net/admission/american-academy-of-dramatic-arts-los-angeles/	404			https://gpacalculator.net/admission/american-academy-of-dramatic-arts-los-angeles/	404	0		
https://gpacalculator.net/admission/armstrong-state-university/	404			https://gpacalculator.net/admission/armstrong-state-university/	404	0		
https://gpacalculator.net/admission/baptist-bible-college-and-seminary/	404			https://gpacalculator.net/admission/baptist-bible-college-and-seminary/	404	0		
https://gpacalculator.net/admission/brown-mackie-college-miami/	404			https://gpacalculator.net/admission/brown-mackie-college-miami/	404	0		
https://gpacalculator.net/admission/florida-christian-college/	404			https://gpacalculator.net/admission/florida-christian-college/	404	0		
https://gpacalculator.net/admission/limestone-college/	404			https://gpacalculator.net/admission/limestone-college/	404	0		
https://gpacalculator.net/admission/minnesota-school-of-business-richfield/	404			https://gpacalculator.net/admission/minnesota-school-of-business-richfield/	404	0		
https://gpacalculator.net/admission/minnesota-school-of-business-shakopee/	404			https://gpacalculator.net/admission/minnesota-school-of-business-shakopee/	404	0		
https://gpacalculator.net/admission/mount-ida-college/	404			https://gpacalculator.net/admission/mount-ida-college/	404	0		
https://gpacalculator.net/admission/the-new-england-institute-of-art/	404			https://gpacalculator.net/admission/the-new-england-institute-of-art/	404	0		
https://gpacalculator.net/admission/triangle-tech-inc-greensburg/	404			https://gpacalculator.net/admission/triangle-tech-inc-greensburg/	404	0		
https://gpacalculator.net/admission/triangle-tech-inc-sunbury/	404			https://gpacalculator.net/admission/triangle-tech-inc-sunbury/	404	0		
https://gpacalculator.net/admission/virginia-college-sc/	404			https://gpacalculator.net/admission/virginia-college-sc/	404	0		
https://gpacalculator.net/admission/argosy-university-chicago/	404			https://gpacalculator.net/admission/argosy-university-chicago/	404	0		
https://gpacalculator.net/admission/argosy-university-tampa/	404			https://gpacalculator.net/admission/argosy-university-tampa/	404	0		
https://gpacalculator.net/admission/everest-university-south-orlando/	404			https://gpacalculator.net/admission/everest-university-south-orlando/	404	0		
https://gpacalculator.net/admission/louisiana-state-uni-health-sciences-center-new-orleans/	301	https://gpacalculator.net/admissions/lsu-health-new-orleans/	Rank Math	https://gpacalculator.net/admissions/lsu-health-new-orleans/	200	1		
https://gpacalculator.net/admission/brown-mackie-college-albuquerque/	404			https://gpacalculator.net/admission/brown-mackie-college-albuquerque/	404	0		
https://gpacalculator.net/admission/brown-mackie-college-merrillville/	404			https://gpacalculator.net/admission/brown-mackie-college-merrillville/	404	0		
https://gpacalculator.net/admission/brown-mackie-college-north-canton/	404			https://gpacalculator.net/admission/brown-mackie-college-north-canton/	404	0		
https://gpacalculator.net/admission/goddard-college/	404			https://gpacalculator.net/admission/goddard-college/	404	0		
https://gpacalculator.net/admission/harrison-college/	404			https://gpacalculator.net/admission/harrison-college/	404	0		
https://gpacalculator.net/admission/johnson-and-wales-university-denver/	404			https://gpacalculator.net/admission/johnson-and-wales-university-denver/	404	0		
https://gpacalculator.net/admission/johnson-and-wales-university-north-miami/	404			https://gpacalculator.net/admission/johnson-and-wales-university-north-miami/	404	0		
https://gpacalculator.net/admission/minnesota-school-of-business-moorhead/	404			https://gpacalculator.net/admission/minnesota-school-of-business-moorhead/	404	0		
https://gpacalculator.net/admission/minnesota-school-of-business-waite-park/	404			https://gpacalculator.net/admission/minnesota-school-of-business-waite-park/	404	0		
https://gpacalculator.net/admission/mountain-view-college/	404			https://gpacalculator.net/admission/mountain-view-college/	404	0		
https://gpacalculator.net/admission/new-england-college-of-business/	404			https://gpacalculator.net/admission/new-england-college-of-business/	404	0		
https://gpacalculator.net/admission/northland-college/	404			https://gpacalculator.net/admission/northland-college/	404	0		
https://gpacalculator.net/admission/southern-vermont-college/	404			https://gpacalculator.net/admission/southern-vermont-college/	404	0		
https://gpacalculator.net/admission/vatterott-college-kansas-city/	404			https://gpacalculator.net/admission/vatterott-college-kansas-city/	404	0		
https://gpacalculator.net/admission/vatterott-college-tulsa/	404			https://gpacalculator.net/admission/vatterott-college-tulsa/	404	0		
https://gpacalculator.net/admission/virginia-college-la/	404			https://gpacalculator.net/admission/virginia-college-la/	404	0		
https://gpacalculator.net/admission/waycross-college/	404			https://gpacalculator.net/admission/waycross-college/	404	0		
https://gpacalculator.net/admission/brown-mackie-college-indianapolis/	404			https://gpacalculator.net/admission/brown-mackie-college-indianapolis/	404	0		
https://gpacalculator.net/admission/california-state-university-chancellors-office/	410			https://gpacalculator.net/admission/california-state-university-chancellors-office/	410	0		
https://gpacalculator.net/admission/central-methodist-uni-college-of-graduate-studies/	301	https://gpacalculator.net/admissions/central-methodist-uni-college-of-graduate-studies/	WordPress	https://gpacalculator.net/admissions/central-methodist-uni-college-of-graduate-studies/	404	1		
https://gpacalculator.net/admission/globe-university%CB%86madison-west/	301	https://gpacalculator.net/admissions/globe-university-madison-west/	Rank Math	https://gpacalculator.net/admissions/globe-university-madison-west/	404	1		
https://gpacalculator.net/admission/long-island-university-riverhead-campus/	301	https://gpacalculator.net/admissions/long-island-university-riverhead-campus/	WordPress	https://gpacalculator.net/admissions/long-island-university-riverhead-campus/	404	1		
https://gpacalculator.net/admission/omaha-school-of-massage-and-healthcare-of-herzing-uni/	301	https://gpacalculator.net/admissions/omaha-school-of-massage-and-healthcare-of-herzing-uni/	WordPress	https://gpacalculator.net/admissions/omaha-school-of-massage-and-healthcare-of-herzing-uni/	404	1		
https://gpacalculator.net/admission/university-of-massachusetts-central-office/	410			https://gpacalculator.net/admission/university-of-massachusetts-central-office/	410	0		
https://gpacalculator.net/admission/university-of-missouri-system-office/	410			https://gpacalculator.net/admission/university-of-missouri-system-office/	410	0		
https://gpacalculator.net/admission/brown-mackie-college-atlanta/	404			https://gpacalculator.net/admission/brown-mackie-college-atlanta/	404	0		
https://gpacalculator.net/admission/brown-mackie-college-fort-wayne/	404			https://gpacalculator.net/admission/brown-mackie-college-fort-wayne/	404	0		
https://gpacalculator.net/admission/brown-mackie-college-kansas-city/	404			https://gpacalculator.net/admission/brown-mackie-college-kansas-city/	404	0		
https://gpacalculator.net/admission/brown-mackie-college-louisville/	404			https://gpacalculator.net/admission/brown-mackie-college-louisville/	404	0		
https://gpacalculator.net/admission/brown-mackie-college-michigan-city/	404			https://gpacalculator.net/admission/brown-mackie-college-michigan-city/	404	0		
https://gpacalculator.net/admission/brown-mackie-college-quad-cities/	404			https://gpacalculator.net/admission/brown-mackie-college-quad-cities/	404	0		
https://gpacalculator.net/admission/harrison-college-elkhart/	404			https://gpacalculator.net/admission/harrison-college-elkhart/	404	0		
https://gpacalculator.net/admission/harrison-college-evansville/	404			https://gpacalculator.net/admission/harrison-college-evansville/	404	0		
https://gpacalculator.net/admission/island-drafting-and-technical-institute/	404			https://gpacalculator.net/admission/island-drafting-and-technical-institute/	404	0		
https://gpacalculator.net/admission/minnesota-school-of-business-lakeville/	404			https://gpacalculator.net/admission/minnesota-school-of-business-lakeville/	404	0		
https://gpacalculator.net/admission/minnesota-school-of-business-plymouth/	404			https://gpacalculator.net/admission/minnesota-school-of-business-plymouth/	404	0		
https://gpacalculator.net/admission/non-traditional-campuses/	404			https://gpacalculator.net/admission/non-traditional-campuses/	404	0		
https://gpacalculator.net/admission/northwestern-college-southwestern-campus/	404			https://gpacalculator.net/admission/northwestern-college-southwestern-campus/	404	0		
https://gpacalculator.net/admission/ohio-business-college-sandusky/	404			https://gpacalculator.net/admission/ohio-business-college-sandusky/	404	0		
https://gpacalculator.net/admission/stevens-henager-college-murray/	404			https://gpacalculator.net/admission/stevens-henager-college-murray/	404	0		
https://gpacalculator.net/admission/texas-a-and-m-university-commerce/	404			https://gpacalculator.net/admission/texas-a-and-m-university-commerce/	404	0		
https://gpacalculator.net/admission/triangle-tech-inc-bethlehem/	404			https://gpacalculator.net/admission/triangle-tech-inc-bethlehem/	404	0		
https://gpacalculator.net/admission/triangle-tech-inc-erie/	404			https://gpacalculator.net/admission/triangle-tech-inc-erie/	404	0		
https://gpacalculator.net/admission/triangle-tech-inc-pittsburgh/	404			https://gpacalculator.net/admission/triangle-tech-inc-pittsburgh/	404	0		
https://gpacalculator.net/admission/vatterott-college-berkeley/	404			https://gpacalculator.net/admission/vatterott-college-berkeley/	404	0		
https://gpacalculator.net/admission/vatterott-college-saint-joseph/	404			https://gpacalculator.net/admission/vatterott-college-saint-joseph/	404	0		
https://gpacalculator.net/admission/vatterott-college-springfield/	404			https://gpacalculator.net/admission/vatterott-college-springfield/	404	0		
https://gpacalculator.net/admission/vatterott-college-sunset-hills/	404			https://gpacalculator.net/admission/vatterott-college-sunset-hills/	404	0		
https://gpacalculator.net/admission/vatterott-college-wichita/	404			https://gpacalculator.net/admission/vatterott-college-wichita/	404	0		
https://gpacalculator.net/admission/virginia-college-biloxi/	404			https://gpacalculator.net/admission/virginia-college-biloxi/	404	0		
https://gpacalculator.net/admission/virginia-college-birmingham/	404			https://gpacalculator.net/admission/virginia-college-birmingham/	404	0		
https://gpacalculator.net/admission/virginia-college-jacksonville/	404			https://gpacalculator.net/admission/virginia-college-jacksonville/	404	0		
https://gpacalculator.net/admission/virginia-college-montgomery/	404			https://gpacalculator.net/admission/virginia-college-montgomery/	404	0		
https://gpacalculator.net/admission/antioch-university-midwest/	404			https://gpacalculator.net/admission/antioch-university-midwest/	404	0		
https://gpacalculator.net/admission/central-methodist-uni-college-of-liberal-arts-sciences/	301	https://gpacalculator.net/admissions/central-methodist-university-college-of-liberal-arts-and-sciences/	Rank Math	https://gpacalculator.net/admissions/central-methodist-university-college-of-liberal-arts-and-sciences/	200	1		
https://gpacalculator.net/admission/devry-unis-keller-graduate-school-of-management-nevada/	301	https://gpacalculator.net/admissions/devry-university-nevada/	Rank Math	https://gpacalculator.net/admissions/devry-university-nevada/	200	1		
https://gpacalculator.net/admission/devry-universitys-keller-graduate-school-of-management-washington/	301	https://gpacalculator.net/admissions/devry-university-washington/	Rank Math	https://gpacalculator.net/admissions/devry-university-washington/	200	1		
https://gpacalculator.net/admission/everest-university-melbourne/	404			https://gpacalculator.net/admission/everest-university-melbourne/	404	0		
https://gpacalculator.net/admission/everest-university-pompano-beach/	404			https://gpacalculator.net/admission/everest-university-pompano-beach/	404	0		
https://gpacalculator.net/admission/the-uni-of-texas-health-science-center-at-san-antonio/	301	https://gpacalculator.net/admissions/the-university-of-texas-health-science-center-at-san-antonio/	Rank Math	https://gpacalculator.net/admissions/the-university-of-texas-health-science-center-at-san-antonio/	200	1		
https://gpacalculator.net/admission/bay-state-college/	404			https://gpacalculator.net/admission/bay-state-college/	404	0		
https://gpacalculator.net/admission/brown-mackie-college-birmingham/	404			https://gpacalculator.net/admission/brown-mackie-college-birmingham/	404	0		
https://gpacalculator.net/admission/brown-mackie-college-findlay/	404			https://gpacalculator.net/admission/brown-mackie-college-findlay/	404	0		
https://gpacalculator.net/admission/brown-mackie-college-salina/	404			https://gpacalculator.net/admission/brown-mackie-college-salina/	404	0		
https://gpacalculator.net/admission/brown-mackie-college-san-antonio/	404			https://gpacalculator.net/admission/brown-mackie-college-san-antonio/	404	0		
https://gpacalculator.net/admission/brown-mackie-college-tucson/	404			https://gpacalculator.net/admission/brown-mackie-college-tucson/	404	0		
https://gpacalculator.net/admission/brown-mackie-college-tulsa/	404			https://gpacalculator.net/admission/brown-mackie-college-tulsa/	404	0		
https://gpacalculator.net/admission/career-point-college-ok/	404			https://gpacalculator.net/admission/career-point-college-ok/	404	0		
https://gpacalculator.net/admission/eastern-gateway-community-college/	404			https://gpacalculator.net/admission/eastern-gateway-community-college/	404	0		
https://gpacalculator.net/admission/globe-institute-of-technology/	404			https://gpacalculator.net/admission/globe-institute-of-technology/	404	0		
https://gpacalculator.net/admission/green-mountain-college/	404			https://gpacalculator.net/admission/green-mountain-college/	404	0		
https://gpacalculator.net/admission/harrison-college-columbus/	404			https://gpacalculator.net/admission/harrison-college-columbus/	404	0		
https://gpacalculator.net/admission/harrison-college-indianapolis-east/	404			https://gpacalculator.net/admission/harrison-college-indianapolis-east/	404	0		
https://gpacalculator.net/admission/harrison-college-lafayette/	404			https://gpacalculator.net/admission/harrison-college-lafayette/	404	0		
https://gpacalculator.net/admission/harrison-college-terre-haute/	404			https://gpacalculator.net/admission/harrison-college-terre-haute/	404	0		
https://gpacalculator.net/admission/keiser-career-college-jacksonville/	404			https://gpacalculator.net/admission/keiser-career-college-jacksonville/	404	0		
https://gpacalculator.net/admission/lecole-culinaire-mo/	404			https://gpacalculator.net/admission/lecole-culinaire-mo/	404	0		
https://gpacalculator.net/admission/long-island-business-institute/	404			https://gpacalculator.net/admission/long-island-business-institute/	404	0		
https://gpacalculator.net/admission/middle-georgia-college/	404			https://gpacalculator.net/admission/middle-georgia-college/	404	0		
https://gpacalculator.net/admission/minnesota-school-of-business-rochester/	404			https://gpacalculator.net/admission/minnesota-school-of-business-rochester/	404	0		
https://gpacalculator.net/admission/stevens-henager-college-of-business-provo/	404			https://gpacalculator.net/admission/stevens-henager-college-of-business-provo/	404	0		
https://gpacalculator.net/admission/stevens-henager-college-ogden/	404			https://gpacalculator.net/admission/stevens-henager-college-ogden/	404	0		
https://gpacalculator.net/admission/stevens-henager-college/	404			https://gpacalculator.net/admission/stevens-henager-college/	404	0		
https://gpacalculator.net/admission/vatterott-college-des-moines/	404			https://gpacalculator.net/admission/vatterott-college-des-moines/	404	0		
https://gpacalculator.net/admission/vatterott-college-joplin/	404			https://gpacalculator.net/admission/vatterott-college-joplin/	404	0		
https://gpacalculator.net/admission/vatterott-college-quincy/	404			https://gpacalculator.net/admission/vatterott-college-quincy/	404	0		
https://gpacalculator.net/admission/virginia-college-augusta/	404			https://gpacalculator.net/admission/virginia-college-augusta/	404	0		
https://gpacalculator.net/admission/virginia-college-austin/	404			https://gpacalculator.net/admission/virginia-college-austin/	404	0		
https://gpacalculator.net/admission/virginia-college-mobile/	404			https://gpacalculator.net/admission/virginia-college-mobile/	404	0		
https://gpacalculator.net/admission/virginia-college-va/	404			https://gpacalculator.net/admission/virginia-college-va/	404	0		
