url	status	location	redirect_by	chain	final_url	final_status	hops	error
https://gpacalculator.net/admission/a-t-still-university-of-health-sciences/	301	https://gpacalculator.net/admissions/a-t-still-university/	Rank Math	301 Rank Math > /admissions/a-t-still-university/ | 200	https://gpacalculator.net/admissions/a-t-still-university/	200	1	
https://gpacalculator.net/admission/acadiana-technical-college-lafayette-campus/	301	https://gpacalculator.net/admissions/south-louisiana-community-college/	Rank Math	301 Rank Math > /admissions/south-louisiana-community-college/ | 200	https://gpacalculator.net/admissions/south-louisiana-community-college/	200	1	
https://gpacalculator.net/admission/acupuncture-and-massage-college/	410			410	https://gpacalculator.net/admission/acupuncture-and-massage-college/	410	0	
https://gpacalculator.net/admission/ai-miami-international-uni-of-art-and-design/	301	https://gpacalculator.net/admissions/ai-miami-international-university-of-art-and-design/	Rank Math	301 Rank Math > /admissions/ai-miami-international-university-of-art-and-design/ | 410	https://gpacalculator.net/admissions/ai-miami-international-university-of-art-and-design/	410	1	
https://gpacalculator.net/admission/ai-miami-international-university-of-art-and-design/	410			410	https://gpacalculator.net/admission/ai-miami-international-university-of-art-and-design/	410	0	
https://gpacalculator.net/admission/aib-college-of-business/	410			410	https://gpacalculator.net/admission/aib-college-of-business/	410	0	
https://gpacalculator.net/admission/alabama-a-and-m-university/	301	https://gpacalculator.net/admissions/alabama-a-m-university/	Rank Math	301 Rank Math > /admissions/alabama-a-m-university/ | 200	https://gpacalculator.net/admissions/alabama-a-m-university/	200	1	
https://gpacalculator.net/admission/alabama-southern-community-college/	301	https://gpacalculator.net/admissions/coastal-alabama-community-college/	Rank Math	301 Rank Math > /admissions/coastal-alabama-community-college/ | 200	https://gpacalculator.net/admissions/coastal-alabama-community-college/	200	1	
https://gpacalculator.net/admission/alderson-broaddus-college/	410			410	https://gpacalculator.net/admission/alderson-broaddus-college/	410	0	
https://gpacalculator.net/admission/allied-american-university/	410			410	https://gpacalculator.net/admission/allied-american-university/	410	0	
https://gpacalculator.net/admission/altamaha-technical-college/	301	https://gpacalculator.net/admissions/coastal-pines-technical-college/	Rank Math	301 Rank Math > /admissions/coastal-pines-technical-college/ | 200	https://gpacalculator.net/admissions/coastal-pines-technical-college/	200	1	
https://gpacalculator.net/admission/american-academy-of-art/	410			410	https://gpacalculator.net/admission/american-academy-of-art/	410	0	
https://gpacalculator.net/admission/american-academy-of-dramatic-arts-los-angeles/	404			404	https://gpacalculator.net/admission/american-academy-of-dramatic-arts-los-angeles/	404	0	
https://gpacalculator.net/admission/american-conservatory-theater/	410			410	https://gpacalculator.net/admission/american-conservatory-theater/	410	0	
https://gpacalculator.net/admission/american-intercontinental-uni-south-florida/	301	https://gpacalculator.net/admissions/american-intercontinental-university-south-florida/	Rank Math	301 Rank Math > /admissions/american-intercontinental-university-south-florida/ | 410	https://gpacalculator.net/admissions/american-intercontinental-university-south-florida/	410	1	
https://gpacalculator.net/admission/american-intercontinental-university-south-florida/	410			410	https://gpacalculator.net/admission/american-intercontinental-university-south-florida/	410	0	
https://gpacalculator.net/admission/american-sentinel-university/	301	https://gpacalculator.net/admissions/post-university/	Rank Math	301 Rank Math > /admissions/post-university/ | 200	https://gpacalculator.net/admissions/post-university/	200	1	
https://gpacalculator.net/admission/ancilla-college/	410			410	https://gpacalculator.net/admission/ancilla-college/	410	0	
https://gpacalculator.net/admission/anderson-university-in/	301	https://gpacalculator.net/admissions/anderson-university/	Rank Math	301 Rank Math > /admissions/anderson-university/ | 200	https://gpacalculator.net/admissions/anderson-university/	200	1	
https://gpacalculator.net/admission/antioch-uni-phd-program-in-leadership-and-change/	301	https://gpacalculator.net/admissions/antioch-university/	Rank Math	301 Rank Math > /admissions/antioch-university/ | 200	https://gpacalculator.net/admissions/antioch-university/	200	1	
https://gpacalculator.net/admission/antioch-university-midwest/	301	https://gpacalculator.net/admissions/antioch-university/	Rank Math	301 Rank Math > /admissions/antioch-university/ | 200	https://gpacalculator.net/admissions/antioch-university/	200	1	
https://gpacalculator.net/admission/antioch-university-new-england/	404			404	https://gpacalculator.net/admission/antioch-university-new-england/	404	0	
https://gpacalculator.net/admission/antioch-university-phd-program-in-leadership-and-change/	301	https://gpacalculator.net/admissions/antioch-university/	Rank Math	301 Rank Math > /admissions/antioch-university/ | 200	https://gpacalculator.net/admissions/antioch-university/	200	1	
https://gpacalculator.net/admission/antioch-university-system-administration/	404			404	https://gpacalculator.net/admission/antioch-university-system-administration/	404	0	
https://gpacalculator.net/admission/antonelli-college-cincinnati/	410			410	https://gpacalculator.net/admission/antonelli-college-cincinnati/	410	0	
https://gpacalculator.net/admission/antonelli-college-hattiesburg/	410			410	https://gpacalculator.net/admission/antonelli-college-hattiesburg/	410	0	
https://gpacalculator.net/admission/antonelli-college-jackson/	410			410	https://gpacalculator.net/admission/antonelli-college-jackson/	410	0	
https://gpacalculator.net/admission/antonelli-institute/	410			410	https://gpacalculator.net/admission/antonelli-institute/	410	0	
https://gpacalculator.net/admission/apex-school-of-theology/	410			410	https://gpacalculator.net/admission/apex-school-of-theology/	410	0	
https://gpacalculator.net/admission/appalachian-state-university/	301	https://gpacalculator.net/admissions/appalachian-state/	Rank Math	301 Rank Math > /admissions/appalachian-state/ | 200	https://gpacalculator.net/admissions/appalachian-state/	200	1	
https://gpacalculator.net/admission/argosy-university-atlanta/	410			410	https://gpacalculator.net/admission/argosy-university-atlanta/	410	0	
https://gpacalculator.net/admission/argosy-university-chicago/	410			410	https://gpacalculator.net/admission/argosy-university-chicago/	410	0	
https://gpacalculator.net/admission/argosy-university-dallas/	410			410	https://gpacalculator.net/admission/argosy-university-dallas/	410	0	
https://gpacalculator.net/admission/argosy-university-denver/	410			410	https://gpacalculator.net/admission/argosy-university-denver/	410	0	
https://gpacalculator.net/admission/argosy-university-hawaii/	410			410	https://gpacalculator.net/admission/argosy-university-hawaii/	410	0	
https://gpacalculator.net/admission/argosy-university-inland-empire/	410			410	https://gpacalculator.net/admission/argosy-university-inland-empire/	410	0	
https://gpacalculator.net/admission/argosy-university-los-angeles/	410			410	https://gpacalculator.net/admission/argosy-university-los-angeles/	410	0	
https://gpacalculator.net/admission/argosy-university-nashville/	410			410	https://gpacalculator.net/admission/argosy-university-nashville/	410	0	
https://gpacalculator.net/admission/argosy-university-orange-county/	410			410	https://gpacalculator.net/admission/argosy-university-orange-county/	410	0	
https://gpacalculator.net/admission/argosy-university-phoenix-online-division/	410			410	https://gpacalculator.net/admission/argosy-university-phoenix-online-division/	410	0	
https://gpacalculator.net/admission/argosy-university-phoenix/	410			410	https://gpacalculator.net/admission/argosy-university-phoenix/	410	0	
https://gpacalculator.net/admission/argosy-university-salt-lake-city/	410			410	https://gpacalculator.net/admission/argosy-university-salt-lake-city/	410	0	
https://gpacalculator.net/admission/argosy-university-san-diego/	410			410	https://gpacalculator.net/admission/argosy-university-san-diego/	410	0	
https://gpacalculator.net/admission/argosy-university-san-francisco-bay-area/	410			410	https://gpacalculator.net/admission/argosy-university-san-francisco-bay-area/	410	0	
https://gpacalculator.net/admission/argosy-university-sarasota/	410			410	https://gpacalculator.net/admission/argosy-university-sarasota/	410	0	
https://gpacalculator.net/admission/argosy-university-schaumburg/	410			410	https://gpacalculator.net/admission/argosy-university-schaumburg/	410	0	
https://gpacalculator.net/admission/argosy-university-seattle/	410			410	https://gpacalculator.net/admission/argosy-university-seattle/	410	0	
https://gpacalculator.net/admission/argosy-university-tampa/	410			410	https://gpacalculator.net/admission/argosy-university-tampa/	410	0	
https://gpacalculator.net/admission/argosy-university-twin-cities/	410			410	https://gpacalculator.net/admission/argosy-university-twin-cities/	410	0	
https://gpacalculator.net/admission/argosy-university-washington-d-c/	301	https://gpacalculator.net/admissions/argosy-university-washington-d-c/	WordPress	301 WordPress > /admissions/argosy-university-washington-d-c/ | 410	https://gpacalculator.net/admissions/argosy-university-washington-d-c/	410	1	
https://gpacalculator.net/admission/argosy-university-washington-dc/	410			410	https://gpacalculator.net/admission/argosy-university-washington-dc/	410	0	
https://gpacalculator.net/admission/arizona-state-university-tempe/	301	https://gpacalculator.net/admissions/arizona-state-university/	Rank Math	301 Rank Math > /admissions/arizona-state-university/ | 200	https://gpacalculator.net/admissions/arizona-state-university/	200	1	
https://gpacalculator.net/admission/arkansas-state-university-system-office/	410			410	https://gpacalculator.net/admission/arkansas-state-university-system-office/	410	0	
https://gpacalculator.net/admission/armstrong-atlantic-state-university/	301	https://gpacalculator.net/admissions/georgia-southern-university/	Rank Math	301 Rank Math > /admissions/georgia-southern-university/ | 200	https://gpacalculator.net/admissions/georgia-southern-university/	200	1	
https://gpacalculator.net/admission/armstrong-state-university/	301	https://gpacalculator.net/admissions/georgia-southern-university/	Rank Math	301 Rank Math > /admissions/georgia-southern-university/ | 200	https://gpacalculator.net/admissions/georgia-southern-university/	200	1	
https://gpacalculator.net/admission/asa-institute-of-business-and-computer-technology/	410			410	https://gpacalculator.net/admission/asa-institute-of-business-and-computer-technology/	410	0	
https://gpacalculator.net/admission/ashford-university/	301	https://gpacalculator.net/admissions/university-of-arizona-global-campus/	Rank Math	301 Rank Math > /admissions/university-of-arizona-global-campus/ | 200	https://gpacalculator.net/admissions/university-of-arizona-global-campus/	200	1	
https://gpacalculator.net/admission/ashland-uni-dwight-schar-college-of-nursing/	301	https://gpacalculator.net/admissions/ashland-university/	Rank Math	301 Rank Math > /admissions/ashland-university/ | 200	https://gpacalculator.net/admissions/ashland-university/	200	1	
https://gpacalculator.net/admission/asnuntuck-community-college/	301	https://gpacalculator.net/admissions/connecticut-state-community-college/	Rank Math	301 Rank Math > /admissions/connecticut-state-community-college/ | 200	https://gpacalculator.net/admissions/connecticut-state-community-college/	200	1	
https://gpacalculator.net/admission/aspen-university/	404			404	https://gpacalculator.net/admission/aspen-university/	404	0	
https://gpacalculator.net/admission/auburn-university/	301	https://gpacalculator.net/admissions/auburn/	Rank Math	301 Rank Math > /admissions/auburn/ | 200	https://gpacalculator.net/admissions/auburn/	200	1	
https://gpacalculator.net/admission/augusta-state-university/	301	https://gpacalculator.net/admissions/augusta-university/	Rank Math	301 Rank Math > /admissions/augusta-university/ | 200	https://gpacalculator.net/admissions/augusta-university/	200	1	
https://gpacalculator.net/admission/averett-university-non-traditional-programs/	301	https://gpacalculator.net/admissions/averett-university/	Rank Math	301 Rank Math > /admissions/averett-university/ | 200	https://gpacalculator.net/admissions/averett-university/	200	1	
https://gpacalculator.net/admission/bainbridge-college/	301	https://gpacalculator.net/admissions/abraham-baldwin-agricultural-college/	Rank Math	301 Rank Math > /admissions/abraham-baldwin-agricultural-college/ | 200	https://gpacalculator.net/admissions/abraham-baldwin-agricultural-college/	200	1	
https://gpacalculator.net/admission/baker-college-center-for-graduate-studies/	301	https://gpacalculator.net/admissions/baker-college/	Rank Math	301 Rank Math > /admissions/baker-college/ | 200	https://gpacalculator.net/admissions/baker-college/	200	1	
https://gpacalculator.net/admission/baker-college-of-allen-park/	301	https://gpacalculator.net/admissions/baker-college/	Rank Math	301 Rank Math > /admissions/baker-college/ | 200	https://gpacalculator.net/admissions/baker-college/	200	1	
https://gpacalculator.net/admission/baker-college-of-auburn-hills/	301	https://gpacalculator.net/admissions/baker-college/	Rank Math	301 Rank Math > /admissions/baker-college/ | 200	https://gpacalculator.net/admissions/baker-college/	200	1	
https://gpacalculator.net/admission/baker-college-of-cadillac/	301	https://gpacalculator.net/admissions/baker-college/	Rank Math	301 Rank Math > /admissions/baker-college/ | 200	https://gpacalculator.net/admissions/baker-college/	200	1	
https://gpacalculator.net/admission/baker-college-of-clinton-township/	301	https://gpacalculator.net/admissions/baker-college/	Rank Math	301 Rank Math > /admissions/baker-college/ | 200	https://gpacalculator.net/admissions/baker-college/	200	1	
https://gpacalculator.net/admission/baker-college-of-flint/	301	https://gpacalculator.net/admissions/baker-college/	Rank Math	301 Rank Math > /admissions/baker-college/ | 200	https://gpacalculator.net/admissions/baker-college/	200	1	
https://gpacalculator.net/admission/baker-college-of-jackson/	301	https://gpacalculator.net/admissions/baker-college/	Rank Math	301 Rank Math > /admissions/baker-college/ | 200	https://gpacalculator.net/admissions/baker-college/	200	1	
https://gpacalculator.net/admission/baker-college-of-muskegon/	301	https://gpacalculator.net/admissions/baker-college/	Rank Math	301 Rank Math > /admissions/baker-college/ | 200	https://gpacalculator.net/admissions/baker-college/	200	1	
https://gpacalculator.net/admission/baker-college-of-owosso/	301	https://gpacalculator.net/admissions/baker-college/	Rank Math	301 Rank Math > /admissions/baker-college/ | 200	https://gpacalculator.net/admissions/baker-college/	200	1	
https://gpacalculator.net/admission/baker-college-of-port-huron/	301	https://gpacalculator.net/admissions/baker-college/	Rank Math	301 Rank Math > /admissions/baker-college/ | 200	https://gpacalculator.net/admissions/baker-college/	200	1	
https://gpacalculator.net/admission/baptist-bible-college-and-seminary/	410			410	https://gpacalculator.net/admission/baptist-bible-college-and-seminary/	410	0	
https://gpacalculator.net/admission/bauder-college/	410			410	https://gpacalculator.net/admission/bauder-college/	410	0	
https://gpacalculator.net/admission/bay-state-college/	410			410	https://gpacalculator.net/admission/bay-state-college/	410	0	
https://gpacalculator.net/admission/becker-college/	410			410	https://gpacalculator.net/admission/becker-college/	410	0	
https://gpacalculator.net/admission/belmont-university/	301	https://gpacalculator.net/admissions/belmont/	Rank Math	301 Rank Math > /admissions/belmont/ | 200	https://gpacalculator.net/admissions/belmont/	200	1	
https://gpacalculator.net/admission/bergin-university-of-canine-studies/	301	https://gpacalculator.net/admissions/bergin-college-of-canine-studies/	Rank Math	301 Rank Math > /admissions/bergin-college-of-canine-studies/ | 200	https://gpacalculator.net/admissions/bergin-college-of-canine-studies/	200	1	
https://gpacalculator.net/admission/bethany-university/	301	https://gpacalculator.net/admissions/bethany-university/	WordPress	301 WordPress > /admissions/bethany-university/ | 410	https://gpacalculator.net/admissions/bethany-university/	410	1	
https://gpacalculator.net/admission/bethel-university-3/	404			404	https://gpacalculator.net/admission/bethel-university-3/	404	0	
https://gpacalculator.net/admission/bethel-university/	301	https://gpacalculator.net/admissions/bethel-university-mn/	Rank Math	301 Rank Math > /admissions/bethel-university-mn/ | 200	https://gpacalculator.net/admissions/bethel-university-mn/	200	1	
https://gpacalculator.net/admission/birmingham-southern-college/	410			410	https://gpacalculator.net/admission/birmingham-southern-college/	410	0	
https://gpacalculator.net/admission/bloomsburg-university-of-pennsylvania/	301	https://gpacalculator.net/admissions/commonwealth-university-of-pennsylvania/	Rank Math	301 Rank Math > /admissions/commonwealth-university-of-pennsylvania/ | 200	https://gpacalculator.net/admissions/commonwealth-university-of-pennsylvania/	200	1	
https://gpacalculator.net/admission/blue-cliff-college-houma/	410			410	https://gpacalculator.net/admission/blue-cliff-college-houma/	410	0	
https://gpacalculator.net/admission/blue-cliff-college-shreveport/	410			410	https://gpacalculator.net/admission/blue-cliff-college-shreveport/	410	0	
https://gpacalculator.net/admission/boulder-college-of-massage-therapy/	410			410	https://gpacalculator.net/admission/boulder-college-of-massage-therapy/	410	0	
https://gpacalculator.net/admission/bradley-university/	301	https://gpacalculator.net/admissions/bradley/	Rank Math	301 Rank Math > /admissions/bradley/ | 200	https://gpacalculator.net/admissions/bradley/	200	1	
https://gpacalculator.net/admission/bramson-ort-college/	410			410	https://gpacalculator.net/admission/bramson-ort-college/	410	0	
https://gpacalculator.net/admission/brandeis-university/	301	https://gpacalculator.net/admissions/brandeis/	Rank Math	301 Rank Math > /admissions/brandeis/ | 200	https://gpacalculator.net/admissions/brandeis/	200	1	
https://gpacalculator.net/admission/brandman-university/	301	https://gpacalculator.net/admissions/umass-global/	Rank Math	301 Rank Math > /admissions/umass-global/ | 200	https://gpacalculator.net/admissions/umass-global/	200	1	
https://gpacalculator.net/admission/brigham-young-university-provo/	301	https://gpacalculator.net/admissions/byu/	Rank Math	301 Rank Math > /admissions/byu/ | 200	https://gpacalculator.net/admissions/byu/	200	1	
https://gpacalculator.net/admission/broadview-entertainment-arts-university/	410			410	https://gpacalculator.net/admission/broadview-entertainment-arts-university/	410	0	
https://gpacalculator.net/admission/broadview-university-boise/	301	https://gpacalculator.net/admissions/broadview-university/	Rank Math	301 Rank Math > /admissions/broadview-university/ | 410	https://gpacalculator.net/admissions/broadview-university/	410	1	
https://gpacalculator.net/admission/broadview-university-layton/	410			410	https://gpacalculator.net/admission/broadview-university-layton/	410	0	
https://gpacalculator.net/admission/broadview-university-orem/	410			410	https://gpacalculator.net/admission/broadview-university-orem/	410	0	
https://gpacalculator.net/admission/broadview-university-west-jordan/	410			410	https://gpacalculator.net/admission/broadview-university-west-jordan/	410	0	
https://gpacalculator.net/admission/broadview-university/	410			410	https://gpacalculator.net/admission/broadview-university/	410	0	
https://gpacalculator.net/admission/brookhaven-college/	301	https://gpacalculator.net/admissions/el-centro-college/	Rank Math	301 Rank Math > /admissions/el-centro-college/ | 200	https://gpacalculator.net/admissions/el-centro-college/	200	1	
https://gpacalculator.net/admission/brown-mackie-college-akron/	410			410	https://gpacalculator.net/admission/brown-mackie-college-akron/	410	0	
https://gpacalculator.net/admission/brown-mackie-college-albuquerque/	404			404	https://gpacalculator.net/admission/brown-mackie-college-albuquerque/	404	0	
https://gpacalculator.net/admission/brown-mackie-college-atlanta/	404			404	https://gpacalculator.net/admission/brown-mackie-college-atlanta/	404	0	
https://gpacalculator.net/admission/brown-mackie-college-birmingham/	410			410	https://gpacalculator.net/admission/brown-mackie-college-birmingham/	410	0	
https://gpacalculator.net/admission/brown-mackie-college-cincinnati/	404			404	https://gpacalculator.net/admission/brown-mackie-college-cincinnati/	404	0	
https://gpacalculator.net/admission/brown-mackie-college-findlay/	404			404	https://gpacalculator.net/admission/brown-mackie-college-findlay/	404	0	
https://gpacalculator.net/admission/brown-mackie-college-fort-wayne/	404			404	https://gpacalculator.net/admission/brown-mackie-college-fort-wayne/	404	0	
https://gpacalculator.net/admission/brown-mackie-college-indianapolis/	404			404	https://gpacalculator.net/admission/brown-mackie-college-indianapolis/	404	0	
https://gpacalculator.net/admission/brown-mackie-college-kansas-city/	410			410	https://gpacalculator.net/admission/brown-mackie-college-kansas-city/	410	0	
https://gpacalculator.net/admission/brown-mackie-college-louisville/	404			404	https://gpacalculator.net/admission/brown-mackie-college-louisville/	404	0	
https://gpacalculator.net/admission/brown-mackie-college-merrillville/	404			404	https://gpacalculator.net/admission/brown-mackie-college-merrillville/	404	0	
https://gpacalculator.net/admission/brown-mackie-college-miami/	404			404	https://gpacalculator.net/admission/brown-mackie-college-miami/	404	0	
https://gpacalculator.net/admission/brown-mackie-college-michigan-city/	410			410	https://gpacalculator.net/admission/brown-mackie-college-michigan-city/	410	0	
https://gpacalculator.net/admission/brown-mackie-college-north-canton/	410			410	https://gpacalculator.net/admission/brown-mackie-college-north-canton/	410	0	
https://gpacalculator.net/admission/brown-mackie-college-quad-cities/	404			404	https://gpacalculator.net/admission/brown-mackie-college-quad-cities/	404	0	
https://gpacalculator.net/admission/brown-mackie-college-salina/	410			410	https://gpacalculator.net/admission/brown-mackie-college-salina/	410	0	
https://gpacalculator.net/admission/brown-mackie-college-san-antonio/	404			404	https://gpacalculator.net/admission/brown-mackie-college-san-antonio/	404	0	
https://gpacalculator.net/admission/brown-mackie-college-tucson/	404			404	https://gpacalculator.net/admission/brown-mackie-college-tucson/	404	0	
https://gpacalculator.net/admission/brown-mackie-college-tulsa/	404			404	https://gpacalculator.net/admission/brown-mackie-college-tulsa/	404	0	
https://gpacalculator.net/admission/brown-university/	301	https://gpacalculator.net/admissions/brown/	Rank Math	301 Rank Math > /admissions/brown/ | 200	https://gpacalculator.net/admissions/brown/	200	1	
https://gpacalculator.net/admission/bryan-university-rogers/	410			410	https://gpacalculator.net/admission/bryan-university-rogers/	410	0	
https://gpacalculator.net/admission/bryan-university-topeka/	410			410	https://gpacalculator.net/admission/bryan-university-topeka/	410	0	
https://gpacalculator.net/admission/bryant-and-stratton-college-amherst/	301	https://gpacalculator.net/admissions/bryant-and-stratton-college-buffalo/	Rank Math	301 Rank Math > /admissions/bryant-and-stratton-college-buffalo/ | 200	https://gpacalculator.net/admissions/bryant-and-stratton-college-buffalo/	200	1	
https://gpacalculator.net/admission/bryant-and-stratton-college-cleveland/	301	https://gpacalculator.net/admissions/bryant-and-stratton-college-parma/	Rank Math	301 Rank Math > /admissions/bryant-and-stratton-college-parma/ | 200	https://gpacalculator.net/admissions/bryant-and-stratton-college-parma/	200	1	
https://gpacalculator.net/admission/bryant-and-stratton-college-eastlake/	301	https://gpacalculator.net/admissions/bryant-and-stratton-college-parma/	Rank Math	301 Rank Math > /admissions/bryant-and-stratton-college-parma/ | 200	https://gpacalculator.net/admissions/bryant-and-stratton-college-parma/	200	1	
https://gpacalculator.net/admission/bryant-and-stratton-college-glendale/	301	https://gpacalculator.net/admissions/bryant-and-stratton-college-wauwatosa/	Rank Math	301 Rank Math > /admissions/bryant-and-stratton-college-wauwatosa/ | 200	https://gpacalculator.net/admissions/bryant-and-stratton-college-wauwatosa/	200	1	
https://gpacalculator.net/admission/bryant-and-stratton-college-hampton/	301	https://gpacalculator.net/admissions/bryant-and-stratton-college-virginia-beach/	Rank Math	301 Rank Math > /admissions/bryant-and-stratton-college-virginia-beach/ | 200	https://gpacalculator.net/admissions/bryant-and-stratton-college-virginia-beach/	200	1	
https://gpacalculator.net/admission/bryant-and-stratton-college-henrietta/	301	https://gpacalculator.net/admissions/bryant-and-stratton-college-greece/	Rank Math	301 Rank Math > /admissions/bryant-and-stratton-college-greece/ | 200	https://gpacalculator.net/admissions/bryant-and-stratton-college-greece/	200	1	
https://gpacalculator.net/admission/bryant-and-stratton-college-main-syracuse/	301	https://gpacalculator.net/admissions/bryant-and-stratton-college-syracuse-north/	Rank Math	301 Rank Math > /admissions/bryant-and-stratton-college-syracuse-north/ | 200	https://gpacalculator.net/admissions/bryant-and-stratton-college-syracuse-north/	200	1	
https://gpacalculator.net/admission/bryant-and-stratton-college-milwaukee/	410			410	https://gpacalculator.net/admission/bryant-and-stratton-college-milwaukee/	410	0	
https://gpacalculator.net/admission/bryant-and-stratton-college-richmond/	301	https://gpacalculator.net/admissions/bryant-and-stratton-college-virginia-beach/	Rank Math	301 Rank Math > /admissions/bryant-and-stratton-college-virginia-beach/ | 200	https://gpacalculator.net/admissions/bryant-and-stratton-college-virginia-beach/	200	1	
https://gpacalculator.net/admission/bryant-and-stratton-college-southtowns/	301	https://gpacalculator.net/admissions/bryant-and-stratton-college-buffalo/	Rank Math	301 Rank Math > /admissions/bryant-and-stratton-college-buffalo/ | 200	https://gpacalculator.net/admissions/bryant-and-stratton-college-buffalo/	200	1	
https://gpacalculator.net/admission/business-informatics-center-inc/	410			410	https://gpacalculator.net/admission/business-informatics-center-inc/	410	0	
https://gpacalculator.net/admission/butler-university/	301	https://gpacalculator.net/admissions/butler/	Rank Math	301 Rank Math > /admissions/butler/ | 200	https://gpacalculator.net/admissions/butler/	200	1	
https://gpacalculator.net/admission/cabrini-college/	410			410	https://gpacalculator.net/admission/cabrini-college/	410	0	
https://gpacalculator.net/admission/cairn-university-langhorne/	301	https://gpacalculator.net/admissions/cairn-university/	Rank Math	301 Rank Math > /admissions/cairn-university/ | 200	https://gpacalculator.net/admissions/cairn-university/	200	1	
https://gpacalculator.net/admission/california-christian-college/	410			410	https://gpacalculator.net/admission/california-christian-college/	410	0	
https://gpacalculator.net/admission/california-jazz-conservatory/	410			410	https://gpacalculator.net/admission/california-jazz-conservatory/	410	0	
https://gpacalculator.net/admission/california-polytechnic-state-uni-san-luis-obispo/	301	https://gpacalculator.net/admissions/cal-poly-slo/	Rank Math	301 Rank Math > /admissions/cal-poly-slo/ | 200	https://gpacalculator.net/admissions/cal-poly-slo/	200	1	
https://gpacalculator.net/admission/california-polytechnic-state-university-san-luis-obispo/	301	https://gpacalculator.net/admissions/cal-poly-slo/	Rank Math	301 Rank Math > /admissions/cal-poly-slo/ | 200	https://gpacalculator.net/admissions/cal-poly-slo/	200	1	
https://gpacalculator.net/admission/california-state-university-chancellors-office/	410			410	https://gpacalculator.net/admission/california-state-university-chancellors-office/	410	0	
https://gpacalculator.net/admission/california-state-university-fullerton/	301	https://gpacalculator.net/admissions/csu-fullerton/	Rank Math	301 Rank Math > /admissions/csu-fullerton/ | 200	https://gpacalculator.net/admissions/csu-fullerton/	200	1	
https://gpacalculator.net/admission/california-university-of-pennsylvania/	301	https://gpacalculator.net/admissions/pennsylvania-western-university/	Rank Math	301 Rank Math > /admissions/pennsylvania-western-university/ | 200	https://gpacalculator.net/admissions/pennsylvania-western-university/	200	1	
https://gpacalculator.net/admission/cambria-rowe-business-college-indiana/	410			410	https://gpacalculator.net/admission/cambria-rowe-business-college-indiana/	410	0	
https://gpacalculator.net/admission/cambria-rowe-business-college-johnstown/	410			410	https://gpacalculator.net/admission/cambria-rowe-business-college-johnstown/	410	0	
https://gpacalculator.net/admission/capital-community-college/	301	https://gpacalculator.net/admissions/connecticut-state-community-college/	Rank Math	301 Rank Math > /admissions/connecticut-state-community-college/ | 200	https://gpacalculator.net/admissions/connecticut-state-community-college/	200	1	
https://gpacalculator.net/admission/cardinal-stritch-university/	410			410	https://gpacalculator.net/admission/cardinal-stritch-university/	410	0	
https://gpacalculator.net/admission/career-point-college-ok/	410			410	https://gpacalculator.net/admission/career-point-college-ok/	410	0	
https://gpacalculator.net/admission/career-technical-college-shreveport/	410			410	https://gpacalculator.net/admission/career-technical-college-shreveport/	410	0	
https://gpacalculator.net/admission/carnegie-mellon-university/	301	https://gpacalculator.net/admissions/carnegie-mellon/	Rank Math	301 Rank Math > /admissions/carnegie-mellon/ | 200	https://gpacalculator.net/admissions/carnegie-mellon/	200	1	
https://gpacalculator.net/admission/case-western-reserve-university/	301	https://gpacalculator.net/admissions/case-western/	Rank Math	301 Rank Math > /admissions/case-western/ | 200	https://gpacalculator.net/admissions/case-western/	200	1	
https://gpacalculator.net/admission/castleton-state-college/	301	https://gpacalculator.net/admissions/vermont-state-university/	Rank Math	301 Rank Math > /admissions/vermont-state-university/ | 200	https://gpacalculator.net/admissions/vermont-state-university/	200	1	
https://gpacalculator.net/admission/cazenovia-college/	410			410	https://gpacalculator.net/admission/cazenovia-college/	410	0	
https://gpacalculator.net/admission/cedar-valley-college/	301	https://gpacalculator.net/admissions/el-centro-college/	Rank Math	301 Rank Math > /admissions/el-centro-college/ | 200	https://gpacalculator.net/admissions/el-centro-college/	200	1	
https://gpacalculator.net/admission/cedarville-university/	301	https://gpacalculator.net/admissions/cedarville/	Rank Math	301 Rank Math > /admissions/cedarville/ | 200	https://gpacalculator.net/admissions/cedarville/	200	1	
https://gpacalculator.net/admission/central-bible-college/	410			410	https://gpacalculator.net/admission/central-bible-college/	410	0	
https://gpacalculator.net/admission/central-methodist-uni-college-of-graduate-studies/	301	https://gpacalculator.net/admissions/central-methodist-uni-college-of-graduate-studies/	WordPress	301 WordPress > /admissions/central-methodist-uni-college-of-graduate-studies/ | 404	https://gpacalculator.net/admissions/central-methodist-uni-college-of-graduate-studies/	404	1	
https://gpacalculator.net/admission/central-methodist-uni-college-of-liberal-arts-sciences/	301	https://gpacalculator.net/admissions/central-methodist-university-college-of-liberal-arts-and-sciences/	Rank Math	301 Rank Math > /admissions/central-methodist-university-college-of-liberal-arts-and-sciences/ | 200	https://gpacalculator.net/admissions/central-methodist-university-college-of-liberal-arts-and-sciences/	200	1	
https://gpacalculator.net/admission/central-methodist-university-college-of-graduate-and-extended-studies/	404			404	https://gpacalculator.net/admission/central-methodist-university-college-of-graduate-and-extended-studies/	404	0	
https://gpacalculator.net/admission/centura-college-richmond-main/	410			410	https://gpacalculator.net/admission/centura-college-richmond-main/	410	0	
https://gpacalculator.net/admission/centura-college-richmond-westend/	410			410	https://gpacalculator.net/admission/centura-college-richmond-westend/	410	0	
https://gpacalculator.net/admission/centura-institute/	410			410	https://gpacalculator.net/admission/centura-institute/	410	0	
https://gpacalculator.net/admission/chancellor-university/	410			410	https://gpacalculator.net/admission/chancellor-university/	410	0	
https://gpacalculator.net/admission/chatfield-college/	410			410	https://gpacalculator.net/admission/chatfield-college/	410	0	
https://gpacalculator.net/admission/chatham-university/	301	https://gpacalculator.net/admissions/chatham/	Rank Math	301 Rank Math > /admissions/chatham/ | 200	https://gpacalculator.net/admissions/chatham/	200	1	
https://gpacalculator.net/admission/chester-college-of-new-england/	410			410	https://gpacalculator.net/admission/chester-college-of-new-england/	410	0	
https://gpacalculator.net/admission/christopher-newport-university/	301	https://gpacalculator.net/admissions/christopher-newport/	Rank Math	301 Rank Math > /admissions/christopher-newport/ | 200	https://gpacalculator.net/admissions/christopher-newport/	200	1	
https://gpacalculator.net/admission/cincinnati-christian-university/	410			410	https://gpacalculator.net/admission/cincinnati-christian-university/	410	0	
https://gpacalculator.net/admission/city-college-altamonte-springs/	410			410	https://gpacalculator.net/admission/city-college-altamonte-springs/	410	0	
https://gpacalculator.net/admission/city-college-fort-lauderdale/	410			410	https://gpacalculator.net/admission/city-college-fort-lauderdale/	410	0	
https://gpacalculator.net/admission/city-college-gainesville/	410			410	https://gpacalculator.net/admission/city-college-gainesville/	410	0	
https://gpacalculator.net/admission/city-college-miami/	410			410	https://gpacalculator.net/admission/city-college-miami/	410	0	
https://gpacalculator.net/admission/clarion-university-of-pennsylvania/	301	https://gpacalculator.net/admissions/pennsylvania-western-university/	Rank Math	301 Rank Math > /admissions/pennsylvania-western-university/ | 200	https://gpacalculator.net/admissions/pennsylvania-western-university/	200	1	
https://gpacalculator.net/admission/clarkson-university/	301	https://gpacalculator.net/admissions/clarkson/	Rank Math	301 Rank Math > /admissions/clarkson/ | 200	https://gpacalculator.net/admissions/clarkson/	200	1	
https://gpacalculator.net/admission/clemson-university/	301	https://gpacalculator.net/admissions/clemson/	Rank Math	301 Rank Math > /admissions/clemson/ | 200	https://gpacalculator.net/admissions/clemson/	200	1	
https://gpacalculator.net/admission/coleman-university/	410			410	https://gpacalculator.net/admission/coleman-university/	410	0	
https://gpacalculator.net/admission/colgate-university/	301	https://gpacalculator.net/admissions/colgate/	Rank Math	301 Rank Math > /admissions/colgate/ | 200	https://gpacalculator.net/admissions/colgate/	200	1	
https://gpacalculator.net/admission/college-america-cheyenne/	410			410	https://gpacalculator.net/admission/college-america-cheyenne/	410	0	
https://gpacalculator.net/admission/college-america-colorado-springs/	410			410	https://gpacalculator.net/admission/college-america-colorado-springs/	410	0	
https://gpacalculator.net/admission/college-america-denver/	410			410	https://gpacalculator.net/admission/college-america-denver/	410	0	
https://gpacalculator.net/admission/college-america-flagstaff/	410			410	https://gpacalculator.net/admission/college-america-flagstaff/	410	0	
https://gpacalculator.net/admission/college-america-fort-collins/	410			410	https://gpacalculator.net/admission/college-america-fort-collins/	410	0	
https://gpacalculator.net/admission/college-of-business-and-technology-kendall/	410			410	https://gpacalculator.net/admission/college-of-business-and-technology-kendall/	410	0	
https://gpacalculator.net/admission/collins-college/	410			410	https://gpacalculator.net/admission/collins-college/	410	0	
https://gpacalculator.net/admission/colorado-academy-of-veterinary-technology/	410			410	https://gpacalculator.net/admission/colorado-academy-of-veterinary-technology/	410	0	
https://gpacalculator.net/admission/colorado-christian-university/	301	https://gpacalculator.net/admissions/colorado-christian/	Rank Math	301 Rank Math > /admissions/colorado-christian/ | 200	https://gpacalculator.net/admissions/colorado-christian/	200	1	
https://gpacalculator.net/admission/colorado-heights-university/	404			404	https://gpacalculator.net/admission/colorado-heights-university/	404	0	
https://gpacalculator.net/admission/colorado-state-university-system-office/	410			410	https://gpacalculator.net/admission/colorado-state-university-system-office/	410	0	
https://gpacalculator.net/admission/colorado-technical-university-greenwood-village/	301	https://gpacalculator.net/admissions/colorado-technical-university-colorado-springs/	Rank Math	301 Rank Math > /admissions/colorado-technical-university-colorado-springs/ | 200	https://gpacalculator.net/admissions/colorado-technical-university-colorado-springs/	200	1	
https://gpacalculator.net/admission/colorado-technical-university-kansas-city/	410			410	https://gpacalculator.net/admission/colorado-technical-university-kansas-city/	410	0	
https://gpacalculator.net/admission/colorado-technical-university-online/	301	https://gpacalculator.net/admissions/colorado-technical-university-colorado-springs/	Rank Math	301 Rank Math > /admissions/colorado-technical-university-colorado-springs/ | 200	https://gpacalculator.net/admissions/colorado-technical-university-colorado-springs/	200	1	
https://gpacalculator.net/admission/colorado-technical-university-sioux-falls/	301	https://gpacalculator.net/admissions/colorado-technical-university-colorado-springs/	Rank Math	301 Rank Math > /admissions/colorado-technical-university-colorado-springs/ | 200	https://gpacalculator.net/admissions/colorado-technical-university-colorado-springs/	200	1	
https://gpacalculator.net/admission/columbia-college-hollywood/	410			410	https://gpacalculator.net/admission/columbia-college-hollywood/	410	0	
https://gpacalculator.net/admission/columbia-university-in-the-city-of-new-york/	301	https://gpacalculator.net/admissions/columbia/	Rank Math	301 Rank Math > /admissions/columbia/ | 200	https://gpacalculator.net/admissions/columbia/	200	1	
https://gpacalculator.net/admission/compass-college-of-cinematic-arts/	410			410	https://gpacalculator.net/admission/compass-college-of-cinematic-arts/	410	0	
https://gpacalculator.net/admission/concordia-college-new-york/	410			410	https://gpacalculator.net/admission/concordia-college-new-york/	410	0	
https://gpacalculator.net/admission/concordia-college-selma/	410			410	https://gpacalculator.net/admission/concordia-college-selma/	410	0	
https://gpacalculator.net/admission/concordia-university-nebraska/	301	https://gpacalculator.net/admissions/concordia-university-seward/	Rank Math	301 Rank Math > /admissions/concordia-university-seward/ | 200	https://gpacalculator.net/admissions/concordia-university-seward/	200	1	
https://gpacalculator.net/admission/concordia-university-portland/	410			410	https://gpacalculator.net/admission/concordia-university-portland/	410	0	
https://gpacalculator.net/admission/corcoran-college-of-art-and-design/	410			410	https://gpacalculator.net/admission/corcoran-college-of-art-and-design/	410	0	
https://gpacalculator.net/admission/cornell-university/	301	https://gpacalculator.net/admissions/cornell/	Rank Math	301 Rank Math > /admissions/cornell/ | 200	https://gpacalculator.net/admissions/cornell/	200	1	
https://gpacalculator.net/admission/cornish-college-of-the-arts/	404			404	https://gpacalculator.net/admission/cornish-college-of-the-arts/	404	0	
https://gpacalculator.net/admission/cossatot-community-college-of-the-uni-of-arkansas/	301	https://gpacalculator.net/admissions/cossatot-community-college-of-the-university-of-arkansas/	Rank Math	301 Rank Math > /admissions/cossatot-community-college-of-the-university-of-arkansas/ | 200	https://gpacalculator.net/admissions/cossatot-community-college-of-the-university-of-arkansas/	200	1	
https://gpacalculator.net/admission/court-reporting-institute-wheeler-institute-of-texas/	410			410	https://gpacalculator.net/admission/court-reporting-institute-wheeler-institute-of-texas/	410	0	
https://gpacalculator.net/admission/creighton-university/	301	https://gpacalculator.net/admissions/creighton/	Rank Math	301 Rank Math > /admissions/creighton/ | 200	https://gpacalculator.net/admissions/creighton/	200	1	
https://gpacalculator.net/admission/crossroads-college/	410			410	https://gpacalculator.net/admission/crossroads-college/	410	0	
https://gpacalculator.net/admission/daniel-webster-college/	410			410	https://gpacalculator.net/admission/daniel-webster-college/	410	0	
https://gpacalculator.net/admission/darton-college/	301	https://gpacalculator.net/admissions/albany-state-university/	Rank Math	301 Rank Math > /admissions/albany-state-university/ | 200	https://gpacalculator.net/admissions/albany-state-university/	200	1	
https://gpacalculator.net/admission/daymar-college-bellevue/	410			410	https://gpacalculator.net/admission/daymar-college-bellevue/	410	0	
https://gpacalculator.net/admission/daymar-college-bowling-green/	410			410	https://gpacalculator.net/admission/daymar-college-bowling-green/	410	0	
https://gpacalculator.net/admission/daymar-college-chillicothe/	410			410	https://gpacalculator.net/admission/daymar-college-chillicothe/	410	0	
https://gpacalculator.net/admission/daymar-college-jackson/	410			410	https://gpacalculator.net/admission/daymar-college-jackson/	410	0	
https://gpacalculator.net/admission/daymar-college-lancaster/	410			410	https://gpacalculator.net/admission/daymar-college-lancaster/	410	0	
https://gpacalculator.net/admission/daymar-college-madisonville/	410			410	https://gpacalculator.net/admission/daymar-college-madisonville/	410	0	
https://gpacalculator.net/admission/daymar-college-new-boston/	410			410	https://gpacalculator.net/admission/daymar-college-new-boston/	410	0	
https://gpacalculator.net/admission/daymar-college-online/	410			410	https://gpacalculator.net/admission/daymar-college-online/	410	0	
https://gpacalculator.net/admission/daymar-college-owensboro/	410			410	https://gpacalculator.net/admission/daymar-college-owensboro/	410	0	
https://gpacalculator.net/admission/daymar-college-paducah-main/	410			410	https://gpacalculator.net/admission/daymar-college-paducah-main/	410	0	
https://gpacalculator.net/admission/daymar-college-scottsville/	410			410	https://gpacalculator.net/admission/daymar-college-scottsville/	410	0	
https://gpacalculator.net/admission/daymar-institute-clarksville/	410			410	https://gpacalculator.net/admission/daymar-institute-clarksville/	410	0	
https://gpacalculator.net/admission/daymar-institute-murfreesboro/	410			410	https://gpacalculator.net/admission/daymar-institute-murfreesboro/	410	0	
https://gpacalculator.net/admission/daymar-institute-nashville/	410			410	https://gpacalculator.net/admission/daymar-institute-nashville/	410	0	
https://gpacalculator.net/admission/dean-institute-of-technology/	410			410	https://gpacalculator.net/admission/dean-institute-of-technology/	410	0	
https://gpacalculator.net/admission/delaware-college-of-art-and-design/	410			410	https://gpacalculator.net/admission/delaware-college-of-art-and-design/	410	0	
https://gpacalculator.net/admission/delaware-technical-and-community-college-owens/	301	https://gpacalculator.net/admissions/delaware-technical-and-community-college-terry/	Rank Math	301 Rank Math > /admissions/delaware-technical-and-community-college-terry/ | 200	https://gpacalculator.net/admissions/delaware-technical-and-community-college-terry/	200	1	
https://gpacalculator.net/admission/delaware-technical-and-community-college-stanton-wilmington/	301	https://gpacalculator.net/admissions/delaware-technical-and-community-college-terry/	Rank Math	301 Rank Math > /admissions/delaware-technical-and-community-college-terry/ | 200	https://gpacalculator.net/admissions/delaware-technical-and-community-college-terry/	200	1	
https://gpacalculator.net/admission/denison-university/	301	https://gpacalculator.net/admissions/denison/	Rank Math	301 Rank Math > /admissions/denison/ | 200	https://gpacalculator.net/admissions/denison/	200	1	
https://gpacalculator.net/admission/depaul-university/	301	https://gpacalculator.net/admissions/depaul/	Rank Math	301 Rank Math > /admissions/depaul/ | 200	https://gpacalculator.net/admissions/depaul/	200	1	
https://gpacalculator.net/admission/depauw-university/	301	https://gpacalculator.net/admissions/depauw/	Rank Math	301 Rank Math > /admissions/depauw/ | 200	https://gpacalculator.net/admissions/depauw/	200	1	
https://gpacalculator.net/admission/des-moines-university-osteopathic-medical-center/	301	https://gpacalculator.net/admissions/des-moines-university/	Rank Math	301 Rank Math > /admissions/des-moines-university/ | 200	https://gpacalculator.net/admissions/des-moines-university/	200	1	
https://gpacalculator.net/admission/devry-unis-keller-graduate-school-of-management-arizona/	301	https://gpacalculator.net/admissions/devry-university-arizona/	Rank Math	301 Rank Math > /admissions/devry-university-arizona/ | 200	https://gpacalculator.net/admissions/devry-university-arizona/	200	1	
https://gpacalculator.net/admission/devry-unis-keller-graduate-school-of-management-california/	301	https://gpacalculator.net/admissions/devry-university-california/	Rank Math	301 Rank Math > /admissions/devry-university-california/ | 200	https://gpacalculator.net/admissions/devry-university-california/	200	1	
https://gpacalculator.net/admission/devry-unis-keller-graduate-school-of-management-colorado/	301	https://gpacalculator.net/admissions/devry-university-colorado/	Rank Math	301 Rank Math > /admissions/devry-university-colorado/ | 410	https://gpacalculator.net/admissions/devry-university-colorado/	410	1	
https://gpacalculator.net/admission/devry-unis-keller-graduate-school-of-management-florida/	301	https://gpacalculator.net/admissions/devry-university-florida/	Rank Math	301 Rank Math > /admissions/devry-university-florida/ | 200	https://gpacalculator.net/admissions/devry-university-florida/	200	1	
https://gpacalculator.net/admission/devry-unis-keller-graduate-school-of-management-georgia/	301	https://gpacalculator.net/admissions/devry-university-georgia/	Rank Math	301 Rank Math > /admissions/devry-university-georgia/ | 200	https://gpacalculator.net/admissions/devry-university-georgia/	200	1	
https://gpacalculator.net/admission/devry-unis-keller-graduate-school-of-management-illinois/	301	https://gpacalculator.net/admissions/devry-university-illinois/	Rank Math	301 Rank Math > /admissions/devry-university-illinois/ | 200	https://gpacalculator.net/admissions/devry-university-illinois/	200	1	
https://gpacalculator.net/admission/devry-unis-keller-graduate-school-of-management-indiana/	301	https://gpacalculator.net/admissions/devry-university-indiana/	Rank Math	301 Rank Math > /admissions/devry-university-indiana/ | 410	https://gpacalculator.net/admissions/devry-university-indiana/	410	1	
https://gpacalculator.net/admission/devry-unis-keller-graduate-school-of-management-kentucky/	301	https://gpacalculator.net/admissions/devry-university-kentucky/	Rank Math	301 Rank Math > /admissions/devry-university-kentucky/ | 410	https://gpacalculator.net/admissions/devry-university-kentucky/	410	1	
https://gpacalculator.net/admission/devry-unis-keller-graduate-school-of-management-maryland/	301	https://gpacalculator.net/admissions/devry-university-maryland/	Rank Math	301 Rank Math > /admissions/devry-university-maryland/ | 410	https://gpacalculator.net/admissions/devry-university-maryland/	410	1	
https://gpacalculator.net/admission/devry-unis-keller-graduate-school-of-management-michigan/	301	https://gpacalculator.net/admissions/devry-university-michigan/	Rank Math	301 Rank Math > /admissions/devry-university-michigan/ | 410	https://gpacalculator.net/admissions/devry-university-michigan/	410	1	
https://gpacalculator.net/admission/devry-unis-keller-graduate-school-of-management-minnesota/	301	https://gpacalculator.net/admissions/devry-university-minnesota/	Rank Math	301 Rank Math > /admissions/devry-university-minnesota/ | 410	https://gpacalculator.net/admissions/devry-university-minnesota/	410	1	
https://gpacalculator.net/admission/devry-unis-keller-graduate-school-of-management-missouri/	301	https://gpacalculator.net/admissions/devry-university-missouri/	Rank Math	301 Rank Math > /admissions/devry-university-missouri/ | 410	https://gpacalculator.net/admissions/devry-university-missouri/	410	1	
https://gpacalculator.net/admission/devry-unis-keller-graduate-school-of-management-nc/	301	https://gpacalculator.net/admissions/devry-university-north-carolina/	Rank Math	301 Rank Math > /admissions/devry-university-north-carolina/ | 410	https://gpacalculator.net/admissions/devry-university-north-carolina/	410	1	
https://gpacalculator.net/admission/devry-unis-keller-graduate-school-of-management-nevada/	301	https://gpacalculator.net/admissions/devry-university-nevada/	Rank Math	301 Rank Math > /admissions/devry-university-nevada/ | 200	https://gpacalculator.net/admissions/devry-university-nevada/	200	1	
https://gpacalculator.net/admission/devry-unis-keller-graduate-school-of-management-new-jersey/	301	https://gpacalculator.net/admissions/devry-university-new-jersey/	Rank Math	301 Rank Math > /admissions/devry-university-new-jersey/ | 200	https://gpacalculator.net/admissions/devry-university-new-jersey/	200	1	
https://gpacalculator.net/admission/devry-unis-keller-graduate-school-of-management-ohio/	301	https://gpacalculator.net/admissions/devry-university-ohio/	Rank Math	301 Rank Math > /admissions/devry-university-ohio/ | 200	https://gpacalculator.net/admissions/devry-university-ohio/	200	1	
https://gpacalculator.net/admission/devry-unis-keller-graduate-school-of-management-oklahoma/	301	https://gpacalculator.net/admissions/devry-university-oklahoma/	Rank Math	301 Rank Math > /admissions/devry-university-oklahoma/ | 410	https://gpacalculator.net/admissions/devry-university-oklahoma/	410	1	
https://gpacalculator.net/admission/devry-unis-keller-graduate-school-of-management-oregon/	301	https://gpacalculator.net/admissions/devry-university-oregon/	Rank Math	301 Rank Math > /admissions/devry-university-oregon/ | 410	https://gpacalculator.net/admissions/devry-university-oregon/	410	1	
https://gpacalculator.net/admission/devry-unis-keller-graduate-school-of-management-pa/	301	https://gpacalculator.net/admissions/devry-university-pennsylvania/	Rank Math	301 Rank Math > /admissions/devry-university-pennsylvania/ | 410	https://gpacalculator.net/admissions/devry-university-pennsylvania/	410	1	
https://gpacalculator.net/admission/devry-unis-keller-graduate-school-of-management-tennessee/	301	https://gpacalculator.net/admissions/devry-university-tennessee/	Rank Math	301 Rank Math > /admissions/devry-university-tennessee/ | 410	https://gpacalculator.net/admissions/devry-university-tennessee/	410	1	
https://gpacalculator.net/admission/devry-unis-keller-graduate-school-of-management-texas/	301	https://gpacalculator.net/admissions/devry-university-texas/	Rank Math	301 Rank Math > /admissions/devry-university-texas/ | 200	https://gpacalculator.net/admissions/devry-university-texas/	200	1	
https://gpacalculator.net/admission/devry-unis-keller-graduate-school-of-management-utah/	301	https://gpacalculator.net/admissions/devry-university-utah/	Rank Math	301 Rank Math > /admissions/devry-university-utah/ | 410	https://gpacalculator.net/admissions/devry-university-utah/	410	1	
https://gpacalculator.net/admission/devry-unis-keller-graduate-school-of-management-virginia/	301	https://gpacalculator.net/admissions/devry-university-virginia/	Rank Math	301 Rank Math > /admissions/devry-university-virginia/ | 200	https://gpacalculator.net/admissions/devry-university-virginia/	200	1	
https://gpacalculator.net/admission/devry-unis-keller-graduate-school-of-management-washington/	301	https://gpacalculator.net/admissions/devry-university-washington/	Rank Math	301 Rank Math > /admissions/devry-university-washington/ | 410	https://gpacalculator.net/admissions/devry-university-washington/	410	1	
https://gpacalculator.net/admission/devry-unis-keller-graduate-school-of-management-wisconsin/	301	https://gpacalculator.net/admissions/devry-university-wisconsin/	Rank Math	301 Rank Math > /admissions/devry-university-wisconsin/ | 410	https://gpacalculator.net/admissions/devry-university-wisconsin/	410	1	
https://gpacalculator.net/admission/devry-university-administrative-office/	301	https://gpacalculator.net/admissions/devry-university-illinois/	Rank Math	301 Rank Math > /admissions/devry-university-illinois/ | 200	https://gpacalculator.net/admissions/devry-university-illinois/	200	1	
https://gpacalculator.net/admission/devry-university-colorado/	410			410	https://gpacalculator.net/admission/devry-university-colorado/	410	0	
https://gpacalculator.net/admission/devry-university-indiana/	410			410	https://gpacalculator.net/admission/devry-university-indiana/	410	0	
https://gpacalculator.net/admission/devry-university-kentucky/	410			410	https://gpacalculator.net/admission/devry-university-kentucky/	410	0	
https://gpacalculator.net/admission/devry-university-maryland/	410			410	https://gpacalculator.net/admission/devry-university-maryland/	410	0	
https://gpacalculator.net/admission/devry-university-michigan/	410			410	https://gpacalculator.net/admission/devry-university-michigan/	410	0	
https://gpacalculator.net/admission/devry-university-minnesota/	410			410	https://gpacalculator.net/admission/devry-university-minnesota/	410	0	
https://gpacalculator.net/admission/devry-university-missouri/	410			410	https://gpacalculator.net/admission/devry-university-missouri/	410	0	
https://gpacalculator.net/admission/devry-university-north-carolina/	410			410	https://gpacalculator.net/admission/devry-university-north-carolina/	410	0	
https://gpacalculator.net/admission/devry-university-oklahoma/	410			410	https://gpacalculator.net/admission/devry-university-oklahoma/	410	0	
https://gpacalculator.net/admission/devry-university-oregon/	410			410	https://gpacalculator.net/admission/devry-university-oregon/	410	0	
https://gpacalculator.net/admission/devry-university-pennsylvania/	410			410	https://gpacalculator.net/admission/devry-university-pennsylvania/	410	0	
https://gpacalculator.net/admission/devry-university-tennessee/	410			410	https://gpacalculator.net/admission/devry-university-tennessee/	410	0	
https://gpacalculator.net/admission/devry-university-utah/	410			410	https://gpacalculator.net/admission/devry-university-utah/	410	0	
https://gpacalculator.net/admission/devry-university-washington/	410			410	https://gpacalculator.net/admission/devry-university-washington/	410	0	
https://gpacalculator.net/admission/devry-university-wisconsin/	410			410	https://gpacalculator.net/admission/devry-university-wisconsin/	410	0	
https://gpacalculator.net/admission/devry-universitys-keller-graduate-school-of-management-arizona/	301	https://gpacalculator.net/admissions/devry-university-arizona/	Rank Math	301 Rank Math > /admissions/devry-university-arizona/ | 200	https://gpacalculator.net/admissions/devry-university-arizona/	200	1	
https://gpacalculator.net/admission/devry-universitys-keller-graduate-school-of-management-california/	301	https://gpacalculator.net/admissions/devry-university-california/	Rank Math	301 Rank Math > /admissions/devry-university-california/ | 200	https://gpacalculator.net/admissions/devry-university-california/	200	1	
https://gpacalculator.net/admission/devry-universitys-keller-graduate-school-of-management-colorado/	301	https://gpacalculator.net/admissions/devry-university-colorado/	Rank Math	301 Rank Math > /admissions/devry-university-colorado/ | 410	https://gpacalculator.net/admissions/devry-university-colorado/	410	1	
https://gpacalculator.net/admission/devry-universitys-keller-graduate-school-of-management-florida/	301	https://gpacalculator.net/admissions/devry-university-florida/	Rank Math	301 Rank Math > /admissions/devry-university-florida/ | 200	https://gpacalculator.net/admissions/devry-university-florida/	200	1	
https://gpacalculator.net/admission/devry-universitys-keller-graduate-school-of-management-georgia/	301	https://gpacalculator.net/admissions/devry-university-georgia/	Rank Math	301 Rank Math > /admissions/devry-university-georgia/ | 200	https://gpacalculator.net/admissions/devry-university-georgia/	200	1	
https://gpacalculator.net/admission/devry-universitys-keller-graduate-school-of-management-illinois/	301	https://gpacalculator.net/admissions/devry-university-illinois/	Rank Math	301 Rank Math > /admissions/devry-university-illinois/ | 200	https://gpacalculator.net/admissions/devry-university-illinois/	200	1	
https://gpacalculator.net/admission/devry-universitys-keller-graduate-school-of-management-indiana/	301	https://gpacalculator.net/admissions/devry-university-indiana/	Rank Math	301 Rank Math > /admissions/devry-university-indiana/ | 410	https://gpacalculator.net/admissions/devry-university-indiana/	410	1	
https://gpacalculator.net/admission/devry-universitys-keller-graduate-school-of-management-kentucky/	301	https://gpacalculator.net/admissions/devry-university-kentucky/	Rank Math	301 Rank Math > /admissions/devry-university-kentucky/ | 410	https://gpacalculator.net/admissions/devry-university-kentucky/	410	1	
https://gpacalculator.net/admission/devry-universitys-keller-graduate-school-of-management-maryland/	301	https://gpacalculator.net/admissions/devry-university-maryland/	Rank Math	301 Rank Math > /admissions/devry-university-maryland/ | 410	https://gpacalculator.net/admissions/devry-university-maryland/	410	1	
https://gpacalculator.net/admission/devry-universitys-keller-graduate-school-of-management-michigan/	301	https://gpacalculator.net/admissions/devry-university-michigan/	Rank Math	301 Rank Math > /admissions/devry-university-michigan/ | 410	https://gpacalculator.net/admissions/devry-university-michigan/	410	1	
https://gpacalculator.net/admission/devry-universitys-keller-graduate-school-of-management-minnesota/	301	https://gpacalculator.net/admissions/devry-university-minnesota/	Rank Math	301 Rank Math > /admissions/devry-university-minnesota/ | 410	https://gpacalculator.net/admissions/devry-university-minnesota/	410	1	
https://gpacalculator.net/admission/devry-universitys-keller-graduate-school-of-management-missouri/	301	https://gpacalculator.net/admissions/devry-university-missouri/	Rank Math	301 Rank Math > /admissions/devry-university-missouri/ | 410	https://gpacalculator.net/admissions/devry-university-missouri/	410	1	
https://gpacalculator.net/admission/devry-universitys-keller-graduate-school-of-management-nevada/	301	https://gpacalculator.net/admissions/devry-university-nevada/	Rank Math	301 Rank Math > /admissions/devry-university-nevada/ | 200	https://gpacalculator.net/admissions/devry-university-nevada/	200	1	
https://gpacalculator.net/admission/devry-universitys-keller-graduate-school-of-management-new-jersey/	301	https://gpacalculator.net/admissions/devry-university-new-jersey/	Rank Math	301 Rank Math > /admissions/devry-university-new-jersey/ | 200	https://gpacalculator.net/admissions/devry-university-new-jersey/	200	1	
https://gpacalculator.net/admission/devry-universitys-keller-graduate-school-of-management-north-carolina/	301	https://gpacalculator.net/admissions/devry-university-north-carolina/	Rank Math	301 Rank Math > /admissions/devry-university-north-carolina/ | 410	https://gpacalculator.net/admissions/devry-university-north-carolina/	410	1	
https://gpacalculator.net/admission/devry-universitys-keller-graduate-school-of-management-ohio/	301	https://gpacalculator.net/admissions/devry-university-ohio/	Rank Math	301 Rank Math > /admissions/devry-university-ohio/ | 200	https://gpacalculator.net/admissions/devry-university-ohio/	200	1	
https://gpacalculator.net/admission/devry-universitys-keller-graduate-school-of-management-oklahoma/	301	https://gpacalculator.net/admissions/devry-university-oklahoma/	Rank Math	301 Rank Math > /admissions/devry-university-oklahoma/ | 410	https://gpacalculator.net/admissions/devry-university-oklahoma/	410	1	
https://gpacalculator.net/admission/devry-universitys-keller-graduate-school-of-management-oregon/	301	https://gpacalculator.net/admissions/devry-university-oregon/	Rank Math	301 Rank Math > /admissions/devry-university-oregon/ | 410	https://gpacalculator.net/admissions/devry-university-oregon/	410	1	
https://gpacalculator.net/admission/devry-universitys-keller-graduate-school-of-management-pennsylvania/	301	https://gpacalculator.net/admissions/devry-university-pennsylvania/	Rank Math	301 Rank Math > /admissions/devry-university-pennsylvania/ | 410	https://gpacalculator.net/admissions/devry-university-pennsylvania/	410	1	
https://gpacalculator.net/admission/devry-universitys-keller-graduate-school-of-management-tennessee/	301	https://gpacalculator.net/admissions/devry-university-tennessee/	Rank Math	301 Rank Math > /admissions/devry-university-tennessee/ | 410	https://gpacalculator.net/admissions/devry-university-tennessee/	410	1	
https://gpacalculator.net/admission/devry-universitys-keller-graduate-school-of-management-texas/	301	https://gpacalculator.net/admissions/devry-university-texas/	Rank Math	301 Rank Math > /admissions/devry-university-texas/ | 200	https://gpacalculator.net/admissions/devry-university-texas/	200	1	
https://gpacalculator.net/admission/devry-universitys-keller-graduate-school-of-management-utah/	301	https://gpacalculator.net/admissions/devry-university-utah/	Rank Math	301 Rank Math > /admissions/devry-university-utah/ | 410	https://gpacalculator.net/admissions/devry-university-utah/	410	1	
https://gpacalculator.net/admission/devry-universitys-keller-graduate-school-of-management-virginia/	301	https://gpacalculator.net/admissions/devry-university-virginia/	Rank Math	301 Rank Math > /admissions/devry-university-virginia/ | 200	https://gpacalculator.net/admissions/devry-university-virginia/	200	1	
https://gpacalculator.net/admission/devry-universitys-keller-graduate-school-of-management-washington/	301	https://gpacalculator.net/admissions/devry-university-washington/	Rank Math	301 Rank Math > /admissions/devry-university-washington/ | 410	https://gpacalculator.net/admissions/devry-university-washington/	410	1	
https://gpacalculator.net/admission/devry-universitys-keller-graduate-school-of-management-wisconsin/	301	https://gpacalculator.net/admissions/devry-university-wisconsin/	Rank Math	301 Rank Math > /admissions/devry-university-wisconsin/ | 410	https://gpacalculator.net/admissions/devry-university-wisconsin/	410	1	
https://gpacalculator.net/admission/digital-media-arts-college/	410			410	https://gpacalculator.net/admission/digital-media-arts-college/	410	0	
https://gpacalculator.net/admission/dowling-college/	404			404	https://gpacalculator.net/admission/dowling-college/	404	0	
https://gpacalculator.net/admission/drury-university/	301	https://gpacalculator.net/admissions/drury/	Rank Math	301 Rank Math > /admissions/drury/ | 200	https://gpacalculator.net/admissions/drury/	200	1	
https://gpacalculator.net/admission/duke-university/	301	https://gpacalculator.net/admissions/duke/	Rank Math	301 Rank Math > /admissions/duke/ | 200	https://gpacalculator.net/admissions/duke/	200	1	
https://gpacalculator.net/admission/duluth-business-university/	410			410	https://gpacalculator.net/admission/duluth-business-university/	410	0	
https://gpacalculator.net/admission/duquesne-university/	301	https://gpacalculator.net/admissions/duquesne/	Rank Math	301 Rank Math > /admissions/duquesne/ | 200	https://gpacalculator.net/admissions/duquesne/	200	1	
https://gpacalculator.net/admission/eagle-gate-college-salt-lake-city/	410			410	https://gpacalculator.net/admission/eagle-gate-college-salt-lake-city/	410	0	
https://gpacalculator.net/admission/east-san-gabriel-valley-regional-occupational-program/	410			410	https://gpacalculator.net/admission/east-san-gabriel-valley-regional-occupational-program/	410	0	
https://gpacalculator.net/admission/eastern-gateway-community-college/	404			404	https://gpacalculator.net/admission/eastern-gateway-community-college/	404	0	
https://gpacalculator.net/admission/eastfield-college/	301	https://gpacalculator.net/admissions/el-centro-college/	Rank Math	301 Rank Math > /admissions/el-centro-college/ | 200	https://gpacalculator.net/admissions/el-centro-college/	200	1	
https://gpacalculator.net/admission/ecotech-institute/	410			410	https://gpacalculator.net/admission/ecotech-institute/	410	0	
https://gpacalculator.net/admission/edinboro-university-of-pennsylvania/	301	https://gpacalculator.net/admissions/pennsylvania-western-university/	Rank Math	301 Rank Math > /admissions/pennsylvania-western-university/ | 200	https://gpacalculator.net/admissions/pennsylvania-western-university/	200	1	
https://gpacalculator.net/admission/el-centro-college/	301	https://gpacalculator.net/admissions/el-centro-college/	WordPress	301 WordPress > /admissions/el-centro-college/ | 200	https://gpacalculator.net/admissions/el-centro-college/	200	1	
https://gpacalculator.net/admission/ellis-university/	301	https://gpacalculator.net/admissions/ellis-university/	WordPress	301 WordPress > /admissions/ellis-university/ | 404	https://gpacalculator.net/admissions/ellis-university/	404	1	
https://gpacalculator.net/admission/embry-riddle-aeronautical-uni-daytona-beach/	301	https://gpacalculator.net/admissions/embry-riddle/	Rank Math	301 Rank Math > /admissions/embry-riddle/ | 200	https://gpacalculator.net/admissions/embry-riddle/	200	1	
https://gpacalculator.net/admission/embry-riddle-aeronautical-university-daytona-beach/	301	https://gpacalculator.net/admissions/embry-riddle/	Rank Math	301 Rank Math > /admissions/embry-riddle/ | 200	https://gpacalculator.net/admissions/embry-riddle/	200	1	
https://gpacalculator.net/admission/embry-riddle-aeronautical-university-prescott/	301	https://gpacalculator.net/admissions/embry-riddle-prescott/	Rank Math	301 Rank Math > /admissions/embry-riddle-prescott/ | 200	https://gpacalculator.net/admissions/embry-riddle-prescott/	200	1	
https://gpacalculator.net/admission/emory-university/	301	https://gpacalculator.net/admissions/emory/	Rank Math	301 Rank Math > /admissions/emory/ | 200	https://gpacalculator.net/admissions/emory/	200	1	
https://gpacalculator.net/admission/erie-business-center-erie/	410			410	https://gpacalculator.net/admission/erie-business-center-erie/	410	0	
https://gpacalculator.net/admission/erie-business-center-new-castle/	410			410	https://gpacalculator.net/admission/erie-business-center-new-castle/	410	0	
https://gpacalculator.net/admission/everest-university-brandon/	410			410	https://gpacalculator.net/admission/everest-university-brandon/	410	0	
https://gpacalculator.net/admission/everest-university-jacksonville/	410			410	https://gpacalculator.net/admission/everest-university-jacksonville/	410	0	
https://gpacalculator.net/admission/everest-university-lakeland/	410			410	https://gpacalculator.net/admission/everest-university-lakeland/	410	0	
https://gpacalculator.net/admission/everest-university-largo/	410			410	https://gpacalculator.net/admission/everest-university-largo/	410	0	
https://gpacalculator.net/admission/everest-university-melbourne/	410			410	https://gpacalculator.net/admission/everest-university-melbourne/	410	0	
https://gpacalculator.net/admission/everest-university-north-orlando/	410			410	https://gpacalculator.net/admission/everest-university-north-orlando/	410	0	
https://gpacalculator.net/admission/everest-university-orange-park/	410			410	https://gpacalculator.net/admission/everest-university-orange-park/	410	0	
https://gpacalculator.net/admission/everest-university-pompano-beach/	410			410	https://gpacalculator.net/admission/everest-university-pompano-beach/	410	0	
https://gpacalculator.net/admission/everest-university-south-orlando/	410			410	https://gpacalculator.net/admission/everest-university-south-orlando/	410	0	
https://gpacalculator.net/admission/everest-university-tampa/	410			410	https://gpacalculator.net/admission/everest-university-tampa/	410	0	
https://gpacalculator.net/admission/expression-college-for-digital-arts/	410			410	https://gpacalculator.net/admission/expression-college-for-digital-arts/	410	0	
https://gpacalculator.net/admission/fairleigh-dickinson-uni-metropolitan-campus/	301	https://gpacalculator.net/admissions/fairleigh-dickinson-university-metropolitan-campus/	Rank Math	301 Rank Math > /admissions/fairleigh-dickinson-university-metropolitan-campus/ | 200	https://gpacalculator.net/admissions/fairleigh-dickinson-university-metropolitan-campus/	200	1	
https://gpacalculator.net/admission/fashion-careers-college/	410			410	https://gpacalculator.net/admission/fashion-careers-college/	410	0	
https://gpacalculator.net/admission/fashion-institute-of-design-and-merchandising-los-angeles/	404			404	https://gpacalculator.net/admission/fashion-institute-of-design-and-merchandising-los-angeles/	404	0	
https://gpacalculator.net/admission/fashion-institute-of-design-and-merchandising-orange-county/	404			404	https://gpacalculator.net/admission/fashion-institute-of-design-and-merchandising-orange-county/	404	0	
https://gpacalculator.net/admission/fashion-institute-of-design-and-merchandising-san-diego/	404			404	https://gpacalculator.net/admission/fashion-institute-of-design-and-merchandising-san-diego/	404	0	
https://gpacalculator.net/admission/fashion-institute-of-design-and-merchandising-san-francisco/	410			410	https://gpacalculator.net/admission/fashion-institute-of-design-and-merchandising-san-francisco/	410	0	
https://gpacalculator.net/admission/finlandia-university/	410			410	https://gpacalculator.net/admission/finlandia-university/	410	0	
https://gpacalculator.net/admission/florida-career-college-clearwater/	410			410	https://gpacalculator.net/admission/florida-career-college-clearwater/	410	0	
https://gpacalculator.net/admission/florida-career-college-miami/	404			404	https://gpacalculator.net/admission/florida-career-college-miami/	404	0	
https://gpacalculator.net/admission/florida-christian-college/	410			410	https://gpacalculator.net/admission/florida-christian-college/	410	0	
https://gpacalculator.net/admission/florida-gulf-coast-university/	301	https://gpacalculator.net/admissions/florida-gulf-coast/	Rank Math	301 Rank Math > /admissions/florida-gulf-coast/ | 200	https://gpacalculator.net/admissions/florida-gulf-coast/	200	1	
https://gpacalculator.net/admission/florida-international-university/	301	https://gpacalculator.net/admissions/florida-international/	Rank Math	301 Rank Math > /admissions/florida-international/ | 200	https://gpacalculator.net/admissions/florida-international/	200	1	
https://gpacalculator.net/admission/fontbonne-university/	404			404	https://gpacalculator.net/admission/fontbonne-university/	404	0	
https://gpacalculator.net/admission/forrest-college/	410			410	https://gpacalculator.net/admission/forrest-college/	410	0	
https://gpacalculator.net/admission/fortis-college-largo/	410			410	https://gpacalculator.net/admission/fortis-college-largo/	410	0	
https://gpacalculator.net/admission/fortis-college-miami/	410			410	https://gpacalculator.net/admission/fortis-college-miami/	410	0	
https://gpacalculator.net/admission/fortis-college-phoenix/	410			410	https://gpacalculator.net/admission/fortis-college-phoenix/	410	0	
https://gpacalculator.net/admission/fortis-college-ravenna/	410			410	https://gpacalculator.net/admission/fortis-college-ravenna/	410	0	
https://gpacalculator.net/admission/fortis-college-tampa/	410			410	https://gpacalculator.net/admission/fortis-college-tampa/	410	0	
https://gpacalculator.net/admission/fortis-college-winter-park/	410			410	https://gpacalculator.net/admission/fortis-college-winter-park/	410	0	
https://gpacalculator.net/admission/fortis-institute-erie/	410			410	https://gpacalculator.net/admission/fortis-institute-erie/	410	0	
https://gpacalculator.net/admission/fountainhead-college-of-technology/	410			410	https://gpacalculator.net/admission/fountainhead-college-of-technology/	410	0	
https://gpacalculator.net/admission/francis-marion-university/	301	https://gpacalculator.net/admissions/francis-marion/	Rank Math	301 Rank Math > /admissions/francis-marion/ | 200	https://gpacalculator.net/admissions/francis-marion/	200	1	
https://gpacalculator.net/admission/franciscan-university-of-steubenville/	301	https://gpacalculator.net/admissions/franciscan/	Rank Math	301 Rank Math > /admissions/franciscan/ | 200	https://gpacalculator.net/admissions/franciscan/	200	1	
https://gpacalculator.net/admission/gallipolis-career-college/	410			410	https://gpacalculator.net/admission/gallipolis-career-college/	410	0	
https://gpacalculator.net/admission/gateway-community-college-new-haven/	301	https://gpacalculator.net/admissions/connecticut-state-community-college/	Rank Math	301 Rank Math > /admissions/connecticut-state-community-college/ | 200	https://gpacalculator.net/admissions/connecticut-state-community-college/	200	1	
https://gpacalculator.net/admission/george-washington-university/	301	https://gpacalculator.net/admissions/george-washington/	Rank Math	301 Rank Math > /admissions/george-washington/ | 200	https://gpacalculator.net/admissions/george-washington/	200	1	
https://gpacalculator.net/admission/georgetown-university/	301	https://gpacalculator.net/admissions/georgetown/	Rank Math	301 Rank Math > /admissions/georgetown/ | 200	https://gpacalculator.net/admissions/georgetown/	200	1	
https://gpacalculator.net/admission/georgia-college-state-university/	301	https://gpacalculator.net/admissions/georgia-college-and-state-university/	Rank Math	301 Rank Math > /admissions/georgia-college-and-state-university/ | 200	https://gpacalculator.net/admissions/georgia-college-and-state-university/	200	1	
https://gpacalculator.net/admission/georgia-health-sciences-university/	301	https://gpacalculator.net/admissions/augusta-university/	Rank Math	301 Rank Math > /admissions/augusta-university/ | 200	https://gpacalculator.net/admissions/augusta-university/	200	1	
https://gpacalculator.net/admission/georgia-military-college-atlanta-campus/	301	https://gpacalculator.net/admissions/georgia-military-college/	Rank Math	301 Rank Math > /admissions/georgia-military-college/ | 200	https://gpacalculator.net/admissions/georgia-military-college/	200	1	
https://gpacalculator.net/admission/georgia-military-college-augusta-campus/	301	https://gpacalculator.net/admissions/georgia-military-college/	Rank Math	301 Rank Math > /admissions/georgia-military-college/ | 200	https://gpacalculator.net/admissions/georgia-military-college/	200	1	
https://gpacalculator.net/admission/georgia-military-college-columbus-campus/	301	https://gpacalculator.net/admissions/georgia-military-college/	Rank Math	301 Rank Math > /admissions/georgia-military-college/ | 200	https://gpacalculator.net/admissions/georgia-military-college/	200	1	
https://gpacalculator.net/admission/georgia-military-college-milledgeville-campus/	301	https://gpacalculator.net/admissions/georgia-military-college/	Rank Math	301 Rank Math > /admissions/georgia-military-college/ | 200	https://gpacalculator.net/admissions/georgia-military-college/	200	1	
https://gpacalculator.net/admission/georgia-military-college-valdosta-campus/	301	https://gpacalculator.net/admissions/georgia-military-college/	Rank Math	301 Rank Math > /admissions/georgia-military-college/ | 200	https://gpacalculator.net/admissions/georgia-military-college/	200	1	
https://gpacalculator.net/admission/georgia-military-college-warner-robins-campus/	301	https://gpacalculator.net/admissions/georgia-military-college/	Rank Math	301 Rank Math > /admissions/georgia-military-college/ | 200	https://gpacalculator.net/admissions/georgia-military-college/	200	1	
https://gpacalculator.net/admission/globe-institute-of-technology/	404			404	https://gpacalculator.net/admission/globe-institute-of-technology/	404	0	
https://gpacalculator.net/admission/globe-university%CB%86green-bay/	301	https://gpacalculator.net/admissions/globe-university-green-bay/	Rank Math	301 Rank Math > /admissions/globe-university-green-bay/ | 410	https://gpacalculator.net/admissions/globe-university-green-bay/	410	1	
https://gpacalculator.net/admission/globe-university%CB%86madison-west/	301	https://gpacalculator.net/admissions/globe-university-madison-west/	Rank Math	301 Rank Math > /admissions/globe-university-madison-west/ | 410	https://gpacalculator.net/admissions/globe-university-madison-west/	410	1	
https://gpacalculator.net/admission/globe-university%CB%86wausau/	301	https://gpacalculator.net/admissions/globe-university-wausau/	Rank Math	301 Rank Math > /admissions/globe-university-wausau/ | 404	https://gpacalculator.net/admissions/globe-university-wausau/	404	1	
https://gpacalculator.net/admission/globe-university%cb%86green-bay/	301	https://gpacalculator.net/admissions/globe-university-green-bay/	Rank Math	301 Rank Math > /admissions/globe-university-green-bay/ | 410	https://gpacalculator.net/admissions/globe-university-green-bay/	410	1	
https://gpacalculator.net/admission/globe-university%cb%86madison-west/	301	https://gpacalculator.net/admissions/globe-university-madison-west/	Rank Math	301 Rank Math > /admissions/globe-university-madison-west/ | 410	https://gpacalculator.net/admissions/globe-university-madison-west/	410	1	
https://gpacalculator.net/admission/globe-university%cb%86wausau/	301	https://gpacalculator.net/admissions/globe-university-wausau/	Rank Math	301 Rank Math > /admissions/globe-university-wausau/ | 404	https://gpacalculator.net/admissions/globe-university-wausau/	404	1	
https://gpacalculator.net/admission/globe-university-appleton/	404			404	https://gpacalculator.net/admission/globe-university-appleton/	404	0	
https://gpacalculator.net/admission/globe-university-eau-claire/	404			404	https://gpacalculator.net/admission/globe-university-eau-claire/	404	0	
https://gpacalculator.net/admission/globe-university-green-bay/	410			410	https://gpacalculator.net/admission/globe-university-green-bay/	410	0	
https://gpacalculator.net/admission/globe-university-la-crosse/	404			404	https://gpacalculator.net/admission/globe-university-la-crosse/	404	0	
https://gpacalculator.net/admission/globe-university-madison-east/	404			404	https://gpacalculator.net/admission/globe-university-madison-east/	404	0	
https://gpacalculator.net/admission/globe-university-madison-west/	410			410	https://gpacalculator.net/admission/globe-university-madison-west/	410	0	
https://gpacalculator.net/admission/globe-university-sioux-falls/	404			404	https://gpacalculator.net/admission/globe-university-sioux-falls/	404	0	
https://gpacalculator.net/admission/globe-university-wausau/	404			404	https://gpacalculator.net/admission/globe-university-wausau/	404	0	
https://gpacalculator.net/admission/globe-university-woodbury/	404			404	https://gpacalculator.net/admission/globe-university-woodbury/	404	0	
https://gpacalculator.net/admission/goddard-college/	410			410	https://gpacalculator.net/admission/goddard-college/	410	0	
https://gpacalculator.net/admission/golden-gate-university-san-francisco/	301	https://gpacalculator.net/admissions/golden-gate-university/	Rank Math	301 Rank Math > /admissions/golden-gate-university/ | 200	https://gpacalculator.net/admissions/golden-gate-university/	200	1	
https://gpacalculator.net/admission/golf-academy-of-america-altamonte-springs/	410			410	https://gpacalculator.net/admission/golf-academy-of-america-altamonte-springs/	410	0	
https://gpacalculator.net/admission/golf-academy-of-america-carlsbad/	410			410	https://gpacalculator.net/admission/golf-academy-of-america-carlsbad/	410	0	
https://gpacalculator.net/admission/golf-academy-of-america-chandler/	410			410	https://gpacalculator.net/admission/golf-academy-of-america-chandler/	410	0	
https://gpacalculator.net/admission/golf-academy-of-america-myrtle-beach/	410			410	https://gpacalculator.net/admission/golf-academy-of-america-myrtle-beach/	410	0	
https://gpacalculator.net/admission/governors-state-university/	301	https://gpacalculator.net/admissions/governors-state/	Rank Math	301 Rank Math > /admissions/governors-state/ | 200	https://gpacalculator.net/admissions/governors-state/	200	1	
https://gpacalculator.net/admission/grace-university/	410			410	https://gpacalculator.net/admission/grace-university/	410	0	
https://gpacalculator.net/admission/great-falls-college-montana-state-university/	301	https://gpacalculator.net/admissions/montana-state-university-great-falls-college-of-technology/	Rank Math	301 Rank Math > /admissions/montana-state-university-great-falls-college-of-technology/ | 200	https://gpacalculator.net/admissions/montana-state-university-great-falls-college-of-technology/	200	1	
https://gpacalculator.net/admission/green-mountain-college/	410			410	https://gpacalculator.net/admission/green-mountain-college/	410	0	
https://gpacalculator.net/admission/hands-on-medical-massage-school/	410			410	https://gpacalculator.net/admission/hands-on-medical-massage-school/	410	0	
https://gpacalculator.net/admission/harrison-college-columbus/	404			404	https://gpacalculator.net/admission/harrison-college-columbus/	404	0	
https://gpacalculator.net/admission/harrison-college-elkhart/	404			404	https://gpacalculator.net/admission/harrison-college-elkhart/	404	0	
https://gpacalculator.net/admission/harrison-college-evansville/	404			404	https://gpacalculator.net/admission/harrison-college-evansville/	404	0	
https://gpacalculator.net/admission/harrison-college-indianapolis-east/	404			404	https://gpacalculator.net/admission/harrison-college-indianapolis-east/	404	0	
https://gpacalculator.net/admission/harrison-college-lafayette/	404			404	https://gpacalculator.net/admission/harrison-college-lafayette/	404	0	
https://gpacalculator.net/admission/harrison-college-terre-haute/	404			404	https://gpacalculator.net/admission/harrison-college-terre-haute/	404	0	
https://gpacalculator.net/admission/harrison-college/	410			410	https://gpacalculator.net/admission/harrison-college/	410	0	
https://gpacalculator.net/admission/harvard-university/	301	https://gpacalculator.net/admissions/harvard/	Rank Math	301 Rank Math > /admissions/harvard/ | 200	https://gpacalculator.net/admissions/harvard/	200	1	
https://gpacalculator.net/admission/harvard/	301	https://gpacalculator.net/college-gpa-calculator/harvard/	WordPress	301 WordPress > /college-gpa-calculator/harvard/ | 200	https://gpacalculator.net/college-gpa-calculator/harvard/	200	1	
https://gpacalculator.net/admission/helena-college-university-of-montana/	301	https://gpacalculator.net/admissions/university-of-montana-helena-college-of-technology/	Rank Math	301 Rank Math > /admissions/university-of-montana-helena-college-of-technology/ | 200	https://gpacalculator.net/admissions/university-of-montana-helena-college-of-technology/	200	1	
https://gpacalculator.net/admission/herzing-university-toledo/	410			410	https://gpacalculator.net/admission/herzing-university-toledo/	410	0	
https://gpacalculator.net/admission/hesser-college/	410			410	https://gpacalculator.net/admission/hesser-college/	410	0	
https://gpacalculator.net/admission/hibbing-community-college-a-technical-and-community-college/	301	https://gpacalculator.net/admissions/minnesota-north-college/	Rank Math	301 Rank Math > /admissions/minnesota-north-college/ | 200	https://gpacalculator.net/admissions/minnesota-north-college/	200	1	
https://gpacalculator.net/admission/hickey-college/	410			410	https://gpacalculator.net/admission/hickey-college/	410	0	
https://gpacalculator.net/admission/high-school-gpa-guide/	301	https://gpacalculator.net/college-advice/high-school-gpa-guide/	Rank Math	301 Rank Math > /college-advice/high-school-gpa-guide/ | 200	https://gpacalculator.net/college-advice/high-school-gpa-guide/	200	1	
https://gpacalculator.net/admission/hiwassee-college/	410			410	https://gpacalculator.net/admission/hiwassee-college/	410	0	
https://gpacalculator.net/admission/hodges-university/	410			410	https://gpacalculator.net/admission/hodges-university/	410	0	
https://gpacalculator.net/admission/hollins-university/	301	https://gpacalculator.net/admissions/hollins/	Rank Math	301 Rank Math > /admissions/hollins/ | 200	https://gpacalculator.net/admissions/hollins/	200	1	
https://gpacalculator.net/admission/holy-names-university/	410			410	https://gpacalculator.net/admission/holy-names-university/	410	0	
https://gpacalculator.net/admission/housatonic-community-college/	301	https://gpacalculator.net/admissions/connecticut-state-community-college/	Rank Math	301 Rank Math > /admissions/connecticut-state-community-college/ | 200	https://gpacalculator.net/admissions/connecticut-state-community-college/	200	1	
https://gpacalculator.net/admission/hussian-school-of-art/	410			410	https://gpacalculator.net/admission/hussian-school-of-art/	410	0	
https://gpacalculator.net/admission/husson-university-bangor-maine/	301	https://gpacalculator.net/admissions/husson-university/	Rank Math	301 Rank Math > /admissions/husson-university/ | 200	https://gpacalculator.net/admissions/husson-university/	200	1	
https://gpacalculator.net/admission/illinois-eastern-community-colleges-frontier-community-coll/	301	https://gpacalculator.net/admissions/illinois-eastern-community-colleges/	Rank Math	301 Rank Math > /admissions/illinois-eastern-community-colleges/ | 200	https://gpacalculator.net/admissions/illinois-eastern-community-colleges/	200	1	
https://gpacalculator.net/admission/illinois-eastern-community-colleges-lincoln-trail-college/	301	https://gpacalculator.net/admissions/illinois-eastern-community-colleges/	Rank Math	301 Rank Math > /admissions/illinois-eastern-community-colleges/ | 200	https://gpacalculator.net/admissions/illinois-eastern-community-colleges/	200	1	
https://gpacalculator.net/admission/illinois-eastern-community-colleges-olney-central-college/	301	https://gpacalculator.net/admissions/illinois-eastern-community-colleges/	Rank Math	301 Rank Math > /admissions/illinois-eastern-community-colleges/ | 200	https://gpacalculator.net/admissions/illinois-eastern-community-colleges/	200	1	
https://gpacalculator.net/admission/illinois-eastern-community-colleges-wabash-valley-college/	301	https://gpacalculator.net/admissions/illinois-eastern-community-colleges/	Rank Math	301 Rank Math > /admissions/illinois-eastern-community-colleges/ | 200	https://gpacalculator.net/admissions/illinois-eastern-community-colleges/	200	1	
https://gpacalculator.net/admission/illinois-wesleyan-university/	301	https://gpacalculator.net/admissions/illinois-wesleyan/	Rank Math	301 Rank Math > /admissions/illinois-wesleyan/ | 200	https://gpacalculator.net/admissions/illinois-wesleyan/	200	1	
https://gpacalculator.net/admission/independence-university/	410			410	https://gpacalculator.net/admission/independence-university/	410	0	
https://gpacalculator.net/admission/institute-of-design-and-construction/	410			410	https://gpacalculator.net/admission/institute-of-design-and-construction/	410	0	
https://gpacalculator.net/admission/institute-of-production-and-recording/	410			410	https://gpacalculator.net/admission/institute-of-production-and-recording/	410	0	
https://gpacalculator.net/admission/international-business-college/	410			410	https://gpacalculator.net/admission/international-business-college/	410	0	
https://gpacalculator.net/admission/international-college-of-broadcasting/	410			410	https://gpacalculator.net/admission/international-college-of-broadcasting/	410	0	
https://gpacalculator.net/admission/international-professional-school-of-bodywork/	410			410	https://gpacalculator.net/admission/international-professional-school-of-bodywork/	410	0	
https://gpacalculator.net/admission/international-technological-university/	404			404	https://gpacalculator.net/admission/international-technological-university/	404	0	
https://gpacalculator.net/admission/iowa-wesleyan-college/	410			410	https://gpacalculator.net/admission/iowa-wesleyan-college/	410	0	
https://gpacalculator.net/admission/island-drafting-and-technical-institute/	404			404	https://gpacalculator.net/admission/island-drafting-and-technical-institute/	404	0	
https://gpacalculator.net/admission/itasca-community-college/	301	https://gpacalculator.net/admissions/minnesota-north-college/	Rank Math	301 Rank Math > /admissions/minnesota-north-college/ | 200	https://gpacalculator.net/admissions/minnesota-north-college/	200	1	
https://gpacalculator.net/admission/itt-technical-institute-bradenton/	410			410	https://gpacalculator.net/admission/itt-technical-institute-bradenton/	410	0	
https://gpacalculator.net/admission/itt-technical-institute-university-park/	301	https://gpacalculator.net/admissions/itt-technical-institute-university-park/	WordPress	301 WordPress > /admissions/itt-technical-institute-university-park/ | 410	https://gpacalculator.net/admissions/itt-technical-institute-university-park/	410	1	
https://gpacalculator.net/admission/ivy-tech-community-college-bloominton/	301	https://gpacalculator.net/admissions/ivy-tech-community-college/	Rank Math	301 Rank Math > /admissions/ivy-tech-community-college/ | 200	https://gpacalculator.net/admissions/ivy-tech-community-college/	200	1	
https://gpacalculator.net/admission/ivy-tech-community-college-central-indiana/	301	https://gpacalculator.net/admissions/ivy-tech-community-college/	Rank Math	301 Rank Math > /admissions/ivy-tech-community-college/ | 200	https://gpacalculator.net/admissions/ivy-tech-community-college/	200	1	
https://gpacalculator.net/admission/ivy-tech-community-college-columbus/	301	https://gpacalculator.net/admissions/ivy-tech-community-college/	Rank Math	301 Rank Math > /admissions/ivy-tech-community-college/ | 200	https://gpacalculator.net/admissions/ivy-tech-community-college/	200	1	
https://gpacalculator.net/admission/ivy-tech-community-college-east-central/	301	https://gpacalculator.net/admissions/ivy-tech-community-college/	Rank Math	301 Rank Math > /admissions/ivy-tech-community-college/ | 200	https://gpacalculator.net/admissions/ivy-tech-community-college/	200	1	
https://gpacalculator.net/admission/ivy-tech-community-college-kokomo/	301	https://gpacalculator.net/admissions/ivy-tech-community-college/	Rank Math	301 Rank Math > /admissions/ivy-tech-community-college/ | 200	https://gpacalculator.net/admissions/ivy-tech-community-college/	200	1	
https://gpacalculator.net/admission/ivy-tech-community-college-lafayette/	301	https://gpacalculator.net/admissions/ivy-tech-community-college/	Rank Math	301 Rank Math > /admissions/ivy-tech-community-college/ | 200	https://gpacalculator.net/admissions/ivy-tech-community-college/	200	1	
https://gpacalculator.net/admission/ivy-tech-community-college-northcentral/	301	https://gpacalculator.net/admissions/ivy-tech-community-college/	Rank Math	301 Rank Math > /admissions/ivy-tech-community-college/ | 200	https://gpacalculator.net/admissions/ivy-tech-community-college/	200	1	
https://gpacalculator.net/admission/ivy-tech-community-college-northeast/	301	https://gpacalculator.net/admissions/ivy-tech-community-college/	Rank Math	301 Rank Math > /admissions/ivy-tech-community-college/ | 200	https://gpacalculator.net/admissions/ivy-tech-community-college/	200	1	
https://gpacalculator.net/admission/ivy-tech-community-college-northwest/	301	https://gpacalculator.net/admissions/ivy-tech-community-college/	Rank Math	301 Rank Math > /admissions/ivy-tech-community-college/ | 200	https://gpacalculator.net/admissions/ivy-tech-community-college/	200	1	
https://gpacalculator.net/admission/ivy-tech-community-college-richmond/	301	https://gpacalculator.net/admissions/ivy-tech-community-college/	Rank Math	301 Rank Math > /admissions/ivy-tech-community-college/ | 200	https://gpacalculator.net/admissions/ivy-tech-community-college/	200	1	
https://gpacalculator.net/admission/ivy-tech-community-college-south-central/	301	https://gpacalculator.net/admissions/ivy-tech-community-college/	Rank Math	301 Rank Math > /admissions/ivy-tech-community-college/ | 200	https://gpacalculator.net/admissions/ivy-tech-community-college/	200	1	
https://gpacalculator.net/admission/ivy-tech-community-college-southeast/	301	https://gpacalculator.net/admissions/ivy-tech-community-college/	Rank Math	301 Rank Math > /admissions/ivy-tech-community-college/ | 200	https://gpacalculator.net/admissions/ivy-tech-community-college/	200	1	
https://gpacalculator.net/admission/ivy-tech-community-college-southwest/	301	https://gpacalculator.net/admissions/ivy-tech-community-college/	Rank Math	301 Rank Math > /admissions/ivy-tech-community-college/ | 200	https://gpacalculator.net/admissions/ivy-tech-community-college/	200	1	
https://gpacalculator.net/admission/ivy-tech-community-college-wabash-valley/	301	https://gpacalculator.net/admissions/ivy-tech-community-college/	Rank Math	301 Rank Math > /admissions/ivy-tech-community-college/ | 200	https://gpacalculator.net/admissions/ivy-tech-community-college/	200	1	
https://gpacalculator.net/admission/james-h-faulkner-state-community-college/	301	https://gpacalculator.net/admissions/coastal-alabama-community-college/	Rank Math	301 Rank Math > /admissions/coastal-alabama-community-college/ | 200	https://gpacalculator.net/admissions/coastal-alabama-community-college/	200	1	
https://gpacalculator.net/admission/jefferson-college-of-health-sciences/	301	https://gpacalculator.net/admissions/radford-university/	Rank Math	301 Rank Math > /admissions/radford-university/ | 200	https://gpacalculator.net/admissions/radford-university/	200	1	
https://gpacalculator.net/admission/jefferson-davis-community-college/	301	https://gpacalculator.net/admissions/coastal-alabama-community-college/	Rank Math	301 Rank Math > /admissions/coastal-alabama-community-college/ | 200	https://gpacalculator.net/admissions/coastal-alabama-community-college/	200	1	
https://gpacalculator.net/admission/john-brown-university/	301	https://gpacalculator.net/admissions/john-brown/	Rank Math	301 Rank Math > /admissions/john-brown/ | 200	https://gpacalculator.net/admissions/john-brown/	200	1	
https://gpacalculator.net/admission/john-f-kennedy-university/	301	https://gpacalculator.net/admissions/national-university/	Rank Math	301 Rank Math > /admissions/national-university/ | 200	https://gpacalculator.net/admissions/national-university/	200	1	
https://gpacalculator.net/admission/johns-hopkins-university/	301	https://gpacalculator.net/admissions/johns-hopkins/	Rank Math	301 Rank Math > /admissions/johns-hopkins/ | 200	https://gpacalculator.net/admissions/johns-hopkins/	200	1	
https://gpacalculator.net/admission/johnson-and-wales-university-charlotte/	301	https://gpacalculator.net/admissions/johnson-wales-university-charlotte/	Rank Math	301 Rank Math > /admissions/johnson-wales-university-charlotte/ | 200	https://gpacalculator.net/admissions/johnson-wales-university-charlotte/	200	1	
https://gpacalculator.net/admission/johnson-and-wales-university-denver/	410			410	https://gpacalculator.net/admission/johnson-and-wales-university-denver/	410	0	
https://gpacalculator.net/admission/johnson-and-wales-university-north-miami/	410			410	https://gpacalculator.net/admission/johnson-and-wales-university-north-miami/	410	0	
https://gpacalculator.net/admission/johnson-and-wales-university-providence/	301	https://gpacalculator.net/admissions/johnson-wales-university-providence/	Rank Math	301 Rank Math > /admissions/johnson-wales-university-providence/ | 200	https://gpacalculator.net/admissions/johnson-wales-university-providence/	200	1	
https://gpacalculator.net/admission/johnson-state-college/	301	https://gpacalculator.net/admissions/vermont-state-university/	Rank Math	301 Rank Math > /admissions/vermont-state-university/ | 200	https://gpacalculator.net/admissions/vermont-state-university/	200	1	
https://gpacalculator.net/admission/johnson-wales-university-denver/	410			410	https://gpacalculator.net/admission/johnson-wales-university-denver/	410	0	
https://gpacalculator.net/admission/johnson-wales-university-north-miami/	410			410	https://gpacalculator.net/admission/johnson-wales-university-north-miami/	410	0	
https://gpacalculator.net/admission/johnson-wales-university-online/	404			404	https://gpacalculator.net/admission/johnson-wales-university-online/	404	0	
https://gpacalculator.net/admission/jones-international-university/	410			410	https://gpacalculator.net/admission/jones-international-university/	410	0	
https://gpacalculator.net/admission/judson-college/	410			410	https://gpacalculator.net/admission/judson-college/	410	0	
https://gpacalculator.net/admission/kansas-city-uni-of-medicine-and-biosciences/	301	https://gpacalculator.net/admissions/kansas-city-university/	Rank Math	301 Rank Math > /admissions/kansas-city-university/ | 200	https://gpacalculator.net/admissions/kansas-city-university/	200	1	
https://gpacalculator.net/admission/kansas-city-university-of-medicine-and-biosciences/	301	https://gpacalculator.net/admissions/kansas-city-university/	Rank Math	301 Rank Math > /admissions/kansas-city-university/ | 200	https://gpacalculator.net/admissions/kansas-city-university/	200	1	
https://gpacalculator.net/admission/kansas-state-university/	301	https://gpacalculator.net/admissions/kansas-state/	Rank Math	301 Rank Math > /admissions/kansas-state/ | 200	https://gpacalculator.net/admissions/kansas-state/	200	1	
https://gpacalculator.net/admission/kaplan-university-cedar-falls-campus/	410			410	https://gpacalculator.net/admission/kaplan-university-cedar-falls-campus/	410	0	
https://gpacalculator.net/admission/kaplan-university-cedar-rapids-campus/	301	https://gpacalculator.net/admissions/purdue-university-global/	Rank Math	301 Rank Math > /admissions/purdue-university-global/ | 200	https://gpacalculator.net/admissions/purdue-university-global/	200	1	
https://gpacalculator.net/admission/kaplan-university-council-bluffs-campus/	410			410	https://gpacalculator.net/admission/kaplan-university-council-bluffs-campus/	410	0	
https://gpacalculator.net/admission/kaplan-university-des-moines-campus/	301	https://gpacalculator.net/admissions/purdue-university-global/	Rank Math	301 Rank Math > /admissions/purdue-university-global/ | 200	https://gpacalculator.net/admissions/purdue-university-global/	200	1	
https://gpacalculator.net/admission/kaplan-university-hagerstown-campus/	410			410	https://gpacalculator.net/admission/kaplan-university-hagerstown-campus/	410	0	
https://gpacalculator.net/admission/kaplan-university-lincoln-campus/	301	https://gpacalculator.net/admissions/purdue-university-global/	Rank Math	301 Rank Math > /admissions/purdue-university-global/ | 200	https://gpacalculator.net/admissions/purdue-university-global/	200	1	
https://gpacalculator.net/admission/kaplan-university-maine-campus/	301	https://gpacalculator.net/admissions/purdue-university-global/	Rank Math	301 Rank Math > /admissions/purdue-university-global/ | 200	https://gpacalculator.net/admissions/purdue-university-global/	200	1	
https://gpacalculator.net/admission/kaplan-university-mason-city-campus/	410			410	https://gpacalculator.net/admission/kaplan-university-mason-city-campus/	410	0	
https://gpacalculator.net/admission/kaplan-university-omaha-campus/	410			410	https://gpacalculator.net/admission/kaplan-university-omaha-campus/	410	0	
https://gpacalculator.net/admission/keiser-career-college-jacksonville/	410			410	https://gpacalculator.net/admission/keiser-career-college-jacksonville/	410	0	
https://gpacalculator.net/admission/kendall-college/	301	https://gpacalculator.net/admissions/national-louis-university/	Rank Math	301 Rank Math > /admissions/national-louis-university/ | 200	https://gpacalculator.net/admissions/national-louis-university/	200	1	
https://gpacalculator.net/admission/kennesaw-state-university-kennesaw-georgia/	301	https://gpacalculator.net/admissions/kennesaw-state-university/	Rank Math	301 Rank Math > /admissions/kennesaw-state-university/ | 200	https://gpacalculator.net/admissions/kennesaw-state-university/	200	1	
https://gpacalculator.net/admission/kettering-university/	301	https://gpacalculator.net/admissions/kettering/	Rank Math	301 Rank Math > /admissions/kettering/ | 200	https://gpacalculator.net/admissions/kettering/	200	1	
https://gpacalculator.net/admission/key-college/	410			410	https://gpacalculator.net/admission/key-college/	410	0	
https://gpacalculator.net/admission/kilian-community-college/	410			410	https://gpacalculator.net/admission/kilian-community-college/	410	0	
https://gpacalculator.net/admission/kings-college-nc/	410			410	https://gpacalculator.net/admission/kings-college-nc/	410	0	
https://gpacalculator.net/admission/kingston-university/	301	https://gpacalculator.net/admissions/kingston-university/	WordPress	301 WordPress > /admissions/kingston-university/ | 404	https://gpacalculator.net/admissions/kingston-university/	404	1	
https://gpacalculator.net/admission/laurel-university/	410			410	https://gpacalculator.net/admission/laurel-university/	410	0	
https://gpacalculator.net/admission/lebanon-college/	410			410	https://gpacalculator.net/admission/lebanon-college/	410	0	
https://gpacalculator.net/admission/lecole-culinaire-mo/	410			410	https://gpacalculator.net/admission/lecole-culinaire-mo/	410	0	
https://gpacalculator.net/admission/lehigh-university/	301	https://gpacalculator.net/admissions/lehigh/	Rank Math	301 Rank Math > /admissions/lehigh/ | 200	https://gpacalculator.net/admissions/lehigh/	200	1	
https://gpacalculator.net/admission/limestone-college/	404			404	https://gpacalculator.net/admission/limestone-college/	404	0	
https://gpacalculator.net/admission/lincoln-christian-university/	410			410	https://gpacalculator.net/admission/lincoln-christian-university/	410	0	
https://gpacalculator.net/admission/lincoln-college-of-new-england-hartford/	410			410	https://gpacalculator.net/admission/lincoln-college-of-new-england-hartford/	410	0	
https://gpacalculator.net/admission/lincoln-college-of-new-england-southington/	410			410	https://gpacalculator.net/admission/lincoln-college-of-new-england-southington/	410	0	
https://gpacalculator.net/admission/lincoln-college-of-new-england-suffield/	410			410	https://gpacalculator.net/admission/lincoln-college-of-new-england-suffield/	410	0	
https://gpacalculator.net/admission/lincoln-college-of-technology-cleveland/	410			410	https://gpacalculator.net/admission/lincoln-college-of-technology-cleveland/	410	0	
https://gpacalculator.net/admission/lincoln-college-of-technology-columbus/	410			410	https://gpacalculator.net/admission/lincoln-college-of-technology-columbus/	410	0	
https://gpacalculator.net/admission/lincoln-college-of-technology-dayton/	410			410	https://gpacalculator.net/admission/lincoln-college-of-technology-dayton/	410	0	
https://gpacalculator.net/admission/lincoln-college-of-technology-florence/	410			410	https://gpacalculator.net/admission/lincoln-college-of-technology-florence/	410	0	
https://gpacalculator.net/admission/lincoln-college-of-technology-franklin-lct/	410			410	https://gpacalculator.net/admission/lincoln-college-of-technology-franklin-lct/	410	0	
https://gpacalculator.net/admission/lincoln-college-of-technology-toledo/	410			410	https://gpacalculator.net/admission/lincoln-college-of-technology-toledo/	410	0	
https://gpacalculator.net/admission/lincoln-college-of-technology-tri-county/	410			410	https://gpacalculator.net/admission/lincoln-college-of-technology-tri-county/	410	0	
https://gpacalculator.net/admission/lincoln-college-of-technology-vine-street/	410			410	https://gpacalculator.net/admission/lincoln-college-of-technology-vine-street/	410	0	
https://gpacalculator.net/admission/lincoln-college-of-technology-west-palm-beach/	410			410	https://gpacalculator.net/admission/lincoln-college-of-technology-west-palm-beach/	410	0	
https://gpacalculator.net/admission/lincoln-college/	410			410	https://gpacalculator.net/admission/lincoln-college/	410	0	
https://gpacalculator.net/admission/lincoln-university-3/	301	https://gpacalculator.net/admissions/lincoln-university-mo/	Rank Math	301 Rank Math > /admissions/lincoln-university-mo/ | 200	https://gpacalculator.net/admissions/lincoln-university-mo/	200	1	
https://gpacalculator.net/admission/lincoln-university/	301	https://gpacalculator.net/admissions/lincoln-university-ca/	Rank Math	301 Rank Math > /admissions/lincoln-university-ca/ | 200	https://gpacalculator.net/admissions/lincoln-university-ca/	200	1	
https://gpacalculator.net/admission/liu-brentwood/	404			404	https://gpacalculator.net/admission/liu-brentwood/	404	0	
https://gpacalculator.net/admission/liu-brooklyn/	301	https://gpacalculator.net/admissions/long-island-university-brooklyn-campus/	Rank Math	301 Rank Math > /admissions/long-island-university-brooklyn-campus/ | 301 Rank Math > /admissions/long-island-university/ | 200	https://gpacalculator.net/admissions/long-island-university/	200	2	
https://gpacalculator.net/admission/liu-hudson-at-rockland/	410			410	https://gpacalculator.net/admission/liu-hudson-at-rockland/	410	0	
https://gpacalculator.net/admission/liu-hudson-at-westchester/	404			404	https://gpacalculator.net/admission/liu-hudson-at-westchester/	404	0	
https://gpacalculator.net/admission/liu-post/	301	https://gpacalculator.net/admissions/long-island-university-c-w-post-campus/	Rank Math	301 Rank Math > /admissions/long-island-university-c-w-post-campus/ | 301 Rank Math > /admissions/long-island-university/ | 200	https://gpacalculator.net/admissions/long-island-university/	200	2	
https://gpacalculator.net/admission/liu-riverhead/	404			404	https://gpacalculator.net/admission/liu-riverhead/	404	0	
https://gpacalculator.net/admission/liu-university-center-campus/	404			404	https://gpacalculator.net/admission/liu-university-center-campus/	404	0	
https://gpacalculator.net/admission/living-arts-college/	410			410	https://gpacalculator.net/admission/living-arts-college/	410	0	
https://gpacalculator.net/admission/lock-haven-university/	301	https://gpacalculator.net/admissions/commonwealth-university-of-pennsylvania/	Rank Math	301 Rank Math > /admissions/commonwealth-university-of-pennsylvania/ | 200	https://gpacalculator.net/admissions/commonwealth-university-of-pennsylvania/	200	1	
https://gpacalculator.net/admission/lon-morris-college/	410			410	https://gpacalculator.net/admission/lon-morris-college/	410	0	
https://gpacalculator.net/admission/long-island-business-institute/	410			410	https://gpacalculator.net/admission/long-island-business-institute/	410	0	
https://gpacalculator.net/admission/long-island-university-brentwood-campus/	301	https://gpacalculator.net/admissions/long-island-university-brentwood-campus/	WordPress	301 WordPress > /admissions/long-island-university-brentwood-campus/ | 404	https://gpacalculator.net/admissions/long-island-university-brentwood-campus/	404	1	
https://gpacalculator.net/admission/long-island-university-brooklyn-campus/	301	https://gpacalculator.net/admissions/long-island-university/	Rank Math	301 Rank Math > /admissions/long-island-university/ | 200	https://gpacalculator.net/admissions/long-island-university/	200	1	
https://gpacalculator.net/admission/long-island-university-c-w-post-campus/	301	https://gpacalculator.net/admissions/long-island-university/	Rank Math	301 Rank Math > /admissions/long-island-university/ | 200	https://gpacalculator.net/admissions/long-island-university/	200	1	
https://gpacalculator.net/admission/long-island-university-riverhead-campus/	301	https://gpacalculator.net/admissions/long-island-university-riverhead-campus/	WordPress	301 WordPress > /admissions/long-island-university-riverhead-campus/ | 404	https://gpacalculator.net/admissions/long-island-university-riverhead-campus/	404	1	
https://gpacalculator.net/admission/long-island-university-rockland-campus/	301	https://gpacalculator.net/admissions/long-island-university-rockland-campus/	WordPress	301 WordPress > /admissions/long-island-university-rockland-campus/ | 410	https://gpacalculator.net/admissions/long-island-university-rockland-campus/	410	1	
https://gpacalculator.net/admission/long-island-university-university-center-campus/	301	https://gpacalculator.net/admissions/long-island-university-university-center-campus/	WordPress	301 WordPress > /admissions/long-island-university-university-center-campus/ | 404	https://gpacalculator.net/admissions/long-island-university-university-center-campus/	404	1	
https://gpacalculator.net/admission/long-island-university-westchester-campus/	301	https://gpacalculator.net/admissions/long-island-university-westchester-campus/	WordPress	301 WordPress > /admissions/long-island-university-westchester-campus/ | 404	https://gpacalculator.net/admissions/long-island-university-westchester-campus/	404	1	
https://gpacalculator.net/admission/louisiana-delta-community-college-monroe-campus/	301	https://gpacalculator.net/admissions/louisiana-delta-community-college/	Rank Math	301 Rank Math > /admissions/louisiana-delta-community-college/ | 200	https://gpacalculator.net/admissions/louisiana-delta-community-college/	200	1	
https://gpacalculator.net/admission/louisiana-state-uni-and-agricultural-mechanical-college/	301	https://gpacalculator.net/admissions/lsu/	Rank Math	301 Rank Math > /admissions/lsu/ | 200	https://gpacalculator.net/admissions/lsu/	200	1	
https://gpacalculator.net/admission/louisiana-state-uni-health-sciences-center-new-orleans/	301	https://gpacalculator.net/admissions/lsu-health-new-orleans/	Rank Math	301 Rank Math > /admissions/lsu-health-new-orleans/ | 200	https://gpacalculator.net/admissions/lsu-health-new-orleans/	200	1	
https://gpacalculator.net/admission/louisiana-state-uni-health-sciences-center-shreveport/	301	https://gpacalculator.net/admissions/lsu-health-shreveport/	Rank Math	301 Rank Math > /admissions/lsu-health-shreveport/ | 200	https://gpacalculator.net/admissions/lsu-health-shreveport/	200	1	
https://gpacalculator.net/admission/louisiana-state-university-and-agricultural-mechanical-college/	301	https://gpacalculator.net/admissions/lsu/	Rank Math	301 Rank Math > /admissions/lsu/ | 200	https://gpacalculator.net/admissions/lsu/	200	1	
https://gpacalculator.net/admission/louisiana-state-university-health-sciences-center-new-orleans/	301	https://gpacalculator.net/admissions/lsu-health-new-orleans/	Rank Math	301 Rank Math > /admissions/lsu-health-new-orleans/ | 200	https://gpacalculator.net/admissions/lsu-health-new-orleans/	200	1	
https://gpacalculator.net/admission/louisiana-state-university-health-sciences-center-shreveport/	301	https://gpacalculator.net/admissions/lsu-health-shreveport/	Rank Math	301 Rank Math > /admissions/lsu-health-shreveport/ | 200	https://gpacalculator.net/admissions/lsu-health-shreveport/	200	1	
https://gpacalculator.net/admission/louisiana-state-university-system-office/	410			410	https://gpacalculator.net/admission/louisiana-state-university-system-office/	410	0	
https://gpacalculator.net/admission/loyola-marymount-university/	301	https://gpacalculator.net/admissions/loyola-marymount/	Rank Math	301 Rank Math > /admissions/loyola-marymount/ | 200	https://gpacalculator.net/admissions/loyola-marymount/	200	1	
https://gpacalculator.net/admission/luther-rice-university-seminary/	301	https://gpacalculator.net/admissions/luther-rice-university/	Rank Math	301 Rank Math > /admissions/luther-rice-university/ | 200	https://gpacalculator.net/admissions/luther-rice-university/	200	1	
https://gpacalculator.net/admission/lyme-academy-college-of-fine-arts/	301	https://gpacalculator.net/admissions/university-of-new-haven/	Rank Math	301 Rank Math > /admissions/university-of-new-haven/ | 200	https://gpacalculator.net/admissions/university-of-new-haven/	200	1	
https://gpacalculator.net/admission/lyndon-state-college/	301	https://gpacalculator.net/admissions/vermont-state-university/	Rank Math	301 Rank Math > /admissions/vermont-state-university/ | 200	https://gpacalculator.net/admissions/vermont-state-university/	200	1	
https://gpacalculator.net/admission/macmurray-college/	410			410	https://gpacalculator.net/admission/macmurray-college/	410	0	
https://gpacalculator.net/admission/macon-state-college/	301	https://gpacalculator.net/admissions/middle-georgia-state-university/	Rank Math	301 Rank Math > /admissions/middle-georgia-state-university/ | 200	https://gpacalculator.net/admissions/middle-georgia-state-university/	200	1	
https://gpacalculator.net/admission/maharishi-university-of-management/	301	https://gpacalculator.net/admissions/maharishi-university-of-management/	WordPress	301 WordPress > /admissions/maharishi-university-of-management/ | 200	https://gpacalculator.net/admissions/maharishi-university-of-management/	200	1	
https://gpacalculator.net/admission/manchester-community-college-ct/	301	https://gpacalculator.net/admissions/connecticut-state-community-college/	Rank Math	301 Rank Math > /admissions/connecticut-state-community-college/ | 200	https://gpacalculator.net/admissions/connecticut-state-community-college/	200	1	
https://gpacalculator.net/admission/mansfield-university-of-pennsylvania/	301	https://gpacalculator.net/admissions/commonwealth-university-of-pennsylvania/	Rank Math	301 Rank Math > /admissions/commonwealth-university-of-pennsylvania/ | 200	https://gpacalculator.net/admissions/commonwealth-university-of-pennsylvania/	200	1	
https://gpacalculator.net/admission/marian-court-college/	410			410	https://gpacalculator.net/admission/marian-court-college/	410	0	
https://gpacalculator.net/admission/marian-university-3/	404			404	https://gpacalculator.net/admission/marian-university-3/	404	0	
https://gpacalculator.net/admission/marian-university-wi/	301	https://gpacalculator.net/admissions/marian-university/	Rank Math	301 Rank Math > /admissions/marian-university/ | 200	https://gpacalculator.net/admissions/marian-university/	200	1	
https://gpacalculator.net/admission/marlboro-college/	404			404	https://gpacalculator.net/admission/marlboro-college/	404	0	
https://gpacalculator.net/admission/martin-university/	404			404	https://gpacalculator.net/admission/martin-university/	404	0	
https://gpacalculator.net/admission/marygrove-college/	410			410	https://gpacalculator.net/admission/marygrove-college/	410	0	
https://gpacalculator.net/admission/marylhurst-university/	410			410	https://gpacalculator.net/admission/marylhurst-university/	410	0	
https://gpacalculator.net/admission/marymount-college/	410			410	https://gpacalculator.net/admission/marymount-college/	410	0	
https://gpacalculator.net/admission/mccann-monroe-career-training/	410			410	https://gpacalculator.net/admission/mccann-monroe-career-training/	410	0	
https://gpacalculator.net/admission/mccann-school-of-business-and-technology/	410			410	https://gpacalculator.net/admission/mccann-school-of-business-and-technology/	410	0	
https://gpacalculator.net/admission/mcnally-smith-college-of-music/	410			410	https://gpacalculator.net/admission/mcnally-smith-college-of-music/	410	0	
https://gpacalculator.net/admission/medaille-college/	410			410	https://gpacalculator.net/admission/medaille-college/	410	0	
https://gpacalculator.net/admission/medtech-college-ft-wayne-campus/	410			410	https://gpacalculator.net/admission/medtech-college-ft-wayne-campus/	410	0	
https://gpacalculator.net/admission/medtech-college-greenwood-campus/	410			410	https://gpacalculator.net/admission/medtech-college-greenwood-campus/	410	0	
https://gpacalculator.net/admission/medtech-college-lexington-campus/	410			410	https://gpacalculator.net/admission/medtech-college-lexington-campus/	410	0	
https://gpacalculator.net/admission/medtech-college/	410			410	https://gpacalculator.net/admission/medtech-college/	410	0	
https://gpacalculator.net/admission/medvance-institute-fort-lauderdale/	410			410	https://gpacalculator.net/admission/medvance-institute-fort-lauderdale/	410	0	
https://gpacalculator.net/admission/medvance-institute-miami/	410			410	https://gpacalculator.net/admission/medvance-institute-miami/	410	0	
https://gpacalculator.net/admission/medvance-institute-west-palm/	410			410	https://gpacalculator.net/admission/medvance-institute-west-palm/	410	0	
https://gpacalculator.net/admission/memphis-college-of-art/	410			410	https://gpacalculator.net/admission/memphis-college-of-art/	410	0	
https://gpacalculator.net/admission/mercer-university/	301	https://gpacalculator.net/admissions/mercer/	Rank Math	301 Rank Math > /admissions/mercer/ | 200	https://gpacalculator.net/admissions/mercer/	200	1	
https://gpacalculator.net/admission/mesabi-range-community-and-technical-college/	301	https://gpacalculator.net/admissions/minnesota-north-college/	Rank Math	301 Rank Math > /admissions/minnesota-north-college/ | 200	https://gpacalculator.net/admissions/minnesota-north-college/	200	1	
https://gpacalculator.net/admission/metro-business-college-arnold/	410			410	https://gpacalculator.net/admission/metro-business-college-arnold/	410	0	
https://gpacalculator.net/admission/metro-business-college-cape-girardeau/	410			410	https://gpacalculator.net/admission/metro-business-college-cape-girardeau/	410	0	
https://gpacalculator.net/admission/metro-business-college-jefferson-city/	410			410	https://gpacalculator.net/admission/metro-business-college-jefferson-city/	410	0	
https://gpacalculator.net/admission/metro-business-college-rolla/	410			410	https://gpacalculator.net/admission/metro-business-college-rolla/	410	0	
https://gpacalculator.net/admission/metropolitan-community-college-blue-river/	301	https://gpacalculator.net/admissions/metropolitan-community-college-kansas-city/	Rank Math	301 Rank Math > /admissions/metropolitan-community-college-kansas-city/ | 200	https://gpacalculator.net/admissions/metropolitan-community-college-kansas-city/	200	1	
https://gpacalculator.net/admission/metropolitan-community-college-business-and-technology/	301	https://gpacalculator.net/admissions/metropolitan-community-college-kansas-city/	Rank Math	301 Rank Math > /admissions/metropolitan-community-college-kansas-city/ | 200	https://gpacalculator.net/admissions/metropolitan-community-college-kansas-city/	200	1	
https://gpacalculator.net/admission/metropolitan-community-college-longview/	301	https://gpacalculator.net/admissions/metropolitan-community-college-kansas-city/	Rank Math	301 Rank Math > /admissions/metropolitan-community-college-kansas-city/ | 200	https://gpacalculator.net/admissions/metropolitan-community-college-kansas-city/	200	1	
https://gpacalculator.net/admission/metropolitan-community-college-maple-woods/	301	https://gpacalculator.net/admissions/metropolitan-community-college-kansas-city/	Rank Math	301 Rank Math > /admissions/metropolitan-community-college-kansas-city/ | 200	https://gpacalculator.net/admissions/metropolitan-community-college-kansas-city/	200	1	
https://gpacalculator.net/admission/metropolitan-community-college-penn-valley/	301	https://gpacalculator.net/admissions/metropolitan-community-college-kansas-city/	Rank Math	301 Rank Math > /admissions/metropolitan-community-college-kansas-city/ | 200	https://gpacalculator.net/admissions/metropolitan-community-college-kansas-city/	200	1	
https://gpacalculator.net/admission/miami-jacobs-career-college-columbus/	410			410	https://gpacalculator.net/admission/miami-jacobs-career-college-columbus/	410	0	
https://gpacalculator.net/admission/miami-jacobs-career-college-dayton/	410			410	https://gpacalculator.net/admission/miami-jacobs-career-college-dayton/	410	0	
https://gpacalculator.net/admission/miami-jacobs-career-college-sharonville/	410			410	https://gpacalculator.net/admission/miami-jacobs-career-college-sharonville/	410	0	
https://gpacalculator.net/admission/miami-jacobs-career-college-springboro/	410			410	https://gpacalculator.net/admission/miami-jacobs-career-college-springboro/	410	0	
https://gpacalculator.net/admission/miami-jacobs-career-college-troy/	410			410	https://gpacalculator.net/admission/miami-jacobs-career-college-troy/	410	0	
https://gpacalculator.net/admission/miami-jacobs-career-college/	410			410	https://gpacalculator.net/admission/miami-jacobs-career-college/	410	0	
https://gpacalculator.net/admission/miami-university-oxford/	301	https://gpacalculator.net/admissions/miami-university/	Rank Math	301 Rank Math > /admissions/miami-university/ | 200	https://gpacalculator.net/admissions/miami-university/	200	1	
https://gpacalculator.net/admission/michigan-state-university-college-of-law/	301	https://gpacalculator.net/admissions/michigan-state-university/	Rank Math	301 Rank Math > /admissions/michigan-state-university/ | 200	https://gpacalculator.net/admissions/michigan-state-university/	200	1	
https://gpacalculator.net/admission/michigan-technological-university/	301	https://gpacalculator.net/admissions/michigan-tech/	Rank Math	301 Rank Math > /admissions/michigan-tech/ | 200	https://gpacalculator.net/admissions/michigan-tech/	200	1	
https://gpacalculator.net/admission/mid-continent-university/	410			410	https://gpacalculator.net/admission/mid-continent-university/	410	0	
https://gpacalculator.net/admission/middle-georgia-college/	301	https://gpacalculator.net/admissions/middle-georgia-state-university/	Rank Math	301 Rank Math > /admissions/middle-georgia-state-university/ | 200	https://gpacalculator.net/admissions/middle-georgia-state-university/	200	1	
https://gpacalculator.net/admission/middle-georgia-technical-college/	301	https://gpacalculator.net/admissions/central-georgia-technical-college-macon-georgia/	Rank Math	301 Rank Math > /admissions/central-georgia-technical-college-macon-georgia/ | 200	https://gpacalculator.net/admissions/central-georgia-technical-college-macon-georgia/	200	1	
https://gpacalculator.net/admission/middlesex-community-college-ct/	301	https://gpacalculator.net/admissions/connecticut-state-community-college/	Rank Math	301 Rank Math > /admissions/connecticut-state-community-college/ | 200	https://gpacalculator.net/admissions/connecticut-state-community-college/	200	1	
https://gpacalculator.net/admission/midstate-college/	410			410	https://gpacalculator.net/admission/midstate-college/	410	0	
https://gpacalculator.net/admission/midwestern-university-downers-grove/	301	https://gpacalculator.net/admissions/midwestern-university/	Rank Math	301 Rank Math > /admissions/midwestern-university/ | 200	https://gpacalculator.net/admissions/midwestern-university/	200	1	
https://gpacalculator.net/admission/midwestern-university-glendale/	301	https://gpacalculator.net/admissions/midwestern-university/	Rank Math	301 Rank Math > /admissions/midwestern-university/ | 200	https://gpacalculator.net/admissions/midwestern-university/	200	1	
https://gpacalculator.net/admission/miller-motte-college-cary/	410			410	https://gpacalculator.net/admission/miller-motte-college-cary/	410	0	
https://gpacalculator.net/admission/miller-motte-college-greenville/	410			410	https://gpacalculator.net/admission/miller-motte-college-greenville/	410	0	
https://gpacalculator.net/admission/miller-motte-college-wilmington/	410			410	https://gpacalculator.net/admission/miller-motte-college-wilmington/	410	0	
https://gpacalculator.net/admission/miller-motte-technical-college-clarksville/	410			410	https://gpacalculator.net/admission/miller-motte-technical-college-clarksville/	410	0	
https://gpacalculator.net/admission/miller-motte-technical-college-gulfport/	410			410	https://gpacalculator.net/admission/miller-motte-technical-college-gulfport/	410	0	
https://gpacalculator.net/admission/miller-motte-technical-college-lynchburg/	410			410	https://gpacalculator.net/admission/miller-motte-technical-college-lynchburg/	410	0	
https://gpacalculator.net/admission/miller-motte-technical-college-madison/	410			410	https://gpacalculator.net/admission/miller-motte-technical-college-madison/	410	0	
https://gpacalculator.net/admission/miller-motte-technical-college-north-charleston/	410			410	https://gpacalculator.net/admission/miller-motte-technical-college-north-charleston/	410	0	
https://gpacalculator.net/admission/miller-motte-technical-college-sc/	410			410	https://gpacalculator.net/admission/miller-motte-technical-college-sc/	410	0	
https://gpacalculator.net/admission/milligan-college/	301	https://gpacalculator.net/admissions/milligan-university/	Rank Math	301 Rank Math > /admissions/milligan-university/ | 200	https://gpacalculator.net/admissions/milligan-university/	200	1	
https://gpacalculator.net/admission/minneapolis-business-college/	410			410	https://gpacalculator.net/admission/minneapolis-business-college/	410	0	
https://gpacalculator.net/admission/minnesota-school-of-business-blaine/	404			404	https://gpacalculator.net/admission/minnesota-school-of-business-blaine/	404	0	
https://gpacalculator.net/admission/minnesota-school-of-business-lakeville/	410			410	https://gpacalculator.net/admission/minnesota-school-of-business-lakeville/	410	0	
https://gpacalculator.net/admission/minnesota-school-of-business-moorhead/	404			404	https://gpacalculator.net/admission/minnesota-school-of-business-moorhead/	404	0	
https://gpacalculator.net/admission/minnesota-school-of-business-plymouth/	410			410	https://gpacalculator.net/admission/minnesota-school-of-business-plymouth/	410	0	
https://gpacalculator.net/admission/minnesota-school-of-business-richfield/	404			404	https://gpacalculator.net/admission/minnesota-school-of-business-richfield/	404	0	
https://gpacalculator.net/admission/minnesota-school-of-business-rochester/	404			404	https://gpacalculator.net/admission/minnesota-school-of-business-rochester/	404	0	
https://gpacalculator.net/admission/minnesota-school-of-business-shakopee/	410			410	https://gpacalculator.net/admission/minnesota-school-of-business-shakopee/	410	0	
https://gpacalculator.net/admission/minnesota-school-of-business-waite-park/	404			404	https://gpacalculator.net/admission/minnesota-school-of-business-waite-park/	404	0	
https://gpacalculator.net/admission/missouri-tech/	410			410	https://gpacalculator.net/admission/missouri-tech/	410	0	
https://gpacalculator.net/admission/missouri-university-of-science-and-technology/	301	https://gpacalculator.net/admissions/missouri-st/	Rank Math	301 Rank Math > /admissions/missouri-st/ | 200	https://gpacalculator.net/admissions/missouri-st/	200	1	
https://gpacalculator.net/admission/monroe-college-new-rochelle/	301	https://gpacalculator.net/admissions/monroe-college-main-campus/	Rank Math	301 Rank Math > /admissions/monroe-college-main-campus/ | 200	https://gpacalculator.net/admissions/monroe-college-main-campus/	200	1	
https://gpacalculator.net/admission/montana-state-uni-great-falls-college-of-technology/	301	https://gpacalculator.net/admissions/montana-state-university-great-falls-college-of-technology/	Rank Math	301 Rank Math > /admissions/montana-state-university-great-falls-college-of-technology/ | 200	https://gpacalculator.net/admissions/montana-state-university-great-falls-college-of-technology/	200	1	
https://gpacalculator.net/admission/montgomery-county-community-college-central-campus/	301	https://gpacalculator.net/admissions/montgomery-county-community-college/	Rank Math	301 Rank Math > /admissions/montgomery-county-community-college/ | 200	https://gpacalculator.net/admissions/montgomery-county-community-college/	200	1	
https://gpacalculator.net/admission/montgomery-county-community-college-west-campus/	301	https://gpacalculator.net/admissions/montgomery-county-community-college/	Rank Math	301 Rank Math > /admissions/montgomery-county-community-college/ | 200	https://gpacalculator.net/admissions/montgomery-county-community-college/	200	1	
https://gpacalculator.net/admission/morrison-university/	410			410	https://gpacalculator.net/admission/morrison-university/	410	0	
https://gpacalculator.net/admission/moultrie-technical-college/	301	https://gpacalculator.net/admissions/southern-regional-technical-college/	Rank Math	301 Rank Math > /admissions/southern-regional-technical-college/ | 200	https://gpacalculator.net/admissions/southern-regional-technical-college/	200	1	
https://gpacalculator.net/admission/mount-ida-college/	404			404	https://gpacalculator.net/admission/mount-ida-college/	404	0	
https://gpacalculator.net/admission/mountain-state-college/	410			410	https://gpacalculator.net/admission/mountain-state-college/	410	0	
https://gpacalculator.net/admission/mountain-state-university/	301	https://gpacalculator.net/admissions/university-of-charleston/	Rank Math	301 Rank Math > /admissions/university-of-charleston/ | 200	https://gpacalculator.net/admissions/university-of-charleston/	200	1	
https://gpacalculator.net/admission/mountain-view-college/	301	https://gpacalculator.net/admissions/el-centro-college/	Rank Math	301 Rank Math > /admissions/el-centro-college/ | 200	https://gpacalculator.net/admissions/el-centro-college/	200	1	
https://gpacalculator.net/admission/mt-sierra-college/	410			410	https://gpacalculator.net/admission/mt-sierra-college/	410	0	
https://gpacalculator.net/admission/multnomah-university/	410			410	https://gpacalculator.net/admission/multnomah-university/	410	0	
https://gpacalculator.net/admission/national-american-uni-colorado-springs-south/	301	https://gpacalculator.net/admissions/national-american-university-colorado-springs-south/	Rank Math	301 Rank Math > /admissions/national-american-university-colorado-springs-south/ | 410	https://gpacalculator.net/admissions/national-american-university-colorado-springs-south/	410	1	
https://gpacalculator.net/admission/national-american-uni-ellsworth-afb-extension/	301	https://gpacalculator.net/admissions/national-american-university-ellsworth-afb-extension/	Rank Math	301 Rank Math > /admissions/national-american-university-ellsworth-afb-extension/ | 410	https://gpacalculator.net/admissions/national-american-university-ellsworth-afb-extension/	410	1	
https://gpacalculator.net/admission/national-american-university-albuquerque/	410			410	https://gpacalculator.net/admission/national-american-university-albuquerque/	410	0	
https://gpacalculator.net/admission/national-american-university-austin/	410			410	https://gpacalculator.net/admission/national-american-university-austin/	410	0	
https://gpacalculator.net/admission/national-american-university-bloomington/	410			410	https://gpacalculator.net/admission/national-american-university-bloomington/	410	0	
https://gpacalculator.net/admission/national-american-university-brooklyn-center/	410			410	https://gpacalculator.net/admission/national-american-university-brooklyn-center/	410	0	
https://gpacalculator.net/admission/national-american-university-centennial/	410			410	https://gpacalculator.net/admission/national-american-university-centennial/	410	0	
https://gpacalculator.net/admission/national-american-university-colorado-springs-south/	410			410	https://gpacalculator.net/admission/national-american-university-colorado-springs-south/	410	0	
https://gpacalculator.net/admission/national-american-university-colorado-springs/	410			410	https://gpacalculator.net/admission/national-american-university-colorado-springs/	410	0	
https://gpacalculator.net/admission/national-american-university-denver/	410			410	https://gpacalculator.net/admission/national-american-university-denver/	410	0	
https://gpacalculator.net/admission/national-american-university-ellsworth-afb-extension/	410			410	https://gpacalculator.net/admission/national-american-university-ellsworth-afb-extension/	410	0	
https://gpacalculator.net/admission/national-american-university-independence/	410			410	https://gpacalculator.net/admission/national-american-university-independence/	410	0	
https://gpacalculator.net/admission/national-american-university-lees-summit/	410			410	https://gpacalculator.net/admission/national-american-university-lees-summit/	410	0	
https://gpacalculator.net/admission/national-american-university-overland-park/	410			410	https://gpacalculator.net/admission/national-american-university-overland-park/	410	0	
https://gpacalculator.net/admission/national-american-university-rio-rancho/	410			410	https://gpacalculator.net/admission/national-american-university-rio-rancho/	410	0	
https://gpacalculator.net/admission/national-american-university-roseville/	410			410	https://gpacalculator.net/admission/national-american-university-roseville/	410	0	
https://gpacalculator.net/admission/national-american-university-sioux-falls/	410			410	https://gpacalculator.net/admission/national-american-university-sioux-falls/	410	0	
https://gpacalculator.net/admission/national-american-university-tulsa/	410			410	https://gpacalculator.net/admission/national-american-university-tulsa/	410	0	
https://gpacalculator.net/admission/national-american-university-wichita/	410			410	https://gpacalculator.net/admission/national-american-university-wichita/	410	0	
https://gpacalculator.net/admission/national-american-university-zona-rosa/	410			410	https://gpacalculator.net/admission/national-american-university-zona-rosa/	410	0	
https://gpacalculator.net/admission/national-college-cincinnati/	410			410	https://gpacalculator.net/admission/national-college-cincinnati/	410	0	
https://gpacalculator.net/admission/national-college-columbus/	410			410	https://gpacalculator.net/admission/national-college-columbus/	410	0	
https://gpacalculator.net/admission/national-college-dayton/	410			410	https://gpacalculator.net/admission/national-college-dayton/	410	0	
https://gpacalculator.net/admission/national-college-of-business-and-technology-nashville/	410			410	https://gpacalculator.net/admission/national-college-of-business-and-technology-nashville/	410	0	
https://gpacalculator.net/admission/national-college-stow/	410			410	https://gpacalculator.net/admission/national-college-stow/	410	0	
https://gpacalculator.net/admission/national-college-willoughby-hills/	410			410	https://gpacalculator.net/admission/national-college-willoughby-hills/	410	0	
https://gpacalculator.net/admission/naugatuck-valley-community-college/	301	https://gpacalculator.net/admissions/connecticut-state-community-college/	Rank Math	301 Rank Math > /admissions/connecticut-state-community-college/ | 200	https://gpacalculator.net/admissions/connecticut-state-community-college/	200	1	
https://gpacalculator.net/admission/nebraska-christian-college/	410			410	https://gpacalculator.net/admission/nebraska-christian-college/	410	0	
https://gpacalculator.net/admission/new-england-college-of-business/	404			404	https://gpacalculator.net/admission/new-england-college-of-business/	404	0	
https://gpacalculator.net/admission/new-england-school-of-communications/	301	https://gpacalculator.net/admissions/husson-university/	Rank Math	301 Rank Math > /admissions/husson-university/ | 200	https://gpacalculator.net/admissions/husson-university/	200	1	
https://gpacalculator.net/admission/new-hampshire-institute-of-art/	301	https://gpacalculator.net/admissions/new-england-college/	Rank Math	301 Rank Math > /admissions/new-england-college/ | 200	https://gpacalculator.net/admissions/new-england-college/	200	1	
https://gpacalculator.net/admission/new-layout-test-page/	404			404	https://gpacalculator.net/admission/new-layout-test-page/	404	0	
https://gpacalculator.net/admission/new-york-career-institute/	410			410	https://gpacalculator.net/admission/new-york-career-institute/	410	0	
https://gpacalculator.net/admission/new-york-university/	301	https://gpacalculator.net/admissions/nyu/	Rank Math	301 Rank Math > /admissions/nyu/ | 200	https://gpacalculator.net/admissions/nyu/	200	1	
https://gpacalculator.net/admission/newbury-college-brookline/	410			410	https://gpacalculator.net/admission/newbury-college-brookline/	410	0	
https://gpacalculator.net/admission/non-traditional-campuses/	404			404	https://gpacalculator.net/admission/non-traditional-campuses/	404	0	
https://gpacalculator.net/admission/north-carolina-a-t-state-university/	301	https://gpacalculator.net/admissions/north-carolina-a-and-t-state-university/	Rank Math	301 Rank Math > /admissions/north-carolina-a-and-t-state-university/ | 200	https://gpacalculator.net/admissions/north-carolina-a-and-t-state-university/	200	1	
https://gpacalculator.net/admission/north-carolina-state-university-at-raleigh/	301	https://gpacalculator.net/admissions/nc-state/	Rank Math	301 Rank Math > /admissions/nc-state/ | 200	https://gpacalculator.net/admissions/nc-state/	200	1	
https://gpacalculator.net/admission/north-georgia-college-and-state-university/	301	https://gpacalculator.net/admissions/university-of-north-georgia/	Rank Math	301 Rank Math > /admissions/university-of-north-georgia/ | 200	https://gpacalculator.net/admissions/university-of-north-georgia/	200	1	
https://gpacalculator.net/admission/north-georgia-college-state-university/	301	https://gpacalculator.net/admissions/university-of-north-georgia/	Rank Math	301 Rank Math > /admissions/university-of-north-georgia/ | 200	https://gpacalculator.net/admissions/university-of-north-georgia/	200	1	
https://gpacalculator.net/admission/north-greenville-university/	301	https://gpacalculator.net/admissions/north-greenville/	Rank Math	301 Rank Math > /admissions/north-greenville/ | 200	https://gpacalculator.net/admissions/north-greenville/	200	1	
https://gpacalculator.net/admission/north-lake-college/	301	https://gpacalculator.net/admissions/el-centro-college/	Rank Math	301 Rank Math > /admissions/el-centro-college/ | 200	https://gpacalculator.net/admissions/el-centro-college/	200	1	
https://gpacalculator.net/admission/northcentral-university/	301	https://gpacalculator.net/admissions/national-university/	Rank Math	301 Rank Math > /admissions/national-university/ | 200	https://gpacalculator.net/admissions/national-university/	200	1	
https://gpacalculator.net/admission/northeast-louisiana-technical-college-delta-ouachita-campus/	301	https://gpacalculator.net/admissions/louisiana-delta-community-college/	Rank Math	301 Rank Math > /admissions/louisiana-delta-community-college/ | 200	https://gpacalculator.net/admissions/louisiana-delta-community-college/	200	1	
https://gpacalculator.net/admission/northeastern-university/	301	https://gpacalculator.net/admissions/northeastern/	Rank Math	301 Rank Math > /admissions/northeastern/ | 200	https://gpacalculator.net/admissions/northeastern/	200	1	
https://gpacalculator.net/admission/northland-college/	404			404	https://gpacalculator.net/admission/northland-college/	404	0	
https://gpacalculator.net/admission/northland-international-university/	410			410	https://gpacalculator.net/admission/northland-international-university/	410	0	
https://gpacalculator.net/admission/northwest-technical-institute/	410			410	https://gpacalculator.net/admission/northwest-technical-institute/	410	0	
https://gpacalculator.net/admission/northwestern-college-il/	404			404	https://gpacalculator.net/admission/northwestern-college-il/	404	0	
https://gpacalculator.net/admission/northwestern-college-southwestern-campus/	404			404	https://gpacalculator.net/admission/northwestern-college-southwestern-campus/	404	0	
https://gpacalculator.net/admission/northwestern-connecticut-community-college/	301	https://gpacalculator.net/admissions/connecticut-state-community-college/	Rank Math	301 Rank Math > /admissions/connecticut-state-community-college/ | 200	https://gpacalculator.net/admissions/connecticut-state-community-college/	200	1	
https://gpacalculator.net/admission/northwestern-polytechnic-university/	301	https://gpacalculator.net/admissions/san-francisco-bay-university/	Rank Math	301 Rank Math > /admissions/san-francisco-bay-university/ | 200	https://gpacalculator.net/admissions/san-francisco-bay-university/	200	1	
https://gpacalculator.net/admission/northwestern-university/	301	https://gpacalculator.net/admissions/northwestern/	Rank Math	301 Rank Math > /admissions/northwestern/ | 200	https://gpacalculator.net/admissions/northwestern/	200	1	
https://gpacalculator.net/admission/northwood-university-florida/	410			410	https://gpacalculator.net/admission/northwood-university-florida/	410	0	
https://gpacalculator.net/admission/northwood-university-texas/	301	https://gpacalculator.net/admissions/northwood-university-michigan/	Rank Math	301 Rank Math > /admissions/northwood-university-michigan/ | 200	https://gpacalculator.net/admissions/northwood-university-michigan/	200	1	
https://gpacalculator.net/admission/norwalk-community-college/	301	https://gpacalculator.net/admissions/connecticut-state-community-college/	Rank Math	301 Rank Math > /admissions/connecticut-state-community-college/ | 200	https://gpacalculator.net/admissions/connecticut-state-community-college/	200	1	
https://gpacalculator.net/admission/notre-dame-college/	410			410	https://gpacalculator.net/admission/notre-dame-college/	410	0	
https://gpacalculator.net/admission/nova-southeastern-university/	301	https://gpacalculator.net/admissions/nova-southeastern/	Rank Math	301 Rank Math > /admissions/nova-southeastern/ | 200	https://gpacalculator.net/admissions/nova-southeastern/	200	1	
https://gpacalculator.net/admission/nyack-college/	410			410	https://gpacalculator.net/admission/nyack-college/	410	0	
https://gpacalculator.net/admission/oak-point-university/	410			410	https://gpacalculator.net/admission/oak-point-university/	410	0	
https://gpacalculator.net/admission/ohio-business-college-columbus/	301	https://gpacalculator.net/admissions/ohio-business-college-sheffield/	Rank Math	301 Rank Math > /admissions/ohio-business-college-sheffield/ | 200	https://gpacalculator.net/admissions/ohio-business-college-sheffield/	200	1	
https://gpacalculator.net/admission/ohio-business-college-sandusky/	404			404	https://gpacalculator.net/admission/ohio-business-college-sandusky/	404	0	
https://gpacalculator.net/admission/ohio-college-of-massotherapy-inc/	410			410	https://gpacalculator.net/admission/ohio-college-of-massotherapy-inc/	410	0	
https://gpacalculator.net/admission/ohio-mid-western-college/	410			410	https://gpacalculator.net/admission/ohio-mid-western-college/	410	0	
https://gpacalculator.net/admission/ohio-northern-university/	301	https://gpacalculator.net/admissions/ohio-northern/	Rank Math	301 Rank Math > /admissions/ohio-northern/ | 200	https://gpacalculator.net/admissions/ohio-northern/	200	1	
https://gpacalculator.net/admission/ohio-state-uni-agricultural-technical-institute/	301	https://gpacalculator.net/admissions/ohio-state-university-agricultural-technical-institute/	Rank Math	301 Rank Math > /admissions/ohio-state-university-agricultural-technical-institute/ | 200	https://gpacalculator.net/admissions/ohio-state-university-agricultural-technical-institute/	200	1	
https://gpacalculator.net/admission/ohio-state-university-main-campus/	301	https://gpacalculator.net/admissions/ohio-state/	Rank Math	301 Rank Math > /admissions/ohio-state/ | 200	https://gpacalculator.net/admissions/ohio-state/	200	1	
https://gpacalculator.net/admission/ohio-valley-university/	410			410	https://gpacalculator.net/admission/ohio-valley-university/	410	0	
https://gpacalculator.net/admission/okefenokee-technical-college/	301	https://gpacalculator.net/admissions/coastal-pines-technical-college/	Rank Math	301 Rank Math > /admissions/coastal-pines-technical-college/ | 200	https://gpacalculator.net/admissions/coastal-pines-technical-college/	200	1	
https://gpacalculator.net/admission/oklahoma-city-university/	301	https://gpacalculator.net/admissions/oklahoma-city/	Rank Math	301 Rank Math > /admissions/oklahoma-city/ | 200	https://gpacalculator.net/admissions/oklahoma-city/	200	1	
https://gpacalculator.net/admission/oklahoma-state-uni-center-for-health-sciences/	301	https://gpacalculator.net/admissions/oklahoma-state-university-center-for-health-sciences/	Rank Math	301 Rank Math > /admissions/oklahoma-state-university-center-for-health-sciences/ | 200	https://gpacalculator.net/admissions/oklahoma-state-university-center-for-health-sciences/	200	1	
https://gpacalculator.net/admission/oklahoma-state-uni-institute-of-technology-okmulgee/	301	https://gpacalculator.net/admissions/oklahoma-state-university-institute-of-technology-okmulgee/	Rank Math	301 Rank Math > /admissions/oklahoma-state-university-institute-of-technology-okmulgee/ | 200	https://gpacalculator.net/admissions/oklahoma-state-university-institute-of-technology-okmulgee/	200	1	
https://gpacalculator.net/admission/oklahoma-state-university-institute-of-technology/	301	https://gpacalculator.net/admissions/oklahoma-state-university-institute-of-technology-okmulgee/	Rank Math	301 Rank Math > /admissions/oklahoma-state-university-institute-of-technology-okmulgee/ | 200	https://gpacalculator.net/admissions/oklahoma-state-university-institute-of-technology-okmulgee/	200	1	
https://gpacalculator.net/admission/olean-business-institute/	410			410	https://gpacalculator.net/admission/olean-business-institute/	410	0	
https://gpacalculator.net/admission/omaha-school-of-massage-and-healthcare-of-herzing-uni/	301	https://gpacalculator.net/admissions/omaha-school-of-massage-and-healthcare-of-herzing-uni/	WordPress	301 WordPress > /admissions/omaha-school-of-massage-and-healthcare-of-herzing-uni/ | 404	https://gpacalculator.net/admissions/omaha-school-of-massage-and-healthcare-of-herzing-uni/	404	1	
https://gpacalculator.net/admission/omaha-school-of-massage-and-healthcare-of-herzing-university/	404			404	https://gpacalculator.net/admission/omaha-school-of-massage-and-healthcare-of-herzing-university/	404	0	
https://gpacalculator.net/admission/omore/	410			410	https://gpacalculator.net/admission/omore/	410	0	
https://gpacalculator.net/admission/oregon-college-of-art-and-craft/	410			410	https://gpacalculator.net/admission/oregon-college-of-art-and-craft/	410	0	
https://gpacalculator.net/admission/oregon-health-science-university/	301	https://gpacalculator.net/admissions/oregon-health-and-science-university/	Rank Math	301 Rank Math > /admissions/oregon-health-and-science-university/ | 200	https://gpacalculator.net/admissions/oregon-health-and-science-university/	200	1	
https://gpacalculator.net/admission/oregon-university-system/	410			410	https://gpacalculator.net/admission/oregon-university-system/	410	0	
https://gpacalculator.net/admission/ottawa-university-jeffersonville/	410			410	https://gpacalculator.net/admission/ottawa-university-jeffersonville/	410	0	
https://gpacalculator.net/admission/ottawa-university-kansas-city/	404			404	https://gpacalculator.net/admission/ottawa-university-kansas-city/	404	0	
https://gpacalculator.net/admission/ottawa-university-online/	301	https://gpacalculator.net/admissions/ottawa-university-ottawa/	Rank Math	301 Rank Math > /admissions/ottawa-university-ottawa/ | 200	https://gpacalculator.net/admissions/ottawa-university-ottawa/	200	1	
https://gpacalculator.net/admission/ottawa-university-phoenix/	410			410	https://gpacalculator.net/admission/ottawa-university-phoenix/	410	0	
https://gpacalculator.net/admission/our-lady-of-the-lake-university/	301	https://gpacalculator.net/admissions/our-lady-of-the-lake-university-san-antonio/	Rank Math	301 Rank Math > /admissions/our-lady-of-the-lake-university-san-antonio/ | 200	https://gpacalculator.net/admissions/our-lady-of-the-lake-university-san-antonio/	200	1	
https://gpacalculator.net/admission/paier-college-of-art-inc/	404			404	https://gpacalculator.net/admission/paier-college-of-art-inc/	404	0	
https://gpacalculator.net/admission/palm-beach-atlantic-university/	301	https://gpacalculator.net/admissions/palm-beach-atlantic-university-west-palm-beach/	Rank Math	301 Rank Math > /admissions/palm-beach-atlantic-university-west-palm-beach/ | 200	https://gpacalculator.net/admissions/palm-beach-atlantic-university-west-palm-beach/	200	1	
https://gpacalculator.net/admission/patten-university/	301	https://gpacalculator.net/admissions/patten-university/	WordPress	301 WordPress > /admissions/patten-university/ | 404	https://gpacalculator.net/admissions/patten-university/	404	1	
https://gpacalculator.net/admission/pennsylvania-institute-of-health-and-technology/	410			410	https://gpacalculator.net/admission/pennsylvania-institute-of-health-and-technology/	410	0	
https://gpacalculator.net/admission/pennsylvania-state-uni-penn-state-brandywine/	301	https://gpacalculator.net/admissions/pennsylvania-state-university-penn-state-brandywine/	Rank Math	301 Rank Math > /admissions/pennsylvania-state-university-penn-state-brandywine/ | 200	https://gpacalculator.net/admissions/pennsylvania-state-university-penn-state-brandywine/	200	1	
https://gpacalculator.net/admission/pennsylvania-state-uni-penn-state-erie-behrend-college/	301	https://gpacalculator.net/admissions/pennsylvania-state-university-penn-state-erie-behrend-college/	Rank Math	301 Rank Math > /admissions/pennsylvania-state-university-penn-state-erie-behrend-college/ | 200	https://gpacalculator.net/admissions/pennsylvania-state-university-penn-state-erie-behrend-college/	200	1	
https://gpacalculator.net/admission/pennsylvania-state-uni-penn-state-fayette-eberly-campus/	301	https://gpacalculator.net/admissions/pennsylvania-state-university-penn-state-fayette-eberly-campus/	Rank Math	301 Rank Math > /admissions/pennsylvania-state-university-penn-state-fayette-eberly-campus/ | 200	https://gpacalculator.net/admissions/pennsylvania-state-university-penn-state-fayette-eberly-campus/	200	1	
https://gpacalculator.net/admission/pennsylvania-state-uni-penn-state-great-valley/	301	https://gpacalculator.net/admissions/pennsylvania-state-university-main-campus/	Rank Math	301 Rank Math > /admissions/pennsylvania-state-university-main-campus/ | 200	https://gpacalculator.net/admissions/pennsylvania-state-university-main-campus/	200	1	
https://gpacalculator.net/admission/pennsylvania-state-uni-penn-state-greater-allegheny/	301	https://gpacalculator.net/admissions/pennsylvania-state-university-penn-state-greater-allegheny/	Rank Math	301 Rank Math > /admissions/pennsylvania-state-university-penn-state-greater-allegheny/ | 200	https://gpacalculator.net/admissions/pennsylvania-state-university-penn-state-greater-allegheny/	200	1	
https://gpacalculator.net/admission/pennsylvania-state-uni-penn-state-harrisburg/	301	https://gpacalculator.net/admissions/pennsylvania-state-university-penn-state-harrisburg/	Rank Math	301 Rank Math > /admissions/pennsylvania-state-university-penn-state-harrisburg/ | 200	https://gpacalculator.net/admissions/pennsylvania-state-university-penn-state-harrisburg/	200	1	
https://gpacalculator.net/admission/pennsylvania-state-uni-penn-state-lehigh-valley/	301	https://gpacalculator.net/admissions/pennsylvania-state-university-penn-state-lehigh-valley/	Rank Math	301 Rank Math > /admissions/pennsylvania-state-university-penn-state-lehigh-valley/ | 200	https://gpacalculator.net/admissions/pennsylvania-state-university-penn-state-lehigh-valley/	200	1	
https://gpacalculator.net/admission/pennsylvania-state-uni-penn-state-mont-alto/	301	https://gpacalculator.net/admissions/pennsylvania-state-university-penn-state-mont-alto/	Rank Math	301 Rank Math > /admissions/pennsylvania-state-university-penn-state-mont-alto/ | 200	https://gpacalculator.net/admissions/pennsylvania-state-university-penn-state-mont-alto/	200	1	
https://gpacalculator.net/admission/pennsylvania-state-uni-penn-state-new-kensington/	301	https://gpacalculator.net/admissions/pennsylvania-state-university-penn-state-new-kensington/	Rank Math	301 Rank Math > /admissions/pennsylvania-state-university-penn-state-new-kensington/ | 200	https://gpacalculator.net/admissions/pennsylvania-state-university-penn-state-new-kensington/	200	1	
https://gpacalculator.net/admission/pennsylvania-state-uni-penn-state-schuylkill/	301	https://gpacalculator.net/admissions/pennsylvania-state-university-penn-state-schuylkill/	Rank Math	301 Rank Math > /admissions/pennsylvania-state-university-penn-state-schuylkill/ | 200	https://gpacalculator.net/admissions/pennsylvania-state-university-penn-state-schuylkill/	200	1	
https://gpacalculator.net/admission/pennsylvania-state-uni-penn-state-wilkes-barre/	301	https://gpacalculator.net/admissions/pennsylvania-state-university-penn-state-wilkes-barre/	Rank Math	301 Rank Math > /admissions/pennsylvania-state-university-penn-state-wilkes-barre/ | 200	https://gpacalculator.net/admissions/pennsylvania-state-university-penn-state-wilkes-barre/	200	1	
https://gpacalculator.net/admission/pennsylvania-state-uni-penn-state-worthington-scranton/	301	https://gpacalculator.net/admissions/pennsylvania-state-university-penn-state-worthington-scranton/	Rank Math	301 Rank Math > /admissions/pennsylvania-state-university-penn-state-worthington-scranton/ | 200	https://gpacalculator.net/admissions/pennsylvania-state-university-penn-state-worthington-scranton/	200	1	
https://gpacalculator.net/admission/pennsylvania-state-university-college-of-medicine/	301	https://gpacalculator.net/admissions/pennsylvania-state-university-main-campus/	Rank Math	301 Rank Math > /admissions/pennsylvania-state-university-main-campus/ | 200	https://gpacalculator.net/admissions/pennsylvania-state-university-main-campus/	200	1	
https://gpacalculator.net/admission/pennsylvania-state-university-penn-state-fayette-eberly/	301	https://gpacalculator.net/admissions/pennsylvania-state-university-penn-state-fayette-eberly-campus/	Rank Math	301 Rank Math > /admissions/pennsylvania-state-university-penn-state-fayette-eberly-campus/ | 200	https://gpacalculator.net/admissions/pennsylvania-state-university-penn-state-fayette-eberly-campus/	200	1	
https://gpacalculator.net/admission/pennsylvania-state-university-penn-state-great-valley/	301	https://gpacalculator.net/admissions/pennsylvania-state-university-main-campus/	Rank Math	301 Rank Math > /admissions/pennsylvania-state-university-main-campus/ | 200	https://gpacalculator.net/admissions/pennsylvania-state-university-main-campus/	200	1	
https://gpacalculator.net/admission/philadelphia-biblical-university-langhorne/	301	https://gpacalculator.net/admissions/cairn-university/	Rank Math	301 Rank Math > /admissions/cairn-university/ | 200	https://gpacalculator.net/admissions/cairn-university/	200	1	
https://gpacalculator.net/admission/philadelphia-university/	301	https://gpacalculator.net/admissions/thomas-jefferson-university/	Rank Math	301 Rank Math > /admissions/thomas-jefferson-university/ | 200	https://gpacalculator.net/admissions/thomas-jefferson-university/	200	1	
https://gpacalculator.net/admission/phillips-community-college-of-the-uni-of-arkansas/	301	https://gpacalculator.net/admissions/phillips-community-college-of-the-university-of-arkansas/	Rank Math	301 Rank Math > /admissions/phillips-community-college-of-the-university-of-arkansas/ | 200	https://gpacalculator.net/admissions/phillips-community-college-of-the-university-of-arkansas/	200	1	
https://gpacalculator.net/admission/piedmont-international-university/	301	https://gpacalculator.net/admissions/carolina-university/	Rank Math	301 Rank Math > /admissions/carolina-university/ | 200	https://gpacalculator.net/admissions/carolina-university/	200	1	
https://gpacalculator.net/admission/pierce-college-at-fort-steilacoom/	301	https://gpacalculator.net/admissions/pierce-college-district/	Rank Math	301 Rank Math > /admissions/pierce-college-district/ | 200	https://gpacalculator.net/admissions/pierce-college-district/	200	1	
https://gpacalculator.net/admission/pierce-college-at-puyallup/	301	https://gpacalculator.net/admissions/pierce-college-district/	Rank Math	301 Rank Math > /admissions/pierce-college-district/ | 200	https://gpacalculator.net/admissions/pierce-college-district/	200	1	
https://gpacalculator.net/admission/pinnacle-career-institute-lawrence/	410			410	https://gpacalculator.net/admission/pinnacle-career-institute-lawrence/	410	0	
https://gpacalculator.net/admission/pinnacle-career-institute-south-kansas-city/	301	https://gpacalculator.net/admissions/pinnacle-career-institute-north-kansas-city/	Rank Math	301 Rank Math > /admissions/pinnacle-career-institute-north-kansas-city/ | 200	https://gpacalculator.net/admissions/pinnacle-career-institute-north-kansas-city/	200	1	
https://gpacalculator.net/admission/pioneer-pacific-college/	410			410	https://gpacalculator.net/admission/pioneer-pacific-college/	410	0	
https://gpacalculator.net/admission/pittsburgh-technical-institute/	410			410	https://gpacalculator.net/admission/pittsburgh-technical-institute/	410	0	
https://gpacalculator.net/admission/platt-college-aurora/	410			410	https://gpacalculator.net/admission/platt-college-aurora/	410	0	
https://gpacalculator.net/admission/platt-college-san-diego/	410			410	https://gpacalculator.net/admission/platt-college-san-diego/	410	0	
https://gpacalculator.net/admission/polytechnic-institute-of-new-york-university/	301	https://gpacalculator.net/admissions/nyu/	Rank Math	301 Rank Math > /admissions/nyu/ | 200	https://gpacalculator.net/admissions/nyu/	200	1	
https://gpacalculator.net/admission/polytechnic-uni-of-puerto-rico-miami-campus/	301	https://gpacalculator.net/admissions/polytechnic-university-of-puerto-rico-miami-campus/	Rank Math	301 Rank Math > /admissions/polytechnic-university-of-puerto-rico-miami-campus/ | 200	https://gpacalculator.net/admissions/polytechnic-university-of-puerto-rico-miami-campus/	200	1	
https://gpacalculator.net/admission/polytechnic-university-of-puerto-rico-miami/	301	https://gpacalculator.net/admissions/polytechnic-university-of-puerto-rico-miami-campus/	Rank Math	301 Rank Math > /admissions/polytechnic-university-of-puerto-rico-miami-campus/ | 200	https://gpacalculator.net/admissions/polytechnic-university-of-puerto-rico-miami-campus/	200	1	
https://gpacalculator.net/admission/prairie-view-a-and-m-university/	301	https://gpacalculator.net/admissions/prairie-view-a-m-university/	Rank Math	301 Rank Math > /admissions/prairie-view-a-m-university/ | 200	https://gpacalculator.net/admissions/prairie-view-a-m-university/	200	1	
https://gpacalculator.net/admission/presentation-college/	410			410	https://gpacalculator.net/admission/presentation-college/	410	0	
https://gpacalculator.net/admission/prince-institute-of-professional-studies-inc/	410			410	https://gpacalculator.net/admission/prince-institute-of-professional-studies-inc/	410	0	
https://gpacalculator.net/admission/prince-institute-rocky-mountains/	410			410	https://gpacalculator.net/admission/prince-institute-rocky-mountains/	410	0	
https://gpacalculator.net/admission/prince-william-sound-community-college/	301	https://gpacalculator.net/admissions/university-of-alaska-anchorage/	Rank Math	301 Rank Math > /admissions/university-of-alaska-anchorage/ | 200	https://gpacalculator.net/admissions/university-of-alaska-anchorage/	200	1	
https://gpacalculator.net/admission/princeton-university/	301	https://gpacalculator.net/admissions/princeton/	Rank Math	301 Rank Math > /admissions/princeton/ | 200	https://gpacalculator.net/admissions/princeton/	200	1	
https://gpacalculator.net/admission/professional-business-college/	410			410	https://gpacalculator.net/admission/professional-business-college/	410	0	
https://gpacalculator.net/admission/provo-college-american-fork/	410			410	https://gpacalculator.net/admission/provo-college-american-fork/	410	0	
https://gpacalculator.net/admission/purdue-university-calumet-campus/	301	https://gpacalculator.net/admissions/purdue-university-northwest/	Rank Math	301 Rank Math > /admissions/purdue-university-northwest/ | 200	https://gpacalculator.net/admissions/purdue-university-northwest/	200	1	
https://gpacalculator.net/admission/purdue-university-north-central-campus/	301	https://gpacalculator.net/admissions/purdue-university-northwest/	Rank Math	301 Rank Math > /admissions/purdue-university-northwest/ | 200	https://gpacalculator.net/admissions/purdue-university-northwest/	200	1	
https://gpacalculator.net/admission/quinebaug-valley-community-college/	301	https://gpacalculator.net/admissions/connecticut-state-community-college/	Rank Math	301 Rank Math > /admissions/connecticut-state-community-college/ | 200	https://gpacalculator.net/admissions/connecticut-state-community-college/	200	1	
https://gpacalculator.net/admission/rainy-river-community-college/	301	https://gpacalculator.net/admissions/minnesota-north-college/	Rank Math	301 Rank Math > /admissions/minnesota-north-college/ | 200	https://gpacalculator.net/admissions/minnesota-north-college/	200	1	
https://gpacalculator.net/admission/remington-college-cleveland-west-campus/	410			410	https://gpacalculator.net/admission/remington-college-cleveland-west-campus/	410	0	
https://gpacalculator.net/admission/remington-college-colorado-springs-campus/	410			410	https://gpacalculator.net/admission/remington-college-colorado-springs-campus/	410	0	
https://gpacalculator.net/admission/remington-college-honolulu-campus/	410			410	https://gpacalculator.net/admission/remington-college-honolulu-campus/	410	0	
https://gpacalculator.net/admission/remington-college-houston-campus/	410			410	https://gpacalculator.net/admission/remington-college-houston-campus/	410	0	
https://gpacalculator.net/admission/remington-college-knoxville/	410			410	https://gpacalculator.net/admission/remington-college-knoxville/	410	0	
https://gpacalculator.net/admission/remington-college-little-rock-campus/	410			410	https://gpacalculator.net/admission/remington-college-little-rock-campus/	410	0	
https://gpacalculator.net/admission/remington-college-tampa-campus/	410			410	https://gpacalculator.net/admission/remington-college-tampa-campus/	410	0	
https://gpacalculator.net/admission/remington-college/	410			410	https://gpacalculator.net/admission/remington-college/	410	0	
https://gpacalculator.net/admission/resurrection-university/	301	https://gpacalculator.net/admissions/oak-point-university/	Rank Math	301 Rank Math > /admissions/oak-point-university/ | 410	https://gpacalculator.net/admissions/oak-point-university/	410	1	
https://gpacalculator.net/admission/rice-university/	301	https://gpacalculator.net/admissions/rice/	Rank Math	301 Rank Math > /admissions/rice/ | 200	https://gpacalculator.net/admissions/rice/	200	1	
https://gpacalculator.net/admission/richland-college/	301	https://gpacalculator.net/admissions/el-centro-college/	Rank Math	301 Rank Math > /admissions/el-centro-college/ | 200	https://gpacalculator.net/admissions/el-centro-college/	200	1	
https://gpacalculator.net/admission/robert-morris-university-illinois/	301	https://gpacalculator.net/admissions/roosevelt-university/	Rank Math	301 Rank Math > /admissions/roosevelt-university/ | 200	https://gpacalculator.net/admissions/roosevelt-university/	200	1	
https://gpacalculator.net/admission/rockford-career-college/	410			410	https://gpacalculator.net/admission/rockford-career-college/	410	0	
https://gpacalculator.net/admission/roger-williams-university-school-of-law/	404			404	https://gpacalculator.net/admission/roger-williams-university-school-of-law/	404	0	
https://gpacalculator.net/admission/rosalind-franklin-uni-of-medicine-and-science/	301	https://gpacalculator.net/admissions/rosalind-franklin-university/	Rank Math	301 Rank Math > /admissions/rosalind-franklin-university/ | 200	https://gpacalculator.net/admissions/rosalind-franklin-university/	200	1	
https://gpacalculator.net/admission/rosalind-franklin-university-of-medicine-and-science/	301	https://gpacalculator.net/admissions/rosalind-franklin-university/	Rank Math	301 Rank Math > /admissions/rosalind-franklin-university/ | 200	https://gpacalculator.net/admissions/rosalind-franklin-university/	200	1	
https://gpacalculator.net/admission/sage-college/	410			410	https://gpacalculator.net/admission/sage-college/	410	0	
https://gpacalculator.net/admission/saint-augustine-college/	404			404	https://gpacalculator.net/admission/saint-augustine-college/	404	0	
https://gpacalculator.net/admission/saint-catharine-college/	410			410	https://gpacalculator.net/admission/saint-catharine-college/	410	0	
https://gpacalculator.net/admission/saint-gregorys-university/	410			410	https://gpacalculator.net/admission/saint-gregorys-university/	410	0	
https://gpacalculator.net/admission/saint-josephs-college/	410			410	https://gpacalculator.net/admission/saint-josephs-college/	410	0	
https://gpacalculator.net/admission/saint-louis-christian-college/	410			410	https://gpacalculator.net/admission/saint-louis-christian-college/	410	0	
https://gpacalculator.net/admission/saint-louis-university-main-campus/	301	https://gpacalculator.net/admissions/saint-louis/	Rank Math	301 Rank Math > /admissions/saint-louis/ | 200	https://gpacalculator.net/admissions/saint-louis/	200	1	
https://gpacalculator.net/admission/saint-louis-university/	301	https://gpacalculator.net/admissions/saint-louis/	Rank Math	301 Rank Math > /admissions/saint-louis/ | 200	https://gpacalculator.net/admissions/saint-louis/	200	1	
https://gpacalculator.net/admission/saint-thomas-university/	301	https://gpacalculator.net/admissions/st-thomas-university/	Rank Math	301 Rank Math > /admissions/st-thomas-university/ | 200	https://gpacalculator.net/admissions/st-thomas-university/	200	1	
https://gpacalculator.net/admission/salus-university/	301	https://gpacalculator.net/admissions/drexel-university/	Rank Math	301 Rank Math > /admissions/drexel-university/ | 200	https://gpacalculator.net/admissions/drexel-university/	200	1	
https://gpacalculator.net/admission/samford-university/	301	https://gpacalculator.net/admissions/samford/	Rank Math	301 Rank Math > /admissions/samford/ | 200	https://gpacalculator.net/admissions/samford/	200	1	
https://gpacalculator.net/admission/san-diego-state-university-imperial-valley-campus/	301	https://gpacalculator.net/admissions/san-diego-state/	Rank Math	301 Rank Math > /admissions/san-diego-state/ | 200	https://gpacalculator.net/admissions/san-diego-state/	200	1	
https://gpacalculator.net/admission/san-diego-state-university/	301	https://gpacalculator.net/admissions/san-diego-state/	Rank Math	301 Rank Math > /admissions/san-diego-state/ | 200	https://gpacalculator.net/admissions/san-diego-state/	200	1	
https://gpacalculator.net/admission/san-francisco-art-institute/	410			410	https://gpacalculator.net/admission/san-francisco-art-institute/	410	0	
https://gpacalculator.net/admission/san-joaquin-valley-college-fresno/	410			410	https://gpacalculator.net/admission/san-joaquin-valley-college-fresno/	410	0	
https://gpacalculator.net/admission/santa-barbara-business-college-bakersfield/	410			410	https://gpacalculator.net/admission/santa-barbara-business-college-bakersfield/	410	0	
https://gpacalculator.net/admission/santa-barbara-business-college-santa-maria/	410			410	https://gpacalculator.net/admission/santa-barbara-business-college-santa-maria/	410	0	
https://gpacalculator.net/admission/santa-fe-university-of-art-and-design/	410			410	https://gpacalculator.net/admission/santa-fe-university-of-art-and-design/	410	0	
https://gpacalculator.net/admission/school-of-the-museum-of-fine-arts-boston/	301	https://gpacalculator.net/admissions/tufts/	Rank Math	301 Rank Math > /admissions/tufts/ | 200	https://gpacalculator.net/admissions/tufts/	200	1	
https://gpacalculator.net/admission/shorter-uni-college-of-adult-professional-programs/	301	https://gpacalculator.net/admissions/shorter-university-college-of-adult-professional-programs/	Rank Math	301 Rank Math > /admissions/shorter-university-college-of-adult-professional-programs/ | 410	https://gpacalculator.net/admissions/shorter-university-college-of-adult-professional-programs/	410	1	
https://gpacalculator.net/admission/shorter-university-college-of-adult-professional-programs/	410			410	https://gpacalculator.net/admission/shorter-university-college-of-adult-professional-programs/	410	0	
https://gpacalculator.net/admission/sierra-nevada-college/	410			410	https://gpacalculator.net/admission/sierra-nevada-college/	410	0	
https://gpacalculator.net/admission/silver-lake-college-of-the-holy-family/	410			410	https://gpacalculator.net/admission/silver-lake-college-of-the-holy-family/	410	0	
https://gpacalculator.net/admission/simmons-institute-of-funeral-service-inc/	410			410	https://gpacalculator.net/admission/simmons-institute-of-funeral-service-inc/	410	0	
https://gpacalculator.net/admission/skyline-college-roanoke/	410			410	https://gpacalculator.net/admission/skyline-college-roanoke/	410	0	
https://gpacalculator.net/admission/sojourner-douglass-college/	410			410	https://gpacalculator.net/admission/sojourner-douglass-college/	410	0	
https://gpacalculator.net/admission/south-central-louisiana-technical-college-young-memorial-campus/	301	https://gpacalculator.net/admissions/south-louisiana-community-college/	Rank Math	301 Rank Math > /admissions/south-louisiana-community-college/ | 200	https://gpacalculator.net/admissions/south-louisiana-community-college/	200	1	
https://gpacalculator.net/admission/south-college-asheville/	301	https://gpacalculator.net/admissions/south-college/	Rank Math	301 Rank Math > /admissions/south-college/ | 200	https://gpacalculator.net/admissions/south-college/	200	1	
https://gpacalculator.net/admission/south-georgia-college/	301	https://gpacalculator.net/admissions/south-georgia-state-college/	Rank Math	301 Rank Math > /admissions/south-georgia-state-college/ | 200	https://gpacalculator.net/admissions/south-georgia-state-college/	200	1	
https://gpacalculator.net/admission/south-university%cb%86richmond/	301	https://gpacalculator.net/admissions/south-university/	Rank Math	301 Rank Math > /admissions/south-university/ | 200	https://gpacalculator.net/admissions/south-university/	200	1	
https://gpacalculator.net/admission/south-university%cb%86savannah-online/	301	https://gpacalculator.net/admissions/south-university/	Rank Math	301 Rank Math > /admissions/south-university/ | 200	https://gpacalculator.net/admissions/south-university/	200	1	
https://gpacalculator.net/admission/south-university%cb%86virginia-beach/	301	https://gpacalculator.net/admissions/south-university/	Rank Math	301 Rank Math > /admissions/south-university/ | 200	https://gpacalculator.net/admissions/south-university/	200	1	
https://gpacalculator.net/admission/south-university-accelerated-graduate-programs/	301	https://gpacalculator.net/admissions/south-university/	Rank Math	301 Rank Math > /admissions/south-university/ | 200	https://gpacalculator.net/admissions/south-university/	200	1	
https://gpacalculator.net/admission/south-university-columbia/	301	https://gpacalculator.net/admissions/south-university/	Rank Math	301 Rank Math > /admissions/south-university/ | 200	https://gpacalculator.net/admissions/south-university/	200	1	
https://gpacalculator.net/admission/south-university-montgomery/	301	https://gpacalculator.net/admissions/south-university/	Rank Math	301 Rank Math > /admissions/south-university/ | 200	https://gpacalculator.net/admissions/south-university/	200	1	
https://gpacalculator.net/admission/south-university-novi/	410			410	https://gpacalculator.net/admission/south-university-novi/	410	0	
https://gpacalculator.net/admission/south-university-off-campus-programs/	301	https://gpacalculator.net/admissions/south-university-off-campus-programs/	WordPress	301 WordPress > /admissions/south-university-off-campus-programs/ | 404	https://gpacalculator.net/admissions/south-university-off-campus-programs/	404	1	
https://gpacalculator.net/admission/south-university-richmond/	301	https://gpacalculator.net/admissions/south-university/	Rank Math	301 Rank Math > /admissions/south-university/ | 200	https://gpacalculator.net/admissions/south-university/	200	1	
https://gpacalculator.net/admission/south-university-savannah-online/	301	https://gpacalculator.net/admissions/south-university/	Rank Math	301 Rank Math > /admissions/south-university/ | 200	https://gpacalculator.net/admissions/south-university/	200	1	
https://gpacalculator.net/admission/south-university-savannah/	301	https://gpacalculator.net/admissions/south-university/	Rank Math	301 Rank Math > /admissions/south-university/ | 200	https://gpacalculator.net/admissions/south-university/	200	1	
https://gpacalculator.net/admission/south-university-tampa/	301	https://gpacalculator.net/admissions/south-university/	Rank Math	301 Rank Math > /admissions/south-university/ | 200	https://gpacalculator.net/admissions/south-university/	200	1	
https://gpacalculator.net/admission/south-university-the-art-institute-of-dallas/	410			410	https://gpacalculator.net/admission/south-university-the-art-institute-of-dallas/	410	0	
https://gpacalculator.net/admission/south-university-the-art-institute-of-fort-worth/	410			410	https://gpacalculator.net/admission/south-university-the-art-institute-of-fort-worth/	410	0	
https://gpacalculator.net/admission/south-university-virginia-beach/	301	https://gpacalculator.net/admissions/south-university/	Rank Math	301 Rank Math > /admissions/south-university/ | 200	https://gpacalculator.net/admissions/south-university/	200	1	
https://gpacalculator.net/admission/south-university-west-palm-beach/	301	https://gpacalculator.net/admissions/south-university/	Rank Math	301 Rank Math > /admissions/south-university/ | 200	https://gpacalculator.net/admissions/south-university/	200	1	
https://gpacalculator.net/admission/southeastern-bible-college/	410			410	https://gpacalculator.net/admission/southeastern-bible-college/	410	0	
https://gpacalculator.net/admission/southern-california-university-soma/	410			410	https://gpacalculator.net/admission/southern-california-university-soma/	410	0	
https://gpacalculator.net/admission/southern-illinois-university-system-office/	410			410	https://gpacalculator.net/admission/southern-illinois-university-system-office/	410	0	
https://gpacalculator.net/admission/southern-illinois-university-systems-office/	301	https://gpacalculator.net/admissions/southern-illinois-university-systems-office/	WordPress	301 WordPress > /admissions/southern-illinois-university-systems-office/ | 410	https://gpacalculator.net/admissions/southern-illinois-university-systems-office/	410	1	
https://gpacalculator.net/admission/southern-polytechnic-state-university/	301	https://gpacalculator.net/admissions/kennesaw-state-university/	Rank Math	301 Rank Math > /admissions/kennesaw-state-university/ | 200	https://gpacalculator.net/admissions/kennesaw-state-university/	200	1	
https://gpacalculator.net/admission/southern-university-and-a-and-m-college/	301	https://gpacalculator.net/admissions/southern-university-and-a-m-college/	Rank Math	301 Rank Math > /admissions/southern-university-and-a-m-college/ | 200	https://gpacalculator.net/admissions/southern-university-and-a-m-college/	200	1	
https://gpacalculator.net/admission/southern-university-board-and-system/	410			410	https://gpacalculator.net/admission/southern-university-board-and-system/	410	0	
https://gpacalculator.net/admission/southern-vermont-college/	410			410	https://gpacalculator.net/admission/southern-vermont-college/	410	0	
https://gpacalculator.net/admission/southern-wesleyan-university/	301	https://gpacalculator.net/admissions/southern-wesleyan/	Rank Math	301 Rank Math > /admissions/southern-wesleyan/ | 200	https://gpacalculator.net/admissions/southern-wesleyan/	200	1	
https://gpacalculator.net/admission/southwest-georgia-technical-college/	301	https://gpacalculator.net/admissions/southern-regional-technical-college/	Rank Math	301 Rank Math > /admissions/southern-regional-technical-college/ | 200	https://gpacalculator.net/admissions/southern-regional-technical-college/	200	1	
https://gpacalculator.net/admission/southwest-university-of-visual-arts-albuquerque/	410			410	https://gpacalculator.net/admission/southwest-university-of-visual-arts-albuquerque/	410	0	
https://gpacalculator.net/admission/southwest-university-of-visual-arts-tucson/	410			410	https://gpacalculator.net/admission/southwest-university-of-visual-arts-tucson/	410	0	
https://gpacalculator.net/admission/spalding-university/	301	https://gpacalculator.net/admissions/spalding/	Rank Math	301 Rank Math > /admissions/spalding/ | 200	https://gpacalculator.net/admissions/spalding/	200	1	
https://gpacalculator.net/admission/st-andrews-university/	404			404	https://gpacalculator.net/admission/st-andrews-university/	404	0	
https://gpacalculator.net/admission/st-bonaventure-university/	301	https://gpacalculator.net/admissions/saint-bonaventure-university/	Rank Math	301 Rank Math > /admissions/saint-bonaventure-university/ | 200	https://gpacalculator.net/admissions/saint-bonaventure-university/	200	1	
https://gpacalculator.net/admission/st-luke-university/	301	https://gpacalculator.net/admissions/st-luke-university/	WordPress	301 WordPress > /admissions/st-luke-university/ | 404	https://gpacalculator.net/admissions/st-luke-university/	404	1	
https://gpacalculator.net/admission/st-marys-seminary-university/	301	https://gpacalculator.net/admissions/st-marys-seminary-and-university/	Rank Math	301 Rank Math > /admissions/st-marys-seminary-and-university/ | 200	https://gpacalculator.net/admissions/st-marys-seminary-and-university/	200	1	
https://gpacalculator.net/admission/st-vincents-college/	301	https://gpacalculator.net/admissions/sacred-heart-university/	Rank Math	301 Rank Math > /admissions/sacred-heart-university/ | 200	https://gpacalculator.net/admissions/sacred-heart-university/	200	1	
https://gpacalculator.net/admission/stanford-university/	301	https://gpacalculator.net/admissions/stanford/	Rank Math	301 Rank Math > /admissions/stanford/ | 200	https://gpacalculator.net/admissions/stanford/	200	1	
https://gpacalculator.net/admission/stenotype-institute-of-jacksonville-inc-jacksonville/	410			410	https://gpacalculator.net/admission/stenotype-institute-of-jacksonville-inc-jacksonville/	410	0	
https://gpacalculator.net/admission/stenotype-institute-of-jacksonville-inc-orlando/	410			410	https://gpacalculator.net/admission/stenotype-institute-of-jacksonville-inc-orlando/	410	0	
https://gpacalculator.net/admission/stevens-henager-college-murray/	410			410	https://gpacalculator.net/admission/stevens-henager-college-murray/	410	0	
https://gpacalculator.net/admission/stevens-henager-college-of-business-provo/	410			410	https://gpacalculator.net/admission/stevens-henager-college-of-business-provo/	410	0	
https://gpacalculator.net/admission/stevens-henager-college-ogden/	410			410	https://gpacalculator.net/admission/stevens-henager-college-ogden/	410	0	
https://gpacalculator.net/admission/stevens-henager-college/	410			410	https://gpacalculator.net/admission/stevens-henager-college/	410	0	
https://gpacalculator.net/admission/stony-brook-university/	301	https://gpacalculator.net/admissions/stony-brook/	Rank Math	301 Rank Math > /admissions/stony-brook/ | 200	https://gpacalculator.net/admissions/stony-brook/	200	1	
https://gpacalculator.net/admission/stratford-university/	410			410	https://gpacalculator.net/admission/stratford-university/	410	0	
https://gpacalculator.net/admission/strayer-university-alabama/	301	https://gpacalculator.net/admissions/strayer-university/	Rank Math	301 Rank Math > /admissions/strayer-university/ | 200	https://gpacalculator.net/admissions/strayer-university/	200	1	
https://gpacalculator.net/admission/strayer-university-arkansas/	301	https://gpacalculator.net/admissions/strayer-university/	Rank Math	301 Rank Math > /admissions/strayer-university/ | 200	https://gpacalculator.net/admissions/strayer-university/	200	1	
https://gpacalculator.net/admission/strayer-university-delaware/	301	https://gpacalculator.net/admissions/strayer-university/	Rank Math	301 Rank Math > /admissions/strayer-university/ | 200	https://gpacalculator.net/admissions/strayer-university/	200	1	
https://gpacalculator.net/admission/strayer-university-district-of-columbia/	301	https://gpacalculator.net/admissions/strayer-university/	Rank Math	301 Rank Math > /admissions/strayer-university/ | 200	https://gpacalculator.net/admissions/strayer-university/	200	1	
https://gpacalculator.net/admission/strayer-university-florida/	301	https://gpacalculator.net/admissions/strayer-university/	Rank Math	301 Rank Math > /admissions/strayer-university/ | 200	https://gpacalculator.net/admissions/strayer-university/	200	1	
https://gpacalculator.net/admission/strayer-university-georgia/	301	https://gpacalculator.net/admissions/strayer-university/	Rank Math	301 Rank Math > /admissions/strayer-university/ | 200	https://gpacalculator.net/admissions/strayer-university/	200	1	
https://gpacalculator.net/admission/strayer-university-global-region/	301	https://gpacalculator.net/admissions/strayer-university/	Rank Math	301 Rank Math > /admissions/strayer-university/ | 200	https://gpacalculator.net/admissions/strayer-university/	200	1	
https://gpacalculator.net/admission/strayer-university-kentucky/	301	https://gpacalculator.net/admissions/strayer-university/	Rank Math	301 Rank Math > /admissions/strayer-university/ | 200	https://gpacalculator.net/admissions/strayer-university/	200	1	
https://gpacalculator.net/admission/strayer-university-louisiana/	301	https://gpacalculator.net/admissions/strayer-university/	Rank Math	301 Rank Math > /admissions/strayer-university/ | 200	https://gpacalculator.net/admissions/strayer-university/	200	1	
https://gpacalculator.net/admission/strayer-university-maryland/	301	https://gpacalculator.net/admissions/strayer-university/	Rank Math	301 Rank Math > /admissions/strayer-university/ | 200	https://gpacalculator.net/admissions/strayer-university/	200	1	
https://gpacalculator.net/admission/strayer-university-mississippi/	301	https://gpacalculator.net/admissions/strayer-university/	Rank Math	301 Rank Math > /admissions/strayer-university/ | 200	https://gpacalculator.net/admissions/strayer-university/	200	1	
https://gpacalculator.net/admission/strayer-university-new-jersey/	301	https://gpacalculator.net/admissions/strayer-university/	Rank Math	301 Rank Math > /admissions/strayer-university/ | 200	https://gpacalculator.net/admissions/strayer-university/	200	1	
https://gpacalculator.net/admission/strayer-university-north-carolina/	301	https://gpacalculator.net/admissions/strayer-university/	Rank Math	301 Rank Math > /admissions/strayer-university/ | 200	https://gpacalculator.net/admissions/strayer-university/	200	1	
https://gpacalculator.net/admission/strayer-university-ohio/	301	https://gpacalculator.net/admissions/strayer-university/	Rank Math	301 Rank Math > /admissions/strayer-university/ | 200	https://gpacalculator.net/admissions/strayer-university/	200	1	
https://gpacalculator.net/admission/strayer-university-pennsylvania/	301	https://gpacalculator.net/admissions/strayer-university/	Rank Math	301 Rank Math > /admissions/strayer-university/ | 200	https://gpacalculator.net/admissions/strayer-university/	200	1	
https://gpacalculator.net/admission/strayer-university-south-carolina/	301	https://gpacalculator.net/admissions/strayer-university/	Rank Math	301 Rank Math > /admissions/strayer-university/ | 200	https://gpacalculator.net/admissions/strayer-university/	200	1	
https://gpacalculator.net/admission/strayer-university-tennessee/	301	https://gpacalculator.net/admissions/strayer-university/	Rank Math	301 Rank Math > /admissions/strayer-university/ | 200	https://gpacalculator.net/admissions/strayer-university/	200	1	
https://gpacalculator.net/admission/strayer-university-texas/	301	https://gpacalculator.net/admissions/strayer-university/	Rank Math	301 Rank Math > /admissions/strayer-university/ | 200	https://gpacalculator.net/admissions/strayer-university/	200	1	
https://gpacalculator.net/admission/strayer-university-utah/	301	https://gpacalculator.net/admissions/strayer-university/	Rank Math	301 Rank Math > /admissions/strayer-university/ | 200	https://gpacalculator.net/admissions/strayer-university/	200	1	
https://gpacalculator.net/admission/strayer-university-virginia/	301	https://gpacalculator.net/admissions/strayer-university/	Rank Math	301 Rank Math > /admissions/strayer-university/ | 200	https://gpacalculator.net/admissions/strayer-university/	200	1	
https://gpacalculator.net/admission/strayer-university-west-virginia/	301	https://gpacalculator.net/admissions/strayer-university/	Rank Math	301 Rank Math > /admissions/strayer-university/ | 200	https://gpacalculator.net/admissions/strayer-university/	200	1	
https://gpacalculator.net/admission/taylor-university/	301	https://gpacalculator.net/admissions/taylor/	Rank Math	301 Rank Math > /admissions/taylor/ | 200	https://gpacalculator.net/admissions/taylor/	200	1	
https://gpacalculator.net/admission/tennessee-temple-university/	301	https://gpacalculator.net/admissions/carolina-university/	Rank Math	301 Rank Math > /admissions/carolina-university/ | 200	https://gpacalculator.net/admissions/carolina-university/	200	1	
https://gpacalculator.net/admission/texas-a-and-m-university-commerce/	301	https://gpacalculator.net/admissions/texas-a-m-university-commerce/	Rank Math	301 Rank Math > /admissions/texas-a-m-university-commerce/ | 200	https://gpacalculator.net/admissions/texas-a-m-university-commerce/	200	1	
https://gpacalculator.net/admission/texas-a-and-m-university-corpus-christi/	301	https://gpacalculator.net/admissions/texas-a-m-university-corpus-christi/	Rank Math	301 Rank Math > /admissions/texas-a-m-university-corpus-christi/ | 200	https://gpacalculator.net/admissions/texas-a-m-university-corpus-christi/	200	1	
https://gpacalculator.net/admission/texas-a-and-m-university-galveston/	301	https://gpacalculator.net/admissions/texas-a-and-m-university-college-station/	Rank Math	301 Rank Math > /admissions/texas-a-and-m-university-college-station/ | 200	https://gpacalculator.net/admissions/texas-a-and-m-university-college-station/	200	1	
https://gpacalculator.net/admission/texas-a-and-m-university-kingsville/	301	https://gpacalculator.net/admissions/texas-a-m-university-kingsville/	Rank Math	301 Rank Math > /admissions/texas-a-m-university-kingsville/ | 200	https://gpacalculator.net/admissions/texas-a-m-university-kingsville/	200	1	
https://gpacalculator.net/admission/texas-a-and-m-university-texarkana/	301	https://gpacalculator.net/admissions/texas-a-m-university-texarkana/	Rank Math	301 Rank Math > /admissions/texas-a-m-university-texarkana/ | 200	https://gpacalculator.net/admissions/texas-a-m-university-texarkana/	200	1	
https://gpacalculator.net/admission/texas-a-m-international-university/	301	https://gpacalculator.net/admissions/texas-a-and-m-international-university/	Rank Math	301 Rank Math > /admissions/texas-a-and-m-international-university/ | 200	https://gpacalculator.net/admissions/texas-a-and-m-international-university/	200	1	
https://gpacalculator.net/admission/texas-a-m-university-college-station/	301	https://gpacalculator.net/admissions/texas-a-and-m-university-college-station/	Rank Math	301 Rank Math > /admissions/texas-a-and-m-university-college-station/ | 200	https://gpacalculator.net/admissions/texas-a-and-m-university-college-station/	200	1	
https://gpacalculator.net/admission/texas-a-m-university-galveston/	301	https://gpacalculator.net/admissions/texas-a-and-m-university-college-station/	Rank Math	301 Rank Math > /admissions/texas-a-and-m-university-college-station/ | 200	https://gpacalculator.net/admissions/texas-a-and-m-university-college-station/	200	1	
https://gpacalculator.net/admission/texas-a-m-university-system-office/	410			410	https://gpacalculator.net/admission/texas-a-m-university-system-office/	410	0	
https://gpacalculator.net/admission/texas-lutheran-university/	301	https://gpacalculator.net/admissions/texas-lutheran/	Rank Math	301 Rank Math > /admissions/texas-lutheran/ | 200	https://gpacalculator.net/admissions/texas-lutheran/	200	1	
https://gpacalculator.net/admission/texas-state-technical-college-harlingen/	301	https://gpacalculator.net/admissions/texas-state-technical-college/	Rank Math	301 Rank Math > /admissions/texas-state-technical-college/ | 200	https://gpacalculator.net/admissions/texas-state-technical-college/	200	1	
https://gpacalculator.net/admission/texas-state-technical-college-marshall/	301	https://gpacalculator.net/admissions/texas-state-technical-college/	Rank Math	301 Rank Math > /admissions/texas-state-technical-college/ | 200	https://gpacalculator.net/admissions/texas-state-technical-college/	200	1	
https://gpacalculator.net/admission/texas-state-technical-college-waco/	301	https://gpacalculator.net/admissions/texas-state-technical-college/	Rank Math	301 Rank Math > /admissions/texas-state-technical-college/ | 200	https://gpacalculator.net/admissions/texas-state-technical-college/	200	1	
https://gpacalculator.net/admission/texas-state-technical-college-west-texas/	301	https://gpacalculator.net/admissions/texas-state-technical-college/	Rank Math	301 Rank Math > /admissions/texas-state-technical-college/ | 200	https://gpacalculator.net/admissions/texas-state-technical-college/	200	1	
https://gpacalculator.net/admission/texas-state-university-san-marcos/	301	https://gpacalculator.net/admissions/texas-state-university/	Rank Math	301 Rank Math > /admissions/texas-state-university/ | 200	https://gpacalculator.net/admissions/texas-state-university/	200	1	
https://gpacalculator.net/admission/texas-tech-university-system-administration/	410			410	https://gpacalculator.net/admission/texas-tech-university-system-administration/	410	0	
https://gpacalculator.net/admission/texas-tech-university/	301	https://gpacalculator.net/admissions/texas-tech/	Rank Math	301 Rank Math > /admissions/texas-tech/ | 200	https://gpacalculator.net/admissions/texas-tech/	200	1	
https://gpacalculator.net/admission/the-boston-conservatory/	301	https://gpacalculator.net/admissions/berklee-college-of-music/	Rank Math	301 Rank Math > /admissions/berklee-college-of-music/ | 200	https://gpacalculator.net/admissions/berklee-college-of-music/	200	1	
https://gpacalculator.net/admission/the-college-of-new-rochelle/	404			404	https://gpacalculator.net/admission/the-college-of-new-rochelle/	404	0	
https://gpacalculator.net/admission/the-college-of-saint-rose/	404			404	https://gpacalculator.net/admission/the-college-of-saint-rose/	404	0	
https://gpacalculator.net/admission/the-creative-center/	410			410	https://gpacalculator.net/admission/the-creative-center/	410	0	
https://gpacalculator.net/admission/the-dickinson-school-of-law-of-the-pennsylvania-state-uni/	301	https://gpacalculator.net/admissions/pennsylvania-state-university-main-campus/	Rank Math	301 Rank Math > /admissions/pennsylvania-state-university-main-campus/ | 200	https://gpacalculator.net/admissions/pennsylvania-state-university-main-campus/	200	1	
https://gpacalculator.net/admission/the-dickinson-school-of-law-of-the-pennsylvania-state-university/	301	https://gpacalculator.net/admissions/pennsylvania-state-university-main-campus/	Rank Math	301 Rank Math > /admissions/pennsylvania-state-university-main-campus/ | 200	https://gpacalculator.net/admissions/pennsylvania-state-university-main-campus/	200	1	
https://gpacalculator.net/admission/the-illinois-institute-of-art-schaumburg/	410			410	https://gpacalculator.net/admission/the-illinois-institute-of-art-schaumburg/	410	0	
https://gpacalculator.net/admission/the-kings-college/	404			404	https://gpacalculator.net/admission/the-kings-college/	404	0	
https://gpacalculator.net/admission/the-national-hispanic-university/	410			410	https://gpacalculator.net/admission/the-national-hispanic-university/	410	0	
https://gpacalculator.net/admission/the-new-england-institute-of-art/	410			410	https://gpacalculator.net/admission/the-new-england-institute-of-art/	410	0	
https://gpacalculator.net/admission/the-texas-am-university-system-office/	301	https://gpacalculator.net/admissions/the-texas-am-university-system-office/	WordPress	301 WordPress > /admissions/the-texas-am-university-system-office/ | 410	https://gpacalculator.net/admissions/the-texas-am-university-system-office/	410	1	
https://gpacalculator.net/admission/the-uni-of-texas-health-science-center-at-houston/	301	https://gpacalculator.net/admissions/uthealth-houston/	Rank Math	301 Rank Math > /admissions/uthealth-houston/ | 200	https://gpacalculator.net/admissions/uthealth-houston/	200	1	
https://gpacalculator.net/admission/the-uni-of-texas-health-science-center-at-san-antonio/	301	https://gpacalculator.net/admissions/the-university-of-texas-health-science-center-at-san-antonio/	Rank Math	301 Rank Math > /admissions/the-university-of-texas-health-science-center-at-san-antonio/ | 200	https://gpacalculator.net/admissions/the-university-of-texas-health-science-center-at-san-antonio/	200	1	
https://gpacalculator.net/admission/the-uni-of-texas-m-d-anderson-cancer-center/	301	https://gpacalculator.net/admissions/md-anderson-cancer-center/	Rank Math	301 Rank Math > /admissions/md-anderson-cancer-center/ | 200	https://gpacalculator.net/admissions/md-anderson-cancer-center/	200	1	
https://gpacalculator.net/admission/the-university-of-alabama/	301	https://gpacalculator.net/admissions/alabama/	Rank Math	301 Rank Math > /admissions/alabama/ | 200	https://gpacalculator.net/admissions/alabama/	200	1	
https://gpacalculator.net/admission/the-university-of-tennessee-chattanooga/	301	https://gpacalculator.net/admissions/the-university-of-tennessee-at-chattanooga/	Rank Math	301 Rank Math > /admissions/the-university-of-tennessee-at-chattanooga/ | 200	https://gpacalculator.net/admissions/the-university-of-tennessee-at-chattanooga/	200	1	
https://gpacalculator.net/admission/the-university-of-tennessee-knoxville/	301	https://gpacalculator.net/admissions/the-university-of-tennessee/	Rank Math	301 Rank Math > /admissions/the-university-of-tennessee/ | 200	https://gpacalculator.net/admissions/the-university-of-tennessee/	200	1	
https://gpacalculator.net/admission/the-university-of-texas-at-austin/	301	https://gpacalculator.net/admissions/ut-austin/	Rank Math	301 Rank Math > /admissions/ut-austin/ | 200	https://gpacalculator.net/admissions/ut-austin/	200	1	
https://gpacalculator.net/admission/the-university-of-texas-at-dallas/	301	https://gpacalculator.net/admissions/ut-dallas/	Rank Math	301 Rank Math > /admissions/ut-dallas/ | 200	https://gpacalculator.net/admissions/ut-dallas/	200	1	
https://gpacalculator.net/admission/the-university-of-texas-health-science-center-at-houston/	301	https://gpacalculator.net/admissions/uthealth-houston/	Rank Math	301 Rank Math > /admissions/uthealth-houston/ | 200	https://gpacalculator.net/admissions/uthealth-houston/	200	1	
https://gpacalculator.net/admission/the-university-of-texas-md-anderson-cancer-center/	301	https://gpacalculator.net/admissions/md-anderson-cancer-center/	Rank Math	301 Rank Math > /admissions/md-anderson-cancer-center/ | 200	https://gpacalculator.net/admissions/md-anderson-cancer-center/	200	1	
https://gpacalculator.net/admission/the-university-of-texas-medical-branch/	301	https://gpacalculator.net/admissions/university-of-texas-medical-branch/	Rank Math	301 Rank Math > /admissions/university-of-texas-medical-branch/ | 200	https://gpacalculator.net/admissions/university-of-texas-medical-branch/	200	1	
https://gpacalculator.net/admission/the-university-of-texas-system-office/	410			410	https://gpacalculator.net/admission/the-university-of-texas-system-office/	410	0	
https://gpacalculator.net/admission/the-university-of-the-arts/	410			410	https://gpacalculator.net/admission/the-university-of-the-arts/	410	0	
https://gpacalculator.net/admission/the-university-of-west-los-angeles/	301	https://gpacalculator.net/admissions/university-of-west-los-angeles/	Rank Math	301 Rank Math > /admissions/university-of-west-los-angeles/ | 200	https://gpacalculator.net/admissions/university-of-west-los-angeles/	200	1	
https://gpacalculator.net/admission/three-rivers-community-college-ct/	301	https://gpacalculator.net/admissions/connecticut-state-community-college/	Rank Math	301 Rank Math > /admissions/connecticut-state-community-college/ | 200	https://gpacalculator.net/admissions/connecticut-state-community-college/	200	1	
https://gpacalculator.net/admission/transylvania-university/	301	https://gpacalculator.net/admissions/transylvania/	Rank Math	301 Rank Math > /admissions/transylvania/ | 200	https://gpacalculator.net/admissions/transylvania/	200	1	
https://gpacalculator.net/admission/triangle-tech-inc-bethlehem/	404			404	https://gpacalculator.net/admission/triangle-tech-inc-bethlehem/	404	0	
https://gpacalculator.net/admission/triangle-tech-inc-dubois/	404			404	https://gpacalculator.net/admission/triangle-tech-inc-dubois/	404	0	
https://gpacalculator.net/admission/triangle-tech-inc-erie/	410			410	https://gpacalculator.net/admission/triangle-tech-inc-erie/	410	0	
https://gpacalculator.net/admission/triangle-tech-inc-greensburg/	404			404	https://gpacalculator.net/admission/triangle-tech-inc-greensburg/	404	0	
https://gpacalculator.net/admission/triangle-tech-inc-pittsburgh/	404			404	https://gpacalculator.net/admission/triangle-tech-inc-pittsburgh/	404	0	
https://gpacalculator.net/admission/triangle-tech-inc-sunbury/	404			404	https://gpacalculator.net/admission/triangle-tech-inc-sunbury/	404	0	
https://gpacalculator.net/admission/trident-university-international/	410			410	https://gpacalculator.net/admission/trident-university-international/	410	0	
https://gpacalculator.net/admission/trine-uni-regionalnon-traditional-campuses/	301	https://gpacalculator.net/admissions/trine-university-regionalnon-traditional-campuses/	Rank Math	301 Rank Math > /admissions/trine-university-regionalnon-traditional-campuses/ | 200	https://gpacalculator.net/admissions/trine-university-regionalnon-traditional-campuses/	200	1	
https://gpacalculator.net/admission/trine-university-south-bend-regional-campus/	301	https://gpacalculator.net/admissions/trine-university-regionalnon-traditional-campuses/	Rank Math	301 Rank Math > /admissions/trine-university-regionalnon-traditional-campuses/ | 200	https://gpacalculator.net/admissions/trine-university-regionalnon-traditional-campuses/	200	1	
https://gpacalculator.net/admission/trinity-international-university-florida/	410			410	https://gpacalculator.net/admission/trinity-international-university-florida/	410	0	
https://gpacalculator.net/admission/truman-state-university/	301	https://gpacalculator.net/admissions/truman-state/	Rank Math	301 Rank Math > /admissions/truman-state/ | 200	https://gpacalculator.net/admissions/truman-state/	200	1	
https://gpacalculator.net/admission/trumbull-business-college/	410			410	https://gpacalculator.net/admission/trumbull-business-college/	410	0	
https://gpacalculator.net/admission/tufts-university/	301	https://gpacalculator.net/admissions/tufts/	Rank Math	301 Rank Math > /admissions/tufts/ | 200	https://gpacalculator.net/admissions/tufts/	200	1	
https://gpacalculator.net/admission/tunxis-community-college/	301	https://gpacalculator.net/admissions/connecticut-state-community-college/	Rank Math	301 Rank Math > /admissions/connecticut-state-community-college/ | 200	https://gpacalculator.net/admissions/connecticut-state-community-college/	200	1	
https://gpacalculator.net/admission/uc-berkeley/	301	https://gpacalculator.net/admissions/uc-berkeley/	WordPress	301 WordPress > /admissions/uc-berkeley/ | 200	https://gpacalculator.net/admissions/uc-berkeley/	200	1	
https://gpacalculator.net/admission/uni-of-arkansas-community-college-batesville/	301	https://gpacalculator.net/admissions/university-of-arkansas-community-college-batesville/	Rank Math	301 Rank Math > /admissions/university-of-arkansas-community-college-batesville/ | 200	https://gpacalculator.net/admissions/university-of-arkansas-community-college-batesville/	200	1	
https://gpacalculator.net/admission/uni-of-arkansas-community-college-morrilton/	301	https://gpacalculator.net/admissions/university-of-arkansas-community-college-morrilton/	Rank Math	301 Rank Math > /admissions/university-of-arkansas-community-college-morrilton/ | 200	https://gpacalculator.net/admissions/university-of-arkansas-community-college-morrilton/	200	1	
https://gpacalculator.net/admission/uni-of-california-system-administration-central-office/	301	https://gpacalculator.net/admissions/uni-of-california-system-administration-central-office/	WordPress	301 WordPress > /admissions/uni-of-california-system-administration-central-office/ | 410	https://gpacalculator.net/admissions/uni-of-california-system-administration-central-office/	410	1	
https://gpacalculator.net/admission/uni-of-massachusetts-medical-school-worcester/	301	https://gpacalculator.net/admissions/umass-chan-medical-school/	Rank Math	301 Rank Math > /admissions/umass-chan-medical-school/ | 200	https://gpacalculator.net/admissions/umass-chan-medical-school/	200	1	
https://gpacalculator.net/admission/uni-of-medicine-and-dentistry-of-new-jersey/	301	https://gpacalculator.net/admissions/uni-of-medicine-and-dentistry-of-new-jersey/	WordPress	301 WordPress > /admissions/uni-of-medicine-and-dentistry-of-new-jersey/ | 410	https://gpacalculator.net/admissions/uni-of-medicine-and-dentistry-of-new-jersey/	410	1	
https://gpacalculator.net/admission/uni-of-montana-helena-college-of-technology/	301	https://gpacalculator.net/admissions/university-of-montana-helena-college-of-technology/	Rank Math	301 Rank Math > /admissions/university-of-montana-helena-college-of-technology/ | 200	https://gpacalculator.net/admissions/university-of-montana-helena-college-of-technology/	200	1	
https://gpacalculator.net/admission/uni-of-nebraska-central-administration-system-office/	301	https://gpacalculator.net/admissions/uni-of-nebraska-central-administration-system-office/	WordPress	301 WordPress > /admissions/uni-of-nebraska-central-administration-system-office/ | 410	https://gpacalculator.net/admissions/uni-of-nebraska-central-administration-system-office/	410	1	
https://gpacalculator.net/admission/uni-of-the-dc-david-a-clarke-school-of-law/	301	https://gpacalculator.net/admissions/university-of-the-district-of-columbia/	Rank Math	301 Rank Math > /admissions/university-of-the-district-of-columbia/ | 200	https://gpacalculator.net/admissions/university-of-the-district-of-columbia/	200	1	
https://gpacalculator.net/admission/union-institute-and-university/	301	https://gpacalculator.net/admissions/union-institute-university/	Rank Math	301 Rank Math > /admissions/union-institute-university/ | 410	https://gpacalculator.net/admissions/union-institute-university/	410	1	
https://gpacalculator.net/admission/union-institute-university/	410			410	https://gpacalculator.net/admission/union-institute-university/	410	0	
https://gpacalculator.net/admission/union-university/	301	https://gpacalculator.net/admissions/union/	Rank Math	301 Rank Math > /admissions/union/ | 200	https://gpacalculator.net/admissions/union/	200	1	
https://gpacalculator.net/admission/university-of-alabama-at-birmingham/	301	https://gpacalculator.net/admissions/uab/	Rank Math	301 Rank Math > /admissions/uab/ | 200	https://gpacalculator.net/admissions/uab/	200	1	
https://gpacalculator.net/admission/university-of-alabama-at-huntsville/	301	https://gpacalculator.net/admissions/uah/	Rank Math	301 Rank Math > /admissions/uah/ | 200	https://gpacalculator.net/admissions/uah/	200	1	
https://gpacalculator.net/admission/university-of-alabama-in-huntsville/	301	https://gpacalculator.net/admissions/uah/	Rank Math	301 Rank Math > /admissions/uah/ | 200	https://gpacalculator.net/admissions/uah/	200	1	
https://gpacalculator.net/admission/university-of-alabama-system-office/	410			410	https://gpacalculator.net/admission/university-of-alabama-system-office/	410	0	
https://gpacalculator.net/admission/university-of-alaska-system-of-higher-education/	410			410	https://gpacalculator.net/admission/university-of-alaska-system-of-higher-education/	410	0	
https://gpacalculator.net/admission/university-of-antelope-valley/	410			410	https://gpacalculator.net/admission/university-of-antelope-valley/	410	0	
https://gpacalculator.net/admission/university-of-arkansas-system-office/	410			410	https://gpacalculator.net/admission/university-of-arkansas-system-office/	410	0	
https://gpacalculator.net/admission/university-of-california-berkeley/	301	https://gpacalculator.net/admissions/uc-berkeley/	Rank Math	301 Rank Math > /admissions/uc-berkeley/ | 200	https://gpacalculator.net/admissions/uc-berkeley/	200	1	
https://gpacalculator.net/admission/university-of-california-davis/	301	https://gpacalculator.net/admissions/uc-davis/	Rank Math	301 Rank Math > /admissions/uc-davis/ | 200	https://gpacalculator.net/admissions/uc-davis/	200	1	
https://gpacalculator.net/admission/university-of-california-hastings-college-of-law/	301	https://gpacalculator.net/admissions/uc-law-san-francisco/	Rank Math	301 Rank Math > /admissions/uc-law-san-francisco/ | 200	https://gpacalculator.net/admissions/uc-law-san-francisco/	200	1	
https://gpacalculator.net/admission/university-of-california-irvine/	301	https://gpacalculator.net/admissions/uc-irvine/	Rank Math	301 Rank Math > /admissions/uc-irvine/ | 200	https://gpacalculator.net/admissions/uc-irvine/	200	1	
https://gpacalculator.net/admission/university-of-california-los-angeles/	301	https://gpacalculator.net/admissions/ucla/	Rank Math	301 Rank Math > /admissions/ucla/ | 200	https://gpacalculator.net/admissions/ucla/	200	1	
https://gpacalculator.net/admission/university-of-california-riverside/	301	https://gpacalculator.net/admissions/uc-riverside/	Rank Math	301 Rank Math > /admissions/uc-riverside/ | 200	https://gpacalculator.net/admissions/uc-riverside/	200	1	
https://gpacalculator.net/admission/university-of-california-san-diego/	301	https://gpacalculator.net/admissions/uc-san-diego/	Rank Math	301 Rank Math > /admissions/uc-san-diego/ | 200	https://gpacalculator.net/admissions/uc-san-diego/	200	1	
https://gpacalculator.net/admission/university-of-california-san-francisco/	301	https://gpacalculator.net/admissions/uc-san-francisco/	Rank Math	301 Rank Math > /admissions/uc-san-francisco/ | 200	https://gpacalculator.net/admissions/uc-san-francisco/	200	1	
https://gpacalculator.net/admission/university-of-california-santa-barbara/	301	https://gpacalculator.net/admissions/uc-santa-barbara/	Rank Math	301 Rank Math > /admissions/uc-santa-barbara/ | 200	https://gpacalculator.net/admissions/uc-santa-barbara/	200	1	
https://gpacalculator.net/admission/university-of-california-system-administration-central-office/	410			410	https://gpacalculator.net/admission/university-of-california-system-administration-central-office/	410	0	
https://gpacalculator.net/admission/university-of-chicago/	301	https://gpacalculator.net/admissions/chicago/	Rank Math	301 Rank Math > /admissions/chicago/ | 200	https://gpacalculator.net/admissions/chicago/	200	1	
https://gpacalculator.net/admission/university-of-cincinnati-blue-ash-college/	301	https://gpacalculator.net/admissions/university-of-cincinnati-raymond-walters-college/	Rank Math	301 Rank Math > /admissions/university-of-cincinnati-raymond-walters-college/ | 200	https://gpacalculator.net/admissions/university-of-cincinnati-raymond-walters-college/	200	1	
https://gpacalculator.net/admission/university-of-colorado-system-office/	410			410	https://gpacalculator.net/admission/university-of-colorado-system-office/	410	0	
https://gpacalculator.net/admission/university-of-dallas/	301	https://gpacalculator.net/admissions/dallas/	Rank Math	301 Rank Math > /admissions/dallas/ | 200	https://gpacalculator.net/admissions/dallas/	200	1	
https://gpacalculator.net/admission/university-of-dayton/	301	https://gpacalculator.net/admissions/dayton/	Rank Math	301 Rank Math > /admissions/dayton/ | 200	https://gpacalculator.net/admissions/dayton/	200	1	
https://gpacalculator.net/admission/university-of-delaware/	301	https://gpacalculator.net/admissions/delaware/	Rank Math	301 Rank Math > /admissions/delaware/ | 200	https://gpacalculator.net/admissions/delaware/	200	1	
https://gpacalculator.net/admission/university-of-florida/	301	https://gpacalculator.net/admissions/florida/	Rank Math	301 Rank Math > /admissions/florida/ | 200	https://gpacalculator.net/admissions/florida/	200	1	
https://gpacalculator.net/admission/university-of-georgia/	301	https://gpacalculator.net/admissions/georgia/	Rank Math	301 Rank Math > /admissions/georgia/ | 200	https://gpacalculator.net/admissions/georgia/	200	1	
https://gpacalculator.net/admission/university-of-hawaii-system-office/	410			410	https://gpacalculator.net/admission/university-of-hawaii-system-office/	410	0	
https://gpacalculator.net/admission/university-of-houston-system-administration/	410			410	https://gpacalculator.net/admission/university-of-houston-system-administration/	410	0	
https://gpacalculator.net/admission/university-of-illinois-at-urbana-champaign/	301	https://gpacalculator.net/admissions/uiuc/	Rank Math	301 Rank Math > /admissions/uiuc/ | 200	https://gpacalculator.net/admissions/uiuc/	200	1	
https://gpacalculator.net/admission/university-of-illinois-university-administration/	410			410	https://gpacalculator.net/admission/university-of-illinois-university-administration/	410	0	
https://gpacalculator.net/admission/university-of-iowa/	301	https://gpacalculator.net/admissions/iowa/	Rank Math	301 Rank Math > /admissions/iowa/ | 200	https://gpacalculator.net/admissions/iowa/	200	1	
https://gpacalculator.net/admission/university-of-louisiana-at-monroe/	301	https://gpacalculator.net/admissions/university-of-louisiana-monroe/	Rank Math	301 Rank Math > /admissions/university-of-louisiana-monroe/ | 200	https://gpacalculator.net/admissions/university-of-louisiana-monroe/	200	1	
https://gpacalculator.net/admission/university-of-louisiana-system-administration/	410			410	https://gpacalculator.net/admission/university-of-louisiana-system-administration/	410	0	
https://gpacalculator.net/admission/university-of-maine-at-machias/	301	https://gpacalculator.net/admissions/university-of-maine/	Rank Math	301 Rank Math > /admissions/university-of-maine/ | 200	https://gpacalculator.net/admissions/university-of-maine/	200	1	
https://gpacalculator.net/admission/university-of-maine-system-central-office/	301	https://gpacalculator.net/admissions/university-of-maine-system-central-office/	WordPress	301 WordPress > /admissions/university-of-maine-system-central-office/ | 410	https://gpacalculator.net/admissions/university-of-maine-system-central-office/	410	1	
https://gpacalculator.net/admission/university-of-management-and-technology/	301	https://gpacalculator.net/admissions/university-of-management-and-technology-the/	Rank Math	301 Rank Math > /admissions/university-of-management-and-technology-the/ | 200	https://gpacalculator.net/admissions/university-of-management-and-technology-the/	200	1	
https://gpacalculator.net/admission/university-of-maryland-baltimore-county/	301	https://gpacalculator.net/admissions/umbc/	Rank Math	301 Rank Math > /admissions/umbc/ | 200	https://gpacalculator.net/admissions/umbc/	200	1	
https://gpacalculator.net/admission/university-of-maryland-college-park/	301	https://gpacalculator.net/admissions/umd/	Rank Math	301 Rank Math > /admissions/umd/ | 200	https://gpacalculator.net/admissions/umd/	200	1	
https://gpacalculator.net/admission/university-of-massachusetts-amherst/	301	https://gpacalculator.net/admissions/umass-amherst/	Rank Math	301 Rank Math > /admissions/umass-amherst/ | 200	https://gpacalculator.net/admissions/umass-amherst/	200	1	
https://gpacalculator.net/admission/university-of-massachusetts-central-office/	410			410	https://gpacalculator.net/admission/university-of-massachusetts-central-office/	410	0	
https://gpacalculator.net/admission/university-of-massachusetts-medical-school-worcester/	301	https://gpacalculator.net/admissions/umass-chan-medical-school/	Rank Math	301 Rank Math > /admissions/umass-chan-medical-school/ | 200	https://gpacalculator.net/admissions/umass-chan-medical-school/	200	1	
https://gpacalculator.net/admission/university-of-medicine-and-dentistry-of-new-jersey/	410			410	https://gpacalculator.net/admission/university-of-medicine-and-dentistry-of-new-jersey/	410	0	
https://gpacalculator.net/admission/university-of-michigan-ann-arbor/	301	https://gpacalculator.net/admissions/michigan/	Rank Math	301 Rank Math > /admissions/michigan/ | 200	https://gpacalculator.net/admissions/michigan/	200	1	
https://gpacalculator.net/admission/university-of-minnesota-twin-cities/	404			404	https://gpacalculator.net/admission/university-of-minnesota-twin-cities/	404	0	
https://gpacalculator.net/admission/university-of-mississippi-medical-center/	301	https://gpacalculator.net/admissions/university-of-mississippi/	Rank Math	301 Rank Math > /admissions/university-of-mississippi/ | 200	https://gpacalculator.net/admissions/university-of-mississippi/	200	1	
https://gpacalculator.net/admission/university-of-missouri-system-office/	410			410	https://gpacalculator.net/admission/university-of-missouri-system-office/	410	0	
https://gpacalculator.net/admission/university-of-missouri-systems-office/	301	https://gpacalculator.net/admissions/university-of-missouri-systems-office/	WordPress	301 WordPress > /admissions/university-of-missouri-systems-office/ | 410	https://gpacalculator.net/admissions/university-of-missouri-systems-office/	410	1	
https://gpacalculator.net/admission/university-of-nebraska-central-administration-system-office/	410			410	https://gpacalculator.net/admission/university-of-nebraska-central-administration-system-office/	410	0	
https://gpacalculator.net/admission/university-of-new-hampshire-school-of-law/	301	https://gpacalculator.net/admissions/university-of-new-hampshire-main-campus/	Rank Math	301 Rank Math > /admissions/university-of-new-hampshire-main-campus/ | 200	https://gpacalculator.net/admissions/university-of-new-hampshire-main-campus/	200	1	
https://gpacalculator.net/admission/university-of-north-carolina-at-chapel-hill/	301	https://gpacalculator.net/admissions/unc/	Rank Math	301 Rank Math > /admissions/unc/ | 200	https://gpacalculator.net/admissions/unc/	200	1	
https://gpacalculator.net/admission/university-of-north-carolina-system-office/	410			410	https://gpacalculator.net/admission/university-of-north-carolina-system-office/	410	0	
https://gpacalculator.net/admission/university-of-north-carolina-wilmington/	301	https://gpacalculator.net/admissions/university-of-north-carolina-at-wilmington/	Rank Math	301 Rank Math > /admissions/university-of-north-carolina-at-wilmington/ | 200	https://gpacalculator.net/admissions/university-of-north-carolina-at-wilmington/	200	1	
https://gpacalculator.net/admission/university-of-north-florida/	301	https://gpacalculator.net/admissions/north-florida/	Rank Math	301 Rank Math > /admissions/north-florida/ | 200	https://gpacalculator.net/admissions/north-florida/	200	1	
https://gpacalculator.net/admission/university-of-north-texas-health-science-center/	301	https://gpacalculator.net/admissions/unt-health-fort-worth/	Rank Math	301 Rank Math > /admissions/unt-health-fort-worth/ | 200	https://gpacalculator.net/admissions/unt-health-fort-worth/	200	1	
https://gpacalculator.net/admission/university-of-north-texas-system/	410			410	https://gpacalculator.net/admission/university-of-north-texas-system/	410	0	
https://gpacalculator.net/admission/university-of-notre-dame/	301	https://gpacalculator.net/admissions/notre-dame/	Rank Math	301 Rank Math > /admissions/notre-dame/ | 200	https://gpacalculator.net/admissions/notre-dame/	200	1	
https://gpacalculator.net/admission/university-of-oklahoma-health-sciences-center/	301	https://gpacalculator.net/admissions/university-of-oklahoma-norman-campus/	Rank Math	301 Rank Math > /admissions/university-of-oklahoma-norman-campus/ | 200	https://gpacalculator.net/admissions/university-of-oklahoma-norman-campus/	200	1	
https://gpacalculator.net/admission/university-of-pennsylvania/	301	https://gpacalculator.net/admissions/upenn/	Rank Math	301 Rank Math > /admissions/upenn/ | 200	https://gpacalculator.net/admissions/upenn/	200	1	
https://gpacalculator.net/admission/university-of-phoenix-albuquerque-campus/	410			410	https://gpacalculator.net/admission/university-of-phoenix-albuquerque-campus/	410	0	
https://gpacalculator.net/admission/university-of-phoenix-atlanta-campus/	410			410	https://gpacalculator.net/admission/university-of-phoenix-atlanta-campus/	410	0	
https://gpacalculator.net/admission/university-of-phoenix-augusta-campus/	410			410	https://gpacalculator.net/admission/university-of-phoenix-augusta-campus/	410	0	
https://gpacalculator.net/admission/university-of-phoenix-austin-campus/	301	https://gpacalculator.net/admissions/university-of-phoenix/	Rank Math	301 Rank Math > /admissions/university-of-phoenix/ | 200	https://gpacalculator.net/admissions/university-of-phoenix/	200	1	
https://gpacalculator.net/admission/university-of-phoenix-baton-rouge-campus/	301	https://gpacalculator.net/admissions/university-of-phoenix-baton-rouge/	Rank Math	301 Rank Math > /admissions/university-of-phoenix-baton-rouge/ | 410	https://gpacalculator.net/admissions/university-of-phoenix-baton-rouge/	410	1	
https://gpacalculator.net/admission/university-of-phoenix-baton-rouge/	410			410	https://gpacalculator.net/admission/university-of-phoenix-baton-rouge/	410	0	
https://gpacalculator.net/admission/university-of-phoenix-bay-area-campus/	301	https://gpacalculator.net/admissions/university-of-phoenix/	Rank Math	301 Rank Math > /admissions/university-of-phoenix/ | 200	https://gpacalculator.net/admissions/university-of-phoenix/	200	1	
https://gpacalculator.net/admission/university-of-phoenix-birmingham-campus/	410			410	https://gpacalculator.net/admission/university-of-phoenix-birmingham-campus/	410	0	
https://gpacalculator.net/admission/university-of-phoenix-boston-campus/	410			410	https://gpacalculator.net/admission/university-of-phoenix-boston-campus/	410	0	
https://gpacalculator.net/admission/university-of-phoenix-central-florida-campus/	410			410	https://gpacalculator.net/admission/university-of-phoenix-central-florida-campus/	410	0	
https://gpacalculator.net/admission/university-of-phoenix-central-valley-campus/	301	https://gpacalculator.net/admissions/university-of-phoenix/	Rank Math	301 Rank Math > /admissions/university-of-phoenix/ | 200	https://gpacalculator.net/admissions/university-of-phoenix/	200	1	
https://gpacalculator.net/admission/university-of-phoenix-charlotte-campus/	410			410	https://gpacalculator.net/admission/university-of-phoenix-charlotte-campus/	410	0	
https://gpacalculator.net/admission/university-of-phoenix-chattanooga-campus/	410			410	https://gpacalculator.net/admission/university-of-phoenix-chattanooga-campus/	410	0	
https://gpacalculator.net/admission/university-of-phoenix-cheyenne-campus/	410			410	https://gpacalculator.net/admission/university-of-phoenix-cheyenne-campus/	410	0	
https://gpacalculator.net/admission/university-of-phoenix-chicago-campus/	410			410	https://gpacalculator.net/admission/university-of-phoenix-chicago-campus/	410	0	
https://gpacalculator.net/admission/university-of-phoenix-cincinnati-campus/	410			410	https://gpacalculator.net/admission/university-of-phoenix-cincinnati-campus/	410	0	
https://gpacalculator.net/admission/university-of-phoenix-cleveland-campus/	410			410	https://gpacalculator.net/admission/university-of-phoenix-cleveland-campus/	410	0	
https://gpacalculator.net/admission/university-of-phoenix-colorado-campus/	410			410	https://gpacalculator.net/admission/university-of-phoenix-colorado-campus/	410	0	
https://gpacalculator.net/admission/university-of-phoenix-columbia-campus/	410			410	https://gpacalculator.net/admission/university-of-phoenix-columbia-campus/	410	0	
https://gpacalculator.net/admission/university-of-phoenix-columbus-georgia-campus/	410			410	https://gpacalculator.net/admission/university-of-phoenix-columbus-georgia-campus/	410	0	
https://gpacalculator.net/admission/university-of-phoenix-columbus-ohio-campus/	410			410	https://gpacalculator.net/admission/university-of-phoenix-columbus-ohio-campus/	410	0	
https://gpacalculator.net/admission/university-of-phoenix-dallas-campus/	301	https://gpacalculator.net/admissions/university-of-phoenix/	Rank Math	301 Rank Math > /admissions/university-of-phoenix/ | 200	https://gpacalculator.net/admissions/university-of-phoenix/	200	1	
https://gpacalculator.net/admission/university-of-phoenix-delaware-campus/	301	https://gpacalculator.net/admissions/university-of-phoenix-delaware/	Rank Math	301 Rank Math > /admissions/university-of-phoenix-delaware/ | 410	https://gpacalculator.net/admissions/university-of-phoenix-delaware/	410	1	
https://gpacalculator.net/admission/university-of-phoenix-delaware/	410			410	https://gpacalculator.net/admission/university-of-phoenix-delaware/	410	0	
https://gpacalculator.net/admission/university-of-phoenix-des-moines-campus/	410			410	https://gpacalculator.net/admission/university-of-phoenix-des-moines-campus/	410	0	
https://gpacalculator.net/admission/university-of-phoenix-detroit-campus/	301	https://gpacalculator.net/admissions/university-of-phoenix-metro-detroit-campus/	Rank Math	301 Rank Math > /admissions/university-of-phoenix-metro-detroit-campus/ | 410	https://gpacalculator.net/admissions/university-of-phoenix-metro-detroit-campus/	410	1	
https://gpacalculator.net/admission/university-of-phoenix-fairfield-county-campus/	410			410	https://gpacalculator.net/admission/university-of-phoenix-fairfield-county-campus/	410	0	
https://gpacalculator.net/admission/university-of-phoenix-harrisburg-campus/	410			410	https://gpacalculator.net/admission/university-of-phoenix-harrisburg-campus/	410	0	
https://gpacalculator.net/admission/university-of-phoenix-hawaii-campus/	404			404	https://gpacalculator.net/admission/university-of-phoenix-hawaii-campus/	404	0	
https://gpacalculator.net/admission/university-of-phoenix-houston-campus/	301	https://gpacalculator.net/admissions/university-of-phoenix/	Rank Math	301 Rank Math > /admissions/university-of-phoenix/ | 200	https://gpacalculator.net/admissions/university-of-phoenix/	200	1	
https://gpacalculator.net/admission/university-of-phoenix-indianapolis-campus/	410			410	https://gpacalculator.net/admission/university-of-phoenix-indianapolis-campus/	410	0	
https://gpacalculator.net/admission/university-of-phoenix-jackson-campus/	410			410	https://gpacalculator.net/admission/university-of-phoenix-jackson-campus/	410	0	
https://gpacalculator.net/admission/university-of-phoenix-jersey-city-campus/	410			410	https://gpacalculator.net/admission/university-of-phoenix-jersey-city-campus/	410	0	
https://gpacalculator.net/admission/university-of-phoenix-kansas-city-campus/	410			410	https://gpacalculator.net/admission/university-of-phoenix-kansas-city-campus/	410	0	
https://gpacalculator.net/admission/university-of-phoenix-knoxville-campus/	301	https://gpacalculator.net/admissions/university-of-phoenix-knoxville/	Rank Math	301 Rank Math > /admissions/university-of-phoenix-knoxville/ | 410	https://gpacalculator.net/admissions/university-of-phoenix-knoxville/	410	1	
https://gpacalculator.net/admission/university-of-phoenix-knoxville/	410			410	https://gpacalculator.net/admission/university-of-phoenix-knoxville/	410	0	
https://gpacalculator.net/admission/university-of-phoenix-lafayette-campus/	301	https://gpacalculator.net/admissions/university-of-phoenix-lafayette/	Rank Math	301 Rank Math > /admissions/university-of-phoenix-lafayette/ | 410	https://gpacalculator.net/admissions/university-of-phoenix-lafayette/	410	1	
https://gpacalculator.net/admission/university-of-phoenix-lafayette/	410			410	https://gpacalculator.net/admission/university-of-phoenix-lafayette/	410	0	
https://gpacalculator.net/admission/university-of-phoenix-las-vegas-campus/	410			410	https://gpacalculator.net/admission/university-of-phoenix-las-vegas-campus/	410	0	
https://gpacalculator.net/admission/university-of-phoenix-little-rock-campus/	410			410	https://gpacalculator.net/admission/university-of-phoenix-little-rock-campus/	410	0	
https://gpacalculator.net/admission/university-of-phoenix-louisiana-campus/	410			410	https://gpacalculator.net/admission/university-of-phoenix-louisiana-campus/	410	0	
https://gpacalculator.net/admission/university-of-phoenix-louisville-campus/	410			410	https://gpacalculator.net/admission/university-of-phoenix-louisville-campus/	410	0	
https://gpacalculator.net/admission/university-of-phoenix-madison-campus/	410			410	https://gpacalculator.net/admission/university-of-phoenix-madison-campus/	410	0	
https://gpacalculator.net/admission/university-of-phoenix-maryland-campus/	410			410	https://gpacalculator.net/admission/university-of-phoenix-maryland-campus/	410	0	
https://gpacalculator.net/admission/university-of-phoenix-memphis-campus/	410			410	https://gpacalculator.net/admission/university-of-phoenix-memphis-campus/	410	0	
https://gpacalculator.net/admission/university-of-phoenix-metro-detroit-campus/	410			410	https://gpacalculator.net/admission/university-of-phoenix-metro-detroit-campus/	410	0	
https://gpacalculator.net/admission/university-of-phoenix-milwaukee-campus/	410			410	https://gpacalculator.net/admission/university-of-phoenix-milwaukee-campus/	410	0	
https://gpacalculator.net/admission/university-of-phoenix-minneapolis-st-paul-campus/	410			410	https://gpacalculator.net/admission/university-of-phoenix-minneapolis-st-paul-campus/	410	0	
https://gpacalculator.net/admission/university-of-phoenix-minneapolisst-paul-campus/	301	https://gpacalculator.net/admissions/university-of-phoenix-minneapolis-st-paul-campus/	Rank Math	301 Rank Math > /admissions/university-of-phoenix-minneapolis-st-paul-campus/ | 410	https://gpacalculator.net/admissions/university-of-phoenix-minneapolis-st-paul-campus/	410	1	
https://gpacalculator.net/admission/university-of-phoenix-nashville-campus/	410			410	https://gpacalculator.net/admission/university-of-phoenix-nashville-campus/	410	0	
https://gpacalculator.net/admission/university-of-phoenix-north-florida-campus/	410			410	https://gpacalculator.net/admission/university-of-phoenix-north-florida-campus/	410	0	
https://gpacalculator.net/admission/university-of-phoenix-northern-nevada-campus/	410			410	https://gpacalculator.net/admission/university-of-phoenix-northern-nevada-campus/	410	0	
https://gpacalculator.net/admission/university-of-phoenix-northern-virginia-campus/	410			410	https://gpacalculator.net/admission/university-of-phoenix-northern-virginia-campus/	410	0	
https://gpacalculator.net/admission/university-of-phoenix-northwest-arkansas-campus/	410			410	https://gpacalculator.net/admission/university-of-phoenix-northwest-arkansas-campus/	410	0	
https://gpacalculator.net/admission/university-of-phoenix-northwest-indiana-campus/	410			410	https://gpacalculator.net/admission/university-of-phoenix-northwest-indiana-campus/	410	0	
https://gpacalculator.net/admission/university-of-phoenix-oklahoma-city-campus/	410			410	https://gpacalculator.net/admission/university-of-phoenix-oklahoma-city-campus/	410	0	
https://gpacalculator.net/admission/university-of-phoenix-omaha-campus/	410			410	https://gpacalculator.net/admission/university-of-phoenix-omaha-campus/	410	0	
https://gpacalculator.net/admission/university-of-phoenix-online-campus/	301	https://gpacalculator.net/admissions/university-of-phoenix/	Rank Math	301 Rank Math > /admissions/university-of-phoenix/ | 200	https://gpacalculator.net/admissions/university-of-phoenix/	200	1	
https://gpacalculator.net/admission/university-of-phoenix-oregon-campus/	410			410	https://gpacalculator.net/admission/university-of-phoenix-oregon-campus/	410	0	
https://gpacalculator.net/admission/university-of-phoenix-philadelphia-campus/	410			410	https://gpacalculator.net/admission/university-of-phoenix-philadelphia-campus/	410	0	
https://gpacalculator.net/admission/university-of-phoenix-phoenix-campus/	404			404	https://gpacalculator.net/admission/university-of-phoenix-phoenix-campus/	404	0	
https://gpacalculator.net/admission/university-of-phoenix-phoenix-hohokam-campus/	301	https://gpacalculator.net/admissions/university-of-phoenix/	Rank Math	301 Rank Math > /admissions/university-of-phoenix/ | 200	https://gpacalculator.net/admissions/university-of-phoenix/	200	1	
https://gpacalculator.net/admission/university-of-phoenix-pittsburgh-campus/	410			410	https://gpacalculator.net/admission/university-of-phoenix-pittsburgh-campus/	410	0	
https://gpacalculator.net/admission/university-of-phoenix-raleigh-campus/	410			410	https://gpacalculator.net/admission/university-of-phoenix-raleigh-campus/	410	0	
https://gpacalculator.net/admission/university-of-phoenix-richmond-campus/	410			410	https://gpacalculator.net/admission/university-of-phoenix-richmond-campus/	410	0	
https://gpacalculator.net/admission/university-of-phoenix-richmond-virginia-beach-campus/	410			410	https://gpacalculator.net/admission/university-of-phoenix-richmond-virginia-beach-campus/	410	0	
https://gpacalculator.net/admission/university-of-phoenix-sacramento-valley-campus/	301	https://gpacalculator.net/admissions/university-of-phoenix/	Rank Math	301 Rank Math > /admissions/university-of-phoenix/ | 200	https://gpacalculator.net/admissions/university-of-phoenix/	200	1	
https://gpacalculator.net/admission/university-of-phoenix-san-antonio-campus/	301	https://gpacalculator.net/admissions/university-of-phoenix/	Rank Math	301 Rank Math > /admissions/university-of-phoenix/ | 200	https://gpacalculator.net/admissions/university-of-phoenix/	200	1	
https://gpacalculator.net/admission/university-of-phoenix-san-diego-campus/	301	https://gpacalculator.net/admissions/university-of-phoenix/	Rank Math	301 Rank Math > /admissions/university-of-phoenix/ | 200	https://gpacalculator.net/admissions/university-of-phoenix/	200	1	
https://gpacalculator.net/admission/university-of-phoenix-savannah-campus/	410			410	https://gpacalculator.net/admission/university-of-phoenix-savannah-campus/	410	0	
https://gpacalculator.net/admission/university-of-phoenix-shreveport-bossier-campus/	301	https://gpacalculator.net/admissions/university-of-phoenix-shreveport-bossier/	Rank Math	301 Rank Math > /admissions/university-of-phoenix-shreveport-bossier/ | 410	https://gpacalculator.net/admissions/university-of-phoenix-shreveport-bossier/	410	1	
https://gpacalculator.net/admission/university-of-phoenix-shreveport-bossier/	410			410	https://gpacalculator.net/admission/university-of-phoenix-shreveport-bossier/	410	0	
https://gpacalculator.net/admission/university-of-phoenix-south-florida-campus/	410			410	https://gpacalculator.net/admission/university-of-phoenix-south-florida-campus/	410	0	
https://gpacalculator.net/admission/university-of-phoenix-southern-arizona-campus/	301	https://gpacalculator.net/admissions/university-of-phoenix/	Rank Math	301 Rank Math > /admissions/university-of-phoenix/ | 200	https://gpacalculator.net/admissions/university-of-phoenix/	200	1	
https://gpacalculator.net/admission/university-of-phoenix-southern-california-campus/	301	https://gpacalculator.net/admissions/university-of-phoenix/	Rank Math	301 Rank Math > /admissions/university-of-phoenix/ | 200	https://gpacalculator.net/admissions/university-of-phoenix/	200	1	
https://gpacalculator.net/admission/university-of-phoenix-southern-colorado-campus/	410			410	https://gpacalculator.net/admission/university-of-phoenix-southern-colorado-campus/	410	0	
https://gpacalculator.net/admission/university-of-phoenix-springfield-campus/	410			410	https://gpacalculator.net/admission/university-of-phoenix-springfield-campus/	410	0	
https://gpacalculator.net/admission/university-of-phoenix-st-louis-campus/	410			410	https://gpacalculator.net/admission/university-of-phoenix-st-louis-campus/	410	0	
https://gpacalculator.net/admission/university-of-phoenix-tulsa-campus/	410			410	https://gpacalculator.net/admission/university-of-phoenix-tulsa-campus/	410	0	
https://gpacalculator.net/admission/university-of-phoenix-utah-campus/	410			410	https://gpacalculator.net/admission/university-of-phoenix-utah-campus/	410	0	
https://gpacalculator.net/admission/university-of-phoenix-washington-dc-campus/	410			410	https://gpacalculator.net/admission/university-of-phoenix-washington-dc-campus/	410	0	
https://gpacalculator.net/admission/university-of-phoenix-west-florida-campus/	410			410	https://gpacalculator.net/admission/university-of-phoenix-west-florida-campus/	410	0	
https://gpacalculator.net/admission/university-of-phoenix-west-michigan-campus/	410			410	https://gpacalculator.net/admission/university-of-phoenix-west-michigan-campus/	410	0	
https://gpacalculator.net/admission/university-of-phoenix-western-washington-campus/	410			410	https://gpacalculator.net/admission/university-of-phoenix-western-washington-campus/	410	0	
https://gpacalculator.net/admission/university-of-phoenix-wichita-campus/	410			410	https://gpacalculator.net/admission/university-of-phoenix-wichita-campus/	410	0	
https://gpacalculator.net/admission/university-of-pittsburgh-pittsburgh-campus/	301	https://gpacalculator.net/admissions/pitt/	Rank Math	301 Rank Math > /admissions/pitt/ | 200	https://gpacalculator.net/admissions/pitt/	200	1	
https://gpacalculator.net/admission/university-of-saint-katherine/	410			410	https://gpacalculator.net/admission/university-of-saint-katherine/	410	0	
https://gpacalculator.net/admission/university-of-san-diego/	301	https://gpacalculator.net/admissions/san-diego/	Rank Math	301 Rank Math > /admissions/san-diego/ | 200	https://gpacalculator.net/admissions/san-diego/	200	1	
https://gpacalculator.net/admission/university-of-sioux-falls/	301	https://gpacalculator.net/admissions/sioux-falls/	Rank Math	301 Rank Math > /admissions/sioux-falls/ | 200	https://gpacalculator.net/admissions/sioux-falls/	200	1	
https://gpacalculator.net/admission/university-of-south-carolina-beaufort/	301	https://gpacalculator.net/admissions/sc-beaufort/	Rank Math	301 Rank Math > /admissions/sc-beaufort/ | 200	https://gpacalculator.net/admissions/sc-beaufort/	200	1	
https://gpacalculator.net/admission/university-of-south-florida-polytechnic/	301	https://gpacalculator.net/admissions/florida-polytechnic-university/	Rank Math	301 Rank Math > /admissions/florida-polytechnic-university/ | 200	https://gpacalculator.net/admissions/florida-polytechnic-university/	200	1	
https://gpacalculator.net/admission/university-of-south-florida-sarasota-manatee/	301	https://gpacalculator.net/admissions/university-of-south-florida-main-campus/	Rank Math	301 Rank Math > /admissions/university-of-south-florida-main-campus/ | 200	https://gpacalculator.net/admissions/university-of-south-florida-main-campus/	200	1	
https://gpacalculator.net/admission/university-of-south-florida-st-petersburg-campus/	301	https://gpacalculator.net/admissions/university-of-south-florida-main-campus/	Rank Math	301 Rank Math > /admissions/university-of-south-florida-main-campus/ | 200	https://gpacalculator.net/admissions/university-of-south-florida-main-campus/	200	1	
https://gpacalculator.net/admission/university-of-south-florida-st-petersburg/	301	https://gpacalculator.net/admissions/university-of-south-florida-st-petersburg-campus/	Rank Math	301 Rank Math > /admissions/university-of-south-florida-st-petersburg-campus/ | 301 Rank Math > /admissions/university-of-south-florida-main-campus/ | 200	https://gpacalculator.net/admissions/university-of-south-florida-main-campus/	200	2	
https://gpacalculator.net/admission/university-of-southern-california/	301	https://gpacalculator.net/admissions/usc/	Rank Math	301 Rank Math > /admissions/usc/ | 200	https://gpacalculator.net/admissions/usc/	200	1	
https://gpacalculator.net/admission/university-of-st-thomas-3/	404			404	https://gpacalculator.net/admission/university-of-st-thomas-3/	404	0	
https://gpacalculator.net/admission/university-of-texas-southwestern-medical-center/	301	https://gpacalculator.net/admissions/ut-southwestern-medical-center/	Rank Math	301 Rank Math > /admissions/ut-southwestern-medical-center/ | 200	https://gpacalculator.net/admissions/ut-southwestern-medical-center/	200	1	
https://gpacalculator.net/admission/university-of-the-district-of-columbia-david-a-clarke-school-of-law/	301	https://gpacalculator.net/admissions/university-of-the-district-of-columbia/	Rank Math	301 Rank Math > /admissions/university-of-the-district-of-columbia/ | 200	https://gpacalculator.net/admissions/university-of-the-district-of-columbia/	200	1	
https://gpacalculator.net/admission/university-of-the-rockies/	301	https://gpacalculator.net/admissions/university-of-arizona-global-campus/	Rank Math	301 Rank Math > /admissions/university-of-arizona-global-campus/ | 200	https://gpacalculator.net/admissions/university-of-arizona-global-campus/	200	1	
https://gpacalculator.net/admission/university-of-the-sciences/	301	https://gpacalculator.net/admissions/saint-josephs-university/	Rank Math	301 Rank Math > /admissions/saint-josephs-university/ | 200	https://gpacalculator.net/admissions/saint-josephs-university/	200	1	
https://gpacalculator.net/admission/university-of-tulsa/	301	https://gpacalculator.net/admissions/tulsa/	Rank Math	301 Rank Math > /admissions/tulsa/ | 200	https://gpacalculator.net/admissions/tulsa/	200	1	
https://gpacalculator.net/admission/university-of-virginia-main-campus/	301	https://gpacalculator.net/admissions/virginia/	Rank Math	301 Rank Math > /admissions/virginia/ | 200	https://gpacalculator.net/admissions/virginia/	200	1	
https://gpacalculator.net/admission/university-of-washington-seattle-campus/	301	https://gpacalculator.net/admissions/washington/	Rank Math	301 Rank Math > /admissions/washington/ | 200	https://gpacalculator.net/admissions/washington/	200	1	
https://gpacalculator.net/admission/university-of-wisconsin-colleges/	410			410	https://gpacalculator.net/admission/university-of-wisconsin-colleges/	410	0	
https://gpacalculator.net/admission/university-of-wisconsin-extension/	301	https://gpacalculator.net/admissions/wisconsin/	Rank Math	301 Rank Math > /admissions/wisconsin/ | 200	https://gpacalculator.net/admissions/wisconsin/	200	1	
https://gpacalculator.net/admission/university-of-wisconsin-madison/	301	https://gpacalculator.net/admissions/wisconsin/	Rank Math	301 Rank Math > /admissions/wisconsin/ | 200	https://gpacalculator.net/admissions/wisconsin/	200	1	
https://gpacalculator.net/admission/university-of-wisconsin-system-administration/	410			410	https://gpacalculator.net/admission/university-of-wisconsin-system-administration/	410	0	
https://gpacalculator.net/admission/university-system-of-maryland-research-centers/	301	https://gpacalculator.net/admissions/university-system-of-maryland-research-centers/	WordPress	301 WordPress > /admissions/university-system-of-maryland-research-centers/ | 410	https://gpacalculator.net/admissions/university-system-of-maryland-research-centers/	410	1	
https://gpacalculator.net/admission/university-system-of-maryland/	410			410	https://gpacalculator.net/admission/university-system-of-maryland/	410	0	
https://gpacalculator.net/admission/university-system-of-new-hampshire-system-office/	410			410	https://gpacalculator.net/admission/university-system-of-new-hampshire-system-office/	410	0	
https://gpacalculator.net/admission/upstate-medical-university/	301	https://gpacalculator.net/admissions/suny-upstate-medical-university/	Rank Math	301 Rank Math > /admissions/suny-upstate-medical-university/ | 200	https://gpacalculator.net/admissions/suny-upstate-medical-university/	200	1	
https://gpacalculator.net/admission/urbana-university/	301	https://gpacalculator.net/admissions/franklin-university/	Rank Math	301 Rank Math > /admissions/franklin-university/ | 200	https://gpacalculator.net/admissions/franklin-university/	200	1	
https://gpacalculator.net/admission/utah-state-uni-regional-campuses-and-distance-education/	301	https://gpacalculator.net/admissions/utah-state-university/	Rank Math	301 Rank Math > /admissions/utah-state-university/ | 200	https://gpacalculator.net/admissions/utah-state-university/	200	1	
https://gpacalculator.net/admission/utah-state-university-college-of-eastern-utah/	301	https://gpacalculator.net/admissions/utah-state-university/	Rank Math	301 Rank Math > /admissions/utah-state-university/ | 200	https://gpacalculator.net/admissions/utah-state-university/	200	1	
https://gpacalculator.net/admission/valley-college-princeton/	410			410	https://gpacalculator.net/admission/valley-college-princeton/	410	0	
https://gpacalculator.net/admission/valparaiso-university/	301	https://gpacalculator.net/admissions/valparaiso/	Rank Math	301 Rank Math > /admissions/valparaiso/ | 200	https://gpacalculator.net/admissions/valparaiso/	200	1	
https://gpacalculator.net/admission/vanderbilt-university/	301	https://gpacalculator.net/admissions/vanderbilt/	Rank Math	301 Rank Math > /admissions/vanderbilt/ | 200	https://gpacalculator.net/admissions/vanderbilt/	200	1	
https://gpacalculator.net/admission/vatterott-college-berkeley/	410			410	https://gpacalculator.net/admission/vatterott-college-berkeley/	410	0	
https://gpacalculator.net/admission/vatterott-college-des-moines/	410			410	https://gpacalculator.net/admission/vatterott-college-des-moines/	410	0	
https://gpacalculator.net/admission/vatterott-college-joplin/	410			410	https://gpacalculator.net/admission/vatterott-college-joplin/	410	0	
https://gpacalculator.net/admission/vatterott-college-kansas-city/	410			410	https://gpacalculator.net/admission/vatterott-college-kansas-city/	410	0	
https://gpacalculator.net/admission/vatterott-college-quincy/	410			410	https://gpacalculator.net/admission/vatterott-college-quincy/	410	0	
https://gpacalculator.net/admission/vatterott-college-saint-joseph/	410			410	https://gpacalculator.net/admission/vatterott-college-saint-joseph/	410	0	
https://gpacalculator.net/admission/vatterott-college-springfield/	410			410	https://gpacalculator.net/admission/vatterott-college-springfield/	410	0	
https://gpacalculator.net/admission/vatterott-college-sunset-hills/	410			410	https://gpacalculator.net/admission/vatterott-college-sunset-hills/	410	0	
https://gpacalculator.net/admission/vatterott-college-tulsa/	410			410	https://gpacalculator.net/admission/vatterott-college-tulsa/	410	0	
https://gpacalculator.net/admission/vatterott-college-wichita/	410			410	https://gpacalculator.net/admission/vatterott-college-wichita/	410	0	
https://gpacalculator.net/admission/vermilion-community-college/	301	https://gpacalculator.net/admissions/minnesota-north-college/	Rank Math	301 Rank Math > /admissions/minnesota-north-college/ | 200	https://gpacalculator.net/admissions/minnesota-north-college/	200	1	
https://gpacalculator.net/admission/vermont-technical-college/	301	https://gpacalculator.net/admissions/vermont-state-university/	Rank Math	301 Rank Math > /admissions/vermont-state-university/ | 200	https://gpacalculator.net/admissions/vermont-state-university/	200	1	
https://gpacalculator.net/admission/victory-university/	410			410	https://gpacalculator.net/admission/victory-university/	410	0	
https://gpacalculator.net/admission/villanova-university/	301	https://gpacalculator.net/admissions/villanova/	Rank Math	301 Rank Math > /admissions/villanova/ | 200	https://gpacalculator.net/admissions/villanova/	200	1	
https://gpacalculator.net/admission/virginia-college-augusta/	410			410	https://gpacalculator.net/admission/virginia-college-augusta/	410	0	
https://gpacalculator.net/admission/virginia-college-austin/	410			410	https://gpacalculator.net/admission/virginia-college-austin/	410	0	
https://gpacalculator.net/admission/virginia-college-biloxi/	410			410	https://gpacalculator.net/admission/virginia-college-biloxi/	410	0	
https://gpacalculator.net/admission/virginia-college-birmingham/	410			410	https://gpacalculator.net/admission/virginia-college-birmingham/	410	0	
https://gpacalculator.net/admission/virginia-college-in-charleston/	410			410	https://gpacalculator.net/admission/virginia-college-in-charleston/	410	0	
https://gpacalculator.net/admission/virginia-college-jacksonville/	410			410	https://gpacalculator.net/admission/virginia-college-jacksonville/	410	0	
https://gpacalculator.net/admission/virginia-college-la/	404			404	https://gpacalculator.net/admission/virginia-college-la/	404	0	
https://gpacalculator.net/admission/virginia-college-mobile/	410			410	https://gpacalculator.net/admission/virginia-college-mobile/	410	0	
https://gpacalculator.net/admission/virginia-college-montgomery/	410			410	https://gpacalculator.net/admission/virginia-college-montgomery/	410	0	
https://gpacalculator.net/admission/virginia-college-sc/	404			404	https://gpacalculator.net/admission/virginia-college-sc/	404	0	
https://gpacalculator.net/admission/virginia-college-va/	404			404	https://gpacalculator.net/admission/virginia-college-va/	404	0	
https://gpacalculator.net/admission/virginia-intermont-college/	410			410	https://gpacalculator.net/admission/virginia-intermont-college/	410	0	
https://gpacalculator.net/admission/virginia-marti-college-of-art-and-design/	410			410	https://gpacalculator.net/admission/virginia-marti-college-of-art-and-design/	410	0	
https://gpacalculator.net/admission/virginia-polytechnic-institute-and-state-uni/	301	https://gpacalculator.net/admissions/virginia-tech/	Rank Math	301 Rank Math > /admissions/virginia-tech/ | 200	https://gpacalculator.net/admissions/virginia-tech/	200	1	
https://gpacalculator.net/admission/virginia-polytechnic-institute-and-state-university/	301	https://gpacalculator.net/admissions/virginia-tech/	Rank Math	301 Rank Math > /admissions/virginia-tech/ | 200	https://gpacalculator.net/admissions/virginia-tech/	200	1	
https://gpacalculator.net/admission/washington-and-lee-university/	301	https://gpacalculator.net/admissions/washington-and-lee/	Rank Math	301 Rank Math > /admissions/washington-and-lee/ | 200	https://gpacalculator.net/admissions/washington-and-lee/	200	1	
https://gpacalculator.net/admission/washington-university-in-st-louis/	301	https://gpacalculator.net/admissions/washu/	Rank Math	301 Rank Math > /admissions/washu/ | 200	https://gpacalculator.net/admissions/washu/	200	1	
https://gpacalculator.net/admission/watkins-college-of-art-design-and-film/	410			410	https://gpacalculator.net/admission/watkins-college-of-art-design-and-film/	410	0	
https://gpacalculator.net/admission/waycross-college/	301	https://gpacalculator.net/admissions/south-georgia-state-college/	Rank Math	301 Rank Math > /admissions/south-georgia-state-college/ | 200	https://gpacalculator.net/admissions/south-georgia-state-college/	200	1	
https://gpacalculator.net/admission/wells-college/	410			410	https://gpacalculator.net/admission/wells-college/	410	0	
https://gpacalculator.net/admission/wentworth-military-academy-and-junior-college/	410			410	https://gpacalculator.net/admission/wentworth-military-academy-and-junior-college/	410	0	
https://gpacalculator.net/admission/wesley-college/	301	https://gpacalculator.net/admissions/delaware-state-university/	Rank Math	301 Rank Math > /admissions/delaware-state-university/ | 200	https://gpacalculator.net/admissions/delaware-state-university/	200	1	
https://gpacalculator.net/admission/west-texas-a-m-university/	301	https://gpacalculator.net/admissions/west-texas-a-and-m-university/	Rank Math	301 Rank Math > /admissions/west-texas-a-and-m-university/ | 200	https://gpacalculator.net/admissions/west-texas-a-and-m-university/	200	1	
https://gpacalculator.net/admission/west-virginia-junior-college-bridgeport/	410			410	https://gpacalculator.net/admission/west-virginia-junior-college-bridgeport/	410	0	
https://gpacalculator.net/admission/western-international-university/	410			410	https://gpacalculator.net/admission/western-international-university/	410	0	
https://gpacalculator.net/admission/western-state-college-of-law-at-argosy-university/	301	https://gpacalculator.net/admissions/westcliff-university/	Rank Math	301 Rank Math > /admissions/westcliff-university/ | 200	https://gpacalculator.net/admissions/westcliff-university/	200	1	
https://gpacalculator.net/admission/western-state-university-college-of-law-argosy/	301	https://gpacalculator.net/admissions/westcliff-university/	Rank Math	301 Rank Math > /admissions/westcliff-university/ | 200	https://gpacalculator.net/admissions/westcliff-university/	200	1	
https://gpacalculator.net/admission/wheelock-college/	404			404	https://gpacalculator.net/admission/wheelock-college/	404	0	
https://gpacalculator.net/admission/whitworth-university-adult-degree-programs/	404			404	https://gpacalculator.net/admission/whitworth-university-adult-degree-programs/	404	0	
https://gpacalculator.net/admission/widener-university-delaware-campus/	301	https://gpacalculator.net/admissions/widener-university-main-campus/	Rank Math	301 Rank Math > /admissions/widener-university-main-campus/ | 200	https://gpacalculator.net/admissions/widener-university-main-campus/	200	1	
https://gpacalculator.net/admission/widener-university-harrisburg-campus/	301	https://gpacalculator.net/admissions/widener-university-main-campus/	Rank Math	301 Rank Math > /admissions/widener-university-main-campus/ | 200	https://gpacalculator.net/admissions/widener-university-main-campus/	200	1	
https://gpacalculator.net/admission/willamette-university/	301	https://gpacalculator.net/admissions/willamette/	Rank Math	301 Rank Math > /admissions/willamette/ | 200	https://gpacalculator.net/admissions/willamette/	200	1	
https://gpacalculator.net/admission/winthrop-university/	301	https://gpacalculator.net/admissions/winthrop/	Rank Math	301 Rank Math > /admissions/winthrop/ | 200	https://gpacalculator.net/admissions/winthrop/	200	1	
https://gpacalculator.net/admission/wood-tobe-coburn-school/	410			410	https://gpacalculator.net/admission/wood-tobe-coburn-school/	410	0	
https://gpacalculator.net/admission/wright-career-college/	410			410	https://gpacalculator.net/admission/wright-career-college/	410	0	
https://gpacalculator.net/admission/yale-university/	301	https://gpacalculator.net/admissions/yale/	Rank Math	301 Rank Math > /admissions/yale/ | 200	https://gpacalculator.net/admissions/yale/	200	1	
https://gpacalculator.net/admission/yorktowne-business-institute/	410			410	https://gpacalculator.net/admission/yorktowne-business-institute/	410	0	
https://gpacalculator.net/admissions/a-t-still-university-of-health-sciences/	301	https://gpacalculator.net/admissions/a-t-still-university/	Rank Math	301 Rank Math > /admissions/a-t-still-university/ | 200	https://gpacalculator.net/admissions/a-t-still-university/	200	1	
https://gpacalculator.net/admissions/acadiana-technical-college-lafayette-campus/	301	https://gpacalculator.net/admissions/south-louisiana-community-college/	Rank Math	301 Rank Math > /admissions/south-louisiana-community-college/ | 200	https://gpacalculator.net/admissions/south-louisiana-community-college/	200	1	
https://gpacalculator.net/admissions/acupuncture-and-massage-college/	410			410	https://gpacalculator.net/admissions/acupuncture-and-massage-college/	410	0	
https://gpacalculator.net/admissions/ai-miami-international-university-of-art-and-design/	410			410	https://gpacalculator.net/admissions/ai-miami-international-university-of-art-and-design/	410	0	
https://gpacalculator.net/admissions/aib-college-of-business/	410			410	https://gpacalculator.net/admissions/aib-college-of-business/	410	0	
https://gpacalculator.net/admissions/alabama-a-and-m-university/	301	https://gpacalculator.net/admissions/alabama-a-m-university/	Rank Math	301 Rank Math > /admissions/alabama-a-m-university/ | 200	https://gpacalculator.net/admissions/alabama-a-m-university/	200	1	
https://gpacalculator.net/admissions/alabama-southern-community-college/	301	https://gpacalculator.net/admissions/coastal-alabama-community-college/	Rank Math	301 Rank Math > /admissions/coastal-alabama-community-college/ | 200	https://gpacalculator.net/admissions/coastal-alabama-community-college/	200	1	
https://gpacalculator.net/admissions/alderson-broaddus-college/	410			410	https://gpacalculator.net/admissions/alderson-broaddus-college/	410	0	
https://gpacalculator.net/admissions/allied-american-university/	410			410	https://gpacalculator.net/admissions/allied-american-university/	410	0	
https://gpacalculator.net/admissions/altamaha-technical-college/	301	https://gpacalculator.net/admissions/coastal-pines-technical-college/	Rank Math	301 Rank Math > /admissions/coastal-pines-technical-college/ | 200	https://gpacalculator.net/admissions/coastal-pines-technical-college/	200	1	
https://gpacalculator.net/admissions/american-academy-of-art/	410			410	https://gpacalculator.net/admissions/american-academy-of-art/	410	0	
https://gpacalculator.net/admissions/american-academy-of-dramatic-arts-los-angeles/	404			404	https://gpacalculator.net/admissions/american-academy-of-dramatic-arts-los-angeles/	404	0	
https://gpacalculator.net/admissions/american-conservatory-theater/	410			410	https://gpacalculator.net/admissions/american-conservatory-theater/	410	0	
https://gpacalculator.net/admissions/american-intercontinental-university-south-florida/	410			410	https://gpacalculator.net/admissions/american-intercontinental-university-south-florida/	410	0	
https://gpacalculator.net/admissions/american-sentinel-university/	301	https://gpacalculator.net/admissions/post-university/	Rank Math	301 Rank Math > /admissions/post-university/ | 200	https://gpacalculator.net/admissions/post-university/	200	1	
https://gpacalculator.net/admissions/ancilla-college/	410			410	https://gpacalculator.net/admissions/ancilla-college/	410	0	
https://gpacalculator.net/admissions/anderson-university-in/	301	https://gpacalculator.net/admissions/anderson-university/	Rank Math	301 Rank Math > /admissions/anderson-university/ | 200	https://gpacalculator.net/admissions/anderson-university/	200	1	
https://gpacalculator.net/admissions/antioch-uni-phd-program-in-leadership-and-change/	301	https://gpacalculator.net/admissions/antioch-university/	Rank Math	301 Rank Math > /admissions/antioch-university/ | 200	https://gpacalculator.net/admissions/antioch-university/	200	1	
https://gpacalculator.net/admissions/antioch-university-midwest/	301	https://gpacalculator.net/admissions/antioch-university/	Rank Math	301 Rank Math > /admissions/antioch-university/ | 200	https://gpacalculator.net/admissions/antioch-university/	200	1	
https://gpacalculator.net/admissions/antioch-university-new-england/	404			404	https://gpacalculator.net/admissions/antioch-university-new-england/	404	0	
https://gpacalculator.net/admissions/antioch-university-phd-program-in-leadership-and-change/	301	https://gpacalculator.net/admissions/antioch-university/	Rank Math	301 Rank Math > /admissions/antioch-university/ | 200	https://gpacalculator.net/admissions/antioch-university/	200	1	
https://gpacalculator.net/admissions/antioch-university-system-administration/	404			404	https://gpacalculator.net/admissions/antioch-university-system-administration/	404	0	
https://gpacalculator.net/admissions/antonelli-college-cincinnati/	410			410	https://gpacalculator.net/admissions/antonelli-college-cincinnati/	410	0	
https://gpacalculator.net/admissions/antonelli-college-hattiesburg/	410			410	https://gpacalculator.net/admissions/antonelli-college-hattiesburg/	410	0	
https://gpacalculator.net/admissions/antonelli-college-jackson/	410			410	https://gpacalculator.net/admissions/antonelli-college-jackson/	410	0	
https://gpacalculator.net/admissions/antonelli-institute/	410			410	https://gpacalculator.net/admissions/antonelli-institute/	410	0	
https://gpacalculator.net/admissions/apex-school-of-theology/	410			410	https://gpacalculator.net/admissions/apex-school-of-theology/	410	0	
https://gpacalculator.net/admissions/appalachian-state-university/	301	https://gpacalculator.net/admissions/appalachian-state/	Rank Math	301 Rank Math > /admissions/appalachian-state/ | 200	https://gpacalculator.net/admissions/appalachian-state/	200	1	
https://gpacalculator.net/admissions/argosy-university-atlanta/	410			410	https://gpacalculator.net/admissions/argosy-university-atlanta/	410	0	
https://gpacalculator.net/admissions/argosy-university-chicago/	410			410	https://gpacalculator.net/admissions/argosy-university-chicago/	410	0	
https://gpacalculator.net/admissions/argosy-university-dallas/	410			410	https://gpacalculator.net/admissions/argosy-university-dallas/	410	0	
https://gpacalculator.net/admissions/argosy-university-denver/	410			410	https://gpacalculator.net/admissions/argosy-university-denver/	410	0	
https://gpacalculator.net/admissions/argosy-university-hawaii/	410			410	https://gpacalculator.net/admissions/argosy-university-hawaii/	410	0	
https://gpacalculator.net/admissions/argosy-university-inland-empire/	410			410	https://gpacalculator.net/admissions/argosy-university-inland-empire/	410	0	
https://gpacalculator.net/admissions/argosy-university-los-angeles/	410			410	https://gpacalculator.net/admissions/argosy-university-los-angeles/	410	0	
https://gpacalculator.net/admissions/argosy-university-nashville/	410			410	https://gpacalculator.net/admissions/argosy-university-nashville/	410	0	
https://gpacalculator.net/admissions/argosy-university-orange-county/	410			410	https://gpacalculator.net/admissions/argosy-university-orange-county/	410	0	
https://gpacalculator.net/admissions/argosy-university-phoenix-online-division/	410			410	https://gpacalculator.net/admissions/argosy-university-phoenix-online-division/	410	0	
https://gpacalculator.net/admissions/argosy-university-phoenix/	410			410	https://gpacalculator.net/admissions/argosy-university-phoenix/	410	0	
https://gpacalculator.net/admissions/argosy-university-salt-lake-city/	410			410	https://gpacalculator.net/admissions/argosy-university-salt-lake-city/	410	0	
https://gpacalculator.net/admissions/argosy-university-san-diego/	410			410	https://gpacalculator.net/admissions/argosy-university-san-diego/	410	0	
https://gpacalculator.net/admissions/argosy-university-san-francisco-bay-area/	410			410	https://gpacalculator.net/admissions/argosy-university-san-francisco-bay-area/	410	0	
https://gpacalculator.net/admissions/argosy-university-sarasota/	410			410	https://gpacalculator.net/admissions/argosy-university-sarasota/	410	0	
https://gpacalculator.net/admissions/argosy-university-schaumburg/	410			410	https://gpacalculator.net/admissions/argosy-university-schaumburg/	410	0	
https://gpacalculator.net/admissions/argosy-university-seattle/	410			410	https://gpacalculator.net/admissions/argosy-university-seattle/	410	0	
https://gpacalculator.net/admissions/argosy-university-tampa/	410			410	https://gpacalculator.net/admissions/argosy-university-tampa/	410	0	
https://gpacalculator.net/admissions/argosy-university-twin-cities/	410			410	https://gpacalculator.net/admissions/argosy-university-twin-cities/	410	0	
https://gpacalculator.net/admissions/argosy-university-washington-d-c/	410			410	https://gpacalculator.net/admissions/argosy-university-washington-d-c/	410	0	
https://gpacalculator.net/admissions/argosy-university-washington-dc/	410			410	https://gpacalculator.net/admissions/argosy-university-washington-dc/	410	0	
https://gpacalculator.net/admissions/arizona-state-university-tempe/	301	https://gpacalculator.net/admissions/arizona-state-university/	Rank Math	301 Rank Math > /admissions/arizona-state-university/ | 200	https://gpacalculator.net/admissions/arizona-state-university/	200	1	
https://gpacalculator.net/admissions/arkansas-state-university-system-office/	410			410	https://gpacalculator.net/admissions/arkansas-state-university-system-office/	410	0	
https://gpacalculator.net/admissions/armstrong-atlantic-state-university/	301	https://gpacalculator.net/admissions/georgia-southern-university/	Rank Math	301 Rank Math > /admissions/georgia-southern-university/ | 200	https://gpacalculator.net/admissions/georgia-southern-university/	200	1	
https://gpacalculator.net/admissions/armstrong-state-university/	301	https://gpacalculator.net/admissions/georgia-southern-university/	Rank Math	301 Rank Math > /admissions/georgia-southern-university/ | 200	https://gpacalculator.net/admissions/georgia-southern-university/	200	1	
https://gpacalculator.net/admissions/asa-institute-of-business-and-computer-technology/	410			410	https://gpacalculator.net/admissions/asa-institute-of-business-and-computer-technology/	410	0	
https://gpacalculator.net/admissions/ashford-university/	301	https://gpacalculator.net/admissions/university-of-arizona-global-campus/	Rank Math	301 Rank Math > /admissions/university-of-arizona-global-campus/ | 200	https://gpacalculator.net/admissions/university-of-arizona-global-campus/	200	1	
https://gpacalculator.net/admissions/ashland-uni-dwight-schar-college-of-nursing/	301	https://gpacalculator.net/admissions/ashland-university/	Rank Math	301 Rank Math > /admissions/ashland-university/ | 200	https://gpacalculator.net/admissions/ashland-university/	200	1	
https://gpacalculator.net/admissions/asnuntuck-community-college/	301	https://gpacalculator.net/admissions/connecticut-state-community-college/	Rank Math	301 Rank Math > /admissions/connecticut-state-community-college/ | 200	https://gpacalculator.net/admissions/connecticut-state-community-college/	200	1	
https://gpacalculator.net/admissions/aspen-university/	404			404	https://gpacalculator.net/admissions/aspen-university/	404	0	
https://gpacalculator.net/admissions/auburn-university/	301	https://gpacalculator.net/admissions/auburn/	Rank Math	301 Rank Math > /admissions/auburn/ | 200	https://gpacalculator.net/admissions/auburn/	200	1	
https://gpacalculator.net/admissions/augusta-state-university/	301	https://gpacalculator.net/admissions/augusta-university/	Rank Math	301 Rank Math > /admissions/augusta-university/ | 200	https://gpacalculator.net/admissions/augusta-university/	200	1	
https://gpacalculator.net/admissions/averett-university-non-traditional-programs/	301	https://gpacalculator.net/admissions/averett-university/	Rank Math	301 Rank Math > /admissions/averett-university/ | 200	https://gpacalculator.net/admissions/averett-university/	200	1	
https://gpacalculator.net/admissions/bainbridge-college/	301	https://gpacalculator.net/admissions/abraham-baldwin-agricultural-college/	Rank Math	301 Rank Math > /admissions/abraham-baldwin-agricultural-college/ | 200	https://gpacalculator.net/admissions/abraham-baldwin-agricultural-college/	200	1	
https://gpacalculator.net/admissions/baker-college-center-for-graduate-studies/	301	https://gpacalculator.net/admissions/baker-college/	Rank Math	301 Rank Math > /admissions/baker-college/ | 200	https://gpacalculator.net/admissions/baker-college/	200	1	
https://gpacalculator.net/admissions/baker-college-of-allen-park/	301	https://gpacalculator.net/admissions/baker-college/	Rank Math	301 Rank Math > /admissions/baker-college/ | 200	https://gpacalculator.net/admissions/baker-college/	200	1	
https://gpacalculator.net/admissions/baker-college-of-auburn-hills/	301	https://gpacalculator.net/admissions/baker-college/	Rank Math	301 Rank Math > /admissions/baker-college/ | 200	https://gpacalculator.net/admissions/baker-college/	200	1	
https://gpacalculator.net/admissions/baker-college-of-cadillac/	301	https://gpacalculator.net/admissions/baker-college/	Rank Math	301 Rank Math > /admissions/baker-college/ | 200	https://gpacalculator.net/admissions/baker-college/	200	1	
https://gpacalculator.net/admissions/baker-college-of-clinton-township/	301	https://gpacalculator.net/admissions/baker-college/	Rank Math	301 Rank Math > /admissions/baker-college/ | 200	https://gpacalculator.net/admissions/baker-college/	200	1	
https://gpacalculator.net/admissions/baker-college-of-flint/	301	https://gpacalculator.net/admissions/baker-college/	Rank Math	301 Rank Math > /admissions/baker-college/ | 200	https://gpacalculator.net/admissions/baker-college/	200	1	
https://gpacalculator.net/admissions/baker-college-of-jackson/	301	https://gpacalculator.net/admissions/baker-college/	Rank Math	301 Rank Math > /admissions/baker-college/ | 200	https://gpacalculator.net/admissions/baker-college/	200	1	
https://gpacalculator.net/admissions/baker-college-of-muskegon/	301	https://gpacalculator.net/admissions/baker-college/	Rank Math	301 Rank Math > /admissions/baker-college/ | 200	https://gpacalculator.net/admissions/baker-college/	200	1	
https://gpacalculator.net/admissions/baker-college-of-owosso/	301	https://gpacalculator.net/admissions/baker-college/	Rank Math	301 Rank Math > /admissions/baker-college/ | 200	https://gpacalculator.net/admissions/baker-college/	200	1	
https://gpacalculator.net/admissions/baker-college-of-port-huron/	301	https://gpacalculator.net/admissions/baker-college/	Rank Math	301 Rank Math > /admissions/baker-college/ | 200	https://gpacalculator.net/admissions/baker-college/	200	1	
https://gpacalculator.net/admissions/baptist-bible-college-and-seminary/	410			410	https://gpacalculator.net/admissions/baptist-bible-college-and-seminary/	410	0	
https://gpacalculator.net/admissions/bauder-college/	410			410	https://gpacalculator.net/admissions/bauder-college/	410	0	
https://gpacalculator.net/admissions/bay-state-college/	410			410	https://gpacalculator.net/admissions/bay-state-college/	410	0	
https://gpacalculator.net/admissions/becker-college/	410			410	https://gpacalculator.net/admissions/becker-college/	410	0	
https://gpacalculator.net/admissions/belmont-university/	301	https://gpacalculator.net/admissions/belmont/	Rank Math	301 Rank Math > /admissions/belmont/ | 200	https://gpacalculator.net/admissions/belmont/	200	1	
https://gpacalculator.net/admissions/bergin-university-of-canine-studies/	301	https://gpacalculator.net/admissions/bergin-college-of-canine-studies/	Rank Math	301 Rank Math > /admissions/bergin-college-of-canine-studies/ | 200	https://gpacalculator.net/admissions/bergin-college-of-canine-studies/	200	1	
https://gpacalculator.net/admissions/bethany-university/	410			410	https://gpacalculator.net/admissions/bethany-university/	410	0	
https://gpacalculator.net/admissions/bethel-university-3/	404			404	https://gpacalculator.net/admissions/bethel-university-3/	404	0	
https://gpacalculator.net/admissions/bethel-university/	301	https://gpacalculator.net/admissions/bethel-university-mn/	Rank Math	301 Rank Math > /admissions/bethel-university-mn/ | 200	https://gpacalculator.net/admissions/bethel-university-mn/	200	1	
https://gpacalculator.net/admissions/birmingham-southern-college/	410			410	https://gpacalculator.net/admissions/birmingham-southern-college/	410	0	
https://gpacalculator.net/admissions/bloomsburg-university-of-pennsylvania/	301	https://gpacalculator.net/admissions/commonwealth-university-of-pennsylvania/	Rank Math	301 Rank Math > /admissions/commonwealth-university-of-pennsylvania/ | 200	https://gpacalculator.net/admissions/commonwealth-university-of-pennsylvania/	200	1	
https://gpacalculator.net/admissions/blue-cliff-college-houma/	410			410	https://gpacalculator.net/admissions/blue-cliff-college-houma/	410	0	
https://gpacalculator.net/admissions/blue-cliff-college-shreveport/	410			410	https://gpacalculator.net/admissions/blue-cliff-college-shreveport/	410	0	
https://gpacalculator.net/admissions/boulder-college-of-massage-therapy/	410			410	https://gpacalculator.net/admissions/boulder-college-of-massage-therapy/	410	0	
https://gpacalculator.net/admissions/bradley-university/	301	https://gpacalculator.net/admissions/bradley/	Rank Math	301 Rank Math > /admissions/bradley/ | 200	https://gpacalculator.net/admissions/bradley/	200	1	
https://gpacalculator.net/admissions/bramson-ort-college/	410			410	https://gpacalculator.net/admissions/bramson-ort-college/	410	0	
https://gpacalculator.net/admissions/brandeis-university/	301	https://gpacalculator.net/admissions/brandeis/	Rank Math	301 Rank Math > /admissions/brandeis/ | 200	https://gpacalculator.net/admissions/brandeis/	200	1	
https://gpacalculator.net/admissions/brandman-university/	301	https://gpacalculator.net/admissions/umass-global/	Rank Math	301 Rank Math > /admissions/umass-global/ | 200	https://gpacalculator.net/admissions/umass-global/	200	1	
https://gpacalculator.net/admissions/brigham-young-university-provo/	301	https://gpacalculator.net/admissions/byu/	Rank Math	301 Rank Math > /admissions/byu/ | 200	https://gpacalculator.net/admissions/byu/	200	1	
https://gpacalculator.net/admissions/broadview-entertainment-arts-university/	410			410	https://gpacalculator.net/admissions/broadview-entertainment-arts-university/	410	0	
https://gpacalculator.net/admissions/broadview-university-layton/	410			410	https://gpacalculator.net/admissions/broadview-university-layton/	410	0	
https://gpacalculator.net/admissions/broadview-university-orem/	410			410	https://gpacalculator.net/admissions/broadview-university-orem/	410	0	
https://gpacalculator.net/admissions/broadview-university-west-jordan/	410			410	https://gpacalculator.net/admissions/broadview-university-west-jordan/	410	0	
https://gpacalculator.net/admissions/broadview-university/	410			410	https://gpacalculator.net/admissions/broadview-university/	410	0	
https://gpacalculator.net/admissions/brookhaven-college/	301	https://gpacalculator.net/admissions/el-centro-college/	Rank Math	301 Rank Math > /admissions/el-centro-college/ | 200	https://gpacalculator.net/admissions/el-centro-college/	200	1	
https://gpacalculator.net/admissions/brown-mackie-college-akron/	410			410	https://gpacalculator.net/admissions/brown-mackie-college-akron/	410	0	
https://gpacalculator.net/admissions/brown-mackie-college-albuquerque/	404			404	https://gpacalculator.net/admissions/brown-mackie-college-albuquerque/	404	0	
https://gpacalculator.net/admissions/brown-mackie-college-atlanta/	404			404	https://gpacalculator.net/admissions/brown-mackie-college-atlanta/	404	0	
https://gpacalculator.net/admissions/brown-mackie-college-birmingham/	410			410	https://gpacalculator.net/admissions/brown-mackie-college-birmingham/	410	0	
https://gpacalculator.net/admissions/brown-mackie-college-cincinnati/	404			404	https://gpacalculator.net/admissions/brown-mackie-college-cincinnati/	404	0	
https://gpacalculator.net/admissions/brown-mackie-college-findlay/	404			404	https://gpacalculator.net/admissions/brown-mackie-college-findlay/	404	0	
https://gpacalculator.net/admissions/brown-mackie-college-fort-wayne/	404			404	https://gpacalculator.net/admissions/brown-mackie-college-fort-wayne/	404	0	
https://gpacalculator.net/admissions/brown-mackie-college-indianapolis/	404			404	https://gpacalculator.net/admissions/brown-mackie-college-indianapolis/	404	0	
https://gpacalculator.net/admissions/brown-mackie-college-kansas-city/	410			410	https://gpacalculator.net/admissions/brown-mackie-college-kansas-city/	410	0	
https://gpacalculator.net/admissions/brown-mackie-college-louisville/	404			404	https://gpacalculator.net/admissions/brown-mackie-college-louisville/	404	0	
https://gpacalculator.net/admissions/brown-mackie-college-merrillville/	404			404	https://gpacalculator.net/admissions/brown-mackie-college-merrillville/	404	0	
https://gpacalculator.net/admissions/brown-mackie-college-miami/	404			404	https://gpacalculator.net/admissions/brown-mackie-college-miami/	404	0	
https://gpacalculator.net/admissions/brown-mackie-college-michigan-city/	410			410	https://gpacalculator.net/admissions/brown-mackie-college-michigan-city/	410	0	
https://gpacalculator.net/admissions/brown-mackie-college-north-canton/	410			410	https://gpacalculator.net/admissions/brown-mackie-college-north-canton/	410	0	
https://gpacalculator.net/admissions/brown-mackie-college-quad-cities/	404			404	https://gpacalculator.net/admissions/brown-mackie-college-quad-cities/	404	0	
https://gpacalculator.net/admissions/brown-mackie-college-salina/	410			410	https://gpacalculator.net/admissions/brown-mackie-college-salina/	410	0	
https://gpacalculator.net/admissions/brown-mackie-college-san-antonio/	404			404	https://gpacalculator.net/admissions/brown-mackie-college-san-antonio/	404	0	
https://gpacalculator.net/admissions/brown-mackie-college-tucson/	404			404	https://gpacalculator.net/admissions/brown-mackie-college-tucson/	404	0	
https://gpacalculator.net/admissions/brown-mackie-college-tulsa/	404			404	https://gpacalculator.net/admissions/brown-mackie-college-tulsa/	404	0	
https://gpacalculator.net/admissions/brown-university/	301	https://gpacalculator.net/admissions/brown/	Rank Math	301 Rank Math > /admissions/brown/ | 200	https://gpacalculator.net/admissions/brown/	200	1	
https://gpacalculator.net/admissions/bryan-university-rogers/	410			410	https://gpacalculator.net/admissions/bryan-university-rogers/	410	0	
https://gpacalculator.net/admissions/bryan-university-topeka/	410			410	https://gpacalculator.net/admissions/bryan-university-topeka/	410	0	
https://gpacalculator.net/admissions/bryant-and-stratton-college-amherst/	301	https://gpacalculator.net/admissions/bryant-and-stratton-college-buffalo/	Rank Math	301 Rank Math > /admissions/bryant-and-stratton-college-buffalo/ | 200	https://gpacalculator.net/admissions/bryant-and-stratton-college-buffalo/	200	1	
https://gpacalculator.net/admissions/bryant-and-stratton-college-cleveland/	301	https://gpacalculator.net/admissions/bryant-and-stratton-college-parma/	Rank Math	301 Rank Math > /admissions/bryant-and-stratton-college-parma/ | 200	https://gpacalculator.net/admissions/bryant-and-stratton-college-parma/	200	1	
https://gpacalculator.net/admissions/bryant-and-stratton-college-eastlake/	301	https://gpacalculator.net/admissions/bryant-and-stratton-college-parma/	Rank Math	301 Rank Math > /admissions/bryant-and-stratton-college-parma/ | 200	https://gpacalculator.net/admissions/bryant-and-stratton-college-parma/	200	1	
https://gpacalculator.net/admissions/bryant-and-stratton-college-glendale/	301	https://gpacalculator.net/admissions/bryant-and-stratton-college-wauwatosa/	Rank Math	301 Rank Math > /admissions/bryant-and-stratton-college-wauwatosa/ | 200	https://gpacalculator.net/admissions/bryant-and-stratton-college-wauwatosa/	200	1	
https://gpacalculator.net/admissions/bryant-and-stratton-college-hampton/	301	https://gpacalculator.net/admissions/bryant-and-stratton-college-virginia-beach/	Rank Math	301 Rank Math > /admissions/bryant-and-stratton-college-virginia-beach/ | 200	https://gpacalculator.net/admissions/bryant-and-stratton-college-virginia-beach/	200	1	
https://gpacalculator.net/admissions/bryant-and-stratton-college-henrietta/	301	https://gpacalculator.net/admissions/bryant-and-stratton-college-greece/	Rank Math	301 Rank Math > /admissions/bryant-and-stratton-college-greece/ | 200	https://gpacalculator.net/admissions/bryant-and-stratton-college-greece/	200	1	
https://gpacalculator.net/admissions/bryant-and-stratton-college-main-syracuse/	301	https://gpacalculator.net/admissions/bryant-and-stratton-college-syracuse-north/	Rank Math	301 Rank Math > /admissions/bryant-and-stratton-college-syracuse-north/ | 200	https://gpacalculator.net/admissions/bryant-and-stratton-college-syracuse-north/	200	1	
https://gpacalculator.net/admissions/bryant-and-stratton-college-milwaukee/	410			410	https://gpacalculator.net/admissions/bryant-and-stratton-college-milwaukee/	410	0	
https://gpacalculator.net/admissions/bryant-and-stratton-college-richmond/	301	https://gpacalculator.net/admissions/bryant-and-stratton-college-virginia-beach/	Rank Math	301 Rank Math > /admissions/bryant-and-stratton-college-virginia-beach/ | 200	https://gpacalculator.net/admissions/bryant-and-stratton-college-virginia-beach/	200	1	
https://gpacalculator.net/admissions/bryant-and-stratton-college-southtowns/	301	https://gpacalculator.net/admissions/bryant-and-stratton-college-buffalo/	Rank Math	301 Rank Math > /admissions/bryant-and-stratton-college-buffalo/ | 200	https://gpacalculator.net/admissions/bryant-and-stratton-college-buffalo/	200	1	
https://gpacalculator.net/admissions/business-informatics-center-inc/	410			410	https://gpacalculator.net/admissions/business-informatics-center-inc/	410	0	
https://gpacalculator.net/admissions/butler-university/	301	https://gpacalculator.net/admissions/butler/	Rank Math	301 Rank Math > /admissions/butler/ | 200	https://gpacalculator.net/admissions/butler/	200	1	
https://gpacalculator.net/admissions/cabrini-college/	410			410	https://gpacalculator.net/admissions/cabrini-college/	410	0	
https://gpacalculator.net/admissions/cairn-university-langhorne/	301	https://gpacalculator.net/admissions/cairn-university/	Rank Math	301 Rank Math > /admissions/cairn-university/ | 200	https://gpacalculator.net/admissions/cairn-university/	200	1	
https://gpacalculator.net/admissions/california-christian-college/	410			410	https://gpacalculator.net/admissions/california-christian-college/	410	0	
https://gpacalculator.net/admissions/california-jazz-conservatory/	410			410	https://gpacalculator.net/admissions/california-jazz-conservatory/	410	0	
https://gpacalculator.net/admissions/california-polytechnic-state-uni-san-luis-obispo/	301	https://gpacalculator.net/admissions/cal-poly-slo/	Rank Math	301 Rank Math > /admissions/cal-poly-slo/ | 200	https://gpacalculator.net/admissions/cal-poly-slo/	200	1	
https://gpacalculator.net/admissions/california-polytechnic-state-university-san-luis-obispo/	301	https://gpacalculator.net/admissions/cal-poly-slo/	Rank Math	301 Rank Math > /admissions/cal-poly-slo/ | 200	https://gpacalculator.net/admissions/cal-poly-slo/	200	1	
https://gpacalculator.net/admissions/california-state-university-chancellors-office/	410			410	https://gpacalculator.net/admissions/california-state-university-chancellors-office/	410	0	
https://gpacalculator.net/admissions/california-state-university-fullerton/	301	https://gpacalculator.net/admissions/csu-fullerton/	Rank Math	301 Rank Math > /admissions/csu-fullerton/ | 200	https://gpacalculator.net/admissions/csu-fullerton/	200	1	
https://gpacalculator.net/admissions/california-university-of-pennsylvania/	301	https://gpacalculator.net/admissions/pennsylvania-western-university/	Rank Math	301 Rank Math > /admissions/pennsylvania-western-university/ | 200	https://gpacalculator.net/admissions/pennsylvania-western-university/	200	1	
https://gpacalculator.net/admissions/cambria-rowe-business-college-indiana/	410			410	https://gpacalculator.net/admissions/cambria-rowe-business-college-indiana/	410	0	
https://gpacalculator.net/admissions/cambria-rowe-business-college-johnstown/	410			410	https://gpacalculator.net/admissions/cambria-rowe-business-college-johnstown/	410	0	
https://gpacalculator.net/admissions/capital-community-college/	301	https://gpacalculator.net/admissions/connecticut-state-community-college/	Rank Math	301 Rank Math > /admissions/connecticut-state-community-college/ | 200	https://gpacalculator.net/admissions/connecticut-state-community-college/	200	1	
https://gpacalculator.net/admissions/cardinal-stritch-university/	410			410	https://gpacalculator.net/admissions/cardinal-stritch-university/	410	0	
https://gpacalculator.net/admissions/career-point-college-ok/	410			410	https://gpacalculator.net/admissions/career-point-college-ok/	410	0	
https://gpacalculator.net/admissions/career-technical-college-shreveport/	410			410	https://gpacalculator.net/admissions/career-technical-college-shreveport/	410	0	
https://gpacalculator.net/admissions/carnegie-mellon-university/	301	https://gpacalculator.net/admissions/carnegie-mellon/	Rank Math	301 Rank Math > /admissions/carnegie-mellon/ | 200	https://gpacalculator.net/admissions/carnegie-mellon/	200	1	
https://gpacalculator.net/admissions/case-western-reserve-university/	301	https://gpacalculator.net/admissions/case-western/	Rank Math	301 Rank Math > /admissions/case-western/ | 200	https://gpacalculator.net/admissions/case-western/	200	1	
https://gpacalculator.net/admissions/castleton-state-college/	301	https://gpacalculator.net/admissions/vermont-state-university/	Rank Math	301 Rank Math > /admissions/vermont-state-university/ | 200	https://gpacalculator.net/admissions/vermont-state-university/	200	1	
https://gpacalculator.net/admissions/cazenovia-college/	410			410	https://gpacalculator.net/admissions/cazenovia-college/	410	0	
https://gpacalculator.net/admissions/cedar-valley-college/	301	https://gpacalculator.net/admissions/el-centro-college/	Rank Math	301 Rank Math > /admissions/el-centro-college/ | 200	https://gpacalculator.net/admissions/el-centro-college/	200	1	
https://gpacalculator.net/admissions/cedarville-university/	301	https://gpacalculator.net/admissions/cedarville/	Rank Math	301 Rank Math > /admissions/cedarville/ | 200	https://gpacalculator.net/admissions/cedarville/	200	1	
https://gpacalculator.net/admissions/central-bible-college/	410			410	https://gpacalculator.net/admissions/central-bible-college/	410	0	
https://gpacalculator.net/admissions/central-methodist-uni-college-of-graduate-studies/	404			404	https://gpacalculator.net/admissions/central-methodist-uni-college-of-graduate-studies/	404	0	
https://gpacalculator.net/admissions/central-methodist-uni-college-of-liberal-arts-sciences/	301	https://gpacalculator.net/admissions/central-methodist-university-college-of-liberal-arts-and-sciences/	Rank Math	301 Rank Math > /admissions/central-methodist-university-college-of-liberal-arts-and-sciences/ | 200	https://gpacalculator.net/admissions/central-methodist-university-college-of-liberal-arts-and-sciences/	200	1	
https://gpacalculator.net/admissions/central-methodist-university-college-of-graduate-and-extended-studies/	404			404	https://gpacalculator.net/admissions/central-methodist-university-college-of-graduate-and-extended-studies/	404	0	
https://gpacalculator.net/admissions/centura-college-richmond-main/	410			410	https://gpacalculator.net/admissions/centura-college-richmond-main/	410	0	
https://gpacalculator.net/admissions/centura-college-richmond-westend/	410			410	https://gpacalculator.net/admissions/centura-college-richmond-westend/	410	0	
https://gpacalculator.net/admissions/centura-institute/	410			410	https://gpacalculator.net/admissions/centura-institute/	410	0	
https://gpacalculator.net/admissions/chancellor-university/	410			410	https://gpacalculator.net/admissions/chancellor-university/	410	0	
https://gpacalculator.net/admissions/chatfield-college/	410			410	https://gpacalculator.net/admissions/chatfield-college/	410	0	
https://gpacalculator.net/admissions/chatham-university/	301	https://gpacalculator.net/admissions/chatham/	Rank Math	301 Rank Math > /admissions/chatham/ | 200	https://gpacalculator.net/admissions/chatham/	200	1	
https://gpacalculator.net/admissions/chester-college-of-new-england/	410			410	https://gpacalculator.net/admissions/chester-college-of-new-england/	410	0	
https://gpacalculator.net/admissions/christopher-newport-university/	301	https://gpacalculator.net/admissions/christopher-newport/	Rank Math	301 Rank Math > /admissions/christopher-newport/ | 200	https://gpacalculator.net/admissions/christopher-newport/	200	1	
https://gpacalculator.net/admissions/cincinnati-christian-university/	410			410	https://gpacalculator.net/admissions/cincinnati-christian-university/	410	0	
https://gpacalculator.net/admissions/city-college-altamonte-springs/	410			410	https://gpacalculator.net/admissions/city-college-altamonte-springs/	410	0	
https://gpacalculator.net/admissions/city-college-fort-lauderdale/	410			410	https://gpacalculator.net/admissions/city-college-fort-lauderdale/	410	0	
https://gpacalculator.net/admissions/city-college-gainesville/	410			410	https://gpacalculator.net/admissions/city-college-gainesville/	410	0	
https://gpacalculator.net/admissions/city-college-miami/	410			410	https://gpacalculator.net/admissions/city-college-miami/	410	0	
https://gpacalculator.net/admissions/clarion-university-of-pennsylvania/	301	https://gpacalculator.net/admissions/pennsylvania-western-university/	Rank Math	301 Rank Math > /admissions/pennsylvania-western-university/ | 200	https://gpacalculator.net/admissions/pennsylvania-western-university/	200	1	
https://gpacalculator.net/admissions/clarkson-university/	301	https://gpacalculator.net/admissions/clarkson/	Rank Math	301 Rank Math > /admissions/clarkson/ | 200	https://gpacalculator.net/admissions/clarkson/	200	1	
https://gpacalculator.net/admissions/clemson-university/	301	https://gpacalculator.net/admissions/clemson/	Rank Math	301 Rank Math > /admissions/clemson/ | 200	https://gpacalculator.net/admissions/clemson/	200	1	
https://gpacalculator.net/admissions/coleman-university/	410			410	https://gpacalculator.net/admissions/coleman-university/	410	0	
https://gpacalculator.net/admissions/colgate-university/	301	https://gpacalculator.net/admissions/colgate/	Rank Math	301 Rank Math > /admissions/colgate/ | 200	https://gpacalculator.net/admissions/colgate/	200	1	
https://gpacalculator.net/admissions/college-america-cheyenne/	410			410	https://gpacalculator.net/admissions/college-america-cheyenne/	410	0	
https://gpacalculator.net/admissions/college-america-colorado-springs/	410			410	https://gpacalculator.net/admissions/college-america-colorado-springs/	410	0	
https://gpacalculator.net/admissions/college-america-denver/	410			410	https://gpacalculator.net/admissions/college-america-denver/	410	0	
https://gpacalculator.net/admissions/college-america-flagstaff/	410			410	https://gpacalculator.net/admissions/college-america-flagstaff/	410	0	
https://gpacalculator.net/admissions/college-america-fort-collins/	410			410	https://gpacalculator.net/admissions/college-america-fort-collins/	410	0	
https://gpacalculator.net/admissions/college-of-business-and-technology-kendall/	410			410	https://gpacalculator.net/admissions/college-of-business-and-technology-kendall/	410	0	
https://gpacalculator.net/admissions/collins-college/	410			410	https://gpacalculator.net/admissions/collins-college/	410	0	
https://gpacalculator.net/admissions/colorado-academy-of-veterinary-technology/	410			410	https://gpacalculator.net/admissions/colorado-academy-of-veterinary-technology/	410	0	
https://gpacalculator.net/admissions/colorado-christian-university/	301	https://gpacalculator.net/admissions/colorado-christian/	Rank Math	301 Rank Math > /admissions/colorado-christian/ | 200	https://gpacalculator.net/admissions/colorado-christian/	200	1	
https://gpacalculator.net/admissions/colorado-heights-university/	404			404	https://gpacalculator.net/admissions/colorado-heights-university/	404	0	
https://gpacalculator.net/admissions/colorado-state-university-system-office/	410			410	https://gpacalculator.net/admissions/colorado-state-university-system-office/	410	0	
https://gpacalculator.net/admissions/colorado-technical-university-greenwood-village/	301	https://gpacalculator.net/admissions/colorado-technical-university-colorado-springs/	Rank Math	301 Rank Math > /admissions/colorado-technical-university-colorado-springs/ | 200	https://gpacalculator.net/admissions/colorado-technical-university-colorado-springs/	200	1	
https://gpacalculator.net/admissions/colorado-technical-university-kansas-city/	410			410	https://gpacalculator.net/admissions/colorado-technical-university-kansas-city/	410	0	
https://gpacalculator.net/admissions/colorado-technical-university-online/	301	https://gpacalculator.net/admissions/colorado-technical-university-colorado-springs/	Rank Math	301 Rank Math > /admissions/colorado-technical-university-colorado-springs/ | 200	https://gpacalculator.net/admissions/colorado-technical-university-colorado-springs/	200	1	
https://gpacalculator.net/admissions/colorado-technical-university-sioux-falls/	301	https://gpacalculator.net/admissions/colorado-technical-university-colorado-springs/	Rank Math	301 Rank Math > /admissions/colorado-technical-university-colorado-springs/ | 200	https://gpacalculator.net/admissions/colorado-technical-university-colorado-springs/	200	1	
https://gpacalculator.net/admissions/columbia-college-hollywood/	410			410	https://gpacalculator.net/admissions/columbia-college-hollywood/	410	0	
https://gpacalculator.net/admissions/columbia-university-in-the-city-of-new-york/	301	https://gpacalculator.net/admissions/columbia/	Rank Math	301 Rank Math > /admissions/columbia/ | 200	https://gpacalculator.net/admissions/columbia/	200	1	
https://gpacalculator.net/admissions/compass-college-of-cinematic-arts/	410			410	https://gpacalculator.net/admissions/compass-college-of-cinematic-arts/	410	0	
https://gpacalculator.net/admissions/concordia-college-new-york/	410			410	https://gpacalculator.net/admissions/concordia-college-new-york/	410	0	
https://gpacalculator.net/admissions/concordia-college-selma/	410			410	https://gpacalculator.net/admissions/concordia-college-selma/	410	0	
https://gpacalculator.net/admissions/concordia-university-nebraska/	301	https://gpacalculator.net/admissions/concordia-university-seward/	Rank Math	301 Rank Math > /admissions/concordia-university-seward/ | 200	https://gpacalculator.net/admissions/concordia-university-seward/	200	1	
https://gpacalculator.net/admissions/concordia-university-portland/	410			410	https://gpacalculator.net/admissions/concordia-university-portland/	410	0	
https://gpacalculator.net/admissions/corcoran-college-of-art-and-design/	410			410	https://gpacalculator.net/admissions/corcoran-college-of-art-and-design/	410	0	
https://gpacalculator.net/admissions/cornell-university/	301	https://gpacalculator.net/admissions/cornell/	Rank Math	301 Rank Math > /admissions/cornell/ | 200	https://gpacalculator.net/admissions/cornell/	200	1	
https://gpacalculator.net/admissions/cornish-college-of-the-arts/	404			404	https://gpacalculator.net/admissions/cornish-college-of-the-arts/	404	0	
https://gpacalculator.net/admissions/cossatot-community-college-of-the-uni-of-arkansas/	301	https://gpacalculator.net/admissions/cossatot-community-college-of-the-university-of-arkansas/	Rank Math	301 Rank Math > /admissions/cossatot-community-college-of-the-university-of-arkansas/ | 200	https://gpacalculator.net/admissions/cossatot-community-college-of-the-university-of-arkansas/	200	1	
https://gpacalculator.net/admissions/court-reporting-institute-wheeler-institute-of-texas/	410			410	https://gpacalculator.net/admissions/court-reporting-institute-wheeler-institute-of-texas/	410	0	
https://gpacalculator.net/admissions/creighton-university/	301	https://gpacalculator.net/admissions/creighton/	Rank Math	301 Rank Math > /admissions/creighton/ | 200	https://gpacalculator.net/admissions/creighton/	200	1	
https://gpacalculator.net/admissions/crossroads-college/	410			410	https://gpacalculator.net/admissions/crossroads-college/	410	0	
https://gpacalculator.net/admissions/daniel-webster-college/	410			410	https://gpacalculator.net/admissions/daniel-webster-college/	410	0	
https://gpacalculator.net/admissions/darton-college/	301	https://gpacalculator.net/admissions/albany-state-university/	Rank Math	301 Rank Math > /admissions/albany-state-university/ | 200	https://gpacalculator.net/admissions/albany-state-university/	200	1	
https://gpacalculator.net/admissions/daymar-college-bellevue/	410			410	https://gpacalculator.net/admissions/daymar-college-bellevue/	410	0	
https://gpacalculator.net/admissions/daymar-college-bowling-green/	410			410	https://gpacalculator.net/admissions/daymar-college-bowling-green/	410	0	
https://gpacalculator.net/admissions/daymar-college-chillicothe/	410			410	https://gpacalculator.net/admissions/daymar-college-chillicothe/	410	0	
https://gpacalculator.net/admissions/daymar-college-jackson/	410			410	https://gpacalculator.net/admissions/daymar-college-jackson/	410	0	
https://gpacalculator.net/admissions/daymar-college-lancaster/	410			410	https://gpacalculator.net/admissions/daymar-college-lancaster/	410	0	
https://gpacalculator.net/admissions/daymar-college-madisonville/	410			410	https://gpacalculator.net/admissions/daymar-college-madisonville/	410	0	
https://gpacalculator.net/admissions/daymar-college-new-boston/	410			410	https://gpacalculator.net/admissions/daymar-college-new-boston/	410	0	
https://gpacalculator.net/admissions/daymar-college-online/	410			410	https://gpacalculator.net/admissions/daymar-college-online/	410	0	
https://gpacalculator.net/admissions/daymar-college-owensboro/	410			410	https://gpacalculator.net/admissions/daymar-college-owensboro/	410	0	
https://gpacalculator.net/admissions/daymar-college-paducah-main/	410			410	https://gpacalculator.net/admissions/daymar-college-paducah-main/	410	0	
https://gpacalculator.net/admissions/daymar-college-scottsville/	410			410	https://gpacalculator.net/admissions/daymar-college-scottsville/	410	0	
https://gpacalculator.net/admissions/daymar-institute-clarksville/	410			410	https://gpacalculator.net/admissions/daymar-institute-clarksville/	410	0	
https://gpacalculator.net/admissions/daymar-institute-murfreesboro/	410			410	https://gpacalculator.net/admissions/daymar-institute-murfreesboro/	410	0	
https://gpacalculator.net/admissions/daymar-institute-nashville/	410			410	https://gpacalculator.net/admissions/daymar-institute-nashville/	410	0	
https://gpacalculator.net/admissions/dean-institute-of-technology/	410			410	https://gpacalculator.net/admissions/dean-institute-of-technology/	410	0	
https://gpacalculator.net/admissions/delaware-college-of-art-and-design/	410			410	https://gpacalculator.net/admissions/delaware-college-of-art-and-design/	410	0	
https://gpacalculator.net/admissions/delaware-technical-and-community-college-owens/	301	https://gpacalculator.net/admissions/delaware-technical-and-community-college-terry/	Rank Math	301 Rank Math > /admissions/delaware-technical-and-community-college-terry/ | 200	https://gpacalculator.net/admissions/delaware-technical-and-community-college-terry/	200	1	
https://gpacalculator.net/admissions/delaware-technical-and-community-college-stanton-wilmington/	301	https://gpacalculator.net/admissions/delaware-technical-and-community-college-terry/	Rank Math	301 Rank Math > /admissions/delaware-technical-and-community-college-terry/ | 200	https://gpacalculator.net/admissions/delaware-technical-and-community-college-terry/	200	1	
https://gpacalculator.net/admissions/denison-university/	301	https://gpacalculator.net/admissions/denison/	Rank Math	301 Rank Math > /admissions/denison/ | 200	https://gpacalculator.net/admissions/denison/	200	1	
https://gpacalculator.net/admissions/depaul-university/	301	https://gpacalculator.net/admissions/depaul/	Rank Math	301 Rank Math > /admissions/depaul/ | 200	https://gpacalculator.net/admissions/depaul/	200	1	
https://gpacalculator.net/admissions/depauw-university/	301	https://gpacalculator.net/admissions/depauw/	Rank Math	301 Rank Math > /admissions/depauw/ | 200	https://gpacalculator.net/admissions/depauw/	200	1	
https://gpacalculator.net/admissions/des-moines-university-osteopathic-medical-center/	301	https://gpacalculator.net/admissions/des-moines-university/	Rank Math	301 Rank Math > /admissions/des-moines-university/ | 200	https://gpacalculator.net/admissions/des-moines-university/	200	1	
https://gpacalculator.net/admissions/devry-unis-keller-graduate-school-of-management-arizona/	301	https://gpacalculator.net/admissions/devry-university-arizona/	Rank Math	301 Rank Math > /admissions/devry-university-arizona/ | 200	https://gpacalculator.net/admissions/devry-university-arizona/	200	1	
https://gpacalculator.net/admissions/devry-unis-keller-graduate-school-of-management-california/	301	https://gpacalculator.net/admissions/devry-university-california/	Rank Math	301 Rank Math > /admissions/devry-university-california/ | 200	https://gpacalculator.net/admissions/devry-university-california/	200	1	
https://gpacalculator.net/admissions/devry-unis-keller-graduate-school-of-management-colorado/	301	https://gpacalculator.net/admissions/devry-university-colorado/	Rank Math	301 Rank Math > /admissions/devry-university-colorado/ | 410	https://gpacalculator.net/admissions/devry-university-colorado/	410	1	
https://gpacalculator.net/admissions/devry-unis-keller-graduate-school-of-management-florida/	301	https://gpacalculator.net/admissions/devry-university-florida/	Rank Math	301 Rank Math > /admissions/devry-university-florida/ | 200	https://gpacalculator.net/admissions/devry-university-florida/	200	1	
https://gpacalculator.net/admissions/devry-unis-keller-graduate-school-of-management-georgia/	301	https://gpacalculator.net/admissions/devry-university-georgia/	Rank Math	301 Rank Math > /admissions/devry-university-georgia/ | 200	https://gpacalculator.net/admissions/devry-university-georgia/	200	1	
https://gpacalculator.net/admissions/devry-unis-keller-graduate-school-of-management-illinois/	301	https://gpacalculator.net/admissions/devry-university-illinois/	Rank Math	301 Rank Math > /admissions/devry-university-illinois/ | 200	https://gpacalculator.net/admissions/devry-university-illinois/	200	1	
https://gpacalculator.net/admissions/devry-unis-keller-graduate-school-of-management-indiana/	301	https://gpacalculator.net/admissions/devry-university-indiana/	Rank Math	301 Rank Math > /admissions/devry-university-indiana/ | 410	https://gpacalculator.net/admissions/devry-university-indiana/	410	1	
https://gpacalculator.net/admissions/devry-unis-keller-graduate-school-of-management-kentucky/	301	https://gpacalculator.net/admissions/devry-university-kentucky/	Rank Math	301 Rank Math > /admissions/devry-university-kentucky/ | 410	https://gpacalculator.net/admissions/devry-university-kentucky/	410	1	
https://gpacalculator.net/admissions/devry-unis-keller-graduate-school-of-management-maryland/	301	https://gpacalculator.net/admissions/devry-university-maryland/	Rank Math	301 Rank Math > /admissions/devry-university-maryland/ | 410	https://gpacalculator.net/admissions/devry-university-maryland/	410	1	
https://gpacalculator.net/admissions/devry-unis-keller-graduate-school-of-management-michigan/	301	https://gpacalculator.net/admissions/devry-university-michigan/	Rank Math	301 Rank Math > /admissions/devry-university-michigan/ | 410	https://gpacalculator.net/admissions/devry-university-michigan/	410	1	
https://gpacalculator.net/admissions/devry-unis-keller-graduate-school-of-management-minnesota/	301	https://gpacalculator.net/admissions/devry-university-minnesota/	Rank Math	301 Rank Math > /admissions/devry-university-minnesota/ | 410	https://gpacalculator.net/admissions/devry-university-minnesota/	410	1	
https://gpacalculator.net/admissions/devry-unis-keller-graduate-school-of-management-missouri/	301	https://gpacalculator.net/admissions/devry-university-missouri/	Rank Math	301 Rank Math > /admissions/devry-university-missouri/ | 410	https://gpacalculator.net/admissions/devry-university-missouri/	410	1	
https://gpacalculator.net/admissions/devry-unis-keller-graduate-school-of-management-nc/	301	https://gpacalculator.net/admissions/devry-university-north-carolina/	Rank Math	301 Rank Math > /admissions/devry-university-north-carolina/ | 410	https://gpacalculator.net/admissions/devry-university-north-carolina/	410	1	
https://gpacalculator.net/admissions/devry-unis-keller-graduate-school-of-management-nevada/	301	https://gpacalculator.net/admissions/devry-university-nevada/	Rank Math	301 Rank Math > /admissions/devry-university-nevada/ | 200	https://gpacalculator.net/admissions/devry-university-nevada/	200	1	
https://gpacalculator.net/admissions/devry-unis-keller-graduate-school-of-management-new-jersey/	301	https://gpacalculator.net/admissions/devry-university-new-jersey/	Rank Math	301 Rank Math > /admissions/devry-university-new-jersey/ | 200	https://gpacalculator.net/admissions/devry-university-new-jersey/	200	1	
https://gpacalculator.net/admissions/devry-unis-keller-graduate-school-of-management-ohio/	301	https://gpacalculator.net/admissions/devry-university-ohio/	Rank Math	301 Rank Math > /admissions/devry-university-ohio/ | 200	https://gpacalculator.net/admissions/devry-university-ohio/	200	1	
https://gpacalculator.net/admissions/devry-unis-keller-graduate-school-of-management-oklahoma/	301	https://gpacalculator.net/admissions/devry-university-oklahoma/	Rank Math	301 Rank Math > /admissions/devry-university-oklahoma/ | 410	https://gpacalculator.net/admissions/devry-university-oklahoma/	410	1	
https://gpacalculator.net/admissions/devry-unis-keller-graduate-school-of-management-oregon/	301	https://gpacalculator.net/admissions/devry-university-oregon/	Rank Math	301 Rank Math > /admissions/devry-university-oregon/ | 410	https://gpacalculator.net/admissions/devry-university-oregon/	410	1	
https://gpacalculator.net/admissions/devry-unis-keller-graduate-school-of-management-pa/	301	https://gpacalculator.net/admissions/devry-university-pennsylvania/	Rank Math	301 Rank Math > /admissions/devry-university-pennsylvania/ | 410	https://gpacalculator.net/admissions/devry-university-pennsylvania/	410	1	
https://gpacalculator.net/admissions/devry-unis-keller-graduate-school-of-management-tennessee/	301	https://gpacalculator.net/admissions/devry-university-tennessee/	Rank Math	301 Rank Math > /admissions/devry-university-tennessee/ | 410	https://gpacalculator.net/admissions/devry-university-tennessee/	410	1	
https://gpacalculator.net/admissions/devry-unis-keller-graduate-school-of-management-texas/	301	https://gpacalculator.net/admissions/devry-university-texas/	Rank Math	301 Rank Math > /admissions/devry-university-texas/ | 200	https://gpacalculator.net/admissions/devry-university-texas/	200	1	
https://gpacalculator.net/admissions/devry-unis-keller-graduate-school-of-management-utah/	301	https://gpacalculator.net/admissions/devry-university-utah/	Rank Math	301 Rank Math > /admissions/devry-university-utah/ | 410	https://gpacalculator.net/admissions/devry-university-utah/	410	1	
https://gpacalculator.net/admissions/devry-unis-keller-graduate-school-of-management-virginia/	301	https://gpacalculator.net/admissions/devry-university-virginia/	Rank Math	301 Rank Math > /admissions/devry-university-virginia/ | 200	https://gpacalculator.net/admissions/devry-university-virginia/	200	1	
https://gpacalculator.net/admissions/devry-unis-keller-graduate-school-of-management-washington/	301	https://gpacalculator.net/admissions/devry-university-washington/	Rank Math	301 Rank Math > /admissions/devry-university-washington/ | 410	https://gpacalculator.net/admissions/devry-university-washington/	410	1	
https://gpacalculator.net/admissions/devry-unis-keller-graduate-school-of-management-wisconsin/	301	https://gpacalculator.net/admissions/devry-university-wisconsin/	Rank Math	301 Rank Math > /admissions/devry-university-wisconsin/ | 410	https://gpacalculator.net/admissions/devry-university-wisconsin/	410	1	
https://gpacalculator.net/admissions/devry-university-administrative-office/	301	https://gpacalculator.net/admissions/devry-university-illinois/	Rank Math	301 Rank Math > /admissions/devry-university-illinois/ | 200	https://gpacalculator.net/admissions/devry-university-illinois/	200	1	
https://gpacalculator.net/admissions/devry-university-colorado/	410			410	https://gpacalculator.net/admissions/devry-university-colorado/	410	0	
https://gpacalculator.net/admissions/devry-university-indiana/	410			410	https://gpacalculator.net/admissions/devry-university-indiana/	410	0	
https://gpacalculator.net/admissions/devry-university-kentucky/	410			410	https://gpacalculator.net/admissions/devry-university-kentucky/	410	0	
https://gpacalculator.net/admissions/devry-university-maryland/	410			410	https://gpacalculator.net/admissions/devry-university-maryland/	410	0	
https://gpacalculator.net/admissions/devry-university-michigan/	410			410	https://gpacalculator.net/admissions/devry-university-michigan/	410	0	
https://gpacalculator.net/admissions/devry-university-minnesota/	410			410	https://gpacalculator.net/admissions/devry-university-minnesota/	410	0	
https://gpacalculator.net/admissions/devry-university-missouri/	410			410	https://gpacalculator.net/admissions/devry-university-missouri/	410	0	
https://gpacalculator.net/admissions/devry-university-north-carolina/	410			410	https://gpacalculator.net/admissions/devry-university-north-carolina/	410	0	
https://gpacalculator.net/admissions/devry-university-oklahoma/	410			410	https://gpacalculator.net/admissions/devry-university-oklahoma/	410	0	
https://gpacalculator.net/admissions/devry-university-oregon/	410			410	https://gpacalculator.net/admissions/devry-university-oregon/	410	0	
https://gpacalculator.net/admissions/devry-university-pennsylvania/	410			410	https://gpacalculator.net/admissions/devry-university-pennsylvania/	410	0	
https://gpacalculator.net/admissions/devry-university-tennessee/	410			410	https://gpacalculator.net/admissions/devry-university-tennessee/	410	0	
https://gpacalculator.net/admissions/devry-university-utah/	410			410	https://gpacalculator.net/admissions/devry-university-utah/	410	0	
https://gpacalculator.net/admissions/devry-university-washington/	410			410	https://gpacalculator.net/admissions/devry-university-washington/	410	0	
https://gpacalculator.net/admissions/devry-university-wisconsin/	410			410	https://gpacalculator.net/admissions/devry-university-wisconsin/	410	0	
https://gpacalculator.net/admissions/devry-universitys-keller-graduate-school-of-management-arizona/	301	https://gpacalculator.net/admissions/devry-university-arizona/	Rank Math	301 Rank Math > /admissions/devry-university-arizona/ | 200	https://gpacalculator.net/admissions/devry-university-arizona/	200	1	
https://gpacalculator.net/admissions/devry-universitys-keller-graduate-school-of-management-california/	301	https://gpacalculator.net/admissions/devry-university-california/	Rank Math	301 Rank Math > /admissions/devry-university-california/ | 200	https://gpacalculator.net/admissions/devry-university-california/	200	1	
https://gpacalculator.net/admissions/devry-universitys-keller-graduate-school-of-management-colorado/	301	https://gpacalculator.net/admissions/devry-university-colorado/	Rank Math	301 Rank Math > /admissions/devry-university-colorado/ | 410	https://gpacalculator.net/admissions/devry-university-colorado/	410	1	
https://gpacalculator.net/admissions/devry-universitys-keller-graduate-school-of-management-florida/	301	https://gpacalculator.net/admissions/devry-university-florida/	Rank Math	301 Rank Math > /admissions/devry-university-florida/ | 200	https://gpacalculator.net/admissions/devry-university-florida/	200	1	
https://gpacalculator.net/admissions/devry-universitys-keller-graduate-school-of-management-georgia/	301	https://gpacalculator.net/admissions/devry-university-georgia/	Rank Math	301 Rank Math > /admissions/devry-university-georgia/ | 200	https://gpacalculator.net/admissions/devry-university-georgia/	200	1	
https://gpacalculator.net/admissions/devry-universitys-keller-graduate-school-of-management-illinois/	301	https://gpacalculator.net/admissions/devry-university-illinois/	Rank Math	301 Rank Math > /admissions/devry-university-illinois/ | 200	https://gpacalculator.net/admissions/devry-university-illinois/	200	1	
https://gpacalculator.net/admissions/devry-universitys-keller-graduate-school-of-management-indiana/	301	https://gpacalculator.net/admissions/devry-university-indiana/	Rank Math	301 Rank Math > /admissions/devry-university-indiana/ | 410	https://gpacalculator.net/admissions/devry-university-indiana/	410	1	
https://gpacalculator.net/admissions/devry-universitys-keller-graduate-school-of-management-kentucky/	301	https://gpacalculator.net/admissions/devry-university-kentucky/	Rank Math	301 Rank Math > /admissions/devry-university-kentucky/ | 410	https://gpacalculator.net/admissions/devry-university-kentucky/	410	1	
https://gpacalculator.net/admissions/devry-universitys-keller-graduate-school-of-management-maryland/	301	https://gpacalculator.net/admissions/devry-university-maryland/	Rank Math	301 Rank Math > /admissions/devry-university-maryland/ | 410	https://gpacalculator.net/admissions/devry-university-maryland/	410	1	
https://gpacalculator.net/admissions/devry-universitys-keller-graduate-school-of-management-michigan/	301	https://gpacalculator.net/admissions/devry-university-michigan/	Rank Math	301 Rank Math > /admissions/devry-university-michigan/ | 410	https://gpacalculator.net/admissions/devry-university-michigan/	410	1	
https://gpacalculator.net/admissions/devry-universitys-keller-graduate-school-of-management-minnesota/	301	https://gpacalculator.net/admissions/devry-university-minnesota/	Rank Math	301 Rank Math > /admissions/devry-university-minnesota/ | 410	https://gpacalculator.net/admissions/devry-university-minnesota/	410	1	
https://gpacalculator.net/admissions/devry-universitys-keller-graduate-school-of-management-missouri/	301	https://gpacalculator.net/admissions/devry-university-missouri/	Rank Math	301 Rank Math > /admissions/devry-university-missouri/ | 410	https://gpacalculator.net/admissions/devry-university-missouri/	410	1	
https://gpacalculator.net/admissions/devry-universitys-keller-graduate-school-of-management-nevada/	301	https://gpacalculator.net/admissions/devry-university-nevada/	Rank Math	301 Rank Math > /admissions/devry-university-nevada/ | 200	https://gpacalculator.net/admissions/devry-university-nevada/	200	1	
https://gpacalculator.net/admissions/devry-universitys-keller-graduate-school-of-management-new-jersey/	301	https://gpacalculator.net/admissions/devry-university-new-jersey/	Rank Math	301 Rank Math > /admissions/devry-university-new-jersey/ | 200	https://gpacalculator.net/admissions/devry-university-new-jersey/	200	1	
https://gpacalculator.net/admissions/devry-universitys-keller-graduate-school-of-management-north-carolina/	301	https://gpacalculator.net/admissions/devry-university-north-carolina/	Rank Math	301 Rank Math > /admissions/devry-university-north-carolina/ | 410	https://gpacalculator.net/admissions/devry-university-north-carolina/	410	1	
https://gpacalculator.net/admissions/devry-universitys-keller-graduate-school-of-management-ohio/	301	https://gpacalculator.net/admissions/devry-university-ohio/	Rank Math	301 Rank Math > /admissions/devry-university-ohio/ | 200	https://gpacalculator.net/admissions/devry-university-ohio/	200	1	
https://gpacalculator.net/admissions/devry-universitys-keller-graduate-school-of-management-oklahoma/	301	https://gpacalculator.net/admissions/devry-university-oklahoma/	Rank Math	301 Rank Math > /admissions/devry-university-oklahoma/ | 410	https://gpacalculator.net/admissions/devry-university-oklahoma/	410	1	
https://gpacalculator.net/admissions/devry-universitys-keller-graduate-school-of-management-oregon/	301	https://gpacalculator.net/admissions/devry-university-oregon/	Rank Math	301 Rank Math > /admissions/devry-university-oregon/ | 410	https://gpacalculator.net/admissions/devry-university-oregon/	410	1	
https://gpacalculator.net/admissions/devry-universitys-keller-graduate-school-of-management-pennsylvania/	301	https://gpacalculator.net/admissions/devry-university-pennsylvania/	Rank Math	301 Rank Math > /admissions/devry-university-pennsylvania/ | 410	https://gpacalculator.net/admissions/devry-university-pennsylvania/	410	1	
https://gpacalculator.net/admissions/devry-universitys-keller-graduate-school-of-management-tennessee/	301	https://gpacalculator.net/admissions/devry-university-tennessee/	Rank Math	301 Rank Math > /admissions/devry-university-tennessee/ | 410	https://gpacalculator.net/admissions/devry-university-tennessee/	410	1	
https://gpacalculator.net/admissions/devry-universitys-keller-graduate-school-of-management-texas/	301	https://gpacalculator.net/admissions/devry-university-texas/	Rank Math	301 Rank Math > /admissions/devry-university-texas/ | 200	https://gpacalculator.net/admissions/devry-university-texas/	200	1	
https://gpacalculator.net/admissions/devry-universitys-keller-graduate-school-of-management-utah/	301	https://gpacalculator.net/admissions/devry-university-utah/	Rank Math	301 Rank Math > /admissions/devry-university-utah/ | 410	https://gpacalculator.net/admissions/devry-university-utah/	410	1	
https://gpacalculator.net/admissions/devry-universitys-keller-graduate-school-of-management-virginia/	301	https://gpacalculator.net/admissions/devry-university-virginia/	Rank Math	301 Rank Math > /admissions/devry-university-virginia/ | 200	https://gpacalculator.net/admissions/devry-university-virginia/	200	1	
https://gpacalculator.net/admissions/devry-universitys-keller-graduate-school-of-management-washington/	301	https://gpacalculator.net/admissions/devry-university-washington/	Rank Math	301 Rank Math > /admissions/devry-university-washington/ | 410	https://gpacalculator.net/admissions/devry-university-washington/	410	1	
https://gpacalculator.net/admissions/devry-universitys-keller-graduate-school-of-management-wisconsin/	301	https://gpacalculator.net/admissions/devry-university-wisconsin/	Rank Math	301 Rank Math > /admissions/devry-university-wisconsin/ | 410	https://gpacalculator.net/admissions/devry-university-wisconsin/	410	1	
https://gpacalculator.net/admissions/digital-media-arts-college/	410			410	https://gpacalculator.net/admissions/digital-media-arts-college/	410	0	
https://gpacalculator.net/admissions/dowling-college/	404			404	https://gpacalculator.net/admissions/dowling-college/	404	0	
https://gpacalculator.net/admissions/drury-university/	301	https://gpacalculator.net/admissions/drury/	Rank Math	301 Rank Math > /admissions/drury/ | 200	https://gpacalculator.net/admissions/drury/	200	1	
https://gpacalculator.net/admissions/duke-university/	301	https://gpacalculator.net/admissions/duke/	Rank Math	301 Rank Math > /admissions/duke/ | 200	https://gpacalculator.net/admissions/duke/	200	1	
https://gpacalculator.net/admissions/duluth-business-university/	410			410	https://gpacalculator.net/admissions/duluth-business-university/	410	0	
https://gpacalculator.net/admissions/duquesne-university/	301	https://gpacalculator.net/admissions/duquesne/	Rank Math	301 Rank Math > /admissions/duquesne/ | 200	https://gpacalculator.net/admissions/duquesne/	200	1	
https://gpacalculator.net/admissions/eagle-gate-college-salt-lake-city/	410			410	https://gpacalculator.net/admissions/eagle-gate-college-salt-lake-city/	410	0	
https://gpacalculator.net/admissions/east-san-gabriel-valley-regional-occupational-program/	410			410	https://gpacalculator.net/admissions/east-san-gabriel-valley-regional-occupational-program/	410	0	
https://gpacalculator.net/admissions/eastern-gateway-community-college/	404			404	https://gpacalculator.net/admissions/eastern-gateway-community-college/	404	0	
https://gpacalculator.net/admissions/eastfield-college/	301	https://gpacalculator.net/admissions/el-centro-college/	Rank Math	301 Rank Math > /admissions/el-centro-college/ | 200	https://gpacalculator.net/admissions/el-centro-college/	200	1	
https://gpacalculator.net/admissions/ecotech-institute/	410			410	https://gpacalculator.net/admissions/ecotech-institute/	410	0	
https://gpacalculator.net/admissions/edinboro-university-of-pennsylvania/	301	https://gpacalculator.net/admissions/pennsylvania-western-university/	Rank Math	301 Rank Math > /admissions/pennsylvania-western-university/ | 200	https://gpacalculator.net/admissions/pennsylvania-western-university/	200	1	
https://gpacalculator.net/admissions/ellis-university/	404			404	https://gpacalculator.net/admissions/ellis-university/	404	0	
https://gpacalculator.net/admissions/embry-riddle-aeronautical-uni-daytona-beach/	301	https://gpacalculator.net/admissions/embry-riddle/	Rank Math	301 Rank Math > /admissions/embry-riddle/ | 200	https://gpacalculator.net/admissions/embry-riddle/	200	1	
https://gpacalculator.net/admissions/embry-riddle-aeronautical-university-daytona-beach/	301	https://gpacalculator.net/admissions/embry-riddle/	Rank Math	301 Rank Math > /admissions/embry-riddle/ | 200	https://gpacalculator.net/admissions/embry-riddle/	200	1	
https://gpacalculator.net/admissions/embry-riddle-aeronautical-university-prescott/	301	https://gpacalculator.net/admissions/embry-riddle-prescott/	Rank Math	301 Rank Math > /admissions/embry-riddle-prescott/ | 200	https://gpacalculator.net/admissions/embry-riddle-prescott/	200	1	
https://gpacalculator.net/admissions/emory-university/	301	https://gpacalculator.net/admissions/emory/	Rank Math	301 Rank Math > /admissions/emory/ | 200	https://gpacalculator.net/admissions/emory/	200	1	
https://gpacalculator.net/admissions/erie-business-center-erie/	410			410	https://gpacalculator.net/admissions/erie-business-center-erie/	410	0	
https://gpacalculator.net/admissions/erie-business-center-new-castle/	410			410	https://gpacalculator.net/admissions/erie-business-center-new-castle/	410	0	
https://gpacalculator.net/admissions/everest-university-brandon/	410			410	https://gpacalculator.net/admissions/everest-university-brandon/	410	0	
https://gpacalculator.net/admissions/everest-university-jacksonville/	410			410	https://gpacalculator.net/admissions/everest-university-jacksonville/	410	0	
https://gpacalculator.net/admissions/everest-university-lakeland/	410			410	https://gpacalculator.net/admissions/everest-university-lakeland/	410	0	
https://gpacalculator.net/admissions/everest-university-largo/	410			410	https://gpacalculator.net/admissions/everest-university-largo/	410	0	
https://gpacalculator.net/admissions/everest-university-melbourne/	410			410	https://gpacalculator.net/admissions/everest-university-melbourne/	410	0	
https://gpacalculator.net/admissions/everest-university-north-orlando/	410			410	https://gpacalculator.net/admissions/everest-university-north-orlando/	410	0	
https://gpacalculator.net/admissions/everest-university-orange-park/	410			410	https://gpacalculator.net/admissions/everest-university-orange-park/	410	0	
https://gpacalculator.net/admissions/everest-university-pompano-beach/	410			410	https://gpacalculator.net/admissions/everest-university-pompano-beach/	410	0	
https://gpacalculator.net/admissions/everest-university-south-orlando/	410			410	https://gpacalculator.net/admissions/everest-university-south-orlando/	410	0	
https://gpacalculator.net/admissions/everest-university-tampa/	410			410	https://gpacalculator.net/admissions/everest-university-tampa/	410	0	
https://gpacalculator.net/admissions/expression-college-for-digital-arts/	410			410	https://gpacalculator.net/admissions/expression-college-for-digital-arts/	410	0	
https://gpacalculator.net/admissions/fairleigh-dickinson-uni-metropolitan-campus/	301	https://gpacalculator.net/admissions/fairleigh-dickinson-university-metropolitan-campus/	Rank Math	301 Rank Math > /admissions/fairleigh-dickinson-university-metropolitan-campus/ | 200	https://gpacalculator.net/admissions/fairleigh-dickinson-university-metropolitan-campus/	200	1	
https://gpacalculator.net/admissions/fashion-careers-college/	410			410	https://gpacalculator.net/admissions/fashion-careers-college/	410	0	
https://gpacalculator.net/admissions/fashion-institute-of-design-and-merchandising-los-angeles/	404			404	https://gpacalculator.net/admissions/fashion-institute-of-design-and-merchandising-los-angeles/	404	0	
https://gpacalculator.net/admissions/fashion-institute-of-design-and-merchandising-orange-county/	404			404	https://gpacalculator.net/admissions/fashion-institute-of-design-and-merchandising-orange-county/	404	0	
https://gpacalculator.net/admissions/fashion-institute-of-design-and-merchandising-san-diego/	404			404	https://gpacalculator.net/admissions/fashion-institute-of-design-and-merchandising-san-diego/	404	0	
https://gpacalculator.net/admissions/fashion-institute-of-design-and-merchandising-san-francisco/	410			410	https://gpacalculator.net/admissions/fashion-institute-of-design-and-merchandising-san-francisco/	410	0	
https://gpacalculator.net/admissions/finlandia-university/	410			410	https://gpacalculator.net/admissions/finlandia-university/	410	0	
https://gpacalculator.net/admissions/florida-career-college-clearwater/	410			410	https://gpacalculator.net/admissions/florida-career-college-clearwater/	410	0	
https://gpacalculator.net/admissions/florida-career-college-miami/	404			404	https://gpacalculator.net/admissions/florida-career-college-miami/	404	0	
https://gpacalculator.net/admissions/florida-christian-college/	410			410	https://gpacalculator.net/admissions/florida-christian-college/	410	0	
https://gpacalculator.net/admissions/florida-gulf-coast-university/	301	https://gpacalculator.net/admissions/florida-gulf-coast/	Rank Math	301 Rank Math > /admissions/florida-gulf-coast/ | 200	https://gpacalculator.net/admissions/florida-gulf-coast/	200	1	
https://gpacalculator.net/admissions/florida-international-university/	301	https://gpacalculator.net/admissions/florida-international/	Rank Math	301 Rank Math > /admissions/florida-international/ | 200	https://gpacalculator.net/admissions/florida-international/	200	1	
https://gpacalculator.net/admissions/fontbonne-university/	404			404	https://gpacalculator.net/admissions/fontbonne-university/	404	0	
https://gpacalculator.net/admissions/forrest-college/	410			410	https://gpacalculator.net/admissions/forrest-college/	410	0	
https://gpacalculator.net/admissions/fortis-college-largo/	410			410	https://gpacalculator.net/admissions/fortis-college-largo/	410	0	
https://gpacalculator.net/admissions/fortis-college-miami/	410			410	https://gpacalculator.net/admissions/fortis-college-miami/	410	0	
https://gpacalculator.net/admissions/fortis-college-phoenix/	410			410	https://gpacalculator.net/admissions/fortis-college-phoenix/	410	0	
https://gpacalculator.net/admissions/fortis-college-ravenna/	410			410	https://gpacalculator.net/admissions/fortis-college-ravenna/	410	0	
https://gpacalculator.net/admissions/fortis-college-tampa/	410			410	https://gpacalculator.net/admissions/fortis-college-tampa/	410	0	
https://gpacalculator.net/admissions/fortis-college-winter-park/	410			410	https://gpacalculator.net/admissions/fortis-college-winter-park/	410	0	
https://gpacalculator.net/admissions/fortis-institute-erie/	410			410	https://gpacalculator.net/admissions/fortis-institute-erie/	410	0	
https://gpacalculator.net/admissions/fountainhead-college-of-technology/	410			410	https://gpacalculator.net/admissions/fountainhead-college-of-technology/	410	0	
https://gpacalculator.net/admissions/francis-marion-university/	301	https://gpacalculator.net/admissions/francis-marion/	Rank Math	301 Rank Math > /admissions/francis-marion/ | 200	https://gpacalculator.net/admissions/francis-marion/	200	1	
https://gpacalculator.net/admissions/franciscan-university-of-steubenville/	301	https://gpacalculator.net/admissions/franciscan/	Rank Math	301 Rank Math > /admissions/franciscan/ | 200	https://gpacalculator.net/admissions/franciscan/	200	1	
https://gpacalculator.net/admissions/gallipolis-career-college/	410			410	https://gpacalculator.net/admissions/gallipolis-career-college/	410	0	
https://gpacalculator.net/admissions/gateway-community-college-new-haven/	301	https://gpacalculator.net/admissions/connecticut-state-community-college/	Rank Math	301 Rank Math > /admissions/connecticut-state-community-college/ | 200	https://gpacalculator.net/admissions/connecticut-state-community-college/	200	1	
https://gpacalculator.net/admissions/george-washington-university/	301	https://gpacalculator.net/admissions/george-washington/	Rank Math	301 Rank Math > /admissions/george-washington/ | 200	https://gpacalculator.net/admissions/george-washington/	200	1	
https://gpacalculator.net/admissions/georgetown-university/	301	https://gpacalculator.net/admissions/georgetown/	Rank Math	301 Rank Math > /admissions/georgetown/ | 200	https://gpacalculator.net/admissions/georgetown/	200	1	
https://gpacalculator.net/admissions/georgia-college-state-university/	301	https://gpacalculator.net/admissions/georgia-college-and-state-university/	Rank Math	301 Rank Math > /admissions/georgia-college-and-state-university/ | 200	https://gpacalculator.net/admissions/georgia-college-and-state-university/	200	1	
https://gpacalculator.net/admissions/georgia-health-sciences-university/	301	https://gpacalculator.net/admissions/augusta-university/	Rank Math	301 Rank Math > /admissions/augusta-university/ | 200	https://gpacalculator.net/admissions/augusta-university/	200	1	
https://gpacalculator.net/admissions/georgia-military-college-atlanta-campus/	301	https://gpacalculator.net/admissions/georgia-military-college/	Rank Math	301 Rank Math > /admissions/georgia-military-college/ | 200	https://gpacalculator.net/admissions/georgia-military-college/	200	1	
https://gpacalculator.net/admissions/georgia-military-college-augusta-campus/	301	https://gpacalculator.net/admissions/georgia-military-college/	Rank Math	301 Rank Math > /admissions/georgia-military-college/ | 200	https://gpacalculator.net/admissions/georgia-military-college/	200	1	
https://gpacalculator.net/admissions/georgia-military-college-columbus-campus/	301	https://gpacalculator.net/admissions/georgia-military-college/	Rank Math	301 Rank Math > /admissions/georgia-military-college/ | 200	https://gpacalculator.net/admissions/georgia-military-college/	200	1	
https://gpacalculator.net/admissions/georgia-military-college-milledgeville-campus/	301	https://gpacalculator.net/admissions/georgia-military-college/	Rank Math	301 Rank Math > /admissions/georgia-military-college/ | 200	https://gpacalculator.net/admissions/georgia-military-college/	200	1	
https://gpacalculator.net/admissions/georgia-military-college-valdosta-campus/	301	https://gpacalculator.net/admissions/georgia-military-college/	Rank Math	301 Rank Math > /admissions/georgia-military-college/ | 200	https://gpacalculator.net/admissions/georgia-military-college/	200	1	
https://gpacalculator.net/admissions/georgia-military-college-warner-robins-campus/	301	https://gpacalculator.net/admissions/georgia-military-college/	Rank Math	301 Rank Math > /admissions/georgia-military-college/ | 200	https://gpacalculator.net/admissions/georgia-military-college/	200	1	
https://gpacalculator.net/admissions/globe-institute-of-technology/	404			404	https://gpacalculator.net/admissions/globe-institute-of-technology/	404	0	
https://gpacalculator.net/admissions/globe-university%CB%86green-bay/	404			404	https://gpacalculator.net/admissions/globe-university%CB%86green-bay/	404	0	
https://gpacalculator.net/admissions/globe-university%CB%86madison-west/	404			404	https://gpacalculator.net/admissions/globe-university%CB%86madison-west/	404	0	
https://gpacalculator.net/admissions/globe-university%CB%86wausau/	404			404	https://gpacalculator.net/admissions/globe-university%CB%86wausau/	404	0	
https://gpacalculator.net/admissions/globe-university-appleton/	404			404	https://gpacalculator.net/admissions/globe-university-appleton/	404	0	
https://gpacalculator.net/admissions/globe-university-eau-claire/	404			404	https://gpacalculator.net/admissions/globe-university-eau-claire/	404	0	
https://gpacalculator.net/admissions/globe-university-green-bay/	410			410	https://gpacalculator.net/admissions/globe-university-green-bay/	410	0	
https://gpacalculator.net/admissions/globe-university-la-crosse/	404			404	https://gpacalculator.net/admissions/globe-university-la-crosse/	404	0	
https://gpacalculator.net/admissions/globe-university-madison-east/	404			404	https://gpacalculator.net/admissions/globe-university-madison-east/	404	0	
https://gpacalculator.net/admissions/globe-university-madison-west/	410			410	https://gpacalculator.net/admissions/globe-university-madison-west/	410	0	
https://gpacalculator.net/admissions/globe-university-sioux-falls/	404			404	https://gpacalculator.net/admissions/globe-university-sioux-falls/	404	0	
https://gpacalculator.net/admissions/globe-university-wausau/	404			404	https://gpacalculator.net/admissions/globe-university-wausau/	404	0	
https://gpacalculator.net/admissions/globe-university-woodbury/	404			404	https://gpacalculator.net/admissions/globe-university-woodbury/	404	0	
https://gpacalculator.net/admissions/goddard-college/	410			410	https://gpacalculator.net/admissions/goddard-college/	410	0	
https://gpacalculator.net/admissions/golden-gate-university-san-francisco/	301	https://gpacalculator.net/admissions/golden-gate-university/	Rank Math	301 Rank Math > /admissions/golden-gate-university/ | 200	https://gpacalculator.net/admissions/golden-gate-university/	200	1	
https://gpacalculator.net/admissions/golf-academy-of-america-altamonte-springs/	410			410	https://gpacalculator.net/admissions/golf-academy-of-america-altamonte-springs/	410	0	
https://gpacalculator.net/admissions/golf-academy-of-america-carlsbad/	410			410	https://gpacalculator.net/admissions/golf-academy-of-america-carlsbad/	410	0	
https://gpacalculator.net/admissions/golf-academy-of-america-chandler/	410			410	https://gpacalculator.net/admissions/golf-academy-of-america-chandler/	410	0	
https://gpacalculator.net/admissions/golf-academy-of-america-myrtle-beach/	410			410	https://gpacalculator.net/admissions/golf-academy-of-america-myrtle-beach/	410	0	
https://gpacalculator.net/admissions/governors-state-university/	301	https://gpacalculator.net/admissions/governors-state/	Rank Math	301 Rank Math > /admissions/governors-state/ | 200	https://gpacalculator.net/admissions/governors-state/	200	1	
https://gpacalculator.net/admissions/grace-university/	410			410	https://gpacalculator.net/admissions/grace-university/	410	0	
https://gpacalculator.net/admissions/great-falls-college-montana-state-university/	301	https://gpacalculator.net/admissions/montana-state-university-great-falls-college-of-technology/	Rank Math	301 Rank Math > /admissions/montana-state-university-great-falls-college-of-technology/ | 200	https://gpacalculator.net/admissions/montana-state-university-great-falls-college-of-technology/	200	1	
https://gpacalculator.net/admissions/green-mountain-college/	410			410	https://gpacalculator.net/admissions/green-mountain-college/	410	0	
https://gpacalculator.net/admissions/hands-on-medical-massage-school/	410			410	https://gpacalculator.net/admissions/hands-on-medical-massage-school/	410	0	
https://gpacalculator.net/admissions/harrison-college-columbus/	404			404	https://gpacalculator.net/admissions/harrison-college-columbus/	404	0	
https://gpacalculator.net/admissions/harrison-college-elkhart/	404			404	https://gpacalculator.net/admissions/harrison-college-elkhart/	404	0	
https://gpacalculator.net/admissions/harrison-college-evansville/	404			404	https://gpacalculator.net/admissions/harrison-college-evansville/	404	0	
https://gpacalculator.net/admissions/harrison-college-indianapolis-east/	404			404	https://gpacalculator.net/admissions/harrison-college-indianapolis-east/	404	0	
https://gpacalculator.net/admissions/harrison-college-lafayette/	404			404	https://gpacalculator.net/admissions/harrison-college-lafayette/	404	0	
https://gpacalculator.net/admissions/harrison-college-terre-haute/	404			404	https://gpacalculator.net/admissions/harrison-college-terre-haute/	404	0	
https://gpacalculator.net/admissions/harrison-college/	410			410	https://gpacalculator.net/admissions/harrison-college/	410	0	
https://gpacalculator.net/admissions/harvard-university/	301	https://gpacalculator.net/admissions/harvard/	Rank Math	301 Rank Math > /admissions/harvard/ | 200	https://gpacalculator.net/admissions/harvard/	200	1	
https://gpacalculator.net/admissions/helena-college-university-of-montana/	301	https://gpacalculator.net/admissions/university-of-montana-helena-college-of-technology/	Rank Math	301 Rank Math > /admissions/university-of-montana-helena-college-of-technology/ | 200	https://gpacalculator.net/admissions/university-of-montana-helena-college-of-technology/	200	1	
https://gpacalculator.net/admissions/herzing-university-toledo/	410			410	https://gpacalculator.net/admissions/herzing-university-toledo/	410	0	
https://gpacalculator.net/admissions/hesser-college/	410			410	https://gpacalculator.net/admissions/hesser-college/	410	0	
https://gpacalculator.net/admissions/hibbing-community-college-a-technical-and-community-college/	301	https://gpacalculator.net/admissions/minnesota-north-college/	Rank Math	301 Rank Math > /admissions/minnesota-north-college/ | 200	https://gpacalculator.net/admissions/minnesota-north-college/	200	1	
https://gpacalculator.net/admissions/hickey-college/	410			410	https://gpacalculator.net/admissions/hickey-college/	410	0	
https://gpacalculator.net/admissions/hiwassee-college/	410			410	https://gpacalculator.net/admissions/hiwassee-college/	410	0	
https://gpacalculator.net/admissions/hodges-university/	410			410	https://gpacalculator.net/admissions/hodges-university/	410	0	
https://gpacalculator.net/admissions/hollins-university/	301	https://gpacalculator.net/admissions/hollins/	Rank Math	301 Rank Math > /admissions/hollins/ | 200	https://gpacalculator.net/admissions/hollins/	200	1	
https://gpacalculator.net/admissions/holy-names-university/	410			410	https://gpacalculator.net/admissions/holy-names-university/	410	0	
https://gpacalculator.net/admissions/housatonic-community-college/	301	https://gpacalculator.net/admissions/connecticut-state-community-college/	Rank Math	301 Rank Math > /admissions/connecticut-state-community-college/ | 200	https://gpacalculator.net/admissions/connecticut-state-community-college/	200	1	
https://gpacalculator.net/admissions/hussian-school-of-art/	410			410	https://gpacalculator.net/admissions/hussian-school-of-art/	410	0	
https://gpacalculator.net/admissions/husson-university-bangor-maine/	301	https://gpacalculator.net/admissions/husson-university/	Rank Math	301 Rank Math > /admissions/husson-university/ | 200	https://gpacalculator.net/admissions/husson-university/	200	1	
https://gpacalculator.net/admissions/illinois-eastern-community-colleges-frontier-community-coll/	301	https://gpacalculator.net/admissions/illinois-eastern-community-colleges/	Rank Math	301 Rank Math > /admissions/illinois-eastern-community-colleges/ | 200	https://gpacalculator.net/admissions/illinois-eastern-community-colleges/	200	1	
https://gpacalculator.net/admissions/illinois-eastern-community-colleges-lincoln-trail-college/	301	https://gpacalculator.net/admissions/illinois-eastern-community-colleges/	Rank Math	301 Rank Math > /admissions/illinois-eastern-community-colleges/ | 200	https://gpacalculator.net/admissions/illinois-eastern-community-colleges/	200	1	
https://gpacalculator.net/admissions/illinois-eastern-community-colleges-olney-central-college/	301	https://gpacalculator.net/admissions/illinois-eastern-community-colleges/	Rank Math	301 Rank Math > /admissions/illinois-eastern-community-colleges/ | 200	https://gpacalculator.net/admissions/illinois-eastern-community-colleges/	200	1	
https://gpacalculator.net/admissions/illinois-eastern-community-colleges-wabash-valley-college/	301	https://gpacalculator.net/admissions/illinois-eastern-community-colleges/	Rank Math	301 Rank Math > /admissions/illinois-eastern-community-colleges/ | 200	https://gpacalculator.net/admissions/illinois-eastern-community-colleges/	200	1	
https://gpacalculator.net/admissions/illinois-wesleyan-university/	301	https://gpacalculator.net/admissions/illinois-wesleyan/	Rank Math	301 Rank Math > /admissions/illinois-wesleyan/ | 200	https://gpacalculator.net/admissions/illinois-wesleyan/	200	1	
https://gpacalculator.net/admissions/independence-university/	410			410	https://gpacalculator.net/admissions/independence-university/	410	0	
https://gpacalculator.net/admissions/institute-of-design-and-construction/	410			410	https://gpacalculator.net/admissions/institute-of-design-and-construction/	410	0	
https://gpacalculator.net/admissions/institute-of-production-and-recording/	410			410	https://gpacalculator.net/admissions/institute-of-production-and-recording/	410	0	
https://gpacalculator.net/admissions/international-business-college/	410			410	https://gpacalculator.net/admissions/international-business-college/	410	0	
https://gpacalculator.net/admissions/international-college-of-broadcasting/	410			410	https://gpacalculator.net/admissions/international-college-of-broadcasting/	410	0	
https://gpacalculator.net/admissions/international-professional-school-of-bodywork/	410			410	https://gpacalculator.net/admissions/international-professional-school-of-bodywork/	410	0	
https://gpacalculator.net/admissions/international-technological-university/	404			404	https://gpacalculator.net/admissions/international-technological-university/	404	0	
https://gpacalculator.net/admissions/iowa-wesleyan-college/	410			410	https://gpacalculator.net/admissions/iowa-wesleyan-college/	410	0	
https://gpacalculator.net/admissions/island-drafting-and-technical-institute/	404			404	https://gpacalculator.net/admissions/island-drafting-and-technical-institute/	404	0	
https://gpacalculator.net/admissions/itasca-community-college/	301	https://gpacalculator.net/admissions/minnesota-north-college/	Rank Math	301 Rank Math > /admissions/minnesota-north-college/ | 200	https://gpacalculator.net/admissions/minnesota-north-college/	200	1	
https://gpacalculator.net/admissions/itt-technical-institute-bradenton/	410			410	https://gpacalculator.net/admissions/itt-technical-institute-bradenton/	410	0	
https://gpacalculator.net/admissions/itt-technical-institute-university-park/	410			410	https://gpacalculator.net/admissions/itt-technical-institute-university-park/	410	0	
https://gpacalculator.net/admissions/ivy-tech-community-college-bloominton/	301	https://gpacalculator.net/admissions/ivy-tech-community-college/	Rank Math	301 Rank Math > /admissions/ivy-tech-community-college/ | 200	https://gpacalculator.net/admissions/ivy-tech-community-college/	200	1	
https://gpacalculator.net/admissions/ivy-tech-community-college-central-indiana/	301	https://gpacalculator.net/admissions/ivy-tech-community-college/	Rank Math	301 Rank Math > /admissions/ivy-tech-community-college/ | 200	https://gpacalculator.net/admissions/ivy-tech-community-college/	200	1	
https://gpacalculator.net/admissions/ivy-tech-community-college-columbus/	301	https://gpacalculator.net/admissions/ivy-tech-community-college/	Rank Math	301 Rank Math > /admissions/ivy-tech-community-college/ | 200	https://gpacalculator.net/admissions/ivy-tech-community-college/	200	1	
https://gpacalculator.net/admissions/ivy-tech-community-college-east-central/	301	https://gpacalculator.net/admissions/ivy-tech-community-college/	Rank Math	301 Rank Math > /admissions/ivy-tech-community-college/ | 200	https://gpacalculator.net/admissions/ivy-tech-community-college/	200	1	
https://gpacalculator.net/admissions/ivy-tech-community-college-kokomo/	301	https://gpacalculator.net/admissions/ivy-tech-community-college/	Rank Math	301 Rank Math > /admissions/ivy-tech-community-college/ | 200	https://gpacalculator.net/admissions/ivy-tech-community-college/	200	1	
https://gpacalculator.net/admissions/ivy-tech-community-college-lafayette/	301	https://gpacalculator.net/admissions/ivy-tech-community-college/	Rank Math	301 Rank Math > /admissions/ivy-tech-community-college/ | 200	https://gpacalculator.net/admissions/ivy-tech-community-college/	200	1	
https://gpacalculator.net/admissions/ivy-tech-community-college-northcentral/	301	https://gpacalculator.net/admissions/ivy-tech-community-college/	Rank Math	301 Rank Math > /admissions/ivy-tech-community-college/ | 200	https://gpacalculator.net/admissions/ivy-tech-community-college/	200	1	
https://gpacalculator.net/admissions/ivy-tech-community-college-northeast/	301	https://gpacalculator.net/admissions/ivy-tech-community-college/	Rank Math	301 Rank Math > /admissions/ivy-tech-community-college/ | 200	https://gpacalculator.net/admissions/ivy-tech-community-college/	200	1	
https://gpacalculator.net/admissions/ivy-tech-community-college-northwest/	301	https://gpacalculator.net/admissions/ivy-tech-community-college/	Rank Math	301 Rank Math > /admissions/ivy-tech-community-college/ | 200	https://gpacalculator.net/admissions/ivy-tech-community-college/	200	1	
https://gpacalculator.net/admissions/ivy-tech-community-college-richmond/	301	https://gpacalculator.net/admissions/ivy-tech-community-college/	Rank Math	301 Rank Math > /admissions/ivy-tech-community-college/ | 200	https://gpacalculator.net/admissions/ivy-tech-community-college/	200	1	
https://gpacalculator.net/admissions/ivy-tech-community-college-south-central/	301	https://gpacalculator.net/admissions/ivy-tech-community-college/	Rank Math	301 Rank Math > /admissions/ivy-tech-community-college/ | 200	https://gpacalculator.net/admissions/ivy-tech-community-college/	200	1	
https://gpacalculator.net/admissions/ivy-tech-community-college-southeast/	301	https://gpacalculator.net/admissions/ivy-tech-community-college/	Rank Math	301 Rank Math > /admissions/ivy-tech-community-college/ | 200	https://gpacalculator.net/admissions/ivy-tech-community-college/	200	1	
https://gpacalculator.net/admissions/ivy-tech-community-college-southwest/	301	https://gpacalculator.net/admissions/ivy-tech-community-college/	Rank Math	301 Rank Math > /admissions/ivy-tech-community-college/ | 200	https://gpacalculator.net/admissions/ivy-tech-community-college/	200	1	
https://gpacalculator.net/admissions/ivy-tech-community-college-wabash-valley/	301	https://gpacalculator.net/admissions/ivy-tech-community-college/	Rank Math	301 Rank Math > /admissions/ivy-tech-community-college/ | 200	https://gpacalculator.net/admissions/ivy-tech-community-college/	200	1	
https://gpacalculator.net/admissions/james-h-faulkner-state-community-college/	301	https://gpacalculator.net/admissions/coastal-alabama-community-college/	Rank Math	301 Rank Math > /admissions/coastal-alabama-community-college/ | 200	https://gpacalculator.net/admissions/coastal-alabama-community-college/	200	1	
https://gpacalculator.net/admissions/jefferson-college-of-health-sciences/	301	https://gpacalculator.net/admissions/radford-university/	Rank Math	301 Rank Math > /admissions/radford-university/ | 200	https://gpacalculator.net/admissions/radford-university/	200	1	
https://gpacalculator.net/admissions/jefferson-davis-community-college/	301	https://gpacalculator.net/admissions/coastal-alabama-community-college/	Rank Math	301 Rank Math > /admissions/coastal-alabama-community-college/ | 200	https://gpacalculator.net/admissions/coastal-alabama-community-college/	200	1	
https://gpacalculator.net/admissions/john-brown-university/	301	https://gpacalculator.net/admissions/john-brown/	Rank Math	301 Rank Math > /admissions/john-brown/ | 200	https://gpacalculator.net/admissions/john-brown/	200	1	
https://gpacalculator.net/admissions/john-f-kennedy-university/	301	https://gpacalculator.net/admissions/national-university/	Rank Math	301 Rank Math > /admissions/national-university/ | 200	https://gpacalculator.net/admissions/national-university/	200	1	
https://gpacalculator.net/admissions/johns-hopkins-university/	301	https://gpacalculator.net/admissions/johns-hopkins/	Rank Math	301 Rank Math > /admissions/johns-hopkins/ | 200	https://gpacalculator.net/admissions/johns-hopkins/	200	1	
https://gpacalculator.net/admissions/johnson-and-wales-university-charlotte/	301	https://gpacalculator.net/admissions/johnson-wales-university-charlotte/	Rank Math	301 Rank Math > /admissions/johnson-wales-university-charlotte/ | 200	https://gpacalculator.net/admissions/johnson-wales-university-charlotte/	200	1	
https://gpacalculator.net/admissions/johnson-and-wales-university-denver/	301	https://gpacalculator.net/admissions/johnson-wales-university-denver/	Rank Math	301 Rank Math > /admissions/johnson-wales-university-denver/ | 410	https://gpacalculator.net/admissions/johnson-wales-university-denver/	410	1	
https://gpacalculator.net/admissions/johnson-and-wales-university-north-miami/	301	https://gpacalculator.net/admissions/johnson-wales-university-north-miami/	Rank Math	301 Rank Math > /admissions/johnson-wales-university-north-miami/ | 410	https://gpacalculator.net/admissions/johnson-wales-university-north-miami/	410	1	
https://gpacalculator.net/admissions/johnson-and-wales-university-providence/	301	https://gpacalculator.net/admissions/johnson-wales-university-providence/	Rank Math	301 Rank Math > /admissions/johnson-wales-university-providence/ | 200	https://gpacalculator.net/admissions/johnson-wales-university-providence/	200	1	
https://gpacalculator.net/admissions/johnson-state-college/	301	https://gpacalculator.net/admissions/vermont-state-university/	Rank Math	301 Rank Math > /admissions/vermont-state-university/ | 200	https://gpacalculator.net/admissions/vermont-state-university/	200	1	
https://gpacalculator.net/admissions/johnson-wales-university-denver/	410			410	https://gpacalculator.net/admissions/johnson-wales-university-denver/	410	0	
https://gpacalculator.net/admissions/johnson-wales-university-north-miami/	410			410	https://gpacalculator.net/admissions/johnson-wales-university-north-miami/	410	0	
https://gpacalculator.net/admissions/johnson-wales-university-online/	404			404	https://gpacalculator.net/admissions/johnson-wales-university-online/	404	0	
https://gpacalculator.net/admissions/jones-international-university/	410			410	https://gpacalculator.net/admissions/jones-international-university/	410	0	
https://gpacalculator.net/admissions/judson-college/	410			410	https://gpacalculator.net/admissions/judson-college/	410	0	
https://gpacalculator.net/admissions/kansas-city-uni-of-medicine-and-biosciences/	301	https://gpacalculator.net/admissions/kansas-city-university/	Rank Math	301 Rank Math > /admissions/kansas-city-university/ | 200	https://gpacalculator.net/admissions/kansas-city-university/	200	1	
https://gpacalculator.net/admissions/kansas-city-university-of-medicine-and-biosciences/	301	https://gpacalculator.net/admissions/kansas-city-university/	Rank Math	301 Rank Math > /admissions/kansas-city-university/ | 200	https://gpacalculator.net/admissions/kansas-city-university/	200	1	
https://gpacalculator.net/admissions/kansas-state-university/	301	https://gpacalculator.net/admissions/kansas-state/	Rank Math	301 Rank Math > /admissions/kansas-state/ | 200	https://gpacalculator.net/admissions/kansas-state/	200	1	
https://gpacalculator.net/admissions/kaplan-university-cedar-falls-campus/	410			410	https://gpacalculator.net/admissions/kaplan-university-cedar-falls-campus/	410	0	
https://gpacalculator.net/admissions/kaplan-university-cedar-rapids-campus/	301	https://gpacalculator.net/admissions/purdue-university-global/	Rank Math	301 Rank Math > /admissions/purdue-university-global/ | 200	https://gpacalculator.net/admissions/purdue-university-global/	200	1	
https://gpacalculator.net/admissions/kaplan-university-council-bluffs-campus/	410			410	https://gpacalculator.net/admissions/kaplan-university-council-bluffs-campus/	410	0	
https://gpacalculator.net/admissions/kaplan-university-des-moines-campus/	301	https://gpacalculator.net/admissions/purdue-university-global/	Rank Math	301 Rank Math > /admissions/purdue-university-global/ | 200	https://gpacalculator.net/admissions/purdue-university-global/	200	1	
https://gpacalculator.net/admissions/kaplan-university-hagerstown-campus/	410			410	https://gpacalculator.net/admissions/kaplan-university-hagerstown-campus/	410	0	
https://gpacalculator.net/admissions/kaplan-university-lincoln-campus/	301	https://gpacalculator.net/admissions/purdue-university-global/	Rank Math	301 Rank Math > /admissions/purdue-university-global/ | 200	https://gpacalculator.net/admissions/purdue-university-global/	200	1	
https://gpacalculator.net/admissions/kaplan-university-maine-campus/	301	https://gpacalculator.net/admissions/purdue-university-global/	Rank Math	301 Rank Math > /admissions/purdue-university-global/ | 200	https://gpacalculator.net/admissions/purdue-university-global/	200	1	
https://gpacalculator.net/admissions/kaplan-university-mason-city-campus/	410			410	https://gpacalculator.net/admissions/kaplan-university-mason-city-campus/	410	0	
https://gpacalculator.net/admissions/kaplan-university-omaha-campus/	410			410	https://gpacalculator.net/admissions/kaplan-university-omaha-campus/	410	0	
https://gpacalculator.net/admissions/keiser-career-college-jacksonville/	410			410	https://gpacalculator.net/admissions/keiser-career-college-jacksonville/	410	0	
https://gpacalculator.net/admissions/kendall-college/	301	https://gpacalculator.net/admissions/national-louis-university/	Rank Math	301 Rank Math > /admissions/national-louis-university/ | 200	https://gpacalculator.net/admissions/national-louis-university/	200	1	
https://gpacalculator.net/admissions/kennesaw-state-university-kennesaw-georgia/	301	https://gpacalculator.net/admissions/kennesaw-state-university/	Rank Math	301 Rank Math > /admissions/kennesaw-state-university/ | 200	https://gpacalculator.net/admissions/kennesaw-state-university/	200	1	
https://gpacalculator.net/admissions/kettering-university/	301	https://gpacalculator.net/admissions/kettering/	Rank Math	301 Rank Math > /admissions/kettering/ | 200	https://gpacalculator.net/admissions/kettering/	200	1	
https://gpacalculator.net/admissions/key-college/	410			410	https://gpacalculator.net/admissions/key-college/	410	0	
https://gpacalculator.net/admissions/kilian-community-college/	410			410	https://gpacalculator.net/admissions/kilian-community-college/	410	0	
https://gpacalculator.net/admissions/kings-college-nc/	410			410	https://gpacalculator.net/admissions/kings-college-nc/	410	0	
https://gpacalculator.net/admissions/kingston-university/	404			404	https://gpacalculator.net/admissions/kingston-university/	404	0	
https://gpacalculator.net/admissions/laurel-university/	410			410	https://gpacalculator.net/admissions/laurel-university/	410	0	
https://gpacalculator.net/admissions/lebanon-college/	410			410	https://gpacalculator.net/admissions/lebanon-college/	410	0	
https://gpacalculator.net/admissions/lecole-culinaire-mo/	410			410	https://gpacalculator.net/admissions/lecole-culinaire-mo/	410	0	
https://gpacalculator.net/admissions/lehigh-university/	301	https://gpacalculator.net/admissions/lehigh/	Rank Math	301 Rank Math > /admissions/lehigh/ | 200	https://gpacalculator.net/admissions/lehigh/	200	1	
https://gpacalculator.net/admissions/limestone-college/	404			404	https://gpacalculator.net/admissions/limestone-college/	404	0	
https://gpacalculator.net/admissions/lincoln-christian-university/	410			410	https://gpacalculator.net/admissions/lincoln-christian-university/	410	0	
https://gpacalculator.net/admissions/lincoln-college-of-new-england-hartford/	410			410	https://gpacalculator.net/admissions/lincoln-college-of-new-england-hartford/	410	0	
https://gpacalculator.net/admissions/lincoln-college-of-new-england-southington/	410			410	https://gpacalculator.net/admissions/lincoln-college-of-new-england-southington/	410	0	
https://gpacalculator.net/admissions/lincoln-college-of-new-england-suffield/	410			410	https://gpacalculator.net/admissions/lincoln-college-of-new-england-suffield/	410	0	
https://gpacalculator.net/admissions/lincoln-college-of-technology-cleveland/	410			410	https://gpacalculator.net/admissions/lincoln-college-of-technology-cleveland/	410	0	
https://gpacalculator.net/admissions/lincoln-college-of-technology-columbus/	410			410	https://gpacalculator.net/admissions/lincoln-college-of-technology-columbus/	410	0	
https://gpacalculator.net/admissions/lincoln-college-of-technology-dayton/	410			410	https://gpacalculator.net/admissions/lincoln-college-of-technology-dayton/	410	0	
https://gpacalculator.net/admissions/lincoln-college-of-technology-florence/	410			410	https://gpacalculator.net/admissions/lincoln-college-of-technology-florence/	410	0	
https://gpacalculator.net/admissions/lincoln-college-of-technology-franklin-lct/	410			410	https://gpacalculator.net/admissions/lincoln-college-of-technology-franklin-lct/	410	0	
https://gpacalculator.net/admissions/lincoln-college-of-technology-toledo/	410			410	https://gpacalculator.net/admissions/lincoln-college-of-technology-toledo/	410	0	
https://gpacalculator.net/admissions/lincoln-college-of-technology-tri-county/	410			410	https://gpacalculator.net/admissions/lincoln-college-of-technology-tri-county/	410	0	
https://gpacalculator.net/admissions/lincoln-college-of-technology-vine-street/	410			410	https://gpacalculator.net/admissions/lincoln-college-of-technology-vine-street/	410	0	
https://gpacalculator.net/admissions/lincoln-college-of-technology-west-palm-beach/	410			410	https://gpacalculator.net/admissions/lincoln-college-of-technology-west-palm-beach/	410	0	
https://gpacalculator.net/admissions/lincoln-college/	410			410	https://gpacalculator.net/admissions/lincoln-college/	410	0	
https://gpacalculator.net/admissions/lincoln-university-3/	301	https://gpacalculator.net/admissions/lincoln-university-mo/	Rank Math	301 Rank Math > /admissions/lincoln-university-mo/ | 200	https://gpacalculator.net/admissions/lincoln-university-mo/	200	1	
https://gpacalculator.net/admissions/lincoln-university/	301	https://gpacalculator.net/admissions/lincoln-university-ca/	Rank Math	301 Rank Math > /admissions/lincoln-university-ca/ | 200	https://gpacalculator.net/admissions/lincoln-university-ca/	200	1	
https://gpacalculator.net/admissions/liu-brentwood/	404			404	https://gpacalculator.net/admissions/liu-brentwood/	404	0	
https://gpacalculator.net/admissions/liu-brooklyn/	301	https://gpacalculator.net/admissions/long-island-university-brooklyn-campus/	Rank Math	301 Rank Math > /admissions/long-island-university-brooklyn-campus/ | 301 Rank Math > /admissions/long-island-university/ | 200	https://gpacalculator.net/admissions/long-island-university/	200	2	
https://gpacalculator.net/admissions/liu-hudson-at-rockland/	410			410	https://gpacalculator.net/admissions/liu-hudson-at-rockland/	410	0	
https://gpacalculator.net/admissions/liu-hudson-at-westchester/	404			404	https://gpacalculator.net/admissions/liu-hudson-at-westchester/	404	0	
https://gpacalculator.net/admissions/liu-post/	301	https://gpacalculator.net/admissions/long-island-university-c-w-post-campus/	Rank Math	301 Rank Math > /admissions/long-island-university-c-w-post-campus/ | 301 Rank Math > /admissions/long-island-university/ | 200	https://gpacalculator.net/admissions/long-island-university/	200	2	
https://gpacalculator.net/admissions/liu-riverhead/	404			404	https://gpacalculator.net/admissions/liu-riverhead/	404	0	
https://gpacalculator.net/admissions/liu-university-center-campus/	404			404	https://gpacalculator.net/admissions/liu-university-center-campus/	404	0	
https://gpacalculator.net/admissions/living-arts-college/	410			410	https://gpacalculator.net/admissions/living-arts-college/	410	0	
https://gpacalculator.net/admissions/lock-haven-university/	301	https://gpacalculator.net/admissions/commonwealth-university-of-pennsylvania/	Rank Math	301 Rank Math > /admissions/commonwealth-university-of-pennsylvania/ | 200	https://gpacalculator.net/admissions/commonwealth-university-of-pennsylvania/	200	1	
https://gpacalculator.net/admissions/lon-morris-college/	410			410	https://gpacalculator.net/admissions/lon-morris-college/	410	0	
https://gpacalculator.net/admissions/long-island-business-institute/	410			410	https://gpacalculator.net/admissions/long-island-business-institute/	410	0	
https://gpacalculator.net/admissions/long-island-university-brentwood-campus/	404			404	https://gpacalculator.net/admissions/long-island-university-brentwood-campus/	404	0	
https://gpacalculator.net/admissions/long-island-university-brooklyn-campus/	301	https://gpacalculator.net/admissions/long-island-university/	Rank Math	301 Rank Math > /admissions/long-island-university/ | 200	https://gpacalculator.net/admissions/long-island-university/	200	1	
https://gpacalculator.net/admissions/long-island-university-c-w-post-campus/	301	https://gpacalculator.net/admissions/long-island-university/	Rank Math	301 Rank Math > /admissions/long-island-university/ | 200	https://gpacalculator.net/admissions/long-island-university/	200	1	
https://gpacalculator.net/admissions/long-island-university-riverhead-campus/	404			404	https://gpacalculator.net/admissions/long-island-university-riverhead-campus/	404	0	
https://gpacalculator.net/admissions/long-island-university-rockland-campus/	410			410	https://gpacalculator.net/admissions/long-island-university-rockland-campus/	410	0	
https://gpacalculator.net/admissions/long-island-university-university-center-campus/	404			404	https://gpacalculator.net/admissions/long-island-university-university-center-campus/	404	0	
https://gpacalculator.net/admissions/long-island-university-westchester-campus/	404			404	https://gpacalculator.net/admissions/long-island-university-westchester-campus/	404	0	
https://gpacalculator.net/admissions/louisiana-delta-community-college-monroe-campus/	301	https://gpacalculator.net/admissions/louisiana-delta-community-college/	Rank Math	301 Rank Math > /admissions/louisiana-delta-community-college/ | 200	https://gpacalculator.net/admissions/louisiana-delta-community-college/	200	1	
https://gpacalculator.net/admissions/louisiana-state-uni-and-agricultural-mechanical-college/	301	https://gpacalculator.net/admissions/lsu/	Rank Math	301 Rank Math > /admissions/lsu/ | 200	https://gpacalculator.net/admissions/lsu/	200	1	
https://gpacalculator.net/admissions/louisiana-state-uni-health-sciences-center-new-orleans/	301	https://gpacalculator.net/admissions/lsu-health-new-orleans/	Rank Math	301 Rank Math > /admissions/lsu-health-new-orleans/ | 200	https://gpacalculator.net/admissions/lsu-health-new-orleans/	200	1	
https://gpacalculator.net/admissions/louisiana-state-uni-health-sciences-center-shreveport/	301	https://gpacalculator.net/admissions/lsu-health-shreveport/	Rank Math	301 Rank Math > /admissions/lsu-health-shreveport/ | 200	https://gpacalculator.net/admissions/lsu-health-shreveport/	200	1	
https://gpacalculator.net/admissions/louisiana-state-university-and-agricultural-mechanical-college/	301	https://gpacalculator.net/admissions/lsu/	Rank Math	301 Rank Math > /admissions/lsu/ | 200	https://gpacalculator.net/admissions/lsu/	200	1	
https://gpacalculator.net/admissions/louisiana-state-university-health-sciences-center-new-orleans/	301	https://gpacalculator.net/admissions/lsu-health-new-orleans/	Rank Math	301 Rank Math > /admissions/lsu-health-new-orleans/ | 200	https://gpacalculator.net/admissions/lsu-health-new-orleans/	200	1	
https://gpacalculator.net/admissions/louisiana-state-university-health-sciences-center-shreveport/	301	https://gpacalculator.net/admissions/lsu-health-shreveport/	Rank Math	301 Rank Math > /admissions/lsu-health-shreveport/ | 200	https://gpacalculator.net/admissions/lsu-health-shreveport/	200	1	
https://gpacalculator.net/admissions/louisiana-state-university-system-office/	410			410	https://gpacalculator.net/admissions/louisiana-state-university-system-office/	410	0	
https://gpacalculator.net/admissions/loyola-marymount-university/	301	https://gpacalculator.net/admissions/loyola-marymount/	Rank Math	301 Rank Math > /admissions/loyola-marymount/ | 200	https://gpacalculator.net/admissions/loyola-marymount/	200	1	
https://gpacalculator.net/admissions/luther-rice-university-seminary/	301	https://gpacalculator.net/admissions/luther-rice-university/	Rank Math	301 Rank Math > /admissions/luther-rice-university/ | 200	https://gpacalculator.net/admissions/luther-rice-university/	200	1	
https://gpacalculator.net/admissions/lyme-academy-college-of-fine-arts/	301	https://gpacalculator.net/admissions/university-of-new-haven/	Rank Math	301 Rank Math > /admissions/university-of-new-haven/ | 200	https://gpacalculator.net/admissions/university-of-new-haven/	200	1	
https://gpacalculator.net/admissions/lyndon-state-college/	301	https://gpacalculator.net/admissions/vermont-state-university/	Rank Math	301 Rank Math > /admissions/vermont-state-university/ | 200	https://gpacalculator.net/admissions/vermont-state-university/	200	1	
https://gpacalculator.net/admissions/macmurray-college/	410			410	https://gpacalculator.net/admissions/macmurray-college/	410	0	
https://gpacalculator.net/admissions/macon-state-college/	301	https://gpacalculator.net/admissions/middle-georgia-state-university/	Rank Math	301 Rank Math > /admissions/middle-georgia-state-university/ | 200	https://gpacalculator.net/admissions/middle-georgia-state-university/	200	1	
https://gpacalculator.net/admissions/manchester-community-college-ct/	301	https://gpacalculator.net/admissions/connecticut-state-community-college/	Rank Math	301 Rank Math > /admissions/connecticut-state-community-college/ | 200	https://gpacalculator.net/admissions/connecticut-state-community-college/	200	1	
https://gpacalculator.net/admissions/mansfield-university-of-pennsylvania/	301	https://gpacalculator.net/admissions/commonwealth-university-of-pennsylvania/	Rank Math	301 Rank Math > /admissions/commonwealth-university-of-pennsylvania/ | 200	https://gpacalculator.net/admissions/commonwealth-university-of-pennsylvania/	200	1	
https://gpacalculator.net/admissions/marian-court-college/	410			410	https://gpacalculator.net/admissions/marian-court-college/	410	0	
https://gpacalculator.net/admissions/marian-university-3/	404			404	https://gpacalculator.net/admissions/marian-university-3/	404	0	
https://gpacalculator.net/admissions/marian-university-wi/	301	https://gpacalculator.net/admissions/marian-university/	Rank Math	301 Rank Math > /admissions/marian-university/ | 200	https://gpacalculator.net/admissions/marian-university/	200	1	
https://gpacalculator.net/admissions/marlboro-college/	404			404	https://gpacalculator.net/admissions/marlboro-college/	404	0	
https://gpacalculator.net/admissions/martin-university/	404			404	https://gpacalculator.net/admissions/martin-university/	404	0	
https://gpacalculator.net/admissions/marygrove-college/	410			410	https://gpacalculator.net/admissions/marygrove-college/	410	0	
https://gpacalculator.net/admissions/marylhurst-university/	410			410	https://gpacalculator.net/admissions/marylhurst-university/	410	0	
https://gpacalculator.net/admissions/marymount-college/	410			410	https://gpacalculator.net/admissions/marymount-college/	410	0	
https://gpacalculator.net/admissions/mccann-monroe-career-training/	410			410	https://gpacalculator.net/admissions/mccann-monroe-career-training/	410	0	
https://gpacalculator.net/admissions/mccann-school-of-business-and-technology/	410			410	https://gpacalculator.net/admissions/mccann-school-of-business-and-technology/	410	0	
https://gpacalculator.net/admissions/mcnally-smith-college-of-music/	410			410	https://gpacalculator.net/admissions/mcnally-smith-college-of-music/	410	0	
https://gpacalculator.net/admissions/medaille-college/	410			410	https://gpacalculator.net/admissions/medaille-college/	410	0	
https://gpacalculator.net/admissions/medtech-college-ft-wayne-campus/	410			410	https://gpacalculator.net/admissions/medtech-college-ft-wayne-campus/	410	0	
https://gpacalculator.net/admissions/medtech-college-greenwood-campus/	410			410	https://gpacalculator.net/admissions/medtech-college-greenwood-campus/	410	0	
https://gpacalculator.net/admissions/medtech-college-lexington-campus/	410			410	https://gpacalculator.net/admissions/medtech-college-lexington-campus/	410	0	
https://gpacalculator.net/admissions/medtech-college/	410			410	https://gpacalculator.net/admissions/medtech-college/	410	0	
https://gpacalculator.net/admissions/medvance-institute-fort-lauderdale/	410			410	https://gpacalculator.net/admissions/medvance-institute-fort-lauderdale/	410	0	
https://gpacalculator.net/admissions/medvance-institute-miami/	410			410	https://gpacalculator.net/admissions/medvance-institute-miami/	410	0	
https://gpacalculator.net/admissions/medvance-institute-west-palm/	410			410	https://gpacalculator.net/admissions/medvance-institute-west-palm/	410	0	
https://gpacalculator.net/admissions/memphis-college-of-art/	410			410	https://gpacalculator.net/admissions/memphis-college-of-art/	410	0	
https://gpacalculator.net/admissions/mercer-university/	301	https://gpacalculator.net/admissions/mercer/	Rank Math	301 Rank Math > /admissions/mercer/ | 200	https://gpacalculator.net/admissions/mercer/	200	1	
https://gpacalculator.net/admissions/mesabi-range-community-and-technical-college/	301	https://gpacalculator.net/admissions/minnesota-north-college/	Rank Math	301 Rank Math > /admissions/minnesota-north-college/ | 200	https://gpacalculator.net/admissions/minnesota-north-college/	200	1	
https://gpacalculator.net/admissions/metro-business-college-arnold/	410			410	https://gpacalculator.net/admissions/metro-business-college-arnold/	410	0	
https://gpacalculator.net/admissions/metro-business-college-cape-girardeau/	410			410	https://gpacalculator.net/admissions/metro-business-college-cape-girardeau/	410	0	
https://gpacalculator.net/admissions/metro-business-college-jefferson-city/	410			410	https://gpacalculator.net/admissions/metro-business-college-jefferson-city/	410	0	
https://gpacalculator.net/admissions/metro-business-college-rolla/	410			410	https://gpacalculator.net/admissions/metro-business-college-rolla/	410	0	
https://gpacalculator.net/admissions/metropolitan-community-college-blue-river/	301	https://gpacalculator.net/admissions/metropolitan-community-college-kansas-city/	Rank Math	301 Rank Math > /admissions/metropolitan-community-college-kansas-city/ | 200	https://gpacalculator.net/admissions/metropolitan-community-college-kansas-city/	200	1	
https://gpacalculator.net/admissions/metropolitan-community-college-business-and-technology/	301	https://gpacalculator.net/admissions/metropolitan-community-college-kansas-city/	Rank Math	301 Rank Math > /admissions/metropolitan-community-college-kansas-city/ | 200	https://gpacalculator.net/admissions/metropolitan-community-college-kansas-city/	200	1	
https://gpacalculator.net/admissions/metropolitan-community-college-longview/	301	https://gpacalculator.net/admissions/metropolitan-community-college-kansas-city/	Rank Math	301 Rank Math > /admissions/metropolitan-community-college-kansas-city/ | 200	https://gpacalculator.net/admissions/metropolitan-community-college-kansas-city/	200	1	
https://gpacalculator.net/admissions/metropolitan-community-college-maple-woods/	301	https://gpacalculator.net/admissions/metropolitan-community-college-kansas-city/	Rank Math	301 Rank Math > /admissions/metropolitan-community-college-kansas-city/ | 200	https://gpacalculator.net/admissions/metropolitan-community-college-kansas-city/	200	1	
https://gpacalculator.net/admissions/metropolitan-community-college-penn-valley/	301	https://gpacalculator.net/admissions/metropolitan-community-college-kansas-city/	Rank Math	301 Rank Math > /admissions/metropolitan-community-college-kansas-city/ | 200	https://gpacalculator.net/admissions/metropolitan-community-college-kansas-city/	200	1	
https://gpacalculator.net/admissions/miami-jacobs-career-college-columbus/	410			410	https://gpacalculator.net/admissions/miami-jacobs-career-college-columbus/	410	0	
https://gpacalculator.net/admissions/miami-jacobs-career-college-dayton/	410			410	https://gpacalculator.net/admissions/miami-jacobs-career-college-dayton/	410	0	
https://gpacalculator.net/admissions/miami-jacobs-career-college-sharonville/	410			410	https://gpacalculator.net/admissions/miami-jacobs-career-college-sharonville/	410	0	
https://gpacalculator.net/admissions/miami-jacobs-career-college-springboro/	410			410	https://gpacalculator.net/admissions/miami-jacobs-career-college-springboro/	410	0	
https://gpacalculator.net/admissions/miami-jacobs-career-college-troy/	410			410	https://gpacalculator.net/admissions/miami-jacobs-career-college-troy/	410	0	
https://gpacalculator.net/admissions/miami-jacobs-career-college/	410			410	https://gpacalculator.net/admissions/miami-jacobs-career-college/	410	0	
https://gpacalculator.net/admissions/miami-university-oxford/	301	https://gpacalculator.net/admissions/miami-university/	Rank Math	301 Rank Math > /admissions/miami-university/ | 200	https://gpacalculator.net/admissions/miami-university/	200	1	
https://gpacalculator.net/admissions/michigan-state-university-college-of-law/	301	https://gpacalculator.net/admissions/michigan-state-university/	Rank Math	301 Rank Math > /admissions/michigan-state-university/ | 200	https://gpacalculator.net/admissions/michigan-state-university/	200	1	
https://gpacalculator.net/admissions/michigan-technological-university/	301	https://gpacalculator.net/admissions/michigan-tech/	Rank Math	301 Rank Math > /admissions/michigan-tech/ | 200	https://gpacalculator.net/admissions/michigan-tech/	200	1	
https://gpacalculator.net/admissions/mid-continent-university/	410			410	https://gpacalculator.net/admissions/mid-continent-university/	410	0	
https://gpacalculator.net/admissions/middle-georgia-college/	301	https://gpacalculator.net/admissions/middle-georgia-state-university/	Rank Math	301 Rank Math > /admissions/middle-georgia-state-university/ | 200	https://gpacalculator.net/admissions/middle-georgia-state-university/	200	1	
https://gpacalculator.net/admissions/middle-georgia-technical-college/	301	https://gpacalculator.net/admissions/central-georgia-technical-college-macon-georgia/	Rank Math	301 Rank Math > /admissions/central-georgia-technical-college-macon-georgia/ | 200	https://gpacalculator.net/admissions/central-georgia-technical-college-macon-georgia/	200	1	
https://gpacalculator.net/admissions/middlesex-community-college-ct/	301	https://gpacalculator.net/admissions/connecticut-state-community-college/	Rank Math	301 Rank Math > /admissions/connecticut-state-community-college/ | 200	https://gpacalculator.net/admissions/connecticut-state-community-college/	200	1	
https://gpacalculator.net/admissions/midstate-college/	410			410	https://gpacalculator.net/admissions/midstate-college/	410	0	
https://gpacalculator.net/admissions/midwestern-university-downers-grove/	301	https://gpacalculator.net/admissions/midwestern-university/	Rank Math	301 Rank Math > /admissions/midwestern-university/ | 200	https://gpacalculator.net/admissions/midwestern-university/	200	1	
https://gpacalculator.net/admissions/midwestern-university-glendale/	301	https://gpacalculator.net/admissions/midwestern-university/	Rank Math	301 Rank Math > /admissions/midwestern-university/ | 200	https://gpacalculator.net/admissions/midwestern-university/	200	1	
https://gpacalculator.net/admissions/miller-motte-college-cary/	410			410	https://gpacalculator.net/admissions/miller-motte-college-cary/	410	0	
https://gpacalculator.net/admissions/miller-motte-college-greenville/	410			410	https://gpacalculator.net/admissions/miller-motte-college-greenville/	410	0	
https://gpacalculator.net/admissions/miller-motte-college-wilmington/	410			410	https://gpacalculator.net/admissions/miller-motte-college-wilmington/	410	0	
https://gpacalculator.net/admissions/miller-motte-technical-college-clarksville/	410			410	https://gpacalculator.net/admissions/miller-motte-technical-college-clarksville/	410	0	
https://gpacalculator.net/admissions/miller-motte-technical-college-gulfport/	410			410	https://gpacalculator.net/admissions/miller-motte-technical-college-gulfport/	410	0	
https://gpacalculator.net/admissions/miller-motte-technical-college-lynchburg/	410			410	https://gpacalculator.net/admissions/miller-motte-technical-college-lynchburg/	410	0	
https://gpacalculator.net/admissions/miller-motte-technical-college-madison/	410			410	https://gpacalculator.net/admissions/miller-motte-technical-college-madison/	410	0	
https://gpacalculator.net/admissions/miller-motte-technical-college-north-charleston/	410			410	https://gpacalculator.net/admissions/miller-motte-technical-college-north-charleston/	410	0	
https://gpacalculator.net/admissions/miller-motte-technical-college-sc/	410			410	https://gpacalculator.net/admissions/miller-motte-technical-college-sc/	410	0	
https://gpacalculator.net/admissions/milligan-college/	301	https://gpacalculator.net/admissions/milligan-university/	Rank Math	301 Rank Math > /admissions/milligan-university/ | 200	https://gpacalculator.net/admissions/milligan-university/	200	1	
https://gpacalculator.net/admissions/minneapolis-business-college/	410			410	https://gpacalculator.net/admissions/minneapolis-business-college/	410	0	
https://gpacalculator.net/admissions/minnesota-school-of-business-blaine/	404			404	https://gpacalculator.net/admissions/minnesota-school-of-business-blaine/	404	0	
https://gpacalculator.net/admissions/minnesota-school-of-business-lakeville/	410			410	https://gpacalculator.net/admissions/minnesota-school-of-business-lakeville/	410	0	
https://gpacalculator.net/admissions/minnesota-school-of-business-moorhead/	404			404	https://gpacalculator.net/admissions/minnesota-school-of-business-moorhead/	404	0	
https://gpacalculator.net/admissions/minnesota-school-of-business-plymouth/	410			410	https://gpacalculator.net/admissions/minnesota-school-of-business-plymouth/	410	0	
https://gpacalculator.net/admissions/minnesota-school-of-business-richfield/	404			404	https://gpacalculator.net/admissions/minnesota-school-of-business-richfield/	404	0	
https://gpacalculator.net/admissions/minnesota-school-of-business-rochester/	404			404	https://gpacalculator.net/admissions/minnesota-school-of-business-rochester/	404	0	
https://gpacalculator.net/admissions/minnesota-school-of-business-shakopee/	410			410	https://gpacalculator.net/admissions/minnesota-school-of-business-shakopee/	410	0	
https://gpacalculator.net/admissions/minnesota-school-of-business-waite-park/	404			404	https://gpacalculator.net/admissions/minnesota-school-of-business-waite-park/	404	0	
https://gpacalculator.net/admissions/missouri-tech/	410			410	https://gpacalculator.net/admissions/missouri-tech/	410	0	
https://gpacalculator.net/admissions/missouri-university-of-science-and-technology/	301	https://gpacalculator.net/admissions/missouri-st/	Rank Math	301 Rank Math > /admissions/missouri-st/ | 200	https://gpacalculator.net/admissions/missouri-st/	200	1	
https://gpacalculator.net/admissions/monroe-college-new-rochelle/	301	https://gpacalculator.net/admissions/monroe-college-main-campus/	Rank Math	301 Rank Math > /admissions/monroe-college-main-campus/ | 200	https://gpacalculator.net/admissions/monroe-college-main-campus/	200	1	
https://gpacalculator.net/admissions/montana-state-uni-great-falls-college-of-technology/	301	https://gpacalculator.net/admissions/montana-state-university-great-falls-college-of-technology/	Rank Math	301 Rank Math > /admissions/montana-state-university-great-falls-college-of-technology/ | 200	https://gpacalculator.net/admissions/montana-state-university-great-falls-college-of-technology/	200	1	
https://gpacalculator.net/admissions/montgomery-county-community-college-central-campus/	301	https://gpacalculator.net/admissions/montgomery-county-community-college/	Rank Math	301 Rank Math > /admissions/montgomery-county-community-college/ | 200	https://gpacalculator.net/admissions/montgomery-county-community-college/	200	1	
https://gpacalculator.net/admissions/montgomery-county-community-college-west-campus/	301	https://gpacalculator.net/admissions/montgomery-county-community-college/	Rank Math	301 Rank Math > /admissions/montgomery-county-community-college/ | 200	https://gpacalculator.net/admissions/montgomery-county-community-college/	200	1	
https://gpacalculator.net/admissions/morrison-university/	410			410	https://gpacalculator.net/admissions/morrison-university/	410	0	
https://gpacalculator.net/admissions/moultrie-technical-college/	301	https://gpacalculator.net/admissions/southern-regional-technical-college/	Rank Math	301 Rank Math > /admissions/southern-regional-technical-college/ | 200	https://gpacalculator.net/admissions/southern-regional-technical-college/	200	1	
https://gpacalculator.net/admissions/mount-ida-college/	404			404	https://gpacalculator.net/admissions/mount-ida-college/	404	0	
https://gpacalculator.net/admissions/mountain-state-college/	410			410	https://gpacalculator.net/admissions/mountain-state-college/	410	0	
https://gpacalculator.net/admissions/mountain-state-university/	301	https://gpacalculator.net/admissions/university-of-charleston/	Rank Math	301 Rank Math > /admissions/university-of-charleston/ | 200	https://gpacalculator.net/admissions/university-of-charleston/	200	1	
https://gpacalculator.net/admissions/mountain-view-college/	301	https://gpacalculator.net/admissions/el-centro-college/	Rank Math	301 Rank Math > /admissions/el-centro-college/ | 200	https://gpacalculator.net/admissions/el-centro-college/	200	1	
https://gpacalculator.net/admissions/mt-sierra-college/	410			410	https://gpacalculator.net/admissions/mt-sierra-college/	410	0	
https://gpacalculator.net/admissions/multnomah-university/	410			410	https://gpacalculator.net/admissions/multnomah-university/	410	0	
https://gpacalculator.net/admissions/national-american-uni-colorado-springs-south/	301	https://gpacalculator.net/admissions/national-american-university-colorado-springs-south/	Rank Math	301 Rank Math > /admissions/national-american-university-colorado-springs-south/ | 410	https://gpacalculator.net/admissions/national-american-university-colorado-springs-south/	410	1	
https://gpacalculator.net/admissions/national-american-university-albuquerque/	410			410	https://gpacalculator.net/admissions/national-american-university-albuquerque/	410	0	
https://gpacalculator.net/admissions/national-american-university-austin/	410			410	https://gpacalculator.net/admissions/national-american-university-austin/	410	0	
https://gpacalculator.net/admissions/national-american-university-bloomington/	410			410	https://gpacalculator.net/admissions/national-american-university-bloomington/	410	0	
https://gpacalculator.net/admissions/national-american-university-brooklyn-center/	410			410	https://gpacalculator.net/admissions/national-american-university-brooklyn-center/	410	0	
https://gpacalculator.net/admissions/national-american-university-centennial/	410			410	https://gpacalculator.net/admissions/national-american-university-centennial/	410	0	
https://gpacalculator.net/admissions/national-american-university-colorado-springs-south/	410			410	https://gpacalculator.net/admissions/national-american-university-colorado-springs-south/	410	0	
https://gpacalculator.net/admissions/national-american-university-colorado-springs/	410			410	https://gpacalculator.net/admissions/national-american-university-colorado-springs/	410	0	
https://gpacalculator.net/admissions/national-american-university-denver/	410			410	https://gpacalculator.net/admissions/national-american-university-denver/	410	0	
https://gpacalculator.net/admissions/national-american-university-ellsworth-afb-extension/	410			410	https://gpacalculator.net/admissions/national-american-university-ellsworth-afb-extension/	410	0	
https://gpacalculator.net/admissions/national-american-university-independence/	410			410	https://gpacalculator.net/admissions/national-american-university-independence/	410	0	
https://gpacalculator.net/admissions/national-american-university-lees-summit/	410			410	https://gpacalculator.net/admissions/national-american-university-lees-summit/	410	0	
https://gpacalculator.net/admissions/national-american-university-overland-park/	410			410	https://gpacalculator.net/admissions/national-american-university-overland-park/	410	0	
https://gpacalculator.net/admissions/national-american-university-rio-rancho/	410			410	https://gpacalculator.net/admissions/national-american-university-rio-rancho/	410	0	
https://gpacalculator.net/admissions/national-american-university-roseville/	410			410	https://gpacalculator.net/admissions/national-american-university-roseville/	410	0	
https://gpacalculator.net/admissions/national-american-university-sioux-falls/	410			410	https://gpacalculator.net/admissions/national-american-university-sioux-falls/	410	0	
https://gpacalculator.net/admissions/national-american-university-tulsa/	410			410	https://gpacalculator.net/admissions/national-american-university-tulsa/	410	0	
https://gpacalculator.net/admissions/national-american-university-wichita/	410			410	https://gpacalculator.net/admissions/national-american-university-wichita/	410	0	
https://gpacalculator.net/admissions/national-american-university-zona-rosa/	410			410	https://gpacalculator.net/admissions/national-american-university-zona-rosa/	410	0	
https://gpacalculator.net/admissions/national-college-cincinnati/	410			410	https://gpacalculator.net/admissions/national-college-cincinnati/	410	0	
https://gpacalculator.net/admissions/national-college-columbus/	410			410	https://gpacalculator.net/admissions/national-college-columbus/	410	0	
https://gpacalculator.net/admissions/national-college-dayton/	410			410	https://gpacalculator.net/admissions/national-college-dayton/	410	0	
https://gpacalculator.net/admissions/national-college-of-business-and-technology-nashville/	410			410	https://gpacalculator.net/admissions/national-college-of-business-and-technology-nashville/	410	0	
https://gpacalculator.net/admissions/national-college-stow/	410			410	https://gpacalculator.net/admissions/national-college-stow/	410	0	
https://gpacalculator.net/admissions/national-college-willoughby-hills/	410			410	https://gpacalculator.net/admissions/national-college-willoughby-hills/	410	0	
https://gpacalculator.net/admissions/naugatuck-valley-community-college/	301	https://gpacalculator.net/admissions/connecticut-state-community-college/	Rank Math	301 Rank Math > /admissions/connecticut-state-community-college/ | 200	https://gpacalculator.net/admissions/connecticut-state-community-college/	200	1	
https://gpacalculator.net/admissions/nebraska-christian-college/	410			410	https://gpacalculator.net/admissions/nebraska-christian-college/	410	0	
https://gpacalculator.net/admissions/new-england-college-of-business/	404			404	https://gpacalculator.net/admissions/new-england-college-of-business/	404	0	
https://gpacalculator.net/admissions/new-england-school-of-communications/	301	https://gpacalculator.net/admissions/husson-university/	Rank Math	301 Rank Math > /admissions/husson-university/ | 200	https://gpacalculator.net/admissions/husson-university/	200	1	
https://gpacalculator.net/admissions/new-hampshire-institute-of-art/	301	https://gpacalculator.net/admissions/new-england-college/	Rank Math	301 Rank Math > /admissions/new-england-college/ | 200	https://gpacalculator.net/admissions/new-england-college/	200	1	
https://gpacalculator.net/admissions/new-layout-test-page/	404			404	https://gpacalculator.net/admissions/new-layout-test-page/	404	0	
https://gpacalculator.net/admissions/new-york-career-institute/	410			410	https://gpacalculator.net/admissions/new-york-career-institute/	410	0	
https://gpacalculator.net/admissions/new-york-university/	301	https://gpacalculator.net/admissions/nyu/	Rank Math	301 Rank Math > /admissions/nyu/ | 200	https://gpacalculator.net/admissions/nyu/	200	1	
https://gpacalculator.net/admissions/newbury-college-brookline/	410			410	https://gpacalculator.net/admissions/newbury-college-brookline/	410	0	
https://gpacalculator.net/admissions/non-traditional-campuses/	301	https://gpacalculator.net/admissions/trine-university-regionalnon-traditional-campuses/	Rank Math	301 Rank Math > /admissions/trine-university-regionalnon-traditional-campuses/ | 200	https://gpacalculator.net/admissions/trine-university-regionalnon-traditional-campuses/	200	1	
https://gpacalculator.net/admissions/north-carolina-a-t-state-university/	301	https://gpacalculator.net/admissions/north-carolina-a-and-t-state-university/	Rank Math	301 Rank Math > /admissions/north-carolina-a-and-t-state-university/ | 200	https://gpacalculator.net/admissions/north-carolina-a-and-t-state-university/	200	1	
https://gpacalculator.net/admissions/north-carolina-state-university-at-raleigh/	301	https://gpacalculator.net/admissions/nc-state/	Rank Math	301 Rank Math > /admissions/nc-state/ | 200	https://gpacalculator.net/admissions/nc-state/	200	1	
https://gpacalculator.net/admissions/north-georgia-college-and-state-university/	301	https://gpacalculator.net/admissions/university-of-north-georgia/	Rank Math	301 Rank Math > /admissions/university-of-north-georgia/ | 200	https://gpacalculator.net/admissions/university-of-north-georgia/	200	1	
https://gpacalculator.net/admissions/north-georgia-college-state-university/	301	https://gpacalculator.net/admissions/university-of-north-georgia/	Rank Math	301 Rank Math > /admissions/university-of-north-georgia/ | 200	https://gpacalculator.net/admissions/university-of-north-georgia/	200	1	
https://gpacalculator.net/admissions/north-greenville-university/	301	https://gpacalculator.net/admissions/north-greenville/	Rank Math	301 Rank Math > /admissions/north-greenville/ | 200	https://gpacalculator.net/admissions/north-greenville/	200	1	
https://gpacalculator.net/admissions/north-lake-college/	301	https://gpacalculator.net/admissions/el-centro-college/	Rank Math	301 Rank Math > /admissions/el-centro-college/ | 200	https://gpacalculator.net/admissions/el-centro-college/	200	1	
https://gpacalculator.net/admissions/northcentral-university/	301	https://gpacalculator.net/admissions/national-university/	Rank Math	301 Rank Math > /admissions/national-university/ | 200	https://gpacalculator.net/admissions/national-university/	200	1	
https://gpacalculator.net/admissions/northeast-louisiana-technical-college-delta-ouachita-campus/	301	https://gpacalculator.net/admissions/louisiana-delta-community-college/	Rank Math	301 Rank Math > /admissions/louisiana-delta-community-college/ | 200	https://gpacalculator.net/admissions/louisiana-delta-community-college/	200	1	
https://gpacalculator.net/admissions/northeastern-university/	301	https://gpacalculator.net/admissions/northeastern/	Rank Math	301 Rank Math > /admissions/northeastern/ | 200	https://gpacalculator.net/admissions/northeastern/	200	1	
https://gpacalculator.net/admissions/northland-college/	404			404	https://gpacalculator.net/admissions/northland-college/	404	0	
https://gpacalculator.net/admissions/northland-international-university/	410			410	https://gpacalculator.net/admissions/northland-international-university/	410	0	
https://gpacalculator.net/admissions/northwest-technical-institute/	410			410	https://gpacalculator.net/admissions/northwest-technical-institute/	410	0	
https://gpacalculator.net/admissions/northwestern-college-il/	404			404	https://gpacalculator.net/admissions/northwestern-college-il/	404	0	
https://gpacalculator.net/admissions/northwestern-college-southwestern-campus/	404			404	https://gpacalculator.net/admissions/northwestern-college-southwestern-campus/	404	0	
https://gpacalculator.net/admissions/northwestern-connecticut-community-college/	301	https://gpacalculator.net/admissions/connecticut-state-community-college/	Rank Math	301 Rank Math > /admissions/connecticut-state-community-college/ | 200	https://gpacalculator.net/admissions/connecticut-state-community-college/	200	1	
https://gpacalculator.net/admissions/northwestern-polytechnic-university/	301	https://gpacalculator.net/admissions/san-francisco-bay-university/	Rank Math	301 Rank Math > /admissions/san-francisco-bay-university/ | 200	https://gpacalculator.net/admissions/san-francisco-bay-university/	200	1	
https://gpacalculator.net/admissions/northwestern-university/	301	https://gpacalculator.net/admissions/northwestern/	Rank Math	301 Rank Math > /admissions/northwestern/ | 200	https://gpacalculator.net/admissions/northwestern/	200	1	
https://gpacalculator.net/admissions/northwood-university-florida/	410			410	https://gpacalculator.net/admissions/northwood-university-florida/	410	0	
https://gpacalculator.net/admissions/northwood-university-texas/	301	https://gpacalculator.net/admissions/northwood-university-michigan/	Rank Math	301 Rank Math > /admissions/northwood-university-michigan/ | 200	https://gpacalculator.net/admissions/northwood-university-michigan/	200	1	
https://gpacalculator.net/admissions/norwalk-community-college/	301	https://gpacalculator.net/admissions/connecticut-state-community-college/	Rank Math	301 Rank Math > /admissions/connecticut-state-community-college/ | 200	https://gpacalculator.net/admissions/connecticut-state-community-college/	200	1	
https://gpacalculator.net/admissions/notre-dame-college/	410			410	https://gpacalculator.net/admissions/notre-dame-college/	410	0	
https://gpacalculator.net/admissions/nova-southeastern-university/	301	https://gpacalculator.net/admissions/nova-southeastern/	Rank Math	301 Rank Math > /admissions/nova-southeastern/ | 200	https://gpacalculator.net/admissions/nova-southeastern/	200	1	
https://gpacalculator.net/admissions/nyack-college/	410			410	https://gpacalculator.net/admissions/nyack-college/	410	0	
https://gpacalculator.net/admissions/oak-point-university/	410			410	https://gpacalculator.net/admissions/oak-point-university/	410	0	
https://gpacalculator.net/admissions/ohio-business-college-columbus/	301	https://gpacalculator.net/admissions/ohio-business-college-sheffield/	Rank Math	301 Rank Math > /admissions/ohio-business-college-sheffield/ | 200	https://gpacalculator.net/admissions/ohio-business-college-sheffield/	200	1	
https://gpacalculator.net/admissions/ohio-business-college-sandusky/	404			404	https://gpacalculator.net/admissions/ohio-business-college-sandusky/	404	0	
https://gpacalculator.net/admissions/ohio-college-of-massotherapy-inc/	410			410	https://gpacalculator.net/admissions/ohio-college-of-massotherapy-inc/	410	0	
https://gpacalculator.net/admissions/ohio-mid-western-college/	410			410	https://gpacalculator.net/admissions/ohio-mid-western-college/	410	0	
https://gpacalculator.net/admissions/ohio-northern-university/	301	https://gpacalculator.net/admissions/ohio-northern/	Rank Math	301 Rank Math > /admissions/ohio-northern/ | 200	https://gpacalculator.net/admissions/ohio-northern/	200	1	
https://gpacalculator.net/admissions/ohio-state-uni-agricultural-technical-institute/	301	https://gpacalculator.net/admissions/ohio-state-university-agricultural-technical-institute/	Rank Math	301 Rank Math > /admissions/ohio-state-university-agricultural-technical-institute/ | 200	https://gpacalculator.net/admissions/ohio-state-university-agricultural-technical-institute/	200	1	
https://gpacalculator.net/admissions/ohio-state-university-main-campus/	301	https://gpacalculator.net/admissions/ohio-state/	Rank Math	301 Rank Math > /admissions/ohio-state/ | 200	https://gpacalculator.net/admissions/ohio-state/	200	1	
https://gpacalculator.net/admissions/ohio-valley-university/	410			410	https://gpacalculator.net/admissions/ohio-valley-university/	410	0	
https://gpacalculator.net/admissions/okefenokee-technical-college/	301	https://gpacalculator.net/admissions/coastal-pines-technical-college/	Rank Math	301 Rank Math > /admissions/coastal-pines-technical-college/ | 200	https://gpacalculator.net/admissions/coastal-pines-technical-college/	200	1	
https://gpacalculator.net/admissions/oklahoma-city-university/	301	https://gpacalculator.net/admissions/oklahoma-city/	Rank Math	301 Rank Math > /admissions/oklahoma-city/ | 200	https://gpacalculator.net/admissions/oklahoma-city/	200	1	
https://gpacalculator.net/admissions/oklahoma-state-uni-center-for-health-sciences/	301	https://gpacalculator.net/admissions/oklahoma-state-university-center-for-health-sciences/	Rank Math	301 Rank Math > /admissions/oklahoma-state-university-center-for-health-sciences/ | 200	https://gpacalculator.net/admissions/oklahoma-state-university-center-for-health-sciences/	200	1	
https://gpacalculator.net/admissions/oklahoma-state-uni-institute-of-technology-okmulgee/	301	https://gpacalculator.net/admissions/oklahoma-state-university-institute-of-technology-okmulgee/	Rank Math	301 Rank Math > /admissions/oklahoma-state-university-institute-of-technology-okmulgee/ | 200	https://gpacalculator.net/admissions/oklahoma-state-university-institute-of-technology-okmulgee/	200	1	
https://gpacalculator.net/admissions/oklahoma-state-university-institute-of-technology/	301	https://gpacalculator.net/admissions/oklahoma-state-university-institute-of-technology-okmulgee/	Rank Math	301 Rank Math > /admissions/oklahoma-state-university-institute-of-technology-okmulgee/ | 200	https://gpacalculator.net/admissions/oklahoma-state-university-institute-of-technology-okmulgee/	200	1	
https://gpacalculator.net/admissions/olean-business-institute/	410			410	https://gpacalculator.net/admissions/olean-business-institute/	410	0	
https://gpacalculator.net/admissions/omaha-school-of-massage-and-healthcare-of-herzing-uni/	404			404	https://gpacalculator.net/admissions/omaha-school-of-massage-and-healthcare-of-herzing-uni/	404	0	
https://gpacalculator.net/admissions/omaha-school-of-massage-and-healthcare-of-herzing-university/	404			404	https://gpacalculator.net/admissions/omaha-school-of-massage-and-healthcare-of-herzing-university/	404	0	
https://gpacalculator.net/admissions/omore/	410			410	https://gpacalculator.net/admissions/omore/	410	0	
https://gpacalculator.net/admissions/oregon-college-of-art-and-craft/	410			410	https://gpacalculator.net/admissions/oregon-college-of-art-and-craft/	410	0	
https://gpacalculator.net/admissions/oregon-health-science-university/	301	https://gpacalculator.net/admissions/oregon-health-and-science-university/	Rank Math	301 Rank Math > /admissions/oregon-health-and-science-university/ | 200	https://gpacalculator.net/admissions/oregon-health-and-science-university/	200	1	
https://gpacalculator.net/admissions/oregon-university-system/	410			410	https://gpacalculator.net/admissions/oregon-university-system/	410	0	
https://gpacalculator.net/admissions/ottawa-university-jeffersonville/	410			410	https://gpacalculator.net/admissions/ottawa-university-jeffersonville/	410	0	
https://gpacalculator.net/admissions/ottawa-university-kansas-city/	404			404	https://gpacalculator.net/admissions/ottawa-university-kansas-city/	404	0	
https://gpacalculator.net/admissions/ottawa-university-online/	301	https://gpacalculator.net/admissions/ottawa-university-ottawa/	Rank Math	301 Rank Math > /admissions/ottawa-university-ottawa/ | 200	https://gpacalculator.net/admissions/ottawa-university-ottawa/	200	1	
https://gpacalculator.net/admissions/ottawa-university-phoenix/	410			410	https://gpacalculator.net/admissions/ottawa-university-phoenix/	410	0	
https://gpacalculator.net/admissions/our-lady-of-the-lake-university/	301	https://gpacalculator.net/admissions/our-lady-of-the-lake-university-san-antonio/	Rank Math	301 Rank Math > /admissions/our-lady-of-the-lake-university-san-antonio/ | 200	https://gpacalculator.net/admissions/our-lady-of-the-lake-university-san-antonio/	200	1	
https://gpacalculator.net/admissions/paier-college-of-art-inc/	404			404	https://gpacalculator.net/admissions/paier-college-of-art-inc/	404	0	
https://gpacalculator.net/admissions/palm-beach-atlantic-university/	301	https://gpacalculator.net/admissions/palm-beach-atlantic-university-west-palm-beach/	Rank Math	301 Rank Math > /admissions/palm-beach-atlantic-university-west-palm-beach/ | 200	https://gpacalculator.net/admissions/palm-beach-atlantic-university-west-palm-beach/	200	1	
https://gpacalculator.net/admissions/patten-university/	404			404	https://gpacalculator.net/admissions/patten-university/	404	0	
https://gpacalculator.net/admissions/pennsylvania-institute-of-health-and-technology/	410			410	https://gpacalculator.net/admissions/pennsylvania-institute-of-health-and-technology/	410	0	
https://gpacalculator.net/admissions/pennsylvania-state-uni-penn-state-brandywine/	301	https://gpacalculator.net/admissions/pennsylvania-state-university-penn-state-brandywine/	Rank Math	301 Rank Math > /admissions/pennsylvania-state-university-penn-state-brandywine/ | 200	https://gpacalculator.net/admissions/pennsylvania-state-university-penn-state-brandywine/	200	1	
https://gpacalculator.net/admissions/pennsylvania-state-uni-penn-state-erie-behrend-college/	301	https://gpacalculator.net/admissions/pennsylvania-state-university-penn-state-erie-behrend-college/	Rank Math	301 Rank Math > /admissions/pennsylvania-state-university-penn-state-erie-behrend-college/ | 200	https://gpacalculator.net/admissions/pennsylvania-state-university-penn-state-erie-behrend-college/	200	1	
https://gpacalculator.net/admissions/pennsylvania-state-uni-penn-state-fayette-eberly-campus/	301	https://gpacalculator.net/admissions/pennsylvania-state-university-penn-state-fayette-eberly-campus/	Rank Math	301 Rank Math > /admissions/pennsylvania-state-university-penn-state-fayette-eberly-campus/ | 200	https://gpacalculator.net/admissions/pennsylvania-state-university-penn-state-fayette-eberly-campus/	200	1	
https://gpacalculator.net/admissions/pennsylvania-state-uni-penn-state-great-valley/	301	https://gpacalculator.net/admissions/pennsylvania-state-university-main-campus/	Rank Math	301 Rank Math > /admissions/pennsylvania-state-university-main-campus/ | 200	https://gpacalculator.net/admissions/pennsylvania-state-university-main-campus/	200	1	
https://gpacalculator.net/admissions/pennsylvania-state-uni-penn-state-greater-allegheny/	301	https://gpacalculator.net/admissions/pennsylvania-state-university-penn-state-greater-allegheny/	Rank Math	301 Rank Math > /admissions/pennsylvania-state-university-penn-state-greater-allegheny/ | 200	https://gpacalculator.net/admissions/pennsylvania-state-university-penn-state-greater-allegheny/	200	1	
https://gpacalculator.net/admissions/pennsylvania-state-uni-penn-state-harrisburg/	301	https://gpacalculator.net/admissions/pennsylvania-state-university-penn-state-harrisburg/	Rank Math	301 Rank Math > /admissions/pennsylvania-state-university-penn-state-harrisburg/ | 200	https://gpacalculator.net/admissions/pennsylvania-state-university-penn-state-harrisburg/	200	1	
https://gpacalculator.net/admissions/pennsylvania-state-uni-penn-state-lehigh-valley/	301	https://gpacalculator.net/admissions/pennsylvania-state-university-penn-state-lehigh-valley/	Rank Math	301 Rank Math > /admissions/pennsylvania-state-university-penn-state-lehigh-valley/ | 200	https://gpacalculator.net/admissions/pennsylvania-state-university-penn-state-lehigh-valley/	200	1	
https://gpacalculator.net/admissions/pennsylvania-state-uni-penn-state-mont-alto/	301	https://gpacalculator.net/admissions/pennsylvania-state-university-penn-state-mont-alto/	Rank Math	301 Rank Math > /admissions/pennsylvania-state-university-penn-state-mont-alto/ | 200	https://gpacalculator.net/admissions/pennsylvania-state-university-penn-state-mont-alto/	200	1	
https://gpacalculator.net/admissions/pennsylvania-state-uni-penn-state-new-kensington/	301	https://gpacalculator.net/admissions/pennsylvania-state-university-penn-state-new-kensington/	Rank Math	301 Rank Math > /admissions/pennsylvania-state-university-penn-state-new-kensington/ | 200	https://gpacalculator.net/admissions/pennsylvania-state-university-penn-state-new-kensington/	200	1	
https://gpacalculator.net/admissions/pennsylvania-state-uni-penn-state-schuylkill/	301	https://gpacalculator.net/admissions/pennsylvania-state-university-penn-state-schuylkill/	Rank Math	301 Rank Math > /admissions/pennsylvania-state-university-penn-state-schuylkill/ | 200	https://gpacalculator.net/admissions/pennsylvania-state-university-penn-state-schuylkill/	200	1	
https://gpacalculator.net/admissions/pennsylvania-state-uni-penn-state-wilkes-barre/	301	https://gpacalculator.net/admissions/pennsylvania-state-university-penn-state-wilkes-barre/	Rank Math	301 Rank Math > /admissions/pennsylvania-state-university-penn-state-wilkes-barre/ | 200	https://gpacalculator.net/admissions/pennsylvania-state-university-penn-state-wilkes-barre/	200	1	
https://gpacalculator.net/admissions/pennsylvania-state-uni-penn-state-worthington-scranton/	301	https://gpacalculator.net/admissions/pennsylvania-state-university-penn-state-worthington-scranton/	Rank Math	301 Rank Math > /admissions/pennsylvania-state-university-penn-state-worthington-scranton/ | 200	https://gpacalculator.net/admissions/pennsylvania-state-university-penn-state-worthington-scranton/	200	1	
https://gpacalculator.net/admissions/pennsylvania-state-university-college-of-medicine/	301	https://gpacalculator.net/admissions/pennsylvania-state-university-main-campus/	Rank Math	301 Rank Math > /admissions/pennsylvania-state-university-main-campus/ | 200	https://gpacalculator.net/admissions/pennsylvania-state-university-main-campus/	200	1	
https://gpacalculator.net/admissions/pennsylvania-state-university-penn-state-fayette-eberly/	301	https://gpacalculator.net/admissions/pennsylvania-state-university-penn-state-fayette-eberly-campus/	Rank Math	301 Rank Math > /admissions/pennsylvania-state-university-penn-state-fayette-eberly-campus/ | 200	https://gpacalculator.net/admissions/pennsylvania-state-university-penn-state-fayette-eberly-campus/	200	1	
https://gpacalculator.net/admissions/pennsylvania-state-university-penn-state-great-valley/	301	https://gpacalculator.net/admissions/pennsylvania-state-university-main-campus/	Rank Math	301 Rank Math > /admissions/pennsylvania-state-university-main-campus/ | 200	https://gpacalculator.net/admissions/pennsylvania-state-university-main-campus/	200	1	
https://gpacalculator.net/admissions/philadelphia-biblical-university-langhorne/	301	https://gpacalculator.net/admissions/cairn-university/	Rank Math	301 Rank Math > /admissions/cairn-university/ | 200	https://gpacalculator.net/admissions/cairn-university/	200	1	
https://gpacalculator.net/admissions/philadelphia-university/	301	https://gpacalculator.net/admissions/thomas-jefferson-university/	Rank Math	301 Rank Math > /admissions/thomas-jefferson-university/ | 200	https://gpacalculator.net/admissions/thomas-jefferson-university/	200	1	
https://gpacalculator.net/admissions/phillips-community-college-of-the-uni-of-arkansas/	301	https://gpacalculator.net/admissions/phillips-community-college-of-the-university-of-arkansas/	Rank Math	301 Rank Math > /admissions/phillips-community-college-of-the-university-of-arkansas/ | 200	https://gpacalculator.net/admissions/phillips-community-college-of-the-university-of-arkansas/	200	1	
https://gpacalculator.net/admissions/piedmont-international-university/	301	https://gpacalculator.net/admissions/carolina-university/	Rank Math	301 Rank Math > /admissions/carolina-university/ | 200	https://gpacalculator.net/admissions/carolina-university/	200	1	
https://gpacalculator.net/admissions/pierce-college-at-fort-steilacoom/	301	https://gpacalculator.net/admissions/pierce-college-district/	Rank Math	301 Rank Math > /admissions/pierce-college-district/ | 200	https://gpacalculator.net/admissions/pierce-college-district/	200	1	
https://gpacalculator.net/admissions/pierce-college-at-puyallup/	301	https://gpacalculator.net/admissions/pierce-college-district/	Rank Math	301 Rank Math > /admissions/pierce-college-district/ | 200	https://gpacalculator.net/admissions/pierce-college-district/	200	1	
https://gpacalculator.net/admissions/pinnacle-career-institute-lawrence/	410			410	https://gpacalculator.net/admissions/pinnacle-career-institute-lawrence/	410	0	
https://gpacalculator.net/admissions/pinnacle-career-institute-south-kansas-city/	301	https://gpacalculator.net/admissions/pinnacle-career-institute-north-kansas-city/	Rank Math	301 Rank Math > /admissions/pinnacle-career-institute-north-kansas-city/ | 200	https://gpacalculator.net/admissions/pinnacle-career-institute-north-kansas-city/	200	1	
https://gpacalculator.net/admissions/pioneer-pacific-college/	410			410	https://gpacalculator.net/admissions/pioneer-pacific-college/	410	0	
https://gpacalculator.net/admissions/pittsburgh-technical-institute/	410			410	https://gpacalculator.net/admissions/pittsburgh-technical-institute/	410	0	
https://gpacalculator.net/admissions/platt-college-aurora/	410			410	https://gpacalculator.net/admissions/platt-college-aurora/	410	0	
https://gpacalculator.net/admissions/platt-college-san-diego/	410			410	https://gpacalculator.net/admissions/platt-college-san-diego/	410	0	
https://gpacalculator.net/admissions/polytechnic-institute-of-new-york-university/	301	https://gpacalculator.net/admissions/nyu/	Rank Math	301 Rank Math > /admissions/nyu/ | 200	https://gpacalculator.net/admissions/nyu/	200	1	
https://gpacalculator.net/admissions/polytechnic-uni-of-puerto-rico-miami-campus/	301	https://gpacalculator.net/admissions/polytechnic-university-of-puerto-rico-miami-campus/	Rank Math	301 Rank Math > /admissions/polytechnic-university-of-puerto-rico-miami-campus/ | 200	https://gpacalculator.net/admissions/polytechnic-university-of-puerto-rico-miami-campus/	200	1	
https://gpacalculator.net/admissions/polytechnic-university-of-puerto-rico-miami/	301	https://gpacalculator.net/admissions/polytechnic-university-of-puerto-rico-miami-campus/	Rank Math	301 Rank Math > /admissions/polytechnic-university-of-puerto-rico-miami-campus/ | 200	https://gpacalculator.net/admissions/polytechnic-university-of-puerto-rico-miami-campus/	200	1	
https://gpacalculator.net/admissions/prairie-view-a-and-m-university/	301	https://gpacalculator.net/admissions/prairie-view-a-m-university/	Rank Math	301 Rank Math > /admissions/prairie-view-a-m-university/ | 200	https://gpacalculator.net/admissions/prairie-view-a-m-university/	200	1	
https://gpacalculator.net/admissions/presentation-college/	410			410	https://gpacalculator.net/admissions/presentation-college/	410	0	
https://gpacalculator.net/admissions/prince-institute-of-professional-studies-inc/	410			410	https://gpacalculator.net/admissions/prince-institute-of-professional-studies-inc/	410	0	
https://gpacalculator.net/admissions/prince-institute-rocky-mountains/	410			410	https://gpacalculator.net/admissions/prince-institute-rocky-mountains/	410	0	
https://gpacalculator.net/admissions/prince-william-sound-community-college/	301	https://gpacalculator.net/admissions/university-of-alaska-anchorage/	Rank Math	301 Rank Math > /admissions/university-of-alaska-anchorage/ | 200	https://gpacalculator.net/admissions/university-of-alaska-anchorage/	200	1	
https://gpacalculator.net/admissions/princeton-university/	301	https://gpacalculator.net/admissions/princeton/	Rank Math	301 Rank Math > /admissions/princeton/ | 200	https://gpacalculator.net/admissions/princeton/	200	1	
https://gpacalculator.net/admissions/professional-business-college/	410			410	https://gpacalculator.net/admissions/professional-business-college/	410	0	
https://gpacalculator.net/admissions/provo-college-american-fork/	410			410	https://gpacalculator.net/admissions/provo-college-american-fork/	410	0	
https://gpacalculator.net/admissions/purdue-university-calumet-campus/	301	https://gpacalculator.net/admissions/purdue-university-northwest/	Rank Math	301 Rank Math > /admissions/purdue-university-northwest/ | 200	https://gpacalculator.net/admissions/purdue-university-northwest/	200	1	
https://gpacalculator.net/admissions/purdue-university-north-central-campus/	301	https://gpacalculator.net/admissions/purdue-university-northwest/	Rank Math	301 Rank Math > /admissions/purdue-university-northwest/ | 200	https://gpacalculator.net/admissions/purdue-university-northwest/	200	1	
https://gpacalculator.net/admissions/quinebaug-valley-community-college/	301	https://gpacalculator.net/admissions/connecticut-state-community-college/	Rank Math	301 Rank Math > /admissions/connecticut-state-community-college/ | 200	https://gpacalculator.net/admissions/connecticut-state-community-college/	200	1	
https://gpacalculator.net/admissions/rainy-river-community-college/	301	https://gpacalculator.net/admissions/minnesota-north-college/	Rank Math	301 Rank Math > /admissions/minnesota-north-college/ | 200	https://gpacalculator.net/admissions/minnesota-north-college/	200	1	
https://gpacalculator.net/admissions/remington-college-cleveland-west-campus/	410			410	https://gpacalculator.net/admissions/remington-college-cleveland-west-campus/	410	0	
https://gpacalculator.net/admissions/remington-college-colorado-springs-campus/	410			410	https://gpacalculator.net/admissions/remington-college-colorado-springs-campus/	410	0	
https://gpacalculator.net/admissions/remington-college-honolulu-campus/	410			410	https://gpacalculator.net/admissions/remington-college-honolulu-campus/	410	0	
https://gpacalculator.net/admissions/remington-college-houston-campus/	410			410	https://gpacalculator.net/admissions/remington-college-houston-campus/	410	0	
https://gpacalculator.net/admissions/remington-college-knoxville/	410			410	https://gpacalculator.net/admissions/remington-college-knoxville/	410	0	
https://gpacalculator.net/admissions/remington-college-little-rock-campus/	410			410	https://gpacalculator.net/admissions/remington-college-little-rock-campus/	410	0	
https://gpacalculator.net/admissions/remington-college-tampa-campus/	410			410	https://gpacalculator.net/admissions/remington-college-tampa-campus/	410	0	
https://gpacalculator.net/admissions/remington-college/	410			410	https://gpacalculator.net/admissions/remington-college/	410	0	
https://gpacalculator.net/admissions/rice-university/	301	https://gpacalculator.net/admissions/rice/	Rank Math	301 Rank Math > /admissions/rice/ | 200	https://gpacalculator.net/admissions/rice/	200	1	
https://gpacalculator.net/admissions/richland-college/	301	https://gpacalculator.net/admissions/el-centro-college/	Rank Math	301 Rank Math > /admissions/el-centro-college/ | 200	https://gpacalculator.net/admissions/el-centro-college/	200	1	
https://gpacalculator.net/admissions/robert-morris-university-illinois/	301	https://gpacalculator.net/admissions/roosevelt-university/	Rank Math	301 Rank Math > /admissions/roosevelt-university/ | 200	https://gpacalculator.net/admissions/roosevelt-university/	200	1	
https://gpacalculator.net/admissions/rockford-career-college/	410			410	https://gpacalculator.net/admissions/rockford-career-college/	410	0	
https://gpacalculator.net/admissions/roger-williams-university-school-of-law/	404			404	https://gpacalculator.net/admissions/roger-williams-university-school-of-law/	404	0	
https://gpacalculator.net/admissions/rosalind-franklin-uni-of-medicine-and-science/	301	https://gpacalculator.net/admissions/rosalind-franklin-university/	Rank Math	301 Rank Math > /admissions/rosalind-franklin-university/ | 200	https://gpacalculator.net/admissions/rosalind-franklin-university/	200	1	
https://gpacalculator.net/admissions/rosalind-franklin-university-of-medicine-and-science/	301	https://gpacalculator.net/admissions/rosalind-franklin-university/	Rank Math	301 Rank Math > /admissions/rosalind-franklin-university/ | 200	https://gpacalculator.net/admissions/rosalind-franklin-university/	200	1	
https://gpacalculator.net/admissions/sage-college/	410			410	https://gpacalculator.net/admissions/sage-college/	410	0	
https://gpacalculator.net/admissions/saint-augustine-college/	404			404	https://gpacalculator.net/admissions/saint-augustine-college/	404	0	
https://gpacalculator.net/admissions/saint-catharine-college/	410			410	https://gpacalculator.net/admissions/saint-catharine-college/	410	0	
https://gpacalculator.net/admissions/saint-gregorys-university/	410			410	https://gpacalculator.net/admissions/saint-gregorys-university/	410	0	
https://gpacalculator.net/admissions/saint-josephs-college/	410			410	https://gpacalculator.net/admissions/saint-josephs-college/	410	0	
https://gpacalculator.net/admissions/saint-louis-christian-college/	410			410	https://gpacalculator.net/admissions/saint-louis-christian-college/	410	0	
https://gpacalculator.net/admissions/saint-louis-university-main-campus/	301	https://gpacalculator.net/admissions/saint-louis/	Rank Math	301 Rank Math > /admissions/saint-louis/ | 200	https://gpacalculator.net/admissions/saint-louis/	200	1	
https://gpacalculator.net/admissions/saint-louis-university/	301	https://gpacalculator.net/admissions/saint-louis/	Rank Math	301 Rank Math > /admissions/saint-louis/ | 200	https://gpacalculator.net/admissions/saint-louis/	200	1	
https://gpacalculator.net/admissions/saint-thomas-university/	301	https://gpacalculator.net/admissions/st-thomas-university/	Rank Math	301 Rank Math > /admissions/st-thomas-university/ | 200	https://gpacalculator.net/admissions/st-thomas-university/	200	1	
https://gpacalculator.net/admissions/salus-university/	301	https://gpacalculator.net/admissions/drexel-university/	Rank Math	301 Rank Math > /admissions/drexel-university/ | 200	https://gpacalculator.net/admissions/drexel-university/	200	1	
https://gpacalculator.net/admissions/samford-university/	301	https://gpacalculator.net/admissions/samford/	Rank Math	301 Rank Math > /admissions/samford/ | 200	https://gpacalculator.net/admissions/samford/	200	1	
https://gpacalculator.net/admissions/san-diego-state-university-imperial-valley-campus/	301	https://gpacalculator.net/admissions/san-diego-state/	Rank Math	301 Rank Math > /admissions/san-diego-state/ | 200	https://gpacalculator.net/admissions/san-diego-state/	200	1	
https://gpacalculator.net/admissions/san-diego-state-university/	301	https://gpacalculator.net/admissions/san-diego-state/	Rank Math	301 Rank Math > /admissions/san-diego-state/ | 200	https://gpacalculator.net/admissions/san-diego-state/	200	1	
https://gpacalculator.net/admissions/san-francisco-art-institute/	410			410	https://gpacalculator.net/admissions/san-francisco-art-institute/	410	0	
https://gpacalculator.net/admissions/san-joaquin-valley-college-fresno/	410			410	https://gpacalculator.net/admissions/san-joaquin-valley-college-fresno/	410	0	
https://gpacalculator.net/admissions/santa-barbara-business-college-bakersfield/	410			410	https://gpacalculator.net/admissions/santa-barbara-business-college-bakersfield/	410	0	
https://gpacalculator.net/admissions/santa-barbara-business-college-santa-maria/	410			410	https://gpacalculator.net/admissions/santa-barbara-business-college-santa-maria/	410	0	
https://gpacalculator.net/admissions/santa-fe-university-of-art-and-design/	410			410	https://gpacalculator.net/admissions/santa-fe-university-of-art-and-design/	410	0	
https://gpacalculator.net/admissions/school-of-the-museum-of-fine-arts-boston/	301	https://gpacalculator.net/admissions/tufts/	Rank Math	301 Rank Math > /admissions/tufts/ | 200	https://gpacalculator.net/admissions/tufts/	200	1	
https://gpacalculator.net/admissions/shorter-university-college-of-adult-professional-programs/	410			410	https://gpacalculator.net/admissions/shorter-university-college-of-adult-professional-programs/	410	0	
https://gpacalculator.net/admissions/sierra-nevada-college/	410			410	https://gpacalculator.net/admissions/sierra-nevada-college/	410	0	
https://gpacalculator.net/admissions/silver-lake-college-of-the-holy-family/	410			410	https://gpacalculator.net/admissions/silver-lake-college-of-the-holy-family/	410	0	
https://gpacalculator.net/admissions/simmons-institute-of-funeral-service-inc/	410			410	https://gpacalculator.net/admissions/simmons-institute-of-funeral-service-inc/	410	0	
https://gpacalculator.net/admissions/skyline-college-roanoke/	410			410	https://gpacalculator.net/admissions/skyline-college-roanoke/	410	0	
https://gpacalculator.net/admissions/sojourner-douglass-college/	410			410	https://gpacalculator.net/admissions/sojourner-douglass-college/	410	0	
https://gpacalculator.net/admissions/south-central-louisiana-technical-college-young-memorial-campus/	301	https://gpacalculator.net/admissions/south-louisiana-community-college/	Rank Math	301 Rank Math > /admissions/south-louisiana-community-college/ | 200	https://gpacalculator.net/admissions/south-louisiana-community-college/	200	1	
https://gpacalculator.net/admissions/south-college-asheville/	301	https://gpacalculator.net/admissions/south-college/	Rank Math	301 Rank Math > /admissions/south-college/ | 200	https://gpacalculator.net/admissions/south-college/	200	1	
https://gpacalculator.net/admissions/south-georgia-college/	301	https://gpacalculator.net/admissions/south-georgia-state-college/	Rank Math	301 Rank Math > /admissions/south-georgia-state-college/ | 200	https://gpacalculator.net/admissions/south-georgia-state-college/	200	1	
https://gpacalculator.net/admissions/south-university-accelerated-graduate-programs/	301	https://gpacalculator.net/admissions/south-university/	Rank Math	301 Rank Math > /admissions/south-university/ | 200	https://gpacalculator.net/admissions/south-university/	200	1	
https://gpacalculator.net/admissions/south-university-columbia/	301	https://gpacalculator.net/admissions/south-university/	Rank Math	301 Rank Math > /admissions/south-university/ | 200	https://gpacalculator.net/admissions/south-university/	200	1	
https://gpacalculator.net/admissions/south-university-montgomery/	301	https://gpacalculator.net/admissions/south-university/	Rank Math	301 Rank Math > /admissions/south-university/ | 200	https://gpacalculator.net/admissions/south-university/	200	1	
https://gpacalculator.net/admissions/south-university-novi/	410			410	https://gpacalculator.net/admissions/south-university-novi/	410	0	
https://gpacalculator.net/admissions/south-university-off-campus-programs/	404			404	https://gpacalculator.net/admissions/south-university-off-campus-programs/	404	0	
https://gpacalculator.net/admissions/south-university-richmond/	301	https://gpacalculator.net/admissions/south-university/	Rank Math	301 Rank Math > /admissions/south-university/ | 200	https://gpacalculator.net/admissions/south-university/	200	1	
https://gpacalculator.net/admissions/south-university-savannah-online/	301	https://gpacalculator.net/admissions/south-university/	Rank Math	301 Rank Math > /admissions/south-university/ | 200	https://gpacalculator.net/admissions/south-university/	200	1	
https://gpacalculator.net/admissions/south-university-savannah/	301	https://gpacalculator.net/admissions/south-university/	Rank Math	301 Rank Math > /admissions/south-university/ | 200	https://gpacalculator.net/admissions/south-university/	200	1	
https://gpacalculator.net/admissions/south-university-tampa/	301	https://gpacalculator.net/admissions/south-university/	Rank Math	301 Rank Math > /admissions/south-university/ | 200	https://gpacalculator.net/admissions/south-university/	200	1	
https://gpacalculator.net/admissions/south-university-the-art-institute-of-dallas/	410			410	https://gpacalculator.net/admissions/south-university-the-art-institute-of-dallas/	410	0	
https://gpacalculator.net/admissions/south-university-the-art-institute-of-fort-worth/	410			410	https://gpacalculator.net/admissions/south-university-the-art-institute-of-fort-worth/	410	0	
https://gpacalculator.net/admissions/south-university-virginia-beach/	301	https://gpacalculator.net/admissions/south-university/	Rank Math	301 Rank Math > /admissions/south-university/ | 200	https://gpacalculator.net/admissions/south-university/	200	1	
https://gpacalculator.net/admissions/south-university-west-palm-beach/	301	https://gpacalculator.net/admissions/south-university/	Rank Math	301 Rank Math > /admissions/south-university/ | 200	https://gpacalculator.net/admissions/south-university/	200	1	
https://gpacalculator.net/admissions/southeastern-bible-college/	410			410	https://gpacalculator.net/admissions/southeastern-bible-college/	410	0	
https://gpacalculator.net/admissions/southern-california-university-soma/	410			410	https://gpacalculator.net/admissions/southern-california-university-soma/	410	0	
https://gpacalculator.net/admissions/southern-illinois-university-system-office/	410			410	https://gpacalculator.net/admissions/southern-illinois-university-system-office/	410	0	
https://gpacalculator.net/admissions/southern-illinois-university-systems-office/	410			410	https://gpacalculator.net/admissions/southern-illinois-university-systems-office/	410	0	
https://gpacalculator.net/admissions/southern-polytechnic-state-university/	301	https://gpacalculator.net/admissions/kennesaw-state-university/	Rank Math	301 Rank Math > /admissions/kennesaw-state-university/ | 200	https://gpacalculator.net/admissions/kennesaw-state-university/	200	1	
https://gpacalculator.net/admissions/southern-university-and-a-and-m-college/	301	https://gpacalculator.net/admissions/southern-university-and-a-m-college/	Rank Math	301 Rank Math > /admissions/southern-university-and-a-m-college/ | 200	https://gpacalculator.net/admissions/southern-university-and-a-m-college/	200	1	
https://gpacalculator.net/admissions/southern-university-board-and-system/	410			410	https://gpacalculator.net/admissions/southern-university-board-and-system/	410	0	
https://gpacalculator.net/admissions/southern-vermont-college/	410			410	https://gpacalculator.net/admissions/southern-vermont-college/	410	0	
https://gpacalculator.net/admissions/southern-wesleyan-university/	301	https://gpacalculator.net/admissions/southern-wesleyan/	Rank Math	301 Rank Math > /admissions/southern-wesleyan/ | 200	https://gpacalculator.net/admissions/southern-wesleyan/	200	1	
https://gpacalculator.net/admissions/southwest-georgia-technical-college/	301	https://gpacalculator.net/admissions/southern-regional-technical-college/	Rank Math	301 Rank Math > /admissions/southern-regional-technical-college/ | 200	https://gpacalculator.net/admissions/southern-regional-technical-college/	200	1	
https://gpacalculator.net/admissions/southwest-university-of-visual-arts-albuquerque/	410			410	https://gpacalculator.net/admissions/southwest-university-of-visual-arts-albuquerque/	410	0	
https://gpacalculator.net/admissions/southwest-university-of-visual-arts-tucson/	410			410	https://gpacalculator.net/admissions/southwest-university-of-visual-arts-tucson/	410	0	
https://gpacalculator.net/admissions/spalding-university/	301	https://gpacalculator.net/admissions/spalding/	Rank Math	301 Rank Math > /admissions/spalding/ | 200	https://gpacalculator.net/admissions/spalding/	200	1	
https://gpacalculator.net/admissions/st-andrews-university/	404			404	https://gpacalculator.net/admissions/st-andrews-university/	404	0	
https://gpacalculator.net/admissions/st-bonaventure-university/	301	https://gpacalculator.net/admissions/saint-bonaventure-university/	Rank Math	301 Rank Math > /admissions/saint-bonaventure-university/ | 200	https://gpacalculator.net/admissions/saint-bonaventure-university/	200	1	
https://gpacalculator.net/admissions/st-luke-university/	404			404	https://gpacalculator.net/admissions/st-luke-university/	404	0	
https://gpacalculator.net/admissions/st-marys-seminary-university/	301	https://gpacalculator.net/admissions/st-marys-seminary-and-university/	Rank Math	301 Rank Math > /admissions/st-marys-seminary-and-university/ | 200	https://gpacalculator.net/admissions/st-marys-seminary-and-university/	200	1	
https://gpacalculator.net/admissions/st-vincents-college/	301	https://gpacalculator.net/admissions/sacred-heart-university/	Rank Math	301 Rank Math > /admissions/sacred-heart-university/ | 200	https://gpacalculator.net/admissions/sacred-heart-university/	200	1	
https://gpacalculator.net/admissions/stanford-university/	301	https://gpacalculator.net/admissions/stanford/	Rank Math	301 Rank Math > /admissions/stanford/ | 200	https://gpacalculator.net/admissions/stanford/	200	1	
https://gpacalculator.net/admissions/stenotype-institute-of-jacksonville-inc-jacksonville/	410			410	https://gpacalculator.net/admissions/stenotype-institute-of-jacksonville-inc-jacksonville/	410	0	
https://gpacalculator.net/admissions/stenotype-institute-of-jacksonville-inc-orlando/	410			410	https://gpacalculator.net/admissions/stenotype-institute-of-jacksonville-inc-orlando/	410	0	
https://gpacalculator.net/admissions/stevens-henager-college-murray/	410			410	https://gpacalculator.net/admissions/stevens-henager-college-murray/	410	0	
https://gpacalculator.net/admissions/stevens-henager-college-of-business-provo/	410			410	https://gpacalculator.net/admissions/stevens-henager-college-of-business-provo/	410	0	
https://gpacalculator.net/admissions/stevens-henager-college-ogden/	410			410	https://gpacalculator.net/admissions/stevens-henager-college-ogden/	410	0	
https://gpacalculator.net/admissions/stevens-henager-college/	410			410	https://gpacalculator.net/admissions/stevens-henager-college/	410	0	
https://gpacalculator.net/admissions/stony-brook-university/	301	https://gpacalculator.net/admissions/stony-brook/	Rank Math	301 Rank Math > /admissions/stony-brook/ | 200	https://gpacalculator.net/admissions/stony-brook/	200	1	
https://gpacalculator.net/admissions/stratford-university/	410			410	https://gpacalculator.net/admissions/stratford-university/	410	0	
https://gpacalculator.net/admissions/strayer-university-alabama/	301	https://gpacalculator.net/admissions/strayer-university/	Rank Math	301 Rank Math > /admissions/strayer-university/ | 200	https://gpacalculator.net/admissions/strayer-university/	200	1	
https://gpacalculator.net/admissions/strayer-university-arkansas/	301	https://gpacalculator.net/admissions/strayer-university/	Rank Math	301 Rank Math > /admissions/strayer-university/ | 200	https://gpacalculator.net/admissions/strayer-university/	200	1	
https://gpacalculator.net/admissions/strayer-university-delaware/	301	https://gpacalculator.net/admissions/strayer-university/	Rank Math	301 Rank Math > /admissions/strayer-university/ | 200	https://gpacalculator.net/admissions/strayer-university/	200	1	
https://gpacalculator.net/admissions/strayer-university-district-of-columbia/	301	https://gpacalculator.net/admissions/strayer-university/	Rank Math	301 Rank Math > /admissions/strayer-university/ | 200	https://gpacalculator.net/admissions/strayer-university/	200	1	
https://gpacalculator.net/admissions/strayer-university-florida/	301	https://gpacalculator.net/admissions/strayer-university/	Rank Math	301 Rank Math > /admissions/strayer-university/ | 200	https://gpacalculator.net/admissions/strayer-university/	200	1	
https://gpacalculator.net/admissions/strayer-university-georgia/	301	https://gpacalculator.net/admissions/strayer-university/	Rank Math	301 Rank Math > /admissions/strayer-university/ | 200	https://gpacalculator.net/admissions/strayer-university/	200	1	
https://gpacalculator.net/admissions/strayer-university-global-region/	301	https://gpacalculator.net/admissions/strayer-university/	Rank Math	301 Rank Math > /admissions/strayer-university/ | 200	https://gpacalculator.net/admissions/strayer-university/	200	1	
https://gpacalculator.net/admissions/strayer-university-kentucky/	301	https://gpacalculator.net/admissions/strayer-university/	Rank Math	301 Rank Math > /admissions/strayer-university/ | 200	https://gpacalculator.net/admissions/strayer-university/	200	1	
https://gpacalculator.net/admissions/strayer-university-louisiana/	301	https://gpacalculator.net/admissions/strayer-university/	Rank Math	301 Rank Math > /admissions/strayer-university/ | 200	https://gpacalculator.net/admissions/strayer-university/	200	1	
https://gpacalculator.net/admissions/strayer-university-maryland/	301	https://gpacalculator.net/admissions/strayer-university/	Rank Math	301 Rank Math > /admissions/strayer-university/ | 200	https://gpacalculator.net/admissions/strayer-university/	200	1	
https://gpacalculator.net/admissions/strayer-university-mississippi/	301	https://gpacalculator.net/admissions/strayer-university/	Rank Math	301 Rank Math > /admissions/strayer-university/ | 200	https://gpacalculator.net/admissions/strayer-university/	200	1	
https://gpacalculator.net/admissions/strayer-university-new-jersey/	301	https://gpacalculator.net/admissions/strayer-university/	Rank Math	301 Rank Math > /admissions/strayer-university/ | 200	https://gpacalculator.net/admissions/strayer-university/	200	1	
https://gpacalculator.net/admissions/strayer-university-north-carolina/	301	https://gpacalculator.net/admissions/strayer-university/	Rank Math	301 Rank Math > /admissions/strayer-university/ | 200	https://gpacalculator.net/admissions/strayer-university/	200	1	
https://gpacalculator.net/admissions/strayer-university-ohio/	301	https://gpacalculator.net/admissions/strayer-university/	Rank Math	301 Rank Math > /admissions/strayer-university/ | 200	https://gpacalculator.net/admissions/strayer-university/	200	1	
https://gpacalculator.net/admissions/strayer-university-pennsylvania/	301	https://gpacalculator.net/admissions/strayer-university/	Rank Math	301 Rank Math > /admissions/strayer-university/ | 200	https://gpacalculator.net/admissions/strayer-university/	200	1	
https://gpacalculator.net/admissions/strayer-university-south-carolina/	301	https://gpacalculator.net/admissions/strayer-university/	Rank Math	301 Rank Math > /admissions/strayer-university/ | 200	https://gpacalculator.net/admissions/strayer-university/	200	1	
https://gpacalculator.net/admissions/strayer-university-tennessee/	301	https://gpacalculator.net/admissions/strayer-university/	Rank Math	301 Rank Math > /admissions/strayer-university/ | 200	https://gpacalculator.net/admissions/strayer-university/	200	1	
https://gpacalculator.net/admissions/strayer-university-texas/	301	https://gpacalculator.net/admissions/strayer-university/	Rank Math	301 Rank Math > /admissions/strayer-university/ | 200	https://gpacalculator.net/admissions/strayer-university/	200	1	
https://gpacalculator.net/admissions/strayer-university-utah/	301	https://gpacalculator.net/admissions/strayer-university/	Rank Math	301 Rank Math > /admissions/strayer-university/ | 200	https://gpacalculator.net/admissions/strayer-university/	200	1	
https://gpacalculator.net/admissions/strayer-university-virginia/	301	https://gpacalculator.net/admissions/strayer-university/	Rank Math	301 Rank Math > /admissions/strayer-university/ | 200	https://gpacalculator.net/admissions/strayer-university/	200	1	
https://gpacalculator.net/admissions/strayer-university-west-virginia/	301	https://gpacalculator.net/admissions/strayer-university/	Rank Math	301 Rank Math > /admissions/strayer-university/ | 200	https://gpacalculator.net/admissions/strayer-university/	200	1	
https://gpacalculator.net/admissions/taylor-university/	301	https://gpacalculator.net/admissions/taylor/	Rank Math	301 Rank Math > /admissions/taylor/ | 200	https://gpacalculator.net/admissions/taylor/	200	1	
https://gpacalculator.net/admissions/tennessee-temple-university/	301	https://gpacalculator.net/admissions/carolina-university/	Rank Math	301 Rank Math > /admissions/carolina-university/ | 200	https://gpacalculator.net/admissions/carolina-university/	200	1	
https://gpacalculator.net/admissions/texas-a-and-m-university-commerce/	301	https://gpacalculator.net/admissions/texas-a-m-university-commerce/	Rank Math	301 Rank Math > /admissions/texas-a-m-university-commerce/ | 200	https://gpacalculator.net/admissions/texas-a-m-university-commerce/	200	1	
https://gpacalculator.net/admissions/texas-a-and-m-university-corpus-christi/	301	https://gpacalculator.net/admissions/texas-a-m-university-corpus-christi/	Rank Math	301 Rank Math > /admissions/texas-a-m-university-corpus-christi/ | 200	https://gpacalculator.net/admissions/texas-a-m-university-corpus-christi/	200	1	
https://gpacalculator.net/admissions/texas-a-and-m-university-galveston/	301	https://gpacalculator.net/admissions/texas-a-m-university-galveston/	Rank Math	301 Rank Math > /admissions/texas-a-m-university-galveston/ | 301 Rank Math > /admissions/texas-a-and-m-university-college-station/ | 200	https://gpacalculator.net/admissions/texas-a-and-m-university-college-station/	200	2	
https://gpacalculator.net/admissions/texas-a-and-m-university-kingsville/	301	https://gpacalculator.net/admissions/texas-a-m-university-kingsville/	Rank Math	301 Rank Math > /admissions/texas-a-m-university-kingsville/ | 200	https://gpacalculator.net/admissions/texas-a-m-university-kingsville/	200	1	
https://gpacalculator.net/admissions/texas-a-and-m-university-texarkana/	301	https://gpacalculator.net/admissions/texas-a-m-university-texarkana/	Rank Math	301 Rank Math > /admissions/texas-a-m-university-texarkana/ | 200	https://gpacalculator.net/admissions/texas-a-m-university-texarkana/	200	1	
https://gpacalculator.net/admissions/texas-a-m-international-university/	301	https://gpacalculator.net/admissions/texas-a-and-m-international-university/	Rank Math	301 Rank Math > /admissions/texas-a-and-m-international-university/ | 200	https://gpacalculator.net/admissions/texas-a-and-m-international-university/	200	1	
https://gpacalculator.net/admissions/texas-a-m-university-college-station/	301	https://gpacalculator.net/admissions/texas-a-and-m-university-college-station/	Rank Math	301 Rank Math > /admissions/texas-a-and-m-university-college-station/ | 200	https://gpacalculator.net/admissions/texas-a-and-m-university-college-station/	200	1	
https://gpacalculator.net/admissions/texas-a-m-university-galveston/	301	https://gpacalculator.net/admissions/texas-a-and-m-university-college-station/	Rank Math	301 Rank Math > /admissions/texas-a-and-m-university-college-station/ | 200	https://gpacalculator.net/admissions/texas-a-and-m-university-college-station/	200	1	
https://gpacalculator.net/admissions/texas-a-m-university-system-office/	410			410	https://gpacalculator.net/admissions/texas-a-m-university-system-office/	410	0	
https://gpacalculator.net/admissions/texas-lutheran-university/	301	https://gpacalculator.net/admissions/texas-lutheran/	Rank Math	301 Rank Math > /admissions/texas-lutheran/ | 200	https://gpacalculator.net/admissions/texas-lutheran/	200	1	
https://gpacalculator.net/admissions/texas-state-technical-college-harlingen/	301	https://gpacalculator.net/admissions/texas-state-technical-college/	Rank Math	301 Rank Math > /admissions/texas-state-technical-college/ | 200	https://gpacalculator.net/admissions/texas-state-technical-college/	200	1	
https://gpacalculator.net/admissions/texas-state-technical-college-marshall/	301	https://gpacalculator.net/admissions/texas-state-technical-college/	Rank Math	301 Rank Math > /admissions/texas-state-technical-college/ | 200	https://gpacalculator.net/admissions/texas-state-technical-college/	200	1	
https://gpacalculator.net/admissions/texas-state-technical-college-waco/	301	https://gpacalculator.net/admissions/texas-state-technical-college/	Rank Math	301 Rank Math > /admissions/texas-state-technical-college/ | 200	https://gpacalculator.net/admissions/texas-state-technical-college/	200	1	
https://gpacalculator.net/admissions/texas-state-technical-college-west-texas/	301	https://gpacalculator.net/admissions/texas-state-technical-college/	Rank Math	301 Rank Math > /admissions/texas-state-technical-college/ | 200	https://gpacalculator.net/admissions/texas-state-technical-college/	200	1	
https://gpacalculator.net/admissions/texas-state-university-san-marcos/	301	https://gpacalculator.net/admissions/texas-state-university/	Rank Math	301 Rank Math > /admissions/texas-state-university/ | 200	https://gpacalculator.net/admissions/texas-state-university/	200	1	
https://gpacalculator.net/admissions/texas-tech-university-system-administration/	410			410	https://gpacalculator.net/admissions/texas-tech-university-system-administration/	410	0	
https://gpacalculator.net/admissions/texas-tech-university/	301	https://gpacalculator.net/admissions/texas-tech/	Rank Math	301 Rank Math > /admissions/texas-tech/ | 200	https://gpacalculator.net/admissions/texas-tech/	200	1	
https://gpacalculator.net/admissions/the-boston-conservatory/	301	https://gpacalculator.net/admissions/berklee-college-of-music/	Rank Math	301 Rank Math > /admissions/berklee-college-of-music/ | 200	https://gpacalculator.net/admissions/berklee-college-of-music/	200	1	
https://gpacalculator.net/admissions/the-college-of-new-rochelle/	404			404	https://gpacalculator.net/admissions/the-college-of-new-rochelle/	404	0	
https://gpacalculator.net/admissions/the-college-of-saint-rose/	404			404	https://gpacalculator.net/admissions/the-college-of-saint-rose/	404	0	
https://gpacalculator.net/admissions/the-creative-center/	410			410	https://gpacalculator.net/admissions/the-creative-center/	410	0	
https://gpacalculator.net/admissions/the-dickinson-school-of-law-of-the-pennsylvania-state-uni/	301	https://gpacalculator.net/admissions/pennsylvania-state-university-main-campus/	Rank Math	301 Rank Math > /admissions/pennsylvania-state-university-main-campus/ | 200	https://gpacalculator.net/admissions/pennsylvania-state-university-main-campus/	200	1	
https://gpacalculator.net/admissions/the-dickinson-school-of-law-of-the-pennsylvania-state-university/	301	https://gpacalculator.net/admissions/pennsylvania-state-university-main-campus/	Rank Math	301 Rank Math > /admissions/pennsylvania-state-university-main-campus/ | 200	https://gpacalculator.net/admissions/pennsylvania-state-university-main-campus/	200	1	
https://gpacalculator.net/admissions/the-illinois-institute-of-art-schaumburg/	410			410	https://gpacalculator.net/admissions/the-illinois-institute-of-art-schaumburg/	410	0	
https://gpacalculator.net/admissions/the-kings-college/	404			404	https://gpacalculator.net/admissions/the-kings-college/	404	0	
https://gpacalculator.net/admissions/the-national-hispanic-university/	410			410	https://gpacalculator.net/admissions/the-national-hispanic-university/	410	0	
https://gpacalculator.net/admissions/the-new-england-institute-of-art/	410			410	https://gpacalculator.net/admissions/the-new-england-institute-of-art/	410	0	
https://gpacalculator.net/admissions/the-texas-am-university-system-office/	410			410	https://gpacalculator.net/admissions/the-texas-am-university-system-office/	410	0	
https://gpacalculator.net/admissions/the-uni-of-texas-health-science-center-at-houston/	301	https://gpacalculator.net/admissions/uthealth-houston/	Rank Math	301 Rank Math > /admissions/uthealth-houston/ | 200	https://gpacalculator.net/admissions/uthealth-houston/	200	1	
https://gpacalculator.net/admissions/the-uni-of-texas-health-science-center-at-san-antonio/	301	https://gpacalculator.net/admissions/the-university-of-texas-health-science-center-at-san-antonio/	Rank Math	301 Rank Math > /admissions/the-university-of-texas-health-science-center-at-san-antonio/ | 200	https://gpacalculator.net/admissions/the-university-of-texas-health-science-center-at-san-antonio/	200	1	
https://gpacalculator.net/admissions/the-uni-of-texas-m-d-anderson-cancer-center/	301	https://gpacalculator.net/admissions/md-anderson-cancer-center/	Rank Math	301 Rank Math > /admissions/md-anderson-cancer-center/ | 200	https://gpacalculator.net/admissions/md-anderson-cancer-center/	200	1	
https://gpacalculator.net/admissions/the-university-of-alabama/	301	https://gpacalculator.net/admissions/alabama/	Rank Math	301 Rank Math > /admissions/alabama/ | 200	https://gpacalculator.net/admissions/alabama/	200	1	
https://gpacalculator.net/admissions/the-university-of-tennessee-chattanooga/	301	https://gpacalculator.net/admissions/the-university-of-tennessee-at-chattanooga/	Rank Math	301 Rank Math > /admissions/the-university-of-tennessee-at-chattanooga/ | 200	https://gpacalculator.net/admissions/the-university-of-tennessee-at-chattanooga/	200	1	
https://gpacalculator.net/admissions/the-university-of-tennessee-knoxville/	301	https://gpacalculator.net/admissions/the-university-of-tennessee/	Rank Math	301 Rank Math > /admissions/the-university-of-tennessee/ | 200	https://gpacalculator.net/admissions/the-university-of-tennessee/	200	1	
https://gpacalculator.net/admissions/the-university-of-texas-at-austin/	301	https://gpacalculator.net/admissions/ut-austin/	Rank Math	301 Rank Math > /admissions/ut-austin/ | 200	https://gpacalculator.net/admissions/ut-austin/	200	1	
https://gpacalculator.net/admissions/the-university-of-texas-at-dallas/	301	https://gpacalculator.net/admissions/ut-dallas/	Rank Math	301 Rank Math > /admissions/ut-dallas/ | 200	https://gpacalculator.net/admissions/ut-dallas/	200	1	
https://gpacalculator.net/admissions/the-university-of-texas-health-science-center-at-houston/	301	https://gpacalculator.net/admissions/uthealth-houston/	Rank Math	301 Rank Math > /admissions/uthealth-houston/ | 200	https://gpacalculator.net/admissions/uthealth-houston/	200	1	
https://gpacalculator.net/admissions/the-university-of-texas-md-anderson-cancer-center/	301	https://gpacalculator.net/admissions/md-anderson-cancer-center/	Rank Math	301 Rank Math > /admissions/md-anderson-cancer-center/ | 200	https://gpacalculator.net/admissions/md-anderson-cancer-center/	200	1	
https://gpacalculator.net/admissions/the-university-of-texas-medical-branch/	301	https://gpacalculator.net/admissions/university-of-texas-medical-branch/	Rank Math	301 Rank Math > /admissions/university-of-texas-medical-branch/ | 200	https://gpacalculator.net/admissions/university-of-texas-medical-branch/	200	1	
https://gpacalculator.net/admissions/the-university-of-texas-system-office/	410			410	https://gpacalculator.net/admissions/the-university-of-texas-system-office/	410	0	
https://gpacalculator.net/admissions/the-university-of-the-arts/	410			410	https://gpacalculator.net/admissions/the-university-of-the-arts/	410	0	
https://gpacalculator.net/admissions/the-university-of-west-los-angeles/	301	https://gpacalculator.net/admissions/university-of-west-los-angeles/	Rank Math	301 Rank Math > /admissions/university-of-west-los-angeles/ | 200	https://gpacalculator.net/admissions/university-of-west-los-angeles/	200	1	
https://gpacalculator.net/admissions/three-rivers-community-college-ct/	301	https://gpacalculator.net/admissions/connecticut-state-community-college/	Rank Math	301 Rank Math > /admissions/connecticut-state-community-college/ | 200	https://gpacalculator.net/admissions/connecticut-state-community-college/	200	1	
https://gpacalculator.net/admissions/transylvania-university/	301	https://gpacalculator.net/admissions/transylvania/	Rank Math	301 Rank Math > /admissions/transylvania/ | 200	https://gpacalculator.net/admissions/transylvania/	200	1	
https://gpacalculator.net/admissions/triangle-tech-inc-bethlehem/	404			404	https://gpacalculator.net/admissions/triangle-tech-inc-bethlehem/	404	0	
https://gpacalculator.net/admissions/triangle-tech-inc-dubois/	404			404	https://gpacalculator.net/admissions/triangle-tech-inc-dubois/	404	0	
https://gpacalculator.net/admissions/triangle-tech-inc-erie/	410			410	https://gpacalculator.net/admissions/triangle-tech-inc-erie/	410	0	
https://gpacalculator.net/admissions/triangle-tech-inc-greensburg/	404			404	https://gpacalculator.net/admissions/triangle-tech-inc-greensburg/	404	0	
https://gpacalculator.net/admissions/triangle-tech-inc-pittsburgh/	404			404	https://gpacalculator.net/admissions/triangle-tech-inc-pittsburgh/	404	0	
https://gpacalculator.net/admissions/triangle-tech-inc-sunbury/	404			404	https://gpacalculator.net/admissions/triangle-tech-inc-sunbury/	404	0	
https://gpacalculator.net/admissions/trident-university-international/	410			410	https://gpacalculator.net/admissions/trident-university-international/	410	0	
https://gpacalculator.net/admissions/trine-uni-regionalnon-traditional-campuses/	301	https://gpacalculator.net/admissions/trine-university-regionalnon-traditional-campuses/	Rank Math	301 Rank Math > /admissions/trine-university-regionalnon-traditional-campuses/ | 200	https://gpacalculator.net/admissions/trine-university-regionalnon-traditional-campuses/	200	1	
https://gpacalculator.net/admissions/trine-university-south-bend-regional-campus/	301	https://gpacalculator.net/admissions/trine-university-regionalnon-traditional-campuses/	Rank Math	301 Rank Math > /admissions/trine-university-regionalnon-traditional-campuses/ | 200	https://gpacalculator.net/admissions/trine-university-regionalnon-traditional-campuses/	200	1	
https://gpacalculator.net/admissions/trinity-international-university-florida/	410			410	https://gpacalculator.net/admissions/trinity-international-university-florida/	410	0	
https://gpacalculator.net/admissions/truman-state-university/	301	https://gpacalculator.net/admissions/truman-state/	Rank Math	301 Rank Math > /admissions/truman-state/ | 200	https://gpacalculator.net/admissions/truman-state/	200	1	
https://gpacalculator.net/admissions/trumbull-business-college/	410			410	https://gpacalculator.net/admissions/trumbull-business-college/	410	0	
https://gpacalculator.net/admissions/tufts-university/	301	https://gpacalculator.net/admissions/tufts/	Rank Math	301 Rank Math > /admissions/tufts/ | 200	https://gpacalculator.net/admissions/tufts/	200	1	
https://gpacalculator.net/admissions/tunxis-community-college/	301	https://gpacalculator.net/admissions/connecticut-state-community-college/	Rank Math	301 Rank Math > /admissions/connecticut-state-community-college/ | 200	https://gpacalculator.net/admissions/connecticut-state-community-college/	200	1	
https://gpacalculator.net/admissions/uni-of-arkansas-community-college-batesville/	301	https://gpacalculator.net/admissions/university-of-arkansas-community-college-batesville/	Rank Math	301 Rank Math > /admissions/university-of-arkansas-community-college-batesville/ | 200	https://gpacalculator.net/admissions/university-of-arkansas-community-college-batesville/	200	1	
https://gpacalculator.net/admissions/uni-of-arkansas-community-college-morrilton/	301	https://gpacalculator.net/admissions/university-of-arkansas-community-college-morrilton/	Rank Math	301 Rank Math > /admissions/university-of-arkansas-community-college-morrilton/ | 200	https://gpacalculator.net/admissions/university-of-arkansas-community-college-morrilton/	200	1	
https://gpacalculator.net/admissions/uni-of-california-system-administration-central-office/	410			410	https://gpacalculator.net/admissions/uni-of-california-system-administration-central-office/	410	0	
https://gpacalculator.net/admissions/uni-of-massachusetts-medical-school-worcester/	301	https://gpacalculator.net/admissions/umass-chan-medical-school/	Rank Math	301 Rank Math > /admissions/umass-chan-medical-school/ | 200	https://gpacalculator.net/admissions/umass-chan-medical-school/	200	1	
https://gpacalculator.net/admissions/uni-of-medicine-and-dentistry-of-new-jersey/	410			410	https://gpacalculator.net/admissions/uni-of-medicine-and-dentistry-of-new-jersey/	410	0	
https://gpacalculator.net/admissions/uni-of-montana-helena-college-of-technology/	301	https://gpacalculator.net/admissions/university-of-montana-helena-college-of-technology/	Rank Math	301 Rank Math > /admissions/university-of-montana-helena-college-of-technology/ | 200	https://gpacalculator.net/admissions/university-of-montana-helena-college-of-technology/	200	1	
https://gpacalculator.net/admissions/uni-of-nebraska-central-administration-system-office/	410			410	https://gpacalculator.net/admissions/uni-of-nebraska-central-administration-system-office/	410	0	
https://gpacalculator.net/admissions/uni-of-the-dc-david-a-clarke-school-of-law/	301	https://gpacalculator.net/admissions/university-of-the-district-of-columbia/	Rank Math	301 Rank Math > /admissions/university-of-the-district-of-columbia/ | 200	https://gpacalculator.net/admissions/university-of-the-district-of-columbia/	200	1	
https://gpacalculator.net/admissions/union-institute-and-university/	301	https://gpacalculator.net/admissions/union-institute-university/	Rank Math	301 Rank Math > /admissions/union-institute-university/ | 410	https://gpacalculator.net/admissions/union-institute-university/	410	1	
https://gpacalculator.net/admissions/union-institute-university/	410			410	https://gpacalculator.net/admissions/union-institute-university/	410	0	
https://gpacalculator.net/admissions/union-university/	301	https://gpacalculator.net/admissions/union/	Rank Math	301 Rank Math > /admissions/union/ | 200	https://gpacalculator.net/admissions/union/	200	1	
https://gpacalculator.net/admissions/university-of-alabama-at-birmingham/	301	https://gpacalculator.net/admissions/uab/	Rank Math	301 Rank Math > /admissions/uab/ | 200	https://gpacalculator.net/admissions/uab/	200	1	
https://gpacalculator.net/admissions/university-of-alabama-at-huntsville/	301	https://gpacalculator.net/admissions/uah/	Rank Math	301 Rank Math > /admissions/uah/ | 200	https://gpacalculator.net/admissions/uah/	200	1	
https://gpacalculator.net/admissions/university-of-alabama-in-huntsville/	301	https://gpacalculator.net/admissions/uah/	Rank Math	301 Rank Math > /admissions/uah/ | 200	https://gpacalculator.net/admissions/uah/	200	1	
https://gpacalculator.net/admissions/university-of-alabama-system-office/	410			410	https://gpacalculator.net/admissions/university-of-alabama-system-office/	410	0	
https://gpacalculator.net/admissions/university-of-alaska-system-of-higher-education/	410			410	https://gpacalculator.net/admissions/university-of-alaska-system-of-higher-education/	410	0	
https://gpacalculator.net/admissions/university-of-antelope-valley/	410			410	https://gpacalculator.net/admissions/university-of-antelope-valley/	410	0	
https://gpacalculator.net/admissions/university-of-arkansas-system-office/	410			410	https://gpacalculator.net/admissions/university-of-arkansas-system-office/	410	0	
https://gpacalculator.net/admissions/university-of-california-berkeley/	301	https://gpacalculator.net/admissions/uc-berkeley/	Rank Math	301 Rank Math > /admissions/uc-berkeley/ | 200	https://gpacalculator.net/admissions/uc-berkeley/	200	1	
https://gpacalculator.net/admissions/university-of-california-davis/	301	https://gpacalculator.net/admissions/uc-davis/	Rank Math	301 Rank Math > /admissions/uc-davis/ | 200	https://gpacalculator.net/admissions/uc-davis/	200	1	
https://gpacalculator.net/admissions/university-of-california-hastings-college-of-law/	301	https://gpacalculator.net/admissions/uc-law-san-francisco/	Rank Math	301 Rank Math > /admissions/uc-law-san-francisco/ | 200	https://gpacalculator.net/admissions/uc-law-san-francisco/	200	1	
https://gpacalculator.net/admissions/university-of-california-irvine/	301	https://gpacalculator.net/admissions/uc-irvine/	Rank Math	301 Rank Math > /admissions/uc-irvine/ | 200	https://gpacalculator.net/admissions/uc-irvine/	200	1	
https://gpacalculator.net/admissions/university-of-california-los-angeles/	301	https://gpacalculator.net/admissions/ucla/	Rank Math	301 Rank Math > /admissions/ucla/ | 200	https://gpacalculator.net/admissions/ucla/	200	1	
https://gpacalculator.net/admissions/university-of-california-riverside/	301	https://gpacalculator.net/admissions/uc-riverside/	Rank Math	301 Rank Math > /admissions/uc-riverside/ | 200	https://gpacalculator.net/admissions/uc-riverside/	200	1	
https://gpacalculator.net/admissions/university-of-california-san-diego/	301	https://gpacalculator.net/admissions/uc-san-diego/	Rank Math	301 Rank Math > /admissions/uc-san-diego/ | 200	https://gpacalculator.net/admissions/uc-san-diego/	200	1	
https://gpacalculator.net/admissions/university-of-california-san-francisco/	301	https://gpacalculator.net/admissions/uc-san-francisco/	Rank Math	301 Rank Math > /admissions/uc-san-francisco/ | 200	https://gpacalculator.net/admissions/uc-san-francisco/	200	1	
https://gpacalculator.net/admissions/university-of-california-santa-barbara/	301	https://gpacalculator.net/admissions/uc-santa-barbara/	Rank Math	301 Rank Math > /admissions/uc-santa-barbara/ | 200	https://gpacalculator.net/admissions/uc-santa-barbara/	200	1	
https://gpacalculator.net/admissions/university-of-california-system-administration-central-office/	410			410	https://gpacalculator.net/admissions/university-of-california-system-administration-central-office/	410	0	
https://gpacalculator.net/admissions/university-of-chicago/	301	https://gpacalculator.net/admissions/chicago/	Rank Math	301 Rank Math > /admissions/chicago/ | 200	https://gpacalculator.net/admissions/chicago/	200	1	
https://gpacalculator.net/admissions/university-of-cincinnati-blue-ash-college/	301	https://gpacalculator.net/admissions/university-of-cincinnati-raymond-walters-college/	Rank Math	301 Rank Math > /admissions/university-of-cincinnati-raymond-walters-college/ | 200	https://gpacalculator.net/admissions/university-of-cincinnati-raymond-walters-college/	200	1	
https://gpacalculator.net/admissions/university-of-colorado-system-office/	410			410	https://gpacalculator.net/admissions/university-of-colorado-system-office/	410	0	
https://gpacalculator.net/admissions/university-of-dallas/	301	https://gpacalculator.net/admissions/dallas/	Rank Math	301 Rank Math > /admissions/dallas/ | 200	https://gpacalculator.net/admissions/dallas/	200	1	
https://gpacalculator.net/admissions/university-of-dayton/	301	https://gpacalculator.net/admissions/dayton/	Rank Math	301 Rank Math > /admissions/dayton/ | 200	https://gpacalculator.net/admissions/dayton/	200	1	
https://gpacalculator.net/admissions/university-of-delaware/	301	https://gpacalculator.net/admissions/delaware/	Rank Math	301 Rank Math > /admissions/delaware/ | 200	https://gpacalculator.net/admissions/delaware/	200	1	
https://gpacalculator.net/admissions/university-of-florida/	301	https://gpacalculator.net/admissions/florida/	Rank Math	301 Rank Math > /admissions/florida/ | 200	https://gpacalculator.net/admissions/florida/	200	1	
https://gpacalculator.net/admissions/university-of-georgia/	301	https://gpacalculator.net/admissions/georgia/	Rank Math	301 Rank Math > /admissions/georgia/ | 200	https://gpacalculator.net/admissions/georgia/	200	1	
https://gpacalculator.net/admissions/university-of-hawaii-system-office/	410			410	https://gpacalculator.net/admissions/university-of-hawaii-system-office/	410	0	
https://gpacalculator.net/admissions/university-of-houston-system-administration/	410			410	https://gpacalculator.net/admissions/university-of-houston-system-administration/	410	0	
https://gpacalculator.net/admissions/university-of-illinois-at-urbana-champaign/	301	https://gpacalculator.net/admissions/uiuc/	Rank Math	301 Rank Math > /admissions/uiuc/ | 200	https://gpacalculator.net/admissions/uiuc/	200	1	
https://gpacalculator.net/admissions/university-of-illinois-university-administration/	410			410	https://gpacalculator.net/admissions/university-of-illinois-university-administration/	410	0	
https://gpacalculator.net/admissions/university-of-iowa/	301	https://gpacalculator.net/admissions/iowa/	Rank Math	301 Rank Math > /admissions/iowa/ | 200	https://gpacalculator.net/admissions/iowa/	200	1	
https://gpacalculator.net/admissions/university-of-louisiana-at-monroe/	301	https://gpacalculator.net/admissions/university-of-louisiana-monroe/	Rank Math	301 Rank Math > /admissions/university-of-louisiana-monroe/ | 200	https://gpacalculator.net/admissions/university-of-louisiana-monroe/	200	1	
https://gpacalculator.net/admissions/university-of-louisiana-system-administration/	410			410	https://gpacalculator.net/admissions/university-of-louisiana-system-administration/	410	0	
https://gpacalculator.net/admissions/university-of-maine-at-machias/	301	https://gpacalculator.net/admissions/university-of-maine/	Rank Math	301 Rank Math > /admissions/university-of-maine/ | 200	https://gpacalculator.net/admissions/university-of-maine/	200	1	
https://gpacalculator.net/admissions/university-of-maine-system-central-office/	410			410	https://gpacalculator.net/admissions/university-of-maine-system-central-office/	410	0	
https://gpacalculator.net/admissions/university-of-management-and-technology/	301	https://gpacalculator.net/admissions/university-of-management-and-technology-the/	Rank Math	301 Rank Math > /admissions/university-of-management-and-technology-the/ | 200	https://gpacalculator.net/admissions/university-of-management-and-technology-the/	200	1	
https://gpacalculator.net/admissions/university-of-maryland-baltimore-county/	301	https://gpacalculator.net/admissions/umbc/	Rank Math	301 Rank Math > /admissions/umbc/ | 200	https://gpacalculator.net/admissions/umbc/	200	1	
https://gpacalculator.net/admissions/university-of-maryland-college-park/	301	https://gpacalculator.net/admissions/umd/	Rank Math	301 Rank Math > /admissions/umd/ | 200	https://gpacalculator.net/admissions/umd/	200	1	
https://gpacalculator.net/admissions/university-of-massachusetts-amherst/	301	https://gpacalculator.net/admissions/umass-amherst/	Rank Math	301 Rank Math > /admissions/umass-amherst/ | 200	https://gpacalculator.net/admissions/umass-amherst/	200	1	
https://gpacalculator.net/admissions/university-of-massachusetts-central-office/	410			410	https://gpacalculator.net/admissions/university-of-massachusetts-central-office/	410	0	
https://gpacalculator.net/admissions/university-of-massachusetts-medical-school-worcester/	301	https://gpacalculator.net/admissions/umass-chan-medical-school/	Rank Math	301 Rank Math > /admissions/umass-chan-medical-school/ | 200	https://gpacalculator.net/admissions/umass-chan-medical-school/	200	1	
https://gpacalculator.net/admissions/university-of-medicine-and-dentistry-of-new-jersey/	410			410	https://gpacalculator.net/admissions/university-of-medicine-and-dentistry-of-new-jersey/	410	0	
https://gpacalculator.net/admissions/university-of-michigan-ann-arbor/	301	https://gpacalculator.net/admissions/michigan/	Rank Math	301 Rank Math > /admissions/michigan/ | 200	https://gpacalculator.net/admissions/michigan/	200	1	
https://gpacalculator.net/admissions/university-of-minnesota-twin-cities/	404			404	https://gpacalculator.net/admissions/university-of-minnesota-twin-cities/	404	0	
https://gpacalculator.net/admissions/university-of-mississippi-medical-center/	301	https://gpacalculator.net/admissions/university-of-mississippi/	Rank Math	301 Rank Math > /admissions/university-of-mississippi/ | 200	https://gpacalculator.net/admissions/university-of-mississippi/	200	1	
https://gpacalculator.net/admissions/university-of-missouri-system-office/	410			410	https://gpacalculator.net/admissions/university-of-missouri-system-office/	410	0	
https://gpacalculator.net/admissions/university-of-missouri-systems-office/	410			410	https://gpacalculator.net/admissions/university-of-missouri-systems-office/	410	0	
https://gpacalculator.net/admissions/university-of-nebraska-central-administration-system-office/	410			410	https://gpacalculator.net/admissions/university-of-nebraska-central-administration-system-office/	410	0	
https://gpacalculator.net/admissions/university-of-new-hampshire-school-of-law/	301	https://gpacalculator.net/admissions/university-of-new-hampshire-main-campus/	Rank Math	301 Rank Math > /admissions/university-of-new-hampshire-main-campus/ | 200	https://gpacalculator.net/admissions/university-of-new-hampshire-main-campus/	200	1	
https://gpacalculator.net/admissions/university-of-north-carolina-at-chapel-hill/	301	https://gpacalculator.net/admissions/unc/	Rank Math	301 Rank Math > /admissions/unc/ | 200	https://gpacalculator.net/admissions/unc/	200	1	
https://gpacalculator.net/admissions/university-of-north-carolina-system-office/	410			410	https://gpacalculator.net/admissions/university-of-north-carolina-system-office/	410	0	
https://gpacalculator.net/admissions/university-of-north-carolina-wilmington/	301	https://gpacalculator.net/admissions/university-of-north-carolina-at-wilmington/	Rank Math	301 Rank Math > /admissions/university-of-north-carolina-at-wilmington/ | 200	https://gpacalculator.net/admissions/university-of-north-carolina-at-wilmington/	200	1	
https://gpacalculator.net/admissions/university-of-north-florida/	301	https://gpacalculator.net/admissions/north-florida/	Rank Math	301 Rank Math > /admissions/north-florida/ | 200	https://gpacalculator.net/admissions/north-florida/	200	1	
https://gpacalculator.net/admissions/university-of-north-texas-health-science-center/	301	https://gpacalculator.net/admissions/unt-health-fort-worth/	Rank Math	301 Rank Math > /admissions/unt-health-fort-worth/ | 200	https://gpacalculator.net/admissions/unt-health-fort-worth/	200	1	
https://gpacalculator.net/admissions/university-of-north-texas-system/	410			410	https://gpacalculator.net/admissions/university-of-north-texas-system/	410	0	
https://gpacalculator.net/admissions/university-of-notre-dame/	301	https://gpacalculator.net/admissions/notre-dame/	Rank Math	301 Rank Math > /admissions/notre-dame/ | 200	https://gpacalculator.net/admissions/notre-dame/	200	1	
https://gpacalculator.net/admissions/university-of-oklahoma-health-sciences-center/	301	https://gpacalculator.net/admissions/university-of-oklahoma-norman-campus/	Rank Math	301 Rank Math > /admissions/university-of-oklahoma-norman-campus/ | 200	https://gpacalculator.net/admissions/university-of-oklahoma-norman-campus/	200	1	
https://gpacalculator.net/admissions/university-of-pennsylvania/	301	https://gpacalculator.net/admissions/upenn/	Rank Math	301 Rank Math > /admissions/upenn/ | 200	https://gpacalculator.net/admissions/upenn/	200	1	
https://gpacalculator.net/admissions/university-of-phoenix-albuquerque-campus/	410			410	https://gpacalculator.net/admissions/university-of-phoenix-albuquerque-campus/	410	0	
https://gpacalculator.net/admissions/university-of-phoenix-atlanta-campus/	410			410	https://gpacalculator.net/admissions/university-of-phoenix-atlanta-campus/	410	0	
https://gpacalculator.net/admissions/university-of-phoenix-augusta-campus/	410			410	https://gpacalculator.net/admissions/university-of-phoenix-augusta-campus/	410	0	
https://gpacalculator.net/admissions/university-of-phoenix-austin-campus/	301	https://gpacalculator.net/admissions/university-of-phoenix/	Rank Math	301 Rank Math > /admissions/university-of-phoenix/ | 200	https://gpacalculator.net/admissions/university-of-phoenix/	200	1	
https://gpacalculator.net/admissions/university-of-phoenix-baton-rouge/	410			410	https://gpacalculator.net/admissions/university-of-phoenix-baton-rouge/	410	0	
https://gpacalculator.net/admissions/university-of-phoenix-bay-area-campus/	301	https://gpacalculator.net/admissions/university-of-phoenix/	Rank Math	301 Rank Math > /admissions/university-of-phoenix/ | 200	https://gpacalculator.net/admissions/university-of-phoenix/	200	1	
https://gpacalculator.net/admissions/university-of-phoenix-birmingham-campus/	410			410	https://gpacalculator.net/admissions/university-of-phoenix-birmingham-campus/	410	0	
https://gpacalculator.net/admissions/university-of-phoenix-boston-campus/	410			410	https://gpacalculator.net/admissions/university-of-phoenix-boston-campus/	410	0	
https://gpacalculator.net/admissions/university-of-phoenix-central-florida-campus/	410			410	https://gpacalculator.net/admissions/university-of-phoenix-central-florida-campus/	410	0	
https://gpacalculator.net/admissions/university-of-phoenix-central-valley-campus/	301	https://gpacalculator.net/admissions/university-of-phoenix/	Rank Math	301 Rank Math > /admissions/university-of-phoenix/ | 200	https://gpacalculator.net/admissions/university-of-phoenix/	200	1	
https://gpacalculator.net/admissions/university-of-phoenix-charlotte-campus/	410			410	https://gpacalculator.net/admissions/university-of-phoenix-charlotte-campus/	410	0	
https://gpacalculator.net/admissions/university-of-phoenix-chattanooga-campus/	410			410	https://gpacalculator.net/admissions/university-of-phoenix-chattanooga-campus/	410	0	
https://gpacalculator.net/admissions/university-of-phoenix-cheyenne-campus/	410			410	https://gpacalculator.net/admissions/university-of-phoenix-cheyenne-campus/	410	0	
https://gpacalculator.net/admissions/university-of-phoenix-chicago-campus/	410			410	https://gpacalculator.net/admissions/university-of-phoenix-chicago-campus/	410	0	
https://gpacalculator.net/admissions/university-of-phoenix-cincinnati-campus/	410			410	https://gpacalculator.net/admissions/university-of-phoenix-cincinnati-campus/	410	0	
https://gpacalculator.net/admissions/university-of-phoenix-cleveland-campus/	410			410	https://gpacalculator.net/admissions/university-of-phoenix-cleveland-campus/	410	0	
https://gpacalculator.net/admissions/university-of-phoenix-colorado-campus/	410			410	https://gpacalculator.net/admissions/university-of-phoenix-colorado-campus/	410	0	
https://gpacalculator.net/admissions/university-of-phoenix-columbia-campus/	410			410	https://gpacalculator.net/admissions/university-of-phoenix-columbia-campus/	410	0	
https://gpacalculator.net/admissions/university-of-phoenix-columbus-georgia-campus/	410			410	https://gpacalculator.net/admissions/university-of-phoenix-columbus-georgia-campus/	410	0	
https://gpacalculator.net/admissions/university-of-phoenix-columbus-ohio-campus/	410			410	https://gpacalculator.net/admissions/university-of-phoenix-columbus-ohio-campus/	410	0	
https://gpacalculator.net/admissions/university-of-phoenix-dallas-campus/	301	https://gpacalculator.net/admissions/university-of-phoenix/	Rank Math	301 Rank Math > /admissions/university-of-phoenix/ | 200	https://gpacalculator.net/admissions/university-of-phoenix/	200	1	
https://gpacalculator.net/admissions/university-of-phoenix-delaware/	410			410	https://gpacalculator.net/admissions/university-of-phoenix-delaware/	410	0	
https://gpacalculator.net/admissions/university-of-phoenix-des-moines-campus/	410			410	https://gpacalculator.net/admissions/university-of-phoenix-des-moines-campus/	410	0	
https://gpacalculator.net/admissions/university-of-phoenix-fairfield-county-campus/	410			410	https://gpacalculator.net/admissions/university-of-phoenix-fairfield-county-campus/	410	0	
https://gpacalculator.net/admissions/university-of-phoenix-harrisburg-campus/	410			410	https://gpacalculator.net/admissions/university-of-phoenix-harrisburg-campus/	410	0	
https://gpacalculator.net/admissions/university-of-phoenix-hawaii-campus/	404			404	https://gpacalculator.net/admissions/university-of-phoenix-hawaii-campus/	404	0	
https://gpacalculator.net/admissions/university-of-phoenix-houston-campus/	301	https://gpacalculator.net/admissions/university-of-phoenix/	Rank Math	301 Rank Math > /admissions/university-of-phoenix/ | 200	https://gpacalculator.net/admissions/university-of-phoenix/	200	1	
https://gpacalculator.net/admissions/university-of-phoenix-indianapolis-campus/	410			410	https://gpacalculator.net/admissions/university-of-phoenix-indianapolis-campus/	410	0	
https://gpacalculator.net/admissions/university-of-phoenix-jackson-campus/	410			410	https://gpacalculator.net/admissions/university-of-phoenix-jackson-campus/	410	0	
https://gpacalculator.net/admissions/university-of-phoenix-jersey-city-campus/	410			410	https://gpacalculator.net/admissions/university-of-phoenix-jersey-city-campus/	410	0	
https://gpacalculator.net/admissions/university-of-phoenix-kansas-city-campus/	410			410	https://gpacalculator.net/admissions/university-of-phoenix-kansas-city-campus/	410	0	
https://gpacalculator.net/admissions/university-of-phoenix-knoxville/	410			410	https://gpacalculator.net/admissions/university-of-phoenix-knoxville/	410	0	
https://gpacalculator.net/admissions/university-of-phoenix-lafayette/	410			410	https://gpacalculator.net/admissions/university-of-phoenix-lafayette/	410	0	
https://gpacalculator.net/admissions/university-of-phoenix-las-vegas-campus/	410			410	https://gpacalculator.net/admissions/university-of-phoenix-las-vegas-campus/	410	0	
https://gpacalculator.net/admissions/university-of-phoenix-little-rock-campus/	410			410	https://gpacalculator.net/admissions/university-of-phoenix-little-rock-campus/	410	0	
https://gpacalculator.net/admissions/university-of-phoenix-louisiana-campus/	410			410	https://gpacalculator.net/admissions/university-of-phoenix-louisiana-campus/	410	0	
https://gpacalculator.net/admissions/university-of-phoenix-louisville-campus/	410			410	https://gpacalculator.net/admissions/university-of-phoenix-louisville-campus/	410	0	
https://gpacalculator.net/admissions/university-of-phoenix-madison-campus/	410			410	https://gpacalculator.net/admissions/university-of-phoenix-madison-campus/	410	0	
https://gpacalculator.net/admissions/university-of-phoenix-maryland-campus/	410			410	https://gpacalculator.net/admissions/university-of-phoenix-maryland-campus/	410	0	
https://gpacalculator.net/admissions/university-of-phoenix-memphis-campus/	410			410	https://gpacalculator.net/admissions/university-of-phoenix-memphis-campus/	410	0	
https://gpacalculator.net/admissions/university-of-phoenix-metro-detroit-campus/	410			410	https://gpacalculator.net/admissions/university-of-phoenix-metro-detroit-campus/	410	0	
https://gpacalculator.net/admissions/university-of-phoenix-milwaukee-campus/	410			410	https://gpacalculator.net/admissions/university-of-phoenix-milwaukee-campus/	410	0	
https://gpacalculator.net/admissions/university-of-phoenix-minneapolis-st-paul-campus/	410			410	https://gpacalculator.net/admissions/university-of-phoenix-minneapolis-st-paul-campus/	410	0	
https://gpacalculator.net/admissions/university-of-phoenix-minneapolisst-paul-campus/	301	https://gpacalculator.net/admissions/university-of-phoenix-minneapolis-st-paul-campus/	Rank Math	301 Rank Math > /admissions/university-of-phoenix-minneapolis-st-paul-campus/ | 410	https://gpacalculator.net/admissions/university-of-phoenix-minneapolis-st-paul-campus/	410	1	
https://gpacalculator.net/admissions/university-of-phoenix-nashville-campus/	410			410	https://gpacalculator.net/admissions/university-of-phoenix-nashville-campus/	410	0	
https://gpacalculator.net/admissions/university-of-phoenix-north-florida-campus/	410			410	https://gpacalculator.net/admissions/university-of-phoenix-north-florida-campus/	410	0	
https://gpacalculator.net/admissions/university-of-phoenix-northern-nevada-campus/	410			410	https://gpacalculator.net/admissions/university-of-phoenix-northern-nevada-campus/	410	0	
https://gpacalculator.net/admissions/university-of-phoenix-northern-virginia-campus/	410			410	https://gpacalculator.net/admissions/university-of-phoenix-northern-virginia-campus/	410	0	
https://gpacalculator.net/admissions/university-of-phoenix-northwest-arkansas-campus/	410			410	https://gpacalculator.net/admissions/university-of-phoenix-northwest-arkansas-campus/	410	0	
https://gpacalculator.net/admissions/university-of-phoenix-northwest-indiana-campus/	410			410	https://gpacalculator.net/admissions/university-of-phoenix-northwest-indiana-campus/	410	0	
https://gpacalculator.net/admissions/university-of-phoenix-oklahoma-city-campus/	410			410	https://gpacalculator.net/admissions/university-of-phoenix-oklahoma-city-campus/	410	0	
https://gpacalculator.net/admissions/university-of-phoenix-omaha-campus/	410			410	https://gpacalculator.net/admissions/university-of-phoenix-omaha-campus/	410	0	
https://gpacalculator.net/admissions/university-of-phoenix-online-campus/	301	https://gpacalculator.net/admissions/university-of-phoenix/	Rank Math	301 Rank Math > /admissions/university-of-phoenix/ | 200	https://gpacalculator.net/admissions/university-of-phoenix/	200	1	
https://gpacalculator.net/admissions/university-of-phoenix-oregon-campus/	410			410	https://gpacalculator.net/admissions/university-of-phoenix-oregon-campus/	410	0	
https://gpacalculator.net/admissions/university-of-phoenix-philadelphia-campus/	410			410	https://gpacalculator.net/admissions/university-of-phoenix-philadelphia-campus/	410	0	
https://gpacalculator.net/admissions/university-of-phoenix-phoenix-campus/	404			404	https://gpacalculator.net/admissions/university-of-phoenix-phoenix-campus/	404	0	
https://gpacalculator.net/admissions/university-of-phoenix-phoenix-hohokam-campus/	301	https://gpacalculator.net/admissions/university-of-phoenix/	Rank Math	301 Rank Math > /admissions/university-of-phoenix/ | 200	https://gpacalculator.net/admissions/university-of-phoenix/	200	1	
https://gpacalculator.net/admissions/university-of-phoenix-pittsburgh-campus/	410			410	https://gpacalculator.net/admissions/university-of-phoenix-pittsburgh-campus/	410	0	
https://gpacalculator.net/admissions/university-of-phoenix-raleigh-campus/	410			410	https://gpacalculator.net/admissions/university-of-phoenix-raleigh-campus/	410	0	
https://gpacalculator.net/admissions/university-of-phoenix-richmond-campus/	410			410	https://gpacalculator.net/admissions/university-of-phoenix-richmond-campus/	410	0	
https://gpacalculator.net/admissions/university-of-phoenix-richmond-virginia-beach-campus/	410			410	https://gpacalculator.net/admissions/university-of-phoenix-richmond-virginia-beach-campus/	410	0	
https://gpacalculator.net/admissions/university-of-phoenix-sacramento-valley-campus/	301	https://gpacalculator.net/admissions/university-of-phoenix/	Rank Math	301 Rank Math > /admissions/university-of-phoenix/ | 200	https://gpacalculator.net/admissions/university-of-phoenix/	200	1	
https://gpacalculator.net/admissions/university-of-phoenix-san-antonio-campus/	301	https://gpacalculator.net/admissions/university-of-phoenix/	Rank Math	301 Rank Math > /admissions/university-of-phoenix/ | 200	https://gpacalculator.net/admissions/university-of-phoenix/	200	1	
https://gpacalculator.net/admissions/university-of-phoenix-san-diego-campus/	301	https://gpacalculator.net/admissions/university-of-phoenix/	Rank Math	301 Rank Math > /admissions/university-of-phoenix/ | 200	https://gpacalculator.net/admissions/university-of-phoenix/	200	1	
https://gpacalculator.net/admissions/university-of-phoenix-savannah-campus/	410			410	https://gpacalculator.net/admissions/university-of-phoenix-savannah-campus/	410	0	
https://gpacalculator.net/admissions/university-of-phoenix-shreveport-bossier/	410			410	https://gpacalculator.net/admissions/university-of-phoenix-shreveport-bossier/	410	0	
https://gpacalculator.net/admissions/university-of-phoenix-south-florida-campus/	410			410	https://gpacalculator.net/admissions/university-of-phoenix-south-florida-campus/	410	0	
https://gpacalculator.net/admissions/university-of-phoenix-southern-arizona-campus/	301	https://gpacalculator.net/admissions/university-of-phoenix/	Rank Math	301 Rank Math > /admissions/university-of-phoenix/ | 200	https://gpacalculator.net/admissions/university-of-phoenix/	200	1	
https://gpacalculator.net/admissions/university-of-phoenix-southern-california-campus/	301	https://gpacalculator.net/admissions/university-of-phoenix/	Rank Math	301 Rank Math > /admissions/university-of-phoenix/ | 200	https://gpacalculator.net/admissions/university-of-phoenix/	200	1	
https://gpacalculator.net/admissions/university-of-phoenix-southern-colorado-campus/	410			410	https://gpacalculator.net/admissions/university-of-phoenix-southern-colorado-campus/	410	0	
https://gpacalculator.net/admissions/university-of-phoenix-springfield-campus/	410			410	https://gpacalculator.net/admissions/university-of-phoenix-springfield-campus/	410	0	
https://gpacalculator.net/admissions/university-of-phoenix-st-louis-campus/	410			410	https://gpacalculator.net/admissions/university-of-phoenix-st-louis-campus/	410	0	
https://gpacalculator.net/admissions/university-of-phoenix-tulsa-campus/	410			410	https://gpacalculator.net/admissions/university-of-phoenix-tulsa-campus/	410	0	
https://gpacalculator.net/admissions/university-of-phoenix-utah-campus/	410			410	https://gpacalculator.net/admissions/university-of-phoenix-utah-campus/	410	0	
https://gpacalculator.net/admissions/university-of-phoenix-washington-dc-campus/	410			410	https://gpacalculator.net/admissions/university-of-phoenix-washington-dc-campus/	410	0	
https://gpacalculator.net/admissions/university-of-phoenix-west-florida-campus/	410			410	https://gpacalculator.net/admissions/university-of-phoenix-west-florida-campus/	410	0	
https://gpacalculator.net/admissions/university-of-phoenix-west-michigan-campus/	410			410	https://gpacalculator.net/admissions/university-of-phoenix-west-michigan-campus/	410	0	
https://gpacalculator.net/admissions/university-of-phoenix-western-washington-campus/	410			410	https://gpacalculator.net/admissions/university-of-phoenix-western-washington-campus/	410	0	
https://gpacalculator.net/admissions/university-of-phoenix-wichita-campus/	410			410	https://gpacalculator.net/admissions/university-of-phoenix-wichita-campus/	410	0	
https://gpacalculator.net/admissions/university-of-pittsburgh-pittsburgh-campus/	301	https://gpacalculator.net/admissions/pitt/	Rank Math	301 Rank Math > /admissions/pitt/ | 200	https://gpacalculator.net/admissions/pitt/	200	1	
https://gpacalculator.net/admissions/university-of-saint-katherine/	410			410	https://gpacalculator.net/admissions/university-of-saint-katherine/	410	0	
https://gpacalculator.net/admissions/university-of-san-diego/	301	https://gpacalculator.net/admissions/san-diego/	Rank Math	301 Rank Math > /admissions/san-diego/ | 200	https://gpacalculator.net/admissions/san-diego/	200	1	
https://gpacalculator.net/admissions/university-of-sioux-falls/	301	https://gpacalculator.net/admissions/sioux-falls/	Rank Math	301 Rank Math > /admissions/sioux-falls/ | 200	https://gpacalculator.net/admissions/sioux-falls/	200	1	
https://gpacalculator.net/admissions/university-of-south-carolina-beaufort/	301	https://gpacalculator.net/admissions/sc-beaufort/	Rank Math	301 Rank Math > /admissions/sc-beaufort/ | 200	https://gpacalculator.net/admissions/sc-beaufort/	200	1	
https://gpacalculator.net/admissions/university-of-south-florida-polytechnic/	301	https://gpacalculator.net/admissions/florida-polytechnic-university/	Rank Math	301 Rank Math > /admissions/florida-polytechnic-university/ | 200	https://gpacalculator.net/admissions/florida-polytechnic-university/	200	1	
https://gpacalculator.net/admissions/university-of-south-florida-sarasota-manatee/	301	https://gpacalculator.net/admissions/university-of-south-florida-main-campus/	Rank Math	301 Rank Math > /admissions/university-of-south-florida-main-campus/ | 200	https://gpacalculator.net/admissions/university-of-south-florida-main-campus/	200	1	
https://gpacalculator.net/admissions/university-of-south-florida-st-petersburg-campus/	301	https://gpacalculator.net/admissions/university-of-south-florida-main-campus/	Rank Math	301 Rank Math > /admissions/university-of-south-florida-main-campus/ | 200	https://gpacalculator.net/admissions/university-of-south-florida-main-campus/	200	1	
https://gpacalculator.net/admissions/university-of-southern-california/	301	https://gpacalculator.net/admissions/usc/	Rank Math	301 Rank Math > /admissions/usc/ | 200	https://gpacalculator.net/admissions/usc/	200	1	
https://gpacalculator.net/admissions/university-of-st-thomas-3/	404			404	https://gpacalculator.net/admissions/university-of-st-thomas-3/	404	0	
https://gpacalculator.net/admissions/university-of-texas-southwestern-medical-center/	301	https://gpacalculator.net/admissions/ut-southwestern-medical-center/	Rank Math	301 Rank Math > /admissions/ut-southwestern-medical-center/ | 200	https://gpacalculator.net/admissions/ut-southwestern-medical-center/	200	1	
https://gpacalculator.net/admissions/university-of-the-district-of-columbia-david-a-clarke-school-of-law/	301	https://gpacalculator.net/admissions/university-of-the-district-of-columbia/	Rank Math	301 Rank Math > /admissions/university-of-the-district-of-columbia/ | 200	https://gpacalculator.net/admissions/university-of-the-district-of-columbia/	200	1	
https://gpacalculator.net/admissions/university-of-the-rockies/	301	https://gpacalculator.net/admissions/university-of-arizona-global-campus/	Rank Math	301 Rank Math > /admissions/university-of-arizona-global-campus/ | 200	https://gpacalculator.net/admissions/university-of-arizona-global-campus/	200	1	
https://gpacalculator.net/admissions/university-of-the-sciences/	301	https://gpacalculator.net/admissions/saint-josephs-university/	Rank Math	301 Rank Math > /admissions/saint-josephs-university/ | 200	https://gpacalculator.net/admissions/saint-josephs-university/	200	1	
https://gpacalculator.net/admissions/university-of-tulsa/	301	https://gpacalculator.net/admissions/tulsa/	Rank Math	301 Rank Math > /admissions/tulsa/ | 200	https://gpacalculator.net/admissions/tulsa/	200	1	
https://gpacalculator.net/admissions/university-of-virginia-main-campus/	301	https://gpacalculator.net/admissions/virginia/	Rank Math	301 Rank Math > /admissions/virginia/ | 200	https://gpacalculator.net/admissions/virginia/	200	1	
https://gpacalculator.net/admissions/university-of-washington-seattle-campus/	301	https://gpacalculator.net/admissions/washington/	Rank Math	301 Rank Math > /admissions/washington/ | 200	https://gpacalculator.net/admissions/washington/	200	1	
https://gpacalculator.net/admissions/university-of-wisconsin-colleges/	410			410	https://gpacalculator.net/admissions/university-of-wisconsin-colleges/	410	0	
https://gpacalculator.net/admissions/university-of-wisconsin-extension/	301	https://gpacalculator.net/admissions/wisconsin/	Rank Math	301 Rank Math > /admissions/wisconsin/ | 200	https://gpacalculator.net/admissions/wisconsin/	200	1	
https://gpacalculator.net/admissions/university-of-wisconsin-madison/	301	https://gpacalculator.net/admissions/wisconsin/	Rank Math	301 Rank Math > /admissions/wisconsin/ | 200	https://gpacalculator.net/admissions/wisconsin/	200	1	
https://gpacalculator.net/admissions/university-of-wisconsin-system-administration/	410			410	https://gpacalculator.net/admissions/university-of-wisconsin-system-administration/	410	0	
https://gpacalculator.net/admissions/university-system-of-maryland-research-centers/	410			410	https://gpacalculator.net/admissions/university-system-of-maryland-research-centers/	410	0	
https://gpacalculator.net/admissions/university-system-of-maryland/	410			410	https://gpacalculator.net/admissions/university-system-of-maryland/	410	0	
https://gpacalculator.net/admissions/university-system-of-new-hampshire-system-office/	410			410	https://gpacalculator.net/admissions/university-system-of-new-hampshire-system-office/	410	0	
https://gpacalculator.net/admissions/upstate-medical-university/	301	https://gpacalculator.net/admissions/suny-upstate-medical-university/	Rank Math	301 Rank Math > /admissions/suny-upstate-medical-university/ | 200	https://gpacalculator.net/admissions/suny-upstate-medical-university/	200	1	
https://gpacalculator.net/admissions/urbana-university/	301	https://gpacalculator.net/admissions/franklin-university/	Rank Math	301 Rank Math > /admissions/franklin-university/ | 200	https://gpacalculator.net/admissions/franklin-university/	200	1	
https://gpacalculator.net/admissions/utah-state-uni-regional-campuses-and-distance-education/	301	https://gpacalculator.net/admissions/utah-state-university/	Rank Math	301 Rank Math > /admissions/utah-state-university/ | 200	https://gpacalculator.net/admissions/utah-state-university/	200	1	
https://gpacalculator.net/admissions/utah-state-university-college-of-eastern-utah/	301	https://gpacalculator.net/admissions/utah-state-university/	Rank Math	301 Rank Math > /admissions/utah-state-university/ | 200	https://gpacalculator.net/admissions/utah-state-university/	200	1	
https://gpacalculator.net/admissions/valley-college-princeton/	410			410	https://gpacalculator.net/admissions/valley-college-princeton/	410	0	
https://gpacalculator.net/admissions/valparaiso-university/	301	https://gpacalculator.net/admissions/valparaiso/	Rank Math	301 Rank Math > /admissions/valparaiso/ | 200	https://gpacalculator.net/admissions/valparaiso/	200	1	
https://gpacalculator.net/admissions/vanderbilt-university/	301	https://gpacalculator.net/admissions/vanderbilt/	Rank Math	301 Rank Math > /admissions/vanderbilt/ | 200	https://gpacalculator.net/admissions/vanderbilt/	200	1	
https://gpacalculator.net/admissions/vatterott-college-berkeley/	410			410	https://gpacalculator.net/admissions/vatterott-college-berkeley/	410	0	
https://gpacalculator.net/admissions/vatterott-college-des-moines/	410			410	https://gpacalculator.net/admissions/vatterott-college-des-moines/	410	0	
https://gpacalculator.net/admissions/vatterott-college-joplin/	410			410	https://gpacalculator.net/admissions/vatterott-college-joplin/	410	0	
https://gpacalculator.net/admissions/vatterott-college-kansas-city/	410			410	https://gpacalculator.net/admissions/vatterott-college-kansas-city/	410	0	
https://gpacalculator.net/admissions/vatterott-college-quincy/	410			410	https://gpacalculator.net/admissions/vatterott-college-quincy/	410	0	
https://gpacalculator.net/admissions/vatterott-college-saint-joseph/	410			410	https://gpacalculator.net/admissions/vatterott-college-saint-joseph/	410	0	
https://gpacalculator.net/admissions/vatterott-college-springfield/	410			410	https://gpacalculator.net/admissions/vatterott-college-springfield/	410	0	
https://gpacalculator.net/admissions/vatterott-college-sunset-hills/	410			410	https://gpacalculator.net/admissions/vatterott-college-sunset-hills/	410	0	
https://gpacalculator.net/admissions/vatterott-college-tulsa/	410			410	https://gpacalculator.net/admissions/vatterott-college-tulsa/	410	0	
https://gpacalculator.net/admissions/vatterott-college-wichita/	410			410	https://gpacalculator.net/admissions/vatterott-college-wichita/	410	0	
https://gpacalculator.net/admissions/vermilion-community-college/	301	https://gpacalculator.net/admissions/minnesota-north-college/	Rank Math	301 Rank Math > /admissions/minnesota-north-college/ | 200	https://gpacalculator.net/admissions/minnesota-north-college/	200	1	
https://gpacalculator.net/admissions/vermont-technical-college/	301	https://gpacalculator.net/admissions/vermont-state-university/	Rank Math	301 Rank Math > /admissions/vermont-state-university/ | 200	https://gpacalculator.net/admissions/vermont-state-university/	200	1	
https://gpacalculator.net/admissions/victory-university/	410			410	https://gpacalculator.net/admissions/victory-university/	410	0	
https://gpacalculator.net/admissions/villanova-university/	301	https://gpacalculator.net/admissions/villanova/	Rank Math	301 Rank Math > /admissions/villanova/ | 200	https://gpacalculator.net/admissions/villanova/	200	1	
https://gpacalculator.net/admissions/virginia-college-augusta/	410			410	https://gpacalculator.net/admissions/virginia-college-augusta/	410	0	
https://gpacalculator.net/admissions/virginia-college-austin/	410			410	https://gpacalculator.net/admissions/virginia-college-austin/	410	0	
https://gpacalculator.net/admissions/virginia-college-biloxi/	410			410	https://gpacalculator.net/admissions/virginia-college-biloxi/	410	0	
https://gpacalculator.net/admissions/virginia-college-birmingham/	410			410	https://gpacalculator.net/admissions/virginia-college-birmingham/	410	0	
https://gpacalculator.net/admissions/virginia-college-in-charleston/	410			410	https://gpacalculator.net/admissions/virginia-college-in-charleston/	410	0	
https://gpacalculator.net/admissions/virginia-college-jacksonville/	410			410	https://gpacalculator.net/admissions/virginia-college-jacksonville/	410	0	
https://gpacalculator.net/admissions/virginia-college-la/	404			404	https://gpacalculator.net/admissions/virginia-college-la/	404	0	
https://gpacalculator.net/admissions/virginia-college-mobile/	410			410	https://gpacalculator.net/admissions/virginia-college-mobile/	410	0	
https://gpacalculator.net/admissions/virginia-college-montgomery/	410			410	https://gpacalculator.net/admissions/virginia-college-montgomery/	410	0	
https://gpacalculator.net/admissions/virginia-college-sc/	404			404	https://gpacalculator.net/admissions/virginia-college-sc/	404	0	
https://gpacalculator.net/admissions/virginia-college-va/	404			404	https://gpacalculator.net/admissions/virginia-college-va/	404	0	
https://gpacalculator.net/admissions/virginia-intermont-college/	410			410	https://gpacalculator.net/admissions/virginia-intermont-college/	410	0	
https://gpacalculator.net/admissions/virginia-marti-college-of-art-and-design/	410			410	https://gpacalculator.net/admissions/virginia-marti-college-of-art-and-design/	410	0	
https://gpacalculator.net/admissions/virginia-polytechnic-institute-and-state-uni/	301	https://gpacalculator.net/admissions/virginia-tech/	Rank Math	301 Rank Math > /admissions/virginia-tech/ | 200	https://gpacalculator.net/admissions/virginia-tech/	200	1	
https://gpacalculator.net/admissions/virginia-polytechnic-institute-and-state-university/	301	https://gpacalculator.net/admissions/virginia-tech/	Rank Math	301 Rank Math > /admissions/virginia-tech/ | 200	https://gpacalculator.net/admissions/virginia-tech/	200	1	
https://gpacalculator.net/admissions/washington-and-lee-university/	301	https://gpacalculator.net/admissions/washington-and-lee/	Rank Math	301 Rank Math > /admissions/washington-and-lee/ | 200	https://gpacalculator.net/admissions/washington-and-lee/	200	1	
https://gpacalculator.net/admissions/washington-university-in-st-louis/	301	https://gpacalculator.net/admissions/washu/	Rank Math	301 Rank Math > /admissions/washu/ | 200	https://gpacalculator.net/admissions/washu/	200	1	
https://gpacalculator.net/admissions/watkins-college-of-art-design-and-film/	410			410	https://gpacalculator.net/admissions/watkins-college-of-art-design-and-film/	410	0	
https://gpacalculator.net/admissions/waycross-college/	301	https://gpacalculator.net/admissions/south-georgia-state-college/	Rank Math	301 Rank Math > /admissions/south-georgia-state-college/ | 200	https://gpacalculator.net/admissions/south-georgia-state-college/	200	1	
https://gpacalculator.net/admissions/wells-college/	410			410	https://gpacalculator.net/admissions/wells-college/	410	0	
https://gpacalculator.net/admissions/wentworth-military-academy-and-junior-college/	410			410	https://gpacalculator.net/admissions/wentworth-military-academy-and-junior-college/	410	0	
https://gpacalculator.net/admissions/wesley-college/	301	https://gpacalculator.net/admissions/delaware-state-university/	Rank Math	301 Rank Math > /admissions/delaware-state-university/ | 200	https://gpacalculator.net/admissions/delaware-state-university/	200	1	
https://gpacalculator.net/admissions/west-texas-a-m-university/	301	https://gpacalculator.net/admissions/west-texas-a-and-m-university/	Rank Math	301 Rank Math > /admissions/west-texas-a-and-m-university/ | 200	https://gpacalculator.net/admissions/west-texas-a-and-m-university/	200	1	
https://gpacalculator.net/admissions/west-virginia-junior-college-bridgeport/	410			410	https://gpacalculator.net/admissions/west-virginia-junior-college-bridgeport/	410	0	
https://gpacalculator.net/admissions/western-international-university/	410			410	https://gpacalculator.net/admissions/western-international-university/	410	0	
https://gpacalculator.net/admissions/western-state-college-of-law-at-argosy-university/	301	https://gpacalculator.net/admissions/westcliff-university/	Rank Math	301 Rank Math > /admissions/westcliff-university/ | 200	https://gpacalculator.net/admissions/westcliff-university/	200	1	
https://gpacalculator.net/admissions/western-state-university-college-of-law-argosy/	301	https://gpacalculator.net/admissions/westcliff-university/	Rank Math	301 Rank Math > /admissions/westcliff-university/ | 200	https://gpacalculator.net/admissions/westcliff-university/	200	1	
https://gpacalculator.net/admissions/wheelock-college/	404			404	https://gpacalculator.net/admissions/wheelock-college/	404	0	
https://gpacalculator.net/admissions/whitworth-university-adult-degree-programs/	404			404	https://gpacalculator.net/admissions/whitworth-university-adult-degree-programs/	404	0	
https://gpacalculator.net/admissions/widener-university-delaware-campus/	301	https://gpacalculator.net/admissions/widener-university-main-campus/	Rank Math	301 Rank Math > /admissions/widener-university-main-campus/ | 200	https://gpacalculator.net/admissions/widener-university-main-campus/	200	1	
https://gpacalculator.net/admissions/widener-university-harrisburg-campus/	301	https://gpacalculator.net/admissions/widener-university-main-campus/	Rank Math	301 Rank Math > /admissions/widener-university-main-campus/ | 200	https://gpacalculator.net/admissions/widener-university-main-campus/	200	1	
https://gpacalculator.net/admissions/willamette-university/	301	https://gpacalculator.net/admissions/willamette/	Rank Math	301 Rank Math > /admissions/willamette/ | 200	https://gpacalculator.net/admissions/willamette/	200	1	
https://gpacalculator.net/admissions/winthrop-university/	301	https://gpacalculator.net/admissions/winthrop/	Rank Math	301 Rank Math > /admissions/winthrop/ | 200	https://gpacalculator.net/admissions/winthrop/	200	1	
https://gpacalculator.net/admissions/wood-tobe-coburn-school/	410			410	https://gpacalculator.net/admissions/wood-tobe-coburn-school/	410	0	
https://gpacalculator.net/admissions/wright-career-college/	410			410	https://gpacalculator.net/admissions/wright-career-college/	410	0	
https://gpacalculator.net/admissions/yale-university/	301	https://gpacalculator.net/admissions/yale/	Rank Math	301 Rank Math > /admissions/yale/ | 200	https://gpacalculator.net/admissions/yale/	200	1	
https://gpacalculator.net/admissions/yorktowne-business-institute/	410			410	https://gpacalculator.net/admissions/yorktowne-business-institute/	410	0	
