url	slug	form	source	expected	clicks_12m	impressions_12m
https://gpacalculator.net/admission/a-t-still-university-of-health-sciences/	a-t-still-university-of-health-sciences	admission	old-slug twin; search console	301 https://gpacalculator.net/admissions/a-t-still-university/	0	46
https://gpacalculator.net/admission/acadiana-technical-college-lafayette-campus/	acadiana-technical-college-lafayette-campus	admission	removed (C)	301 https://gpacalculator.net/admissions/south-louisiana-community-college/	0	0
https://gpacalculator.net/admission/acupuncture-and-massage-college/	acupuncture-and-massage-college	admission	removed (C)	410	0	0
https://gpacalculator.net/admission/ai-miami-international-uni-of-art-and-design/	ai-miami-international-uni-of-art-and-design	admission	search console		0	41
https://gpacalculator.net/admission/ai-miami-international-university-of-art-and-design/	ai-miami-international-university-of-art-and-design	admission	removed (C); search console	410	0	5
https://gpacalculator.net/admission/aib-college-of-business/	aib-college-of-business	admission	removed (C)	410	0	0
https://gpacalculator.net/admission/alabama-a-and-m-university/	alabama-a-and-m-university	admission	legacy map	301 https://gpacalculator.net/admissions/alabama-a-m-university/	0	0
https://gpacalculator.net/admission/alabama-southern-community-college/	alabama-southern-community-college	admission	removed (N)	301 https://gpacalculator.net/admissions/coastal-alabama-community-college/	0	0
https://gpacalculator.net/admission/alderson-broaddus-college/	alderson-broaddus-college	admission	removed (C)	410	0	0
https://gpacalculator.net/admission/allied-american-university/	allied-american-university	admission	legacy map; search console	410	0	27
https://gpacalculator.net/admission/altamaha-technical-college/	altamaha-technical-college	admission	removed (C)	301 https://gpacalculator.net/admissions/coastal-pines-technical-college/	0	0
https://gpacalculator.net/admission/american-academy-of-art/	american-academy-of-art	admission	removed (C)	410	0	0
https://gpacalculator.net/admission/american-academy-of-dramatic-arts-los-angeles/	american-academy-of-dramatic-arts-los-angeles	admission	unresolved	unresolved	0	0
https://gpacalculator.net/admission/american-conservatory-theater/	american-conservatory-theater	admission	removed (C)	410	0	0
https://gpacalculator.net/admission/american-intercontinental-uni-south-florida/	american-intercontinental-uni-south-florida	admission	search console		0	10
https://gpacalculator.net/admission/american-intercontinental-university-south-florida/	american-intercontinental-university-south-florida	admission	removed (C); search console	410	0	42
https://gpacalculator.net/admission/american-sentinel-university/	american-sentinel-university	admission	removed (C); search console	301 https://gpacalculator.net/admissions/post-university/	0	8
https://gpacalculator.net/admission/ancilla-college/	ancilla-college	admission	removed (C)	410	0	0
https://gpacalculator.net/admission/anderson-university-in/	anderson-university-in	admission	legacy map	301 https://gpacalculator.net/admissions/anderson-university/	0	0
https://gpacalculator.net/admission/antioch-uni-phd-program-in-leadership-and-change/	antioch-uni-phd-program-in-leadership-and-change	admission	legacy map; search console	301 https://gpacalculator.net/admissions/antioch-university/	0	33
https://gpacalculator.net/admission/antioch-university-midwest/	antioch-university-midwest	admission	legacy map	301 https://gpacalculator.net/admissions/antioch-university/	0	0
https://gpacalculator.net/admission/antioch-university-new-england/	antioch-university-new-england	admission	unresolved; search console	unresolved	2	36
https://gpacalculator.net/admission/antioch-university-phd-program-in-leadership-and-change/	antioch-university-phd-program-in-leadership-and-change	admission	legacy map; search console	301 https://gpacalculator.net/admissions/antioch-university/	0	50
https://gpacalculator.net/admission/antioch-university-system-administration/	antioch-university-system-administration	admission	unresolved; search console	unresolved	1	33
https://gpacalculator.net/admission/antonelli-college-cincinnati/	antonelli-college-cincinnati	admission	removed (C)	410	0	0
https://gpacalculator.net/admission/antonelli-college-hattiesburg/	antonelli-college-hattiesburg	admission	removed (C)	410	0	0
https://gpacalculator.net/admission/antonelli-college-jackson/	antonelli-college-jackson	admission	removed (C)	410	0	0
https://gpacalculator.net/admission/antonelli-institute/	antonelli-institute	admission	removed (R)	410	0	0
https://gpacalculator.net/admission/apex-school-of-theology/	apex-school-of-theology	admission	removed (C)	410	0	0
https://gpacalculator.net/admission/appalachian-state-university/	appalachian-state-university	admission	old-slug twin; search console	301 https://gpacalculator.net/admissions/appalachian-state/	0	1341
https://gpacalculator.net/admission/argosy-university-atlanta/	argosy-university-atlanta	admission	legacy map; search console	410	0	205
https://gpacalculator.net/admission/argosy-university-chicago/	argosy-university-chicago	admission	legacy map; search console	410	0	3
https://gpacalculator.net/admission/argosy-university-dallas/	argosy-university-dallas	admission	legacy map; search console	410	0	18
https://gpacalculator.net/admission/argosy-university-denver/	argosy-university-denver	admission	legacy map; search console	410	0	178
https://gpacalculator.net/admission/argosy-university-hawaii/	argosy-university-hawaii	admission	legacy map; search console	410	0	7
https://gpacalculator.net/admission/argosy-university-inland-empire/	argosy-university-inland-empire	admission	legacy map; search console	410	0	26
https://gpacalculator.net/admission/argosy-university-los-angeles/	argosy-university-los-angeles	admission	legacy map; search console	410	0	8
https://gpacalculator.net/admission/argosy-university-nashville/	argosy-university-nashville	admission	legacy map; search console	410	0	51
https://gpacalculator.net/admission/argosy-university-orange-county/	argosy-university-orange-county	admission	legacy map; search console	410	0	4
https://gpacalculator.net/admission/argosy-university-phoenix-online-division/	argosy-university-phoenix-online-division	admission	legacy map; search console	410	0	52
https://gpacalculator.net/admission/argosy-university-phoenix/	argosy-university-phoenix	admission	legacy map; search console	410	1	6
https://gpacalculator.net/admission/argosy-university-salt-lake-city/	argosy-university-salt-lake-city	admission	legacy map; search console	410	0	28
https://gpacalculator.net/admission/argosy-university-san-diego/	argosy-university-san-diego	admission	legacy map; search console	410	0	12
https://gpacalculator.net/admission/argosy-university-san-francisco-bay-area/	argosy-university-san-francisco-bay-area	admission	legacy map; search console	410	0	43
https://gpacalculator.net/admission/argosy-university-sarasota/	argosy-university-sarasota	admission	legacy map; search console	410	0	29
https://gpacalculator.net/admission/argosy-university-schaumburg/	argosy-university-schaumburg	admission	legacy map; search console	410	0	5
https://gpacalculator.net/admission/argosy-university-seattle/	argosy-university-seattle	admission	legacy map; search console	410	0	48
https://gpacalculator.net/admission/argosy-university-tampa/	argosy-university-tampa	admission	legacy map; search console	410	0	1
https://gpacalculator.net/admission/argosy-university-twin-cities/	argosy-university-twin-cities	admission	legacy map; search console	410	0	39
https://gpacalculator.net/admission/argosy-university-washington-d-c/	argosy-university-washington-d-c	admission	legacy map; search console	410	0	76
https://gpacalculator.net/admission/argosy-university-washington-dc/	argosy-university-washington-dc	admission	legacy map; search console	410	0	25
https://gpacalculator.net/admission/arizona-state-university-tempe/	arizona-state-university-tempe	admission	old-slug twin; search console	301 https://gpacalculator.net/admissions/arizona-state-university/	0	267
https://gpacalculator.net/admission/arkansas-state-university-system-office/	arkansas-state-university-system-office	admission	old-slug twin	410	0	0
https://gpacalculator.net/admission/armstrong-atlantic-state-university/	armstrong-atlantic-state-university	admission	old-slug twin; search console	301 https://gpacalculator.net/admissions/georgia-southern-university/	0	70
https://gpacalculator.net/admission/armstrong-state-university/	armstrong-state-university	admission	legacy map	301 https://gpacalculator.net/admissions/georgia-southern-university/	0	0
https://gpacalculator.net/admission/asa-institute-of-business-and-computer-technology/	asa-institute-of-business-and-computer-technology	admission	removed (C)	410	0	0
https://gpacalculator.net/admission/ashford-university/	ashford-university	admission	old-slug twin; search console	301 https://gpacalculator.net/admissions/university-of-arizona-global-campus/	0	53
https://gpacalculator.net/admission/ashland-uni-dwight-schar-college-of-nursing/	ashland-uni-dwight-schar-college-of-nursing	admission	old-slug twin; search console	301 https://gpacalculator.net/admissions/ashland-university/	0	8
https://gpacalculator.net/admission/asnuntuck-community-college/	asnuntuck-community-college	admission	removed (N)	301 https://gpacalculator.net/admissions/connecticut-state-community-college/	0	0
https://gpacalculator.net/admission/aspen-university/	aspen-university	admission	unresolved; search console	unresolved	0	35
https://gpacalculator.net/admission/auburn-university/	auburn-university	admission	old-slug twin; search console	301 https://gpacalculator.net/admissions/auburn/	10	5097
https://gpacalculator.net/admission/augusta-state-university/	augusta-state-university	admission	legacy map; search console	301 https://gpacalculator.net/admissions/augusta-university/	0	198
https://gpacalculator.net/admission/averett-university-non-traditional-programs/	averett-university-non-traditional-programs	admission	removed (C); search console	301 https://gpacalculator.net/admissions/averett-university/	0	26
https://gpacalculator.net/admission/bainbridge-college/	bainbridge-college	admission	removed (C)	301 https://gpacalculator.net/admissions/abraham-baldwin-agricultural-college/	0	0
https://gpacalculator.net/admission/baker-college-center-for-graduate-studies/	baker-college-center-for-graduate-studies	admission	removed (S)	301 https://gpacalculator.net/admissions/baker-college/	0	0
https://gpacalculator.net/admission/baker-college-of-allen-park/	baker-college-of-allen-park	admission	removed (S)	301 https://gpacalculator.net/admissions/baker-college/	0	0
https://gpacalculator.net/admission/baker-college-of-auburn-hills/	baker-college-of-auburn-hills	admission	removed (S)	301 https://gpacalculator.net/admissions/baker-college/	0	0
https://gpacalculator.net/admission/baker-college-of-cadillac/	baker-college-of-cadillac	admission	removed (S)	301 https://gpacalculator.net/admissions/baker-college/	0	0
https://gpacalculator.net/admission/baker-college-of-clinton-township/	baker-college-of-clinton-township	admission	removed (S)	301 https://gpacalculator.net/admissions/baker-college/	0	0
https://gpacalculator.net/admission/baker-college-of-flint/	baker-college-of-flint	admission	removed (P)	301 https://gpacalculator.net/admissions/baker-college/	0	0
https://gpacalculator.net/admission/baker-college-of-jackson/	baker-college-of-jackson	admission	removed (S)	301 https://gpacalculator.net/admissions/baker-college/	0	0
https://gpacalculator.net/admission/baker-college-of-muskegon/	baker-college-of-muskegon	admission	removed (S)	301 https://gpacalculator.net/admissions/baker-college/	0	0
https://gpacalculator.net/admission/baker-college-of-owosso/	baker-college-of-owosso	admission	removed (S)	301 https://gpacalculator.net/admissions/baker-college/	0	0
https://gpacalculator.net/admission/baker-college-of-port-huron/	baker-college-of-port-huron	admission	removed (S)	301 https://gpacalculator.net/admissions/baker-college/	0	0
https://gpacalculator.net/admission/baptist-bible-college-and-seminary/	baptist-bible-college-and-seminary	admission	legacy map	410	0	0
https://gpacalculator.net/admission/bauder-college/	bauder-college	admission	removed (C)	410	0	0
https://gpacalculator.net/admission/bay-state-college/	bay-state-college	admission	legacy map	410	0	0
https://gpacalculator.net/admission/becker-college/	becker-college	admission	legacy map	410	0	0
https://gpacalculator.net/admission/belmont-university/	belmont-university	admission	old-slug twin; search console	301 https://gpacalculator.net/admissions/belmont/	0	859
https://gpacalculator.net/admission/bergin-university-of-canine-studies/	bergin-university-of-canine-studies	admission	old-slug twin; search console	301 https://gpacalculator.net/admissions/bergin-college-of-canine-studies/	0	53
https://gpacalculator.net/admission/bethany-university/	bethany-university	admission	legacy map; search console	410	0	49
https://gpacalculator.net/admission/bethel-university-3/	bethel-university-3	admission	unresolved	unresolved	0	0
https://gpacalculator.net/admission/bethel-university/	bethel-university	admission	old-slug twin; search console	301 https://gpacalculator.net/admissions/bethel-university-mn/	0	158
https://gpacalculator.net/admission/birmingham-southern-college/	birmingham-southern-college	admission	legacy map	410	0	0
https://gpacalculator.net/admission/bloomsburg-university-of-pennsylvania/	bloomsburg-university-of-pennsylvania	admission	removed (S); search console	301 https://gpacalculator.net/admissions/commonwealth-university-of-pennsylvania/	3	1411
https://gpacalculator.net/admission/blue-cliff-college-houma/	blue-cliff-college-houma	admission	removed (C)	410	0	0
https://gpacalculator.net/admission/blue-cliff-college-shreveport/	blue-cliff-college-shreveport	admission	removed (C)	410	0	0
https://gpacalculator.net/admission/boulder-college-of-massage-therapy/	boulder-college-of-massage-therapy	admission	removed (C)	410	0	0
https://gpacalculator.net/admission/bradley-university/	bradley-university	admission	old-slug twin; search console	301 https://gpacalculator.net/admissions/bradley/	1	1147
https://gpacalculator.net/admission/bramson-ort-college/	bramson-ort-college	admission	removed (C)	410	0	0
https://gpacalculator.net/admission/brandeis-university/	brandeis-university	admission	old-slug twin; search console	301 https://gpacalculator.net/admissions/brandeis/	1	829
https://gpacalculator.net/admission/brandman-university/	brandman-university	admission	old-slug twin; search console	301 https://gpacalculator.net/admissions/umass-global/	0	4
https://gpacalculator.net/admission/brigham-young-university-provo/	brigham-young-university-provo	admission	old-slug twin; search console	301 https://gpacalculator.net/admissions/byu/	3	2210
https://gpacalculator.net/admission/broadview-entertainment-arts-university/	broadview-entertainment-arts-university	admission	removed (C); search console	410	0	10
https://gpacalculator.net/admission/broadview-university-boise/	broadview-university-boise	admission	search console		0	36
https://gpacalculator.net/admission/broadview-university-layton/	broadview-university-layton	admission	removed (C); search console	410	0	4
https://gpacalculator.net/admission/broadview-university-orem/	broadview-university-orem	admission	removed (C); search console	410	1	35
https://gpacalculator.net/admission/broadview-university-west-jordan/	broadview-university-west-jordan	admission	removed (R); search console	410	0	13
https://gpacalculator.net/admission/broadview-university/	broadview-university	admission	removed (C); search console	410	0	27
https://gpacalculator.net/admission/brookhaven-college/	brookhaven-college	admission	legacy map	301 https://gpacalculator.net/admissions/el-centro-college/	0	0
https://gpacalculator.net/admission/brown-mackie-college-akron/	brown-mackie-college-akron	admission	legacy map	410	0	0
https://gpacalculator.net/admission/brown-mackie-college-albuquerque/	brown-mackie-college-albuquerque	admission	unresolved	unresolved	0	0
https://gpacalculator.net/admission/brown-mackie-college-atlanta/	brown-mackie-college-atlanta	admission	unresolved	unresolved	0	0
https://gpacalculator.net/admission/brown-mackie-college-birmingham/	brown-mackie-college-birmingham	admission	legacy map	410	0	0
https://gpacalculator.net/admission/brown-mackie-college-cincinnati/	brown-mackie-college-cincinnati	admission	unresolved	unresolved	0	0
https://gpacalculator.net/admission/brown-mackie-college-findlay/	brown-mackie-college-findlay	admission	unresolved	unresolved	0	0
https://gpacalculator.net/admission/brown-mackie-college-fort-wayne/	brown-mackie-college-fort-wayne	admission	unresolved	unresolved	0	0
https://gpacalculator.net/admission/brown-mackie-college-indianapolis/	brown-mackie-college-indianapolis	admission	unresolved	unresolved	0	0
https://gpacalculator.net/admission/brown-mackie-college-kansas-city/	brown-mackie-college-kansas-city	admission	legacy map	410	0	0
https://gpacalculator.net/admission/brown-mackie-college-louisville/	brown-mackie-college-louisville	admission	unresolved	unresolved	0	0
https://gpacalculator.net/admission/brown-mackie-college-merrillville/	brown-mackie-college-merrillville	admission	unresolved	unresolved	0	0
https://gpacalculator.net/admission/brown-mackie-college-miami/	brown-mackie-college-miami	admission	unresolved	unresolved	0	0
https://gpacalculator.net/admission/brown-mackie-college-michigan-city/	brown-mackie-college-michigan-city	admission	legacy map	410	0	0
https://gpacalculator.net/admission/brown-mackie-college-north-canton/	brown-mackie-college-north-canton	admission	legacy map	410	0	0
https://gpacalculator.net/admission/brown-mackie-college-quad-cities/	brown-mackie-college-quad-cities	admission	unresolved	unresolved	0	0
https://gpacalculator.net/admission/brown-mackie-college-salina/	brown-mackie-college-salina	admission	legacy map	410	0	0
https://gpacalculator.net/admission/brown-mackie-college-san-antonio/	brown-mackie-college-san-antonio	admission	unresolved	unresolved	0	0
https://gpacalculator.net/admission/brown-mackie-college-tucson/	brown-mackie-college-tucson	admission	unresolved	unresolved	0	0
https://gpacalculator.net/admission/brown-mackie-college-tulsa/	brown-mackie-college-tulsa	admission	unresolved	unresolved	0	0
https://gpacalculator.net/admission/brown-university/	brown-university	admission	old-slug twin; search console	301 https://gpacalculator.net/admissions/brown/	0	1407
https://gpacalculator.net/admission/bryan-university-rogers/	bryan-university-rogers	admission	removed (C)	410	0	0
https://gpacalculator.net/admission/bryan-university-topeka/	bryan-university-topeka	admission	removed (R)	410	0	0
https://gpacalculator.net/admission/bryant-and-stratton-college-amherst/	bryant-and-stratton-college-amherst	admission	removed (M)	301 https://gpacalculator.net/admissions/bryant-and-stratton-college-buffalo/	0	0
https://gpacalculator.net/admission/bryant-and-stratton-college-cleveland/	bryant-and-stratton-college-cleveland	admission	removed (C)	301 https://gpacalculator.net/admissions/bryant-and-stratton-college-parma/	0	0
https://gpacalculator.net/admission/bryant-and-stratton-college-eastlake/	bryant-and-stratton-college-eastlake	admission	removed (C)	301 https://gpacalculator.net/admissions/bryant-and-stratton-college-parma/	0	0
https://gpacalculator.net/admission/bryant-and-stratton-college-glendale/	bryant-and-stratton-college-glendale	admission	removed (C)	301 https://gpacalculator.net/admissions/bryant-and-stratton-college-wauwatosa/	0	0
https://gpacalculator.net/admission/bryant-and-stratton-college-hampton/	bryant-and-stratton-college-hampton	admission	removed (M)	301 https://gpacalculator.net/admissions/bryant-and-stratton-college-virginia-beach/	0	0
https://gpacalculator.net/admission/bryant-and-stratton-college-henrietta/	bryant-and-stratton-college-henrietta	admission	removed (M)	301 https://gpacalculator.net/admissions/bryant-and-stratton-college-greece/	0	0
https://gpacalculator.net/admission/bryant-and-stratton-college-main-syracuse/	bryant-and-stratton-college-main-syracuse	admission	removed (M)	301 https://gpacalculator.net/admissions/bryant-and-stratton-college-syracuse-north/	0	0
https://gpacalculator.net/admission/bryant-and-stratton-college-milwaukee/	bryant-and-stratton-college-milwaukee	admission	removed (C)	410	0	0
https://gpacalculator.net/admission/bryant-and-stratton-college-richmond/	bryant-and-stratton-college-richmond	admission	removed (M)	301 https://gpacalculator.net/admissions/bryant-and-stratton-college-virginia-beach/	0	0
https://gpacalculator.net/admission/bryant-and-stratton-college-southtowns/	bryant-and-stratton-college-southtowns	admission	removed (M)	301 https://gpacalculator.net/admissions/bryant-and-stratton-college-buffalo/	0	0
https://gpacalculator.net/admission/business-informatics-center-inc/	business-informatics-center-inc	admission	removed (C)	410	0	0
https://gpacalculator.net/admission/butler-university/	butler-university	admission	old-slug twin; search console	301 https://gpacalculator.net/admissions/butler/	0	1252
https://gpacalculator.net/admission/cabrini-college/	cabrini-college	admission	removed (C)	410	0	0
https://gpacalculator.net/admission/cairn-university-langhorne/	cairn-university-langhorne	admission	old-slug twin; search console	301 https://gpacalculator.net/admissions/cairn-university/	0	43
https://gpacalculator.net/admission/california-christian-college/	california-christian-college	admission	removed (C)	410	0	0
https://gpacalculator.net/admission/california-jazz-conservatory/	california-jazz-conservatory	admission	removed (R)	410	0	0
https://gpacalculator.net/admission/california-polytechnic-state-uni-san-luis-obispo/	california-polytechnic-state-uni-san-luis-obispo	admission	old-slug twin; search console	301 https://gpacalculator.net/admissions/cal-poly-slo/	0	674
https://gpacalculator.net/admission/california-polytechnic-state-university-san-luis-obispo/	california-polytechnic-state-university-san-luis-obispo	admission	old-slug twin; search console	301 https://gpacalculator.net/admissions/cal-poly-slo/	6	2165
https://gpacalculator.net/admission/california-state-university-chancellors-office/	california-state-university-chancellors-office	admission	old-slug twin; search console	410	0	2
https://gpacalculator.net/admission/california-state-university-fullerton/	california-state-university-fullerton	admission	old-slug twin; search console	301 https://gpacalculator.net/admissions/csu-fullerton/	1	1403
https://gpacalculator.net/admission/california-university-of-pennsylvania/	california-university-of-pennsylvania	admission	removed (N); search console	301 https://gpacalculator.net/admissions/pennsylvania-western-university/	1	279
https://gpacalculator.net/admission/cambria-rowe-business-college-indiana/	cambria-rowe-business-college-indiana	admission	removed (C)	410	0	0
https://gpacalculator.net/admission/cambria-rowe-business-college-johnstown/	cambria-rowe-business-college-johnstown	admission	removed (C)	410	0	0
https://gpacalculator.net/admission/capital-community-college/	capital-community-college	admission	removed (N)	301 https://gpacalculator.net/admissions/connecticut-state-community-college/	0	0
https://gpacalculator.net/admission/cardinal-stritch-university/	cardinal-stritch-university	admission	legacy map; search console	410	1	35
https://gpacalculator.net/admission/career-point-college-ok/	career-point-college-ok	admission	legacy map	410	0	0
https://gpacalculator.net/admission/career-technical-college-shreveport/	career-technical-college-shreveport	admission	removed (C)	410	0	0
https://gpacalculator.net/admission/carnegie-mellon-university/	carnegie-mellon-university	admission	old-slug twin; search console	301 https://gpacalculator.net/admissions/carnegie-mellon/	2	1938
https://gpacalculator.net/admission/case-western-reserve-university/	case-western-reserve-university	admission	old-slug twin; search console	301 https://gpacalculator.net/admissions/case-western/	4	1517
https://gpacalculator.net/admission/castleton-state-college/	castleton-state-college	admission	removed (N)	301 https://gpacalculator.net/admissions/vermont-state-university/	0	0
https://gpacalculator.net/admission/cazenovia-college/	cazenovia-college	admission	legacy map	410	0	0
https://gpacalculator.net/admission/cedar-valley-college/	cedar-valley-college	admission	legacy map	301 https://gpacalculator.net/admissions/el-centro-college/	0	0
https://gpacalculator.net/admission/cedarville-university/	cedarville-university	admission	old-slug twin; search console	301 https://gpacalculator.net/admissions/cedarville/	0	228
https://gpacalculator.net/admission/central-bible-college/	central-bible-college	admission	removed (R)	410	0	0
https://gpacalculator.net/admission/central-methodist-uni-college-of-graduate-studies/	central-methodist-uni-college-of-graduate-studies	admission	unresolved; search console	unresolved	0	2
https://gpacalculator.net/admission/central-methodist-uni-college-of-liberal-arts-sciences/	central-methodist-uni-college-of-liberal-arts-sciences	admission	old-slug twin; search console	301 https://gpacalculator.net/admissions/central-methodist-university-college-of-liberal-arts-and-sciences/	0	1
https://gpacalculator.net/admission/central-methodist-university-college-of-graduate-and-extended-studies/	central-methodist-university-college-of-graduate-and-extended-studies	admission	unresolved; search console	unresolved	0	25
https://gpacalculator.net/admission/centura-college-richmond-main/	centura-college-richmond-main	admission	removed (C)	410	0	0
https://gpacalculator.net/admission/centura-college-richmond-westend/	centura-college-richmond-westend	admission	removed (C)	410	0	0
https://gpacalculator.net/admission/centura-institute/	centura-institute	admission	removed (C)	410	0	0
https://gpacalculator.net/admission/chancellor-university/	chancellor-university	admission	removed (C); search console	410	0	1
https://gpacalculator.net/admission/chatfield-college/	chatfield-college	admission	removed (R)	410	0	0
https://gpacalculator.net/admission/chatham-university/	chatham-university	admission	old-slug twin; search console	301 https://gpacalculator.net/admissions/chatham/	1	185
https://gpacalculator.net/admission/chester-college-of-new-england/	chester-college-of-new-england	admission	removed (C)	410	0	0
https://gpacalculator.net/admission/christopher-newport-university/	christopher-newport-university	admission	old-slug twin; search console	301 https://gpacalculator.net/admissions/christopher-newport/	1	927
https://gpacalculator.net/admission/cincinnati-christian-university/	cincinnati-christian-university	admission	removed (C); search console	410	0	65
https://gpacalculator.net/admission/city-college-altamonte-springs/	city-college-altamonte-springs	admission	removed (R)	410	0	0
https://gpacalculator.net/admission/city-college-fort-lauderdale/	city-college-fort-lauderdale	admission	removed (R)	410	0	0
https://gpacalculator.net/admission/city-college-gainesville/	city-college-gainesville	admission	removed (C)	410	0	0
https://gpacalculator.net/admission/city-college-miami/	city-college-miami	admission	removed (C)	410	0	0
https://gpacalculator.net/admission/clarion-university-of-pennsylvania/	clarion-university-of-pennsylvania	admission	removed (N); search console	301 https://gpacalculator.net/admissions/pennsylvania-western-university/	2	195
https://gpacalculator.net/admission/clarkson-university/	clarkson-university	admission	old-slug twin; search console	301 https://gpacalculator.net/admissions/clarkson/	0	151
https://gpacalculator.net/admission/clemson-university/	clemson-university	admission	old-slug twin; search console	301 https://gpacalculator.net/admissions/clemson/	2	1835
https://gpacalculator.net/admission/coleman-university/	coleman-university	admission	removed (R); search console	410	0	23
https://gpacalculator.net/admission/colgate-university/	colgate-university	admission	old-slug twin; search console	301 https://gpacalculator.net/admissions/colgate/	0	1347
https://gpacalculator.net/admission/college-america-cheyenne/	college-america-cheyenne	admission	removed (C)	410	0	0
https://gpacalculator.net/admission/college-america-colorado-springs/	college-america-colorado-springs	admission	removed (C)	410	0	0
https://gpacalculator.net/admission/college-america-denver/	college-america-denver	admission	removed (C)	410	0	0
https://gpacalculator.net/admission/college-america-flagstaff/	college-america-flagstaff	admission	removed (C)	410	0	0
https://gpacalculator.net/admission/college-america-fort-collins/	college-america-fort-collins	admission	removed (C)	410	0	0
https://gpacalculator.net/admission/college-of-business-and-technology-kendall/	college-of-business-and-technology-kendall	admission	removed (C)	410	0	0
https://gpacalculator.net/admission/collins-college/	collins-college	admission	removed (C)	410	0	0
https://gpacalculator.net/admission/colorado-academy-of-veterinary-technology/	colorado-academy-of-veterinary-technology	admission	removed (R)	410	0	0
https://gpacalculator.net/admission/colorado-christian-university/	colorado-christian-university	admission	old-slug twin; search console	301 https://gpacalculator.net/admissions/colorado-christian/	1	283
https://gpacalculator.net/admission/colorado-heights-university/	colorado-heights-university	admission	unresolved; search console	unresolved	0	16
https://gpacalculator.net/admission/colorado-state-university-system-office/	colorado-state-university-system-office	admission	old-slug twin; search console	410	0	283
https://gpacalculator.net/admission/colorado-technical-university-greenwood-village/	colorado-technical-university-greenwood-village	admission	removed (C); search console	301 https://gpacalculator.net/admissions/colorado-technical-university-colorado-springs/	0	3
https://gpacalculator.net/admission/colorado-technical-university-kansas-city/	colorado-technical-university-kansas-city	admission	removed (C); search console	410	0	43
https://gpacalculator.net/admission/colorado-technical-university-online/	colorado-technical-university-online	admission	removed (C); search console	301 https://gpacalculator.net/admissions/colorado-technical-university-colorado-springs/	0	71
https://gpacalculator.net/admission/colorado-technical-university-sioux-falls/	colorado-technical-university-sioux-falls	admission	removed (C); search console	301 https://gpacalculator.net/admissions/colorado-technical-university-colorado-springs/	0	80
https://gpacalculator.net/admission/columbia-college-hollywood/	columbia-college-hollywood	admission	removed (R)	410	0	0
https://gpacalculator.net/admission/columbia-university-in-the-city-of-new-york/	columbia-university-in-the-city-of-new-york	admission	old-slug twin; search console	301 https://gpacalculator.net/admissions/columbia/	0	1534
https://gpacalculator.net/admission/compass-college-of-cinematic-arts/	compass-college-of-cinematic-arts	admission	removed (C)	410	0	0
https://gpacalculator.net/admission/concordia-college-new-york/	concordia-college-new-york	admission	legacy map	410	0	0
https://gpacalculator.net/admission/concordia-college-selma/	concordia-college-selma	admission	removed (C)	410	0	0
https://gpacalculator.net/admission/concordia-university-nebraska/	concordia-university-nebraska	admission	old-slug twin; search console	301 https://gpacalculator.net/admissions/concordia-university-seward/	0	210
https://gpacalculator.net/admission/concordia-university-portland/	concordia-university-portland	admission	removed (C); search console	410	0	104
https://gpacalculator.net/admission/corcoran-college-of-art-and-design/	corcoran-college-of-art-and-design	admission	removed (R)	410	0	0
https://gpacalculator.net/admission/cornell-university/	cornell-university	admission	old-slug twin; search console	301 https://gpacalculator.net/admissions/cornell/	0	920
https://gpacalculator.net/admission/cornish-college-of-the-arts/	cornish-college-of-the-arts	admission	unresolved	unresolved	0	0
https://gpacalculator.net/admission/cossatot-community-college-of-the-uni-of-arkansas/	cossatot-community-college-of-the-uni-of-arkansas	admission	old-slug twin; search console	301 https://gpacalculator.net/admissions/cossatot-community-college-of-the-university-of-arkansas/	0	25
https://gpacalculator.net/admission/court-reporting-institute-wheeler-institute-of-texas/	court-reporting-institute-wheeler-institute-of-texas	admission	removed (C)	410	0	0
https://gpacalculator.net/admission/creighton-university/	creighton-university	admission	old-slug twin; search console	301 https://gpacalculator.net/admissions/creighton/	0	867
https://gpacalculator.net/admission/crossroads-college/	crossroads-college	admission	removed (R)	410	0	0
https://gpacalculator.net/admission/daniel-webster-college/	daniel-webster-college	admission	removed (C)	410	0	0
https://gpacalculator.net/admission/darton-college/	darton-college	admission	removed (C)	301 https://gpacalculator.net/admissions/albany-state-university/	0	0
https://gpacalculator.net/admission/daymar-college-bellevue/	daymar-college-bellevue	admission	removed (R)	410	0	0
https://gpacalculator.net/admission/daymar-college-bowling-green/	daymar-college-bowling-green	admission	removed (C)	410	0	0
https://gpacalculator.net/admission/daymar-college-chillicothe/	daymar-college-chillicothe	admission	removed (R)	410	0	0
https://gpacalculator.net/admission/daymar-college-jackson/	daymar-college-jackson	admission	removed (C)	410	0	0
https://gpacalculator.net/admission/daymar-college-lancaster/	daymar-college-lancaster	admission	removed (C)	410	0	0
https://gpacalculator.net/admission/daymar-college-madisonville/	daymar-college-madisonville	admission	removed (C)	410	0	0
https://gpacalculator.net/admission/daymar-college-new-boston/	daymar-college-new-boston	admission	removed (C)	410	0	0
https://gpacalculator.net/admission/daymar-college-online/	daymar-college-online	admission	removed (C)	410	0	0
https://gpacalculator.net/admission/daymar-college-owensboro/	daymar-college-owensboro	admission	removed (R)	410	0	0
https://gpacalculator.net/admission/daymar-college-paducah-main/	daymar-college-paducah-main	admission	removed (C)	410	0	0
https://gpacalculator.net/admission/daymar-college-scottsville/	daymar-college-scottsville	admission	removed (C)	410	0	0
https://gpacalculator.net/admission/daymar-institute-clarksville/	daymar-institute-clarksville	admission	removed (C)	410	0	0
https://gpacalculator.net/admission/daymar-institute-murfreesboro/	daymar-institute-murfreesboro	admission	removed (C)	410	0	0
https://gpacalculator.net/admission/daymar-institute-nashville/	daymar-institute-nashville	admission	removed (C)	410	0	0
https://gpacalculator.net/admission/dean-institute-of-technology/	dean-institute-of-technology	admission	removed (C)	410	0	0
https://gpacalculator.net/admission/delaware-college-of-art-and-design/	delaware-college-of-art-and-design	admission	removed (C)	410	0	0
https://gpacalculator.net/admission/delaware-technical-and-community-college-owens/	delaware-technical-and-community-college-owens	admission	removed (M)	301 https://gpacalculator.net/admissions/delaware-technical-and-community-college-terry/	0	0
https://gpacalculator.net/admission/delaware-technical-and-community-college-stanton-wilmington/	delaware-technical-and-community-college-stanton-wilmington	admission	removed (M)	301 https://gpacalculator.net/admissions/delaware-technical-and-community-college-terry/	0	0
https://gpacalculator.net/admission/denison-university/	denison-university	admission	old-slug twin; search console	301 https://gpacalculator.net/admissions/denison/	0	811
https://gpacalculator.net/admission/depaul-university/	depaul-university	admission	old-slug twin; search console	301 https://gpacalculator.net/admissions/depaul/	1	1019
https://gpacalculator.net/admission/depauw-university/	depauw-university	admission	old-slug twin; search console	301 https://gpacalculator.net/admissions/depauw/	1	564
https://gpacalculator.net/admission/des-moines-university-osteopathic-medical-center/	des-moines-university-osteopathic-medical-center	admission	old-slug twin; search console	301 https://gpacalculator.net/admissions/des-moines-university/	2	191
https://gpacalculator.net/admission/devry-unis-keller-graduate-school-of-management-arizona/	devry-unis-keller-graduate-school-of-management-arizona	admission	old-slug twin; search console	301 https://gpacalculator.net/admissions/devry-university-arizona/	0	2
https://gpacalculator.net/admission/devry-unis-keller-graduate-school-of-management-california/	devry-unis-keller-graduate-school-of-management-california	admission	old-slug twin; search console	301 https://gpacalculator.net/admissions/devry-university-california/	0	10
https://gpacalculator.net/admission/devry-unis-keller-graduate-school-of-management-colorado/	devry-unis-keller-graduate-school-of-management-colorado	admission	old-slug twin; search console	301 https://gpacalculator.net/admissions/devry-university-colorado/	0	53
https://gpacalculator.net/admission/devry-unis-keller-graduate-school-of-management-florida/	devry-unis-keller-graduate-school-of-management-florida	admission	old-slug twin; search console	301 https://gpacalculator.net/admissions/devry-university-florida/	0	14
https://gpacalculator.net/admission/devry-unis-keller-graduate-school-of-management-georgia/	devry-unis-keller-graduate-school-of-management-georgia	admission	old-slug twin; search console	301 https://gpacalculator.net/admissions/devry-university-georgia/	0	2
https://gpacalculator.net/admission/devry-unis-keller-graduate-school-of-management-illinois/	devry-unis-keller-graduate-school-of-management-illinois	admission	old-slug twin; search console	301 https://gpacalculator.net/admissions/devry-university-illinois/	0	33
https://gpacalculator.net/admission/devry-unis-keller-graduate-school-of-management-indiana/	devry-unis-keller-graduate-school-of-management-indiana	admission	old-slug twin; search console	301 https://gpacalculator.net/admissions/devry-university-indiana/	0	140
https://gpacalculator.net/admission/devry-unis-keller-graduate-school-of-management-kentucky/	devry-unis-keller-graduate-school-of-management-kentucky	admission	old-slug twin; search console	301 https://gpacalculator.net/admissions/devry-university-kentucky/	0	25
https://gpacalculator.net/admission/devry-unis-keller-graduate-school-of-management-maryland/	devry-unis-keller-graduate-school-of-management-maryland	admission	old-slug twin; search console	301 https://gpacalculator.net/admissions/devry-university-maryland/	0	25
https://gpacalculator.net/admission/devry-unis-keller-graduate-school-of-management-michigan/	devry-unis-keller-graduate-school-of-management-michigan	admission	old-slug twin; search console	301 https://gpacalculator.net/admissions/devry-university-michigan/	0	21
https://gpacalculator.net/admission/devry-unis-keller-graduate-school-of-management-minnesota/	devry-unis-keller-graduate-school-of-management-minnesota	admission	old-slug twin; search console	301 https://gpacalculator.net/admissions/devry-university-minnesota/	0	47
https://gpacalculator.net/admission/devry-unis-keller-graduate-school-of-management-missouri/	devry-unis-keller-graduate-school-of-management-missouri	admission	old-slug twin; search console	301 https://gpacalculator.net/admissions/devry-university-missouri/	1	41
https://gpacalculator.net/admission/devry-unis-keller-graduate-school-of-management-nc/	devry-unis-keller-graduate-school-of-management-nc	admission	old-slug twin; search console	301 https://gpacalculator.net/admissions/devry-university-north-carolina/	0	79
https://gpacalculator.net/admission/devry-unis-keller-graduate-school-of-management-nevada/	devry-unis-keller-graduate-school-of-management-nevada	admission	old-slug twin; search console	301 https://gpacalculator.net/admissions/devry-university-nevada/	0	1
https://gpacalculator.net/admission/devry-unis-keller-graduate-school-of-management-new-jersey/	devry-unis-keller-graduate-school-of-management-new-jersey	admission	old-slug twin; search console	301 https://gpacalculator.net/admissions/devry-university-new-jersey/	0	20
https://gpacalculator.net/admission/devry-unis-keller-graduate-school-of-management-ohio/	devry-unis-keller-graduate-school-of-management-ohio	admission	old-slug twin; search console	301 https://gpacalculator.net/admissions/devry-university-ohio/	0	8
https://gpacalculator.net/admission/devry-unis-keller-graduate-school-of-management-oklahoma/	devry-unis-keller-graduate-school-of-management-oklahoma	admission	old-slug twin; search console	301 https://gpacalculator.net/admissions/devry-university-oklahoma/	0	45
https://gpacalculator.net/admission/devry-unis-keller-graduate-school-of-management-oregon/	devry-unis-keller-graduate-school-of-management-oregon	admission	old-slug twin; search console	301 https://gpacalculator.net/admissions/devry-university-oregon/	0	39
https://gpacalculator.net/admission/devry-unis-keller-graduate-school-of-management-pa/	devry-unis-keller-graduate-school-of-management-pa	admission	old-slug twin; search console	301 https://gpacalculator.net/admissions/devry-university-pennsylvania/	0	58
https://gpacalculator.net/admission/devry-unis-keller-graduate-school-of-management-tennessee/	devry-unis-keller-graduate-school-of-management-tennessee	admission	old-slug twin; search console	301 https://gpacalculator.net/admissions/devry-university-tennessee/	0	19
https://gpacalculator.net/admission/devry-unis-keller-graduate-school-of-management-texas/	devry-unis-keller-graduate-school-of-management-texas	admission	old-slug twin; search console	301 https://gpacalculator.net/admissions/devry-university-texas/	0	28
https://gpacalculator.net/admission/devry-unis-keller-graduate-school-of-management-utah/	devry-unis-keller-graduate-school-of-management-utah	admission	old-slug twin; search console	301 https://gpacalculator.net/admissions/devry-university-utah/	1	15
https://gpacalculator.net/admission/devry-unis-keller-graduate-school-of-management-virginia/	devry-unis-keller-graduate-school-of-management-virginia	admission	old-slug twin; search console	301 https://gpacalculator.net/admissions/devry-university-virginia/	0	8
https://gpacalculator.net/admission/devry-unis-keller-graduate-school-of-management-washington/	devry-unis-keller-graduate-school-of-management-washington	admission	old-slug twin; search console	301 https://gpacalculator.net/admissions/devry-university-washington/	0	34
https://gpacalculator.net/admission/devry-unis-keller-graduate-school-of-management-wisconsin/	devry-unis-keller-graduate-school-of-management-wisconsin	admission	old-slug twin; search console	301 https://gpacalculator.net/admissions/devry-university-wisconsin/	0	11
https://gpacalculator.net/admission/devry-university-administrative-office/	devry-university-administrative-office	admission	old-slug twin; search console	301 https://gpacalculator.net/admissions/devry-university-illinois/	0	12
https://gpacalculator.net/admission/devry-university-colorado/	devry-university-colorado	admission	removed (R); search console	410	0	21
https://gpacalculator.net/admission/devry-university-indiana/	devry-university-indiana	admission	removed (R); search console	410	0	3
https://gpacalculator.net/admission/devry-university-kentucky/	devry-university-kentucky	admission	removed (R); search console	410	0	28
https://gpacalculator.net/admission/devry-university-maryland/	devry-university-maryland	admission	removed (R); search console	410	0	11
https://gpacalculator.net/admission/devry-university-michigan/	devry-university-michigan	admission	removed (R); search console	410	0	18
https://gpacalculator.net/admission/devry-university-minnesota/	devry-university-minnesota	admission	removed (R); search console	410	0	6
https://gpacalculator.net/admission/devry-university-missouri/	devry-university-missouri	admission	removed (R); search console	410	0	17
https://gpacalculator.net/admission/devry-university-north-carolina/	devry-university-north-carolina	admission	removed (R); search console	410	0	25
https://gpacalculator.net/admission/devry-university-oklahoma/	devry-university-oklahoma	admission	removed (R); search console	410	0	69
https://gpacalculator.net/admission/devry-university-oregon/	devry-university-oregon	admission	removed (R); search console	410	0	21
https://gpacalculator.net/admission/devry-university-pennsylvania/	devry-university-pennsylvania	admission	removed (R); search console	410	0	39
https://gpacalculator.net/admission/devry-university-tennessee/	devry-university-tennessee	admission	removed (R); search console	410	0	18
https://gpacalculator.net/admission/devry-university-utah/	devry-university-utah	admission	removed (R)	410	0	0
https://gpacalculator.net/admission/devry-university-washington/	devry-university-washington	admission	removed (R); search console	410	2	614
https://gpacalculator.net/admission/devry-university-wisconsin/	devry-university-wisconsin	admission	removed (R); search console	410	0	18
https://gpacalculator.net/admission/devry-universitys-keller-graduate-school-of-management-arizona/	devry-universitys-keller-graduate-school-of-management-arizona	admission	old-slug twin; search console	301 https://gpacalculator.net/admissions/devry-university-arizona/	0	13
https://gpacalculator.net/admission/devry-universitys-keller-graduate-school-of-management-california/	devry-universitys-keller-graduate-school-of-management-california	admission	old-slug twin; search console	301 https://gpacalculator.net/admissions/devry-university-california/	0	6
https://gpacalculator.net/admission/devry-universitys-keller-graduate-school-of-management-colorado/	devry-universitys-keller-graduate-school-of-management-colorado	admission	old-slug twin; search console	301 https://gpacalculator.net/admissions/devry-university-colorado/	0	23
https://gpacalculator.net/admission/devry-universitys-keller-graduate-school-of-management-florida/	devry-universitys-keller-graduate-school-of-management-florida	admission	old-slug twin; search console	301 https://gpacalculator.net/admissions/devry-university-florida/	0	26
https://gpacalculator.net/admission/devry-universitys-keller-graduate-school-of-management-georgia/	devry-universitys-keller-graduate-school-of-management-georgia	admission	old-slug twin; search console	301 https://gpacalculator.net/admissions/devry-university-georgia/	0	65
https://gpacalculator.net/admission/devry-universitys-keller-graduate-school-of-management-illinois/	devry-universitys-keller-graduate-school-of-management-illinois	admission	old-slug twin; search console	301 https://gpacalculator.net/admissions/devry-university-illinois/	4	228
https://gpacalculator.net/admission/devry-universitys-keller-graduate-school-of-management-indiana/	devry-universitys-keller-graduate-school-of-management-indiana	admission	old-slug twin; search console	301 https://gpacalculator.net/admissions/devry-university-indiana/	0	46
https://gpacalculator.net/admission/devry-universitys-keller-graduate-school-of-management-kentucky/	devry-universitys-keller-graduate-school-of-management-kentucky	admission	old-slug twin; search console	301 https://gpacalculator.net/admissions/devry-university-kentucky/	0	2
https://gpacalculator.net/admission/devry-universitys-keller-graduate-school-of-management-maryland/	devry-universitys-keller-graduate-school-of-management-maryland	admission	old-slug twin; search console	301 https://gpacalculator.net/admissions/devry-university-maryland/	0	51
https://gpacalculator.net/admission/devry-universitys-keller-graduate-school-of-management-michigan/	devry-universitys-keller-graduate-school-of-management-michigan	admission	old-slug twin; search console	301 https://gpacalculator.net/admissions/devry-university-michigan/	2	88
https://gpacalculator.net/admission/devry-universitys-keller-graduate-school-of-management-minnesota/	devry-universitys-keller-graduate-school-of-management-minnesota	admission	old-slug twin; search console	301 https://gpacalculator.net/admissions/devry-university-minnesota/	0	55
https://gpacalculator.net/admission/devry-universitys-keller-graduate-school-of-management-missouri/	devry-universitys-keller-graduate-school-of-management-missouri	admission	old-slug twin; search console	301 https://gpacalculator.net/admissions/devry-university-missouri/	0	17
https://gpacalculator.net/admission/devry-universitys-keller-graduate-school-of-management-nevada/	devry-universitys-keller-graduate-school-of-management-nevada	admission	old-slug twin; search console	301 https://gpacalculator.net/admissions/devry-university-nevada/	0	19
https://gpacalculator.net/admission/devry-universitys-keller-graduate-school-of-management-new-jersey/	devry-universitys-keller-graduate-school-of-management-new-jersey	admission	old-slug twin; search console	301 https://gpacalculator.net/admissions/devry-university-new-jersey/	0	43
https://gpacalculator.net/admission/devry-universitys-keller-graduate-school-of-management-north-carolina/	devry-universitys-keller-graduate-school-of-management-north-carolina	admission	old-slug twin; search console	301 https://gpacalculator.net/admissions/devry-university-north-carolina/	0	46
https://gpacalculator.net/admission/devry-universitys-keller-graduate-school-of-management-ohio/	devry-universitys-keller-graduate-school-of-management-ohio	admission	old-slug twin; search console	301 https://gpacalculator.net/admissions/devry-university-ohio/	0	29
https://gpacalculator.net/admission/devry-universitys-keller-graduate-school-of-management-oklahoma/	devry-universitys-keller-graduate-school-of-management-oklahoma	admission	old-slug twin; search console	301 https://gpacalculator.net/admissions/devry-university-oklahoma/	0	38
https://gpacalculator.net/admission/devry-universitys-keller-graduate-school-of-management-oregon/	devry-universitys-keller-graduate-school-of-management-oregon	admission	old-slug twin; search console	301 https://gpacalculator.net/admissions/devry-university-oregon/	0	9
https://gpacalculator.net/admission/devry-universitys-keller-graduate-school-of-management-pennsylvania/	devry-universitys-keller-graduate-school-of-management-pennsylvania	admission	old-slug twin; search console	301 https://gpacalculator.net/admissions/devry-university-pennsylvania/	0	1
https://gpacalculator.net/admission/devry-universitys-keller-graduate-school-of-management-tennessee/	devry-universitys-keller-graduate-school-of-management-tennessee	admission	old-slug twin; search console	301 https://gpacalculator.net/admissions/devry-university-tennessee/	0	7
https://gpacalculator.net/admission/devry-universitys-keller-graduate-school-of-management-texas/	devry-universitys-keller-graduate-school-of-management-texas	admission	old-slug twin; search console	301 https://gpacalculator.net/admissions/devry-university-texas/	0	5
https://gpacalculator.net/admission/devry-universitys-keller-graduate-school-of-management-utah/	devry-universitys-keller-graduate-school-of-management-utah	admission	old-slug twin; search console	301 https://gpacalculator.net/admissions/devry-university-utah/	0	49
https://gpacalculator.net/admission/devry-universitys-keller-graduate-school-of-management-virginia/	devry-universitys-keller-graduate-school-of-management-virginia	admission	old-slug twin; search console	301 https://gpacalculator.net/admissions/devry-university-virginia/	0	14
https://gpacalculator.net/admission/devry-universitys-keller-graduate-school-of-management-washington/	devry-universitys-keller-graduate-school-of-management-washington	admission	old-slug twin; search console	301 https://gpacalculator.net/admissions/devry-university-washington/	0	1
https://gpacalculator.net/admission/devry-universitys-keller-graduate-school-of-management-wisconsin/	devry-universitys-keller-graduate-school-of-management-wisconsin	admission	old-slug twin; search console	301 https://gpacalculator.net/admissions/devry-university-wisconsin/	0	16
https://gpacalculator.net/admission/digital-media-arts-college/	digital-media-arts-college	admission	removed (C)	410	0	0
https://gpacalculator.net/admission/dowling-college/	dowling-college	admission	unresolved	unresolved	0	0
https://gpacalculator.net/admission/drury-university/	drury-university	admission	old-slug twin; search console	301 https://gpacalculator.net/admissions/drury/	1	133
https://gpacalculator.net/admission/duke-university/	duke-university	admission	old-slug twin; search console	301 https://gpacalculator.net/admissions/duke/	1	1623
https://gpacalculator.net/admission/duluth-business-university/	duluth-business-university	admission	removed (C); search console	410	0	3
https://gpacalculator.net/admission/duquesne-university/	duquesne-university	admission	old-slug twin; search console	301 https://gpacalculator.net/admissions/duquesne/	2	460
https://gpacalculator.net/admission/eagle-gate-college-salt-lake-city/	eagle-gate-college-salt-lake-city	admission	removed (C)	410	0	0
https://gpacalculator.net/admission/east-san-gabriel-valley-regional-occupational-program/	east-san-gabriel-valley-regional-occupational-program	admission	removed (C)	410	0	0
https://gpacalculator.net/admission/eastern-gateway-community-college/	eastern-gateway-community-college	admission	unresolved	unresolved	0	0
https://gpacalculator.net/admission/eastfield-college/	eastfield-college	admission	legacy map	301 https://gpacalculator.net/admissions/el-centro-college/	0	0
https://gpacalculator.net/admission/ecotech-institute/	ecotech-institute	admission	removed (C)	410	0	0
https://gpacalculator.net/admission/edinboro-university-of-pennsylvania/	edinboro-university-of-pennsylvania	admission	removed (N); search console	301 https://gpacalculator.net/admissions/pennsylvania-western-university/	0	247
https://gpacalculator.net/admission/el-centro-college/	el-centro-college	admission	live college, old form	301 https://gpacalculator.net/admissions/el-centro-college/	0	0
https://gpacalculator.net/admission/ellis-university/	ellis-university	admission	unresolved; search console	unresolved	0	6
https://gpacalculator.net/admission/embry-riddle-aeronautical-uni-daytona-beach/	embry-riddle-aeronautical-uni-daytona-beach	admission	old-slug twin; search console	301 https://gpacalculator.net/admissions/embry-riddle/	6	2651
https://gpacalculator.net/admission/embry-riddle-aeronautical-university-daytona-beach/	embry-riddle-aeronautical-university-daytona-beach	admission	old-slug twin; search console	301 https://gpacalculator.net/admissions/embry-riddle/	2	2371
https://gpacalculator.net/admission/embry-riddle-aeronautical-university-prescott/	embry-riddle-aeronautical-university-prescott	admission	old-slug twin; search console	301 https://gpacalculator.net/admissions/embry-riddle-prescott/	0	442
https://gpacalculator.net/admission/emory-university/	emory-university	admission	old-slug twin; search console	301 https://gpacalculator.net/admissions/emory/	6	1988
https://gpacalculator.net/admission/erie-business-center-erie/	erie-business-center-erie	admission	removed (C)	410	0	0
https://gpacalculator.net/admission/erie-business-center-new-castle/	erie-business-center-new-castle	admission	removed (C)	410	0	0
https://gpacalculator.net/admission/everest-university-brandon/	everest-university-brandon	admission	legacy map; search console	410	0	24
https://gpacalculator.net/admission/everest-university-jacksonville/	everest-university-jacksonville	admission	legacy map; search console	410	0	65
https://gpacalculator.net/admission/everest-university-lakeland/	everest-university-lakeland	admission	legacy map; search console	410	0	43
https://gpacalculator.net/admission/everest-university-largo/	everest-university-largo	admission	legacy map; search console	410	0	73
https://gpacalculator.net/admission/everest-university-melbourne/	everest-university-melbourne	admission	legacy map	410	0	0
https://gpacalculator.net/admission/everest-university-north-orlando/	everest-university-north-orlando	admission	legacy map; search console	410	0	13
https://gpacalculator.net/admission/everest-university-orange-park/	everest-university-orange-park	admission	legacy map; search console	410	0	35
https://gpacalculator.net/admission/everest-university-pompano-beach/	everest-university-pompano-beach	admission	legacy map	410	0	0
https://gpacalculator.net/admission/everest-university-south-orlando/	everest-university-south-orlando	admission	legacy map	410	0	0
https://gpacalculator.net/admission/everest-university-tampa/	everest-university-tampa	admission	legacy map; search console	410	0	20
https://gpacalculator.net/admission/expression-college-for-digital-arts/	expression-college-for-digital-arts	admission	removed (C)	410	0	0
https://gpacalculator.net/admission/fairleigh-dickinson-uni-metropolitan-campus/	fairleigh-dickinson-uni-metropolitan-campus	admission	old-slug twin; search console	301 https://gpacalculator.net/admissions/fairleigh-dickinson-university-metropolitan-campus/	0	239
https://gpacalculator.net/admission/fashion-careers-college/	fashion-careers-college	admission	removed (C)	410	0	0
https://gpacalculator.net/admission/fashion-institute-of-design-and-merchandising-los-angeles/	fashion-institute-of-design-and-merchandising-los-angeles	admission	unresolved	unresolved	0	0
https://gpacalculator.net/admission/fashion-institute-of-design-and-merchandising-orange-county/	fashion-institute-of-design-and-merchandising-orange-county	admission	unresolved	unresolved	0	0
https://gpacalculator.net/admission/fashion-institute-of-design-and-merchandising-san-diego/	fashion-institute-of-design-and-merchandising-san-diego	admission	unresolved	unresolved	0	0
https://gpacalculator.net/admission/fashion-institute-of-design-and-merchandising-san-francisco/	fashion-institute-of-design-and-merchandising-san-francisco	admission	legacy map	410	0	0
https://gpacalculator.net/admission/finlandia-university/	finlandia-university	admission	removed (C); search console	410	0	25
https://gpacalculator.net/admission/florida-career-college-clearwater/	florida-career-college-clearwater	admission	removed (S)	410	0	0
https://gpacalculator.net/admission/florida-career-college-miami/	florida-career-college-miami	admission	unresolved	unresolved	0	0
https://gpacalculator.net/admission/florida-christian-college/	florida-christian-college	admission	legacy map	410	0	0
https://gpacalculator.net/admission/florida-gulf-coast-university/	florida-gulf-coast-university	admission	old-slug twin; search console	301 https://gpacalculator.net/admissions/florida-gulf-coast/	3	1930
https://gpacalculator.net/admission/florida-international-university/	florida-international-university	admission	old-slug twin; search console	301 https://gpacalculator.net/admissions/florida-international/	2	1076
https://gpacalculator.net/admission/fontbonne-university/	fontbonne-university	admission	unresolved; search console	unresolved	0	39
https://gpacalculator.net/admission/forrest-college/	forrest-college	admission	removed (C)	410	0	0
https://gpacalculator.net/admission/fortis-college-largo/	fortis-college-largo	admission	removed (C)	410	0	0
https://gpacalculator.net/admission/fortis-college-miami/	fortis-college-miami	admission	removed (C)	410	0	0
https://gpacalculator.net/admission/fortis-college-phoenix/	fortis-college-phoenix	admission	removed (C)	410	0	0
https://gpacalculator.net/admission/fortis-college-ravenna/	fortis-college-ravenna	admission	removed (C)	410	0	0
https://gpacalculator.net/admission/fortis-college-tampa/	fortis-college-tampa	admission	removed (C)	410	0	0
https://gpacalculator.net/admission/fortis-college-winter-park/	fortis-college-winter-park	admission	removed (C)	410	0	0
https://gpacalculator.net/admission/fortis-institute-erie/	fortis-institute-erie	admission	removed (C)	410	0	0
https://gpacalculator.net/admission/fountainhead-college-of-technology/	fountainhead-college-of-technology	admission	removed (C)	410	0	0
https://gpacalculator.net/admission/francis-marion-university/	francis-marion-university	admission	old-slug twin; search console	301 https://gpacalculator.net/admissions/francis-marion/	0	507
https://gpacalculator.net/admission/franciscan-university-of-steubenville/	franciscan-university-of-steubenville	admission	old-slug twin; search console	301 https://gpacalculator.net/admissions/franciscan/	1	367
https://gpacalculator.net/admission/gallipolis-career-college/	gallipolis-career-college	admission	removed (C)	410	0	0
https://gpacalculator.net/admission/gateway-community-college-new-haven/	gateway-community-college-new-haven	admission	removed (N)	301 https://gpacalculator.net/admissions/connecticut-state-community-college/	0	0
https://gpacalculator.net/admission/george-washington-university/	george-washington-university	admission	old-slug twin; search console	301 https://gpacalculator.net/admissions/george-washington/	1	1685
https://gpacalculator.net/admission/georgetown-university/	georgetown-university	admission	old-slug twin; search console	301 https://gpacalculator.net/admissions/georgetown/	0	1350
https://gpacalculator.net/admission/georgia-college-state-university/	georgia-college-state-university	admission	old-slug twin; search console	301 https://gpacalculator.net/admissions/georgia-college-and-state-university/	1	278
https://gpacalculator.net/admission/georgia-health-sciences-university/	georgia-health-sciences-university	admission	old-slug twin; search console	301 https://gpacalculator.net/admissions/augusta-university/	0	4
https://gpacalculator.net/admission/georgia-military-college-atlanta-campus/	georgia-military-college-atlanta-campus	admission	removed (C)	301 https://gpacalculator.net/admissions/georgia-military-college/	0	0
https://gpacalculator.net/admission/georgia-military-college-augusta-campus/	georgia-military-college-augusta-campus	admission	removed (M)	301 https://gpacalculator.net/admissions/georgia-military-college/	0	0
https://gpacalculator.net/admission/georgia-military-college-columbus-campus/	georgia-military-college-columbus-campus	admission	removed (M)	301 https://gpacalculator.net/admissions/georgia-military-college/	0	0
https://gpacalculator.net/admission/georgia-military-college-milledgeville-campus/	georgia-military-college-milledgeville-campus	admission	removed (D)	301 https://gpacalculator.net/admissions/georgia-military-college/	0	0
https://gpacalculator.net/admission/georgia-military-college-valdosta-campus/	georgia-military-college-valdosta-campus	admission	removed (M)	301 https://gpacalculator.net/admissions/georgia-military-college/	0	0
https://gpacalculator.net/admission/georgia-military-college-warner-robins-campus/	georgia-military-college-warner-robins-campus	admission	removed (M)	301 https://gpacalculator.net/admissions/georgia-military-college/	0	0
https://gpacalculator.net/admission/globe-institute-of-technology/	globe-institute-of-technology	admission	unresolved	unresolved	0	0
https://gpacalculator.net/admission/globe-university%CB%86green-bay/	globe-university%CB%86green-bay	admission	unresolved	unresolved	0	0
https://gpacalculator.net/admission/globe-university%CB%86madison-west/	globe-university%CB%86madison-west	admission	unresolved	unresolved	0	0
https://gpacalculator.net/admission/globe-university%CB%86wausau/	globe-university%CB%86wausau	admission	unresolved	unresolved	0	0
https://gpacalculator.net/admission/globe-university%cb%86green-bay/	globe-university%cb%86green-bay	admission	search console		0	10
https://gpacalculator.net/admission/globe-university%cb%86madison-west/	globe-university%cb%86madison-west	admission	search console		0	2
https://gpacalculator.net/admission/globe-university%cb%86wausau/	globe-university%cb%86wausau	admission	search console		0	43
https://gpacalculator.net/admission/globe-university-appleton/	globe-university-appleton	admission	unresolved; search console	unresolved	0	4
https://gpacalculator.net/admission/globe-university-eau-claire/	globe-university-eau-claire	admission	unresolved; search console	unresolved	0	23
https://gpacalculator.net/admission/globe-university-green-bay/	globe-university-green-bay	admission	legacy map; search console	410	0	13
https://gpacalculator.net/admission/globe-university-la-crosse/	globe-university-la-crosse	admission	unresolved; search console	unresolved	0	3
https://gpacalculator.net/admission/globe-university-madison-east/	globe-university-madison-east	admission	unresolved; search console	unresolved	0	6
https://gpacalculator.net/admission/globe-university-madison-west/	globe-university-madison-west	admission	legacy map; search console	410	0	8
https://gpacalculator.net/admission/globe-university-sioux-falls/	globe-university-sioux-falls	admission	unresolved; search console	unresolved	0	8
https://gpacalculator.net/admission/globe-university-wausau/	globe-university-wausau	admission	unresolved; search console	unresolved	0	27
https://gpacalculator.net/admission/globe-university-woodbury/	globe-university-woodbury	admission	unresolved; search console	unresolved	0	9
https://gpacalculator.net/admission/goddard-college/	goddard-college	admission	legacy map	410	0	0
https://gpacalculator.net/admission/golden-gate-university-san-francisco/	golden-gate-university-san-francisco	admission	old-slug twin; search console	301 https://gpacalculator.net/admissions/golden-gate-university/	1	277
https://gpacalculator.net/admission/golf-academy-of-america-altamonte-springs/	golf-academy-of-america-altamonte-springs	admission	removed (C)	410	0	0
https://gpacalculator.net/admission/golf-academy-of-america-carlsbad/	golf-academy-of-america-carlsbad	admission	removed (C)	410	0	0
https://gpacalculator.net/admission/golf-academy-of-america-chandler/	golf-academy-of-america-chandler	admission	removed (C)	410	0	0
https://gpacalculator.net/admission/golf-academy-of-america-myrtle-beach/	golf-academy-of-america-myrtle-beach	admission	removed (C)	410	0	0
https://gpacalculator.net/admission/governors-state-university/	governors-state-university	admission	old-slug twin; search console	301 https://gpacalculator.net/admissions/governors-state/	0	127
https://gpacalculator.net/admission/grace-university/	grace-university	admission	removed (R); search console	410	0	6
https://gpacalculator.net/admission/great-falls-college-montana-state-university/	great-falls-college-montana-state-university	admission	old-slug twin; search console	301 https://gpacalculator.net/admissions/montana-state-university-great-falls-college-of-technology/	0	84
https://gpacalculator.net/admission/green-mountain-college/	green-mountain-college	admission	legacy map	410	0	0
https://gpacalculator.net/admission/hands-on-medical-massage-school/	hands-on-medical-massage-school	admission	removed (C)	410	0	0
https://gpacalculator.net/admission/harrison-college-columbus/	harrison-college-columbus	admission	unresolved	unresolved	0	0
https://gpacalculator.net/admission/harrison-college-elkhart/	harrison-college-elkhart	admission	unresolved	unresolved	0	0
https://gpacalculator.net/admission/harrison-college-evansville/	harrison-college-evansville	admission	unresolved	unresolved	0	0
https://gpacalculator.net/admission/harrison-college-indianapolis-east/	harrison-college-indianapolis-east	admission	unresolved	unresolved	0	0
https://gpacalculator.net/admission/harrison-college-lafayette/	harrison-college-lafayette	admission	unresolved	unresolved	0	0
https://gpacalculator.net/admission/harrison-college-terre-haute/	harrison-college-terre-haute	admission	unresolved	unresolved	0	0
https://gpacalculator.net/admission/harrison-college/	harrison-college	admission	legacy map	410	0	0
https://gpacalculator.net/admission/harvard-university/	harvard-university	admission	old-slug twin; search console	301 https://gpacalculator.net/admissions/harvard/	1	2945
https://gpacalculator.net/admission/harvard/	harvard	admission	live college, old form	301 https://gpacalculator.net/admissions/harvard/	0	0
https://gpacalculator.net/admission/helena-college-university-of-montana/	helena-college-university-of-montana	admission	old-slug twin; search console	301 https://gpacalculator.net/admissions/university-of-montana-helena-college-of-technology/	0	53
https://gpacalculator.net/admission/herzing-university-toledo/	herzing-university-toledo	admission	removed (C); search console	410	0	51
https://gpacalculator.net/admission/hesser-college/	hesser-college	admission	removed (C)	410	0	0
https://gpacalculator.net/admission/hibbing-community-college-a-technical-and-community-college/	hibbing-community-college-a-technical-and-community-college	admission	removed (P)	301 https://gpacalculator.net/admissions/minnesota-north-college/	0	0
https://gpacalculator.net/admission/hickey-college/	hickey-college	admission	removed (C)	410	0	0
https://gpacalculator.net/admission/high-school-gpa-guide/	high-school-gpa-guide	admission	search console		0	5
https://gpacalculator.net/admission/hiwassee-college/	hiwassee-college	admission	removed (C)	410	0	0
https://gpacalculator.net/admission/hodges-university/	hodges-university	admission	removed (C); search console	410	0	77
https://gpacalculator.net/admission/hollins-university/	hollins-university	admission	old-slug twin; search console	301 https://gpacalculator.net/admissions/hollins/	0	180
https://gpacalculator.net/admission/holy-names-university/	holy-names-university	admission	legacy map; search console	410	0	112
https://gpacalculator.net/admission/housatonic-community-college/	housatonic-community-college	admission	removed (N)	301 https://gpacalculator.net/admissions/connecticut-state-community-college/	0	0
https://gpacalculator.net/admission/hussian-school-of-art/	hussian-school-of-art	admission	removed (C)	410	0	0
https://gpacalculator.net/admission/husson-university-bangor-maine/	husson-university-bangor-maine	admission	legacy map	301 https://gpacalculator.net/admissions/husson-university/	0	0
https://gpacalculator.net/admission/illinois-eastern-community-colleges-frontier-community-coll/	illinois-eastern-community-colleges-frontier-community-coll	admission	removed (S)	301 https://gpacalculator.net/admissions/illinois-eastern-community-colleges/	0	0
https://gpacalculator.net/admission/illinois-eastern-community-colleges-lincoln-trail-college/	illinois-eastern-community-colleges-lincoln-trail-college	admission	removed (S)	301 https://gpacalculator.net/admissions/illinois-eastern-community-colleges/	0	0
https://gpacalculator.net/admission/illinois-eastern-community-colleges-olney-central-college/	illinois-eastern-community-colleges-olney-central-college	admission	removed (P)	301 https://gpacalculator.net/admissions/illinois-eastern-community-colleges/	0	0
https://gpacalculator.net/admission/illinois-eastern-community-colleges-wabash-valley-college/	illinois-eastern-community-colleges-wabash-valley-college	admission	removed (S)	301 https://gpacalculator.net/admissions/illinois-eastern-community-colleges/	0	0
https://gpacalculator.net/admission/illinois-wesleyan-university/	illinois-wesleyan-university	admission	old-slug twin; search console	301 https://gpacalculator.net/admissions/illinois-wesleyan/	2	324
https://gpacalculator.net/admission/independence-university/	independence-university	admission	legacy map; search console	410	0	2
https://gpacalculator.net/admission/institute-of-design-and-construction/	institute-of-design-and-construction	admission	removed (C)	410	0	0
https://gpacalculator.net/admission/institute-of-production-and-recording/	institute-of-production-and-recording	admission	removed (C)	410	0	0
https://gpacalculator.net/admission/international-business-college/	international-business-college	admission	removed (C)	410	0	0
https://gpacalculator.net/admission/international-college-of-broadcasting/	international-college-of-broadcasting	admission	removed (C)	410	0	0
https://gpacalculator.net/admission/international-professional-school-of-bodywork/	international-professional-school-of-bodywork	admission	removed (R)	410	0	0
https://gpacalculator.net/admission/international-technological-university/	international-technological-university	admission	unresolved; search console	unresolved	0	105
https://gpacalculator.net/admission/iowa-wesleyan-college/	iowa-wesleyan-college	admission	removed (C)	410	0	0
https://gpacalculator.net/admission/island-drafting-and-technical-institute/	island-drafting-and-technical-institute	admission	unresolved	unresolved	0	0
https://gpacalculator.net/admission/itasca-community-college/	itasca-community-college	admission	removed (P)	301 https://gpacalculator.net/admissions/minnesota-north-college/	0	0
https://gpacalculator.net/admission/itt-technical-institute-bradenton/	itt-technical-institute-bradenton	admission	legacy map; search console	410	0	32
https://gpacalculator.net/admission/itt-technical-institute-university-park/	itt-technical-institute-university-park	admission	legacy map; search console	410	1	396
https://gpacalculator.net/admission/ivy-tech-community-college-bloominton/	ivy-tech-community-college-bloominton	admission	removed (P)	301 https://gpacalculator.net/admissions/ivy-tech-community-college/	0	0
https://gpacalculator.net/admission/ivy-tech-community-college-central-indiana/	ivy-tech-community-college-central-indiana	admission	removed (P)	301 https://gpacalculator.net/admissions/ivy-tech-community-college/	0	0
https://gpacalculator.net/admission/ivy-tech-community-college-columbus/	ivy-tech-community-college-columbus	admission	removed (S)	301 https://gpacalculator.net/admissions/ivy-tech-community-college/	0	0
https://gpacalculator.net/admission/ivy-tech-community-college-east-central/	ivy-tech-community-college-east-central	admission	removed (P)	301 https://gpacalculator.net/admissions/ivy-tech-community-college/	0	0
https://gpacalculator.net/admission/ivy-tech-community-college-kokomo/	ivy-tech-community-college-kokomo	admission	removed (S)	301 https://gpacalculator.net/admissions/ivy-tech-community-college/	0	0
https://gpacalculator.net/admission/ivy-tech-community-college-lafayette/	ivy-tech-community-college-lafayette	admission	removed (S)	301 https://gpacalculator.net/admissions/ivy-tech-community-college/	0	0
https://gpacalculator.net/admission/ivy-tech-community-college-northcentral/	ivy-tech-community-college-northcentral	admission	removed (P)	301 https://gpacalculator.net/admissions/ivy-tech-community-college/	0	0
https://gpacalculator.net/admission/ivy-tech-community-college-northeast/	ivy-tech-community-college-northeast	admission	removed (P)	301 https://gpacalculator.net/admissions/ivy-tech-community-college/	0	0
https://gpacalculator.net/admission/ivy-tech-community-college-northwest/	ivy-tech-community-college-northwest	admission	removed (P)	301 https://gpacalculator.net/admissions/ivy-tech-community-college/	0	0
https://gpacalculator.net/admission/ivy-tech-community-college-richmond/	ivy-tech-community-college-richmond	admission	removed (S)	301 https://gpacalculator.net/admissions/ivy-tech-community-college/	0	0
https://gpacalculator.net/admission/ivy-tech-community-college-south-central/	ivy-tech-community-college-south-central	admission	removed (P)	301 https://gpacalculator.net/admissions/ivy-tech-community-college/	0	0
https://gpacalculator.net/admission/ivy-tech-community-college-southeast/	ivy-tech-community-college-southeast	admission	removed (P)	301 https://gpacalculator.net/admissions/ivy-tech-community-college/	0	0
https://gpacalculator.net/admission/ivy-tech-community-college-southwest/	ivy-tech-community-college-southwest	admission	removed (P)	301 https://gpacalculator.net/admissions/ivy-tech-community-college/	0	0
https://gpacalculator.net/admission/ivy-tech-community-college-wabash-valley/	ivy-tech-community-college-wabash-valley	admission	removed (P)	301 https://gpacalculator.net/admissions/ivy-tech-community-college/	0	0
https://gpacalculator.net/admission/james-h-faulkner-state-community-college/	james-h-faulkner-state-community-college	admission	removed (N)	301 https://gpacalculator.net/admissions/coastal-alabama-community-college/	0	0
https://gpacalculator.net/admission/jefferson-college-of-health-sciences/	jefferson-college-of-health-sciences	admission	removed (C)	301 https://gpacalculator.net/admissions/radford-university/	0	0
https://gpacalculator.net/admission/jefferson-davis-community-college/	jefferson-davis-community-college	admission	removed (N)	301 https://gpacalculator.net/admissions/coastal-alabama-community-college/	0	0
https://gpacalculator.net/admission/john-brown-university/	john-brown-university	admission	old-slug twin; search console	301 https://gpacalculator.net/admissions/john-brown/	0	69
https://gpacalculator.net/admission/john-f-kennedy-university/	john-f-kennedy-university	admission	old-slug twin; search console	301 https://gpacalculator.net/admissions/national-university/	0	163
https://gpacalculator.net/admission/johns-hopkins-university/	johns-hopkins-university	admission	old-slug twin; search console	301 https://gpacalculator.net/admissions/johns-hopkins/	2	1332
https://gpacalculator.net/admission/johnson-and-wales-university-charlotte/	johnson-and-wales-university-charlotte	admission	legacy map	301 https://gpacalculator.net/admissions/johnson-wales-university-charlotte/	0	0
https://gpacalculator.net/admission/johnson-and-wales-university-denver/	johnson-and-wales-university-denver	admission	legacy map	410	0	0
https://gpacalculator.net/admission/johnson-and-wales-university-north-miami/	johnson-and-wales-university-north-miami	admission	legacy map	410	0	0
https://gpacalculator.net/admission/johnson-and-wales-university-providence/	johnson-and-wales-university-providence	admission	legacy map	301 https://gpacalculator.net/admissions/johnson-wales-university-providence/	0	0
https://gpacalculator.net/admission/johnson-state-college/	johnson-state-college	admission	removed (N)	301 https://gpacalculator.net/admissions/vermont-state-university/	0	0
https://gpacalculator.net/admission/johnson-wales-university-denver/	johnson-wales-university-denver	admission	removed (C); search console	410	0	127
https://gpacalculator.net/admission/johnson-wales-university-north-miami/	johnson-wales-university-north-miami	admission	removed (C); search console	410	0	152
https://gpacalculator.net/admission/johnson-wales-university-online/	johnson-wales-university-online	admission	unresolved; search console	unresolved	0	157
https://gpacalculator.net/admission/jones-international-university/	jones-international-university	admission	removed (C); search console	410	0	16
https://gpacalculator.net/admission/judson-college/	judson-college	admission	removed (C)	410	0	0
https://gpacalculator.net/admission/kansas-city-uni-of-medicine-and-biosciences/	kansas-city-uni-of-medicine-and-biosciences	admission	old-slug twin; search console	301 https://gpacalculator.net/admissions/kansas-city-university/	0	23
https://gpacalculator.net/admission/kansas-city-university-of-medicine-and-biosciences/	kansas-city-university-of-medicine-and-biosciences	admission	old-slug twin; search console	301 https://gpacalculator.net/admissions/kansas-city-university/	0	20
https://gpacalculator.net/admission/kansas-state-university/	kansas-state-university	admission	old-slug twin; search console	301 https://gpacalculator.net/admissions/kansas-state/	0	214
https://gpacalculator.net/admission/kaplan-university-cedar-falls-campus/	kaplan-university-cedar-falls-campus	admission	removed (R); search console	410	0	8
https://gpacalculator.net/admission/kaplan-university-cedar-rapids-campus/	kaplan-university-cedar-rapids-campus	admission	removed (N); search console	301 https://gpacalculator.net/admissions/purdue-university-global/	0	92
https://gpacalculator.net/admission/kaplan-university-council-bluffs-campus/	kaplan-university-council-bluffs-campus	admission	removed (R); search console	410	0	31
https://gpacalculator.net/admission/kaplan-university-des-moines-campus/	kaplan-university-des-moines-campus	admission	removed (N); search console	301 https://gpacalculator.net/admissions/purdue-university-global/	0	49
https://gpacalculator.net/admission/kaplan-university-hagerstown-campus/	kaplan-university-hagerstown-campus	admission	removed (R); search console	410	0	4
https://gpacalculator.net/admission/kaplan-university-lincoln-campus/	kaplan-university-lincoln-campus	admission	removed (N); search console	301 https://gpacalculator.net/admissions/purdue-university-global/	1	197
https://gpacalculator.net/admission/kaplan-university-maine-campus/	kaplan-university-maine-campus	admission	removed (N); search console	301 https://gpacalculator.net/admissions/purdue-university-global/	0	4
https://gpacalculator.net/admission/kaplan-university-mason-city-campus/	kaplan-university-mason-city-campus	admission	removed (R); search console	410	0	37
https://gpacalculator.net/admission/kaplan-university-omaha-campus/	kaplan-university-omaha-campus	admission	removed (R); search console	410	0	3
https://gpacalculator.net/admission/keiser-career-college-jacksonville/	keiser-career-college-jacksonville	admission	legacy map	410	0	0
https://gpacalculator.net/admission/kendall-college/	kendall-college	admission	removed (C)	301 https://gpacalculator.net/admissions/national-louis-university/	0	0
https://gpacalculator.net/admission/kennesaw-state-university-kennesaw-georgia/	kennesaw-state-university-kennesaw-georgia	admission	legacy map	301 https://gpacalculator.net/admissions/kennesaw-state-university/	0	0
https://gpacalculator.net/admission/kettering-university/	kettering-university	admission	old-slug twin; search console	301 https://gpacalculator.net/admissions/kettering/	1	174
https://gpacalculator.net/admission/key-college/	key-college	admission	removed (C)	410	0	0
https://gpacalculator.net/admission/kilian-community-college/	kilian-community-college	admission	removed (C)	410	0	0
https://gpacalculator.net/admission/kings-college-nc/	kings-college-nc	admission	removed (C)	410	0	0
https://gpacalculator.net/admission/kingston-university/	kingston-university	admission	unresolved; search console	unresolved	43	798
https://gpacalculator.net/admission/laurel-university/	laurel-university	admission	removed (C); search console	410	0	20
https://gpacalculator.net/admission/lebanon-college/	lebanon-college	admission	removed (C)	410	0	0
https://gpacalculator.net/admission/lecole-culinaire-mo/	lecole-culinaire-mo	admission	legacy map	410	0	0
https://gpacalculator.net/admission/lehigh-university/	lehigh-university	admission	old-slug twin; search console	301 https://gpacalculator.net/admissions/lehigh/	2	1478
https://gpacalculator.net/admission/limestone-college/	limestone-college	admission	unresolved	unresolved	0	0
https://gpacalculator.net/admission/lincoln-christian-university/	lincoln-christian-university	admission	removed (C); search console	410	0	12
https://gpacalculator.net/admission/lincoln-college-of-new-england-hartford/	lincoln-college-of-new-england-hartford	admission	removed (R)	410	0	0
https://gpacalculator.net/admission/lincoln-college-of-new-england-southington/	lincoln-college-of-new-england-southington	admission	removed (C)	410	0	0
https://gpacalculator.net/admission/lincoln-college-of-new-england-suffield/	lincoln-college-of-new-england-suffield	admission	removed (C)	410	0	0
https://gpacalculator.net/admission/lincoln-college-of-technology-cleveland/	lincoln-college-of-technology-cleveland	admission	removed (C)	410	0	0
https://gpacalculator.net/admission/lincoln-college-of-technology-columbus/	lincoln-college-of-technology-columbus	admission	removed (C)	410	0	0
https://gpacalculator.net/admission/lincoln-college-of-technology-dayton/	lincoln-college-of-technology-dayton	admission	removed (C)	410	0	0
https://gpacalculator.net/admission/lincoln-college-of-technology-florence/	lincoln-college-of-technology-florence	admission	removed (C)	410	0	0
https://gpacalculator.net/admission/lincoln-college-of-technology-franklin-lct/	lincoln-college-of-technology-franklin-lct	admission	removed (C)	410	0	0
https://gpacalculator.net/admission/lincoln-college-of-technology-toledo/	lincoln-college-of-technology-toledo	admission	removed (C)	410	0	0
https://gpacalculator.net/admission/lincoln-college-of-technology-tri-county/	lincoln-college-of-technology-tri-county	admission	removed (C)	410	0	0
https://gpacalculator.net/admission/lincoln-college-of-technology-vine-street/	lincoln-college-of-technology-vine-street	admission	removed (C)	410	0	0
https://gpacalculator.net/admission/lincoln-college-of-technology-west-palm-beach/	lincoln-college-of-technology-west-palm-beach	admission	removed (C)	410	0	0
https://gpacalculator.net/admission/lincoln-college/	lincoln-college	admission	removed (R)	410	0	0
https://gpacalculator.net/admission/lincoln-university-3/	lincoln-university-3	admission	old-slug twin; search console	301 https://gpacalculator.net/admissions/lincoln-university-mo/	0	154
https://gpacalculator.net/admission/lincoln-university/	lincoln-university	admission	old-slug twin; search console	301 https://gpacalculator.net/admissions/lincoln-university-ca/	0	104
https://gpacalculator.net/admission/liu-brentwood/	liu-brentwood	admission	unresolved; search console	unresolved	0	70
https://gpacalculator.net/admission/liu-brooklyn/	liu-brooklyn	admission	old-slug twin; search console	301 https://gpacalculator.net/admissions/long-island-university-brooklyn-campus/	0	229
https://gpacalculator.net/admission/liu-hudson-at-rockland/	liu-hudson-at-rockland	admission	legacy map; search console	410	0	16
https://gpacalculator.net/admission/liu-hudson-at-westchester/	liu-hudson-at-westchester	admission	unresolved; search console	unresolved	0	35
https://gpacalculator.net/admission/liu-post/	liu-post	admission	old-slug twin; search console	301 https://gpacalculator.net/admissions/long-island-university-c-w-post-campus/	8	2190
https://gpacalculator.net/admission/liu-riverhead/	liu-riverhead	admission	unresolved; search console	unresolved	0	49
https://gpacalculator.net/admission/liu-university-center-campus/	liu-university-center-campus	admission	unresolved; search console	unresolved	0	60
https://gpacalculator.net/admission/living-arts-college/	living-arts-college	admission	removed (C)	410	0	0
https://gpacalculator.net/admission/lock-haven-university/	lock-haven-university	admission	removed (S); search console	301 https://gpacalculator.net/admissions/commonwealth-university-of-pennsylvania/	2	1176
https://gpacalculator.net/admission/lon-morris-college/	lon-morris-college	admission	removed (C)	410	0	0
https://gpacalculator.net/admission/long-island-business-institute/	long-island-business-institute	admission	legacy map	410	0	0
https://gpacalculator.net/admission/long-island-university-brentwood-campus/	long-island-university-brentwood-campus	admission	unresolved; search console	unresolved	0	9
https://gpacalculator.net/admission/long-island-university-brooklyn-campus/	long-island-university-brooklyn-campus	admission	removed (N); search console	301 https://gpacalculator.net/admissions/long-island-university/	1	319
https://gpacalculator.net/admission/long-island-university-c-w-post-campus/	long-island-university-c-w-post-campus	admission	removed (N); search console	301 https://gpacalculator.net/admissions/long-island-university/	0	43
https://gpacalculator.net/admission/long-island-university-riverhead-campus/	long-island-university-riverhead-campus	admission	unresolved	unresolved	0	0
https://gpacalculator.net/admission/long-island-university-rockland-campus/	long-island-university-rockland-campus	admission	legacy map; search console	410	0	49
https://gpacalculator.net/admission/long-island-university-university-center-campus/	long-island-university-university-center-campus	admission	unresolved; search console	unresolved	0	124
https://gpacalculator.net/admission/long-island-university-westchester-campus/	long-island-university-westchester-campus	admission	unresolved; search console	unresolved	0	20
https://gpacalculator.net/admission/louisiana-delta-community-college-monroe-campus/	louisiana-delta-community-college-monroe-campus	admission	removed (D)	301 https://gpacalculator.net/admissions/louisiana-delta-community-college/	0	0
https://gpacalculator.net/admission/louisiana-state-uni-and-agricultural-mechanical-college/	louisiana-state-uni-and-agricultural-mechanical-college	admission	old-slug twin; search console	301 https://gpacalculator.net/admissions/lsu/	0	10
https://gpacalculator.net/admission/louisiana-state-uni-health-sciences-center-new-orleans/	louisiana-state-uni-health-sciences-center-new-orleans	admission	old-slug twin; search console	301 https://gpacalculator.net/admissions/lsu-health-new-orleans/	0	3
https://gpacalculator.net/admission/louisiana-state-uni-health-sciences-center-shreveport/	louisiana-state-uni-health-sciences-center-shreveport	admission	old-slug twin; search console	301 https://gpacalculator.net/admissions/lsu-health-shreveport/	0	4
https://gpacalculator.net/admission/louisiana-state-university-and-agricultural-mechanical-college/	louisiana-state-university-and-agricultural-mechanical-college	admission	old-slug twin; search console	301 https://gpacalculator.net/admissions/lsu/	0	328
https://gpacalculator.net/admission/louisiana-state-university-health-sciences-center-new-orleans/	louisiana-state-university-health-sciences-center-new-orleans	admission	old-slug twin; search console	301 https://gpacalculator.net/admissions/lsu-health-new-orleans/	1	22
https://gpacalculator.net/admission/louisiana-state-university-health-sciences-center-shreveport/	louisiana-state-university-health-sciences-center-shreveport	admission	old-slug twin; search console	301 https://gpacalculator.net/admissions/lsu-health-shreveport/	0	6
https://gpacalculator.net/admission/louisiana-state-university-system-office/	louisiana-state-university-system-office	admission	old-slug twin; search console	410	0	21
https://gpacalculator.net/admission/loyola-marymount-university/	loyola-marymount-university	admission	old-slug twin; search console	301 https://gpacalculator.net/admissions/loyola-marymount/	2	1523
https://gpacalculator.net/admission/luther-rice-university-seminary/	luther-rice-university-seminary	admission	old-slug twin; search console	301 https://gpacalculator.net/admissions/luther-rice-university/	0	18
https://gpacalculator.net/admission/lyme-academy-college-of-fine-arts/	lyme-academy-college-of-fine-arts	admission	removed (C)	301 https://gpacalculator.net/admissions/university-of-new-haven/	0	0
https://gpacalculator.net/admission/lyndon-state-college/	lyndon-state-college	admission	removed (N)	301 https://gpacalculator.net/admissions/vermont-state-university/	0	0
https://gpacalculator.net/admission/macmurray-college/	macmurray-college	admission	removed (C)	410	0	0
https://gpacalculator.net/admission/macon-state-college/	macon-state-college	admission	legacy map	301 https://gpacalculator.net/admissions/middle-georgia-state-university/	0	0
https://gpacalculator.net/admission/maharishi-university-of-management/	maharishi-university-of-management	admission	live college, old form	301 https://gpacalculator.net/admissions/maharishi-university-of-management/	0	51
https://gpacalculator.net/admission/manchester-community-college-ct/	manchester-community-college-ct	admission	removed (N)	301 https://gpacalculator.net/admissions/connecticut-state-community-college/	0	0
https://gpacalculator.net/admission/mansfield-university-of-pennsylvania/	mansfield-university-of-pennsylvania	admission	removed (S); search console	301 https://gpacalculator.net/admissions/commonwealth-university-of-pennsylvania/	0	233
https://gpacalculator.net/admission/marian-court-college/	marian-court-college	admission	removed (C)	410	0	0
https://gpacalculator.net/admission/marian-university-3/	marian-university-3	admission	unresolved; search console	unresolved	0	279
https://gpacalculator.net/admission/marian-university-wi/	marian-university-wi	admission	legacy map	301 https://gpacalculator.net/admissions/marian-university/	0	0
https://gpacalculator.net/admission/marlboro-college/	marlboro-college	admission	unresolved	unresolved	0	0
https://gpacalculator.net/admission/martin-university/	martin-university	admission	unresolved; search console	unresolved	0	109
https://gpacalculator.net/admission/marygrove-college/	marygrove-college	admission	removed (C)	410	0	0
https://gpacalculator.net/admission/marylhurst-university/	marylhurst-university	admission	removed (C); search console	410	1	29
https://gpacalculator.net/admission/marymount-college/	marymount-college	admission	removed (R)	410	0	0
https://gpacalculator.net/admission/mccann-monroe-career-training/	mccann-monroe-career-training	admission	removed (R)	410	0	0
https://gpacalculator.net/admission/mccann-school-of-business-and-technology/	mccann-school-of-business-and-technology	admission	removed (C)	410	0	0
https://gpacalculator.net/admission/mcnally-smith-college-of-music/	mcnally-smith-college-of-music	admission	removed (C)	410	0	0
https://gpacalculator.net/admission/medaille-college/	medaille-college	admission	removed (C)	410	0	0
https://gpacalculator.net/admission/medtech-college-ft-wayne-campus/	medtech-college-ft-wayne-campus	admission	removed (C)	410	0	0
https://gpacalculator.net/admission/medtech-college-greenwood-campus/	medtech-college-greenwood-campus	admission	removed (C)	410	0	0
https://gpacalculator.net/admission/medtech-college-lexington-campus/	medtech-college-lexington-campus	admission	removed (C)	410	0	0
https://gpacalculator.net/admission/medtech-college/	medtech-college	admission	removed (C)	410	0	0
https://gpacalculator.net/admission/medvance-institute-fort-lauderdale/	medvance-institute-fort-lauderdale	admission	removed (C)	410	0	0
https://gpacalculator.net/admission/medvance-institute-miami/	medvance-institute-miami	admission	removed (C)	410	0	0
https://gpacalculator.net/admission/medvance-institute-west-palm/	medvance-institute-west-palm	admission	removed (C)	410	0	0
https://gpacalculator.net/admission/memphis-college-of-art/	memphis-college-of-art	admission	removed (R)	410	0	0
https://gpacalculator.net/admission/mercer-university/	mercer-university	admission	old-slug twin; search console	301 https://gpacalculator.net/admissions/mercer/	1	1642
https://gpacalculator.net/admission/mesabi-range-community-and-technical-college/	mesabi-range-community-and-technical-college	admission	removed (P)	301 https://gpacalculator.net/admissions/minnesota-north-college/	0	0
https://gpacalculator.net/admission/metro-business-college-arnold/	metro-business-college-arnold	admission	removed (C)	410	0	0
https://gpacalculator.net/admission/metro-business-college-cape-girardeau/	metro-business-college-cape-girardeau	admission	removed (R)	410	0	0
https://gpacalculator.net/admission/metro-business-college-jefferson-city/	metro-business-college-jefferson-city	admission	removed (R)	410	0	0
https://gpacalculator.net/admission/metro-business-college-rolla/	metro-business-college-rolla	admission	removed (R)	410	0	0
https://gpacalculator.net/admission/metropolitan-community-college-blue-river/	metropolitan-community-college-blue-river	admission	removed (N)	301 https://gpacalculator.net/admissions/metropolitan-community-college-kansas-city/	0	0
https://gpacalculator.net/admission/metropolitan-community-college-business-and-technology/	metropolitan-community-college-business-and-technology	admission	removed (N)	301 https://gpacalculator.net/admissions/metropolitan-community-college-kansas-city/	0	0
https://gpacalculator.net/admission/metropolitan-community-college-longview/	metropolitan-community-college-longview	admission	removed (N)	301 https://gpacalculator.net/admissions/metropolitan-community-college-kansas-city/	0	0
https://gpacalculator.net/admission/metropolitan-community-college-maple-woods/	metropolitan-community-college-maple-woods	admission	removed (N)	301 https://gpacalculator.net/admissions/metropolitan-community-college-kansas-city/	0	0
https://gpacalculator.net/admission/metropolitan-community-college-penn-valley/	metropolitan-community-college-penn-valley	admission	removed (N)	301 https://gpacalculator.net/admissions/metropolitan-community-college-kansas-city/	0	0
https://gpacalculator.net/admission/miami-jacobs-career-college-columbus/	miami-jacobs-career-college-columbus	admission	removed (C)	410	0	0
https://gpacalculator.net/admission/miami-jacobs-career-college-dayton/	miami-jacobs-career-college-dayton	admission	removed (C)	410	0	0
https://gpacalculator.net/admission/miami-jacobs-career-college-sharonville/	miami-jacobs-career-college-sharonville	admission	removed (C)	410	0	0
https://gpacalculator.net/admission/miami-jacobs-career-college-springboro/	miami-jacobs-career-college-springboro	admission	removed (C)	410	0	0
https://gpacalculator.net/admission/miami-jacobs-career-college-troy/	miami-jacobs-career-college-troy	admission	removed (C)	410	0	0
https://gpacalculator.net/admission/miami-jacobs-career-college/	miami-jacobs-career-college	admission	removed (C)	410	0	0
https://gpacalculator.net/admission/miami-university-oxford/	miami-university-oxford	admission	old-slug twin; search console	301 https://gpacalculator.net/admissions/miami-university/	2	3642
https://gpacalculator.net/admission/michigan-state-university-college-of-law/	michigan-state-university-college-of-law	admission	old-slug twin; search console	301 https://gpacalculator.net/admissions/michigan-state-university/	2	312
https://gpacalculator.net/admission/michigan-technological-university/	michigan-technological-university	admission	old-slug twin; search console	301 https://gpacalculator.net/admissions/michigan-tech/	0	236
https://gpacalculator.net/admission/mid-continent-university/	mid-continent-university	admission	removed (C); search console	410	1	27
https://gpacalculator.net/admission/middle-georgia-college/	middle-georgia-college	admission	legacy map	301 https://gpacalculator.net/admissions/middle-georgia-state-university/	0	0
https://gpacalculator.net/admission/middle-georgia-technical-college/	middle-georgia-technical-college	admission	legacy map	301 https://gpacalculator.net/admissions/central-georgia-technical-college-macon-georgia/	0	0
https://gpacalculator.net/admission/middlesex-community-college-ct/	middlesex-community-college-ct	admission	removed (N)	301 https://gpacalculator.net/admissions/connecticut-state-community-college/	0	0
https://gpacalculator.net/admission/midstate-college/	midstate-college	admission	removed (C)	410	0	0
https://gpacalculator.net/admission/midwestern-university-downers-grove/	midwestern-university-downers-grove	admission	old-slug twin; search console	301 https://gpacalculator.net/admissions/midwestern-university/	0	270
https://gpacalculator.net/admission/midwestern-university-glendale/	midwestern-university-glendale	admission	old-slug twin; search console	301 https://gpacalculator.net/admissions/midwestern-university/	1	118
https://gpacalculator.net/admission/miller-motte-college-cary/	miller-motte-college-cary	admission	removed (C)	410	0	0
https://gpacalculator.net/admission/miller-motte-college-greenville/	miller-motte-college-greenville	admission	removed (C)	410	0	0
https://gpacalculator.net/admission/miller-motte-college-wilmington/	miller-motte-college-wilmington	admission	removed (R)	410	0	0
https://gpacalculator.net/admission/miller-motte-technical-college-clarksville/	miller-motte-technical-college-clarksville	admission	removed (C)	410	0	0
https://gpacalculator.net/admission/miller-motte-technical-college-gulfport/	miller-motte-technical-college-gulfport	admission	removed (C)	410	0	0
https://gpacalculator.net/admission/miller-motte-technical-college-lynchburg/	miller-motte-technical-college-lynchburg	admission	removed (C)	410	0	0
https://gpacalculator.net/admission/miller-motte-technical-college-madison/	miller-motte-technical-college-madison	admission	removed (C)	410	0	0
https://gpacalculator.net/admission/miller-motte-technical-college-north-charleston/	miller-motte-technical-college-north-charleston	admission	removed (R)	410	0	0
https://gpacalculator.net/admission/miller-motte-technical-college-sc/	miller-motte-technical-college-sc	admission	removed (R)	410	0	0
https://gpacalculator.net/admission/milligan-college/	milligan-college	admission	removed (R)	301 https://gpacalculator.net/admissions/milligan-university/	0	0
https://gpacalculator.net/admission/minneapolis-business-college/	minneapolis-business-college	admission	removed (C)	410	0	0
https://gpacalculator.net/admission/minnesota-school-of-business-blaine/	minnesota-school-of-business-blaine	admission	unresolved	unresolved	0	0
https://gpacalculator.net/admission/minnesota-school-of-business-lakeville/	minnesota-school-of-business-lakeville	admission	legacy map	410	0	0
https://gpacalculator.net/admission/minnesota-school-of-business-moorhead/	minnesota-school-of-business-moorhead	admission	unresolved	unresolved	0	0
https://gpacalculator.net/admission/minnesota-school-of-business-plymouth/	minnesota-school-of-business-plymouth	admission	legacy map	410	0	0
https://gpacalculator.net/admission/minnesota-school-of-business-richfield/	minnesota-school-of-business-richfield	admission	unresolved	unresolved	0	0
https://gpacalculator.net/admission/minnesota-school-of-business-rochester/	minnesota-school-of-business-rochester	admission	unresolved	unresolved	0	0
https://gpacalculator.net/admission/minnesota-school-of-business-shakopee/	minnesota-school-of-business-shakopee	admission	legacy map	410	0	0
https://gpacalculator.net/admission/minnesota-school-of-business-waite-park/	minnesota-school-of-business-waite-park	admission	unresolved	unresolved	0	0
https://gpacalculator.net/admission/missouri-tech/	missouri-tech	admission	removed (C)	410	0	0
https://gpacalculator.net/admission/missouri-university-of-science-and-technology/	missouri-university-of-science-and-technology	admission	old-slug twin; search console	301 https://gpacalculator.net/admissions/missouri-st/	0	286
https://gpacalculator.net/admission/monroe-college-new-rochelle/	monroe-college-new-rochelle	admission	removed (C)	301 https://gpacalculator.net/admissions/monroe-college-main-campus/	0	0
https://gpacalculator.net/admission/montana-state-uni-great-falls-college-of-technology/	montana-state-uni-great-falls-college-of-technology	admission	old-slug twin; search console	301 https://gpacalculator.net/admissions/montana-state-university-great-falls-college-of-technology/	0	45
https://gpacalculator.net/admission/montgomery-county-community-college-central-campus/	montgomery-county-community-college-central-campus	admission	removed (N)	301 https://gpacalculator.net/admissions/montgomery-county-community-college/	0	0
https://gpacalculator.net/admission/montgomery-county-community-college-west-campus/	montgomery-county-community-college-west-campus	admission	removed (N)	301 https://gpacalculator.net/admissions/montgomery-county-community-college/	0	0
https://gpacalculator.net/admission/morrison-university/	morrison-university	admission	legacy map; search console	410	0	12
https://gpacalculator.net/admission/moultrie-technical-college/	moultrie-technical-college	admission	removed (C)	301 https://gpacalculator.net/admissions/southern-regional-technical-college/	0	0
https://gpacalculator.net/admission/mount-ida-college/	mount-ida-college	admission	unresolved	unresolved	0	0
https://gpacalculator.net/admission/mountain-state-college/	mountain-state-college	admission	removed (C)	410	0	0
https://gpacalculator.net/admission/mountain-state-university/	mountain-state-university	admission	old-slug twin; search console	301 https://gpacalculator.net/admissions/university-of-charleston/	0	46
https://gpacalculator.net/admission/mountain-view-college/	mountain-view-college	admission	legacy map	301 https://gpacalculator.net/admissions/el-centro-college/	0	0
https://gpacalculator.net/admission/mt-sierra-college/	mt-sierra-college	admission	removed (C)	410	0	0
https://gpacalculator.net/admission/multnomah-university/	multnomah-university	admission	removed (C); search console	410	0	37
https://gpacalculator.net/admission/national-american-uni-colorado-springs-south/	national-american-uni-colorado-springs-south	admission	old-slug twin; search console	301 https://gpacalculator.net/admissions/national-american-university-colorado-springs-south/	0	6
https://gpacalculator.net/admission/national-american-uni-ellsworth-afb-extension/	national-american-uni-ellsworth-afb-extension	admission	search console		0	4
https://gpacalculator.net/admission/national-american-university-albuquerque/	national-american-university-albuquerque	admission	removed (C); search console	410	0	20
https://gpacalculator.net/admission/national-american-university-austin/	national-american-university-austin	admission	removed (C); search console	410	0	2
https://gpacalculator.net/admission/national-american-university-bloomington/	national-american-university-bloomington	admission	removed (C)	410	0	0
https://gpacalculator.net/admission/national-american-university-brooklyn-center/	national-american-university-brooklyn-center	admission	removed (C); search console	410	0	1
https://gpacalculator.net/admission/national-american-university-centennial/	national-american-university-centennial	admission	removed (C); search console	410	0	3
https://gpacalculator.net/admission/national-american-university-colorado-springs-south/	national-american-university-colorado-springs-south	admission	removed (R); search console	410	0	12
https://gpacalculator.net/admission/national-american-university-colorado-springs/	national-american-university-colorado-springs	admission	removed (C); search console	410	0	9
https://gpacalculator.net/admission/national-american-university-denver/	national-american-university-denver	admission	removed (C); search console	410	0	90
https://gpacalculator.net/admission/national-american-university-ellsworth-afb-extension/	national-american-university-ellsworth-afb-extension	admission	removed (C); search console	410	0	4
https://gpacalculator.net/admission/national-american-university-independence/	national-american-university-independence	admission	removed (C); search console	410	0	4
https://gpacalculator.net/admission/national-american-university-lees-summit/	national-american-university-lees-summit	admission	removed (C); search console	410	0	11
https://gpacalculator.net/admission/national-american-university-overland-park/	national-american-university-overland-park	admission	removed (C); search console	410	0	2
https://gpacalculator.net/admission/national-american-university-rio-rancho/	national-american-university-rio-rancho	admission	removed (R); search console	410	0	14
https://gpacalculator.net/admission/national-american-university-roseville/	national-american-university-roseville	admission	removed (C); search console	410	0	19
https://gpacalculator.net/admission/national-american-university-sioux-falls/	national-american-university-sioux-falls	admission	removed (C); search console	410	0	10
https://gpacalculator.net/admission/national-american-university-tulsa/	national-american-university-tulsa	admission	removed (C); search console	410	0	1
https://gpacalculator.net/admission/national-american-university-wichita/	national-american-university-wichita	admission	removed (C); search console	410	0	9
https://gpacalculator.net/admission/national-american-university-zona-rosa/	national-american-university-zona-rosa	admission	removed (C); search console	410	0	6
https://gpacalculator.net/admission/national-college-cincinnati/	national-college-cincinnati	admission	removed (C)	410	0	0
https://gpacalculator.net/admission/national-college-columbus/	national-college-columbus	admission	removed (C)	410	0	0
https://gpacalculator.net/admission/national-college-dayton/	national-college-dayton	admission	removed (C)	410	0	0
https://gpacalculator.net/admission/national-college-of-business-and-technology-nashville/	national-college-of-business-and-technology-nashville	admission	removed (C)	410	0	0
https://gpacalculator.net/admission/national-college-stow/	national-college-stow	admission	removed (C)	410	0	0
https://gpacalculator.net/admission/national-college-willoughby-hills/	national-college-willoughby-hills	admission	removed (C)	410	0	0
https://gpacalculator.net/admission/naugatuck-valley-community-college/	naugatuck-valley-community-college	admission	removed (N)	301 https://gpacalculator.net/admissions/connecticut-state-community-college/	0	0
https://gpacalculator.net/admission/nebraska-christian-college/	nebraska-christian-college	admission	removed (R)	410	0	0
https://gpacalculator.net/admission/new-england-college-of-business/	new-england-college-of-business	admission	unresolved	unresolved	0	0
https://gpacalculator.net/admission/new-england-school-of-communications/	new-england-school-of-communications	admission	removed (C)	301 https://gpacalculator.net/admissions/husson-university/	0	0
https://gpacalculator.net/admission/new-hampshire-institute-of-art/	new-hampshire-institute-of-art	admission	removed (C)	301 https://gpacalculator.net/admissions/new-england-college/	0	0
https://gpacalculator.net/admission/new-layout-test-page/	new-layout-test-page	admission	unresolved; search console	unresolved	0	12
https://gpacalculator.net/admission/new-york-career-institute/	new-york-career-institute	admission	removed (R)	410	0	0
https://gpacalculator.net/admission/new-york-university/	new-york-university	admission	old-slug twin; search console	301 https://gpacalculator.net/admissions/nyu/	3	1664
https://gpacalculator.net/admission/newbury-college-brookline/	newbury-college-brookline	admission	legacy map	410	0	0
https://gpacalculator.net/admission/non-traditional-campuses/	non-traditional-campuses	admission	unresolved	unresolved	0	0
https://gpacalculator.net/admission/north-carolina-a-t-state-university/	north-carolina-a-t-state-university	admission	old-slug twin; search console	301 https://gpacalculator.net/admissions/north-carolina-a-and-t-state-university/	0	1313
https://gpacalculator.net/admission/north-carolina-state-university-at-raleigh/	north-carolina-state-university-at-raleigh	admission	old-slug twin; search console	301 https://gpacalculator.net/admissions/nc-state/	1	1325
https://gpacalculator.net/admission/north-georgia-college-and-state-university/	north-georgia-college-and-state-university	admission	legacy map	301 https://gpacalculator.net/admissions/university-of-north-georgia/	0	0
https://gpacalculator.net/admission/north-georgia-college-state-university/	north-georgia-college-state-university	admission	legacy map; search console	301 https://gpacalculator.net/admissions/university-of-north-georgia/	0	26
https://gpacalculator.net/admission/north-greenville-university/	north-greenville-university	admission	old-slug twin; search console	301 https://gpacalculator.net/admissions/north-greenville/	1	264
https://gpacalculator.net/admission/north-lake-college/	north-lake-college	admission	legacy map	301 https://gpacalculator.net/admissions/el-centro-college/	0	0
https://gpacalculator.net/admission/northcentral-university/	northcentral-university	admission	old-slug twin; search console	301 https://gpacalculator.net/admissions/national-university/	0	145
https://gpacalculator.net/admission/northeast-louisiana-technical-college-delta-ouachita-campus/	northeast-louisiana-technical-college-delta-ouachita-campus	admission	removed (C)	301 https://gpacalculator.net/admissions/louisiana-delta-community-college/	0	0
https://gpacalculator.net/admission/northeastern-university/	northeastern-university	admission	old-slug twin; search console	301 https://gpacalculator.net/admissions/northeastern/	1	1699
https://gpacalculator.net/admission/northland-college/	northland-college	admission	unresolved	unresolved	0	0
https://gpacalculator.net/admission/northland-international-university/	northland-international-university	admission	removed (R); search console	410	1	37
https://gpacalculator.net/admission/northwest-technical-institute/	northwest-technical-institute	admission	removed (C)	410	0	0
https://gpacalculator.net/admission/northwestern-college-il/	northwestern-college-il	admission	unresolved	unresolved	0	0
https://gpacalculator.net/admission/northwestern-college-southwestern-campus/	northwestern-college-southwestern-campus	admission	unresolved	unresolved	0	0
https://gpacalculator.net/admission/northwestern-connecticut-community-college/	northwestern-connecticut-community-college	admission	removed (N)	301 https://gpacalculator.net/admissions/connecticut-state-community-college/	0	0
https://gpacalculator.net/admission/northwestern-polytechnic-university/	northwestern-polytechnic-university	admission	old-slug twin; search console	301 https://gpacalculator.net/admissions/san-francisco-bay-university/	1	70
https://gpacalculator.net/admission/northwestern-university/	northwestern-university	admission	old-slug twin; search console	301 https://gpacalculator.net/admissions/northwestern/	1	785
https://gpacalculator.net/admission/northwood-university-florida/	northwood-university-florida	admission	removed (C); search console	410	0	44
https://gpacalculator.net/admission/northwood-university-texas/	northwood-university-texas	admission	removed (R); search console	301 https://gpacalculator.net/admissions/northwood-university-michigan/	0	34
https://gpacalculator.net/admission/norwalk-community-college/	norwalk-community-college	admission	removed (N)	301 https://gpacalculator.net/admissions/connecticut-state-community-college/	0	0
https://gpacalculator.net/admission/notre-dame-college/	notre-dame-college	admission	removed (C)	410	0	0
https://gpacalculator.net/admission/nova-southeastern-university/	nova-southeastern-university	admission	old-slug twin; search console	301 https://gpacalculator.net/admissions/nova-southeastern/	2	1324
https://gpacalculator.net/admission/nyack-college/	nyack-college	admission	legacy map	410	0	0
https://gpacalculator.net/admission/oak-point-university/	oak-point-university	admission	removed (C)	410	0	0
https://gpacalculator.net/admission/ohio-business-college-columbus/	ohio-business-college-columbus	admission	removed (M)	301 https://gpacalculator.net/admissions/ohio-business-college-sheffield/	0	0
https://gpacalculator.net/admission/ohio-business-college-sandusky/	ohio-business-college-sandusky	admission	unresolved	unresolved	0	0
https://gpacalculator.net/admission/ohio-college-of-massotherapy-inc/	ohio-college-of-massotherapy-inc	admission	removed (C)	410	0	0
https://gpacalculator.net/admission/ohio-mid-western-college/	ohio-mid-western-college	admission	removed (C)	410	0	0
https://gpacalculator.net/admission/ohio-northern-university/	ohio-northern-university	admission	old-slug twin; search console	301 https://gpacalculator.net/admissions/ohio-northern/	0	180
https://gpacalculator.net/admission/ohio-state-uni-agricultural-technical-institute/	ohio-state-uni-agricultural-technical-institute	admission	old-slug twin; search console	301 https://gpacalculator.net/admissions/ohio-state-university-agricultural-technical-institute/	0	55
https://gpacalculator.net/admission/ohio-state-university-main-campus/	ohio-state-university-main-campus	admission	old-slug twin; search console	301 https://gpacalculator.net/admissions/ohio-state/	2	3022
https://gpacalculator.net/admission/ohio-valley-university/	ohio-valley-university	admission	removed (C)	410	0	0
https://gpacalculator.net/admission/okefenokee-technical-college/	okefenokee-technical-college	admission	removed (C)	301 https://gpacalculator.net/admissions/coastal-pines-technical-college/	0	0
https://gpacalculator.net/admission/oklahoma-city-university/	oklahoma-city-university	admission	old-slug twin; search console	301 https://gpacalculator.net/admissions/oklahoma-city/	0	142
https://gpacalculator.net/admission/oklahoma-state-uni-center-for-health-sciences/	oklahoma-state-uni-center-for-health-sciences	admission	old-slug twin; search console	301 https://gpacalculator.net/admissions/oklahoma-state-university-center-for-health-sciences/	1	93
https://gpacalculator.net/admission/oklahoma-state-uni-institute-of-technology-okmulgee/	oklahoma-state-uni-institute-of-technology-okmulgee	admission	old-slug twin; search console	301 https://gpacalculator.net/admissions/oklahoma-state-university-institute-of-technology-okmulgee/	0	15
https://gpacalculator.net/admission/oklahoma-state-university-institute-of-technology/	oklahoma-state-university-institute-of-technology	admission	old-slug twin; search console	301 https://gpacalculator.net/admissions/oklahoma-state-university-institute-of-technology-okmulgee/	0	110
https://gpacalculator.net/admission/olean-business-institute/	olean-business-institute	admission	removed (C)	410	0	0
https://gpacalculator.net/admission/omaha-school-of-massage-and-healthcare-of-herzing-uni/	omaha-school-of-massage-and-healthcare-of-herzing-uni	admission	unresolved; search console	unresolved	0	2
https://gpacalculator.net/admission/omaha-school-of-massage-and-healthcare-of-herzing-university/	omaha-school-of-massage-and-healthcare-of-herzing-university	admission	unresolved; search console	unresolved	0	14
https://gpacalculator.net/admission/omore/	omore	admission	removed (R)	410	0	0
https://gpacalculator.net/admission/oregon-college-of-art-and-craft/	oregon-college-of-art-and-craft	admission	removed (C)	410	0	0
https://gpacalculator.net/admission/oregon-health-science-university/	oregon-health-science-university	admission	old-slug twin; search console	301 https://gpacalculator.net/admissions/oregon-health-and-science-university/	1	317
https://gpacalculator.net/admission/oregon-university-system/	oregon-university-system	admission	old-slug twin; search console	410	0	169
https://gpacalculator.net/admission/ottawa-university-jeffersonville/	ottawa-university-jeffersonville	admission	legacy map; search console	410	0	100
https://gpacalculator.net/admission/ottawa-university-kansas-city/	ottawa-university-kansas-city	admission	unresolved; search console	unresolved	1	107
https://gpacalculator.net/admission/ottawa-university-online/	ottawa-university-online	admission	old-slug twin	301 https://gpacalculator.net/admissions/ottawa-university-ottawa/	0	0
https://gpacalculator.net/admission/ottawa-university-phoenix/	ottawa-university-phoenix	admission	removed (R); search console	410	0	184
https://gpacalculator.net/admission/our-lady-of-the-lake-university/	our-lady-of-the-lake-university	admission	old-slug twin; search console	301 https://gpacalculator.net/admissions/our-lady-of-the-lake-university-san-antonio/	0	104
https://gpacalculator.net/admission/paier-college-of-art-inc/	paier-college-of-art-inc	admission	unresolved	unresolved	0	0
https://gpacalculator.net/admission/palm-beach-atlantic-university/	palm-beach-atlantic-university	admission	old-slug twin; search console	301 https://gpacalculator.net/admissions/palm-beach-atlantic-university-west-palm-beach/	1	529
https://gpacalculator.net/admission/patten-university/	patten-university	admission	unresolved; search console	unresolved	0	31
https://gpacalculator.net/admission/pennsylvania-institute-of-health-and-technology/	pennsylvania-institute-of-health-and-technology	admission	removed (C)	410	0	0
https://gpacalculator.net/admission/pennsylvania-state-uni-penn-state-brandywine/	pennsylvania-state-uni-penn-state-brandywine	admission	old-slug twin; search console	301 https://gpacalculator.net/admissions/pennsylvania-state-university-penn-state-brandywine/	0	145
https://gpacalculator.net/admission/pennsylvania-state-uni-penn-state-erie-behrend-college/	pennsylvania-state-uni-penn-state-erie-behrend-college	admission	old-slug twin; search console	301 https://gpacalculator.net/admissions/pennsylvania-state-university-penn-state-erie-behrend-college/	0	127
https://gpacalculator.net/admission/pennsylvania-state-uni-penn-state-fayette-eberly-campus/	pennsylvania-state-uni-penn-state-fayette-eberly-campus	admission	old-slug twin; search console	301 https://gpacalculator.net/admissions/pennsylvania-state-university-penn-state-fayette-eberly-campus/	0	39
https://gpacalculator.net/admission/pennsylvania-state-uni-penn-state-great-valley/	pennsylvania-state-uni-penn-state-great-valley	admission	old-slug twin; search console	301 https://gpacalculator.net/admissions/pennsylvania-state-university-main-campus/	2	422
https://gpacalculator.net/admission/pennsylvania-state-uni-penn-state-greater-allegheny/	pennsylvania-state-uni-penn-state-greater-allegheny	admission	old-slug twin; search console	301 https://gpacalculator.net/admissions/pennsylvania-state-university-penn-state-greater-allegheny/	0	94
https://gpacalculator.net/admission/pennsylvania-state-uni-penn-state-harrisburg/	pennsylvania-state-uni-penn-state-harrisburg	admission	old-slug twin; search console	301 https://gpacalculator.net/admissions/pennsylvania-state-university-penn-state-harrisburg/	0	167
https://gpacalculator.net/admission/pennsylvania-state-uni-penn-state-lehigh-valley/	pennsylvania-state-uni-penn-state-lehigh-valley	admission	old-slug twin; search console	301 https://gpacalculator.net/admissions/pennsylvania-state-university-penn-state-lehigh-valley/	0	51
https://gpacalculator.net/admission/pennsylvania-state-uni-penn-state-mont-alto/	pennsylvania-state-uni-penn-state-mont-alto	admission	old-slug twin; search console	301 https://gpacalculator.net/admissions/pennsylvania-state-university-penn-state-mont-alto/	0	47
https://gpacalculator.net/admission/pennsylvania-state-uni-penn-state-new-kensington/	pennsylvania-state-uni-penn-state-new-kensington	admission	old-slug twin; search console	301 https://gpacalculator.net/admissions/pennsylvania-state-university-penn-state-new-kensington/	0	11
https://gpacalculator.net/admission/pennsylvania-state-uni-penn-state-schuylkill/	pennsylvania-state-uni-penn-state-schuylkill	admission	old-slug twin; search console	301 https://gpacalculator.net/admissions/pennsylvania-state-university-penn-state-schuylkill/	0	109
https://gpacalculator.net/admission/pennsylvania-state-uni-penn-state-wilkes-barre/	pennsylvania-state-uni-penn-state-wilkes-barre	admission	old-slug twin; search console	301 https://gpacalculator.net/admissions/pennsylvania-state-university-penn-state-wilkes-barre/	0	82
https://gpacalculator.net/admission/pennsylvania-state-uni-penn-state-worthington-scranton/	pennsylvania-state-uni-penn-state-worthington-scranton	admission	old-slug twin; search console	301 https://gpacalculator.net/admissions/pennsylvania-state-university-penn-state-worthington-scranton/	0	19
https://gpacalculator.net/admission/pennsylvania-state-university-college-of-medicine/	pennsylvania-state-university-college-of-medicine	admission	old-slug twin; search console	301 https://gpacalculator.net/admissions/pennsylvania-state-university-main-campus/	0	3
https://gpacalculator.net/admission/pennsylvania-state-university-penn-state-fayette-eberly/	pennsylvania-state-university-penn-state-fayette-eberly	admission	old-slug twin	301 https://gpacalculator.net/admissions/pennsylvania-state-university-penn-state-fayette-eberly-campus/	0	0
https://gpacalculator.net/admission/pennsylvania-state-university-penn-state-great-valley/	pennsylvania-state-university-penn-state-great-valley	admission	old-slug twin; search console	301 https://gpacalculator.net/admissions/pennsylvania-state-university-main-campus/	1	393
https://gpacalculator.net/admission/philadelphia-biblical-university-langhorne/	philadelphia-biblical-university-langhorne	admission	old-slug twin; search console	301 https://gpacalculator.net/admissions/cairn-university/	0	6
https://gpacalculator.net/admission/philadelphia-university/	philadelphia-university	admission	old-slug twin; search console	301 https://gpacalculator.net/admissions/thomas-jefferson-university/	0	199
https://gpacalculator.net/admission/phillips-community-college-of-the-uni-of-arkansas/	phillips-community-college-of-the-uni-of-arkansas	admission	old-slug twin; search console	301 https://gpacalculator.net/admissions/phillips-community-college-of-the-university-of-arkansas/	0	24
https://gpacalculator.net/admission/piedmont-international-university/	piedmont-international-university	admission	removed (C); search console	301 https://gpacalculator.net/admissions/carolina-university/	0	32
https://gpacalculator.net/admission/pierce-college-at-fort-steilacoom/	pierce-college-at-fort-steilacoom	admission	removed (N)	301 https://gpacalculator.net/admissions/pierce-college-district/	0	0
https://gpacalculator.net/admission/pierce-college-at-puyallup/	pierce-college-at-puyallup	admission	removed (N)	301 https://gpacalculator.net/admissions/pierce-college-district/	0	0
https://gpacalculator.net/admission/pinnacle-career-institute-lawrence/	pinnacle-career-institute-lawrence	admission	removed (C)	410	0	0
https://gpacalculator.net/admission/pinnacle-career-institute-south-kansas-city/	pinnacle-career-institute-south-kansas-city	admission	removed (D)	301 https://gpacalculator.net/admissions/pinnacle-career-institute-north-kansas-city/	0	0
https://gpacalculator.net/admission/pioneer-pacific-college/	pioneer-pacific-college	admission	removed (C)	410	0	0
https://gpacalculator.net/admission/pittsburgh-technical-institute/	pittsburgh-technical-institute	admission	legacy map	410	0	0
https://gpacalculator.net/admission/platt-college-aurora/	platt-college-aurora	admission	removed (C)	410	0	0
https://gpacalculator.net/admission/platt-college-san-diego/	platt-college-san-diego	admission	removed (C)	410	0	0
https://gpacalculator.net/admission/polytechnic-institute-of-new-york-university/	polytechnic-institute-of-new-york-university	admission	removed (C); search console	301 https://gpacalculator.net/admissions/nyu/	0	8
https://gpacalculator.net/admission/polytechnic-uni-of-puerto-rico-miami-campus/	polytechnic-uni-of-puerto-rico-miami-campus	admission	old-slug twin; search console	301 https://gpacalculator.net/admissions/polytechnic-university-of-puerto-rico-miami-campus/	0	6
https://gpacalculator.net/admission/polytechnic-university-of-puerto-rico-miami/	polytechnic-university-of-puerto-rico-miami	admission	old-slug twin; search console	301 https://gpacalculator.net/admissions/polytechnic-university-of-puerto-rico-miami-campus/	0	42
https://gpacalculator.net/admission/prairie-view-a-and-m-university/	prairie-view-a-and-m-university	admission	legacy map	301 https://gpacalculator.net/admissions/prairie-view-a-m-university/	0	0
https://gpacalculator.net/admission/presentation-college/	presentation-college	admission	removed (C)	410	0	0
https://gpacalculator.net/admission/prince-institute-of-professional-studies-inc/	prince-institute-of-professional-studies-inc	admission	removed (C)	410	0	0
https://gpacalculator.net/admission/prince-institute-rocky-mountains/	prince-institute-rocky-mountains	admission	removed (C)	410	0	0
https://gpacalculator.net/admission/prince-william-sound-community-college/	prince-william-sound-community-college	admission	removed (C)	301 https://gpacalculator.net/admissions/university-of-alaska-anchorage/	0	0
https://gpacalculator.net/admission/princeton-university/	princeton-university	admission	old-slug twin; search console	301 https://gpacalculator.net/admissions/princeton/	0	2028
https://gpacalculator.net/admission/professional-business-college/	professional-business-college	admission	removed (R)	410	0	0
https://gpacalculator.net/admission/provo-college-american-fork/	provo-college-american-fork	admission	removed (R)	410	0	0
https://gpacalculator.net/admission/purdue-university-calumet-campus/	purdue-university-calumet-campus	admission	legacy map; search console	301 https://gpacalculator.net/admissions/purdue-university-northwest/	0	11
https://gpacalculator.net/admission/purdue-university-north-central-campus/	purdue-university-north-central-campus	admission	legacy map; search console	301 https://gpacalculator.net/admissions/purdue-university-northwest/	0	257
https://gpacalculator.net/admission/quinebaug-valley-community-college/	quinebaug-valley-community-college	admission	removed (N)	301 https://gpacalculator.net/admissions/connecticut-state-community-college/	0	0
https://gpacalculator.net/admission/rainy-river-community-college/	rainy-river-community-college	admission	removed (S)	301 https://gpacalculator.net/admissions/minnesota-north-college/	0	0
https://gpacalculator.net/admission/remington-college-cleveland-west-campus/	remington-college-cleveland-west-campus	admission	removed (C)	410	0	0
https://gpacalculator.net/admission/remington-college-colorado-springs-campus/	remington-college-colorado-springs-campus	admission	removed (C)	410	0	0
https://gpacalculator.net/admission/remington-college-honolulu-campus/	remington-college-honolulu-campus	admission	removed (C)	410	0	0
https://gpacalculator.net/admission/remington-college-houston-campus/	remington-college-houston-campus	admission	removed (C)	410	0	0
https://gpacalculator.net/admission/remington-college-knoxville/	remington-college-knoxville	admission	removed (R)	410	0	0
https://gpacalculator.net/admission/remington-college-little-rock-campus/	remington-college-little-rock-campus	admission	removed (C)	410	0	0
https://gpacalculator.net/admission/remington-college-tampa-campus/	remington-college-tampa-campus	admission	removed (C)	410	0	0
https://gpacalculator.net/admission/remington-college/	remington-college	admission	removed (C)	410	0	0
https://gpacalculator.net/admission/resurrection-university/	resurrection-university	admission	search console		0	30
https://gpacalculator.net/admission/rice-university/	rice-university	admission	old-slug twin; search console	301 https://gpacalculator.net/admissions/rice/	6	1396
https://gpacalculator.net/admission/richland-college/	richland-college	admission	legacy map	301 https://gpacalculator.net/admissions/el-centro-college/	0	0
https://gpacalculator.net/admission/robert-morris-university-illinois/	robert-morris-university-illinois	admission	removed (C); search console	301 https://gpacalculator.net/admissions/roosevelt-university/	0	98
https://gpacalculator.net/admission/rockford-career-college/	rockford-career-college	admission	removed (R)	410	0	0
https://gpacalculator.net/admission/roger-williams-university-school-of-law/	roger-williams-university-school-of-law	admission	unresolved; search console	unresolved	9	634
https://gpacalculator.net/admission/rosalind-franklin-uni-of-medicine-and-science/	rosalind-franklin-uni-of-medicine-and-science	admission	old-slug twin; search console	301 https://gpacalculator.net/admissions/rosalind-franklin-university/	0	116
https://gpacalculator.net/admission/rosalind-franklin-university-of-medicine-and-science/	rosalind-franklin-university-of-medicine-and-science	admission	old-slug twin; search console	301 https://gpacalculator.net/admissions/rosalind-franklin-university/	0	223
https://gpacalculator.net/admission/sage-college/	sage-college	admission	removed (C)	410	0	0
https://gpacalculator.net/admission/saint-augustine-college/	saint-augustine-college	admission	unresolved	unresolved	0	0
https://gpacalculator.net/admission/saint-catharine-college/	saint-catharine-college	admission	removed (C)	410	0	0
https://gpacalculator.net/admission/saint-gregorys-university/	saint-gregorys-university	admission	removed (R); search console	410	1	20
https://gpacalculator.net/admission/saint-josephs-college/	saint-josephs-college	admission	removed (C)	410	0	0
https://gpacalculator.net/admission/saint-louis-christian-college/	saint-louis-christian-college	admission	removed (R)	410	0	0
https://gpacalculator.net/admission/saint-louis-university-main-campus/	saint-louis-university-main-campus	admission	old-slug twin; search console	301 https://gpacalculator.net/admissions/saint-louis/	0	137
https://gpacalculator.net/admission/saint-louis-university/	saint-louis-university	admission	old-slug twin; search console	301 https://gpacalculator.net/admissions/saint-louis/	2	536
https://gpacalculator.net/admission/saint-thomas-university/	saint-thomas-university	admission	search console		0	373
https://gpacalculator.net/admission/salus-university/	salus-university	admission	old-slug twin	301 https://gpacalculator.net/admissions/drexel-university/	0	0
https://gpacalculator.net/admission/samford-university/	samford-university	admission	old-slug twin; search console	301 https://gpacalculator.net/admissions/samford/	1	695
https://gpacalculator.net/admission/san-diego-state-university-imperial-valley-campus/	san-diego-state-university-imperial-valley-campus	admission	removed (M); search console	301 https://gpacalculator.net/admissions/san-diego-state/	0	276
https://gpacalculator.net/admission/san-diego-state-university/	san-diego-state-university	admission	old-slug twin; search console	301 https://gpacalculator.net/admissions/san-diego-state/	0	598
https://gpacalculator.net/admission/san-francisco-art-institute/	san-francisco-art-institute	admission	removed (C)	410	0	0
https://gpacalculator.net/admission/san-joaquin-valley-college-fresno/	san-joaquin-valley-college-fresno	admission	removed (R)	410	0	0
https://gpacalculator.net/admission/santa-barbara-business-college-bakersfield/	santa-barbara-business-college-bakersfield	admission	removed (R)	410	0	0
https://gpacalculator.net/admission/santa-barbara-business-college-santa-maria/	santa-barbara-business-college-santa-maria	admission	removed (C)	410	0	0
https://gpacalculator.net/admission/santa-fe-university-of-art-and-design/	santa-fe-university-of-art-and-design	admission	removed (R); search console	410	0	15
https://gpacalculator.net/admission/school-of-the-museum-of-fine-arts-boston/	school-of-the-museum-of-fine-arts-boston	admission	removed (C)	301 https://gpacalculator.net/admissions/tufts/	0	0
https://gpacalculator.net/admission/shorter-uni-college-of-adult-professional-programs/	shorter-uni-college-of-adult-professional-programs	admission	search console		0	20
https://gpacalculator.net/admission/shorter-university-college-of-adult-professional-programs/	shorter-university-college-of-adult-professional-programs	admission	removed (C); search console	410	0	135
https://gpacalculator.net/admission/sierra-nevada-college/	sierra-nevada-college	admission	removed (C)	410	0	0
https://gpacalculator.net/admission/silver-lake-college-of-the-holy-family/	silver-lake-college-of-the-holy-family	admission	removed (C)	410	0	0
https://gpacalculator.net/admission/simmons-institute-of-funeral-service-inc/	simmons-institute-of-funeral-service-inc	admission	removed (C)	410	0	0
https://gpacalculator.net/admission/skyline-college-roanoke/	skyline-college-roanoke	admission	removed (C)	410	0	0
https://gpacalculator.net/admission/sojourner-douglass-college/	sojourner-douglass-college	admission	removed (C)	410	0	0
https://gpacalculator.net/admission/south-central-louisiana-technical-college-young-memorial-campus/	south-central-louisiana-technical-college-young-memorial-campus	admission	removed (C)	301 https://gpacalculator.net/admissions/south-louisiana-community-college/	0	0
https://gpacalculator.net/admission/south-college-asheville/	south-college-asheville	admission	removed (M)	301 https://gpacalculator.net/admissions/south-college/	0	0
https://gpacalculator.net/admission/south-georgia-college/	south-georgia-college	admission	legacy map	301 https://gpacalculator.net/admissions/south-georgia-state-college/	0	0
https://gpacalculator.net/admission/south-university%cb%86richmond/	south-university%cb%86richmond	admission	search console		0	4
https://gpacalculator.net/admission/south-university%cb%86savannah-online/	south-university%cb%86savannah-online	admission	search console		0	29
https://gpacalculator.net/admission/south-university%cb%86virginia-beach/	south-university%cb%86virginia-beach	admission	search console		0	56
https://gpacalculator.net/admission/south-university-accelerated-graduate-programs/	south-university-accelerated-graduate-programs	admission	old-slug twin; search console	301 https://gpacalculator.net/admissions/south-university/	0	24
https://gpacalculator.net/admission/south-university-columbia/	south-university-columbia	admission	old-slug twin; search console	301 https://gpacalculator.net/admissions/south-university/	0	34
https://gpacalculator.net/admission/south-university-montgomery/	south-university-montgomery	admission	old-slug twin; search console	301 https://gpacalculator.net/admissions/south-university/	0	9
https://gpacalculator.net/admission/south-university-novi/	south-university-novi	admission	legacy map; search console	410	0	18
https://gpacalculator.net/admission/south-university-off-campus-programs/	south-university-off-campus-programs	admission	unresolved; search console	unresolved	1	43
https://gpacalculator.net/admission/south-university-richmond/	south-university-richmond	admission	old-slug twin; search console	301 https://gpacalculator.net/admissions/south-university/	0	20
https://gpacalculator.net/admission/south-university-savannah-online/	south-university-savannah-online	admission	old-slug twin; search console	301 https://gpacalculator.net/admissions/south-university/	0	19
https://gpacalculator.net/admission/south-university-savannah/	south-university-savannah	admission	old-slug twin; search console	301 https://gpacalculator.net/admissions/south-university/	0	39
https://gpacalculator.net/admission/south-university-tampa/	south-university-tampa	admission	old-slug twin; search console	301 https://gpacalculator.net/admissions/south-university/	0	6
https://gpacalculator.net/admission/south-university-the-art-institute-of-dallas/	south-university-the-art-institute-of-dallas	admission	legacy map; search console	410	0	129
https://gpacalculator.net/admission/south-university-the-art-institute-of-fort-worth/	south-university-the-art-institute-of-fort-worth	admission	legacy map; search console	410	0	27
https://gpacalculator.net/admission/south-university-virginia-beach/	south-university-virginia-beach	admission	old-slug twin; search console	301 https://gpacalculator.net/admissions/south-university/	0	52
https://gpacalculator.net/admission/south-university-west-palm-beach/	south-university-west-palm-beach	admission	old-slug twin; search console	301 https://gpacalculator.net/admissions/south-university/	0	100
https://gpacalculator.net/admission/southeastern-bible-college/	southeastern-bible-college	admission	removed (C)	410	0	0
https://gpacalculator.net/admission/southern-california-university-soma/	southern-california-university-soma	admission	legacy map; search console	410	0	32
https://gpacalculator.net/admission/southern-illinois-university-system-office/	southern-illinois-university-system-office	admission	old-slug twin; search console	410	0	20
https://gpacalculator.net/admission/southern-illinois-university-systems-office/	southern-illinois-university-systems-office	admission	old-slug twin; search console	410	0	57
https://gpacalculator.net/admission/southern-polytechnic-state-university/	southern-polytechnic-state-university	admission	legacy map; search console	301 https://gpacalculator.net/admissions/kennesaw-state-university/	0	106
https://gpacalculator.net/admission/southern-university-and-a-and-m-college/	southern-university-and-a-and-m-college	admission	legacy map	301 https://gpacalculator.net/admissions/southern-university-and-a-m-college/	0	0
https://gpacalculator.net/admission/southern-university-board-and-system/	southern-university-board-and-system	admission	old-slug twin; search console	410	0	33
https://gpacalculator.net/admission/southern-vermont-college/	southern-vermont-college	admission	legacy map	410	0	0
https://gpacalculator.net/admission/southern-wesleyan-university/	southern-wesleyan-university	admission	old-slug twin; search console	301 https://gpacalculator.net/admissions/southern-wesleyan/	1	19
https://gpacalculator.net/admission/southwest-georgia-technical-college/	southwest-georgia-technical-college	admission	removed (R)	301 https://gpacalculator.net/admissions/southern-regional-technical-college/	0	0
https://gpacalculator.net/admission/southwest-university-of-visual-arts-albuquerque/	southwest-university-of-visual-arts-albuquerque	admission	removed (C); search console	410	0	18
https://gpacalculator.net/admission/southwest-university-of-visual-arts-tucson/	southwest-university-of-visual-arts-tucson	admission	removed (C); search console	410	0	31
https://gpacalculator.net/admission/spalding-university/	spalding-university	admission	old-slug twin; search console	301 https://gpacalculator.net/admissions/spalding/	0	37
https://gpacalculator.net/admission/st-andrews-university/	st-andrews-university	admission	unresolved; search console	unresolved	0	273
https://gpacalculator.net/admission/st-bonaventure-university/	st-bonaventure-university	admission	old-slug twin; search console	301 https://gpacalculator.net/admissions/saint-bonaventure-university/	0	449
https://gpacalculator.net/admission/st-luke-university/	st-luke-university	admission	unresolved; search console	unresolved	0	10
https://gpacalculator.net/admission/st-marys-seminary-university/	st-marys-seminary-university	admission	old-slug twin; search console	301 https://gpacalculator.net/admissions/st-marys-seminary-and-university/	0	81
https://gpacalculator.net/admission/st-vincents-college/	st-vincents-college	admission	removed (C)	301 https://gpacalculator.net/admissions/sacred-heart-university/	0	0
https://gpacalculator.net/admission/stanford-university/	stanford-university	admission	old-slug twin; search console	301 https://gpacalculator.net/admissions/stanford/	1	2987
https://gpacalculator.net/admission/stenotype-institute-of-jacksonville-inc-jacksonville/	stenotype-institute-of-jacksonville-inc-jacksonville	admission	removed (C)	410	0	0
https://gpacalculator.net/admission/stenotype-institute-of-jacksonville-inc-orlando/	stenotype-institute-of-jacksonville-inc-orlando	admission	removed (C)	410	0	0
https://gpacalculator.net/admission/stevens-henager-college-murray/	stevens-henager-college-murray	admission	legacy map	410	0	0
https://gpacalculator.net/admission/stevens-henager-college-of-business-provo/	stevens-henager-college-of-business-provo	admission	legacy map	410	0	0
https://gpacalculator.net/admission/stevens-henager-college-ogden/	stevens-henager-college-ogden	admission	legacy map	410	0	0
https://gpacalculator.net/admission/stevens-henager-college/	stevens-henager-college	admission	legacy map	410	0	0
https://gpacalculator.net/admission/stony-brook-university/	stony-brook-university	admission	old-slug twin; search console	301 https://gpacalculator.net/admissions/stony-brook/	8	3816
https://gpacalculator.net/admission/stratford-university/	stratford-university	admission	removed (C); search console	410	1	141
https://gpacalculator.net/admission/strayer-university-alabama/	strayer-university-alabama	admission	old-slug twin; search console	301 https://gpacalculator.net/admissions/strayer-university/	0	15
https://gpacalculator.net/admission/strayer-university-arkansas/	strayer-university-arkansas	admission	old-slug twin; search console	301 https://gpacalculator.net/admissions/strayer-university/	0	5
https://gpacalculator.net/admission/strayer-university-delaware/	strayer-university-delaware	admission	old-slug twin; search console	301 https://gpacalculator.net/admissions/strayer-university/	0	13
https://gpacalculator.net/admission/strayer-university-district-of-columbia/	strayer-university-district-of-columbia	admission	old-slug twin; search console	301 https://gpacalculator.net/admissions/strayer-university/	0	47
https://gpacalculator.net/admission/strayer-university-florida/	strayer-university-florida	admission	old-slug twin; search console	301 https://gpacalculator.net/admissions/strayer-university/	0	31
https://gpacalculator.net/admission/strayer-university-georgia/	strayer-university-georgia	admission	old-slug twin; search console	301 https://gpacalculator.net/admissions/strayer-university/	2	118
https://gpacalculator.net/admission/strayer-university-global-region/	strayer-university-global-region	admission	old-slug twin; search console	301 https://gpacalculator.net/admissions/strayer-university/	0	22
https://gpacalculator.net/admission/strayer-university-kentucky/	strayer-university-kentucky	admission	old-slug twin; search console	301 https://gpacalculator.net/admissions/strayer-university/	0	35
https://gpacalculator.net/admission/strayer-university-louisiana/	strayer-university-louisiana	admission	old-slug twin; search console	301 https://gpacalculator.net/admissions/strayer-university/	0	44
https://gpacalculator.net/admission/strayer-university-maryland/	strayer-university-maryland	admission	old-slug twin; search console	301 https://gpacalculator.net/admissions/strayer-university/	0	24
https://gpacalculator.net/admission/strayer-university-mississippi/	strayer-university-mississippi	admission	old-slug twin; search console	301 https://gpacalculator.net/admissions/strayer-university/	0	25
https://gpacalculator.net/admission/strayer-university-new-jersey/	strayer-university-new-jersey	admission	old-slug twin; search console	301 https://gpacalculator.net/admissions/strayer-university/	0	18
https://gpacalculator.net/admission/strayer-university-north-carolina/	strayer-university-north-carolina	admission	old-slug twin; search console	301 https://gpacalculator.net/admissions/strayer-university/	0	30
https://gpacalculator.net/admission/strayer-university-ohio/	strayer-university-ohio	admission	old-slug twin; search console	301 https://gpacalculator.net/admissions/strayer-university/	0	18
https://gpacalculator.net/admission/strayer-university-pennsylvania/	strayer-university-pennsylvania	admission	old-slug twin; search console	301 https://gpacalculator.net/admissions/strayer-university/	0	29
https://gpacalculator.net/admission/strayer-university-south-carolina/	strayer-university-south-carolina	admission	old-slug twin; search console	301 https://gpacalculator.net/admissions/strayer-university/	0	45
https://gpacalculator.net/admission/strayer-university-tennessee/	strayer-university-tennessee	admission	old-slug twin; search console	301 https://gpacalculator.net/admissions/strayer-university/	0	25
https://gpacalculator.net/admission/strayer-university-texas/	strayer-university-texas	admission	old-slug twin; search console	301 https://gpacalculator.net/admissions/strayer-university/	0	115
https://gpacalculator.net/admission/strayer-university-utah/	strayer-university-utah	admission	old-slug twin; search console	301 https://gpacalculator.net/admissions/strayer-university/	0	32
https://gpacalculator.net/admission/strayer-university-virginia/	strayer-university-virginia	admission	old-slug twin; search console	301 https://gpacalculator.net/admissions/strayer-university/	0	32
https://gpacalculator.net/admission/strayer-university-west-virginia/	strayer-university-west-virginia	admission	old-slug twin; search console	301 https://gpacalculator.net/admissions/strayer-university/	0	20
https://gpacalculator.net/admission/taylor-university/	taylor-university	admission	old-slug twin; search console	301 https://gpacalculator.net/admissions/taylor/	1	382
https://gpacalculator.net/admission/tennessee-temple-university/	tennessee-temple-university	admission	removed (C); search console	301 https://gpacalculator.net/admissions/carolina-university/	0	195
https://gpacalculator.net/admission/texas-a-and-m-university-commerce/	texas-a-and-m-university-commerce	admission	first pass	301 https://gpacalculator.net/admissions/texas-a-m-university-commerce/	0	0
https://gpacalculator.net/admission/texas-a-and-m-university-corpus-christi/	texas-a-and-m-university-corpus-christi	admission	legacy map	301 https://gpacalculator.net/admissions/texas-a-m-university-corpus-christi/	0	0
https://gpacalculator.net/admission/texas-a-and-m-university-galveston/	texas-a-and-m-university-galveston	admission	legacy map	301 https://gpacalculator.net/admissions/texas-a-and-m-university-college-station/	0	0
https://gpacalculator.net/admission/texas-a-and-m-university-kingsville/	texas-a-and-m-university-kingsville	admission	legacy map	301 https://gpacalculator.net/admissions/texas-a-m-university-kingsville/	0	0
https://gpacalculator.net/admission/texas-a-and-m-university-texarkana/	texas-a-and-m-university-texarkana	admission	legacy map	301 https://gpacalculator.net/admissions/texas-a-m-university-texarkana/	0	0
https://gpacalculator.net/admission/texas-a-m-international-university/	texas-a-m-international-university	admission	old-slug twin; search console	301 https://gpacalculator.net/admissions/texas-a-and-m-international-university/	1	187
https://gpacalculator.net/admission/texas-a-m-university-college-station/	texas-a-m-university-college-station	admission	old-slug twin; search console	301 https://gpacalculator.net/admissions/texas-a-and-m-university-college-station/	2	773
https://gpacalculator.net/admission/texas-a-m-university-galveston/	texas-a-m-university-galveston	admission	removed (C); search console	301 https://gpacalculator.net/admissions/texas-a-and-m-university-college-station/	0	129
https://gpacalculator.net/admission/texas-a-m-university-system-office/	texas-a-m-university-system-office	admission	old-slug twin; search console	410	0	94
https://gpacalculator.net/admission/texas-lutheran-university/	texas-lutheran-university	admission	old-slug twin; search console	301 https://gpacalculator.net/admissions/texas-lutheran/	0	67
https://gpacalculator.net/admission/texas-state-technical-college-harlingen/	texas-state-technical-college-harlingen	admission	removed (C)	301 https://gpacalculator.net/admissions/texas-state-technical-college/	0	0
https://gpacalculator.net/admission/texas-state-technical-college-marshall/	texas-state-technical-college-marshall	admission	removed (C)	301 https://gpacalculator.net/admissions/texas-state-technical-college/	0	0
https://gpacalculator.net/admission/texas-state-technical-college-waco/	texas-state-technical-college-waco	admission	removed (D)	301 https://gpacalculator.net/admissions/texas-state-technical-college/	0	0
https://gpacalculator.net/admission/texas-state-technical-college-west-texas/	texas-state-technical-college-west-texas	admission	removed (C)	301 https://gpacalculator.net/admissions/texas-state-technical-college/	0	0
https://gpacalculator.net/admission/texas-state-university-san-marcos/	texas-state-university-san-marcos	admission	old-slug twin; search console	301 https://gpacalculator.net/admissions/texas-state-university/	3	649
https://gpacalculator.net/admission/texas-tech-university-system-administration/	texas-tech-university-system-administration	admission	old-slug twin; search console	410	0	158
https://gpacalculator.net/admission/texas-tech-university/	texas-tech-university	admission	old-slug twin; search console	301 https://gpacalculator.net/admissions/texas-tech/	3	4444
https://gpacalculator.net/admission/the-boston-conservatory/	the-boston-conservatory	admission	legacy map	301 https://gpacalculator.net/admissions/berklee-college-of-music/	0	0
https://gpacalculator.net/admission/the-college-of-new-rochelle/	the-college-of-new-rochelle	admission	unresolved	unresolved	0	0
https://gpacalculator.net/admission/the-college-of-saint-rose/	the-college-of-saint-rose	admission	unresolved	unresolved	0	0
https://gpacalculator.net/admission/the-creative-center/	the-creative-center	admission	removed (C)	410	0	0
https://gpacalculator.net/admission/the-dickinson-school-of-law-of-the-pennsylvania-state-uni/	the-dickinson-school-of-law-of-the-pennsylvania-state-uni	admission	old-slug twin; search console	301 https://gpacalculator.net/admissions/pennsylvania-state-university-main-campus/	0	15
https://gpacalculator.net/admission/the-dickinson-school-of-law-of-the-pennsylvania-state-university/	the-dickinson-school-of-law-of-the-pennsylvania-state-university	admission	old-slug twin; search console	301 https://gpacalculator.net/admissions/pennsylvania-state-university-main-campus/	1	39
https://gpacalculator.net/admission/the-illinois-institute-of-art-schaumburg/	the-illinois-institute-of-art-schaumburg	admission	removed (C)	410	0	0
https://gpacalculator.net/admission/the-kings-college/	the-kings-college	admission	unresolved	unresolved	0	0
https://gpacalculator.net/admission/the-national-hispanic-university/	the-national-hispanic-university	admission	removed (C); search console	410	0	3
https://gpacalculator.net/admission/the-new-england-institute-of-art/	the-new-england-institute-of-art	admission	legacy map	410	0	0
https://gpacalculator.net/admission/the-texas-am-university-system-office/	the-texas-am-university-system-office	admission	old-slug twin; search console	410	1	620
https://gpacalculator.net/admission/the-uni-of-texas-health-science-center-at-houston/	the-uni-of-texas-health-science-center-at-houston	admission	old-slug twin; search console	301 https://gpacalculator.net/admissions/uthealth-houston/	1	24
https://gpacalculator.net/admission/the-uni-of-texas-health-science-center-at-san-antonio/	the-uni-of-texas-health-science-center-at-san-antonio	admission	old-slug twin; search console	301 https://gpacalculator.net/admissions/the-university-of-texas-health-science-center-at-san-antonio/	0	1
https://gpacalculator.net/admission/the-uni-of-texas-m-d-anderson-cancer-center/	the-uni-of-texas-m-d-anderson-cancer-center	admission	old-slug twin; search console	301 https://gpacalculator.net/admissions/md-anderson-cancer-center/	0	83
https://gpacalculator.net/admission/the-university-of-alabama/	the-university-of-alabama	admission	old-slug twin; search console	301 https://gpacalculator.net/admissions/alabama/	0	1786
https://gpacalculator.net/admission/the-university-of-tennessee-chattanooga/	the-university-of-tennessee-chattanooga	admission	old-slug twin; search console	301 https://gpacalculator.net/admissions/the-university-of-tennessee-at-chattanooga/	1	476
https://gpacalculator.net/admission/the-university-of-tennessee-knoxville/	the-university-of-tennessee-knoxville	admission	old-slug twin; search console	301 https://gpacalculator.net/admissions/the-university-of-tennessee/	2	1192
https://gpacalculator.net/admission/the-university-of-texas-at-austin/	the-university-of-texas-at-austin	admission	old-slug twin; search console	301 https://gpacalculator.net/admissions/ut-austin/	6	2184
https://gpacalculator.net/admission/the-university-of-texas-at-dallas/	the-university-of-texas-at-dallas	admission	old-slug twin; search console	301 https://gpacalculator.net/admissions/ut-dallas/	1	1035
https://gpacalculator.net/admission/the-university-of-texas-health-science-center-at-houston/	the-university-of-texas-health-science-center-at-houston	admission	old-slug twin; search console	301 https://gpacalculator.net/admissions/uthealth-houston/	8	1020
https://gpacalculator.net/admission/the-university-of-texas-md-anderson-cancer-center/	the-university-of-texas-md-anderson-cancer-center	admission	old-slug twin; search console	301 https://gpacalculator.net/admissions/md-anderson-cancer-center/	1	247
https://gpacalculator.net/admission/the-university-of-texas-medical-branch/	the-university-of-texas-medical-branch	admission	old-slug twin; search console	301 https://gpacalculator.net/admissions/university-of-texas-medical-branch/	2	285
https://gpacalculator.net/admission/the-university-of-texas-system-office/	the-university-of-texas-system-office	admission	old-slug twin	410	0	0
https://gpacalculator.net/admission/the-university-of-the-arts/	the-university-of-the-arts	admission	legacy map; search console	410	0	3
https://gpacalculator.net/admission/the-university-of-west-los-angeles/	the-university-of-west-los-angeles	admission	old-slug twin; search console	301 https://gpacalculator.net/admissions/university-of-west-los-angeles/	0	29
https://gpacalculator.net/admission/three-rivers-community-college-ct/	three-rivers-community-college-ct	admission	removed (N)	301 https://gpacalculator.net/admissions/connecticut-state-community-college/	0	0
https://gpacalculator.net/admission/transylvania-university/	transylvania-university	admission	old-slug twin; search console	301 https://gpacalculator.net/admissions/transylvania/	0	376
https://gpacalculator.net/admission/triangle-tech-inc-bethlehem/	triangle-tech-inc-bethlehem	admission	unresolved	unresolved	0	0
https://gpacalculator.net/admission/triangle-tech-inc-dubois/	triangle-tech-inc-dubois	admission	unresolved	unresolved	0	0
https://gpacalculator.net/admission/triangle-tech-inc-erie/	triangle-tech-inc-erie	admission	legacy map	410	0	0
https://gpacalculator.net/admission/triangle-tech-inc-greensburg/	triangle-tech-inc-greensburg	admission	unresolved	unresolved	0	0
https://gpacalculator.net/admission/triangle-tech-inc-pittsburgh/	triangle-tech-inc-pittsburgh	admission	unresolved	unresolved	0	0
https://gpacalculator.net/admission/triangle-tech-inc-sunbury/	triangle-tech-inc-sunbury	admission	unresolved	unresolved	0	0
https://gpacalculator.net/admission/trident-university-international/	trident-university-international	admission	removed (C); search console	410	1	101
https://gpacalculator.net/admission/trine-uni-regionalnon-traditional-campuses/	trine-uni-regionalnon-traditional-campuses	admission	old-slug twin; search console	301 https://gpacalculator.net/admissions/trine-university-regionalnon-traditional-campuses/	0	4
https://gpacalculator.net/admission/trine-university-south-bend-regional-campus/	trine-university-south-bend-regional-campus	admission	legacy map; search console	301 https://gpacalculator.net/admissions/trine-university-regionalnon-traditional-campuses/	0	188
https://gpacalculator.net/admission/trinity-international-university-florida/	trinity-international-university-florida	admission	removed (C); search console	410	0	64
https://gpacalculator.net/admission/truman-state-university/	truman-state-university	admission	old-slug twin; search console	301 https://gpacalculator.net/admissions/truman-state/	2	304
https://gpacalculator.net/admission/trumbull-business-college/	trumbull-business-college	admission	removed (C)	410	0	0
https://gpacalculator.net/admission/tufts-university/	tufts-university	admission	old-slug twin; search console	301 https://gpacalculator.net/admissions/tufts/	2	1199
https://gpacalculator.net/admission/tunxis-community-college/	tunxis-community-college	admission	removed (N)	301 https://gpacalculator.net/admissions/connecticut-state-community-college/	0	0
https://gpacalculator.net/admission/uc-berkeley/	uc-berkeley	admission	live college, old form	301 https://gpacalculator.net/admissions/uc-berkeley/	0	0
https://gpacalculator.net/admission/uni-of-arkansas-community-college-batesville/	uni-of-arkansas-community-college-batesville	admission	old-slug twin; search console	301 https://gpacalculator.net/admissions/university-of-arkansas-community-college-batesville/	0	42
https://gpacalculator.net/admission/uni-of-arkansas-community-college-morrilton/	uni-of-arkansas-community-college-morrilton	admission	old-slug twin; search console	301 https://gpacalculator.net/admissions/university-of-arkansas-community-college-morrilton/	0	23
https://gpacalculator.net/admission/uni-of-california-system-administration-central-office/	uni-of-california-system-administration-central-office	admission	old-slug twin	410	0	0
https://gpacalculator.net/admission/uni-of-massachusetts-medical-school-worcester/	uni-of-massachusetts-medical-school-worcester	admission	old-slug twin; search console	301 https://gpacalculator.net/admissions/umass-chan-medical-school/	0	14
https://gpacalculator.net/admission/uni-of-medicine-and-dentistry-of-new-jersey/	uni-of-medicine-and-dentistry-of-new-jersey	admission	legacy map; search console	410	0	21
https://gpacalculator.net/admission/uni-of-montana-helena-college-of-technology/	uni-of-montana-helena-college-of-technology	admission	old-slug twin; search console	301 https://gpacalculator.net/admissions/university-of-montana-helena-college-of-technology/	0	36
https://gpacalculator.net/admission/uni-of-nebraska-central-administration-system-office/	uni-of-nebraska-central-administration-system-office	admission	old-slug twin; search console	410	0	5
https://gpacalculator.net/admission/uni-of-the-dc-david-a-clarke-school-of-law/	uni-of-the-dc-david-a-clarke-school-of-law	admission	legacy map; search console	301 https://gpacalculator.net/admissions/university-of-the-district-of-columbia/	5	141
https://gpacalculator.net/admission/union-institute-and-university/	union-institute-and-university	admission	old-slug twin	301 https://gpacalculator.net/admissions/union-institute-university/	0	0
https://gpacalculator.net/admission/union-institute-university/	union-institute-university	admission	removed (R); search console	410	0	809
https://gpacalculator.net/admission/union-university/	union-university	admission	old-slug twin; search console	301 https://gpacalculator.net/admissions/union/	1	137
https://gpacalculator.net/admission/university-of-alabama-at-birmingham/	university-of-alabama-at-birmingham	admission	old-slug twin; search console	301 https://gpacalculator.net/admissions/uab/	0	362
https://gpacalculator.net/admission/university-of-alabama-at-huntsville/	university-of-alabama-at-huntsville	admission	old-slug twin; search console	301 https://gpacalculator.net/admissions/uah/	0	229
https://gpacalculator.net/admission/university-of-alabama-in-huntsville/	university-of-alabama-in-huntsville	admission	old-slug twin; search console	301 https://gpacalculator.net/admissions/uah/	1	426
https://gpacalculator.net/admission/university-of-alabama-system-office/	university-of-alabama-system-office	admission	old-slug twin; search console	410	0	284
https://gpacalculator.net/admission/university-of-alaska-system-of-higher-education/	university-of-alaska-system-of-higher-education	admission	old-slug twin; search console	410	1	25
https://gpacalculator.net/admission/university-of-antelope-valley/	university-of-antelope-valley	admission	legacy map; search console	410	0	29
https://gpacalculator.net/admission/university-of-arkansas-system-office/	university-of-arkansas-system-office	admission	old-slug twin; search console	410	0	16
https://gpacalculator.net/admission/university-of-california-berkeley/	university-of-california-berkeley	admission	old-slug twin; search console	301 https://gpacalculator.net/admissions/uc-berkeley/	1	2238
https://gpacalculator.net/admission/university-of-california-davis/	university-of-california-davis	admission	old-slug twin; search console	301 https://gpacalculator.net/admissions/uc-davis/	0	747
https://gpacalculator.net/admission/university-of-california-hastings-college-of-law/	university-of-california-hastings-college-of-law	admission	old-slug twin; search console	301 https://gpacalculator.net/admissions/uc-law-san-francisco/	2	158
https://gpacalculator.net/admission/university-of-california-irvine/	university-of-california-irvine	admission	old-slug twin; search console	301 https://gpacalculator.net/admissions/uc-irvine/	2	1641
https://gpacalculator.net/admission/university-of-california-los-angeles/	university-of-california-los-angeles	admission	old-slug twin; search console	301 https://gpacalculator.net/admissions/ucla/	0	367
https://gpacalculator.net/admission/university-of-california-riverside/	university-of-california-riverside	admission	old-slug twin; search console	301 https://gpacalculator.net/admissions/uc-riverside/	0	768
https://gpacalculator.net/admission/university-of-california-san-diego/	university-of-california-san-diego	admission	old-slug twin; search console	301 https://gpacalculator.net/admissions/uc-san-diego/	0	1516
https://gpacalculator.net/admission/university-of-california-san-francisco/	university-of-california-san-francisco	admission	old-slug twin; search console	301 https://gpacalculator.net/admissions/uc-san-francisco/	3	678
https://gpacalculator.net/admission/university-of-california-santa-barbara/	university-of-california-santa-barbara	admission	old-slug twin; search console	301 https://gpacalculator.net/admissions/uc-santa-barbara/	0	1776
https://gpacalculator.net/admission/university-of-california-system-administration-central-office/	university-of-california-system-administration-central-office	admission	old-slug twin; search console	410	0	21
https://gpacalculator.net/admission/university-of-chicago/	university-of-chicago	admission	old-slug twin; search console	301 https://gpacalculator.net/admissions/chicago/	1	925
https://gpacalculator.net/admission/university-of-cincinnati-blue-ash-college/	university-of-cincinnati-blue-ash-college	admission	old-slug twin; search console	301 https://gpacalculator.net/admissions/university-of-cincinnati-raymond-walters-college/	1	381
https://gpacalculator.net/admission/university-of-colorado-system-office/	university-of-colorado-system-office	admission	old-slug twin; search console	410	0	3
https://gpacalculator.net/admission/university-of-dallas/	university-of-dallas	admission	old-slug twin; search console	301 https://gpacalculator.net/admissions/dallas/	0	86
https://gpacalculator.net/admission/university-of-dayton/	university-of-dayton	admission	old-slug twin; search console	301 https://gpacalculator.net/admissions/dayton/	1	691
https://gpacalculator.net/admission/university-of-delaware/	university-of-delaware	admission	old-slug twin; search console	301 https://gpacalculator.net/admissions/delaware/	3	2345
https://gpacalculator.net/admission/university-of-florida/	university-of-florida	admission	old-slug twin; search console	301 https://gpacalculator.net/admissions/florida/	0	2208
https://gpacalculator.net/admission/university-of-georgia/	university-of-georgia	admission	old-slug twin; search console	301 https://gpacalculator.net/admissions/georgia/	0	1940
https://gpacalculator.net/admission/university-of-hawaii-system-office/	university-of-hawaii-system-office	admission	old-slug twin; search console	410	0	4
https://gpacalculator.net/admission/university-of-houston-system-administration/	university-of-houston-system-administration	admission	old-slug twin; search console	410	0	43
https://gpacalculator.net/admission/university-of-illinois-at-urbana-champaign/	university-of-illinois-at-urbana-champaign	admission	old-slug twin; search console	301 https://gpacalculator.net/admissions/uiuc/	0	871
https://gpacalculator.net/admission/university-of-illinois-university-administration/	university-of-illinois-university-administration	admission	old-slug twin; search console	410	1	207
https://gpacalculator.net/admission/university-of-iowa/	university-of-iowa	admission	old-slug twin; search console	301 https://gpacalculator.net/admissions/iowa/	1	963
https://gpacalculator.net/admission/university-of-louisiana-at-monroe/	university-of-louisiana-at-monroe	admission	old-slug twin; search console	301 https://gpacalculator.net/admissions/university-of-louisiana-monroe/	0	135
https://gpacalculator.net/admission/university-of-louisiana-system-administration/	university-of-louisiana-system-administration	admission	old-slug twin; search console	410	0	4
https://gpacalculator.net/admission/university-of-maine-at-machias/	university-of-maine-at-machias	admission	removed (M); search console	301 https://gpacalculator.net/admissions/university-of-maine/	0	2
https://gpacalculator.net/admission/university-of-maine-system-central-office/	university-of-maine-system-central-office	admission	old-slug twin; search console	410	0	537
https://gpacalculator.net/admission/university-of-management-and-technology/	university-of-management-and-technology	admission	legacy map; search console	301 https://gpacalculator.net/admissions/university-of-management-and-technology-the/	0	31
https://gpacalculator.net/admission/university-of-maryland-baltimore-county/	university-of-maryland-baltimore-county	admission	old-slug twin; search console	301 https://gpacalculator.net/admissions/umbc/	0	197
https://gpacalculator.net/admission/university-of-maryland-college-park/	university-of-maryland-college-park	admission	old-slug twin; search console	301 https://gpacalculator.net/admissions/umd/	3	3172
https://gpacalculator.net/admission/university-of-massachusetts-amherst/	university-of-massachusetts-amherst	admission	old-slug twin; search console	301 https://gpacalculator.net/admissions/umass-amherst/	0	525
https://gpacalculator.net/admission/university-of-massachusetts-central-office/	university-of-massachusetts-central-office	admission	old-slug twin; search console	410	0	1
https://gpacalculator.net/admission/university-of-massachusetts-medical-school-worcester/	university-of-massachusetts-medical-school-worcester	admission	old-slug twin; search console	301 https://gpacalculator.net/admissions/umass-chan-medical-school/	0	17
https://gpacalculator.net/admission/university-of-medicine-and-dentistry-of-new-jersey/	university-of-medicine-and-dentistry-of-new-jersey	admission	legacy map; search console	410	0	29
https://gpacalculator.net/admission/university-of-michigan-ann-arbor/	university-of-michigan-ann-arbor	admission	old-slug twin; search console	301 https://gpacalculator.net/admissions/michigan/	5	2825
https://gpacalculator.net/admission/university-of-minnesota-twin-cities/	university-of-minnesota-twin-cities	admission	unresolved; search console	unresolved	1	1602
https://gpacalculator.net/admission/university-of-mississippi-medical-center/	university-of-mississippi-medical-center	admission	old-slug twin; search console	301 https://gpacalculator.net/admissions/university-of-mississippi/	1	149
https://gpacalculator.net/admission/university-of-missouri-system-office/	university-of-missouri-system-office	admission	old-slug twin; search console	410	0	2
https://gpacalculator.net/admission/university-of-missouri-systems-office/	university-of-missouri-systems-office	admission	old-slug twin; search console	410	0	22
https://gpacalculator.net/admission/university-of-nebraska-central-administration-system-office/	university-of-nebraska-central-administration-system-office	admission	old-slug twin; search console	410	0	10
https://gpacalculator.net/admission/university-of-new-hampshire-school-of-law/	university-of-new-hampshire-school-of-law	admission	old-slug twin; search console	301 https://gpacalculator.net/admissions/university-of-new-hampshire-main-campus/	0	44
https://gpacalculator.net/admission/university-of-north-carolina-at-chapel-hill/	university-of-north-carolina-at-chapel-hill	admission	old-slug twin; search console	301 https://gpacalculator.net/admissions/unc/	8	3303
https://gpacalculator.net/admission/university-of-north-carolina-system-office/	university-of-north-carolina-system-office	admission	old-slug twin; search console	410	0	81
https://gpacalculator.net/admission/university-of-north-carolina-wilmington/	university-of-north-carolina-wilmington	admission	old-slug twin; search console	301 https://gpacalculator.net/admissions/university-of-north-carolina-at-wilmington/	5	2600
https://gpacalculator.net/admission/university-of-north-florida/	university-of-north-florida	admission	old-slug twin; search console	301 https://gpacalculator.net/admissions/north-florida/	0	667
https://gpacalculator.net/admission/university-of-north-texas-health-science-center/	university-of-north-texas-health-science-center	admission	old-slug twin; search console	301 https://gpacalculator.net/admissions/unt-health-fort-worth/	1	484
https://gpacalculator.net/admission/university-of-north-texas-system/	university-of-north-texas-system	admission	old-slug twin; search console	410	0	138
https://gpacalculator.net/admission/university-of-notre-dame/	university-of-notre-dame	admission	old-slug twin; search console	301 https://gpacalculator.net/admissions/notre-dame/	1	2058
https://gpacalculator.net/admission/university-of-oklahoma-health-sciences-center/	university-of-oklahoma-health-sciences-center	admission	old-slug twin; search console	301 https://gpacalculator.net/admissions/university-of-oklahoma-norman-campus/	0	20
https://gpacalculator.net/admission/university-of-pennsylvania/	university-of-pennsylvania	admission	old-slug twin; search console	301 https://gpacalculator.net/admissions/upenn/	1	1412
https://gpacalculator.net/admission/university-of-phoenix-albuquerque-campus/	university-of-phoenix-albuquerque-campus	admission	removed (C); search console	410	0	1
https://gpacalculator.net/admission/university-of-phoenix-atlanta-campus/	university-of-phoenix-atlanta-campus	admission	removed (C); search console	410	0	2
https://gpacalculator.net/admission/university-of-phoenix-augusta-campus/	university-of-phoenix-augusta-campus	admission	removed (C); search console	410	0	172
https://gpacalculator.net/admission/university-of-phoenix-austin-campus/	university-of-phoenix-austin-campus	admission	removed (S); search console	301 https://gpacalculator.net/admissions/university-of-phoenix/	0	25
https://gpacalculator.net/admission/university-of-phoenix-baton-rouge-campus/	university-of-phoenix-baton-rouge-campus	admission	search console		0	102
https://gpacalculator.net/admission/university-of-phoenix-baton-rouge/	university-of-phoenix-baton-rouge	admission	removed (C); search console	410	0	48
https://gpacalculator.net/admission/university-of-phoenix-bay-area-campus/	university-of-phoenix-bay-area-campus	admission	removed (S); search console	301 https://gpacalculator.net/admissions/university-of-phoenix/	0	31
https://gpacalculator.net/admission/university-of-phoenix-birmingham-campus/	university-of-phoenix-birmingham-campus	admission	removed (C); search console	410	0	4
https://gpacalculator.net/admission/university-of-phoenix-boston-campus/	university-of-phoenix-boston-campus	admission	removed (C); search console	410	0	24
https://gpacalculator.net/admission/university-of-phoenix-central-florida-campus/	university-of-phoenix-central-florida-campus	admission	removed (C); search console	410	0	4
https://gpacalculator.net/admission/university-of-phoenix-central-valley-campus/	university-of-phoenix-central-valley-campus	admission	removed (S); search console	301 https://gpacalculator.net/admissions/university-of-phoenix/	0	53
https://gpacalculator.net/admission/university-of-phoenix-charlotte-campus/	university-of-phoenix-charlotte-campus	admission	removed (C); search console	410	0	37
https://gpacalculator.net/admission/university-of-phoenix-chattanooga-campus/	university-of-phoenix-chattanooga-campus	admission	removed (C); search console	410	0	84
https://gpacalculator.net/admission/university-of-phoenix-cheyenne-campus/	university-of-phoenix-cheyenne-campus	admission	removed (C); search console	410	0	139
https://gpacalculator.net/admission/university-of-phoenix-chicago-campus/	university-of-phoenix-chicago-campus	admission	removed (C)	410	0	0
https://gpacalculator.net/admission/university-of-phoenix-cincinnati-campus/	university-of-phoenix-cincinnati-campus	admission	removed (C)	410	0	0
https://gpacalculator.net/admission/university-of-phoenix-cleveland-campus/	university-of-phoenix-cleveland-campus	admission	removed (C); search console	410	0	19
https://gpacalculator.net/admission/university-of-phoenix-colorado-campus/	university-of-phoenix-colorado-campus	admission	removed (R); search console	410	0	41
https://gpacalculator.net/admission/university-of-phoenix-columbia-campus/	university-of-phoenix-columbia-campus	admission	removed (C); search console	410	0	102
https://gpacalculator.net/admission/university-of-phoenix-columbus-georgia-campus/	university-of-phoenix-columbus-georgia-campus	admission	removed (C)	410	0	0
https://gpacalculator.net/admission/university-of-phoenix-columbus-ohio-campus/	university-of-phoenix-columbus-ohio-campus	admission	removed (C); search console	410	0	39
https://gpacalculator.net/admission/university-of-phoenix-dallas-campus/	university-of-phoenix-dallas-campus	admission	removed (S); search console	301 https://gpacalculator.net/admissions/university-of-phoenix/	0	73
https://gpacalculator.net/admission/university-of-phoenix-delaware-campus/	university-of-phoenix-delaware-campus	admission	search console		0	32
https://gpacalculator.net/admission/university-of-phoenix-delaware/	university-of-phoenix-delaware	admission	removed (C); search console	410	0	28
https://gpacalculator.net/admission/university-of-phoenix-des-moines-campus/	university-of-phoenix-des-moines-campus	admission	removed (C); search console	410	0	47
https://gpacalculator.net/admission/university-of-phoenix-detroit-campus/	university-of-phoenix-detroit-campus	admission	search console		0	8
https://gpacalculator.net/admission/university-of-phoenix-fairfield-county-campus/	university-of-phoenix-fairfield-county-campus	admission	removed (C); search console	410	0	33
https://gpacalculator.net/admission/university-of-phoenix-harrisburg-campus/	university-of-phoenix-harrisburg-campus	admission	removed (R); search console	410	0	83
https://gpacalculator.net/admission/university-of-phoenix-hawaii-campus/	university-of-phoenix-hawaii-campus	admission	unresolved; search console	unresolved	0	29
https://gpacalculator.net/admission/university-of-phoenix-houston-campus/	university-of-phoenix-houston-campus	admission	removed (S); search console	301 https://gpacalculator.net/admissions/university-of-phoenix/	0	16
https://gpacalculator.net/admission/university-of-phoenix-indianapolis-campus/	university-of-phoenix-indianapolis-campus	admission	removed (C); search console	410	1	21
https://gpacalculator.net/admission/university-of-phoenix-jackson-campus/	university-of-phoenix-jackson-campus	admission	removed (C); search console	410	0	42
https://gpacalculator.net/admission/university-of-phoenix-jersey-city-campus/	university-of-phoenix-jersey-city-campus	admission	removed (C); search console	410	0	49
https://gpacalculator.net/admission/university-of-phoenix-kansas-city-campus/	university-of-phoenix-kansas-city-campus	admission	removed (C); search console	410	0	43
https://gpacalculator.net/admission/university-of-phoenix-knoxville-campus/	university-of-phoenix-knoxville-campus	admission	search console		0	4
https://gpacalculator.net/admission/university-of-phoenix-knoxville/	university-of-phoenix-knoxville	admission	removed (C); search console	410	0	14
https://gpacalculator.net/admission/university-of-phoenix-lafayette-campus/	university-of-phoenix-lafayette-campus	admission	search console		0	33
https://gpacalculator.net/admission/university-of-phoenix-lafayette/	university-of-phoenix-lafayette	admission	removed (C); search console	410	0	214
https://gpacalculator.net/admission/university-of-phoenix-las-vegas-campus/	university-of-phoenix-las-vegas-campus	admission	removed (S); search console	410	0	44
https://gpacalculator.net/admission/university-of-phoenix-little-rock-campus/	university-of-phoenix-little-rock-campus	admission	removed (C); search console	410	0	64
https://gpacalculator.net/admission/university-of-phoenix-louisiana-campus/	university-of-phoenix-louisiana-campus	admission	removed (C); search console	410	0	2
https://gpacalculator.net/admission/university-of-phoenix-louisville-campus/	university-of-phoenix-louisville-campus	admission	removed (C); search console	410	0	4
https://gpacalculator.net/admission/university-of-phoenix-madison-campus/	university-of-phoenix-madison-campus	admission	removed (C); search console	410	0	22
https://gpacalculator.net/admission/university-of-phoenix-maryland-campus/	university-of-phoenix-maryland-campus	admission	removed (C); search console	410	0	18
https://gpacalculator.net/admission/university-of-phoenix-memphis-campus/	university-of-phoenix-memphis-campus	admission	removed (C); search console	410	0	53
https://gpacalculator.net/admission/university-of-phoenix-metro-detroit-campus/	university-of-phoenix-metro-detroit-campus	admission	removed (C); search console	410	0	30
https://gpacalculator.net/admission/university-of-phoenix-milwaukee-campus/	university-of-phoenix-milwaukee-campus	admission	removed (C); search console	410	0	2
https://gpacalculator.net/admission/university-of-phoenix-minneapolis-st-paul-campus/	university-of-phoenix-minneapolis-st-paul-campus	admission	removed (R); search console	410	0	34
https://gpacalculator.net/admission/university-of-phoenix-minneapolisst-paul-campus/	university-of-phoenix-minneapolisst-paul-campus	admission	old-slug twin; search console	301 https://gpacalculator.net/admissions/university-of-phoenix-minneapolis-st-paul-campus/	0	92
https://gpacalculator.net/admission/university-of-phoenix-nashville-campus/	university-of-phoenix-nashville-campus	admission	removed (C); search console	410	0	19
https://gpacalculator.net/admission/university-of-phoenix-north-florida-campus/	university-of-phoenix-north-florida-campus	admission	removed (C); search console	410	0	2
https://gpacalculator.net/admission/university-of-phoenix-northern-nevada-campus/	university-of-phoenix-northern-nevada-campus	admission	removed (S); search console	410	0	22
https://gpacalculator.net/admission/university-of-phoenix-northern-virginia-campus/	university-of-phoenix-northern-virginia-campus	admission	removed (C); search console	410	0	48
https://gpacalculator.net/admission/university-of-phoenix-northwest-arkansas-campus/	university-of-phoenix-northwest-arkansas-campus	admission	removed (C); search console	410	0	4
https://gpacalculator.net/admission/university-of-phoenix-northwest-indiana-campus/	university-of-phoenix-northwest-indiana-campus	admission	removed (C); search console	410	0	34
https://gpacalculator.net/admission/university-of-phoenix-oklahoma-city-campus/	university-of-phoenix-oklahoma-city-campus	admission	removed (C); search console	410	0	6
https://gpacalculator.net/admission/university-of-phoenix-omaha-campus/	university-of-phoenix-omaha-campus	admission	removed (C); search console	410	0	37
https://gpacalculator.net/admission/university-of-phoenix-online-campus/	university-of-phoenix-online-campus	admission	removed (S); search console	301 https://gpacalculator.net/admissions/university-of-phoenix/	0	493
https://gpacalculator.net/admission/university-of-phoenix-oregon-campus/	university-of-phoenix-oregon-campus	admission	removed (C); search console	410	0	14
https://gpacalculator.net/admission/university-of-phoenix-philadelphia-campus/	university-of-phoenix-philadelphia-campus	admission	removed (R); search console	410	0	9
https://gpacalculator.net/admission/university-of-phoenix-phoenix-campus/	university-of-phoenix-phoenix-campus	admission	unresolved; search console	unresolved	0	314
https://gpacalculator.net/admission/university-of-phoenix-phoenix-hohokam-campus/	university-of-phoenix-phoenix-hohokam-campus	admission	removed (S); search console	301 https://gpacalculator.net/admissions/university-of-phoenix/	1	81
https://gpacalculator.net/admission/university-of-phoenix-pittsburgh-campus/	university-of-phoenix-pittsburgh-campus	admission	removed (R); search console	410	0	143
https://gpacalculator.net/admission/university-of-phoenix-raleigh-campus/	university-of-phoenix-raleigh-campus	admission	removed (C); search console	410	0	178
https://gpacalculator.net/admission/university-of-phoenix-richmond-campus/	university-of-phoenix-richmond-campus	admission	removed (C); search console	410	0	98
https://gpacalculator.net/admission/university-of-phoenix-richmond-virginia-beach-campus/	university-of-phoenix-richmond-virginia-beach-campus	admission	legacy map; search console	410	0	56
https://gpacalculator.net/admission/university-of-phoenix-sacramento-valley-campus/	university-of-phoenix-sacramento-valley-campus	admission	removed (S); search console	301 https://gpacalculator.net/admissions/university-of-phoenix/	0	16
https://gpacalculator.net/admission/university-of-phoenix-san-antonio-campus/	university-of-phoenix-san-antonio-campus	admission	removed (S); search console	301 https://gpacalculator.net/admissions/university-of-phoenix/	0	51
https://gpacalculator.net/admission/university-of-phoenix-san-diego-campus/	university-of-phoenix-san-diego-campus	admission	removed (S); search console	301 https://gpacalculator.net/admissions/university-of-phoenix/	0	30
https://gpacalculator.net/admission/university-of-phoenix-savannah-campus/	university-of-phoenix-savannah-campus	admission	removed (C); search console	410	0	19
https://gpacalculator.net/admission/university-of-phoenix-shreveport-bossier-campus/	university-of-phoenix-shreveport-bossier-campus	admission	search console		0	11
https://gpacalculator.net/admission/university-of-phoenix-shreveport-bossier/	university-of-phoenix-shreveport-bossier	admission	removed (C); search console	410	0	49
https://gpacalculator.net/admission/university-of-phoenix-south-florida-campus/	university-of-phoenix-south-florida-campus	admission	removed (C); search console	410	0	8
https://gpacalculator.net/admission/university-of-phoenix-southern-arizona-campus/	university-of-phoenix-southern-arizona-campus	admission	removed (S); search console	301 https://gpacalculator.net/admissions/university-of-phoenix/	0	88
https://gpacalculator.net/admission/university-of-phoenix-southern-california-campus/	university-of-phoenix-southern-california-campus	admission	removed (S); search console	301 https://gpacalculator.net/admissions/university-of-phoenix/	0	42
https://gpacalculator.net/admission/university-of-phoenix-southern-colorado-campus/	university-of-phoenix-southern-colorado-campus	admission	removed (C); search console	410	0	19
https://gpacalculator.net/admission/university-of-phoenix-springfield-campus/	university-of-phoenix-springfield-campus	admission	removed (C); search console	410	0	8
https://gpacalculator.net/admission/university-of-phoenix-st-louis-campus/	university-of-phoenix-st-louis-campus	admission	removed (C); search console	410	0	22
https://gpacalculator.net/admission/university-of-phoenix-tulsa-campus/	university-of-phoenix-tulsa-campus	admission	removed (C); search console	410	0	3
https://gpacalculator.net/admission/university-of-phoenix-utah-campus/	university-of-phoenix-utah-campus	admission	removed (C); search console	410	0	3
https://gpacalculator.net/admission/university-of-phoenix-washington-dc-campus/	university-of-phoenix-washington-dc-campus	admission	removed (R); search console	410	0	9
https://gpacalculator.net/admission/university-of-phoenix-west-florida-campus/	university-of-phoenix-west-florida-campus	admission	removed (C)	410	0	0
https://gpacalculator.net/admission/university-of-phoenix-west-michigan-campus/	university-of-phoenix-west-michigan-campus	admission	removed (C); search console	410	0	1
https://gpacalculator.net/admission/university-of-phoenix-western-washington-campus/	university-of-phoenix-western-washington-campus	admission	removed (C); search console	410	0	49
https://gpacalculator.net/admission/university-of-phoenix-wichita-campus/	university-of-phoenix-wichita-campus	admission	removed (C); search console	410	0	2
https://gpacalculator.net/admission/university-of-pittsburgh-pittsburgh-campus/	university-of-pittsburgh-pittsburgh-campus	admission	old-slug twin; search console	301 https://gpacalculator.net/admissions/pitt/	1	1580
https://gpacalculator.net/admission/university-of-saint-katherine/	university-of-saint-katherine	admission	removed (C)	410	0	0
https://gpacalculator.net/admission/university-of-san-diego/	university-of-san-diego	admission	old-slug twin; search console	301 https://gpacalculator.net/admissions/san-diego/	0	357
https://gpacalculator.net/admission/university-of-sioux-falls/	university-of-sioux-falls	admission	old-slug twin; search console	301 https://gpacalculator.net/admissions/sioux-falls/	0	109
https://gpacalculator.net/admission/university-of-south-carolina-beaufort/	university-of-south-carolina-beaufort	admission	old-slug twin; search console	301 https://gpacalculator.net/admissions/sc-beaufort/	1	275
https://gpacalculator.net/admission/university-of-south-florida-polytechnic/	university-of-south-florida-polytechnic	admission	old-slug twin; search console	301 https://gpacalculator.net/admissions/florida-polytechnic-university/	0	226
https://gpacalculator.net/admission/university-of-south-florida-sarasota-manatee/	university-of-south-florida-sarasota-manatee	admission	old-slug twin; search console	301 https://gpacalculator.net/admissions/university-of-south-florida-main-campus/	1	304
https://gpacalculator.net/admission/university-of-south-florida-st-petersburg-campus/	university-of-south-florida-st-petersburg-campus	admission	removed (C); search console	301 https://gpacalculator.net/admissions/university-of-south-florida-main-campus/	1	107
https://gpacalculator.net/admission/university-of-south-florida-st-petersburg/	university-of-south-florida-st-petersburg	admission	search console		1	167
https://gpacalculator.net/admission/university-of-southern-california/	university-of-southern-california	admission	old-slug twin; search console	301 https://gpacalculator.net/admissions/usc/	1	1610
https://gpacalculator.net/admission/university-of-st-thomas-3/	university-of-st-thomas-3	admission	unresolved; search console	unresolved	2	199
https://gpacalculator.net/admission/university-of-texas-southwestern-medical-center/	university-of-texas-southwestern-medical-center	admission	old-slug twin; search console	301 https://gpacalculator.net/admissions/ut-southwestern-medical-center/	5	402
https://gpacalculator.net/admission/university-of-the-district-of-columbia-david-a-clarke-school-of-law/	university-of-the-district-of-columbia-david-a-clarke-school-of-law	admission	legacy map; search console	301 https://gpacalculator.net/admissions/university-of-the-district-of-columbia/	0	67
https://gpacalculator.net/admission/university-of-the-rockies/	university-of-the-rockies	admission	old-slug twin; search console	301 https://gpacalculator.net/admissions/university-of-arizona-global-campus/	0	14
https://gpacalculator.net/admission/university-of-the-sciences/	university-of-the-sciences	admission	removed (C); search console	301 https://gpacalculator.net/admissions/saint-josephs-university/	0	30
https://gpacalculator.net/admission/university-of-tulsa/	university-of-tulsa	admission	old-slug twin; search console	301 https://gpacalculator.net/admissions/tulsa/	0	129
https://gpacalculator.net/admission/university-of-virginia-main-campus/	university-of-virginia-main-campus	admission	old-slug twin; search console	301 https://gpacalculator.net/admissions/virginia/	0	84
https://gpacalculator.net/admission/university-of-washington-seattle-campus/	university-of-washington-seattle-campus	admission	old-slug twin; search console	301 https://gpacalculator.net/admissions/washington/	3	2022
https://gpacalculator.net/admission/university-of-wisconsin-colleges/	university-of-wisconsin-colleges	admission	legacy map; search console	410	0	80
https://gpacalculator.net/admission/university-of-wisconsin-extension/	university-of-wisconsin-extension	admission	old-slug twin; search console	301 https://gpacalculator.net/admissions/wisconsin/	0	8
https://gpacalculator.net/admission/university-of-wisconsin-madison/	university-of-wisconsin-madison	admission	old-slug twin; search console	301 https://gpacalculator.net/admissions/wisconsin/	0	1430
https://gpacalculator.net/admission/university-of-wisconsin-system-administration/	university-of-wisconsin-system-administration	admission	old-slug twin; search console	410	0	9
https://gpacalculator.net/admission/university-system-of-maryland-research-centers/	university-system-of-maryland-research-centers	admission	old-slug twin; search console	410	0	16
https://gpacalculator.net/admission/university-system-of-maryland/	university-system-of-maryland	admission	old-slug twin; search console	410	0	114
https://gpacalculator.net/admission/university-system-of-new-hampshire-system-office/	university-system-of-new-hampshire-system-office	admission	old-slug twin; search console	410	0	11
https://gpacalculator.net/admission/upstate-medical-university/	upstate-medical-university	admission	old-slug twin; search console	301 https://gpacalculator.net/admissions/suny-upstate-medical-university/	0	58
https://gpacalculator.net/admission/urbana-university/	urbana-university	admission	removed (C); search console	301 https://gpacalculator.net/admissions/franklin-university/	0	67
https://gpacalculator.net/admission/utah-state-uni-regional-campuses-and-distance-education/	utah-state-uni-regional-campuses-and-distance-education	admission	legacy map; search console	301 https://gpacalculator.net/admissions/utah-state-university/	0	84
https://gpacalculator.net/admission/utah-state-university-college-of-eastern-utah/	utah-state-university-college-of-eastern-utah	admission	removed (C); search console	301 https://gpacalculator.net/admissions/utah-state-university/	1	91
https://gpacalculator.net/admission/valley-college-princeton/	valley-college-princeton	admission	removed (C)	410	0	0
https://gpacalculator.net/admission/valparaiso-university/	valparaiso-university	admission	old-slug twin; search console	301 https://gpacalculator.net/admissions/valparaiso/	2	529
https://gpacalculator.net/admission/vanderbilt-university/	vanderbilt-university	admission	old-slug twin; search console	301 https://gpacalculator.net/admissions/vanderbilt/	2	1134
https://gpacalculator.net/admission/vatterott-college-berkeley/	vatterott-college-berkeley	admission	legacy map	410	0	0
https://gpacalculator.net/admission/vatterott-college-des-moines/	vatterott-college-des-moines	admission	legacy map	410	0	0
https://gpacalculator.net/admission/vatterott-college-joplin/	vatterott-college-joplin	admission	legacy map	410	0	0
https://gpacalculator.net/admission/vatterott-college-kansas-city/	vatterott-college-kansas-city	admission	legacy map	410	0	0
https://gpacalculator.net/admission/vatterott-college-quincy/	vatterott-college-quincy	admission	legacy map	410	0	0
https://gpacalculator.net/admission/vatterott-college-saint-joseph/	vatterott-college-saint-joseph	admission	legacy map	410	0	0
https://gpacalculator.net/admission/vatterott-college-springfield/	vatterott-college-springfield	admission	legacy map	410	0	0
https://gpacalculator.net/admission/vatterott-college-sunset-hills/	vatterott-college-sunset-hills	admission	legacy map	410	0	0
https://gpacalculator.net/admission/vatterott-college-tulsa/	vatterott-college-tulsa	admission	legacy map	410	0	0
https://gpacalculator.net/admission/vatterott-college-wichita/	vatterott-college-wichita	admission	legacy map	410	0	0
https://gpacalculator.net/admission/vermilion-community-college/	vermilion-community-college	admission	removed (P)	301 https://gpacalculator.net/admissions/minnesota-north-college/	0	0
https://gpacalculator.net/admission/vermont-technical-college/	vermont-technical-college	admission	removed (N)	301 https://gpacalculator.net/admissions/vermont-state-university/	0	0
https://gpacalculator.net/admission/victory-university/	victory-university	admission	removed (C)	410	0	0
https://gpacalculator.net/admission/villanova-university/	villanova-university	admission	old-slug twin; search console	301 https://gpacalculator.net/admissions/villanova/	5	1687
https://gpacalculator.net/admission/virginia-college-augusta/	virginia-college-augusta	admission	legacy map	410	0	0
https://gpacalculator.net/admission/virginia-college-austin/	virginia-college-austin	admission	legacy map	410	0	0
https://gpacalculator.net/admission/virginia-college-biloxi/	virginia-college-biloxi	admission	legacy map	410	0	0
https://gpacalculator.net/admission/virginia-college-birmingham/	virginia-college-birmingham	admission	legacy map	410	0	0
https://gpacalculator.net/admission/virginia-college-in-charleston/	virginia-college-in-charleston	admission	legacy map	410	0	0
https://gpacalculator.net/admission/virginia-college-jacksonville/	virginia-college-jacksonville	admission	legacy map	410	0	0
https://gpacalculator.net/admission/virginia-college-la/	virginia-college-la	admission	unresolved	unresolved	0	0
https://gpacalculator.net/admission/virginia-college-mobile/	virginia-college-mobile	admission	legacy map	410	0	0
https://gpacalculator.net/admission/virginia-college-montgomery/	virginia-college-montgomery	admission	legacy map	410	0	0
https://gpacalculator.net/admission/virginia-college-sc/	virginia-college-sc	admission	unresolved	unresolved	0	0
https://gpacalculator.net/admission/virginia-college-va/	virginia-college-va	admission	unresolved	unresolved	0	0
https://gpacalculator.net/admission/virginia-intermont-college/	virginia-intermont-college	admission	removed (R)	410	0	0
https://gpacalculator.net/admission/virginia-marti-college-of-art-and-design/	virginia-marti-college-of-art-and-design	admission	removed (R)	410	0	0
https://gpacalculator.net/admission/virginia-polytechnic-institute-and-state-uni/	virginia-polytechnic-institute-and-state-uni	admission	old-slug twin; search console	301 https://gpacalculator.net/admissions/virginia-tech/	1	290
https://gpacalculator.net/admission/virginia-polytechnic-institute-and-state-university/	virginia-polytechnic-institute-and-state-university	admission	old-slug twin; search console	301 https://gpacalculator.net/admissions/virginia-tech/	1	733
https://gpacalculator.net/admission/washington-and-lee-university/	washington-and-lee-university	admission	old-slug twin; search console	301 https://gpacalculator.net/admissions/washington-and-lee/	1	657
https://gpacalculator.net/admission/washington-university-in-st-louis/	washington-university-in-st-louis	admission	old-slug twin; search console	301 https://gpacalculator.net/admissions/washu/	1	760
https://gpacalculator.net/admission/watkins-college-of-art-design-and-film/	watkins-college-of-art-design-and-film	admission	removed (C)	410	0	0
https://gpacalculator.net/admission/waycross-college/	waycross-college	admission	legacy map	301 https://gpacalculator.net/admissions/south-georgia-state-college/	0	0
https://gpacalculator.net/admission/wells-college/	wells-college	admission	legacy map	410	0	0
https://gpacalculator.net/admission/wentworth-military-academy-and-junior-college/	wentworth-military-academy-and-junior-college	admission	removed (R)	410	0	0
https://gpacalculator.net/admission/wesley-college/	wesley-college	admission	removed (C)	301 https://gpacalculator.net/admissions/delaware-state-university/	0	0
https://gpacalculator.net/admission/west-texas-a-m-university/	west-texas-a-m-university	admission	old-slug twin; search console	301 https://gpacalculator.net/admissions/west-texas-a-and-m-university/	0	88
https://gpacalculator.net/admission/west-virginia-junior-college-bridgeport/	west-virginia-junior-college-bridgeport	admission	removed (R)	410	0	0
https://gpacalculator.net/admission/western-international-university/	western-international-university	admission	removed (C); search console	410	0	71
https://gpacalculator.net/admission/western-state-college-of-law-at-argosy-university/	western-state-college-of-law-at-argosy-university	admission	old-slug twin; search console	301 https://gpacalculator.net/admissions/westcliff-university/	0	37
https://gpacalculator.net/admission/western-state-university-college-of-law-argosy/	western-state-university-college-of-law-argosy	admission	old-slug twin; search console	301 https://gpacalculator.net/admissions/westcliff-university/	0	9
https://gpacalculator.net/admission/wheelock-college/	wheelock-college	admission	unresolved	unresolved	0	0
https://gpacalculator.net/admission/whitworth-university-adult-degree-programs/	whitworth-university-adult-degree-programs	admission	unresolved; search console	unresolved	0	49
https://gpacalculator.net/admission/widener-university-delaware-campus/	widener-university-delaware-campus	admission	removed (C); search console	301 https://gpacalculator.net/admissions/widener-university-main-campus/	0	105
https://gpacalculator.net/admission/widener-university-harrisburg-campus/	widener-university-harrisburg-campus	admission	legacy map; search console	301 https://gpacalculator.net/admissions/widener-university-main-campus/	0	68
https://gpacalculator.net/admission/willamette-university/	willamette-university	admission	old-slug twin; search console	301 https://gpacalculator.net/admissions/willamette/	2	583
https://gpacalculator.net/admission/winthrop-university/	winthrop-university	admission	old-slug twin; search console	301 https://gpacalculator.net/admissions/winthrop/	0	364
https://gpacalculator.net/admission/wood-tobe-coburn-school/	wood-tobe-coburn-school	admission	removed (R)	410	0	0
https://gpacalculator.net/admission/wright-career-college/	wright-career-college	admission	removed (R)	410	0	0
https://gpacalculator.net/admission/yale-university/	yale-university	admission	old-slug twin; search console	301 https://gpacalculator.net/admissions/yale/	1	2449
https://gpacalculator.net/admission/yorktowne-business-institute/	yorktowne-business-institute	admission	removed (C)	410	0	0
https://gpacalculator.net/admissions/a-t-still-university-of-health-sciences/	a-t-still-university-of-health-sciences	admissions	old-slug twin	301 https://gpacalculator.net/admissions/a-t-still-university/	0	0
https://gpacalculator.net/admissions/acadiana-technical-college-lafayette-campus/	acadiana-technical-college-lafayette-campus	admissions	removed (C); search console	301 https://gpacalculator.net/admissions/south-louisiana-community-college/	0	1
https://gpacalculator.net/admissions/acupuncture-and-massage-college/	acupuncture-and-massage-college	admissions	removed (C); search console	410	0	1
https://gpacalculator.net/admissions/ai-miami-international-university-of-art-and-design/	ai-miami-international-university-of-art-and-design	admissions	removed (C); search console	410	0	13
https://gpacalculator.net/admissions/aib-college-of-business/	aib-college-of-business	admissions	removed (C); search console	410	0	3
https://gpacalculator.net/admissions/alabama-a-and-m-university/	alabama-a-and-m-university	admissions	legacy map; search console	301 https://gpacalculator.net/admissions/alabama-a-m-university/	0	12
https://gpacalculator.net/admissions/alabama-southern-community-college/	alabama-southern-community-college	admissions	removed (N); search console	301 https://gpacalculator.net/admissions/coastal-alabama-community-college/	0	7
https://gpacalculator.net/admissions/alderson-broaddus-college/	alderson-broaddus-college	admissions	removed (C); search console	410	0	2
https://gpacalculator.net/admissions/allied-american-university/	allied-american-university	admissions	legacy map	410	0	0
https://gpacalculator.net/admissions/altamaha-technical-college/	altamaha-technical-college	admissions	removed (C); search console	301 https://gpacalculator.net/admissions/coastal-pines-technical-college/	0	1
https://gpacalculator.net/admissions/american-academy-of-art/	american-academy-of-art	admissions	removed (C); search console	410	0	15
https://gpacalculator.net/admissions/american-academy-of-dramatic-arts-los-angeles/	american-academy-of-dramatic-arts-los-angeles	admissions	unresolved; search console	unresolved	0	4
https://gpacalculator.net/admissions/american-conservatory-theater/	american-conservatory-theater	admissions	removed (C); search console	410	0	6
https://gpacalculator.net/admissions/american-intercontinental-university-south-florida/	american-intercontinental-university-south-florida	admissions	removed (C)	410	0	0
https://gpacalculator.net/admissions/american-sentinel-university/	american-sentinel-university	admissions	removed (C); search console	301 https://gpacalculator.net/admissions/post-university/	0	5
https://gpacalculator.net/admissions/ancilla-college/	ancilla-college	admissions	removed (C)	410	0	0
https://gpacalculator.net/admissions/anderson-university-in/	anderson-university-in	admissions	legacy map; search console	301 https://gpacalculator.net/admissions/anderson-university/	0	41
https://gpacalculator.net/admissions/antioch-uni-phd-program-in-leadership-and-change/	antioch-uni-phd-program-in-leadership-and-change	admissions	legacy map	301 https://gpacalculator.net/admissions/antioch-university/	0	0
https://gpacalculator.net/admissions/antioch-university-midwest/	antioch-university-midwest	admissions	legacy map	301 https://gpacalculator.net/admissions/antioch-university/	0	0
https://gpacalculator.net/admissions/antioch-university-new-england/	antioch-university-new-england	admissions	unresolved	unresolved	0	0
https://gpacalculator.net/admissions/antioch-university-phd-program-in-leadership-and-change/	antioch-university-phd-program-in-leadership-and-change	admissions	legacy map	301 https://gpacalculator.net/admissions/antioch-university/	0	0
https://gpacalculator.net/admissions/antioch-university-system-administration/	antioch-university-system-administration	admissions	unresolved	unresolved	0	0
https://gpacalculator.net/admissions/antonelli-college-cincinnati/	antonelli-college-cincinnati	admissions	removed (C); search console	410	0	3
https://gpacalculator.net/admissions/antonelli-college-hattiesburg/	antonelli-college-hattiesburg	admissions	removed (C)	410	0	0
https://gpacalculator.net/admissions/antonelli-college-jackson/	antonelli-college-jackson	admissions	removed (C); search console	410	0	7
https://gpacalculator.net/admissions/antonelli-institute/	antonelli-institute	admissions	removed (R); search console	410	0	2
https://gpacalculator.net/admissions/apex-school-of-theology/	apex-school-of-theology	admissions	removed (C); search console	410	0	1
https://gpacalculator.net/admissions/appalachian-state-university/	appalachian-state-university	admissions	old-slug twin	301 https://gpacalculator.net/admissions/appalachian-state/	0	0
https://gpacalculator.net/admissions/argosy-university-atlanta/	argosy-university-atlanta	admissions	legacy map	410	0	0
https://gpacalculator.net/admissions/argosy-university-chicago/	argosy-university-chicago	admissions	legacy map	410	0	0
https://gpacalculator.net/admissions/argosy-university-dallas/	argosy-university-dallas	admissions	legacy map	410	0	0
https://gpacalculator.net/admissions/argosy-university-denver/	argosy-university-denver	admissions	legacy map	410	0	0
https://gpacalculator.net/admissions/argosy-university-hawaii/	argosy-university-hawaii	admissions	legacy map	410	0	0
https://gpacalculator.net/admissions/argosy-university-inland-empire/	argosy-university-inland-empire	admissions	legacy map	410	0	0
https://gpacalculator.net/admissions/argosy-university-los-angeles/	argosy-university-los-angeles	admissions	legacy map	410	0	0
https://gpacalculator.net/admissions/argosy-university-nashville/	argosy-university-nashville	admissions	legacy map	410	0	0
https://gpacalculator.net/admissions/argosy-university-orange-county/	argosy-university-orange-county	admissions	legacy map	410	0	0
https://gpacalculator.net/admissions/argosy-university-phoenix-online-division/	argosy-university-phoenix-online-division	admissions	legacy map	410	0	0
https://gpacalculator.net/admissions/argosy-university-phoenix/	argosy-university-phoenix	admissions	legacy map	410	0	0
https://gpacalculator.net/admissions/argosy-university-salt-lake-city/	argosy-university-salt-lake-city	admissions	legacy map	410	0	0
https://gpacalculator.net/admissions/argosy-university-san-diego/	argosy-university-san-diego	admissions	legacy map	410	0	0
https://gpacalculator.net/admissions/argosy-university-san-francisco-bay-area/	argosy-university-san-francisco-bay-area	admissions	legacy map	410	0	0
https://gpacalculator.net/admissions/argosy-university-sarasota/	argosy-university-sarasota	admissions	legacy map	410	0	0
https://gpacalculator.net/admissions/argosy-university-schaumburg/	argosy-university-schaumburg	admissions	legacy map	410	0	0
https://gpacalculator.net/admissions/argosy-university-seattle/	argosy-university-seattle	admissions	legacy map	410	0	0
https://gpacalculator.net/admissions/argosy-university-tampa/	argosy-university-tampa	admissions	legacy map	410	0	0
https://gpacalculator.net/admissions/argosy-university-twin-cities/	argosy-university-twin-cities	admissions	legacy map	410	0	0
https://gpacalculator.net/admissions/argosy-university-washington-d-c/	argosy-university-washington-d-c	admissions	legacy map	410	0	0
https://gpacalculator.net/admissions/argosy-university-washington-dc/	argosy-university-washington-dc	admissions	legacy map	410	0	0
https://gpacalculator.net/admissions/arizona-state-university-tempe/	arizona-state-university-tempe	admissions	old-slug twin	301 https://gpacalculator.net/admissions/arizona-state-university/	0	0
https://gpacalculator.net/admissions/arkansas-state-university-system-office/	arkansas-state-university-system-office	admissions	old-slug twin	410	0	0
https://gpacalculator.net/admissions/armstrong-atlantic-state-university/	armstrong-atlantic-state-university	admissions	old-slug twin	301 https://gpacalculator.net/admissions/georgia-southern-university/	0	0
https://gpacalculator.net/admissions/armstrong-state-university/	armstrong-state-university	admissions	legacy map; search console	301 https://gpacalculator.net/admissions/georgia-southern-university/	0	4
https://gpacalculator.net/admissions/asa-institute-of-business-and-computer-technology/	asa-institute-of-business-and-computer-technology	admissions	removed (C); search console	410	0	8
https://gpacalculator.net/admissions/ashford-university/	ashford-university	admissions	old-slug twin	301 https://gpacalculator.net/admissions/university-of-arizona-global-campus/	0	0
https://gpacalculator.net/admissions/ashland-uni-dwight-schar-college-of-nursing/	ashland-uni-dwight-schar-college-of-nursing	admissions	old-slug twin	301 https://gpacalculator.net/admissions/ashland-university/	0	0
https://gpacalculator.net/admissions/asnuntuck-community-college/	asnuntuck-community-college	admissions	removed (N); search console	301 https://gpacalculator.net/admissions/connecticut-state-community-college/	0	3
https://gpacalculator.net/admissions/aspen-university/	aspen-university	admissions	unresolved	unresolved	0	0
https://gpacalculator.net/admissions/auburn-university/	auburn-university	admissions	old-slug twin	301 https://gpacalculator.net/admissions/auburn/	0	0
https://gpacalculator.net/admissions/augusta-state-university/	augusta-state-university	admissions	legacy map; search console	301 https://gpacalculator.net/admissions/augusta-university/	0	14
https://gpacalculator.net/admissions/averett-university-non-traditional-programs/	averett-university-non-traditional-programs	admissions	removed (C)	301 https://gpacalculator.net/admissions/averett-university/	0	0
https://gpacalculator.net/admissions/bainbridge-college/	bainbridge-college	admissions	removed (C); search console	301 https://gpacalculator.net/admissions/abraham-baldwin-agricultural-college/	0	3
https://gpacalculator.net/admissions/baker-college-center-for-graduate-studies/	baker-college-center-for-graduate-studies	admissions	removed (S); search console	301 https://gpacalculator.net/admissions/baker-college/	0	12
https://gpacalculator.net/admissions/baker-college-of-allen-park/	baker-college-of-allen-park	admissions	removed (S); search console	301 https://gpacalculator.net/admissions/baker-college/	0	10
https://gpacalculator.net/admissions/baker-college-of-auburn-hills/	baker-college-of-auburn-hills	admissions	removed (S); search console	301 https://gpacalculator.net/admissions/baker-college/	0	11
https://gpacalculator.net/admissions/baker-college-of-cadillac/	baker-college-of-cadillac	admissions	removed (S); search console	301 https://gpacalculator.net/admissions/baker-college/	0	1
https://gpacalculator.net/admissions/baker-college-of-clinton-township/	baker-college-of-clinton-township	admissions	removed (S); search console	301 https://gpacalculator.net/admissions/baker-college/	0	3
https://gpacalculator.net/admissions/baker-college-of-flint/	baker-college-of-flint	admissions	removed (P); search console	301 https://gpacalculator.net/admissions/baker-college/	0	8
https://gpacalculator.net/admissions/baker-college-of-jackson/	baker-college-of-jackson	admissions	removed (S)	301 https://gpacalculator.net/admissions/baker-college/	0	0
https://gpacalculator.net/admissions/baker-college-of-muskegon/	baker-college-of-muskegon	admissions	removed (S); search console	301 https://gpacalculator.net/admissions/baker-college/	0	11
https://gpacalculator.net/admissions/baker-college-of-owosso/	baker-college-of-owosso	admissions	removed (S); search console	301 https://gpacalculator.net/admissions/baker-college/	0	3
https://gpacalculator.net/admissions/baker-college-of-port-huron/	baker-college-of-port-huron	admissions	removed (S); search console	301 https://gpacalculator.net/admissions/baker-college/	0	2
https://gpacalculator.net/admissions/baptist-bible-college-and-seminary/	baptist-bible-college-and-seminary	admissions	legacy map; search console	410	0	4
https://gpacalculator.net/admissions/bauder-college/	bauder-college	admissions	removed (C)	410	0	0
https://gpacalculator.net/admissions/bay-state-college/	bay-state-college	admissions	legacy map; search console	410	0	1
https://gpacalculator.net/admissions/becker-college/	becker-college	admissions	legacy map; search console	410	0	15
https://gpacalculator.net/admissions/belmont-university/	belmont-university	admissions	old-slug twin	301 https://gpacalculator.net/admissions/belmont/	0	0
https://gpacalculator.net/admissions/bergin-university-of-canine-studies/	bergin-university-of-canine-studies	admissions	old-slug twin	301 https://gpacalculator.net/admissions/bergin-college-of-canine-studies/	0	0
https://gpacalculator.net/admissions/bethany-university/	bethany-university	admissions	legacy map	410	0	0
https://gpacalculator.net/admissions/bethel-university-3/	bethel-university-3	admissions	unresolved	unresolved	0	0
https://gpacalculator.net/admissions/bethel-university/	bethel-university	admissions	old-slug twin	301 https://gpacalculator.net/admissions/bethel-university-mn/	0	0
https://gpacalculator.net/admissions/birmingham-southern-college/	birmingham-southern-college	admissions	legacy map; search console	410	0	8
https://gpacalculator.net/admissions/bloomsburg-university-of-pennsylvania/	bloomsburg-university-of-pennsylvania	admissions	removed (S); search console	301 https://gpacalculator.net/admissions/commonwealth-university-of-pennsylvania/	0	69
https://gpacalculator.net/admissions/blue-cliff-college-houma/	blue-cliff-college-houma	admissions	removed (C); search console	410	0	1
https://gpacalculator.net/admissions/blue-cliff-college-shreveport/	blue-cliff-college-shreveport	admissions	removed (C); search console	410	0	2
https://gpacalculator.net/admissions/boulder-college-of-massage-therapy/	boulder-college-of-massage-therapy	admissions	removed (C); search console	410	0	8
https://gpacalculator.net/admissions/bradley-university/	bradley-university	admissions	old-slug twin	301 https://gpacalculator.net/admissions/bradley/	0	0
https://gpacalculator.net/admissions/bramson-ort-college/	bramson-ort-college	admissions	removed (C)	410	0	0
https://gpacalculator.net/admissions/brandeis-university/	brandeis-university	admissions	old-slug twin	301 https://gpacalculator.net/admissions/brandeis/	0	0
https://gpacalculator.net/admissions/brandman-university/	brandman-university	admissions	old-slug twin	301 https://gpacalculator.net/admissions/umass-global/	0	0
https://gpacalculator.net/admissions/brigham-young-university-provo/	brigham-young-university-provo	admissions	old-slug twin	301 https://gpacalculator.net/admissions/byu/	0	0
https://gpacalculator.net/admissions/broadview-entertainment-arts-university/	broadview-entertainment-arts-university	admissions	removed (C)	410	0	0
https://gpacalculator.net/admissions/broadview-university-layton/	broadview-university-layton	admissions	removed (C)	410	0	0
https://gpacalculator.net/admissions/broadview-university-orem/	broadview-university-orem	admissions	removed (C); search console	410	0	1
https://gpacalculator.net/admissions/broadview-university-west-jordan/	broadview-university-west-jordan	admissions	removed (R); search console	410	0	1
https://gpacalculator.net/admissions/broadview-university/	broadview-university	admissions	removed (C); search console	410	0	4
https://gpacalculator.net/admissions/brookhaven-college/	brookhaven-college	admissions	legacy map; search console	301 https://gpacalculator.net/admissions/el-centro-college/	1	16
https://gpacalculator.net/admissions/brown-mackie-college-akron/	brown-mackie-college-akron	admissions	legacy map; search console	410	0	8
https://gpacalculator.net/admissions/brown-mackie-college-albuquerque/	brown-mackie-college-albuquerque	admissions	unresolved; search console	unresolved	0	3
https://gpacalculator.net/admissions/brown-mackie-college-atlanta/	brown-mackie-college-atlanta	admissions	unresolved; search console	unresolved	0	2
https://gpacalculator.net/admissions/brown-mackie-college-birmingham/	brown-mackie-college-birmingham	admissions	legacy map; search console	410	0	1
https://gpacalculator.net/admissions/brown-mackie-college-cincinnati/	brown-mackie-college-cincinnati	admissions	unresolved; search console	unresolved	0	6
https://gpacalculator.net/admissions/brown-mackie-college-findlay/	brown-mackie-college-findlay	admissions	unresolved; search console	unresolved	0	1
https://gpacalculator.net/admissions/brown-mackie-college-fort-wayne/	brown-mackie-college-fort-wayne	admissions	unresolved; search console	unresolved	0	2
https://gpacalculator.net/admissions/brown-mackie-college-indianapolis/	brown-mackie-college-indianapolis	admissions	unresolved; search console	unresolved	1	2
https://gpacalculator.net/admissions/brown-mackie-college-kansas-city/	brown-mackie-college-kansas-city	admissions	legacy map; search console	410	0	2
https://gpacalculator.net/admissions/brown-mackie-college-louisville/	brown-mackie-college-louisville	admissions	unresolved; search console	unresolved	0	2
https://gpacalculator.net/admissions/brown-mackie-college-merrillville/	brown-mackie-college-merrillville	admissions	unresolved; search console	unresolved	0	3
https://gpacalculator.net/admissions/brown-mackie-college-miami/	brown-mackie-college-miami	admissions	unresolved; search console	unresolved	0	4
https://gpacalculator.net/admissions/brown-mackie-college-michigan-city/	brown-mackie-college-michigan-city	admissions	legacy map; search console	410	0	2
https://gpacalculator.net/admissions/brown-mackie-college-north-canton/	brown-mackie-college-north-canton	admissions	legacy map; search console	410	0	3
https://gpacalculator.net/admissions/brown-mackie-college-quad-cities/	brown-mackie-college-quad-cities	admissions	unresolved; search console	unresolved	0	2
https://gpacalculator.net/admissions/brown-mackie-college-salina/	brown-mackie-college-salina	admissions	legacy map; search console	410	0	1
https://gpacalculator.net/admissions/brown-mackie-college-san-antonio/	brown-mackie-college-san-antonio	admissions	unresolved; search console	unresolved	0	1
https://gpacalculator.net/admissions/brown-mackie-college-tucson/	brown-mackie-college-tucson	admissions	unresolved; search console	unresolved	0	1
https://gpacalculator.net/admissions/brown-mackie-college-tulsa/	brown-mackie-college-tulsa	admissions	unresolved; search console	unresolved	0	1
https://gpacalculator.net/admissions/brown-university/	brown-university	admissions	old-slug twin	301 https://gpacalculator.net/admissions/brown/	0	0
https://gpacalculator.net/admissions/bryan-university-rogers/	bryan-university-rogers	admissions	removed (C); search console	410	0	1
https://gpacalculator.net/admissions/bryan-university-topeka/	bryan-university-topeka	admissions	removed (R); search console	410	0	1
https://gpacalculator.net/admissions/bryant-and-stratton-college-amherst/	bryant-and-stratton-college-amherst	admissions	removed (M); search console	301 https://gpacalculator.net/admissions/bryant-and-stratton-college-buffalo/	0	4
https://gpacalculator.net/admissions/bryant-and-stratton-college-cleveland/	bryant-and-stratton-college-cleveland	admissions	removed (C); search console	301 https://gpacalculator.net/admissions/bryant-and-stratton-college-parma/	0	1
https://gpacalculator.net/admissions/bryant-and-stratton-college-eastlake/	bryant-and-stratton-college-eastlake	admissions	removed (C); search console	301 https://gpacalculator.net/admissions/bryant-and-stratton-college-parma/	0	1
https://gpacalculator.net/admissions/bryant-and-stratton-college-glendale/	bryant-and-stratton-college-glendale	admissions	removed (C); search console	301 https://gpacalculator.net/admissions/bryant-and-stratton-college-wauwatosa/	0	1
https://gpacalculator.net/admissions/bryant-and-stratton-college-hampton/	bryant-and-stratton-college-hampton	admissions	removed (M); search console	301 https://gpacalculator.net/admissions/bryant-and-stratton-college-virginia-beach/	0	7
https://gpacalculator.net/admissions/bryant-and-stratton-college-henrietta/	bryant-and-stratton-college-henrietta	admissions	removed (M)	301 https://gpacalculator.net/admissions/bryant-and-stratton-college-greece/	0	0
https://gpacalculator.net/admissions/bryant-and-stratton-college-main-syracuse/	bryant-and-stratton-college-main-syracuse	admissions	removed (M); search console	301 https://gpacalculator.net/admissions/bryant-and-stratton-college-syracuse-north/	0	10
https://gpacalculator.net/admissions/bryant-and-stratton-college-milwaukee/	bryant-and-stratton-college-milwaukee	admissions	removed (C); search console	410	0	2
https://gpacalculator.net/admissions/bryant-and-stratton-college-richmond/	bryant-and-stratton-college-richmond	admissions	removed (M); search console	301 https://gpacalculator.net/admissions/bryant-and-stratton-college-virginia-beach/	0	6
https://gpacalculator.net/admissions/bryant-and-stratton-college-southtowns/	bryant-and-stratton-college-southtowns	admissions	removed (M); search console	301 https://gpacalculator.net/admissions/bryant-and-stratton-college-buffalo/	0	4
https://gpacalculator.net/admissions/business-informatics-center-inc/	business-informatics-center-inc	admissions	removed (C); search console	410	0	1
https://gpacalculator.net/admissions/butler-university/	butler-university	admissions	old-slug twin	301 https://gpacalculator.net/admissions/butler/	0	0
https://gpacalculator.net/admissions/cabrini-college/	cabrini-college	admissions	removed (C); search console	410	1	4
https://gpacalculator.net/admissions/cairn-university-langhorne/	cairn-university-langhorne	admissions	old-slug twin	301 https://gpacalculator.net/admissions/cairn-university/	0	0
https://gpacalculator.net/admissions/california-christian-college/	california-christian-college	admissions	removed (C); search console	410	0	3
https://gpacalculator.net/admissions/california-jazz-conservatory/	california-jazz-conservatory	admissions	removed (R); search console	410	0	4
https://gpacalculator.net/admissions/california-polytechnic-state-uni-san-luis-obispo/	california-polytechnic-state-uni-san-luis-obispo	admissions	old-slug twin	301 https://gpacalculator.net/admissions/cal-poly-slo/	0	0
https://gpacalculator.net/admissions/california-polytechnic-state-university-san-luis-obispo/	california-polytechnic-state-university-san-luis-obispo	admissions	old-slug twin	301 https://gpacalculator.net/admissions/cal-poly-slo/	0	0
https://gpacalculator.net/admissions/california-state-university-chancellors-office/	california-state-university-chancellors-office	admissions	old-slug twin	410	0	0
https://gpacalculator.net/admissions/california-state-university-fullerton/	california-state-university-fullerton	admissions	old-slug twin	301 https://gpacalculator.net/admissions/csu-fullerton/	0	0
https://gpacalculator.net/admissions/california-university-of-pennsylvania/	california-university-of-pennsylvania	admissions	removed (N); search console	301 https://gpacalculator.net/admissions/pennsylvania-western-university/	0	55
https://gpacalculator.net/admissions/cambria-rowe-business-college-indiana/	cambria-rowe-business-college-indiana	admissions	removed (C)	410	0	0
https://gpacalculator.net/admissions/cambria-rowe-business-college-johnstown/	cambria-rowe-business-college-johnstown	admissions	removed (C)	410	0	0
https://gpacalculator.net/admissions/capital-community-college/	capital-community-college	admissions	removed (N); search console	301 https://gpacalculator.net/admissions/connecticut-state-community-college/	0	1
https://gpacalculator.net/admissions/cardinal-stritch-university/	cardinal-stritch-university	admissions	legacy map; search console	410	0	1
https://gpacalculator.net/admissions/career-point-college-ok/	career-point-college-ok	admissions	legacy map; search console	410	0	1
https://gpacalculator.net/admissions/career-technical-college-shreveport/	career-technical-college-shreveport	admissions	removed (C)	410	0	0
https://gpacalculator.net/admissions/carnegie-mellon-university/	carnegie-mellon-university	admissions	old-slug twin	301 https://gpacalculator.net/admissions/carnegie-mellon/	0	0
https://gpacalculator.net/admissions/case-western-reserve-university/	case-western-reserve-university	admissions	old-slug twin	301 https://gpacalculator.net/admissions/case-western/	0	0
https://gpacalculator.net/admissions/castleton-state-college/	castleton-state-college	admissions	removed (N); search console	301 https://gpacalculator.net/admissions/vermont-state-university/	0	20
https://gpacalculator.net/admissions/cazenovia-college/	cazenovia-college	admissions	legacy map; search console	410	0	5
https://gpacalculator.net/admissions/cedar-valley-college/	cedar-valley-college	admissions	legacy map; search console	301 https://gpacalculator.net/admissions/el-centro-college/	0	8
https://gpacalculator.net/admissions/cedarville-university/	cedarville-university	admissions	old-slug twin	301 https://gpacalculator.net/admissions/cedarville/	0	0
https://gpacalculator.net/admissions/central-bible-college/	central-bible-college	admissions	removed (R); search console	410	0	4
https://gpacalculator.net/admissions/central-methodist-uni-college-of-graduate-studies/	central-methodist-uni-college-of-graduate-studies	admissions	unresolved	unresolved	0	0
https://gpacalculator.net/admissions/central-methodist-uni-college-of-liberal-arts-sciences/	central-methodist-uni-college-of-liberal-arts-sciences	admissions	old-slug twin	301 https://gpacalculator.net/admissions/central-methodist-university-college-of-liberal-arts-and-sciences/	0	0
https://gpacalculator.net/admissions/central-methodist-university-college-of-graduate-and-extended-studies/	central-methodist-university-college-of-graduate-and-extended-studies	admissions	unresolved	unresolved	0	0
https://gpacalculator.net/admissions/centura-college-richmond-main/	centura-college-richmond-main	admissions	removed (C); search console	410	0	3
https://gpacalculator.net/admissions/centura-college-richmond-westend/	centura-college-richmond-westend	admissions	removed (C); search console	410	0	1
https://gpacalculator.net/admissions/centura-institute/	centura-institute	admissions	removed (C)	410	0	0
https://gpacalculator.net/admissions/chancellor-university/	chancellor-university	admissions	removed (C); search console	410	0	3
https://gpacalculator.net/admissions/chatfield-college/	chatfield-college	admissions	removed (R)	410	0	0
https://gpacalculator.net/admissions/chatham-university/	chatham-university	admissions	old-slug twin	301 https://gpacalculator.net/admissions/chatham/	0	0
https://gpacalculator.net/admissions/chester-college-of-new-england/	chester-college-of-new-england	admissions	removed (C)	410	0	0
https://gpacalculator.net/admissions/christopher-newport-university/	christopher-newport-university	admissions	old-slug twin	301 https://gpacalculator.net/admissions/christopher-newport/	0	0
https://gpacalculator.net/admissions/cincinnati-christian-university/	cincinnati-christian-university	admissions	removed (C); search console	410	0	4
https://gpacalculator.net/admissions/city-college-altamonte-springs/	city-college-altamonte-springs	admissions	removed (R); search console	410	0	3
https://gpacalculator.net/admissions/city-college-fort-lauderdale/	city-college-fort-lauderdale	admissions	removed (R); search console	410	0	6
https://gpacalculator.net/admissions/city-college-gainesville/	city-college-gainesville	admissions	removed (C); search console	410	0	2
https://gpacalculator.net/admissions/city-college-miami/	city-college-miami	admissions	removed (C); search console	410	0	2
https://gpacalculator.net/admissions/clarion-university-of-pennsylvania/	clarion-university-of-pennsylvania	admissions	removed (N); search console	301 https://gpacalculator.net/admissions/pennsylvania-western-university/	0	50
https://gpacalculator.net/admissions/clarkson-university/	clarkson-university	admissions	old-slug twin	301 https://gpacalculator.net/admissions/clarkson/	0	0
https://gpacalculator.net/admissions/clemson-university/	clemson-university	admissions	old-slug twin	301 https://gpacalculator.net/admissions/clemson/	0	0
https://gpacalculator.net/admissions/coleman-university/	coleman-university	admissions	removed (R); search console	410	0	2
https://gpacalculator.net/admissions/colgate-university/	colgate-university	admissions	old-slug twin	301 https://gpacalculator.net/admissions/colgate/	0	0
https://gpacalculator.net/admissions/college-america-cheyenne/	college-america-cheyenne	admissions	removed (C); search console	410	0	1
https://gpacalculator.net/admissions/college-america-colorado-springs/	college-america-colorado-springs	admissions	removed (C); search console	410	0	4
https://gpacalculator.net/admissions/college-america-denver/	college-america-denver	admissions	removed (C); search console	410	0	1
https://gpacalculator.net/admissions/college-america-flagstaff/	college-america-flagstaff	admissions	removed (C)	410	0	0
https://gpacalculator.net/admissions/college-america-fort-collins/	college-america-fort-collins	admissions	removed (C)	410	0	0
https://gpacalculator.net/admissions/college-of-business-and-technology-kendall/	college-of-business-and-technology-kendall	admissions	removed (C)	410	0	0
https://gpacalculator.net/admissions/collins-college/	collins-college	admissions	removed (C); search console	410	0	30
https://gpacalculator.net/admissions/colorado-academy-of-veterinary-technology/	colorado-academy-of-veterinary-technology	admissions	removed (R); search console	410	0	8
https://gpacalculator.net/admissions/colorado-christian-university/	colorado-christian-university	admissions	old-slug twin	301 https://gpacalculator.net/admissions/colorado-christian/	0	0
https://gpacalculator.net/admissions/colorado-heights-university/	colorado-heights-university	admissions	unresolved	unresolved	0	0
https://gpacalculator.net/admissions/colorado-state-university-system-office/	colorado-state-university-system-office	admissions	old-slug twin	410	0	0
https://gpacalculator.net/admissions/colorado-technical-university-greenwood-village/	colorado-technical-university-greenwood-village	admissions	removed (C)	301 https://gpacalculator.net/admissions/colorado-technical-university-colorado-springs/	0	0
https://gpacalculator.net/admissions/colorado-technical-university-kansas-city/	colorado-technical-university-kansas-city	admissions	removed (C); search console	410	0	2
https://gpacalculator.net/admissions/colorado-technical-university-online/	colorado-technical-university-online	admissions	removed (C); search console	301 https://gpacalculator.net/admissions/colorado-technical-university-colorado-springs/	0	366
https://gpacalculator.net/admissions/colorado-technical-university-sioux-falls/	colorado-technical-university-sioux-falls	admissions	removed (C); search console	301 https://gpacalculator.net/admissions/colorado-technical-university-colorado-springs/	0	45
https://gpacalculator.net/admissions/columbia-college-hollywood/	columbia-college-hollywood	admissions	removed (R); search console	410	0	5
https://gpacalculator.net/admissions/columbia-university-in-the-city-of-new-york/	columbia-university-in-the-city-of-new-york	admissions	old-slug twin	301 https://gpacalculator.net/admissions/columbia/	0	0
https://gpacalculator.net/admissions/compass-college-of-cinematic-arts/	compass-college-of-cinematic-arts	admissions	removed (C); search console	410	0	3
https://gpacalculator.net/admissions/concordia-college-new-york/	concordia-college-new-york	admissions	legacy map; search console	410	0	16
https://gpacalculator.net/admissions/concordia-college-selma/	concordia-college-selma	admissions	removed (C)	410	0	0
https://gpacalculator.net/admissions/concordia-university-nebraska/	concordia-university-nebraska	admissions	old-slug twin	301 https://gpacalculator.net/admissions/concordia-university-seward/	0	0
https://gpacalculator.net/admissions/concordia-university-portland/	concordia-university-portland	admissions	removed (C); search console	410	0	10
https://gpacalculator.net/admissions/corcoran-college-of-art-and-design/	corcoran-college-of-art-and-design	admissions	removed (R); search console	410	0	5
https://gpacalculator.net/admissions/cornell-university/	cornell-university	admissions	old-slug twin	301 https://gpacalculator.net/admissions/cornell/	0	0
https://gpacalculator.net/admissions/cornish-college-of-the-arts/	cornish-college-of-the-arts	admissions	unresolved; search console	unresolved	0	13
https://gpacalculator.net/admissions/cossatot-community-college-of-the-uni-of-arkansas/	cossatot-community-college-of-the-uni-of-arkansas	admissions	old-slug twin	301 https://gpacalculator.net/admissions/cossatot-community-college-of-the-university-of-arkansas/	0	0
https://gpacalculator.net/admissions/court-reporting-institute-wheeler-institute-of-texas/	court-reporting-institute-wheeler-institute-of-texas	admissions	removed (C); search console	410	0	1
https://gpacalculator.net/admissions/creighton-university/	creighton-university	admissions	old-slug twin	301 https://gpacalculator.net/admissions/creighton/	0	0
https://gpacalculator.net/admissions/crossroads-college/	crossroads-college	admissions	removed (R); search console	410	0	5
https://gpacalculator.net/admissions/daniel-webster-college/	daniel-webster-college	admissions	removed (C); search console	410	0	7
https://gpacalculator.net/admissions/darton-college/	darton-college	admissions	removed (C); search console	301 https://gpacalculator.net/admissions/albany-state-university/	0	4
https://gpacalculator.net/admissions/daymar-college-bellevue/	daymar-college-bellevue	admissions	removed (R)	410	0	0
https://gpacalculator.net/admissions/daymar-college-bowling-green/	daymar-college-bowling-green	admissions	removed (C); search console	410	0	2
https://gpacalculator.net/admissions/daymar-college-chillicothe/	daymar-college-chillicothe	admissions	removed (R); search console	410	0	3
https://gpacalculator.net/admissions/daymar-college-jackson/	daymar-college-jackson	admissions	removed (C); search console	410	0	3
https://gpacalculator.net/admissions/daymar-college-lancaster/	daymar-college-lancaster	admissions	removed (C); search console	410	0	1
https://gpacalculator.net/admissions/daymar-college-madisonville/	daymar-college-madisonville	admissions	removed (C)	410	0	0
https://gpacalculator.net/admissions/daymar-college-new-boston/	daymar-college-new-boston	admissions	removed (C)	410	0	0
https://gpacalculator.net/admissions/daymar-college-online/	daymar-college-online	admissions	removed (C); search console	410	0	1
https://gpacalculator.net/admissions/daymar-college-owensboro/	daymar-college-owensboro	admissions	removed (R)	410	0	0
https://gpacalculator.net/admissions/daymar-college-paducah-main/	daymar-college-paducah-main	admissions	removed (C)	410	0	0
https://gpacalculator.net/admissions/daymar-college-scottsville/	daymar-college-scottsville	admissions	removed (C)	410	0	0
https://gpacalculator.net/admissions/daymar-institute-clarksville/	daymar-institute-clarksville	admissions	removed (C); search console	410	0	5
https://gpacalculator.net/admissions/daymar-institute-murfreesboro/	daymar-institute-murfreesboro	admissions	removed (C)	410	0	0
https://gpacalculator.net/admissions/daymar-institute-nashville/	daymar-institute-nashville	admissions	removed (C)	410	0	0
https://gpacalculator.net/admissions/dean-institute-of-technology/	dean-institute-of-technology	admissions	removed (C); search console	410	0	3
https://gpacalculator.net/admissions/delaware-college-of-art-and-design/	delaware-college-of-art-and-design	admissions	removed (C); search console	410	0	3
https://gpacalculator.net/admissions/delaware-technical-and-community-college-owens/	delaware-technical-and-community-college-owens	admissions	removed (M); search console	301 https://gpacalculator.net/admissions/delaware-technical-and-community-college-terry/	0	4
https://gpacalculator.net/admissions/delaware-technical-and-community-college-stanton-wilmington/	delaware-technical-and-community-college-stanton-wilmington	admissions	removed (M); search console	301 https://gpacalculator.net/admissions/delaware-technical-and-community-college-terry/	0	14
https://gpacalculator.net/admissions/denison-university/	denison-university	admissions	old-slug twin	301 https://gpacalculator.net/admissions/denison/	0	0
https://gpacalculator.net/admissions/depaul-university/	depaul-university	admissions	old-slug twin	301 https://gpacalculator.net/admissions/depaul/	0	0
https://gpacalculator.net/admissions/depauw-university/	depauw-university	admissions	old-slug twin	301 https://gpacalculator.net/admissions/depauw/	0	0
https://gpacalculator.net/admissions/des-moines-university-osteopathic-medical-center/	des-moines-university-osteopathic-medical-center	admissions	old-slug twin	301 https://gpacalculator.net/admissions/des-moines-university/	0	0
https://gpacalculator.net/admissions/devry-unis-keller-graduate-school-of-management-arizona/	devry-unis-keller-graduate-school-of-management-arizona	admissions	old-slug twin	301 https://gpacalculator.net/admissions/devry-university-arizona/	0	0
https://gpacalculator.net/admissions/devry-unis-keller-graduate-school-of-management-california/	devry-unis-keller-graduate-school-of-management-california	admissions	old-slug twin	301 https://gpacalculator.net/admissions/devry-university-california/	0	0
https://gpacalculator.net/admissions/devry-unis-keller-graduate-school-of-management-colorado/	devry-unis-keller-graduate-school-of-management-colorado	admissions	old-slug twin	301 https://gpacalculator.net/admissions/devry-university-colorado/	0	0
https://gpacalculator.net/admissions/devry-unis-keller-graduate-school-of-management-florida/	devry-unis-keller-graduate-school-of-management-florida	admissions	old-slug twin	301 https://gpacalculator.net/admissions/devry-university-florida/	0	0
https://gpacalculator.net/admissions/devry-unis-keller-graduate-school-of-management-georgia/	devry-unis-keller-graduate-school-of-management-georgia	admissions	old-slug twin	301 https://gpacalculator.net/admissions/devry-university-georgia/	0	0
https://gpacalculator.net/admissions/devry-unis-keller-graduate-school-of-management-illinois/	devry-unis-keller-graduate-school-of-management-illinois	admissions	old-slug twin	301 https://gpacalculator.net/admissions/devry-university-illinois/	0	0
https://gpacalculator.net/admissions/devry-unis-keller-graduate-school-of-management-indiana/	devry-unis-keller-graduate-school-of-management-indiana	admissions	old-slug twin	301 https://gpacalculator.net/admissions/devry-university-indiana/	0	0
https://gpacalculator.net/admissions/devry-unis-keller-graduate-school-of-management-kentucky/	devry-unis-keller-graduate-school-of-management-kentucky	admissions	old-slug twin	301 https://gpacalculator.net/admissions/devry-university-kentucky/	0	0
https://gpacalculator.net/admissions/devry-unis-keller-graduate-school-of-management-maryland/	devry-unis-keller-graduate-school-of-management-maryland	admissions	old-slug twin	301 https://gpacalculator.net/admissions/devry-university-maryland/	0	0
https://gpacalculator.net/admissions/devry-unis-keller-graduate-school-of-management-michigan/	devry-unis-keller-graduate-school-of-management-michigan	admissions	old-slug twin	301 https://gpacalculator.net/admissions/devry-university-michigan/	0	0
https://gpacalculator.net/admissions/devry-unis-keller-graduate-school-of-management-minnesota/	devry-unis-keller-graduate-school-of-management-minnesota	admissions	old-slug twin	301 https://gpacalculator.net/admissions/devry-university-minnesota/	0	0
https://gpacalculator.net/admissions/devry-unis-keller-graduate-school-of-management-missouri/	devry-unis-keller-graduate-school-of-management-missouri	admissions	old-slug twin	301 https://gpacalculator.net/admissions/devry-university-missouri/	0	0
https://gpacalculator.net/admissions/devry-unis-keller-graduate-school-of-management-nc/	devry-unis-keller-graduate-school-of-management-nc	admissions	old-slug twin	301 https://gpacalculator.net/admissions/devry-university-north-carolina/	0	0
https://gpacalculator.net/admissions/devry-unis-keller-graduate-school-of-management-nevada/	devry-unis-keller-graduate-school-of-management-nevada	admissions	old-slug twin	301 https://gpacalculator.net/admissions/devry-university-nevada/	0	0
https://gpacalculator.net/admissions/devry-unis-keller-graduate-school-of-management-new-jersey/	devry-unis-keller-graduate-school-of-management-new-jersey	admissions	old-slug twin	301 https://gpacalculator.net/admissions/devry-university-new-jersey/	0	0
https://gpacalculator.net/admissions/devry-unis-keller-graduate-school-of-management-ohio/	devry-unis-keller-graduate-school-of-management-ohio	admissions	old-slug twin	301 https://gpacalculator.net/admissions/devry-university-ohio/	0	0
https://gpacalculator.net/admissions/devry-unis-keller-graduate-school-of-management-oklahoma/	devry-unis-keller-graduate-school-of-management-oklahoma	admissions	old-slug twin	301 https://gpacalculator.net/admissions/devry-university-oklahoma/	0	0
https://gpacalculator.net/admissions/devry-unis-keller-graduate-school-of-management-oregon/	devry-unis-keller-graduate-school-of-management-oregon	admissions	old-slug twin	301 https://gpacalculator.net/admissions/devry-university-oregon/	0	0
https://gpacalculator.net/admissions/devry-unis-keller-graduate-school-of-management-pa/	devry-unis-keller-graduate-school-of-management-pa	admissions	old-slug twin	301 https://gpacalculator.net/admissions/devry-university-pennsylvania/	0	0
https://gpacalculator.net/admissions/devry-unis-keller-graduate-school-of-management-tennessee/	devry-unis-keller-graduate-school-of-management-tennessee	admissions	old-slug twin	301 https://gpacalculator.net/admissions/devry-university-tennessee/	0	0
https://gpacalculator.net/admissions/devry-unis-keller-graduate-school-of-management-texas/	devry-unis-keller-graduate-school-of-management-texas	admissions	old-slug twin	301 https://gpacalculator.net/admissions/devry-university-texas/	0	0
https://gpacalculator.net/admissions/devry-unis-keller-graduate-school-of-management-utah/	devry-unis-keller-graduate-school-of-management-utah	admissions	old-slug twin	301 https://gpacalculator.net/admissions/devry-university-utah/	0	0
https://gpacalculator.net/admissions/devry-unis-keller-graduate-school-of-management-virginia/	devry-unis-keller-graduate-school-of-management-virginia	admissions	old-slug twin	301 https://gpacalculator.net/admissions/devry-university-virginia/	0	0
https://gpacalculator.net/admissions/devry-unis-keller-graduate-school-of-management-washington/	devry-unis-keller-graduate-school-of-management-washington	admissions	old-slug twin	301 https://gpacalculator.net/admissions/devry-university-washington/	0	0
https://gpacalculator.net/admissions/devry-unis-keller-graduate-school-of-management-wisconsin/	devry-unis-keller-graduate-school-of-management-wisconsin	admissions	old-slug twin	301 https://gpacalculator.net/admissions/devry-university-wisconsin/	0	0
https://gpacalculator.net/admissions/devry-university-administrative-office/	devry-university-administrative-office	admissions	old-slug twin	301 https://gpacalculator.net/admissions/devry-university-illinois/	0	0
https://gpacalculator.net/admissions/devry-university-colorado/	devry-university-colorado	admissions	removed (R)	410	0	0
https://gpacalculator.net/admissions/devry-university-indiana/	devry-university-indiana	admissions	removed (R); search console	410	0	5
https://gpacalculator.net/admissions/devry-university-kentucky/	devry-university-kentucky	admissions	removed (R)	410	0	0
https://gpacalculator.net/admissions/devry-university-maryland/	devry-university-maryland	admissions	removed (R); search console	410	0	20
https://gpacalculator.net/admissions/devry-university-michigan/	devry-university-michigan	admissions	removed (R); search console	410	0	4
https://gpacalculator.net/admissions/devry-university-minnesota/	devry-university-minnesota	admissions	removed (R); search console	410	0	9
https://gpacalculator.net/admissions/devry-university-missouri/	devry-university-missouri	admissions	removed (R); search console	410	0	4
https://gpacalculator.net/admissions/devry-university-north-carolina/	devry-university-north-carolina	admissions	removed (R); search console	410	0	2
https://gpacalculator.net/admissions/devry-university-oklahoma/	devry-university-oklahoma	admissions	removed (R)	410	0	0
https://gpacalculator.net/admissions/devry-university-oregon/	devry-university-oregon	admissions	removed (R); search console	410	0	31
https://gpacalculator.net/admissions/devry-university-pennsylvania/	devry-university-pennsylvania	admissions	removed (R); search console	410	0	3
https://gpacalculator.net/admissions/devry-university-tennessee/	devry-university-tennessee	admissions	removed (R)	410	0	0
https://gpacalculator.net/admissions/devry-university-utah/	devry-university-utah	admissions	removed (R); search console	410	0	1
https://gpacalculator.net/admissions/devry-university-washington/	devry-university-washington	admissions	removed (R); search console	410	0	5
https://gpacalculator.net/admissions/devry-university-wisconsin/	devry-university-wisconsin	admissions	removed (R); search console	410	0	3
https://gpacalculator.net/admissions/devry-universitys-keller-graduate-school-of-management-arizona/	devry-universitys-keller-graduate-school-of-management-arizona	admissions	old-slug twin	301 https://gpacalculator.net/admissions/devry-university-arizona/	0	0
https://gpacalculator.net/admissions/devry-universitys-keller-graduate-school-of-management-california/	devry-universitys-keller-graduate-school-of-management-california	admissions	old-slug twin	301 https://gpacalculator.net/admissions/devry-university-california/	0	0
https://gpacalculator.net/admissions/devry-universitys-keller-graduate-school-of-management-colorado/	devry-universitys-keller-graduate-school-of-management-colorado	admissions	old-slug twin	301 https://gpacalculator.net/admissions/devry-university-colorado/	0	0
https://gpacalculator.net/admissions/devry-universitys-keller-graduate-school-of-management-florida/	devry-universitys-keller-graduate-school-of-management-florida	admissions	old-slug twin	301 https://gpacalculator.net/admissions/devry-university-florida/	0	0
https://gpacalculator.net/admissions/devry-universitys-keller-graduate-school-of-management-georgia/	devry-universitys-keller-graduate-school-of-management-georgia	admissions	old-slug twin	301 https://gpacalculator.net/admissions/devry-university-georgia/	0	0
https://gpacalculator.net/admissions/devry-universitys-keller-graduate-school-of-management-illinois/	devry-universitys-keller-graduate-school-of-management-illinois	admissions	old-slug twin	301 https://gpacalculator.net/admissions/devry-university-illinois/	0	0
https://gpacalculator.net/admissions/devry-universitys-keller-graduate-school-of-management-indiana/	devry-universitys-keller-graduate-school-of-management-indiana	admissions	old-slug twin	301 https://gpacalculator.net/admissions/devry-university-indiana/	0	0
https://gpacalculator.net/admissions/devry-universitys-keller-graduate-school-of-management-kentucky/	devry-universitys-keller-graduate-school-of-management-kentucky	admissions	old-slug twin	301 https://gpacalculator.net/admissions/devry-university-kentucky/	0	0
https://gpacalculator.net/admissions/devry-universitys-keller-graduate-school-of-management-maryland/	devry-universitys-keller-graduate-school-of-management-maryland	admissions	old-slug twin	301 https://gpacalculator.net/admissions/devry-university-maryland/	0	0
https://gpacalculator.net/admissions/devry-universitys-keller-graduate-school-of-management-michigan/	devry-universitys-keller-graduate-school-of-management-michigan	admissions	old-slug twin	301 https://gpacalculator.net/admissions/devry-university-michigan/	0	0
https://gpacalculator.net/admissions/devry-universitys-keller-graduate-school-of-management-minnesota/	devry-universitys-keller-graduate-school-of-management-minnesota	admissions	old-slug twin	301 https://gpacalculator.net/admissions/devry-university-minnesota/	0	0
https://gpacalculator.net/admissions/devry-universitys-keller-graduate-school-of-management-missouri/	devry-universitys-keller-graduate-school-of-management-missouri	admissions	old-slug twin	301 https://gpacalculator.net/admissions/devry-university-missouri/	0	0
https://gpacalculator.net/admissions/devry-universitys-keller-graduate-school-of-management-nevada/	devry-universitys-keller-graduate-school-of-management-nevada	admissions	old-slug twin	301 https://gpacalculator.net/admissions/devry-university-nevada/	0	0
https://gpacalculator.net/admissions/devry-universitys-keller-graduate-school-of-management-new-jersey/	devry-universitys-keller-graduate-school-of-management-new-jersey	admissions	old-slug twin	301 https://gpacalculator.net/admissions/devry-university-new-jersey/	0	0
https://gpacalculator.net/admissions/devry-universitys-keller-graduate-school-of-management-north-carolina/	devry-universitys-keller-graduate-school-of-management-north-carolina	admissions	old-slug twin	301 https://gpacalculator.net/admissions/devry-university-north-carolina/	0	0
https://gpacalculator.net/admissions/devry-universitys-keller-graduate-school-of-management-ohio/	devry-universitys-keller-graduate-school-of-management-ohio	admissions	old-slug twin	301 https://gpacalculator.net/admissions/devry-university-ohio/	0	0
https://gpacalculator.net/admissions/devry-universitys-keller-graduate-school-of-management-oklahoma/	devry-universitys-keller-graduate-school-of-management-oklahoma	admissions	old-slug twin	301 https://gpacalculator.net/admissions/devry-university-oklahoma/	0	0
https://gpacalculator.net/admissions/devry-universitys-keller-graduate-school-of-management-oregon/	devry-universitys-keller-graduate-school-of-management-oregon	admissions	old-slug twin	301 https://gpacalculator.net/admissions/devry-university-oregon/	0	0
https://gpacalculator.net/admissions/devry-universitys-keller-graduate-school-of-management-pennsylvania/	devry-universitys-keller-graduate-school-of-management-pennsylvania	admissions	old-slug twin	301 https://gpacalculator.net/admissions/devry-university-pennsylvania/	0	0
https://gpacalculator.net/admissions/devry-universitys-keller-graduate-school-of-management-tennessee/	devry-universitys-keller-graduate-school-of-management-tennessee	admissions	old-slug twin	301 https://gpacalculator.net/admissions/devry-university-tennessee/	0	0
https://gpacalculator.net/admissions/devry-universitys-keller-graduate-school-of-management-texas/	devry-universitys-keller-graduate-school-of-management-texas	admissions	old-slug twin	301 https://gpacalculator.net/admissions/devry-university-texas/	0	0
https://gpacalculator.net/admissions/devry-universitys-keller-graduate-school-of-management-utah/	devry-universitys-keller-graduate-school-of-management-utah	admissions	old-slug twin	301 https://gpacalculator.net/admissions/devry-university-utah/	0	0
https://gpacalculator.net/admissions/devry-universitys-keller-graduate-school-of-management-virginia/	devry-universitys-keller-graduate-school-of-management-virginia	admissions	old-slug twin	301 https://gpacalculator.net/admissions/devry-university-virginia/	0	0
https://gpacalculator.net/admissions/devry-universitys-keller-graduate-school-of-management-washington/	devry-universitys-keller-graduate-school-of-management-washington	admissions	old-slug twin	301 https://gpacalculator.net/admissions/devry-university-washington/	0	0
https://gpacalculator.net/admissions/devry-universitys-keller-graduate-school-of-management-wisconsin/	devry-universitys-keller-graduate-school-of-management-wisconsin	admissions	old-slug twin	301 https://gpacalculator.net/admissions/devry-university-wisconsin/	0	0
https://gpacalculator.net/admissions/digital-media-arts-college/	digital-media-arts-college	admissions	removed (C); search console	410	0	4
https://gpacalculator.net/admissions/dowling-college/	dowling-college	admissions	unresolved; search console	unresolved	0	19
https://gpacalculator.net/admissions/drury-university/	drury-university	admissions	old-slug twin	301 https://gpacalculator.net/admissions/drury/	0	0
https://gpacalculator.net/admissions/duke-university/	duke-university	admissions	old-slug twin	301 https://gpacalculator.net/admissions/duke/	0	0
https://gpacalculator.net/admissions/duluth-business-university/	duluth-business-university	admissions	removed (C); search console	410	0	1
https://gpacalculator.net/admissions/duquesne-university/	duquesne-university	admissions	old-slug twin	301 https://gpacalculator.net/admissions/duquesne/	0	0
https://gpacalculator.net/admissions/eagle-gate-college-salt-lake-city/	eagle-gate-college-salt-lake-city	admissions	removed (C); search console	410	0	6
https://gpacalculator.net/admissions/east-san-gabriel-valley-regional-occupational-program/	east-san-gabriel-valley-regional-occupational-program	admissions	removed (C); search console	410	0	2
https://gpacalculator.net/admissions/eastern-gateway-community-college/	eastern-gateway-community-college	admissions	unresolved; search console	unresolved	0	1
https://gpacalculator.net/admissions/eastfield-college/	eastfield-college	admissions	legacy map; search console	301 https://gpacalculator.net/admissions/el-centro-college/	0	6
https://gpacalculator.net/admissions/ecotech-institute/	ecotech-institute	admissions	removed (C); search console	410	0	2
https://gpacalculator.net/admissions/edinboro-university-of-pennsylvania/	edinboro-university-of-pennsylvania	admissions	removed (N); search console	301 https://gpacalculator.net/admissions/pennsylvania-western-university/	0	78
https://gpacalculator.net/admissions/ellis-university/	ellis-university	admissions	unresolved	unresolved	0	0
https://gpacalculator.net/admissions/embry-riddle-aeronautical-uni-daytona-beach/	embry-riddle-aeronautical-uni-daytona-beach	admissions	old-slug twin	301 https://gpacalculator.net/admissions/embry-riddle/	0	0
https://gpacalculator.net/admissions/embry-riddle-aeronautical-university-daytona-beach/	embry-riddle-aeronautical-university-daytona-beach	admissions	old-slug twin	301 https://gpacalculator.net/admissions/embry-riddle/	0	0
https://gpacalculator.net/admissions/embry-riddle-aeronautical-university-prescott/	embry-riddle-aeronautical-university-prescott	admissions	old-slug twin	301 https://gpacalculator.net/admissions/embry-riddle-prescott/	0	0
https://gpacalculator.net/admissions/emory-university/	emory-university	admissions	old-slug twin	301 https://gpacalculator.net/admissions/emory/	0	0
https://gpacalculator.net/admissions/erie-business-center-erie/	erie-business-center-erie	admissions	removed (C)	410	0	0
https://gpacalculator.net/admissions/erie-business-center-new-castle/	erie-business-center-new-castle	admissions	removed (C); search console	410	0	5
https://gpacalculator.net/admissions/everest-university-brandon/	everest-university-brandon	admissions	legacy map	410	0	0
https://gpacalculator.net/admissions/everest-university-jacksonville/	everest-university-jacksonville	admissions	legacy map	410	0	0
https://gpacalculator.net/admissions/everest-university-lakeland/	everest-university-lakeland	admissions	legacy map	410	0	0
https://gpacalculator.net/admissions/everest-university-largo/	everest-university-largo	admissions	legacy map	410	0	0
https://gpacalculator.net/admissions/everest-university-melbourne/	everest-university-melbourne	admissions	legacy map	410	0	0
https://gpacalculator.net/admissions/everest-university-north-orlando/	everest-university-north-orlando	admissions	legacy map	410	0	0
https://gpacalculator.net/admissions/everest-university-orange-park/	everest-university-orange-park	admissions	legacy map	410	0	0
https://gpacalculator.net/admissions/everest-university-pompano-beach/	everest-university-pompano-beach	admissions	legacy map	410	0	0
https://gpacalculator.net/admissions/everest-university-south-orlando/	everest-university-south-orlando	admissions	legacy map	410	0	0
https://gpacalculator.net/admissions/everest-university-tampa/	everest-university-tampa	admissions	legacy map	410	0	0
https://gpacalculator.net/admissions/expression-college-for-digital-arts/	expression-college-for-digital-arts	admissions	removed (C); search console	410	0	2
https://gpacalculator.net/admissions/fairleigh-dickinson-uni-metropolitan-campus/	fairleigh-dickinson-uni-metropolitan-campus	admissions	old-slug twin	301 https://gpacalculator.net/admissions/fairleigh-dickinson-university-metropolitan-campus/	0	0
https://gpacalculator.net/admissions/fashion-careers-college/	fashion-careers-college	admissions	removed (C); search console	410	0	7
https://gpacalculator.net/admissions/fashion-institute-of-design-and-merchandising-los-angeles/	fashion-institute-of-design-and-merchandising-los-angeles	admissions	unresolved; search console	unresolved	0	63
https://gpacalculator.net/admissions/fashion-institute-of-design-and-merchandising-orange-county/	fashion-institute-of-design-and-merchandising-orange-county	admissions	unresolved; search console	unresolved	0	19
https://gpacalculator.net/admissions/fashion-institute-of-design-and-merchandising-san-diego/	fashion-institute-of-design-and-merchandising-san-diego	admissions	unresolved; search console	unresolved	0	9
https://gpacalculator.net/admissions/fashion-institute-of-design-and-merchandising-san-francisco/	fashion-institute-of-design-and-merchandising-san-francisco	admissions	legacy map; search console	410	0	51
https://gpacalculator.net/admissions/finlandia-university/	finlandia-university	admissions	removed (C); search console	410	0	1
https://gpacalculator.net/admissions/florida-career-college-clearwater/	florida-career-college-clearwater	admissions	removed (S); search console	410	0	1
https://gpacalculator.net/admissions/florida-career-college-miami/	florida-career-college-miami	admissions	unresolved; search console	unresolved	0	7
https://gpacalculator.net/admissions/florida-christian-college/	florida-christian-college	admissions	legacy map; search console	410	0	4
https://gpacalculator.net/admissions/florida-gulf-coast-university/	florida-gulf-coast-university	admissions	old-slug twin	301 https://gpacalculator.net/admissions/florida-gulf-coast/	0	0
https://gpacalculator.net/admissions/florida-international-university/	florida-international-university	admissions	old-slug twin	301 https://gpacalculator.net/admissions/florida-international/	0	0
https://gpacalculator.net/admissions/fontbonne-university/	fontbonne-university	admissions	unresolved; search console	unresolved	0	7
https://gpacalculator.net/admissions/forrest-college/	forrest-college	admissions	removed (C); search console	410	0	1
https://gpacalculator.net/admissions/fortis-college-largo/	fortis-college-largo	admissions	removed (C)	410	0	0
https://gpacalculator.net/admissions/fortis-college-miami/	fortis-college-miami	admissions	removed (C)	410	0	0
https://gpacalculator.net/admissions/fortis-college-phoenix/	fortis-college-phoenix	admissions	removed (C); search console	410	0	1
https://gpacalculator.net/admissions/fortis-college-ravenna/	fortis-college-ravenna	admissions	removed (C); search console	410	0	2
https://gpacalculator.net/admissions/fortis-college-tampa/	fortis-college-tampa	admissions	removed (C); search console	410	0	2
https://gpacalculator.net/admissions/fortis-college-winter-park/	fortis-college-winter-park	admissions	removed (C)	410	0	0
https://gpacalculator.net/admissions/fortis-institute-erie/	fortis-institute-erie	admissions	removed (C); search console	410	0	5
https://gpacalculator.net/admissions/fountainhead-college-of-technology/	fountainhead-college-of-technology	admissions	removed (C); search console	410	0	3
https://gpacalculator.net/admissions/francis-marion-university/	francis-marion-university	admissions	old-slug twin	301 https://gpacalculator.net/admissions/francis-marion/	0	0
https://gpacalculator.net/admissions/franciscan-university-of-steubenville/	franciscan-university-of-steubenville	admissions	old-slug twin	301 https://gpacalculator.net/admissions/franciscan/	0	0
https://gpacalculator.net/admissions/gallipolis-career-college/	gallipolis-career-college	admissions	removed (C); search console	410	0	1
https://gpacalculator.net/admissions/gateway-community-college-new-haven/	gateway-community-college-new-haven	admissions	removed (N); search console	301 https://gpacalculator.net/admissions/connecticut-state-community-college/	0	16
https://gpacalculator.net/admissions/george-washington-university/	george-washington-university	admissions	old-slug twin	301 https://gpacalculator.net/admissions/george-washington/	0	0
https://gpacalculator.net/admissions/georgetown-university/	georgetown-university	admissions	old-slug twin	301 https://gpacalculator.net/admissions/georgetown/	0	0
https://gpacalculator.net/admissions/georgia-college-state-university/	georgia-college-state-university	admissions	old-slug twin	301 https://gpacalculator.net/admissions/georgia-college-and-state-university/	0	0
https://gpacalculator.net/admissions/georgia-health-sciences-university/	georgia-health-sciences-university	admissions	old-slug twin	301 https://gpacalculator.net/admissions/augusta-university/	0	0
https://gpacalculator.net/admissions/georgia-military-college-atlanta-campus/	georgia-military-college-atlanta-campus	admissions	removed (C); search console	301 https://gpacalculator.net/admissions/georgia-military-college/	0	3
https://gpacalculator.net/admissions/georgia-military-college-augusta-campus/	georgia-military-college-augusta-campus	admissions	removed (M)	301 https://gpacalculator.net/admissions/georgia-military-college/	0	0
https://gpacalculator.net/admissions/georgia-military-college-columbus-campus/	georgia-military-college-columbus-campus	admissions	removed (M); search console	301 https://gpacalculator.net/admissions/georgia-military-college/	0	2
https://gpacalculator.net/admissions/georgia-military-college-milledgeville-campus/	georgia-military-college-milledgeville-campus	admissions	removed (D); search console	301 https://gpacalculator.net/admissions/georgia-military-college/	0	11
https://gpacalculator.net/admissions/georgia-military-college-valdosta-campus/	georgia-military-college-valdosta-campus	admissions	removed (M); search console	301 https://gpacalculator.net/admissions/georgia-military-college/	0	4
https://gpacalculator.net/admissions/georgia-military-college-warner-robins-campus/	georgia-military-college-warner-robins-campus	admissions	removed (M); search console	301 https://gpacalculator.net/admissions/georgia-military-college/	0	2
https://gpacalculator.net/admissions/globe-institute-of-technology/	globe-institute-of-technology	admissions	unresolved; search console	unresolved	0	1
https://gpacalculator.net/admissions/globe-university%CB%86green-bay/	globe-university%CB%86green-bay	admissions	unresolved	unresolved	0	0
https://gpacalculator.net/admissions/globe-university%CB%86madison-west/	globe-university%CB%86madison-west	admissions	unresolved	unresolved	0	0
https://gpacalculator.net/admissions/globe-university%CB%86wausau/	globe-university%CB%86wausau	admissions	unresolved	unresolved	0	0
https://gpacalculator.net/admissions/globe-university-appleton/	globe-university-appleton	admissions	unresolved; search console	unresolved	0	3
https://gpacalculator.net/admissions/globe-university-eau-claire/	globe-university-eau-claire	admissions	unresolved; search console	unresolved	0	3
https://gpacalculator.net/admissions/globe-university-green-bay/	globe-university-green-bay	admissions	legacy map	410	0	0
https://gpacalculator.net/admissions/globe-university-la-crosse/	globe-university-la-crosse	admissions	unresolved; search console	unresolved	0	4
https://gpacalculator.net/admissions/globe-university-madison-east/	globe-university-madison-east	admissions	unresolved	unresolved	0	0
https://gpacalculator.net/admissions/globe-university-madison-west/	globe-university-madison-west	admissions	legacy map	410	0	0
https://gpacalculator.net/admissions/globe-university-sioux-falls/	globe-university-sioux-falls	admissions	unresolved; search console	unresolved	0	3
https://gpacalculator.net/admissions/globe-university-wausau/	globe-university-wausau	admissions	unresolved; search console	unresolved	0	1
https://gpacalculator.net/admissions/globe-university-woodbury/	globe-university-woodbury	admissions	unresolved	unresolved	0	0
https://gpacalculator.net/admissions/goddard-college/	goddard-college	admissions	legacy map; search console	410	0	3
https://gpacalculator.net/admissions/golden-gate-university-san-francisco/	golden-gate-university-san-francisco	admissions	old-slug twin	301 https://gpacalculator.net/admissions/golden-gate-university/	0	0
https://gpacalculator.net/admissions/golf-academy-of-america-altamonte-springs/	golf-academy-of-america-altamonte-springs	admissions	removed (C); search console	410	0	5
https://gpacalculator.net/admissions/golf-academy-of-america-carlsbad/	golf-academy-of-america-carlsbad	admissions	removed (C)	410	0	0
https://gpacalculator.net/admissions/golf-academy-of-america-chandler/	golf-academy-of-america-chandler	admissions	removed (C); search console	410	0	1
https://gpacalculator.net/admissions/golf-academy-of-america-myrtle-beach/	golf-academy-of-america-myrtle-beach	admissions	removed (C); search console	410	0	6
https://gpacalculator.net/admissions/governors-state-university/	governors-state-university	admissions	old-slug twin	301 https://gpacalculator.net/admissions/governors-state/	0	0
https://gpacalculator.net/admissions/grace-university/	grace-university	admissions	removed (R); search console	410	0	11
https://gpacalculator.net/admissions/great-falls-college-montana-state-university/	great-falls-college-montana-state-university	admissions	old-slug twin	301 https://gpacalculator.net/admissions/montana-state-university-great-falls-college-of-technology/	0	0
https://gpacalculator.net/admissions/green-mountain-college/	green-mountain-college	admissions	legacy map; search console	410	0	1
https://gpacalculator.net/admissions/hands-on-medical-massage-school/	hands-on-medical-massage-school	admissions	removed (C); search console	410	0	6
https://gpacalculator.net/admissions/harrison-college-columbus/	harrison-college-columbus	admissions	unresolved; search console	unresolved	0	1
https://gpacalculator.net/admissions/harrison-college-elkhart/	harrison-college-elkhart	admissions	unresolved; search console	unresolved	0	2
https://gpacalculator.net/admissions/harrison-college-evansville/	harrison-college-evansville	admissions	unresolved; search console	unresolved	0	2
https://gpacalculator.net/admissions/harrison-college-indianapolis-east/	harrison-college-indianapolis-east	admissions	unresolved; search console	unresolved	0	1
https://gpacalculator.net/admissions/harrison-college-lafayette/	harrison-college-lafayette	admissions	unresolved; search console	unresolved	0	1
https://gpacalculator.net/admissions/harrison-college-terre-haute/	harrison-college-terre-haute	admissions	unresolved; search console	unresolved	0	1
https://gpacalculator.net/admissions/harrison-college/	harrison-college	admissions	legacy map; search console	410	0	3
https://gpacalculator.net/admissions/harvard-university/	harvard-university	admissions	old-slug twin	301 https://gpacalculator.net/admissions/harvard/	0	0
https://gpacalculator.net/admissions/helena-college-university-of-montana/	helena-college-university-of-montana	admissions	old-slug twin	301 https://gpacalculator.net/admissions/university-of-montana-helena-college-of-technology/	0	0
https://gpacalculator.net/admissions/herzing-university-toledo/	herzing-university-toledo	admissions	removed (C)	410	0	0
https://gpacalculator.net/admissions/hesser-college/	hesser-college	admissions	removed (C); search console	410	1	4
https://gpacalculator.net/admissions/hibbing-community-college-a-technical-and-community-college/	hibbing-community-college-a-technical-and-community-college	admissions	removed (P); search console	301 https://gpacalculator.net/admissions/minnesota-north-college/	0	1
https://gpacalculator.net/admissions/hickey-college/	hickey-college	admissions	removed (C)	410	0	0
https://gpacalculator.net/admissions/hiwassee-college/	hiwassee-college	admissions	removed (C)	410	0	0
https://gpacalculator.net/admissions/hodges-university/	hodges-university	admissions	removed (C); search console	410	0	3
https://gpacalculator.net/admissions/hollins-university/	hollins-university	admissions	old-slug twin	301 https://gpacalculator.net/admissions/hollins/	0	0
https://gpacalculator.net/admissions/holy-names-university/	holy-names-university	admissions	legacy map; search console	410	0	11
https://gpacalculator.net/admissions/housatonic-community-college/	housatonic-community-college	admissions	removed (N); search console	301 https://gpacalculator.net/admissions/connecticut-state-community-college/	0	20
https://gpacalculator.net/admissions/hussian-school-of-art/	hussian-school-of-art	admissions	removed (C)	410	0	0
https://gpacalculator.net/admissions/husson-university-bangor-maine/	husson-university-bangor-maine	admissions	legacy map; search console	301 https://gpacalculator.net/admissions/husson-university/	0	43
https://gpacalculator.net/admissions/illinois-eastern-community-colleges-frontier-community-coll/	illinois-eastern-community-colleges-frontier-community-coll	admissions	removed (S); search console	301 https://gpacalculator.net/admissions/illinois-eastern-community-colleges/	0	3
https://gpacalculator.net/admissions/illinois-eastern-community-colleges-lincoln-trail-college/	illinois-eastern-community-colleges-lincoln-trail-college	admissions	removed (S); search console	301 https://gpacalculator.net/admissions/illinois-eastern-community-colleges/	0	6
https://gpacalculator.net/admissions/illinois-eastern-community-colleges-olney-central-college/	illinois-eastern-community-colleges-olney-central-college	admissions	removed (P); search console	301 https://gpacalculator.net/admissions/illinois-eastern-community-colleges/	0	3
https://gpacalculator.net/admissions/illinois-eastern-community-colleges-wabash-valley-college/	illinois-eastern-community-colleges-wabash-valley-college	admissions	removed (S); search console	301 https://gpacalculator.net/admissions/illinois-eastern-community-colleges/	0	7
https://gpacalculator.net/admissions/illinois-wesleyan-university/	illinois-wesleyan-university	admissions	old-slug twin	301 https://gpacalculator.net/admissions/illinois-wesleyan/	0	0
https://gpacalculator.net/admissions/independence-university/	independence-university	admissions	legacy map; search console	410	0	4
https://gpacalculator.net/admissions/institute-of-design-and-construction/	institute-of-design-and-construction	admissions	removed (C); search console	410	0	1
https://gpacalculator.net/admissions/institute-of-production-and-recording/	institute-of-production-and-recording	admissions	removed (C)	410	0	0
https://gpacalculator.net/admissions/international-business-college/	international-business-college	admissions	removed (C); search console	410	0	14
https://gpacalculator.net/admissions/international-college-of-broadcasting/	international-college-of-broadcasting	admissions	removed (C); search console	410	0	1
https://gpacalculator.net/admissions/international-professional-school-of-bodywork/	international-professional-school-of-bodywork	admissions	removed (R)	410	0	0
https://gpacalculator.net/admissions/international-technological-university/	international-technological-university	admissions	unresolved	unresolved	0	0
https://gpacalculator.net/admissions/iowa-wesleyan-college/	iowa-wesleyan-college	admissions	removed (C); search console	410	0	3
https://gpacalculator.net/admissions/island-drafting-and-technical-institute/	island-drafting-and-technical-institute	admissions	unresolved; search console	unresolved	0	2
https://gpacalculator.net/admissions/itasca-community-college/	itasca-community-college	admissions	removed (P)	301 https://gpacalculator.net/admissions/minnesota-north-college/	0	0
https://gpacalculator.net/admissions/itt-technical-institute-bradenton/	itt-technical-institute-bradenton	admissions	legacy map	410	0	0
https://gpacalculator.net/admissions/itt-technical-institute-university-park/	itt-technical-institute-university-park	admissions	legacy map	410	0	0
https://gpacalculator.net/admissions/ivy-tech-community-college-bloominton/	ivy-tech-community-college-bloominton	admissions	removed (P); search console	301 https://gpacalculator.net/admissions/ivy-tech-community-college/	0	19
https://gpacalculator.net/admissions/ivy-tech-community-college-central-indiana/	ivy-tech-community-college-central-indiana	admissions	removed (P); search console	301 https://gpacalculator.net/admissions/ivy-tech-community-college/	1	71
https://gpacalculator.net/admissions/ivy-tech-community-college-columbus/	ivy-tech-community-college-columbus	admissions	removed (S); search console	301 https://gpacalculator.net/admissions/ivy-tech-community-college/	1	24
https://gpacalculator.net/admissions/ivy-tech-community-college-east-central/	ivy-tech-community-college-east-central	admissions	removed (P); search console	301 https://gpacalculator.net/admissions/ivy-tech-community-college/	0	8
https://gpacalculator.net/admissions/ivy-tech-community-college-kokomo/	ivy-tech-community-college-kokomo	admissions	removed (S); search console	301 https://gpacalculator.net/admissions/ivy-tech-community-college/	0	11
https://gpacalculator.net/admissions/ivy-tech-community-college-lafayette/	ivy-tech-community-college-lafayette	admissions	removed (S); search console	301 https://gpacalculator.net/admissions/ivy-tech-community-college/	0	15
https://gpacalculator.net/admissions/ivy-tech-community-college-northcentral/	ivy-tech-community-college-northcentral	admissions	removed (P); search console	301 https://gpacalculator.net/admissions/ivy-tech-community-college/	0	16
https://gpacalculator.net/admissions/ivy-tech-community-college-northeast/	ivy-tech-community-college-northeast	admissions	removed (P); search console	301 https://gpacalculator.net/admissions/ivy-tech-community-college/	0	67
https://gpacalculator.net/admissions/ivy-tech-community-college-northwest/	ivy-tech-community-college-northwest	admissions	removed (P); search console	301 https://gpacalculator.net/admissions/ivy-tech-community-college/	0	27
https://gpacalculator.net/admissions/ivy-tech-community-college-richmond/	ivy-tech-community-college-richmond	admissions	removed (S); search console	301 https://gpacalculator.net/admissions/ivy-tech-community-college/	0	36
https://gpacalculator.net/admissions/ivy-tech-community-college-south-central/	ivy-tech-community-college-south-central	admissions	removed (P); search console	301 https://gpacalculator.net/admissions/ivy-tech-community-college/	0	22
https://gpacalculator.net/admissions/ivy-tech-community-college-southeast/	ivy-tech-community-college-southeast	admissions	removed (P); search console	301 https://gpacalculator.net/admissions/ivy-tech-community-college/	0	16
https://gpacalculator.net/admissions/ivy-tech-community-college-southwest/	ivy-tech-community-college-southwest	admissions	removed (P); search console	301 https://gpacalculator.net/admissions/ivy-tech-community-college/	0	100
https://gpacalculator.net/admissions/ivy-tech-community-college-wabash-valley/	ivy-tech-community-college-wabash-valley	admissions	removed (P); search console	301 https://gpacalculator.net/admissions/ivy-tech-community-college/	0	31
https://gpacalculator.net/admissions/james-h-faulkner-state-community-college/	james-h-faulkner-state-community-college	admissions	removed (N); search console	301 https://gpacalculator.net/admissions/coastal-alabama-community-college/	0	5
https://gpacalculator.net/admissions/jefferson-college-of-health-sciences/	jefferson-college-of-health-sciences	admissions	removed (C)	301 https://gpacalculator.net/admissions/radford-university/	0	0
https://gpacalculator.net/admissions/jefferson-davis-community-college/	jefferson-davis-community-college	admissions	removed (N); search console	301 https://gpacalculator.net/admissions/coastal-alabama-community-college/	0	2
https://gpacalculator.net/admissions/john-brown-university/	john-brown-university	admissions	old-slug twin	301 https://gpacalculator.net/admissions/john-brown/	0	0
https://gpacalculator.net/admissions/john-f-kennedy-university/	john-f-kennedy-university	admissions	old-slug twin	301 https://gpacalculator.net/admissions/national-university/	0	0
https://gpacalculator.net/admissions/johns-hopkins-university/	johns-hopkins-university	admissions	old-slug twin	301 https://gpacalculator.net/admissions/johns-hopkins/	0	0
https://gpacalculator.net/admissions/johnson-and-wales-university-charlotte/	johnson-and-wales-university-charlotte	admissions	legacy map; search console	301 https://gpacalculator.net/admissions/johnson-wales-university-charlotte/	0	11
https://gpacalculator.net/admissions/johnson-and-wales-university-denver/	johnson-and-wales-university-denver	admissions	legacy map; search console	410	0	3
https://gpacalculator.net/admissions/johnson-and-wales-university-north-miami/	johnson-and-wales-university-north-miami	admissions	legacy map; search console	410	0	3
https://gpacalculator.net/admissions/johnson-and-wales-university-providence/	johnson-and-wales-university-providence	admissions	legacy map; search console	301 https://gpacalculator.net/admissions/johnson-wales-university-providence/	0	14
https://gpacalculator.net/admissions/johnson-state-college/	johnson-state-college	admissions	removed (N); search console	301 https://gpacalculator.net/admissions/vermont-state-university/	0	6
https://gpacalculator.net/admissions/johnson-wales-university-denver/	johnson-wales-university-denver	admissions	removed (C)	410	0	0
https://gpacalculator.net/admissions/johnson-wales-university-north-miami/	johnson-wales-university-north-miami	admissions	removed (C); search console	410	0	4
https://gpacalculator.net/admissions/johnson-wales-university-online/	johnson-wales-university-online	admissions	unresolved	unresolved	0	0
https://gpacalculator.net/admissions/jones-international-university/	jones-international-university	admissions	removed (C); search console	410	0	6
https://gpacalculator.net/admissions/judson-college/	judson-college	admissions	removed (C); search console	410	0	5
https://gpacalculator.net/admissions/kansas-city-uni-of-medicine-and-biosciences/	kansas-city-uni-of-medicine-and-biosciences	admissions	old-slug twin	301 https://gpacalculator.net/admissions/kansas-city-university/	0	0
https://gpacalculator.net/admissions/kansas-city-university-of-medicine-and-biosciences/	kansas-city-university-of-medicine-and-biosciences	admissions	old-slug twin	301 https://gpacalculator.net/admissions/kansas-city-university/	0	0
https://gpacalculator.net/admissions/kansas-state-university/	kansas-state-university	admissions	old-slug twin	301 https://gpacalculator.net/admissions/kansas-state/	0	0
https://gpacalculator.net/admissions/kaplan-university-cedar-falls-campus/	kaplan-university-cedar-falls-campus	admissions	removed (R); search console	410	0	3
https://gpacalculator.net/admissions/kaplan-university-cedar-rapids-campus/	kaplan-university-cedar-rapids-campus	admissions	removed (N); search console	301 https://gpacalculator.net/admissions/purdue-university-global/	0	3
https://gpacalculator.net/admissions/kaplan-university-council-bluffs-campus/	kaplan-university-council-bluffs-campus	admissions	removed (R); search console	410	0	5
https://gpacalculator.net/admissions/kaplan-university-des-moines-campus/	kaplan-university-des-moines-campus	admissions	removed (N); search console	301 https://gpacalculator.net/admissions/purdue-university-global/	0	5
https://gpacalculator.net/admissions/kaplan-university-hagerstown-campus/	kaplan-university-hagerstown-campus	admissions	removed (R); search console	410	0	2
https://gpacalculator.net/admissions/kaplan-university-lincoln-campus/	kaplan-university-lincoln-campus	admissions	removed (N); search console	301 https://gpacalculator.net/admissions/purdue-university-global/	0	7
https://gpacalculator.net/admissions/kaplan-university-maine-campus/	kaplan-university-maine-campus	admissions	removed (N); search console	301 https://gpacalculator.net/admissions/purdue-university-global/	0	5
https://gpacalculator.net/admissions/kaplan-university-mason-city-campus/	kaplan-university-mason-city-campus	admissions	removed (R); search console	410	0	2
https://gpacalculator.net/admissions/kaplan-university-omaha-campus/	kaplan-university-omaha-campus	admissions	removed (R)	410	0	0
https://gpacalculator.net/admissions/keiser-career-college-jacksonville/	keiser-career-college-jacksonville	admissions	legacy map; search console	410	0	1
https://gpacalculator.net/admissions/kendall-college/	kendall-college	admissions	removed (C); search console	301 https://gpacalculator.net/admissions/national-louis-university/	0	27
https://gpacalculator.net/admissions/kennesaw-state-university-kennesaw-georgia/	kennesaw-state-university-kennesaw-georgia	admissions	legacy map; search console	301 https://gpacalculator.net/admissions/kennesaw-state-university/	0	85
https://gpacalculator.net/admissions/kettering-university/	kettering-university	admissions	old-slug twin	301 https://gpacalculator.net/admissions/kettering/	0	0
https://gpacalculator.net/admissions/key-college/	key-college	admissions	removed (C); search console	410	0	2
https://gpacalculator.net/admissions/kilian-community-college/	kilian-community-college	admissions	removed (C); search console	410	0	1
https://gpacalculator.net/admissions/kings-college-nc/	kings-college-nc	admissions	removed (C); search console	410	0	3
https://gpacalculator.net/admissions/kingston-university/	kingston-university	admissions	unresolved	unresolved	0	0
https://gpacalculator.net/admissions/laurel-university/	laurel-university	admissions	removed (C); search console	410	0	3
https://gpacalculator.net/admissions/lebanon-college/	lebanon-college	admissions	removed (C); search console	410	0	6
https://gpacalculator.net/admissions/lecole-culinaire-mo/	lecole-culinaire-mo	admissions	legacy map; search console	410	0	1
https://gpacalculator.net/admissions/lehigh-university/	lehigh-university	admissions	old-slug twin	301 https://gpacalculator.net/admissions/lehigh/	0	0
https://gpacalculator.net/admissions/limestone-college/	limestone-college	admissions	unresolved; search console	unresolved	0	4
https://gpacalculator.net/admissions/lincoln-christian-university/	lincoln-christian-university	admissions	removed (C)	410	0	0
https://gpacalculator.net/admissions/lincoln-college-of-new-england-hartford/	lincoln-college-of-new-england-hartford	admissions	removed (R); search console	410	0	1
https://gpacalculator.net/admissions/lincoln-college-of-new-england-southington/	lincoln-college-of-new-england-southington	admissions	removed (C); search console	410	0	6
https://gpacalculator.net/admissions/lincoln-college-of-new-england-suffield/	lincoln-college-of-new-england-suffield	admissions	removed (C); search console	410	0	1
https://gpacalculator.net/admissions/lincoln-college-of-technology-cleveland/	lincoln-college-of-technology-cleveland	admissions	removed (C); search console	410	0	2
https://gpacalculator.net/admissions/lincoln-college-of-technology-columbus/	lincoln-college-of-technology-columbus	admissions	removed (C); search console	410	0	19
https://gpacalculator.net/admissions/lincoln-college-of-technology-dayton/	lincoln-college-of-technology-dayton	admissions	removed (C); search console	410	0	12
https://gpacalculator.net/admissions/lincoln-college-of-technology-florence/	lincoln-college-of-technology-florence	admissions	removed (C); search console	410	0	8
https://gpacalculator.net/admissions/lincoln-college-of-technology-franklin-lct/	lincoln-college-of-technology-franklin-lct	admissions	removed (C); search console	410	1	9
https://gpacalculator.net/admissions/lincoln-college-of-technology-toledo/	lincoln-college-of-technology-toledo	admissions	removed (C); search console	410	0	2
https://gpacalculator.net/admissions/lincoln-college-of-technology-tri-county/	lincoln-college-of-technology-tri-county	admissions	removed (C); search console	410	0	3
https://gpacalculator.net/admissions/lincoln-college-of-technology-vine-street/	lincoln-college-of-technology-vine-street	admissions	removed (C); search console	410	0	7
https://gpacalculator.net/admissions/lincoln-college-of-technology-west-palm-beach/	lincoln-college-of-technology-west-palm-beach	admissions	removed (C); search console	410	0	1
https://gpacalculator.net/admissions/lincoln-college/	lincoln-college	admissions	removed (R); search console	410	0	7
https://gpacalculator.net/admissions/lincoln-university-3/	lincoln-university-3	admissions	old-slug twin	301 https://gpacalculator.net/admissions/lincoln-university-mo/	0	0
https://gpacalculator.net/admissions/lincoln-university/	lincoln-university	admissions	old-slug twin	301 https://gpacalculator.net/admissions/lincoln-university-ca/	0	0
https://gpacalculator.net/admissions/liu-brentwood/	liu-brentwood	admissions	unresolved	unresolved	0	0
https://gpacalculator.net/admissions/liu-brooklyn/	liu-brooklyn	admissions	old-slug twin	301 https://gpacalculator.net/admissions/long-island-university-brooklyn-campus/	0	0
https://gpacalculator.net/admissions/liu-hudson-at-rockland/	liu-hudson-at-rockland	admissions	legacy map	410	0	0
https://gpacalculator.net/admissions/liu-hudson-at-westchester/	liu-hudson-at-westchester	admissions	unresolved	unresolved	0	0
https://gpacalculator.net/admissions/liu-post/	liu-post	admissions	old-slug twin	301 https://gpacalculator.net/admissions/long-island-university-c-w-post-campus/	0	0
https://gpacalculator.net/admissions/liu-riverhead/	liu-riverhead	admissions	unresolved	unresolved	0	0
https://gpacalculator.net/admissions/liu-university-center-campus/	liu-university-center-campus	admissions	unresolved	unresolved	0	0
https://gpacalculator.net/admissions/living-arts-college/	living-arts-college	admissions	removed (C)	410	0	0
https://gpacalculator.net/admissions/lock-haven-university/	lock-haven-university	admissions	removed (S); search console	301 https://gpacalculator.net/admissions/commonwealth-university-of-pennsylvania/	0	127
https://gpacalculator.net/admissions/lon-morris-college/	lon-morris-college	admissions	removed (C); search console	410	0	1
https://gpacalculator.net/admissions/long-island-business-institute/	long-island-business-institute	admissions	legacy map; search console	410	0	1
https://gpacalculator.net/admissions/long-island-university-brentwood-campus/	long-island-university-brentwood-campus	admissions	unresolved	unresolved	0	0
https://gpacalculator.net/admissions/long-island-university-brooklyn-campus/	long-island-university-brooklyn-campus	admissions	removed (N); search console	301 https://gpacalculator.net/admissions/long-island-university/	0	46
https://gpacalculator.net/admissions/long-island-university-c-w-post-campus/	long-island-university-c-w-post-campus	admissions	removed (N); search console	301 https://gpacalculator.net/admissions/long-island-university/	0	34
https://gpacalculator.net/admissions/long-island-university-riverhead-campus/	long-island-university-riverhead-campus	admissions	unresolved	unresolved	0	0
https://gpacalculator.net/admissions/long-island-university-rockland-campus/	long-island-university-rockland-campus	admissions	legacy map	410	0	0
https://gpacalculator.net/admissions/long-island-university-university-center-campus/	long-island-university-university-center-campus	admissions	unresolved	unresolved	0	0
https://gpacalculator.net/admissions/long-island-university-westchester-campus/	long-island-university-westchester-campus	admissions	unresolved	unresolved	0	0
https://gpacalculator.net/admissions/louisiana-delta-community-college-monroe-campus/	louisiana-delta-community-college-monroe-campus	admissions	removed (D); search console	301 https://gpacalculator.net/admissions/louisiana-delta-community-college/	0	2
https://gpacalculator.net/admissions/louisiana-state-uni-and-agricultural-mechanical-college/	louisiana-state-uni-and-agricultural-mechanical-college	admissions	old-slug twin	301 https://gpacalculator.net/admissions/lsu/	0	0
https://gpacalculator.net/admissions/louisiana-state-uni-health-sciences-center-new-orleans/	louisiana-state-uni-health-sciences-center-new-orleans	admissions	old-slug twin	301 https://gpacalculator.net/admissions/lsu-health-new-orleans/	0	0
https://gpacalculator.net/admissions/louisiana-state-uni-health-sciences-center-shreveport/	louisiana-state-uni-health-sciences-center-shreveport	admissions	old-slug twin	301 https://gpacalculator.net/admissions/lsu-health-shreveport/	0	0
https://gpacalculator.net/admissions/louisiana-state-university-and-agricultural-mechanical-college/	louisiana-state-university-and-agricultural-mechanical-college	admissions	old-slug twin	301 https://gpacalculator.net/admissions/lsu/	0	0
https://gpacalculator.net/admissions/louisiana-state-university-health-sciences-center-new-orleans/	louisiana-state-university-health-sciences-center-new-orleans	admissions	old-slug twin	301 https://gpacalculator.net/admissions/lsu-health-new-orleans/	0	0
https://gpacalculator.net/admissions/louisiana-state-university-health-sciences-center-shreveport/	louisiana-state-university-health-sciences-center-shreveport	admissions	old-slug twin	301 https://gpacalculator.net/admissions/lsu-health-shreveport/	0	0
https://gpacalculator.net/admissions/louisiana-state-university-system-office/	louisiana-state-university-system-office	admissions	old-slug twin	410	0	0
https://gpacalculator.net/admissions/loyola-marymount-university/	loyola-marymount-university	admissions	old-slug twin	301 https://gpacalculator.net/admissions/loyola-marymount/	0	0
https://gpacalculator.net/admissions/luther-rice-university-seminary/	luther-rice-university-seminary	admissions	old-slug twin	301 https://gpacalculator.net/admissions/luther-rice-university/	0	0
https://gpacalculator.net/admissions/lyme-academy-college-of-fine-arts/	lyme-academy-college-of-fine-arts	admissions	removed (C); search console	301 https://gpacalculator.net/admissions/university-of-new-haven/	0	4
https://gpacalculator.net/admissions/lyndon-state-college/	lyndon-state-college	admissions	removed (N); search console	301 https://gpacalculator.net/admissions/vermont-state-university/	0	12
https://gpacalculator.net/admissions/macmurray-college/	macmurray-college	admissions	removed (C); search console	410	0	1
https://gpacalculator.net/admissions/macon-state-college/	macon-state-college	admissions	legacy map; search console	301 https://gpacalculator.net/admissions/middle-georgia-state-university/	0	6
https://gpacalculator.net/admissions/manchester-community-college-ct/	manchester-community-college-ct	admissions	removed (N); search console	301 https://gpacalculator.net/admissions/connecticut-state-community-college/	0	4
https://gpacalculator.net/admissions/mansfield-university-of-pennsylvania/	mansfield-university-of-pennsylvania	admissions	removed (S); search console	301 https://gpacalculator.net/admissions/commonwealth-university-of-pennsylvania/	0	40
https://gpacalculator.net/admissions/marian-court-college/	marian-court-college	admissions	removed (C); search console	410	1	1
https://gpacalculator.net/admissions/marian-university-3/	marian-university-3	admissions	unresolved	unresolved	0	0
https://gpacalculator.net/admissions/marian-university-wi/	marian-university-wi	admissions	legacy map; search console	301 https://gpacalculator.net/admissions/marian-university/	0	45
https://gpacalculator.net/admissions/marlboro-college/	marlboro-college	admissions	unresolved; search console	unresolved	0	7
https://gpacalculator.net/admissions/martin-university/	martin-university	admissions	unresolved; search console	unresolved	0	5
https://gpacalculator.net/admissions/marygrove-college/	marygrove-college	admissions	removed (C); search console	410	0	4
https://gpacalculator.net/admissions/marylhurst-university/	marylhurst-university	admissions	removed (C); search console	410	0	2
https://gpacalculator.net/admissions/marymount-college/	marymount-college	admissions	removed (R); search console	410	0	8
https://gpacalculator.net/admissions/mccann-monroe-career-training/	mccann-monroe-career-training	admissions	removed (R); search console	410	0	1
https://gpacalculator.net/admissions/mccann-school-of-business-and-technology/	mccann-school-of-business-and-technology	admissions	removed (C); search console	410	0	2
https://gpacalculator.net/admissions/mcnally-smith-college-of-music/	mcnally-smith-college-of-music	admissions	removed (C); search console	410	0	2
https://gpacalculator.net/admissions/medaille-college/	medaille-college	admissions	removed (C); search console	410	0	4
https://gpacalculator.net/admissions/medtech-college-ft-wayne-campus/	medtech-college-ft-wayne-campus	admissions	removed (C); search console	410	0	1
https://gpacalculator.net/admissions/medtech-college-greenwood-campus/	medtech-college-greenwood-campus	admissions	removed (C); search console	410	0	1
https://gpacalculator.net/admissions/medtech-college-lexington-campus/	medtech-college-lexington-campus	admissions	removed (C)	410	0	0
https://gpacalculator.net/admissions/medtech-college/	medtech-college	admissions	removed (C)	410	0	0
https://gpacalculator.net/admissions/medvance-institute-fort-lauderdale/	medvance-institute-fort-lauderdale	admissions	removed (C)	410	0	0
https://gpacalculator.net/admissions/medvance-institute-miami/	medvance-institute-miami	admissions	removed (C); search console	410	0	6
https://gpacalculator.net/admissions/medvance-institute-west-palm/	medvance-institute-west-palm	admissions	removed (C); search console	410	0	2
https://gpacalculator.net/admissions/memphis-college-of-art/	memphis-college-of-art	admissions	removed (R); search console	410	0	1
https://gpacalculator.net/admissions/mercer-university/	mercer-university	admissions	old-slug twin	301 https://gpacalculator.net/admissions/mercer/	0	0
https://gpacalculator.net/admissions/mesabi-range-community-and-technical-college/	mesabi-range-community-and-technical-college	admissions	removed (P); search console	301 https://gpacalculator.net/admissions/minnesota-north-college/	0	1
https://gpacalculator.net/admissions/metro-business-college-arnold/	metro-business-college-arnold	admissions	removed (C)	410	0	0
https://gpacalculator.net/admissions/metro-business-college-cape-girardeau/	metro-business-college-cape-girardeau	admissions	removed (R); search console	410	0	8
https://gpacalculator.net/admissions/metro-business-college-jefferson-city/	metro-business-college-jefferson-city	admissions	removed (R); search console	410	0	14
https://gpacalculator.net/admissions/metro-business-college-rolla/	metro-business-college-rolla	admissions	removed (R); search console	410	0	2
https://gpacalculator.net/admissions/metropolitan-community-college-blue-river/	metropolitan-community-college-blue-river	admissions	removed (N)	301 https://gpacalculator.net/admissions/metropolitan-community-college-kansas-city/	0	0
https://gpacalculator.net/admissions/metropolitan-community-college-business-and-technology/	metropolitan-community-college-business-and-technology	admissions	removed (N); search console	301 https://gpacalculator.net/admissions/metropolitan-community-college-kansas-city/	0	1
https://gpacalculator.net/admissions/metropolitan-community-college-longview/	metropolitan-community-college-longview	admissions	removed (N); search console	301 https://gpacalculator.net/admissions/metropolitan-community-college-kansas-city/	0	3
https://gpacalculator.net/admissions/metropolitan-community-college-maple-woods/	metropolitan-community-college-maple-woods	admissions	removed (N); search console	301 https://gpacalculator.net/admissions/metropolitan-community-college-kansas-city/	0	5
https://gpacalculator.net/admissions/metropolitan-community-college-penn-valley/	metropolitan-community-college-penn-valley	admissions	removed (N); search console	301 https://gpacalculator.net/admissions/metropolitan-community-college-kansas-city/	0	7
https://gpacalculator.net/admissions/miami-jacobs-career-college-columbus/	miami-jacobs-career-college-columbus	admissions	removed (C); search console	410	0	5
https://gpacalculator.net/admissions/miami-jacobs-career-college-dayton/	miami-jacobs-career-college-dayton	admissions	removed (C); search console	410	0	1
https://gpacalculator.net/admissions/miami-jacobs-career-college-sharonville/	miami-jacobs-career-college-sharonville	admissions	removed (C)	410	0	0
https://gpacalculator.net/admissions/miami-jacobs-career-college-springboro/	miami-jacobs-career-college-springboro	admissions	removed (C); search console	410	0	5
https://gpacalculator.net/admissions/miami-jacobs-career-college-troy/	miami-jacobs-career-college-troy	admissions	removed (C)	410	0	0
https://gpacalculator.net/admissions/miami-jacobs-career-college/	miami-jacobs-career-college	admissions	removed (C); search console	410	0	1
https://gpacalculator.net/admissions/miami-university-oxford/	miami-university-oxford	admissions	old-slug twin	301 https://gpacalculator.net/admissions/miami-university/	0	0
https://gpacalculator.net/admissions/michigan-state-university-college-of-law/	michigan-state-university-college-of-law	admissions	old-slug twin	301 https://gpacalculator.net/admissions/michigan-state-university/	0	0
https://gpacalculator.net/admissions/michigan-technological-university/	michigan-technological-university	admissions	old-slug twin	301 https://gpacalculator.net/admissions/michigan-tech/	0	0
https://gpacalculator.net/admissions/mid-continent-university/	mid-continent-university	admissions	removed (C); search console	410	0	3
https://gpacalculator.net/admissions/middle-georgia-college/	middle-georgia-college	admissions	legacy map; search console	301 https://gpacalculator.net/admissions/middle-georgia-state-university/	0	1
https://gpacalculator.net/admissions/middle-georgia-technical-college/	middle-georgia-technical-college	admissions	legacy map; search console	301 https://gpacalculator.net/admissions/central-georgia-technical-college-macon-georgia/	0	6
https://gpacalculator.net/admissions/middlesex-community-college-ct/	middlesex-community-college-ct	admissions	removed (N); search console	301 https://gpacalculator.net/admissions/connecticut-state-community-college/	0	2
https://gpacalculator.net/admissions/midstate-college/	midstate-college	admissions	removed (C); search console	410	0	2
https://gpacalculator.net/admissions/midwestern-university-downers-grove/	midwestern-university-downers-grove	admissions	old-slug twin	301 https://gpacalculator.net/admissions/midwestern-university/	0	0
https://gpacalculator.net/admissions/midwestern-university-glendale/	midwestern-university-glendale	admissions	old-slug twin	301 https://gpacalculator.net/admissions/midwestern-university/	0	0
https://gpacalculator.net/admissions/miller-motte-college-cary/	miller-motte-college-cary	admissions	removed (C); search console	410	0	9
https://gpacalculator.net/admissions/miller-motte-college-greenville/	miller-motte-college-greenville	admissions	removed (C); search console	410	0	3
https://gpacalculator.net/admissions/miller-motte-college-wilmington/	miller-motte-college-wilmington	admissions	removed (R); search console	410	0	3
https://gpacalculator.net/admissions/miller-motte-technical-college-clarksville/	miller-motte-technical-college-clarksville	admissions	removed (C); search console	410	0	7
https://gpacalculator.net/admissions/miller-motte-technical-college-gulfport/	miller-motte-technical-college-gulfport	admissions	removed (C); search console	410	0	12
https://gpacalculator.net/admissions/miller-motte-technical-college-lynchburg/	miller-motte-technical-college-lynchburg	admissions	removed (C); search console	410	0	4
https://gpacalculator.net/admissions/miller-motte-technical-college-madison/	miller-motte-technical-college-madison	admissions	removed (C); search console	410	0	2
https://gpacalculator.net/admissions/miller-motte-technical-college-north-charleston/	miller-motte-technical-college-north-charleston	admissions	removed (R); search console	410	0	2
https://gpacalculator.net/admissions/miller-motte-technical-college-sc/	miller-motte-technical-college-sc	admissions	removed (R); search console	410	0	20
https://gpacalculator.net/admissions/milligan-college/	milligan-college	admissions	removed (R); search console	301 https://gpacalculator.net/admissions/milligan-university/	0	8
https://gpacalculator.net/admissions/minneapolis-business-college/	minneapolis-business-college	admissions	removed (C)	410	0	0
https://gpacalculator.net/admissions/minnesota-school-of-business-blaine/	minnesota-school-of-business-blaine	admissions	unresolved; search console	unresolved	0	8
https://gpacalculator.net/admissions/minnesota-school-of-business-lakeville/	minnesota-school-of-business-lakeville	admissions	legacy map; search console	410	0	2
https://gpacalculator.net/admissions/minnesota-school-of-business-moorhead/	minnesota-school-of-business-moorhead	admissions	unresolved; search console	unresolved	0	3
https://gpacalculator.net/admissions/minnesota-school-of-business-plymouth/	minnesota-school-of-business-plymouth	admissions	legacy map; search console	410	0	2
https://gpacalculator.net/admissions/minnesota-school-of-business-richfield/	minnesota-school-of-business-richfield	admissions	unresolved; search console	unresolved	0	4
https://gpacalculator.net/admissions/minnesota-school-of-business-rochester/	minnesota-school-of-business-rochester	admissions	unresolved; search console	unresolved	0	1
https://gpacalculator.net/admissions/minnesota-school-of-business-shakopee/	minnesota-school-of-business-shakopee	admissions	legacy map; search console	410	0	4
https://gpacalculator.net/admissions/minnesota-school-of-business-waite-park/	minnesota-school-of-business-waite-park	admissions	unresolved; search console	unresolved	0	3
https://gpacalculator.net/admissions/missouri-tech/	missouri-tech	admissions	removed (C); search console	410	0	4
https://gpacalculator.net/admissions/missouri-university-of-science-and-technology/	missouri-university-of-science-and-technology	admissions	old-slug twin	301 https://gpacalculator.net/admissions/missouri-st/	0	0
https://gpacalculator.net/admissions/monroe-college-new-rochelle/	monroe-college-new-rochelle	admissions	removed (C); search console	301 https://gpacalculator.net/admissions/monroe-college-main-campus/	0	15
https://gpacalculator.net/admissions/montana-state-uni-great-falls-college-of-technology/	montana-state-uni-great-falls-college-of-technology	admissions	old-slug twin	301 https://gpacalculator.net/admissions/montana-state-university-great-falls-college-of-technology/	0	0
https://gpacalculator.net/admissions/montgomery-county-community-college-central-campus/	montgomery-county-community-college-central-campus	admissions	removed (N); search console	301 https://gpacalculator.net/admissions/montgomery-county-community-college/	0	26
https://gpacalculator.net/admissions/montgomery-county-community-college-west-campus/	montgomery-county-community-college-west-campus	admissions	removed (N); search console	301 https://gpacalculator.net/admissions/montgomery-county-community-college/	0	1
https://gpacalculator.net/admissions/morrison-university/	morrison-university	admissions	legacy map; search console	410	1	3
https://gpacalculator.net/admissions/moultrie-technical-college/	moultrie-technical-college	admissions	removed (C); search console	301 https://gpacalculator.net/admissions/southern-regional-technical-college/	0	1
https://gpacalculator.net/admissions/mount-ida-college/	mount-ida-college	admissions	unresolved; search console	unresolved	0	4
https://gpacalculator.net/admissions/mountain-state-college/	mountain-state-college	admissions	removed (C)	410	0	0
https://gpacalculator.net/admissions/mountain-state-university/	mountain-state-university	admissions	old-slug twin	301 https://gpacalculator.net/admissions/university-of-charleston/	0	0
https://gpacalculator.net/admissions/mountain-view-college/	mountain-view-college	admissions	legacy map; search console	301 https://gpacalculator.net/admissions/el-centro-college/	0	3
https://gpacalculator.net/admissions/mt-sierra-college/	mt-sierra-college	admissions	removed (C); search console	410	0	5
https://gpacalculator.net/admissions/multnomah-university/	multnomah-university	admissions	removed (C); search console	410	0	1
https://gpacalculator.net/admissions/national-american-uni-colorado-springs-south/	national-american-uni-colorado-springs-south	admissions	old-slug twin	301 https://gpacalculator.net/admissions/national-american-university-colorado-springs-south/	0	0
https://gpacalculator.net/admissions/national-american-university-albuquerque/	national-american-university-albuquerque	admissions	removed (C)	410	0	0
https://gpacalculator.net/admissions/national-american-university-austin/	national-american-university-austin	admissions	removed (C); search console	410	0	4
https://gpacalculator.net/admissions/national-american-university-bloomington/	national-american-university-bloomington	admissions	removed (C); search console	410	0	3
https://gpacalculator.net/admissions/national-american-university-brooklyn-center/	national-american-university-brooklyn-center	admissions	removed (C); search console	410	0	1
https://gpacalculator.net/admissions/national-american-university-centennial/	national-american-university-centennial	admissions	removed (C)	410	0	0
https://gpacalculator.net/admissions/national-american-university-colorado-springs-south/	national-american-university-colorado-springs-south	admissions	removed (R); search console	410	0	1
https://gpacalculator.net/admissions/national-american-university-colorado-springs/	national-american-university-colorado-springs	admissions	removed (C); search console	410	0	1
https://gpacalculator.net/admissions/national-american-university-denver/	national-american-university-denver	admissions	removed (C); search console	410	0	4
https://gpacalculator.net/admissions/national-american-university-ellsworth-afb-extension/	national-american-university-ellsworth-afb-extension	admissions	removed (C); search console	410	0	1
https://gpacalculator.net/admissions/national-american-university-independence/	national-american-university-independence	admissions	removed (C); search console	410	0	2
https://gpacalculator.net/admissions/national-american-university-lees-summit/	national-american-university-lees-summit	admissions	removed (C); search console	410	0	9
https://gpacalculator.net/admissions/national-american-university-overland-park/	national-american-university-overland-park	admissions	removed (C); search console	410	0	1
https://gpacalculator.net/admissions/national-american-university-rio-rancho/	national-american-university-rio-rancho	admissions	removed (R)	410	0	0
https://gpacalculator.net/admissions/national-american-university-roseville/	national-american-university-roseville	admissions	removed (C); search console	410	0	2
https://gpacalculator.net/admissions/national-american-university-sioux-falls/	national-american-university-sioux-falls	admissions	removed (C)	410	0	0
https://gpacalculator.net/admissions/national-american-university-tulsa/	national-american-university-tulsa	admissions	removed (C); search console	410	0	3
https://gpacalculator.net/admissions/national-american-university-wichita/	national-american-university-wichita	admissions	removed (C); search console	410	0	1
https://gpacalculator.net/admissions/national-american-university-zona-rosa/	national-american-university-zona-rosa	admissions	removed (C)	410	0	0
https://gpacalculator.net/admissions/national-college-cincinnati/	national-college-cincinnati	admissions	removed (C); search console	410	0	1
https://gpacalculator.net/admissions/national-college-columbus/	national-college-columbus	admissions	removed (C)	410	0	0
https://gpacalculator.net/admissions/national-college-dayton/	national-college-dayton	admissions	removed (C); search console	410	0	1
https://gpacalculator.net/admissions/national-college-of-business-and-technology-nashville/	national-college-of-business-and-technology-nashville	admissions	removed (C); search console	410	0	1
https://gpacalculator.net/admissions/national-college-stow/	national-college-stow	admissions	removed (C)	410	0	0
https://gpacalculator.net/admissions/national-college-willoughby-hills/	national-college-willoughby-hills	admissions	removed (C)	410	0	0
https://gpacalculator.net/admissions/naugatuck-valley-community-college/	naugatuck-valley-community-college	admissions	removed (N); search console	301 https://gpacalculator.net/admissions/connecticut-state-community-college/	1	16
https://gpacalculator.net/admissions/nebraska-christian-college/	nebraska-christian-college	admissions	removed (R)	410	0	0
https://gpacalculator.net/admissions/new-england-college-of-business/	new-england-college-of-business	admissions	unresolved; search console	unresolved	0	3
https://gpacalculator.net/admissions/new-england-school-of-communications/	new-england-school-of-communications	admissions	removed (C)	301 https://gpacalculator.net/admissions/husson-university/	0	0
https://gpacalculator.net/admissions/new-hampshire-institute-of-art/	new-hampshire-institute-of-art	admissions	removed (C)	301 https://gpacalculator.net/admissions/new-england-college/	0	0
https://gpacalculator.net/admissions/new-layout-test-page/	new-layout-test-page	admissions	unresolved	unresolved	0	0
https://gpacalculator.net/admissions/new-york-career-institute/	new-york-career-institute	admissions	removed (R); search console	410	0	1
https://gpacalculator.net/admissions/new-york-university/	new-york-university	admissions	old-slug twin	301 https://gpacalculator.net/admissions/nyu/	0	0
https://gpacalculator.net/admissions/newbury-college-brookline/	newbury-college-brookline	admissions	legacy map; search console	410	0	5
https://gpacalculator.net/admissions/non-traditional-campuses/	non-traditional-campuses	admissions	unresolved; search console	unresolved	0	2
https://gpacalculator.net/admissions/north-carolina-a-t-state-university/	north-carolina-a-t-state-university	admissions	old-slug twin	301 https://gpacalculator.net/admissions/north-carolina-a-and-t-state-university/	0	0
https://gpacalculator.net/admissions/north-carolina-state-university-at-raleigh/	north-carolina-state-university-at-raleigh	admissions	old-slug twin	301 https://gpacalculator.net/admissions/nc-state/	0	0
https://gpacalculator.net/admissions/north-georgia-college-and-state-university/	north-georgia-college-and-state-university	admissions	legacy map; search console	301 https://gpacalculator.net/admissions/university-of-north-georgia/	0	9
https://gpacalculator.net/admissions/north-georgia-college-state-university/	north-georgia-college-state-university	admissions	legacy map; search console	301 https://gpacalculator.net/admissions/university-of-north-georgia/	0	5
https://gpacalculator.net/admissions/north-greenville-university/	north-greenville-university	admissions	old-slug twin	301 https://gpacalculator.net/admissions/north-greenville/	0	0
https://gpacalculator.net/admissions/north-lake-college/	north-lake-college	admissions	legacy map; search console	301 https://gpacalculator.net/admissions/el-centro-college/	1	5
https://gpacalculator.net/admissions/northcentral-university/	northcentral-university	admissions	old-slug twin	301 https://gpacalculator.net/admissions/national-university/	0	0
https://gpacalculator.net/admissions/northeast-louisiana-technical-college-delta-ouachita-campus/	northeast-louisiana-technical-college-delta-ouachita-campus	admissions	removed (C)	301 https://gpacalculator.net/admissions/louisiana-delta-community-college/	0	0
https://gpacalculator.net/admissions/northeastern-university/	northeastern-university	admissions	old-slug twin	301 https://gpacalculator.net/admissions/northeastern/	0	0
https://gpacalculator.net/admissions/northland-college/	northland-college	admissions	unresolved; search console	unresolved	0	3
https://gpacalculator.net/admissions/northland-international-university/	northland-international-university	admissions	removed (R); search console	410	0	3
https://gpacalculator.net/admissions/northwest-technical-institute/	northwest-technical-institute	admissions	removed (C); search console	410	0	2
https://gpacalculator.net/admissions/northwestern-college-il/	northwestern-college-il	admissions	unresolved; search console	unresolved	0	18
https://gpacalculator.net/admissions/northwestern-college-southwestern-campus/	northwestern-college-southwestern-campus	admissions	unresolved; search console	unresolved	0	2
https://gpacalculator.net/admissions/northwestern-connecticut-community-college/	northwestern-connecticut-community-college	admissions	removed (N); search console	301 https://gpacalculator.net/admissions/connecticut-state-community-college/	0	6
https://gpacalculator.net/admissions/northwestern-polytechnic-university/	northwestern-polytechnic-university	admissions	old-slug twin	301 https://gpacalculator.net/admissions/san-francisco-bay-university/	0	0
https://gpacalculator.net/admissions/northwestern-university/	northwestern-university	admissions	old-slug twin	301 https://gpacalculator.net/admissions/northwestern/	0	0
https://gpacalculator.net/admissions/northwood-university-florida/	northwood-university-florida	admissions	removed (C); search console	410	0	12
https://gpacalculator.net/admissions/northwood-university-texas/	northwood-university-texas	admissions	removed (R); search console	301 https://gpacalculator.net/admissions/northwood-university-michigan/	0	4
https://gpacalculator.net/admissions/norwalk-community-college/	norwalk-community-college	admissions	removed (N); search console	301 https://gpacalculator.net/admissions/connecticut-state-community-college/	0	19
https://gpacalculator.net/admissions/notre-dame-college/	notre-dame-college	admissions	removed (C); search console	410	0	55
https://gpacalculator.net/admissions/nova-southeastern-university/	nova-southeastern-university	admissions	old-slug twin	301 https://gpacalculator.net/admissions/nova-southeastern/	0	0
https://gpacalculator.net/admissions/nyack-college/	nyack-college	admissions	legacy map; search console	410	0	5
https://gpacalculator.net/admissions/oak-point-university/	oak-point-university	admissions	removed (C); search console	410	0	3
https://gpacalculator.net/admissions/ohio-business-college-columbus/	ohio-business-college-columbus	admissions	removed (M)	301 https://gpacalculator.net/admissions/ohio-business-college-sheffield/	0	0
https://gpacalculator.net/admissions/ohio-business-college-sandusky/	ohio-business-college-sandusky	admissions	unresolved; search console	unresolved	0	2
https://gpacalculator.net/admissions/ohio-college-of-massotherapy-inc/	ohio-college-of-massotherapy-inc	admissions	removed (C); search console	410	0	1
https://gpacalculator.net/admissions/ohio-mid-western-college/	ohio-mid-western-college	admissions	removed (C)	410	0	0
https://gpacalculator.net/admissions/ohio-northern-university/	ohio-northern-university	admissions	old-slug twin	301 https://gpacalculator.net/admissions/ohio-northern/	0	0
https://gpacalculator.net/admissions/ohio-state-uni-agricultural-technical-institute/	ohio-state-uni-agricultural-technical-institute	admissions	old-slug twin	301 https://gpacalculator.net/admissions/ohio-state-university-agricultural-technical-institute/	0	0
https://gpacalculator.net/admissions/ohio-state-university-main-campus/	ohio-state-university-main-campus	admissions	old-slug twin	301 https://gpacalculator.net/admissions/ohio-state/	0	0
https://gpacalculator.net/admissions/ohio-valley-university/	ohio-valley-university	admissions	removed (C); search console	410	0	4
https://gpacalculator.net/admissions/okefenokee-technical-college/	okefenokee-technical-college	admissions	removed (C)	301 https://gpacalculator.net/admissions/coastal-pines-technical-college/	0	0
https://gpacalculator.net/admissions/oklahoma-city-university/	oklahoma-city-university	admissions	old-slug twin	301 https://gpacalculator.net/admissions/oklahoma-city/	0	0
https://gpacalculator.net/admissions/oklahoma-state-uni-center-for-health-sciences/	oklahoma-state-uni-center-for-health-sciences	admissions	old-slug twin	301 https://gpacalculator.net/admissions/oklahoma-state-university-center-for-health-sciences/	0	0
https://gpacalculator.net/admissions/oklahoma-state-uni-institute-of-technology-okmulgee/	oklahoma-state-uni-institute-of-technology-okmulgee	admissions	old-slug twin	301 https://gpacalculator.net/admissions/oklahoma-state-university-institute-of-technology-okmulgee/	0	0
https://gpacalculator.net/admissions/oklahoma-state-university-institute-of-technology/	oklahoma-state-university-institute-of-technology	admissions	old-slug twin	301 https://gpacalculator.net/admissions/oklahoma-state-university-institute-of-technology-okmulgee/	0	0
https://gpacalculator.net/admissions/olean-business-institute/	olean-business-institute	admissions	removed (C)	410	0	0
https://gpacalculator.net/admissions/omaha-school-of-massage-and-healthcare-of-herzing-uni/	omaha-school-of-massage-and-healthcare-of-herzing-uni	admissions	unresolved	unresolved	0	0
https://gpacalculator.net/admissions/omaha-school-of-massage-and-healthcare-of-herzing-university/	omaha-school-of-massage-and-healthcare-of-herzing-university	admissions	unresolved	unresolved	0	0
https://gpacalculator.net/admissions/omore/	omore	admissions	removed (R)	410	0	0
https://gpacalculator.net/admissions/oregon-college-of-art-and-craft/	oregon-college-of-art-and-craft	admissions	removed (C); search console	410	0	3
https://gpacalculator.net/admissions/oregon-health-science-university/	oregon-health-science-university	admissions	old-slug twin	301 https://gpacalculator.net/admissions/oregon-health-and-science-university/	0	0
https://gpacalculator.net/admissions/oregon-university-system/	oregon-university-system	admissions	old-slug twin	410	0	0
https://gpacalculator.net/admissions/ottawa-university-jeffersonville/	ottawa-university-jeffersonville	admissions	legacy map	410	0	0
https://gpacalculator.net/admissions/ottawa-university-kansas-city/	ottawa-university-kansas-city	admissions	unresolved	unresolved	0	0
https://gpacalculator.net/admissions/ottawa-university-online/	ottawa-university-online	admissions	old-slug twin	301 https://gpacalculator.net/admissions/ottawa-university-ottawa/	0	0
https://gpacalculator.net/admissions/ottawa-university-phoenix/	ottawa-university-phoenix	admissions	removed (R); search console	410	0	9
https://gpacalculator.net/admissions/our-lady-of-the-lake-university/	our-lady-of-the-lake-university	admissions	old-slug twin	301 https://gpacalculator.net/admissions/our-lady-of-the-lake-university-san-antonio/	0	0
https://gpacalculator.net/admissions/paier-college-of-art-inc/	paier-college-of-art-inc	admissions	unresolved; search console	unresolved	0	5
https://gpacalculator.net/admissions/palm-beach-atlantic-university/	palm-beach-atlantic-university	admissions	old-slug twin	301 https://gpacalculator.net/admissions/palm-beach-atlantic-university-west-palm-beach/	0	0
https://gpacalculator.net/admissions/patten-university/	patten-university	admissions	unresolved	unresolved	0	0
https://gpacalculator.net/admissions/pennsylvania-institute-of-health-and-technology/	pennsylvania-institute-of-health-and-technology	admissions	removed (C); search console	410	0	1
https://gpacalculator.net/admissions/pennsylvania-state-uni-penn-state-brandywine/	pennsylvania-state-uni-penn-state-brandywine	admissions	old-slug twin	301 https://gpacalculator.net/admissions/pennsylvania-state-university-penn-state-brandywine/	0	0
https://gpacalculator.net/admissions/pennsylvania-state-uni-penn-state-erie-behrend-college/	pennsylvania-state-uni-penn-state-erie-behrend-college	admissions	old-slug twin	301 https://gpacalculator.net/admissions/pennsylvania-state-university-penn-state-erie-behrend-college/	0	0
https://gpacalculator.net/admissions/pennsylvania-state-uni-penn-state-fayette-eberly-campus/	pennsylvania-state-uni-penn-state-fayette-eberly-campus	admissions	old-slug twin	301 https://gpacalculator.net/admissions/pennsylvania-state-university-penn-state-fayette-eberly-campus/	0	0
https://gpacalculator.net/admissions/pennsylvania-state-uni-penn-state-great-valley/	pennsylvania-state-uni-penn-state-great-valley	admissions	old-slug twin	301 https://gpacalculator.net/admissions/pennsylvania-state-university-main-campus/	0	0
https://gpacalculator.net/admissions/pennsylvania-state-uni-penn-state-greater-allegheny/	pennsylvania-state-uni-penn-state-greater-allegheny	admissions	old-slug twin	301 https://gpacalculator.net/admissions/pennsylvania-state-university-penn-state-greater-allegheny/	0	0
https://gpacalculator.net/admissions/pennsylvania-state-uni-penn-state-harrisburg/	pennsylvania-state-uni-penn-state-harrisburg	admissions	old-slug twin	301 https://gpacalculator.net/admissions/pennsylvania-state-university-penn-state-harrisburg/	0	0
https://gpacalculator.net/admissions/pennsylvania-state-uni-penn-state-lehigh-valley/	pennsylvania-state-uni-penn-state-lehigh-valley	admissions	old-slug twin	301 https://gpacalculator.net/admissions/pennsylvania-state-university-penn-state-lehigh-valley/	0	0
https://gpacalculator.net/admissions/pennsylvania-state-uni-penn-state-mont-alto/	pennsylvania-state-uni-penn-state-mont-alto	admissions	old-slug twin	301 https://gpacalculator.net/admissions/pennsylvania-state-university-penn-state-mont-alto/	0	0
https://gpacalculator.net/admissions/pennsylvania-state-uni-penn-state-new-kensington/	pennsylvania-state-uni-penn-state-new-kensington	admissions	old-slug twin	301 https://gpacalculator.net/admissions/pennsylvania-state-university-penn-state-new-kensington/	0	0
https://gpacalculator.net/admissions/pennsylvania-state-uni-penn-state-schuylkill/	pennsylvania-state-uni-penn-state-schuylkill	admissions	old-slug twin	301 https://gpacalculator.net/admissions/pennsylvania-state-university-penn-state-schuylkill/	0	0
https://gpacalculator.net/admissions/pennsylvania-state-uni-penn-state-wilkes-barre/	pennsylvania-state-uni-penn-state-wilkes-barre	admissions	old-slug twin	301 https://gpacalculator.net/admissions/pennsylvania-state-university-penn-state-wilkes-barre/	0	0
https://gpacalculator.net/admissions/pennsylvania-state-uni-penn-state-worthington-scranton/	pennsylvania-state-uni-penn-state-worthington-scranton	admissions	old-slug twin	301 https://gpacalculator.net/admissions/pennsylvania-state-university-penn-state-worthington-scranton/	0	0
https://gpacalculator.net/admissions/pennsylvania-state-university-college-of-medicine/	pennsylvania-state-university-college-of-medicine	admissions	old-slug twin	301 https://gpacalculator.net/admissions/pennsylvania-state-university-main-campus/	0	0
https://gpacalculator.net/admissions/pennsylvania-state-university-penn-state-fayette-eberly/	pennsylvania-state-university-penn-state-fayette-eberly	admissions	old-slug twin	301 https://gpacalculator.net/admissions/pennsylvania-state-university-penn-state-fayette-eberly-campus/	0	0
https://gpacalculator.net/admissions/pennsylvania-state-university-penn-state-great-valley/	pennsylvania-state-university-penn-state-great-valley	admissions	old-slug twin	301 https://gpacalculator.net/admissions/pennsylvania-state-university-main-campus/	0	0
https://gpacalculator.net/admissions/philadelphia-biblical-university-langhorne/	philadelphia-biblical-university-langhorne	admissions	old-slug twin	301 https://gpacalculator.net/admissions/cairn-university/	0	0
https://gpacalculator.net/admissions/philadelphia-university/	philadelphia-university	admissions	old-slug twin	301 https://gpacalculator.net/admissions/thomas-jefferson-university/	0	0
https://gpacalculator.net/admissions/phillips-community-college-of-the-uni-of-arkansas/	phillips-community-college-of-the-uni-of-arkansas	admissions	old-slug twin	301 https://gpacalculator.net/admissions/phillips-community-college-of-the-university-of-arkansas/	0	0
https://gpacalculator.net/admissions/piedmont-international-university/	piedmont-international-university	admissions	removed (C); search console	301 https://gpacalculator.net/admissions/carolina-university/	0	1
https://gpacalculator.net/admissions/pierce-college-at-fort-steilacoom/	pierce-college-at-fort-steilacoom	admissions	removed (N); search console	301 https://gpacalculator.net/admissions/pierce-college-district/	0	11
https://gpacalculator.net/admissions/pierce-college-at-puyallup/	pierce-college-at-puyallup	admissions	removed (N); search console	301 https://gpacalculator.net/admissions/pierce-college-district/	0	25
https://gpacalculator.net/admissions/pinnacle-career-institute-lawrence/	pinnacle-career-institute-lawrence	admissions	removed (C); search console	410	0	1
https://gpacalculator.net/admissions/pinnacle-career-institute-south-kansas-city/	pinnacle-career-institute-south-kansas-city	admissions	removed (D)	301 https://gpacalculator.net/admissions/pinnacle-career-institute-north-kansas-city/	0	0
https://gpacalculator.net/admissions/pioneer-pacific-college/	pioneer-pacific-college	admissions	removed (C); search console	410	0	1
https://gpacalculator.net/admissions/pittsburgh-technical-institute/	pittsburgh-technical-institute	admissions	legacy map; search console	410	0	5
https://gpacalculator.net/admissions/platt-college-aurora/	platt-college-aurora	admissions	removed (C); search console	410	0	2
https://gpacalculator.net/admissions/platt-college-san-diego/	platt-college-san-diego	admissions	removed (C); search console	410	0	3
https://gpacalculator.net/admissions/polytechnic-institute-of-new-york-university/	polytechnic-institute-of-new-york-university	admissions	removed (C); search console	301 https://gpacalculator.net/admissions/nyu/	0	13
https://gpacalculator.net/admissions/polytechnic-uni-of-puerto-rico-miami-campus/	polytechnic-uni-of-puerto-rico-miami-campus	admissions	old-slug twin	301 https://gpacalculator.net/admissions/polytechnic-university-of-puerto-rico-miami-campus/	0	0
https://gpacalculator.net/admissions/polytechnic-university-of-puerto-rico-miami/	polytechnic-university-of-puerto-rico-miami	admissions	old-slug twin	301 https://gpacalculator.net/admissions/polytechnic-university-of-puerto-rico-miami-campus/	0	0
https://gpacalculator.net/admissions/prairie-view-a-and-m-university/	prairie-view-a-and-m-university	admissions	legacy map; search console	301 https://gpacalculator.net/admissions/prairie-view-a-m-university/	0	25
https://gpacalculator.net/admissions/presentation-college/	presentation-college	admissions	removed (C); search console	410	0	3
https://gpacalculator.net/admissions/prince-institute-of-professional-studies-inc/	prince-institute-of-professional-studies-inc	admissions	removed (C); search console	410	0	4
https://gpacalculator.net/admissions/prince-institute-rocky-mountains/	prince-institute-rocky-mountains	admissions	removed (C); search console	410	0	1
https://gpacalculator.net/admissions/prince-william-sound-community-college/	prince-william-sound-community-college	admissions	removed (C); search console	301 https://gpacalculator.net/admissions/university-of-alaska-anchorage/	0	3
https://gpacalculator.net/admissions/princeton-university/	princeton-university	admissions	old-slug twin	301 https://gpacalculator.net/admissions/princeton/	0	0
https://gpacalculator.net/admissions/professional-business-college/	professional-business-college	admissions	removed (R)	410	0	0
https://gpacalculator.net/admissions/provo-college-american-fork/	provo-college-american-fork	admissions	removed (R)	410	0	0
https://gpacalculator.net/admissions/purdue-university-calumet-campus/	purdue-university-calumet-campus	admissions	legacy map; search console	301 https://gpacalculator.net/admissions/purdue-university-northwest/	0	8
https://gpacalculator.net/admissions/purdue-university-north-central-campus/	purdue-university-north-central-campus	admissions	legacy map; search console	301 https://gpacalculator.net/admissions/purdue-university-northwest/	0	9
https://gpacalculator.net/admissions/quinebaug-valley-community-college/	quinebaug-valley-community-college	admissions	removed (N); search console	301 https://gpacalculator.net/admissions/connecticut-state-community-college/	0	2
https://gpacalculator.net/admissions/rainy-river-community-college/	rainy-river-community-college	admissions	removed (S); search console	301 https://gpacalculator.net/admissions/minnesota-north-college/	0	1
https://gpacalculator.net/admissions/remington-college-cleveland-west-campus/	remington-college-cleveland-west-campus	admissions	removed (C)	410	0	0
https://gpacalculator.net/admissions/remington-college-colorado-springs-campus/	remington-college-colorado-springs-campus	admissions	removed (C); search console	410	0	1
https://gpacalculator.net/admissions/remington-college-honolulu-campus/	remington-college-honolulu-campus	admissions	removed (C)	410	0	0
https://gpacalculator.net/admissions/remington-college-houston-campus/	remington-college-houston-campus	admissions	removed (C)	410	0	0
https://gpacalculator.net/admissions/remington-college-knoxville/	remington-college-knoxville	admissions	removed (R); search console	410	0	1
https://gpacalculator.net/admissions/remington-college-little-rock-campus/	remington-college-little-rock-campus	admissions	removed (C); search console	410	0	2
https://gpacalculator.net/admissions/remington-college-tampa-campus/	remington-college-tampa-campus	admissions	removed (C)	410	0	0
https://gpacalculator.net/admissions/remington-college/	remington-college	admissions	removed (C); search console	410	0	9
https://gpacalculator.net/admissions/rice-university/	rice-university	admissions	old-slug twin	301 https://gpacalculator.net/admissions/rice/	0	0
https://gpacalculator.net/admissions/richland-college/	richland-college	admissions	legacy map; search console	301 https://gpacalculator.net/admissions/el-centro-college/	0	22
https://gpacalculator.net/admissions/robert-morris-university-illinois/	robert-morris-university-illinois	admissions	removed (C); search console	301 https://gpacalculator.net/admissions/roosevelt-university/	0	5
https://gpacalculator.net/admissions/rockford-career-college/	rockford-career-college	admissions	removed (R); search console	410	0	13
https://gpacalculator.net/admissions/roger-williams-university-school-of-law/	roger-williams-university-school-of-law	admissions	unresolved	unresolved	0	0
https://gpacalculator.net/admissions/rosalind-franklin-uni-of-medicine-and-science/	rosalind-franklin-uni-of-medicine-and-science	admissions	old-slug twin	301 https://gpacalculator.net/admissions/rosalind-franklin-university/	0	0
https://gpacalculator.net/admissions/rosalind-franklin-university-of-medicine-and-science/	rosalind-franklin-university-of-medicine-and-science	admissions	old-slug twin	301 https://gpacalculator.net/admissions/rosalind-franklin-university/	0	0
https://gpacalculator.net/admissions/sage-college/	sage-college	admissions	removed (C); search console	410	0	19
https://gpacalculator.net/admissions/saint-augustine-college/	saint-augustine-college	admissions	unresolved; search console	unresolved	0	12
https://gpacalculator.net/admissions/saint-catharine-college/	saint-catharine-college	admissions	removed (C)	410	0	0
https://gpacalculator.net/admissions/saint-gregorys-university/	saint-gregorys-university	admissions	removed (R)	410	0	0
https://gpacalculator.net/admissions/saint-josephs-college/	saint-josephs-college	admissions	removed (C); search console	410	0	1
https://gpacalculator.net/admissions/saint-louis-christian-college/	saint-louis-christian-college	admissions	removed (R); search console	410	0	1
https://gpacalculator.net/admissions/saint-louis-university-main-campus/	saint-louis-university-main-campus	admissions	old-slug twin	301 https://gpacalculator.net/admissions/saint-louis/	0	0
https://gpacalculator.net/admissions/saint-louis-university/	saint-louis-university	admissions	old-slug twin	301 https://gpacalculator.net/admissions/saint-louis/	0	0
https://gpacalculator.net/admissions/saint-thomas-university/	saint-thomas-university	admissions	search console		0	63
https://gpacalculator.net/admissions/salus-university/	salus-university	admissions	old-slug twin	301 https://gpacalculator.net/admissions/drexel-university/	0	0
https://gpacalculator.net/admissions/samford-university/	samford-university	admissions	old-slug twin	301 https://gpacalculator.net/admissions/samford/	0	0
https://gpacalculator.net/admissions/san-diego-state-university-imperial-valley-campus/	san-diego-state-university-imperial-valley-campus	admissions	removed (M); search console	301 https://gpacalculator.net/admissions/san-diego-state/	0	16
https://gpacalculator.net/admissions/san-diego-state-university/	san-diego-state-university	admissions	old-slug twin	301 https://gpacalculator.net/admissions/san-diego-state/	0	0
https://gpacalculator.net/admissions/san-francisco-art-institute/	san-francisco-art-institute	admissions	removed (C); search console	410	0	5
https://gpacalculator.net/admissions/san-joaquin-valley-college-fresno/	san-joaquin-valley-college-fresno	admissions	removed (R); search console	410	0	2
https://gpacalculator.net/admissions/santa-barbara-business-college-bakersfield/	santa-barbara-business-college-bakersfield	admissions	removed (R); search console	410	0	4
https://gpacalculator.net/admissions/santa-barbara-business-college-santa-maria/	santa-barbara-business-college-santa-maria	admissions	removed (C)	410	0	0
https://gpacalculator.net/admissions/santa-fe-university-of-art-and-design/	santa-fe-university-of-art-and-design	admissions	removed (R)	410	0	0
https://gpacalculator.net/admissions/school-of-the-museum-of-fine-arts-boston/	school-of-the-museum-of-fine-arts-boston	admissions	removed (C); search console	301 https://gpacalculator.net/admissions/tufts/	0	4
https://gpacalculator.net/admissions/shorter-university-college-of-adult-professional-programs/	shorter-university-college-of-adult-professional-programs	admissions	removed (C)	410	0	0
https://gpacalculator.net/admissions/sierra-nevada-college/	sierra-nevada-college	admissions	removed (C); search console	410	0	1
https://gpacalculator.net/admissions/silver-lake-college-of-the-holy-family/	silver-lake-college-of-the-holy-family	admissions	removed (C); search console	410	0	3
https://gpacalculator.net/admissions/simmons-institute-of-funeral-service-inc/	simmons-institute-of-funeral-service-inc	admissions	removed (C)	410	0	0
https://gpacalculator.net/admissions/skyline-college-roanoke/	skyline-college-roanoke	admissions	removed (C)	410	0	0
https://gpacalculator.net/admissions/sojourner-douglass-college/	sojourner-douglass-college	admissions	removed (C); search console	410	0	1
https://gpacalculator.net/admissions/south-central-louisiana-technical-college-young-memorial-campus/	south-central-louisiana-technical-college-young-memorial-campus	admissions	removed (C); search console	301 https://gpacalculator.net/admissions/south-louisiana-community-college/	0	1
https://gpacalculator.net/admissions/south-college-asheville/	south-college-asheville	admissions	removed (M); search console	301 https://gpacalculator.net/admissions/south-college/	0	19
https://gpacalculator.net/admissions/south-georgia-college/	south-georgia-college	admissions	legacy map; search console	301 https://gpacalculator.net/admissions/south-georgia-state-college/	0	6
https://gpacalculator.net/admissions/south-university-accelerated-graduate-programs/	south-university-accelerated-graduate-programs	admissions	old-slug twin	301 https://gpacalculator.net/admissions/south-university/	0	0
https://gpacalculator.net/admissions/south-university-columbia/	south-university-columbia	admissions	old-slug twin	301 https://gpacalculator.net/admissions/south-university/	0	0
https://gpacalculator.net/admissions/south-university-montgomery/	south-university-montgomery	admissions	old-slug twin	301 https://gpacalculator.net/admissions/south-university/	0	0
https://gpacalculator.net/admissions/south-university-novi/	south-university-novi	admissions	legacy map	410	0	0
https://gpacalculator.net/admissions/south-university-off-campus-programs/	south-university-off-campus-programs	admissions	unresolved	unresolved	0	0
https://gpacalculator.net/admissions/south-university-richmond/	south-university-richmond	admissions	old-slug twin	301 https://gpacalculator.net/admissions/south-university/	0	0
https://gpacalculator.net/admissions/south-university-savannah-online/	south-university-savannah-online	admissions	old-slug twin	301 https://gpacalculator.net/admissions/south-university/	0	0
https://gpacalculator.net/admissions/south-university-savannah/	south-university-savannah	admissions	old-slug twin	301 https://gpacalculator.net/admissions/south-university/	0	0
https://gpacalculator.net/admissions/south-university-tampa/	south-university-tampa	admissions	old-slug twin	301 https://gpacalculator.net/admissions/south-university/	0	0
https://gpacalculator.net/admissions/south-university-the-art-institute-of-dallas/	south-university-the-art-institute-of-dallas	admissions	legacy map	410	0	0
https://gpacalculator.net/admissions/south-university-the-art-institute-of-fort-worth/	south-university-the-art-institute-of-fort-worth	admissions	legacy map	410	0	0
https://gpacalculator.net/admissions/south-university-virginia-beach/	south-university-virginia-beach	admissions	old-slug twin	301 https://gpacalculator.net/admissions/south-university/	0	0
https://gpacalculator.net/admissions/south-university-west-palm-beach/	south-university-west-palm-beach	admissions	old-slug twin	301 https://gpacalculator.net/admissions/south-university/	0	0
https://gpacalculator.net/admissions/southeastern-bible-college/	southeastern-bible-college	admissions	removed (C)	410	0	0
https://gpacalculator.net/admissions/southern-california-university-soma/	southern-california-university-soma	admissions	legacy map	410	0	0
https://gpacalculator.net/admissions/southern-illinois-university-system-office/	southern-illinois-university-system-office	admissions	old-slug twin	410	0	0
https://gpacalculator.net/admissions/southern-illinois-university-systems-office/	southern-illinois-university-systems-office	admissions	old-slug twin	410	0	0
https://gpacalculator.net/admissions/southern-polytechnic-state-university/	southern-polytechnic-state-university	admissions	legacy map; search console	301 https://gpacalculator.net/admissions/kennesaw-state-university/	0	4
https://gpacalculator.net/admissions/southern-university-and-a-and-m-college/	southern-university-and-a-and-m-college	admissions	legacy map; search console	301 https://gpacalculator.net/admissions/southern-university-and-a-m-college/	0	45
https://gpacalculator.net/admissions/southern-university-board-and-system/	southern-university-board-and-system	admissions	old-slug twin	410	0	0
https://gpacalculator.net/admissions/southern-vermont-college/	southern-vermont-college	admissions	legacy map; search console	410	0	3
https://gpacalculator.net/admissions/southern-wesleyan-university/	southern-wesleyan-university	admissions	old-slug twin	301 https://gpacalculator.net/admissions/southern-wesleyan/	0	0
https://gpacalculator.net/admissions/southwest-georgia-technical-college/	southwest-georgia-technical-college	admissions	removed (R)	301 https://gpacalculator.net/admissions/southern-regional-technical-college/	0	0
https://gpacalculator.net/admissions/southwest-university-of-visual-arts-albuquerque/	southwest-university-of-visual-arts-albuquerque	admissions	removed (C); search console	410	0	1
https://gpacalculator.net/admissions/southwest-university-of-visual-arts-tucson/	southwest-university-of-visual-arts-tucson	admissions	removed (C)	410	0	0
https://gpacalculator.net/admissions/spalding-university/	spalding-university	admissions	old-slug twin	301 https://gpacalculator.net/admissions/spalding/	0	0
https://gpacalculator.net/admissions/st-andrews-university/	st-andrews-university	admissions	unresolved; search console	unresolved	0	51
https://gpacalculator.net/admissions/st-bonaventure-university/	st-bonaventure-university	admissions	old-slug twin	301 https://gpacalculator.net/admissions/saint-bonaventure-university/	0	0
https://gpacalculator.net/admissions/st-luke-university/	st-luke-university	admissions	unresolved	unresolved	0	0
https://gpacalculator.net/admissions/st-marys-seminary-university/	st-marys-seminary-university	admissions	old-slug twin	301 https://gpacalculator.net/admissions/st-marys-seminary-and-university/	0	0
https://gpacalculator.net/admissions/st-vincents-college/	st-vincents-college	admissions	removed (C); search console	301 https://gpacalculator.net/admissions/sacred-heart-university/	0	10
https://gpacalculator.net/admissions/stanford-university/	stanford-university	admissions	old-slug twin	301 https://gpacalculator.net/admissions/stanford/	0	0
https://gpacalculator.net/admissions/stenotype-institute-of-jacksonville-inc-jacksonville/	stenotype-institute-of-jacksonville-inc-jacksonville	admissions	removed (C)	410	0	0
https://gpacalculator.net/admissions/stenotype-institute-of-jacksonville-inc-orlando/	stenotype-institute-of-jacksonville-inc-orlando	admissions	removed (C)	410	0	0
https://gpacalculator.net/admissions/stevens-henager-college-murray/	stevens-henager-college-murray	admissions	legacy map; search console	410	0	2
https://gpacalculator.net/admissions/stevens-henager-college-of-business-provo/	stevens-henager-college-of-business-provo	admissions	legacy map; search console	410	0	1
https://gpacalculator.net/admissions/stevens-henager-college-ogden/	stevens-henager-college-ogden	admissions	legacy map; search console	410	0	1
https://gpacalculator.net/admissions/stevens-henager-college/	stevens-henager-college	admissions	legacy map; search console	410	0	1
https://gpacalculator.net/admissions/stony-brook-university/	stony-brook-university	admissions	old-slug twin	301 https://gpacalculator.net/admissions/stony-brook/	0	0
https://gpacalculator.net/admissions/stratford-university/	stratford-university	admissions	removed (C); search console	410	0	13
https://gpacalculator.net/admissions/strayer-university-alabama/	strayer-university-alabama	admissions	old-slug twin	301 https://gpacalculator.net/admissions/strayer-university/	0	0
https://gpacalculator.net/admissions/strayer-university-arkansas/	strayer-university-arkansas	admissions	old-slug twin	301 https://gpacalculator.net/admissions/strayer-university/	0	0
https://gpacalculator.net/admissions/strayer-university-delaware/	strayer-university-delaware	admissions	old-slug twin	301 https://gpacalculator.net/admissions/strayer-university/	0	0
https://gpacalculator.net/admissions/strayer-university-district-of-columbia/	strayer-university-district-of-columbia	admissions	old-slug twin	301 https://gpacalculator.net/admissions/strayer-university/	0	0
https://gpacalculator.net/admissions/strayer-university-florida/	strayer-university-florida	admissions	old-slug twin	301 https://gpacalculator.net/admissions/strayer-university/	0	0
https://gpacalculator.net/admissions/strayer-university-georgia/	strayer-university-georgia	admissions	old-slug twin	301 https://gpacalculator.net/admissions/strayer-university/	0	0
https://gpacalculator.net/admissions/strayer-university-global-region/	strayer-university-global-region	admissions	old-slug twin	301 https://gpacalculator.net/admissions/strayer-university/	0	0
https://gpacalculator.net/admissions/strayer-university-kentucky/	strayer-university-kentucky	admissions	old-slug twin	301 https://gpacalculator.net/admissions/strayer-university/	0	0
https://gpacalculator.net/admissions/strayer-university-louisiana/	strayer-university-louisiana	admissions	old-slug twin	301 https://gpacalculator.net/admissions/strayer-university/	0	0
https://gpacalculator.net/admissions/strayer-university-maryland/	strayer-university-maryland	admissions	old-slug twin	301 https://gpacalculator.net/admissions/strayer-university/	0	0
https://gpacalculator.net/admissions/strayer-university-mississippi/	strayer-university-mississippi	admissions	old-slug twin	301 https://gpacalculator.net/admissions/strayer-university/	0	0
https://gpacalculator.net/admissions/strayer-university-new-jersey/	strayer-university-new-jersey	admissions	old-slug twin	301 https://gpacalculator.net/admissions/strayer-university/	0	0
https://gpacalculator.net/admissions/strayer-university-north-carolina/	strayer-university-north-carolina	admissions	old-slug twin	301 https://gpacalculator.net/admissions/strayer-university/	0	0
https://gpacalculator.net/admissions/strayer-university-ohio/	strayer-university-ohio	admissions	old-slug twin	301 https://gpacalculator.net/admissions/strayer-university/	0	0
https://gpacalculator.net/admissions/strayer-university-pennsylvania/	strayer-university-pennsylvania	admissions	old-slug twin	301 https://gpacalculator.net/admissions/strayer-university/	0	0
https://gpacalculator.net/admissions/strayer-university-south-carolina/	strayer-university-south-carolina	admissions	old-slug twin	301 https://gpacalculator.net/admissions/strayer-university/	0	0
https://gpacalculator.net/admissions/strayer-university-tennessee/	strayer-university-tennessee	admissions	old-slug twin	301 https://gpacalculator.net/admissions/strayer-university/	0	0
https://gpacalculator.net/admissions/strayer-university-texas/	strayer-university-texas	admissions	old-slug twin	301 https://gpacalculator.net/admissions/strayer-university/	0	0
https://gpacalculator.net/admissions/strayer-university-utah/	strayer-university-utah	admissions	old-slug twin	301 https://gpacalculator.net/admissions/strayer-university/	0	0
https://gpacalculator.net/admissions/strayer-university-virginia/	strayer-university-virginia	admissions	old-slug twin	301 https://gpacalculator.net/admissions/strayer-university/	0	0
https://gpacalculator.net/admissions/strayer-university-west-virginia/	strayer-university-west-virginia	admissions	old-slug twin	301 https://gpacalculator.net/admissions/strayer-university/	0	0
https://gpacalculator.net/admissions/taylor-university/	taylor-university	admissions	old-slug twin	301 https://gpacalculator.net/admissions/taylor/	0	0
https://gpacalculator.net/admissions/tennessee-temple-university/	tennessee-temple-university	admissions	removed (C); search console	301 https://gpacalculator.net/admissions/carolina-university/	0	4
https://gpacalculator.net/admissions/texas-a-and-m-university-commerce/	texas-a-and-m-university-commerce	admissions	first pass; search console	301 https://gpacalculator.net/admissions/texas-a-m-university-commerce/	0	2
https://gpacalculator.net/admissions/texas-a-and-m-university-corpus-christi/	texas-a-and-m-university-corpus-christi	admissions	legacy map; search console	301 https://gpacalculator.net/admissions/texas-a-m-university-corpus-christi/	0	17
https://gpacalculator.net/admissions/texas-a-and-m-university-galveston/	texas-a-and-m-university-galveston	admissions	legacy map; search console	301 https://gpacalculator.net/admissions/texas-a-and-m-university-college-station/	0	22
https://gpacalculator.net/admissions/texas-a-and-m-university-kingsville/	texas-a-and-m-university-kingsville	admissions	legacy map; search console	301 https://gpacalculator.net/admissions/texas-a-m-university-kingsville/	0	12
https://gpacalculator.net/admissions/texas-a-and-m-university-texarkana/	texas-a-and-m-university-texarkana	admissions	legacy map; search console	301 https://gpacalculator.net/admissions/texas-a-m-university-texarkana/	0	9
https://gpacalculator.net/admissions/texas-a-m-international-university/	texas-a-m-international-university	admissions	old-slug twin	301 https://gpacalculator.net/admissions/texas-a-and-m-international-university/	0	0
https://gpacalculator.net/admissions/texas-a-m-university-college-station/	texas-a-m-university-college-station	admissions	old-slug twin	301 https://gpacalculator.net/admissions/texas-a-and-m-university-college-station/	0	0
https://gpacalculator.net/admissions/texas-a-m-university-galveston/	texas-a-m-university-galveston	admissions	removed (C); search console	301 https://gpacalculator.net/admissions/texas-a-and-m-university-college-station/	0	13
https://gpacalculator.net/admissions/texas-a-m-university-system-office/	texas-a-m-university-system-office	admissions	old-slug twin	410	0	0
https://gpacalculator.net/admissions/texas-lutheran-university/	texas-lutheran-university	admissions	old-slug twin	301 https://gpacalculator.net/admissions/texas-lutheran/	0	0
https://gpacalculator.net/admissions/texas-state-technical-college-harlingen/	texas-state-technical-college-harlingen	admissions	removed (C); search console	301 https://gpacalculator.net/admissions/texas-state-technical-college/	0	11
https://gpacalculator.net/admissions/texas-state-technical-college-marshall/	texas-state-technical-college-marshall	admissions	removed (C); search console	301 https://gpacalculator.net/admissions/texas-state-technical-college/	0	14
https://gpacalculator.net/admissions/texas-state-technical-college-waco/	texas-state-technical-college-waco	admissions	removed (D); search console	301 https://gpacalculator.net/admissions/texas-state-technical-college/	0	17
https://gpacalculator.net/admissions/texas-state-technical-college-west-texas/	texas-state-technical-college-west-texas	admissions	removed (C); search console	301 https://gpacalculator.net/admissions/texas-state-technical-college/	0	6
https://gpacalculator.net/admissions/texas-state-university-san-marcos/	texas-state-university-san-marcos	admissions	old-slug twin	301 https://gpacalculator.net/admissions/texas-state-university/	0	0
https://gpacalculator.net/admissions/texas-tech-university-system-administration/	texas-tech-university-system-administration	admissions	old-slug twin	410	0	0
https://gpacalculator.net/admissions/texas-tech-university/	texas-tech-university	admissions	old-slug twin	301 https://gpacalculator.net/admissions/texas-tech/	0	0
https://gpacalculator.net/admissions/the-boston-conservatory/	the-boston-conservatory	admissions	legacy map; search console	301 https://gpacalculator.net/admissions/berklee-college-of-music/	0	22
https://gpacalculator.net/admissions/the-college-of-new-rochelle/	the-college-of-new-rochelle	admissions	unresolved; search console	unresolved	0	7
https://gpacalculator.net/admissions/the-college-of-saint-rose/	the-college-of-saint-rose	admissions	unresolved; search console	unresolved	0	10
https://gpacalculator.net/admissions/the-creative-center/	the-creative-center	admissions	removed (C); search console	410	0	1
https://gpacalculator.net/admissions/the-dickinson-school-of-law-of-the-pennsylvania-state-uni/	the-dickinson-school-of-law-of-the-pennsylvania-state-uni	admissions	old-slug twin	301 https://gpacalculator.net/admissions/pennsylvania-state-university-main-campus/	0	0
https://gpacalculator.net/admissions/the-dickinson-school-of-law-of-the-pennsylvania-state-university/	the-dickinson-school-of-law-of-the-pennsylvania-state-university	admissions	old-slug twin	301 https://gpacalculator.net/admissions/pennsylvania-state-university-main-campus/	0	0
https://gpacalculator.net/admissions/the-illinois-institute-of-art-schaumburg/	the-illinois-institute-of-art-schaumburg	admissions	removed (C); search console	410	0	13
https://gpacalculator.net/admissions/the-kings-college/	the-kings-college	admissions	unresolved; search console	unresolved	0	34
https://gpacalculator.net/admissions/the-national-hispanic-university/	the-national-hispanic-university	admissions	removed (C); search console	410	0	1
https://gpacalculator.net/admissions/the-new-england-institute-of-art/	the-new-england-institute-of-art	admissions	legacy map; search console	410	0	4
https://gpacalculator.net/admissions/the-texas-am-university-system-office/	the-texas-am-university-system-office	admissions	old-slug twin	410	0	0
https://gpacalculator.net/admissions/the-uni-of-texas-health-science-center-at-houston/	the-uni-of-texas-health-science-center-at-houston	admissions	old-slug twin	301 https://gpacalculator.net/admissions/uthealth-houston/	0	0
https://gpacalculator.net/admissions/the-uni-of-texas-health-science-center-at-san-antonio/	the-uni-of-texas-health-science-center-at-san-antonio	admissions	old-slug twin	301 https://gpacalculator.net/admissions/the-university-of-texas-health-science-center-at-san-antonio/	0	0
https://gpacalculator.net/admissions/the-uni-of-texas-m-d-anderson-cancer-center/	the-uni-of-texas-m-d-anderson-cancer-center	admissions	old-slug twin	301 https://gpacalculator.net/admissions/md-anderson-cancer-center/	0	0
https://gpacalculator.net/admissions/the-university-of-alabama/	the-university-of-alabama	admissions	old-slug twin	301 https://gpacalculator.net/admissions/alabama/	0	0
https://gpacalculator.net/admissions/the-university-of-tennessee-chattanooga/	the-university-of-tennessee-chattanooga	admissions	old-slug twin	301 https://gpacalculator.net/admissions/the-university-of-tennessee-at-chattanooga/	0	0
https://gpacalculator.net/admissions/the-university-of-tennessee-knoxville/	the-university-of-tennessee-knoxville	admissions	old-slug twin	301 https://gpacalculator.net/admissions/the-university-of-tennessee/	0	0
https://gpacalculator.net/admissions/the-university-of-texas-at-austin/	the-university-of-texas-at-austin	admissions	old-slug twin	301 https://gpacalculator.net/admissions/ut-austin/	0	0
https://gpacalculator.net/admissions/the-university-of-texas-at-dallas/	the-university-of-texas-at-dallas	admissions	old-slug twin	301 https://gpacalculator.net/admissions/ut-dallas/	0	0
https://gpacalculator.net/admissions/the-university-of-texas-health-science-center-at-houston/	the-university-of-texas-health-science-center-at-houston	admissions	old-slug twin	301 https://gpacalculator.net/admissions/uthealth-houston/	0	0
https://gpacalculator.net/admissions/the-university-of-texas-md-anderson-cancer-center/	the-university-of-texas-md-anderson-cancer-center	admissions	old-slug twin	301 https://gpacalculator.net/admissions/md-anderson-cancer-center/	0	0
https://gpacalculator.net/admissions/the-university-of-texas-medical-branch/	the-university-of-texas-medical-branch	admissions	old-slug twin	301 https://gpacalculator.net/admissions/university-of-texas-medical-branch/	0	0
https://gpacalculator.net/admissions/the-university-of-texas-system-office/	the-university-of-texas-system-office	admissions	old-slug twin	410	0	0
https://gpacalculator.net/admissions/the-university-of-the-arts/	the-university-of-the-arts	admissions	legacy map; search console	410	0	2
https://gpacalculator.net/admissions/the-university-of-west-los-angeles/	the-university-of-west-los-angeles	admissions	old-slug twin	301 https://gpacalculator.net/admissions/university-of-west-los-angeles/	0	0
https://gpacalculator.net/admissions/three-rivers-community-college-ct/	three-rivers-community-college-ct	admissions	removed (N); search console	301 https://gpacalculator.net/admissions/connecticut-state-community-college/	0	6
https://gpacalculator.net/admissions/transylvania-university/	transylvania-university	admissions	old-slug twin	301 https://gpacalculator.net/admissions/transylvania/	0	0
https://gpacalculator.net/admissions/triangle-tech-inc-bethlehem/	triangle-tech-inc-bethlehem	admissions	unresolved; search console	unresolved	0	2
https://gpacalculator.net/admissions/triangle-tech-inc-dubois/	triangle-tech-inc-dubois	admissions	unresolved; search console	unresolved	0	8
https://gpacalculator.net/admissions/triangle-tech-inc-erie/	triangle-tech-inc-erie	admissions	legacy map; search console	410	0	2
https://gpacalculator.net/admissions/triangle-tech-inc-greensburg/	triangle-tech-inc-greensburg	admissions	unresolved; search console	unresolved	0	4
https://gpacalculator.net/admissions/triangle-tech-inc-pittsburgh/	triangle-tech-inc-pittsburgh	admissions	unresolved; search console	unresolved	0	2
https://gpacalculator.net/admissions/triangle-tech-inc-sunbury/	triangle-tech-inc-sunbury	admissions	unresolved; search console	unresolved	0	4
https://gpacalculator.net/admissions/trident-university-international/	trident-university-international	admissions	removed (C); search console	410	0	1
https://gpacalculator.net/admissions/trine-uni-regionalnon-traditional-campuses/	trine-uni-regionalnon-traditional-campuses	admissions	old-slug twin	301 https://gpacalculator.net/admissions/trine-university-regionalnon-traditional-campuses/	0	0
https://gpacalculator.net/admissions/trine-university-south-bend-regional-campus/	trine-university-south-bend-regional-campus	admissions	legacy map	301 https://gpacalculator.net/admissions/trine-university-regionalnon-traditional-campuses/	0	0
https://gpacalculator.net/admissions/trinity-international-university-florida/	trinity-international-university-florida	admissions	removed (C); search console	410	0	4
https://gpacalculator.net/admissions/truman-state-university/	truman-state-university	admissions	old-slug twin	301 https://gpacalculator.net/admissions/truman-state/	0	0
https://gpacalculator.net/admissions/trumbull-business-college/	trumbull-business-college	admissions	removed (C); search console	410	0	3
https://gpacalculator.net/admissions/tufts-university/	tufts-university	admissions	old-slug twin	301 https://gpacalculator.net/admissions/tufts/	0	0
https://gpacalculator.net/admissions/tunxis-community-college/	tunxis-community-college	admissions	removed (N); search console	301 https://gpacalculator.net/admissions/connecticut-state-community-college/	0	14
https://gpacalculator.net/admissions/uni-of-arkansas-community-college-batesville/	uni-of-arkansas-community-college-batesville	admissions	old-slug twin	301 https://gpacalculator.net/admissions/university-of-arkansas-community-college-batesville/	0	0
https://gpacalculator.net/admissions/uni-of-arkansas-community-college-morrilton/	uni-of-arkansas-community-college-morrilton	admissions	old-slug twin	301 https://gpacalculator.net/admissions/university-of-arkansas-community-college-morrilton/	0	0
https://gpacalculator.net/admissions/uni-of-california-system-administration-central-office/	uni-of-california-system-administration-central-office	admissions	old-slug twin	410	0	0
https://gpacalculator.net/admissions/uni-of-massachusetts-medical-school-worcester/	uni-of-massachusetts-medical-school-worcester	admissions	old-slug twin	301 https://gpacalculator.net/admissions/umass-chan-medical-school/	0	0
https://gpacalculator.net/admissions/uni-of-medicine-and-dentistry-of-new-jersey/	uni-of-medicine-and-dentistry-of-new-jersey	admissions	legacy map	410	0	0
https://gpacalculator.net/admissions/uni-of-montana-helena-college-of-technology/	uni-of-montana-helena-college-of-technology	admissions	old-slug twin	301 https://gpacalculator.net/admissions/university-of-montana-helena-college-of-technology/	0	0
https://gpacalculator.net/admissions/uni-of-nebraska-central-administration-system-office/	uni-of-nebraska-central-administration-system-office	admissions	old-slug twin	410	0	0
https://gpacalculator.net/admissions/uni-of-the-dc-david-a-clarke-school-of-law/	uni-of-the-dc-david-a-clarke-school-of-law	admissions	legacy map	301 https://gpacalculator.net/admissions/university-of-the-district-of-columbia/	0	0
https://gpacalculator.net/admissions/union-institute-and-university/	union-institute-and-university	admissions	old-slug twin; search console	301 https://gpacalculator.net/admissions/union-institute-university/	0	49
https://gpacalculator.net/admissions/union-institute-university/	union-institute-university	admissions	removed (R); search console	410	0	36
https://gpacalculator.net/admissions/union-university/	union-university	admissions	old-slug twin	301 https://gpacalculator.net/admissions/union/	0	0
https://gpacalculator.net/admissions/university-of-alabama-at-birmingham/	university-of-alabama-at-birmingham	admissions	old-slug twin	301 https://gpacalculator.net/admissions/uab/	0	0
https://gpacalculator.net/admissions/university-of-alabama-at-huntsville/	university-of-alabama-at-huntsville	admissions	old-slug twin	301 https://gpacalculator.net/admissions/uah/	0	0
https://gpacalculator.net/admissions/university-of-alabama-in-huntsville/	university-of-alabama-in-huntsville	admissions	old-slug twin	301 https://gpacalculator.net/admissions/uah/	0	0
https://gpacalculator.net/admissions/university-of-alabama-system-office/	university-of-alabama-system-office	admissions	old-slug twin	410	0	0
https://gpacalculator.net/admissions/university-of-alaska-system-of-higher-education/	university-of-alaska-system-of-higher-education	admissions	old-slug twin	410	0	0
https://gpacalculator.net/admissions/university-of-antelope-valley/	university-of-antelope-valley	admissions	legacy map	410	0	0
https://gpacalculator.net/admissions/university-of-arkansas-system-office/	university-of-arkansas-system-office	admissions	old-slug twin	410	0	0
https://gpacalculator.net/admissions/university-of-california-berkeley/	university-of-california-berkeley	admissions	old-slug twin	301 https://gpacalculator.net/admissions/uc-berkeley/	0	0
https://gpacalculator.net/admissions/university-of-california-davis/	university-of-california-davis	admissions	old-slug twin	301 https://gpacalculator.net/admissions/uc-davis/	0	0
https://gpacalculator.net/admissions/university-of-california-hastings-college-of-law/	university-of-california-hastings-college-of-law	admissions	old-slug twin	301 https://gpacalculator.net/admissions/uc-law-san-francisco/	0	0
https://gpacalculator.net/admissions/university-of-california-irvine/	university-of-california-irvine	admissions	old-slug twin	301 https://gpacalculator.net/admissions/uc-irvine/	0	0
https://gpacalculator.net/admissions/university-of-california-los-angeles/	university-of-california-los-angeles	admissions	old-slug twin	301 https://gpacalculator.net/admissions/ucla/	0	0
https://gpacalculator.net/admissions/university-of-california-riverside/	university-of-california-riverside	admissions	old-slug twin	301 https://gpacalculator.net/admissions/uc-riverside/	0	0
https://gpacalculator.net/admissions/university-of-california-san-diego/	university-of-california-san-diego	admissions	old-slug twin	301 https://gpacalculator.net/admissions/uc-san-diego/	0	0
https://gpacalculator.net/admissions/university-of-california-san-francisco/	university-of-california-san-francisco	admissions	old-slug twin	301 https://gpacalculator.net/admissions/uc-san-francisco/	0	0
https://gpacalculator.net/admissions/university-of-california-santa-barbara/	university-of-california-santa-barbara	admissions	old-slug twin	301 https://gpacalculator.net/admissions/uc-santa-barbara/	0	0
https://gpacalculator.net/admissions/university-of-california-system-administration-central-office/	university-of-california-system-administration-central-office	admissions	old-slug twin	410	0	0
https://gpacalculator.net/admissions/university-of-chicago/	university-of-chicago	admissions	old-slug twin	301 https://gpacalculator.net/admissions/chicago/	0	0
https://gpacalculator.net/admissions/university-of-cincinnati-blue-ash-college/	university-of-cincinnati-blue-ash-college	admissions	old-slug twin	301 https://gpacalculator.net/admissions/university-of-cincinnati-raymond-walters-college/	0	0
https://gpacalculator.net/admissions/university-of-colorado-system-office/	university-of-colorado-system-office	admissions	old-slug twin	410	0	0
https://gpacalculator.net/admissions/university-of-dallas/	university-of-dallas	admissions	old-slug twin	301 https://gpacalculator.net/admissions/dallas/	0	0
https://gpacalculator.net/admissions/university-of-dayton/	university-of-dayton	admissions	old-slug twin	301 https://gpacalculator.net/admissions/dayton/	0	0
https://gpacalculator.net/admissions/university-of-delaware/	university-of-delaware	admissions	old-slug twin	301 https://gpacalculator.net/admissions/delaware/	0	0
https://gpacalculator.net/admissions/university-of-florida/	university-of-florida	admissions	old-slug twin	301 https://gpacalculator.net/admissions/florida/	0	0
https://gpacalculator.net/admissions/university-of-georgia/	university-of-georgia	admissions	old-slug twin	301 https://gpacalculator.net/admissions/georgia/	0	0
https://gpacalculator.net/admissions/university-of-hawaii-system-office/	university-of-hawaii-system-office	admissions	old-slug twin	410	0	0
https://gpacalculator.net/admissions/university-of-houston-system-administration/	university-of-houston-system-administration	admissions	old-slug twin	410	0	0
https://gpacalculator.net/admissions/university-of-illinois-at-urbana-champaign/	university-of-illinois-at-urbana-champaign	admissions	old-slug twin	301 https://gpacalculator.net/admissions/uiuc/	0	0
https://gpacalculator.net/admissions/university-of-illinois-university-administration/	university-of-illinois-university-administration	admissions	old-slug twin	410	0	0
https://gpacalculator.net/admissions/university-of-iowa/	university-of-iowa	admissions	old-slug twin	301 https://gpacalculator.net/admissions/iowa/	0	0
https://gpacalculator.net/admissions/university-of-louisiana-at-monroe/	university-of-louisiana-at-monroe	admissions	old-slug twin	301 https://gpacalculator.net/admissions/university-of-louisiana-monroe/	0	0
https://gpacalculator.net/admissions/university-of-louisiana-system-administration/	university-of-louisiana-system-administration	admissions	old-slug twin	410	0	0
https://gpacalculator.net/admissions/university-of-maine-at-machias/	university-of-maine-at-machias	admissions	removed (M); search console	301 https://gpacalculator.net/admissions/university-of-maine/	0	1
https://gpacalculator.net/admissions/university-of-maine-system-central-office/	university-of-maine-system-central-office	admissions	old-slug twin	410	0	0
https://gpacalculator.net/admissions/university-of-management-and-technology/	university-of-management-and-technology	admissions	legacy map	301 https://gpacalculator.net/admissions/university-of-management-and-technology-the/	0	0
https://gpacalculator.net/admissions/university-of-maryland-baltimore-county/	university-of-maryland-baltimore-county	admissions	old-slug twin	301 https://gpacalculator.net/admissions/umbc/	0	0
https://gpacalculator.net/admissions/university-of-maryland-college-park/	university-of-maryland-college-park	admissions	old-slug twin	301 https://gpacalculator.net/admissions/umd/	0	0
https://gpacalculator.net/admissions/university-of-massachusetts-amherst/	university-of-massachusetts-amherst	admissions	old-slug twin	301 https://gpacalculator.net/admissions/umass-amherst/	0	0
https://gpacalculator.net/admissions/university-of-massachusetts-central-office/	university-of-massachusetts-central-office	admissions	old-slug twin	410	0	0
https://gpacalculator.net/admissions/university-of-massachusetts-medical-school-worcester/	university-of-massachusetts-medical-school-worcester	admissions	old-slug twin	301 https://gpacalculator.net/admissions/umass-chan-medical-school/	0	0
https://gpacalculator.net/admissions/university-of-medicine-and-dentistry-of-new-jersey/	university-of-medicine-and-dentistry-of-new-jersey	admissions	legacy map	410	0	0
https://gpacalculator.net/admissions/university-of-michigan-ann-arbor/	university-of-michigan-ann-arbor	admissions	old-slug twin	301 https://gpacalculator.net/admissions/michigan/	0	0
https://gpacalculator.net/admissions/university-of-minnesota-twin-cities/	university-of-minnesota-twin-cities	admissions	unresolved	unresolved	0	0
https://gpacalculator.net/admissions/university-of-mississippi-medical-center/	university-of-mississippi-medical-center	admissions	old-slug twin	301 https://gpacalculator.net/admissions/university-of-mississippi/	0	0
https://gpacalculator.net/admissions/university-of-missouri-system-office/	university-of-missouri-system-office	admissions	old-slug twin	410	0	0
https://gpacalculator.net/admissions/university-of-missouri-systems-office/	university-of-missouri-systems-office	admissions	old-slug twin	410	0	0
https://gpacalculator.net/admissions/university-of-nebraska-central-administration-system-office/	university-of-nebraska-central-administration-system-office	admissions	old-slug twin	410	0	0
https://gpacalculator.net/admissions/university-of-new-hampshire-school-of-law/	university-of-new-hampshire-school-of-law	admissions	old-slug twin	301 https://gpacalculator.net/admissions/university-of-new-hampshire-main-campus/	0	0
https://gpacalculator.net/admissions/university-of-north-carolina-at-chapel-hill/	university-of-north-carolina-at-chapel-hill	admissions	old-slug twin	301 https://gpacalculator.net/admissions/unc/	0	0
https://gpacalculator.net/admissions/university-of-north-carolina-system-office/	university-of-north-carolina-system-office	admissions	old-slug twin	410	0	0
https://gpacalculator.net/admissions/university-of-north-carolina-wilmington/	university-of-north-carolina-wilmington	admissions	old-slug twin	301 https://gpacalculator.net/admissions/university-of-north-carolina-at-wilmington/	0	0
https://gpacalculator.net/admissions/university-of-north-florida/	university-of-north-florida	admissions	old-slug twin	301 https://gpacalculator.net/admissions/north-florida/	0	0
https://gpacalculator.net/admissions/university-of-north-texas-health-science-center/	university-of-north-texas-health-science-center	admissions	old-slug twin	301 https://gpacalculator.net/admissions/unt-health-fort-worth/	0	0
https://gpacalculator.net/admissions/university-of-north-texas-system/	university-of-north-texas-system	admissions	old-slug twin	410	0	0
https://gpacalculator.net/admissions/university-of-notre-dame/	university-of-notre-dame	admissions	old-slug twin	301 https://gpacalculator.net/admissions/notre-dame/	0	0
https://gpacalculator.net/admissions/university-of-oklahoma-health-sciences-center/	university-of-oklahoma-health-sciences-center	admissions	old-slug twin	301 https://gpacalculator.net/admissions/university-of-oklahoma-norman-campus/	0	0
https://gpacalculator.net/admissions/university-of-pennsylvania/	university-of-pennsylvania	admissions	old-slug twin	301 https://gpacalculator.net/admissions/upenn/	0	0
https://gpacalculator.net/admissions/university-of-phoenix-albuquerque-campus/	university-of-phoenix-albuquerque-campus	admissions	removed (C); search console	410	0	3
https://gpacalculator.net/admissions/university-of-phoenix-atlanta-campus/	university-of-phoenix-atlanta-campus	admissions	removed (C); search console	410	0	1
https://gpacalculator.net/admissions/university-of-phoenix-augusta-campus/	university-of-phoenix-augusta-campus	admissions	removed (C)	410	0	0
https://gpacalculator.net/admissions/university-of-phoenix-austin-campus/	university-of-phoenix-austin-campus	admissions	removed (S)	301 https://gpacalculator.net/admissions/university-of-phoenix/	0	0
https://gpacalculator.net/admissions/university-of-phoenix-baton-rouge/	university-of-phoenix-baton-rouge	admissions	removed (C)	410	0	0
https://gpacalculator.net/admissions/university-of-phoenix-bay-area-campus/	university-of-phoenix-bay-area-campus	admissions	removed (S); search console	301 https://gpacalculator.net/admissions/university-of-phoenix/	0	2
https://gpacalculator.net/admissions/university-of-phoenix-birmingham-campus/	university-of-phoenix-birmingham-campus	admissions	removed (C); search console	410	0	1
https://gpacalculator.net/admissions/university-of-phoenix-boston-campus/	university-of-phoenix-boston-campus	admissions	removed (C)	410	0	0
https://gpacalculator.net/admissions/university-of-phoenix-central-florida-campus/	university-of-phoenix-central-florida-campus	admissions	removed (C); search console	410	0	1
https://gpacalculator.net/admissions/university-of-phoenix-central-valley-campus/	university-of-phoenix-central-valley-campus	admissions	removed (S); search console	301 https://gpacalculator.net/admissions/university-of-phoenix/	0	3
https://gpacalculator.net/admissions/university-of-phoenix-charlotte-campus/	university-of-phoenix-charlotte-campus	admissions	removed (C); search console	410	0	1
https://gpacalculator.net/admissions/university-of-phoenix-chattanooga-campus/	university-of-phoenix-chattanooga-campus	admissions	removed (C)	410	0	0
https://gpacalculator.net/admissions/university-of-phoenix-cheyenne-campus/	university-of-phoenix-cheyenne-campus	admissions	removed (C)	410	0	0
https://gpacalculator.net/admissions/university-of-phoenix-chicago-campus/	university-of-phoenix-chicago-campus	admissions	removed (C); search console	410	0	4
https://gpacalculator.net/admissions/university-of-phoenix-cincinnati-campus/	university-of-phoenix-cincinnati-campus	admissions	removed (C); search console	410	0	4
https://gpacalculator.net/admissions/university-of-phoenix-cleveland-campus/	university-of-phoenix-cleveland-campus	admissions	removed (C)	410	0	0
https://gpacalculator.net/admissions/university-of-phoenix-colorado-campus/	university-of-phoenix-colorado-campus	admissions	removed (R); search console	410	0	3
https://gpacalculator.net/admissions/university-of-phoenix-columbia-campus/	university-of-phoenix-columbia-campus	admissions	removed (C); search console	410	0	1
https://gpacalculator.net/admissions/university-of-phoenix-columbus-georgia-campus/	university-of-phoenix-columbus-georgia-campus	admissions	removed (C)	410	0	0
https://gpacalculator.net/admissions/university-of-phoenix-columbus-ohio-campus/	university-of-phoenix-columbus-ohio-campus	admissions	removed (C)	410	0	0
https://gpacalculator.net/admissions/university-of-phoenix-dallas-campus/	university-of-phoenix-dallas-campus	admissions	removed (S); search console	301 https://gpacalculator.net/admissions/university-of-phoenix/	0	1
https://gpacalculator.net/admissions/university-of-phoenix-delaware/	university-of-phoenix-delaware	admissions	removed (C); search console	410	0	4
https://gpacalculator.net/admissions/university-of-phoenix-des-moines-campus/	university-of-phoenix-des-moines-campus	admissions	removed (C); search console	410	0	1
https://gpacalculator.net/admissions/university-of-phoenix-fairfield-county-campus/	university-of-phoenix-fairfield-county-campus	admissions	removed (C); search console	410	0	1
https://gpacalculator.net/admissions/university-of-phoenix-harrisburg-campus/	university-of-phoenix-harrisburg-campus	admissions	removed (R); search console	410	0	2
https://gpacalculator.net/admissions/university-of-phoenix-hawaii-campus/	university-of-phoenix-hawaii-campus	admissions	unresolved; search console	unresolved	0	1
https://gpacalculator.net/admissions/university-of-phoenix-houston-campus/	university-of-phoenix-houston-campus	admissions	removed (S); search console	301 https://gpacalculator.net/admissions/university-of-phoenix/	0	1
https://gpacalculator.net/admissions/university-of-phoenix-indianapolis-campus/	university-of-phoenix-indianapolis-campus	admissions	removed (C)	410	0	0
https://gpacalculator.net/admissions/university-of-phoenix-jackson-campus/	university-of-phoenix-jackson-campus	admissions	removed (C)	410	0	0
https://gpacalculator.net/admissions/university-of-phoenix-jersey-city-campus/	university-of-phoenix-jersey-city-campus	admissions	removed (C)	410	0	0
https://gpacalculator.net/admissions/university-of-phoenix-kansas-city-campus/	university-of-phoenix-kansas-city-campus	admissions	removed (C)	410	0	0
https://gpacalculator.net/admissions/university-of-phoenix-knoxville/	university-of-phoenix-knoxville	admissions	removed (C); search console	410	0	3
https://gpacalculator.net/admissions/university-of-phoenix-lafayette/	university-of-phoenix-lafayette	admissions	removed (C)	410	0	0
https://gpacalculator.net/admissions/university-of-phoenix-las-vegas-campus/	university-of-phoenix-las-vegas-campus	admissions	removed (S); search console	410	0	1
https://gpacalculator.net/admissions/university-of-phoenix-little-rock-campus/	university-of-phoenix-little-rock-campus	admissions	removed (C); search console	410	0	7
https://gpacalculator.net/admissions/university-of-phoenix-louisiana-campus/	university-of-phoenix-louisiana-campus	admissions	removed (C)	410	0	0
https://gpacalculator.net/admissions/university-of-phoenix-louisville-campus/	university-of-phoenix-louisville-campus	admissions	removed (C); search console	410	0	6
https://gpacalculator.net/admissions/university-of-phoenix-madison-campus/	university-of-phoenix-madison-campus	admissions	removed (C)	410	0	0
https://gpacalculator.net/admissions/university-of-phoenix-maryland-campus/	university-of-phoenix-maryland-campus	admissions	removed (C); search console	410	0	8
https://gpacalculator.net/admissions/university-of-phoenix-memphis-campus/	university-of-phoenix-memphis-campus	admissions	removed (C); search console	410	0	2
https://gpacalculator.net/admissions/university-of-phoenix-metro-detroit-campus/	university-of-phoenix-metro-detroit-campus	admissions	removed (C); search console	410	0	2
https://gpacalculator.net/admissions/university-of-phoenix-milwaukee-campus/	university-of-phoenix-milwaukee-campus	admissions	removed (C)	410	0	0
https://gpacalculator.net/admissions/university-of-phoenix-minneapolis-st-paul-campus/	university-of-phoenix-minneapolis-st-paul-campus	admissions	removed (R)	410	0	0
https://gpacalculator.net/admissions/university-of-phoenix-minneapolisst-paul-campus/	university-of-phoenix-minneapolisst-paul-campus	admissions	old-slug twin	301 https://gpacalculator.net/admissions/university-of-phoenix-minneapolis-st-paul-campus/	0	0
https://gpacalculator.net/admissions/university-of-phoenix-nashville-campus/	university-of-phoenix-nashville-campus	admissions	removed (C)	410	0	0
https://gpacalculator.net/admissions/university-of-phoenix-north-florida-campus/	university-of-phoenix-north-florida-campus	admissions	removed (C); search console	410	0	2
https://gpacalculator.net/admissions/university-of-phoenix-northern-nevada-campus/	university-of-phoenix-northern-nevada-campus	admissions	removed (S); search console	410	0	2
https://gpacalculator.net/admissions/university-of-phoenix-northern-virginia-campus/	university-of-phoenix-northern-virginia-campus	admissions	removed (C)	410	0	0
https://gpacalculator.net/admissions/university-of-phoenix-northwest-arkansas-campus/	university-of-phoenix-northwest-arkansas-campus	admissions	removed (C)	410	0	0
https://gpacalculator.net/admissions/university-of-phoenix-northwest-indiana-campus/	university-of-phoenix-northwest-indiana-campus	admissions	removed (C); search console	410	0	1
https://gpacalculator.net/admissions/university-of-phoenix-oklahoma-city-campus/	university-of-phoenix-oklahoma-city-campus	admissions	removed (C); search console	410	0	1
https://gpacalculator.net/admissions/university-of-phoenix-omaha-campus/	university-of-phoenix-omaha-campus	admissions	removed (C); search console	410	0	1
https://gpacalculator.net/admissions/university-of-phoenix-online-campus/	university-of-phoenix-online-campus	admissions	removed (S); search console	301 https://gpacalculator.net/admissions/university-of-phoenix/	0	122
https://gpacalculator.net/admissions/university-of-phoenix-oregon-campus/	university-of-phoenix-oregon-campus	admissions	removed (C); search console	410	0	5
https://gpacalculator.net/admissions/university-of-phoenix-philadelphia-campus/	university-of-phoenix-philadelphia-campus	admissions	removed (R)	410	0	0
https://gpacalculator.net/admissions/university-of-phoenix-phoenix-campus/	university-of-phoenix-phoenix-campus	admissions	unresolved	unresolved	0	0
https://gpacalculator.net/admissions/university-of-phoenix-phoenix-hohokam-campus/	university-of-phoenix-phoenix-hohokam-campus	admissions	removed (S); search console	301 https://gpacalculator.net/admissions/university-of-phoenix/	0	12
https://gpacalculator.net/admissions/university-of-phoenix-pittsburgh-campus/	university-of-phoenix-pittsburgh-campus	admissions	removed (R); search console	410	0	4
https://gpacalculator.net/admissions/university-of-phoenix-raleigh-campus/	university-of-phoenix-raleigh-campus	admissions	removed (C); search console	410	0	1
https://gpacalculator.net/admissions/university-of-phoenix-richmond-campus/	university-of-phoenix-richmond-campus	admissions	removed (C); search console	410	0	6
https://gpacalculator.net/admissions/university-of-phoenix-richmond-virginia-beach-campus/	university-of-phoenix-richmond-virginia-beach-campus	admissions	legacy map	410	0	0
https://gpacalculator.net/admissions/university-of-phoenix-sacramento-valley-campus/	university-of-phoenix-sacramento-valley-campus	admissions	removed (S)	301 https://gpacalculator.net/admissions/university-of-phoenix/	0	0
https://gpacalculator.net/admissions/university-of-phoenix-san-antonio-campus/	university-of-phoenix-san-antonio-campus	admissions	removed (S)	301 https://gpacalculator.net/admissions/university-of-phoenix/	0	0
https://gpacalculator.net/admissions/university-of-phoenix-san-diego-campus/	university-of-phoenix-san-diego-campus	admissions	removed (S); search console	301 https://gpacalculator.net/admissions/university-of-phoenix/	0	2
https://gpacalculator.net/admissions/university-of-phoenix-savannah-campus/	university-of-phoenix-savannah-campus	admissions	removed (C)	410	0	0
https://gpacalculator.net/admissions/university-of-phoenix-shreveport-bossier/	university-of-phoenix-shreveport-bossier	admissions	removed (C); search console	410	0	3
https://gpacalculator.net/admissions/university-of-phoenix-south-florida-campus/	university-of-phoenix-south-florida-campus	admissions	removed (C); search console	410	0	2
https://gpacalculator.net/admissions/university-of-phoenix-southern-arizona-campus/	university-of-phoenix-southern-arizona-campus	admissions	removed (S); search console	301 https://gpacalculator.net/admissions/university-of-phoenix/	0	4
https://gpacalculator.net/admissions/university-of-phoenix-southern-california-campus/	university-of-phoenix-southern-california-campus	admissions	removed (S)	301 https://gpacalculator.net/admissions/university-of-phoenix/	0	0
https://gpacalculator.net/admissions/university-of-phoenix-southern-colorado-campus/	university-of-phoenix-southern-colorado-campus	admissions	removed (C)	410	0	0
https://gpacalculator.net/admissions/university-of-phoenix-springfield-campus/	university-of-phoenix-springfield-campus	admissions	removed (C)	410	0	0
https://gpacalculator.net/admissions/university-of-phoenix-st-louis-campus/	university-of-phoenix-st-louis-campus	admissions	removed (C); search console	410	0	1
https://gpacalculator.net/admissions/university-of-phoenix-tulsa-campus/	university-of-phoenix-tulsa-campus	admissions	removed (C); search console	410	0	1
https://gpacalculator.net/admissions/university-of-phoenix-utah-campus/	university-of-phoenix-utah-campus	admissions	removed (C); search console	410	0	1
https://gpacalculator.net/admissions/university-of-phoenix-washington-dc-campus/	university-of-phoenix-washington-dc-campus	admissions	removed (R); search console	410	0	5
https://gpacalculator.net/admissions/university-of-phoenix-west-florida-campus/	university-of-phoenix-west-florida-campus	admissions	removed (C); search console	410	0	2
https://gpacalculator.net/admissions/university-of-phoenix-west-michigan-campus/	university-of-phoenix-west-michigan-campus	admissions	removed (C); search console	410	0	1
https://gpacalculator.net/admissions/university-of-phoenix-western-washington-campus/	university-of-phoenix-western-washington-campus	admissions	removed (C); search console	410	0	1
https://gpacalculator.net/admissions/university-of-phoenix-wichita-campus/	university-of-phoenix-wichita-campus	admissions	removed (C); search console	410	0	1
https://gpacalculator.net/admissions/university-of-pittsburgh-pittsburgh-campus/	university-of-pittsburgh-pittsburgh-campus	admissions	old-slug twin	301 https://gpacalculator.net/admissions/pitt/	0	0
https://gpacalculator.net/admissions/university-of-saint-katherine/	university-of-saint-katherine	admissions	removed (C)	410	0	0
https://gpacalculator.net/admissions/university-of-san-diego/	university-of-san-diego	admissions	old-slug twin	301 https://gpacalculator.net/admissions/san-diego/	0	0
https://gpacalculator.net/admissions/university-of-sioux-falls/	university-of-sioux-falls	admissions	old-slug twin	301 https://gpacalculator.net/admissions/sioux-falls/	0	0
https://gpacalculator.net/admissions/university-of-south-carolina-beaufort/	university-of-south-carolina-beaufort	admissions	old-slug twin	301 https://gpacalculator.net/admissions/sc-beaufort/	0	0
https://gpacalculator.net/admissions/university-of-south-florida-polytechnic/	university-of-south-florida-polytechnic	admissions	old-slug twin	301 https://gpacalculator.net/admissions/florida-polytechnic-university/	0	0
https://gpacalculator.net/admissions/university-of-south-florida-sarasota-manatee/	university-of-south-florida-sarasota-manatee	admissions	old-slug twin	301 https://gpacalculator.net/admissions/university-of-south-florida-main-campus/	0	0
https://gpacalculator.net/admissions/university-of-south-florida-st-petersburg-campus/	university-of-south-florida-st-petersburg-campus	admissions	removed (C); search console	301 https://gpacalculator.net/admissions/university-of-south-florida-main-campus/	0	6
https://gpacalculator.net/admissions/university-of-southern-california/	university-of-southern-california	admissions	old-slug twin	301 https://gpacalculator.net/admissions/usc/	0	0
https://gpacalculator.net/admissions/university-of-st-thomas-3/	university-of-st-thomas-3	admissions	unresolved	unresolved	0	0
https://gpacalculator.net/admissions/university-of-texas-southwestern-medical-center/	university-of-texas-southwestern-medical-center	admissions	old-slug twin	301 https://gpacalculator.net/admissions/ut-southwestern-medical-center/	0	0
https://gpacalculator.net/admissions/university-of-the-district-of-columbia-david-a-clarke-school-of-law/	university-of-the-district-of-columbia-david-a-clarke-school-of-law	admissions	legacy map	301 https://gpacalculator.net/admissions/university-of-the-district-of-columbia/	0	0
https://gpacalculator.net/admissions/university-of-the-rockies/	university-of-the-rockies	admissions	old-slug twin	301 https://gpacalculator.net/admissions/university-of-arizona-global-campus/	0	0
https://gpacalculator.net/admissions/university-of-the-sciences/	university-of-the-sciences	admissions	removed (C); search console	301 https://gpacalculator.net/admissions/saint-josephs-university/	0	1
https://gpacalculator.net/admissions/university-of-tulsa/	university-of-tulsa	admissions	old-slug twin	301 https://gpacalculator.net/admissions/tulsa/	0	0
https://gpacalculator.net/admissions/university-of-virginia-main-campus/	university-of-virginia-main-campus	admissions	old-slug twin	301 https://gpacalculator.net/admissions/virginia/	0	0
https://gpacalculator.net/admissions/university-of-washington-seattle-campus/	university-of-washington-seattle-campus	admissions	old-slug twin	301 https://gpacalculator.net/admissions/washington/	0	0
https://gpacalculator.net/admissions/university-of-wisconsin-colleges/	university-of-wisconsin-colleges	admissions	legacy map; search console	410	0	6
https://gpacalculator.net/admissions/university-of-wisconsin-extension/	university-of-wisconsin-extension	admissions	old-slug twin	301 https://gpacalculator.net/admissions/wisconsin/	0	0
https://gpacalculator.net/admissions/university-of-wisconsin-madison/	university-of-wisconsin-madison	admissions	old-slug twin	301 https://gpacalculator.net/admissions/wisconsin/	0	0
https://gpacalculator.net/admissions/university-of-wisconsin-system-administration/	university-of-wisconsin-system-administration	admissions	old-slug twin	410	0	0
https://gpacalculator.net/admissions/university-system-of-maryland-research-centers/	university-system-of-maryland-research-centers	admissions	old-slug twin	410	0	0
https://gpacalculator.net/admissions/university-system-of-maryland/	university-system-of-maryland	admissions	old-slug twin	410	0	0
https://gpacalculator.net/admissions/university-system-of-new-hampshire-system-office/	university-system-of-new-hampshire-system-office	admissions	old-slug twin	410	0	0
https://gpacalculator.net/admissions/upstate-medical-university/	upstate-medical-university	admissions	old-slug twin	301 https://gpacalculator.net/admissions/suny-upstate-medical-university/	0	0
https://gpacalculator.net/admissions/urbana-university/	urbana-university	admissions	removed (C); search console	301 https://gpacalculator.net/admissions/franklin-university/	0	4
https://gpacalculator.net/admissions/utah-state-uni-regional-campuses-and-distance-education/	utah-state-uni-regional-campuses-and-distance-education	admissions	legacy map	301 https://gpacalculator.net/admissions/utah-state-university/	0	0
https://gpacalculator.net/admissions/utah-state-university-college-of-eastern-utah/	utah-state-university-college-of-eastern-utah	admissions	removed (C); search console	301 https://gpacalculator.net/admissions/utah-state-university/	0	9
https://gpacalculator.net/admissions/valley-college-princeton/	valley-college-princeton	admissions	removed (C); search console	410	0	1
https://gpacalculator.net/admissions/valparaiso-university/	valparaiso-university	admissions	old-slug twin	301 https://gpacalculator.net/admissions/valparaiso/	0	0
https://gpacalculator.net/admissions/vanderbilt-university/	vanderbilt-university	admissions	old-slug twin	301 https://gpacalculator.net/admissions/vanderbilt/	0	0
https://gpacalculator.net/admissions/vatterott-college-berkeley/	vatterott-college-berkeley	admissions	legacy map; search console	410	0	2
https://gpacalculator.net/admissions/vatterott-college-des-moines/	vatterott-college-des-moines	admissions	legacy map; search console	410	0	1
https://gpacalculator.net/admissions/vatterott-college-joplin/	vatterott-college-joplin	admissions	legacy map; search console	410	0	1
https://gpacalculator.net/admissions/vatterott-college-kansas-city/	vatterott-college-kansas-city	admissions	legacy map; search console	410	0	3
https://gpacalculator.net/admissions/vatterott-college-quincy/	vatterott-college-quincy	admissions	legacy map; search console	410	0	1
https://gpacalculator.net/admissions/vatterott-college-saint-joseph/	vatterott-college-saint-joseph	admissions	legacy map; search console	410	0	2
https://gpacalculator.net/admissions/vatterott-college-springfield/	vatterott-college-springfield	admissions	legacy map; search console	410	0	2
https://gpacalculator.net/admissions/vatterott-college-sunset-hills/	vatterott-college-sunset-hills	admissions	legacy map; search console	410	0	2
https://gpacalculator.net/admissions/vatterott-college-tulsa/	vatterott-college-tulsa	admissions	legacy map; search console	410	0	3
https://gpacalculator.net/admissions/vatterott-college-wichita/	vatterott-college-wichita	admissions	legacy map; search console	410	0	2
https://gpacalculator.net/admissions/vermilion-community-college/	vermilion-community-college	admissions	removed (P); search console	301 https://gpacalculator.net/admissions/minnesota-north-college/	0	2
https://gpacalculator.net/admissions/vermont-technical-college/	vermont-technical-college	admissions	removed (N); search console	301 https://gpacalculator.net/admissions/vermont-state-university/	0	5
https://gpacalculator.net/admissions/victory-university/	victory-university	admissions	removed (C); search console	410	0	1
https://gpacalculator.net/admissions/villanova-university/	villanova-university	admissions	old-slug twin	301 https://gpacalculator.net/admissions/villanova/	0	0
https://gpacalculator.net/admissions/virginia-college-augusta/	virginia-college-augusta	admissions	legacy map; search console	410	0	1
https://gpacalculator.net/admissions/virginia-college-austin/	virginia-college-austin	admissions	legacy map; search console	410	0	1
https://gpacalculator.net/admissions/virginia-college-biloxi/	virginia-college-biloxi	admissions	legacy map; search console	410	0	2
https://gpacalculator.net/admissions/virginia-college-birmingham/	virginia-college-birmingham	admissions	legacy map; search console	410	0	2
https://gpacalculator.net/admissions/virginia-college-in-charleston/	virginia-college-in-charleston	admissions	legacy map; search console	410	0	42
https://gpacalculator.net/admissions/virginia-college-jacksonville/	virginia-college-jacksonville	admissions	legacy map; search console	410	0	2
https://gpacalculator.net/admissions/virginia-college-la/	virginia-college-la	admissions	unresolved; search console	unresolved	0	3
https://gpacalculator.net/admissions/virginia-college-mobile/	virginia-college-mobile	admissions	legacy map; search console	410	0	1
https://gpacalculator.net/admissions/virginia-college-montgomery/	virginia-college-montgomery	admissions	legacy map; search console	410	0	2
https://gpacalculator.net/admissions/virginia-college-sc/	virginia-college-sc	admissions	unresolved; search console	unresolved	0	4
https://gpacalculator.net/admissions/virginia-college-va/	virginia-college-va	admissions	unresolved; search console	unresolved	0	1
https://gpacalculator.net/admissions/virginia-intermont-college/	virginia-intermont-college	admissions	removed (R); search console	410	0	1
https://gpacalculator.net/admissions/virginia-marti-college-of-art-and-design/	virginia-marti-college-of-art-and-design	admissions	removed (R)	410	0	0
https://gpacalculator.net/admissions/virginia-polytechnic-institute-and-state-uni/	virginia-polytechnic-institute-and-state-uni	admissions	old-slug twin	301 https://gpacalculator.net/admissions/virginia-tech/	0	0
https://gpacalculator.net/admissions/virginia-polytechnic-institute-and-state-university/	virginia-polytechnic-institute-and-state-university	admissions	old-slug twin	301 https://gpacalculator.net/admissions/virginia-tech/	0	0
https://gpacalculator.net/admissions/washington-and-lee-university/	washington-and-lee-university	admissions	old-slug twin	301 https://gpacalculator.net/admissions/washington-and-lee/	0	0
https://gpacalculator.net/admissions/washington-university-in-st-louis/	washington-university-in-st-louis	admissions	old-slug twin	301 https://gpacalculator.net/admissions/washu/	0	0
https://gpacalculator.net/admissions/watkins-college-of-art-design-and-film/	watkins-college-of-art-design-and-film	admissions	removed (C); search console	410	0	1
https://gpacalculator.net/admissions/waycross-college/	waycross-college	admissions	legacy map; search console	301 https://gpacalculator.net/admissions/south-georgia-state-college/	0	3
https://gpacalculator.net/admissions/wells-college/	wells-college	admissions	legacy map; search console	410	0	16
https://gpacalculator.net/admissions/wentworth-military-academy-and-junior-college/	wentworth-military-academy-and-junior-college	admissions	removed (R); search console	410	0	3
https://gpacalculator.net/admissions/wesley-college/	wesley-college	admissions	removed (C); search console	301 https://gpacalculator.net/admissions/delaware-state-university/	0	25
https://gpacalculator.net/admissions/west-texas-a-m-university/	west-texas-a-m-university	admissions	old-slug twin	301 https://gpacalculator.net/admissions/west-texas-a-and-m-university/	0	0
https://gpacalculator.net/admissions/west-virginia-junior-college-bridgeport/	west-virginia-junior-college-bridgeport	admissions	removed (R); search console	410	0	3
https://gpacalculator.net/admissions/western-international-university/	western-international-university	admissions	removed (C); search console	410	0	9
https://gpacalculator.net/admissions/western-state-college-of-law-at-argosy-university/	western-state-college-of-law-at-argosy-university	admissions	old-slug twin	301 https://gpacalculator.net/admissions/westcliff-university/	0	0
https://gpacalculator.net/admissions/western-state-university-college-of-law-argosy/	western-state-university-college-of-law-argosy	admissions	old-slug twin	301 https://gpacalculator.net/admissions/westcliff-university/	0	0
https://gpacalculator.net/admissions/wheelock-college/	wheelock-college	admissions	unresolved; search console	unresolved	0	5
https://gpacalculator.net/admissions/whitworth-university-adult-degree-programs/	whitworth-university-adult-degree-programs	admissions	unresolved	unresolved	0	0
https://gpacalculator.net/admissions/widener-university-delaware-campus/	widener-university-delaware-campus	admissions	removed (C); search console	301 https://gpacalculator.net/admissions/widener-university-main-campus/	0	10
https://gpacalculator.net/admissions/widener-university-harrisburg-campus/	widener-university-harrisburg-campus	admissions	legacy map	301 https://gpacalculator.net/admissions/widener-university-main-campus/	0	0
https://gpacalculator.net/admissions/willamette-university/	willamette-university	admissions	old-slug twin	301 https://gpacalculator.net/admissions/willamette/	0	0
https://gpacalculator.net/admissions/winthrop-university/	winthrop-university	admissions	old-slug twin	301 https://gpacalculator.net/admissions/winthrop/	0	0
https://gpacalculator.net/admissions/wood-tobe-coburn-school/	wood-tobe-coburn-school	admissions	removed (R); search console	410	0	4
https://gpacalculator.net/admissions/wright-career-college/	wright-career-college	admissions	removed (R); search console	410	0	1
https://gpacalculator.net/admissions/yale-university/	yale-university	admissions	old-slug twin	301 https://gpacalculator.net/admissions/yale/	0	0
https://gpacalculator.net/admissions/yorktowne-business-institute/	yorktowne-business-institute	admissions	removed (C)	410	0	0
