unitid,first_year,last_year,name,city,state,opeid,website,closed,newid,deathyr
101073,2002,2004,CONCORDIA COLLEGE,SELMA,AL,01055400,www.concordiaselma.edu,,,
101073,2005,2006,Concordia College,Selma,AL,01055400,www.concordiaselma.edu,,,
101073,2007,2010,Concordia College-Selma,Selma,AL,01055400,www.concordiaselma.edu,,,
101073,2011,2018,Concordia College Alabama,Selma,AL,01055400,www.ccal.edu/,06/08/2018,,2018
101161,2002,2004,JAMES H FAULKNER STATE COMMUNITY COLLEGE,BAY MINETTE,AL,00106000,www.faulknerstate.edu,,,
101161,2005,2016,James H Faulkner State Community College,Bay Minette,AL,00106000,www.faulknerstate.edu,,,
101161,2017,2023,Coastal Alabama Community College,Bay Minette,AL,00106000,www.coastalalabama.edu/,,,
101499,2002,2004,JEFFERSON DAVIS COMMUNITY COLLEGE,BREWTON,AL,00102100,www.jdcc.edu,,,
101499,2005,2016,Jefferson Davis Community College,Brewton,AL,00102100,www.jdcc.edu,,,
101499,2017,2018,Jefferson Davis Community College,Brewton,AL,00106010,www.coastalalabama.edu,,101161,2018
101541,2002,2004,JUDSON COLLEGE,MARION,AL,00102300,www.judson.edu,,,
101541,2005,2021,Judson College,Marion,AL,00102300,www.judson.edu/,07/31/2021,,2021
101949,2002,2004,ALABAMA SOUTHERN COMMUNITY COLLEGE,MONROEVILLE,AL,00103400,www.ascc.edu,,,
101949,2005,2016,Alabama Southern Community College,Monroeville,AL,00103400,www.ascc.edu,,,
101949,2017,2018,Alabama Southern Community College,Monroeville,AL,00106006,www.coastalalabama.edu,,101161,2018
101958,2002,2004,PRINCE INSTITUTE OF PROFESSIONAL STUDIES INC,MONTGOMERY,AL,02296000,princeinstitute.com,,,
101958,2005,2011,Prince Institute of Professional Studies Inc,Montgomery,AL,02296000,princeinstitute.edu,,,
101958,2012,2012,Prince Institute Southeast,Montgomery,AL,02296000,princeinstitute.edu,,,
101958,2013,2014,Prince Institute-Southeast,Montgomery,AL,02296000,princeinstitute.edu,,,
101958,2015,2017,Prince Institute-Southeast,Elmhurst,IL,02296000,princeinstitute.edu,03/16/2017,,2017
102261,2002,2004,SOUTHEASTERN BIBLE COLLEGE,BIRMINGHAM,AL,02270400,www.sebc.edu,,,
102261,2005,2017,Southeastern Bible College,Birmingham,AL,02270400,sebc.edu/,06/01/2017,,2017
102313,2002,2002,TRENHOLM STATE TECHNICAL COLLEGE,MONTGOMERY,AL,00573400,www.trenholmtech.cc.al.us,,,
102313,2003,2003,H COUNCILL TRENHOLM STATE TECHNICAL COLLEGE-TRENHOLM CAMPUS,MONTGOMERY,AL,00573400,www.trenholmtech.cc.al.us,,,
102313,2004,2004,H COUNCILL TRENHOLM STATE TECHNICAL COLLEGE,MONTGOMERY,AL,00573400,www.trenholmtech.cc.al.us,,,
102313,2005,2014,H Councill Trenholm State Technical College,Montgomery,AL,00573400,www.trenholmstate.edu,,,
102313,2015,2023,H Councill Trenholm State Community College,Montgomery,AL,00573400,www.trenholmstate.edu/,,,
102553,2002,2004,UNIVERSITY OF ALASKA ANCHORAGE,ANCHORAGE,AK,01146200,www.uaa.alaska.edu,,,
102553,2005,2023,University of Alaska Anchorage,Anchorage,AK,01146200,www.uaa.alaska.edu/,,,
102845,2002,2004,CHARTER COLLEGE,ANCHORAGE,AK,02576900,www.chartercollege.edu,,,
102845,2005,2009,Charter College,Anchorage,AK,02576900,www.chartercollege.edu,,,
102845,2010,2015,Charter College-Anchorage,Anchorage,AK,02576900,www.chartercollege.edu,,,
102845,2016,2022,Charter College,Vancouver,WA,02576900,https://chartercollege.edu/,,,
102845,2023,2023,Charter College,Anchorage,AK,02576900,https://chartercollege.edu/,,,
103361,2002,2004,PRINCE WILLIAM SOUND COMMUNITY COLLEGE,VALDEZ,AK,01146205,www.pwscc.edu.,,,
103361,2005,2013,Prince William Sound Community College,Valdez,AK,01146205,www.pwscc.edu,,,
103361,2014,2014,Prince William Sound Community College,,AK,01146205,,,102553,2014
103723,2002,2004,COLLINS COLLEGE,TEMPE,AZ,02174900,www.collinscollege.edu,,,
103723,2005,2008,Collins College,Tempe,AZ,02174900,www.collinscollege.edu,,,
103723,2009,2009,Collins College,Phoenix,AZ,02174900,www.collinscollege.edu,,,
103723,2010,2015,Collins College,Phoenix,AZ,02160305,www.collinscollege.edu,09/30/2015,,2015
103787,2002,2004,AMERICAN INDIAN COLL OF THE ASSEMBLIES OF GOD INC,PHOENIX,AZ,02199900,www.aicag.edu,,,
103787,2005,2013,American Indian College of the Assemblies of God Inc,Phoenix,AZ,02199900,www.aicag.edu/,,,
103787,2014,2016,American Indian College Inc,Phoenix,AZ,02199900,www.aicag.edu/,,,
103945,2002,2002,COLLEGE AMERICA,FLAGSTAFF,AZ,03120300,,,,
103945,2003,2004,COLLEGE AMERICA,Flagstaff,AZ,03120300,www.collegeamerica.edu,,,
103945,2005,2009,College America,Flagstaff,AZ,03120300,www.collegeamerica.edu,,,
103945,2010,2013,College America-Flagstaff,Flagstaff,AZ,03120300,www.collegeamerica.edu,,,
103945,2014,2020,CollegeAmerica-Flagstaff,Flagstaff,AZ,03120300,www.collegeamerica.edu/,02/08/2021,,2020
104151,2002,2003,ARIZONA STATE UNIVERSITY-MAIN CAMPUS,TEMPE,AZ,00108100,www.asu.edu,,,
104151,2004,2004,ARIZONA STATE UNIVERSITY AT THE TEMPE CAMPUS,TEMPE,AZ,00108100,www.asu.edu,,,
104151,2005,2007,Arizona State University at the Tempe Campus,Tempe,AZ,00108100,www.asu.edu,,,
104151,2008,2012,Arizona State University,Tempe,AZ,00108100,www.asu.edu/,,,
104151,2013,2019,Arizona State University-Tempe,Tempe,AZ,00108100,www.asu.edu/,,,
104151,2020,2023,Arizona State University Campus Immersion,Tempe,AZ,00108100,www.asu.edu/,,,
104188,2002,2004,THE ART CENTER DESIGN COLLEGE-TUCSON,TUCSON,AZ,02491500,www.theartcenter.EDU,,,
104188,2005,2010,The Art Center Design College-Tucson,Tucson,AZ,02491500,www.theartcenter.edu,,,
104188,2011,2021,Southwest University of Visual Arts-Tucson,Tucson,AZ,02491500,www.suva.edu/,11/30/2020,,2021
105367,2002,2002,OTTAWA UNIVERSITY-PHOENIX,PHOENIX,AZ,00193701,www.ottawa.edu,,,
105367,2003,2004,OTTAWA UNIVERSITY-PHOENIX,Phoenix,AZ,00193701,www.ottawa.edu,,,
105367,2005,2022,Ottawa University-Phoenix,Phoenix,AZ,00193701,www.ottawa.edu/,,,
105516,2002,2003,UNIVERSITY OF PHOENIX-PHOENIX CAMPUS,PHOENIX,AZ,02098800,www.phoenix.edu/phoenix,,,
105516,2004,2004,UNIVERSITY OF PHOENIX-PHOENIX CAMPUS,Phoenix,AZ,02098800,www.phoenix.edu/,,,
105516,2005,2011,University of Phoenix-Phoenix-Hohokam Campus,Phoenix,AZ,02098800,www.phoenix.edu,,,
105516,2012,2013,University of Phoenix-Phoenix Campus,Tempe,AZ,02098800,www.phoenix.edu,,,
105516,2014,2014,University of Phoenix-Phoenix Campus,,AZ,02098800,,,484613,2014
106102,2002,2004,WESTERN INTERNATIONAL UNIVERSITY,PHOENIX,AZ,02171500,www.wintu.edu,,,
106102,2005,2012,Western International University,Phoenix,AZ,02171500,www.west.edu,,,
106102,2013,2018,Western International University,Tempe,AZ,02171500,www.west.edu,02/12/2019,,2018
107318,2002,2004,MID-SOUTH COMMUNITY COLLEGE,WEST MEMPHIS,AR,02348200,www.midsouthcc.edu,,,
107318,2005,2014,Mid-South Community College,West Memphis,AR,02348200,www.midsouthcc.edu,,,
107318,2015,2023,Arkansas State University Mid-South,West Memphis,AR,02348200,www.asumidsouth.edu/,,,
107521,2002,2004,OUACHITA TECHNICAL COLLEGE,MALVERN,AR,00997600,www.otcweb.edu,,,
107521,2005,2010,Ouachita Technical College,Malvern,AR,00997600,www.otcweb.edu,,,
107521,2011,2018,College of the Ouachitas,Malvern,AR,00997600,www.coto.edu,,,
107521,2019,2023,Arkansas State University Three Rivers,Malvern,AR,00997600,www.asutr.edu/,,,
107725,2002,2004,UNIVERSITY OF ARKANSAS COMMUNITY COLLEGE-HOPE,HOPE,AR,00573200,www.uacch.edu,,,
107725,2005,2018,University of Arkansas Community College-Hope,Hope,AR,00573200,www.uacch.edu,,,
107725,2019,2023,University of Arkansas Hope-Texarkana,Hope,AR,00573200,www.uaht.edu/,,,
109086,2002,2004,AMERICAN CONSERVATORY THEATER,SAN FRANCISCO,CA,02099200,www.act-sf.org,,,
109086,2005,2022,American Conservatory Theater,San Francisco,CA,02099200,www.act-sf.org/,05/27/2022,,2022
109350,2002,2004,ANTELOPE VALLEY COLLEGE,LANCASTER,CA,00111300,www.avc.edu,,,
109350,2005,2020,Antelope Valley College,Lancaster,CA,00111300,www.avc.edu/,,,
109350,2021,2023,Antelope Valley Community College District,Lancaster,CA,00111300,www.avc.edu/,,,
110060,2002,2004,BETHESDA CHRISTIAN UNIVERSITY,ANAHEIM,CA,03266300,www.bcu.edu,,,
110060,2005,2010,Bethesda Christian University,Anaheim,CA,03266300,www.bcu.edu,,,
110060,2011,2013,Bethesda University of California,Anaheim,CA,03266300,www.buc.edu,,,
110060,2014,2023,Bethesda University,Anaheim,CA,03266300,www.buc.edu/,,,
110219,2002,2004,BRYAN COLLEGE OF COURT REPORTING,LOS ANGELES,CA,00716400,www.bryancollege.edu,,,
110219,2005,2009,Bryan College,Los Angeles,CA,00716400,www.bryancollege.edu,,,
110219,2010,2010,Bryan College-Los Angeles,Los Angeles,CA,00716400,www.bryancollege.edu,,,
110219,2011,2016,Bryan University,Los Angeles,CA,00716400,bryanuniversity.edu,,,
110219,2017,2023,Bryan University,Tempe,AZ,00716400,bryanuniversity.edu/,,,
110918,2002,2004,CALIFORNIA CHRISTIAN COLLEGE,FRESNO,CA,00884400,www.calchristiancollege.org,,,
110918,2005,2023,California Christian College,Fresno,CA,00884400,www.calchristiancollege.edu/,06/25/2023,,2023
111188,2002,2004,CALIFORNIA MARITIME ACADEMY,VALLEJO,CA,00113400,www.csum.edu,,,
111188,2005,2013,California Maritime Academy,Vallejo,CA,00113400,www.csum.edu,,,
111188,2014,2015,The California Maritime Academy,Vallejo,CA,00113400,https://www.csum.edu,,,
111188,2016,2023,California State University Maritime Academy,Vallejo,CA,00113400,https://www.csum.edu/,,,
112394,2002,2004,COGSWELL POLYTECHNICAL COLLEGE,SUNNYVALE,CA,00117700,www.cogswell.edu,,,
112394,2005,2010,Cogswell Polytechnical College,Sunnyvale,CA,00117700,www.cogswell.edu,,,
112394,2011,2014,Cogswell College,Sunnyvale,CA,00117700,www.cogswell.edu,,,
112394,2015,2019,Cogswell College,San Jose,CA,00117700,www.cogswell.edu,,,
112394,2020,2020,Cogswell University of Silicon Valley,San Jose,CA,00117700,https://cogswell.edu/,,,
112394,2021,2023,University of Silicon Valley,San Jose,CA,00117700,https://usv.edu/,,,
112446,2002,2004,COLEMAN COLLEGE,LA MESA,CA,00729600,www.coleman.edu,,,
112446,2005,2007,Coleman College,San Diego,CA,00729600,www.coleman.edu,,,
112446,2008,2017,Coleman University,San Diego,CA,00729600,www.coleman.edu,,,
112570,2002,2004,COLUMBIA COLLEGE-HOLLYWOOD,TARZANA,CA,02110200,WWW.COLUMBIACOLLEGE.EDU,,,
112570,2005,2009,Columbia College Hollywood,Tarzana,CA,02110200,WWW.COLUMBIACOLLEGE.EDU,,,
112570,2010,2010,Columbia College-Hollywood,Tarzana,CA,02110200,WWW.COLUMBIACOLLEGE.EDU,,,
112570,2011,2012,Columbia College Hollywood,Tarzana,CA,02110200,www.columbiacollege.edu,,,
112570,2013,2016,Columbia College-Hollywood,Tarzana,CA,02110200,https://www.columbiacollege.edu,,,
112570,2017,2022,Columbia College Hollywood,Tarzana,CA,02110200,https://www.columbiacollege.edu/,,,
112570,2023,2023,California College of ASU,Los Angeles,CA,02110200,https://www.columbiacollege.edu/,,,
112686,2002,2004,COMPTON COMMUNITY COLLEGE,COMPTON,CA,00118800,www.compton.cc.ca.us,,,
112686,2005,2005,Compton Community College,Compton,CA,00118800,www.compton.cc.ca.us,,,
112686,2006,2017,El Camino College-Compton Center,Compton,CA,00119701,www.compton.edu,,,
112686,2018,2018,Compton College,Compton,CA,00119701,www.compton.edu,,,
112686,2019,2023,Compton College,Compton,CA,04281700,www.compton.edu/,,,
113537,2002,2002,DELL'ARTE SCHOOL OF PHYSICAL THEATRE,BLUE LAKE,CA,03025600,www.dellarte.com,,,
113537,2003,2004,DELL'ARTE INTERNATIONAL SCHOOL OF PHYSICAL THEATRE,BLUE LAKE,CA,03025600,www.dellarte.com,,,
113537,2005,2023,Dell'Arte International School of Physical Theatre,Blue Lake,CA,03025600,www.dellarte.com/school,,,
114372,2002,2004,FASHION CAREERS OF CALIFORNIA,SAN DIEGO,CA,02234300,www.fashioncollege.com,,,
114372,2005,2013,Fashion Careers College,San Diego,CA,02234300,www.fashioncollege.com,01/31/2013,,2013
115755,2002,2004,HUMBOLDT STATE UNIVERSITY,ARCATA,CA,00114900,www.humboldt.edu,,,
115755,2005,2020,Humboldt State University,Arcata,CA,00114900,www.humboldt.edu/,,,
115755,2021,2023,California State Polytechnic University-Humboldt,Arcata,CA,00114900,www.humboldt.edu/,,,
118541,2002,2004,MARYMOUNT COLLEGE,RANCHO PALOS VERDES,CA,01047400,www.marymountpv.edu,,,
118541,2005,2012,Marymount College,Rancho Palos Verdes,CA,01047400,www.marymountpv.edu,,,
118541,2013,2022,Marymount California University,Rancho Palos Verdes,CA,01047400,www.marymountcalifornia.edu/,,,
118888,2002,2004,MILLS COLLEGE,OAKLAND,CA,00123800,www.mills.edu,,,
118888,2005,2021,Mills College,Oakland,CA,00123800,https://www.mills.edu/,,,
118888,2022,2022,Mills College at Northeastern University,Oakland,CA,00219917,https://www.mills.edu/,,167358,2022
118888,2023,2023,Northeastern University Oakland,Oakland,CA,00219917,https://oakland.northeastern.edu/,,,
119544,2002,2004,THE NATIONAL HISPANIC UNIVERSITY,SAN JOSE,CA,02518400,www.nhu.edu,,,
119544,2005,2015,The National Hispanic University,San Jose,CA,02518400,www.nhu.edu,06/28/2015,,2015
120838,2002,2004,PACIFIC STATES UNIVERSITY,LOS ANGELES,CA,03163300,www.psuca.edu,,,
120838,2005,2023,Pacific States University,Los Angeles,CA,03163300,www.psuca.edu/,,,
121275,2002,2004,PLATT COLLEGE-SAN DIEGO,SAN DIEGO,CA,02304300,www.platt.edu,,,
121275,2005,2023,Platt College-San Diego,San Diego,CA,02304300,www.platt.edu/,06/28/2023,,2023
122366,2002,2004,SAN DIEGO GOLF ACADEMY,VISTA,CA,02208700,www.sdgagolf.com,,,
122366,2005,2006,San Diego Golf Academy,Vista,CA,02208700,www.sdgagolf.com,,,
122366,2007,2007,San Diego Golf Academy,Carlsbad,CA,03010611,www.sdgagolf.com,,,
122366,2008,2009,Golf Academy of America,Carlsbad,CA,03010611,www.golfacademy.edu,,,
122366,2010,2015,Golf Academy of America-Carlsbad,Carlsbad,CA,03010611,www.golfacademy.edu,,,
122366,2016,2018,Golf Academy of America-San Diego,Carlsbad,CA,03010611,www.golfacademy.edu,12/14/2018,,2018
122454,2002,2004,SAN FRANCISCO ART INSTITUTE,SAN FRANCISCO,CA,00394800,www.sfai.edu,,,
122454,2005,2022,San Francisco Art Institute,San Francisco,CA,00394800,www.sfai.edu/,07/15/2022,,2022
122658,2002,2004,SAN JOAQUIN DELTA COLLEGE,STOCKTON,CA,00128000,www.deltacollege.edu,,,
122658,2005,2023,San Joaquin Delta College,Stockton,CA,00128000,www.deltacollege.edu/,,,
122834,2002,2004,SANTA BARBARA BUSINESS COLLEGE,BAKERSFIELD,CA,02577900,sbbcollege.com,,,
122834,2005,2009,Santa Barbara Business College,Bakersfield,CA,02577900,sbbcollege.edu,,,
122834,2010,2022,Santa Barbara Business College-Bakersfield,Bakersfield,CA,02577900,sbbcollege.edu/,,,
122852,2002,2004,SANTA BARBARA BUSINESS COLLEGE-SANTA MARIA BRANCH,SANTA MARIA,CA,02578000,sbbcollege.com,,,
122852,2005,2006,Santa Barbara Business College-Santa Maria Branch,Santa Maria,CA,02578000,sbbcollege.edu,,,
122852,2007,2009,Santa Barbara Business College,Santa Maria,CA,02578000,sbbcollege.edu,,,
122852,2010,2021,Santa Barbara Business College-Santa Maria,Santa Maria,CA,02578000,sbbcollege.edu/,08/01/2021,,2021
124487,2002,2004,TRINITY LIFE BIBLE COLLEGE,SACRAMENTO,CA,03403300,tlbc.edu,,,
124487,2005,2009,Trinity Life Bible College,Sacramento,CA,03403300,tlbc.edu,,,
124487,2010,2020,Epic Bible College,Sacramento,CA,03403300,epic.edu/,,,
124487,2021,2023,Epic Bible College & Graduate School,Sacramento,CA,03403300,epic.edu/,,,
125462,2002,2004,WEST HILLS COMMUNITY COLLEGE,COALINGA,CA,00117600,www.westhillscollege.com,,,
125462,2005,2005,West Hills Community College,Coalinga,CA,00117600,www.westhillscollege.com,,,
125462,2006,2009,West Hills College-Coalinga,Coalinga,CA,00117600,www.westhillscollege.com,,,
125462,2010,2012,West Hills College Coalinga,Coalinga,CA,00117600,www.westhillscollege.com,,,
125462,2013,2022,West Hills College-Coalinga,Coalinga,CA,00117600,https://www.westhillscollege.com/coalinga/,,,
125462,2023,2023,Coalinga College,Coalinga,CA,00117600,https://www.westhillscollege.com/coalinga/,,,
126410,2002,2004,BOULDER COLLEGE OF MASSAGE THERAPY,BOULDER,CO,03013100,www.bcmt.org,,,
126410,2005,2013,Boulder College of Massage Therapy,Boulder,CO,03013100,www.bcmt.org,06/14/2013,,2013
126562,2002,2003,UNIVERSITY OF COLORADO AT DENVER,DENVER,CO,00674000,www.cudenver.edu,,,
126562,2004,2004,UNIVERSITY OF COLORADO AT DENVER,DENVER,CO,00450824,www.cudenver.edu,,,
126562,2005,2006,University of Colorado at Denver and Health Sciences Center,Denver,CO,00450800,www.ucdhsc.edu/,,,
126562,2007,2014,University of Colorado Denver,Denver,CO,00450800,www.ucdenver.edu/,,,
126562,2015,2023,University of Colorado Denver/Anschutz Medical Campus,Denver,CO,00450800,www.ucdenver.edu/,,,
126605,2002,2003,WESTWOOD COLLEGE OF AVIATION TECHNOLOGY-DENVER,BROOMFIELD,CO,00729700,www.westwood.edu,,,
126605,2004,2004,WESTWOOD COLLEGE OF AVIATION-DENVER,BROOMFIELD,CO,00729700,www.westwood.edu,,,
126605,2005,2015,Redstone College,Broomfield,CO,00729700,www.redstone.edu,,,
126605,2016,2023,Spartan College of Aeronautics and Technology,Broomfield,CO,00729700,www.spartan.edu/,,,
126827,2002,2004,COLORADO TECHNICAL UNIVERSITY,COLORADO SPRINGS,CO,01014800,www.coloradotech.edu,,,
126827,2005,2009,Colorado Technical University,Colorado Springs,CO,01014800,www.coloradotech.edu,,,
126827,2010,2023,Colorado Technical University-Colorado Springs,Colorado Springs,CO,01014800,www.coloradotech.edu/Colorado-Springs,,,
126872,2002,2004,COLLEGE AMERICA-DENVER,DENVER,CO,02594300,www.collegeamerica.edu,,,
126872,2005,2013,College America-Denver,Denver,CO,02594300,www.collegeamerica.edu,,,
126872,2014,2020,CollegeAmerica-Denver,Denver,CO,02594300,www.collegeamerica.edu/,09/13/2020,,2020
126924,2002,2004,DENVER ACADEMY OF COURT REPORTING-MAIN CAMPUS,Westminster,CO,02188700,dacr.org,,,
126924,2005,2007,Denver Academy of Court Reporting-Main Campus,Westminster,CO,02188700,dacr.org,,,
126924,2008,2010,Denver Academy of Court Reporting,Westminster,CO,02188700,www.denveracademy.edu/,,,
126924,2011,2012,Prince Institute-Rocky Mountains,Westminster,CO,02188700,www.princeinstitute.edu,,,
126924,2013,2015,Prince Institute-Rocky Mountains,Westminster,CO,02296004,www.princeinstitute.edu,06/14/2014,,2015
127680,2002,2004,NATIONAL AMERICAN UNIVERSITY-COLORADO SPRINGS,COLORADO SPRINGS,CO,00405702,www.national.edu,,,
127680,2005,2018,National American University-Colorado Springs,Colorado Springs,CO,00405702,www.national.edu/locations/campuses/colorado-springs/,11/30/2018,,2018
127699,2002,2003,NATIONAL AMERICAN UNIVERSITY,DENVER,CO,00405703,www.national.edu,,,
127699,2004,2004,NATIONAL AMERICAN UNIVERSITY-DENVER,DENVER,CO,00405703,www.national.edu,,,
127699,2005,2016,National American University-Denver,Denver,CO,00405703,www.national.edu,11/30/2015,,2016
127820,2002,2004,PIKES PEAK COMMUNITY COLLEGE,COLORADO SPRINGS,CO,00889600,www.ppcc.edu,,,
127820,2005,2021,Pikes Peak Community College,Colorado Springs,CO,00889600,www.ppcc.edu/,,,
127820,2022,2023,Pikes Peak State College,Colorado Springs,CO,00889600,https://www.pikespeak.edu/,,,
128258,2002,2004,TRINIDAD STATE JUNIOR COLLEGE,TRINIDAD,CO,00136800,www.trinidadstate.edu,,,
128258,2005,2020,Trinidad State Junior College,Trinidad,CO,00136800,www.trinidadstate.edu/,,,
128258,2021,2023,Trinidad State College,Trinidad,CO,00136800,www.trinidadstate.edu/,,,
128391,2002,2004,WESTERN STATE COLLEGE OF COLORADO,GUNNISON,CO,00137200,www.western.edu,,,
128391,2005,2011,Western State College of Colorado,Gunnison,CO,00137200,www.western.edu,,,
128391,2012,2018,Western State Colorado University,Gunnison,CO,00137200,www.western.edu,,,
128391,2019,2023,Western Colorado University,Gunnison,CO,00137200,www.western.edu/,,,
128577,2002,2004,ASNUNTUCK COMMUNITY COLLEGE,ENFIELD,CT,01115000,www.acc.commnet.edu,,,
128577,2005,2022,Asnuntuck Community College,Enfield,CT,01115000,www.asnuntuck.edu/,,,
128577,2023,2023,Asnuntuck Community College,Enfield,CT,00763501,www.asnuntuck.edu/,,129367,2023
128683,2002,2004,BRIARWOOD COLLEGE,SOUTHINGTON,CT,00940700,www.briarwood.edu,,,
128683,2005,2009,Briarwood College,Southington,CT,00940700,www.briarwood.edu,,,
128683,2010,2018,Lincoln College of New England-Southington,Southington,CT,00940700,www.lincolncollegene.edu,12/20/2018,,2018
129367,2002,2004,CAPITAL COMMUNITY COLLEGE,HARTFORD,CT,00763500,www.ccc.commnet.edu,,,
129367,2005,2022,Capital Community College,Hartford,CT,00763500,www.ccc.commnet.edu/,,,
129367,2023,2023,Connecticut State Community College,Hartford,CT,00763500,https://ctstate.edu/,,,
129543,2002,2004,HOUSATONIC COMMUNITY COLLEGE,BRIDGEPORT,CT,00451300,www.hcc.commnet.edu,,,
129543,2005,2022,Housatonic Community College,Bridgeport,CT,00451300,housatonic.edu/,,,
129543,2023,2023,Connecticut State Community College Housatonic,Bridgeport,CT,00763508,https://ctstate.edu/housatonic,,129367,2023
129686,2002,2004,LYME ACADEMY COLLEGE OF FINE ARTS,OLD LYME,CT,03079400,www.lymeacademy.edu,,,
129686,2005,2014,Lyme Academy College of Fine Arts,Old Lyme,CT,03079400,www.lymeacademy.edu,,,
129686,2015,2015,Lyme Academy College of Fine Arts,Old Lyme,CT,00139716,,,129941,2015
129695,2002,2004,MANCHESTER COMMUNITY COLLEGE,MANCHESTER,CT,00139200,www.mctc.commnet.edu/,,,
129695,2005,2022,Manchester Community College,Manchester,CT,00139200,www.manchestercc.edu/,,,
129695,2023,2023,Manchester Community College,Manchester,CT,00763510,www.manchestercc.edu/,,129367,2023
129729,2002,2004,NAUGATUCK VALLEY COMMUNITY COLLEGE,WATERBURY,CT,00698200,www.nvcc.commnet.edu,,,
129729,2005,2022,Naugatuck Valley Community College,Waterbury,CT,00698200,https://nv.edu/,,,
129729,2023,2023,Naugatuck Valley Community College,Waterbury,CT,00763511,https://nv.edu/,,129367,2023
129756,2002,2004,MIDDLESEX COMMUNITY COLLEGE,MIDDLETOWN,CT,00803800,www.mxcc.commnet.edu,,,
129756,2005,2022,Middlesex Community College,Middletown,CT,00803800,www.mxcc.edu/,,,
129756,2023,2023,Middlesex Community College,Middletown,CT,00763509,www.mxcc.edu/,,129367,2023
129808,2002,2004,THREE RIVERS COMMUNITY COLLEGE,NORWICH,CT,00976500,www.trcc.commnet.edu,,,
129808,2005,2022,Three Rivers Community College,Norwich,CT,00976500,https://www.threerivers.edu/,,,
129808,2023,2023,Three Rivers Community College,Norwich,CT,00763517,https://www.threerivers.edu/,,129367,2023
129941,2002,2004,UNIVERSITY OF NEW HAVEN,WEST HAVEN,CT,00139700,www.newhaven.edu,,,
129941,2005,2023,University of New Haven,West Haven,CT,00139700,www.newhaven.edu/,,,
130004,2002,2003,NORWALK COMMUNITY COLLEGE,NORWALK,CT,00139900,www.ncc.commnet.edu,,,
130004,2004,2004,NORWALK COMMUNITY COLLEGE,Norwalk,CT,00139900,www.ncc.commnet.edu,,,
130004,2005,2022,Norwalk Community College,Norwalk,CT,00139900,https://norwalk.edu/,,,
130004,2023,2023,Connecticut State Community College Norwalk,Norwalk,CT,00763514,https://ctstate.edu/,,129367,2023
130040,2002,2004,NORTHWESTERN CONNECTICUT COMMUNITY COLLEGE,WINSTED,CT,00139800,www.nwcc.commnet.edu,,,
130040,2005,2022,Northwestern Connecticut Community College,Winsted,CT,00139800,www.nwcc.commnet.edu/,,,
130040,2023,2023,Northwestern Connecticut Community College,Winsted,CT,00763513,www.nwcc.commnet.edu/,,129367,2023
130183,2002,2003,TEIKYO POST UNIVERSITY,WATERBURY,CT,00140100,www.teikyopost.edu,,,
130183,2004,2004,POST UNIVERSITY,WATERBURY,CT,00140100,www.post.edu,,,
130183,2005,2023,Post University,Waterbury,CT,00140100,www.post.edu/,,,
130217,2002,2004,QUINEBAUG VALLEY COMMUNITY COLLEGE,DANIELSON,CT,01053000,www.qvcc.commnet.edu,,,
130217,2005,2022,Quinebaug Valley Community College,Danielson,CT,01053000,https://qvcc.edu/,,,
130217,2023,2023,Quinebaug Valley Community College,Danielson,CT,00763515,https://qvcc.edu/,,129367,2023
130253,2002,2004,SACRED HEART UNIVERSITY,FAIRFIELD,CT,00140300,www.sacredheart.edu,,,
130253,2005,2023,Sacred Heart University,Fairfield,CT,00140300,https://www.sacredheart.edu/,,,
130396,2002,2004,GATEWAY COMMUNITY COLLEGE,NEW HAVEN,CT,00803700,www.gwctc.commnet.edu,,,
130396,2005,2022,Gateway Community College,New Haven,CT,00803700,www.gatewayct.edu/,,,
130396,2023,2023,Connecticut State Community College Gateway,New Haven,CT,00763506,https://ctstate.edu/gateway,,129367,2023
130448,2002,2004,ST VINCENT'S COLLEGE,BRIDGEPORT,CT,00619100,www.stvincentscollege.edu,,,
130448,2005,2018,St Vincent's College,Bridgeport,CT,00619100,www.stvincentscollege.edu,,130253,2018
130606,2002,2004,TUNXIS COMMUNITY COLLEGE,FARMINGTON,CT,00976400,Tunxis.Commnet.Edu,,,
130606,2005,2022,Tunxis Community College,Farmington,CT,00976400,www.tunxis.edu/,,,
130606,2023,2023,Connecticut State Community College Tunxis,Farmington,CT,00763519,www.tunxis.edu/,,129367,2023
130934,2002,2004,DELAWARE STATE UNIVERSITY,Dover,DE,00142800,www.desu.edu,,,
130934,2005,2023,Delaware State University,Dover,DE,00142800,www.desu.edu/,,,
131098,2002,2004,WESLEY COLLEGE,DOVER,DE,00143300,www.wesley.edu,,,
131098,2005,2021,Wesley College,Dover,DE,00143300,www.wesley.edu/,01/01/2022,,2021
131803,2002,2004,STRAYER UNIVERSITY-WASHINGTON CAMPUS,WASHINGTON,DC,00145900,www.strayer.edu,,,
131803,2005,2005,Strayer University-Washington Campus,Washington,DC,00145900,www.strayer.edu,,,
131803,2006,2009,Strayer University,Washington,DC,00145900,www.strayer.edu,,,
131803,2010,2023,Strayer University-District of Columbia,Washington,DC,00145900,www.strayer.edu/campus-locations/district-columbia/washington,,,
132806,2002,2002,CAREER TRAINING INSTITUTE,ORLANDO,FL,02245500,www.Careertraininginstitute.net,,,
132806,2003,2004,CENTRAL FLORIDA COLLEGE,Winter Park,FL,02245500,-1,,,
132806,2005,2009,Central Florida College,Winter Park,FL,02245500,www.centralfloridacollege.edu,,,
132806,2010,2016,Fortis College-Winter Park,Winter Park,FL,02245500,www.fortis.edu,11/15/2016,,2016
132842,2002,2004,CARLOS ALBIZU UNIVERSITY-MIAMI CAMPUS,Miami,FL,01072401,www.mia.albizu.edu,,,
132842,2005,2009,Carlos Albizu University-Miami Campus,Miami,FL,01072401,www.mia.albizu.edu,,,
132842,2010,2019,Carlos Albizu University-Miami,Miami,FL,01072401,www.albizu.edu,,,
132842,2020,2023,Albizu University-Miami,Miami,FL,01072401,https://www.albizu.edu/,,,
133711,2002,2004,FLAGLER COLLEGE,ST AUGUSTINE,FL,00789300,www.flagler.edu,,,
133711,2005,2009,Flagler College,Saint Augustine,FL,00789300,www.flagler.edu,,,
133711,2010,2019,Flagler College-St Augustine,Saint Augustine,FL,00789300,https://www.flagler.edu,,,
133711,2020,2023,Flagler College,Saint Augustine,FL,00789300,https://www.flagler.edu/,,,
133872,2002,2004,FLORIDA HOSPITAL COLLEGE OF HEALTH SCIENCES,ORLANDO,FL,03115500,www.fhchs.edu,,,
133872,2005,2011,Florida Hospital College of Health Sciences,Orlando,FL,03115500,www.fhchs.edu,,,
133872,2012,2017,Adventist University of Health Sciences,Orlando,FL,03115500,www.adu.edu,,,
133872,2018,2023,AdventHealth University,Orlando,FL,03115500,www.ahu.edu/,,,
133997,2002,2002,FLORIDA COMPUTER COLLEGE,MIAMI,FL,02305800,www.floridacomputer.com,,,
133997,2003,2004,FLORIDA CAREER COLLEGE,MIAMI,FL,02305800,www.careercollege.edu,,,
133997,2005,2009,Florida Career College,Miami,FL,02305800,www.careercollege.edu,,,
133997,2010,2023,Florida Career College-Miami,Miami,FL,02305800,https://www.floridacareercollege.edu/,,,
134811,2002,2002,INTERNATIONAL FINE ARTS COLLEGE,MIAMI,FL,00887800,,,,
134811,2003,2004,AI MIAMI INTERNATIONAL UNIVERSITY OF ART AND DESIGN,MIAMI,FL,00887800,www.aimiu.aii.edu,,,
134811,2005,2006,Ai Miami International University of Art and Design,Miami,FL,00887800,www.aimiu.aii.edu,,,
134811,2007,2023,AI Miami International University of Art and Design,Miami,FL,00887800,www.artinstitutes.edu/miami/,09/22/2023,,2023
135364,2002,2004,LUTHER RICE SEMINARY,LITHONIA,GA,03100900,www.lrs.edu,,,
135364,2005,2011,Luther Rice University,Lithonia,GA,03100900,www.lru.edu,,,
135364,2012,2015,Luther Rice University & Seminary,Lithonia,GA,03100900,www.LutherRice.edu,,,
135364,2016,2023,Luther Rice College & Seminary,Lithonia,GA,03100900,www.lutherrice.edu/,,,
135939,2002,2002,EDUCATION AMERICA-TAMPA TECHNICAL INSTITUTE,TAMPA,FL,00758600,www.tampatech.edu,,,
135939,2003,2004,REMINGTON COLLEGE-TAMPA CAMPUS,TAMPA,FL,00758600,WWW.REMINGTONCOLLEGE.EDU,,,
135939,2005,2012,Remington College-Tampa Campus,Tampa,FL,00758600,www.remingtoncollege.edu/tampa-technical-school-overview,,,
135939,2013,2016,Remington College-Tampa Campus,Tampa,FL,03026508,www.remingtoncollege.edu/tampa-technical-school-overview,04/07/2016,,2016
136066,2002,2004,NEW ENGLAND INSTITUTE OF TECHNOLOGY-PALM BEACH,WEST PALM BEACH,FL,02280800,newenglandtech.com,,,
136066,2005,2005,New England Institute of Technology-Palm Beach,West Palm Beach,FL,02280800,newenglandtech.com,,,
136066,2006,2009,Lincoln College of Technology,West Palm Beach,FL,02280800,www.lincolncollegeoftechnology.com,,,
136066,2010,2012,Lincoln College of Technology-West Palm Beach,West Palm Beach,FL,02280800,www.lincolntech.com,,,
136066,2013,2017,Lincoln College of Technology-West Palm Beach,West Palm Beach,FL,01246117,www.lincolnedu.com/campus/west-palm-beach-fl,03/23/2017,,2017
136075,2002,2003,WEBSTER TECH,TAMPA,FL,02305700,www.webstercollege.com,,,
136075,2004,2004,GULF COAST COLLEGE,TAMPA,FL,02305700,www.gulfcoastcollege.com,,,
136075,2005,2009,Gulf Coast College,Tampa,FL,02305700,gulfcoastcollege.edu,,,
136075,2010,2013,Fortis College-Tampa,Tampa,FL,02305700,fortis.edu,12/26/2013,,2013
136206,2002,2004,NORTHWOOD UNIVERSITY-FLORIDA EDUCATION CENTER,WEST PALM BEACH,FL,00407215,www.northwood.edu,,,
136206,2005,2009,Northwood University-Florida Education Center,West Palm Beach,FL,00407215,www.northwood.edu,,,
136206,2010,2015,Northwood University-Florida,West Palm Beach,FL,00407215,www.northwood.edu,12/31/2015,,2015
136400,2002,2004,PASCO-HERNANDO COMMUNITY COLLEGE,New Port Richey,FL,01065200,www.phcc.edu,,,
136400,2005,2013,Pasco-Hernando Community College,New Port Richey,FL,01065200,www.phcc.edu,,,
136400,2014,2023,Pasco-Hernando State College,New Port Richey,FL,01065200,https://www.phsc.edu/,,,
137315,2002,2004,SOUTH FLORIDA COMMUNITY COLLEGE,AVON PARK,FL,00152200,www.southflorida.edu,,,
137315,2005,2011,South Florida Community College,Avon Park,FL,00152200,www.southflorida.edu,,,
137315,2012,2023,South Florida State College,Avon Park,FL,00152200,www.southflorida.edu/,,,
137351,2002,2004,UNIVERSITY OF SOUTH FLORIDA,TAMPA,FL,00153700,www.usf.edu,,,
137351,2005,2008,University of South Florida,Tampa,FL,00153700,www.usf.edu,,,
137351,2009,2019,University of South Florida-Main Campus,Tampa,FL,00153700,www.usf.edu,,,
137351,2020,2023,University of South Florida,Tampa,FL,00153700,www.usf.edu/,,,
137537,2002,2004,STENOTYPE INSTITUTE OF JACKSONVILLE INC,JACKSONVILLE,FL,00841700,-1,,,
137537,2005,2009,Stenotype Institute of Jacksonville Inc,Jacksonville,FL,00841700,courtreportingjax.com,,,
137537,2010,2015,Stenotype Institute of Jacksonville Inc-Jacksonville,Jacksonville,FL,00841700,www.stenotype.edu,03/15/2016,,2015
137759,2002,2004,TALLAHASSEE COMMUNITY COLLEGE,TALLAHASSEE,FL,00153300,www.tcc.fl.edu,,,
137759,2005,2023,Tallahassee Community College,Tallahassee,FL,00153300,www.tcc.fl.edu/,,,
138558,2002,2004,ABRAHAM BALDWIN AGRICULTURAL COLLEGE,TIFTON,GA,00154100,www.abac.edu,,,
138558,2005,2023,Abraham Baldwin Agricultural College,Tifton,GA,00154100,https://www.abac.edu/,,,
138691,2002,2004,DARTON COLLEGE,ALBANY,GA,00154300,www.darton.edu,,,
138691,2005,2011,Darton College,Albany,GA,00154300,www.darton.edu,,,
138691,2012,2017,Darton State College,Albany,GA,00154300,www.darton.edu,,138716,2017
138716,2002,2004,ALBANY STATE UNIVERSITY,ALBANY,GA,00154400,asuweb.asurams.edu/asu/,,,
138716,2005,2023,Albany State University,Albany,GA,00154400,https://www.asurams.edu/,,,
138901,2002,2004,ATLANTA METROPOLITAN COLLEGE,ATLANTA,GA,01216500,www.atlm.peachnet.edu,,,
138901,2005,2011,Atlanta Metropolitan College,Atlanta,GA,01216500,www.atlm.edu,,,
138901,2012,2023,Atlanta Metropolitan State College,Atlanta,GA,01216500,https://www.atlm.edu/,,,
139010,2002,2004,BAINBRIDGE COLLEGE,BAINBRIDGE,GA,01107400,www.bainbridge.edu,,,
139010,2005,2012,Bainbridge College,Bainbridge,GA,01107400,www.bainbridge.edu,,,
139010,2013,2018,Bainbridge State College,Bainbridge,GA,01107400,www.bainbridge.edu/,,138558,2018
139074,2002,2004,BAUDER COLLEGE,ATLANTA,GA,01157400,www.bauder.edu,,,
139074,2005,2016,Bauder College,Atlanta,GA,01157400,www.bauder.edu/,02/23/2016,,2016
139287,2010,2018,Carver Bible College,Atlanta,GA,03635300,www.carver.edu,,,
139621,2002,2004,EAST GEORGIA COLLEGE,SWAINSBORO,GA,01099700,www.ega.edu,,,
139621,2005,2011,East Georgia College,Swainsboro,GA,01099700,www.ega.edu,,,
139621,2012,2023,East Georgia State College,Swainsboro,GA,01099700,https://www.ega.edu/,,,
139968,2002,2004,GORDON COLLEGE,BARNESVILLE,GA,00157500,www.gdn.edu,,,
139968,2005,2011,Gordon College,Barnesville,GA,00157500,www.gdn.edu,,,
139968,2012,2023,Gordon State College,Barnesville,GA,00157500,https://www.gordonstate.edu/,,,
140599,2002,2004,MOULTRIE TECHNICAL COLLEGE,MOULTRIE,GA,00525500,www.moultrietech.org,,,
140599,2005,2015,Moultrie Technical College,Moultrie,GA,00525500,www.moultrietech.edu,,487162,2015
141158,2002,2004,SOUTHWEST GEORGIA TECHNICAL COLLEGE,THOMASVILLE,GA,00561500,www.southwestgatech.edu,,,
141158,2005,2015,Southwest Georgia Technical College,Thomasville,GA,00561500,www.southwestgatech.edu/,,487162,2015
142179,2002,2002,EASTERN IDAHO TECHNICAL COLLEGE,IDAHO FALLS,ID,01113300,WWW.EITC.EDU,,,
142179,2003,2004,EASTERN IDAHO TECHNICAL COLLEGE,Idaho Falls,ID,01113300,www.eitc.edu,,,
142179,2005,2016,Eastern Idaho Technical College,Idaho Falls,ID,01113300,www.eitc.edu,,,
142179,2017,2023,College of Eastern Idaho,Idaho Falls,ID,01113300,www.cei.edu/,,,
145239,2002,2004,FOX COLLEGE INC,OAK LAWN,IL,02522800,www.foxcollege.edu,,,
145239,2005,2008,Fox College Inc,Oak Lawn,IL,02522800,www.foxcollege.edu,,,
145239,2009,2012,Fox College Inc,Bedford Park,IL,02522800,www.foxcollege.edu,,,
145239,2013,2020,Fox College,Bedford Park,IL,02522800,www.foxcollege.edu/,,,
145239,2021,2023,Fox College,Tinley Park,IL,02522800,www.foxcollege.edu/,,,
145707,2002,2003,ILLINOIS EASTERN COMMUNITY COLLS-OLNEY CTRL COLL,OLNEY,IL,00174200,www.iecc.edu/occ,,,
145707,2004,2004,ILLINOIS EASTERN COMMUNITY COLLEGES-OLNEY CENTRAL COLLEGE,OLNEY,IL,00174200,www.iecc.edu/occ,,,
145707,2005,2012,Illinois Eastern Community Colleges-Olney Central College,Olney,IL,00174200,www.iecc.edu/occ,,,
145707,2013,2023,Olney Central College,Olney,IL,00174200,https://www.iecc.edu/occ,,,
146393,2002,2003,KENDALL COLLEGE,EVANSTON,IL,00170300,www.kendall.edu,,,
146393,2004,2004,KENDALL COLLEGE,Chicago,IL,00170300,www.kendall.edu,,,
146393,2005,2018,Kendall College,Chicago,IL,00170300,www.nl.edu,,147536,2018
146676,2002,2004,LINCOLN COLLEGE,LINCOLN,IL,00170900,www.lincolncollege.edu,,,
146676,2005,2022,Lincoln College,Lincoln,IL,00170900,lincolncollege.edu/,,,
146816,2002,2004,MACCORMAC COLLEGE,CHICAGO,IL,00171600,www.maccormac.edu,,,
146816,2005,2021,MacCormac College,Chicago,IL,00171600,www.maccormac.edu/,,,
146816,2022,2023,Generations College,Chicago,IL,00171600,www.generations.edu/,,,
146825,2002,2004,MACMURRAY COLLEGE,JACKSONVILLE,IL,00171700,www.mac.edu,,,
146825,2005,2020,MacMurray College,Jacksonville,IL,00171700,www.mac.edu,07/01/2020,,2020
147129,2002,2004,METHODIST MEDICAL CENTER OF ILLINOIS-SCHOOL OF NUR,PEORIA,IL,00622800,-1,,,
147129,2005,2006,Methodist College of Nursing,Peoria,IL,00000002,methodistcollegeofnursing.com,,,
147129,2007,2011,Methodist College of Nursing,Peoria,IL,00622800,www.mcon.edu,,,
147129,2012,2023,Methodist College,Peoria,IL,00622800,www.methodistcol.edu/,,,
147165,2002,2002,MIDSTATE COLLEGE,PEORIA,IL,00456800,WWW.MIDSTATE.EDU,,,
147165,2003,2004,MIDSTATE COLLEGE,Peoria,IL,00456800,www.midstate.edu,,,
147165,2005,2019,Midstate College,Peoria,IL,00456800,www.midstate.edu,08/16/2019,,2019
147536,2002,2004,NATIONAL-LOUIS UNIVERSITY,CHICAGO,IL,00173300,www.nl.edu,,,
147536,2005,2010,National-Louis University,Chicago,IL,00173300,www.nl.edu,,,
147536,2011,2023,National Louis University,Chicago,IL,00173300,www.nl.edu/,,,
148335,2002,2004,ROBERT MORRIS COLLEGE,CHICAGO,IL,00174600,www.robertmorris.edu/,,,
148335,2005,2008,Robert Morris College,Chicago,IL,00174600,www.robertmorris.edu/,,,
148335,2009,2020,Robert Morris University Illinois,Chicago,IL,00174600,https://robertmorris.edu/,,148487,2020
148399,2002,2004,ROCKFORD BUSINESS COLLEGE,ROCKFORD,IL,00854500,www.rockfordbusinesscollege.edu,,,
148399,2005,2007,Rockford Business College,Rockford,IL,00854500,www.rockfordbusinesscollege.edu,,,
148399,2008,2012,Rockford Career College,Rockford,IL,00854500,www.rockfordcareercollege.edu,,,
148399,2013,2013,Madison Media Institute - Rockford Career College,Rockford,IL,01091303,www.rockfordcareercollege.edu,,,
148399,2014,2019,Madison Media Institute-Rockford Career College,Rockford,IL,01091303,www.rockfordcareercollege.edu,,,
148487,2002,2004,ROOSEVELT UNIVERSITY,CHICAGO,IL,00174900,www.roosevelt.edu,,,
148487,2005,2023,Roosevelt University,Chicago,IL,00174900,www.roosevelt.edu/,,,
149763,2002,2002,WEST SUBURBAN COLLEGE OF NURSING,OAK PARK,IL,00625000,www.wscn.edu,,,
149763,2003,2004,WEST SUBURBAN COLLEGE OF NURSING,OAK PARK,IL,02214100,www.wscn.edu,,,
149763,2005,2010,West Suburban College of Nursing,Oak Park,IL,02214100,www.resu.edu,,,
149763,2011,2012,Resurrection University,Oak Park,IL,02214100,www.resu.edu,,,
149763,2013,2020,Resurrection University,Chicago,IL,02214100,www.resu.edu/,,,
149763,2021,2023,Oak Point University,Oak Brook,IL,02214100,https://oakpoint.edu/,04/19/2024,,2024
150048,2002,2004,ANCILLA COLLEGE,DONALDSON,IN,00178400,www.ancilla.edu,,,
150048,2005,2021,Ancilla College,Donaldson,IN,00178400,https://www.ancilla.edu/,06/30/2021,,2021
150145,2002,2004,BETHEL COLLEGE,MISHAWAKA,IN,00178700,www.bethelcollege.edu,,,
150145,2005,2009,Bethel College,Mishawaka,IN,00178700,www.bethelcollege.edu,,,
150145,2010,2011,Bethel College-Mishawaka,Mishawaka,IN,00178700,www.bethelcollege.edu,,,
150145,2012,2018,Bethel College-Indiana,Mishawaka,IN,00178700,www.betheluniversity.edu,,,
150145,2019,2023,Bethel University,Mishawaka,IN,00178700,https://betheluniversity.edu/,,,
150978,2002,2004,IVY TECH STATE COLLEGE-NORTHCENTRAL,SOUTH BEND,IN,00842300,www.ivytech.edu/southbend/,,,
150978,2005,2011,Ivy Tech Community College-Northcentral,South Bend,IN,00842300,www.ivytech.edu/southbend/,,,
150987,2002,2004,IVY TECH STATE COLLEGE-CENTRAL INDIANA,INDIANAPOLIS,IN,00991700,www.ivytech.edu/indianapolis/,,,
150987,2005,2011,Ivy Tech Community College-Central Indiana,Indianapolis,IN,00991700,www.ivytech.edu/indianapolis/,,,
150987,2012,2023,Ivy Tech Community College,Indianapolis,IN,00991700,www.ivytech.edu/,,,
151005,2002,2004,IVY TECH STATE COLLEGE-EAST CENTRAL,MUNCIE,IN,00992400,www.ivytech.edu/muncie/,,,
151005,2005,2011,Ivy Tech Community College-East Central,Muncie,IN,00992400,www.ivytech.edu/muncie/,,,
151032,2002,2004,IVY TECH STATE COLLEGE-NORTHEAST,FT WAYNE,IN,00992600,www.ivytech.edu/fortwayne/,,,
151032,2005,2011,Ivy Tech Community College-Northeast,Fort Wayne,IN,00992600,www.ivytech.edu/fortwayne/,,,
151041,2002,2004,IVY TECH STATE COLLEGE-SOUTH CENTRAL,SELLERSBURG,IN,01010900,www.ivytech.edu/sellersburg/,,,
151041,2005,2011,Ivy Tech Community College-South Central,Sellersburg,IN,01010900,www.ivytech.edu/sellersburg/,,,
151050,2002,2004,IVY TECH STATE COLLEGE-SOUTHWEST,EVANSVILLE,IN,00992500,www.ivytech.edu/evansville/,,,
151050,2005,2011,Ivy Tech Community College-Southwest,Evansville,IN,00992500,www.ivytech.edu/evansville/,,,
151069,2002,2004,IVY TECH STATE COLLEGE-WABASH VALLEY,TERRE HAUTE,IN,00854700,www.ivytech.edu/terrehaute/,,,
151069,2005,2011,Ivy Tech Community College-Wabash Valley,Terre Haute,IN,00854700,www.goivytech.net,,,
151087,2002,2004,IVY TECH STATE COLLEGE-NORTHWEST,GARY,IN,01004000,www.gary.ivytech.edu,,,
151087,2005,2011,Ivy Tech Community College-Northwest,Gary,IN,01004000,www.ivytech.edu/northwest/,,,
151096,2002,2004,IVY TECH STATE COLLEGE-SOUTHEAST,MADISON,IN,00992300,www.ivytech.edu/madison/,,,
151096,2005,2011,Ivy Tech Community College-Southeast,Madison,IN,00992300,www.ivytech.edu/madison/,,,
151111,2002,2004,INDIANA UNIVERSITY-PURDUE UNIVERSITY-INDIANAPOLIS,INDIANAPOLIS,IN,00181300,www.iu.edu,,,
151111,2005,2022,Indiana University-Purdue University-Indianapolis,Indianapolis,IN,00181300,www.iupui.edu/,,,
151111,2023,2023,Indiana University-Indianapolis,Indianapolis,IN,00181300,https://indianapolis.iu.edu/,,,
151458,2002,2004,INTERNATIONAL BUSINESS COLLEGE,FT WAYNE,IN,00457900,intlbusinesscollege.edu,,,
151458,2005,2012,International Business College,Fort Wayne,IN,00457900,www.ibcfortwayne.edu,,,
151458,2013,2017,International Business College-Fort Wayne,Fort Wayne,IN,00457900,www.ibcfortwayne.edu,,,
151458,2018,2020,International Business College-Fort Wayne,Fort Wayne,IN,00457902,www.ibcfortwayne.edu,02/28/2020,,2020
152363,2002,2004,SAINT JOSEPHS COLLEGE,RENSSELAER,IN,00183300,www.saintjoe.edu,,,
152363,2005,2017,Saint Josephs College,Rensselaer,IN,00183300,www.saintjoe.edu,06/30/2017,,2017
152822,2002,2003,AMERICAN INSTITUTE OF BUSINESS,DES MOINES,IA,00396300,www.aib.edu,,,
152822,2004,2004,AIB COLLEGE OF BUSINESS,DES MOINES,IA,00396300,www.aib.edu,,,
152822,2005,2016,AIB College of Business,Des Moines,IA,00396300,www.aib.edu,06/30/2016,,2016
153427,2002,2004,HAMILTON TECHNICAL COLLEGE,DAVENPORT,IA,01206400,www.hamiltontechcollege.com,,,
153427,2005,2020,Hamilton Technical College,Davenport,IA,01206400,www.hamiltontechcollege.edu/,,,
153427,2021,2023,Orion Technical College,Davenport,IA,01206400,orion.edu/iowa,,,
153621,2002,2003,IOWA WESLEYAN COLLEGE,MT PLEASANT,IA,00187100,www.iwc.edu,,,
153621,2004,2004,IOWA WESLEYAN COLLEGE,Mount Pleasant,IA,00187100,www.iwc.edu,,,
153621,2005,2014,Iowa Wesleyan College,Mount Pleasant,IA,00187100,www.iwc.edu,,,
153621,2015,2023,Iowa Wesleyan University,Mount Pleasant,IA,00187100,https://www.iw.edu/,05/31/2023,,2023
153861,2002,2004,MAHARISHI UNIVERSITY OF MANAGEMENT,FAIRFIELD,IA,01111300,www.mum.edu,,,
153861,2005,2019,Maharishi University of Management,Fairfield,IA,01111300,https://www.mum.edu,,,
153861,2020,2023,Maharishi International University,Fairfield,IA,01111300,https://www.miu.edu/,,,
154837,2002,2004,CENTRAL BAPTIST THEOLOGICAL SEMINARY,KANSAS CITY,KS,00190700,www.cbts.edu,,,
154837,2005,2005,Central Baptist Theological Seminary,Kansas City,KS,00190700,www.cbts.edu,,,
154837,2006,2017,Central Baptist Theological Seminary,Shawnee,KS,00190700,cbts.edu/,,,
155593,2002,2004,NORTH CENTRAL KANSAS TECHNICAL COLLEGE,BELOIT,KS,00526500,www.ncktc.tec.ks.us,,,
155593,2005,2023,North Central Kansas Technical College,Beloit,KS,00526500,www.ncktc.edu/,,,
155618,2002,2004,NORTHWEST KANSAS TECHNICAL COLLEGE,GOODLAND,KS,00526700,www.nwktc.org,,,
155618,2005,2023,Northwest Kansas Technical College,Goodland,KS,00526700,www.nwktc.edu/,,,
155858,2002,2002,SEWARD COUNTY COMMUNITY COLLEGE,LIBERAL,KS,00822800,www.sccc.edu,,,
155858,2003,2004,SEWARD COUNTY COMMUNITY COLLEGE,Liberal,KS,00822800,www.sccc.edu,,,
155858,2005,2007,Seward County Community College,Liberal,KS,00822800,www.sccc.edu,,,
155858,2008,2015,Seward County Community College and Area Technical School,Liberal,KS,00822800,www.sccc.edu,,,
155858,2016,2023,Seward County Community College,Liberal,KS,00822800,sccc.edu/,,,
156134,2002,2004,WICHITA TECHNICAL INSTITUTE,WICHITA,KS,01050300,www.wti.edu,,,
156134,2005,2023,Wichita Technical Institute,Wichita,KS,01050300,www.wti.edu/,,,
156903,2002,2004,PADUCAH TECHNICAL COLLEGE,PADUCAH,KY,00842500,www.Paducahtech.edu,,,
156903,2005,2007,Paducah Technical College,Paducah,KY,00842500,www.Paducahtech.edu,,,
156903,2008,2015,Daymar College-Paducah Main,Paducah,KY,00842500,www.daymarcollege.edu/college/paducah,09/14/2015,,2015
157021,2002,2004,NATIONAL COLLEGE OF BUSINESS AND TECH-LEXINGTON,Lexington,KY,01048900,www.ncbt.edu,,,
157021,2005,2005,National College of Business and Technology-Lexington,Lexington,KY,01048900,www.ncbt.edu,,,
157021,2006,2010,National College-Lexington,Lexington,KY,01048900,www.national-college.edu,,,
157021,2011,2012,National College-Lexington,Lexington,KY,01048907,www.national-college.edu,,,
157021,2013,2014,National College-Lexington,Lexington,KY,01048900,www.national-college.edu,,,
157021,2015,2019,American National University-Lexington,Lexington,KY,01048900,https://www.an.edu/locations/,,,
157021,2020,2023,American National University-Pikeville,Pikeville,KY,01048900,https://www.an.edu/locations/,,,
157359,2002,2003,MID-CONTINENT COLLEGE,MAYFIELD,KY,02576200,www.midcontinent.edu,,,
157359,2004,2004,MID-CONTINENT UNIVERSITY,MAYFIELD,KY,02576200,www.midcontinent.edu,,,
157359,2005,2013,Mid-Continent University,Mayfield,KY,02576200,www.midcontinent.edu,,,
157359,2014,2014,Mid-Continent University,,KY,02576200,,06/30/2014,,2014
157465,2002,2004,DAYMAR COLLEGE,OWENSBORO,KY,00931300,www.daymarcollege.com,,,
157465,2005,2006,Daymar College,Owensboro,KY,00931300,www.daymarcollege.com,,,
157465,2007,2009,Daymar College-Owensboro Campus,Owensboro,KY,00931300,www.daymarcollege.edu,,,
157465,2010,2017,Daymar College-Owensboro,Owensboro,KY,00931300,www.daymarcollege.edu,,,
157632,2002,2004,SAINT CATHARINE COLLEGE,ST CATHARINE,KY,00198300,WWW.SCCKY.EDU,,,
157632,2005,2016,Saint Catharine College,Saint Catharine,KY,00198300,www.sccky.edu,07/31/2016,,2016
157863,2002,2004,UNION COLLEGE,BARBOURVILLE,KY,00198800,WWW.UNIONKY.EDU,,,
157863,2005,2023,Union College,Barbourville,KY,00198800,https://www.unionky.edu/,,,
158352,2002,2003,LOUISIANA TECHNICAL COLLEGE-BATON ROUGE CAMPUS,BATON ROUGE,LA,00548800,www.brti.tec.la.us,,,
158352,2004,2004,LOUISIANA TECHNICAL COLLEGE-BATON ROUGE CAMPUS,Baton Rouge,LA,00548800,www.brti.tec.la.us,,,
158352,2005,2009,Louisiana Technical College-Baton Rouge Campus,Baton Rouge,LA,00548800,www.region2.ltc.edu,,,
158352,2010,2012,Capital Area Technical College-Baton Rouge Campus,Baton Rouge,LA,00548800,www.catc.edu,,,
158352,2013,2017,Capital Area Technical College,Baton Rouge,LA,00548800,www.mybrcc.edu,,,
158723,2002,2004,DELTA SCHOOL OF BUSINESS AND TECHNOLOGY,LAKE CHARLES,LA,02055500,www.deltatech.edu,,,
158723,2005,2018,Delta School of Business and Technology,Lake Charles,LA,02055500,www.deltatech.edu,,,
158769,2002,2004,LOUISIANA TECHNICAL COLLEGE-DELTA-OUACHITA CAMPUS,WEST MONROE,LA,00548809,www.theltc.net,,,
158769,2005,2009,Louisiana Technical College-Delta-Ouachita Campus,West Monroe,LA,00548809,www.region8.ltc.edu,,,
158769,2010,2010,Northeast Louisiana Technical College-Delta Ouachita Campus,West Monroe,LA,00548809,myneltc.edu,,,
158769,2011,2011,Northeast Louisiana Technical College,West Monroe,LA,00548809,myneltc.edu,,,
158769,2012,2013,Northeast Louisiana Technical College,West Monroe,LA,00547100,ladelta.edu,,483212,2013
159443,2002,2004,LOUISIANA TECHNICAL COLLEGE-LAFAYETTE CAMPUS,LAFAYETTE,LA,00548818,www.theltc.net,,,
159443,2005,2009,Louisiana Technical College-Lafayette Campus,Lafayette,LA,00548818,www.ltc.edu/lafayette/default.html,,,
159443,2010,2011,Acadiana Technical College-Lafayette Campus,Lafayette,LA,00548818,www.acadiana.edu,,,
159443,2012,2012,Acadiana Technical College-Lafayette Campus,Lafayette,LA,02214800,www.acadiana.edu,,,
159443,2013,2013,Acadiana Technical College-Lafayette Campus,Lafayette,LA,03956317,www.solacc.edu/,,,
159443,2014,2014,Acadiana Technical College-Lafayette Campus,,LA,03956317,,,434061,2014
159568,2002,2004,LOUISIANA COLLEGE,PINEVILLE,LA,00200700,www.lacollege.edu,,,
159568,2005,2021,Louisiana College,Pineville,LA,00200700,www.lacollege.edu/,,,
159568,2022,2023,Louisiana Christian University,Pineville,LA,00200700,www.lcuniversity.edu/,,,
160065,2002,2004,OUR LADY OF HOLY CROSS COLLEGE,NEW ORLEANS,LA,00202300,www.olhcc.edu,,,
160065,2005,2014,Our Lady of Holy Cross College,New Orleans,LA,00202300,www.olhcc.edu,,,
160065,2015,2023,University of Holy Cross,New Orleans,LA,00202300,uhcno.edu/,,,
160074,2002,2004,OUR LADY OF THE LAKE COLLEGE,BATON ROUGE,LA,03106200,www.ololcollege.edu,,,
160074,2005,2016,Our Lady of the Lake College,Baton Rouge,LA,03106200,www.ololcollege.edu,,,
160074,2017,2023,Franciscan Missionaries of Our Lady University,Baton Rouge,LA,03106200,www.franu.edu/,,,
160481,2002,2002,LOUISIANA TECHNICAL COLLEGE-L E FLETCHER CAMPUS,HOUMA,LA,00548821,www.theltc.net,,,
160481,2003,2004,L E FLETCHER TECHNICAL COMMUNITY COLLEGE,HOUMA,LA,00548821,www.lefletcher.edu,,,
160481,2005,2011,L E Fletcher Technical Community College,Houma,LA,00576100,www.ftcc.edu,,,
160481,2012,2013,L E Fletcher Technical Community College,Schriever,LA,00576100,www.fletcher.edu/,,,
160481,2014,2023,Fletcher Technical Community College,Schriever,LA,00576100,www.fletcher.edu/,,,
160913,2002,2004,LOUISIANA TECHNICAL COLLEGE-YOUNG MEMORIAL CAMPUS,MORGAN CITY,LA,00548843,www.theltc.net,,,
160913,2005,2008,Louisiana Technical College-Young Memorial Campus,Morgan City,LA,00548843,region3.ltc.edu,,,
160913,2009,2011,South Central Louisiana Technical College-Young Memorial Campus,Morgan City,LA,00548843,www.scl.edu,,,
160913,2012,2014,South Central Louisiana Technical College-Young Memorial Campus,Morgan City,LA,00552600,www.scl.edu,,,
160913,2015,2017,South Central Louisiana Technical College,Morgan City,LA,00552600,www.scl.edu,,,
160913,2018,2019,South Central Louisiana Technical College,Morgan City,LA,03956324,www.scl.edu,,434061,2019
161022,2002,2004,CENTRAL MAINE MEDICAL CENTER SCHOOL OF NURSING,LEWISTON,ME,00630501,www.cmmcson.edu,,,
161022,2005,2006,Central Maine Medical Center School of Nursing,Lewiston,ME,00630501,www.cmmcson.edu,,,
161022,2007,2012,Central Maine Medical Center College of Nursing and Health Professions,Lewiston,ME,00630501,www.cmmccollege.edu,,,
161022,2013,2013,Central Maine Medical Center College of Nursing and Health Professions,Lewiston,ME,00630503,www.cmmccollege.edu,,,
161022,2014,2023,Maine College of Health Professions,Lewiston,ME,00630500,www.mchp.edu/,,,
161059,2002,2004,CENTRAL MAINE MEDICAL CENTER SCHOOL OF RAD TECHN,LEWISTON,ME,00630502,www.cmmc.org,,,
161059,2005,2009,Central Maine Medical Center School of Radiologic Technology,Lewiston,ME,00630502,www.cmmc.org,,,
161059,2010,2011,Central Maine Medical Center College of Nursing & Health Professions,Lewiston,ME,00630502,www.cmmccollege.edu,,161022,2011
161509,2002,2004,MAINE COLLEGE OF ART,PORTLAND,ME,01167300,www.meca.edu,,,
161509,2005,2020,Maine College of Art,Portland,ME,01167300,www.meca.edu/,,,
161509,2021,2023,Maine College of Art & Design,Portland,ME,01167300,www.meca.edu/,,,
161572,2002,2004,UNITY COLLEGE,UNITY,ME,00685800,www.unity.edu,,,
161572,2005,2020,Unity College,Unity,ME,00685800,https://unity.edu/,,,
161572,2021,2022,Unity College,New Gloucester,ME,00685800,https://unity.edu/,,,
161572,2023,2023,Unity Environmental University,New Gloucester,ME,00685800,https://unity.edu/,,,
162061,2002,2004,CAPITOL COLLEGE,LAUREL,MD,00143600,www.capitol-college.edu,,,
162061,2005,2013,Capitol College,Laurel,MD,00143600,www.capitol-college.edu,,,
162061,2014,2023,Capitol Technology University,Laurel,MD,00143600,www.captechu.edu/,,,
163204,2002,2004,UNIVERSITY OF MARYLAND-UNIVERSITY COLLEGE,Adelphi,MD,01164400,www.umuc.edu,,,
163204,2005,2018,University of Maryland-University College,Adelphi,MD,01164400,www.umuc.edu,,,
163204,2019,2023,University of Maryland Global Campus,Adelphi,MD,01164400,www.umgc.edu/,,,
163842,2002,2004,SAINT MARYS SEMINARY AND UNIVERSITY,BALTIMORE,MD,00209600,www.stmarys.edu,,,
163842,2005,2009,St. Mary's Seminary & University,Baltimore,MD,00209600,www.stmarys.edu,,,
163842,2010,2013,St Mary's Seminary & University,Baltimore,MD,00209600,www.stmarys.edu,,,
163921,2002,2003,SOJOURNER-DOUGLAS COLLEGE,BALTIMORE,MD,02127900,www.sdc.edu,,,
163921,2004,2004,SOJOURNER-DOUGLASS COLLEGE,BALTIMORE,MD,02127900,www.sdc.edu,,,
163921,2005,2017,Sojourner-Douglass College,Baltimore,MD,02127900,www.sdc.edu,06/30/2015,,2017
165264,2002,2004,LABOURE COLLEGE,BOSTON,MA,00632400,www.laboure.edu,,,
165264,2005,2012,Laboure College,Boston,MA,00632400,www.caritaschristi.org/Laboure/About_Us/About_Us,,,
165264,2013,2021,Laboure College,Milton,MA,00632400,www.laboure.edu/,,,
165264,2022,2023,Laboure College of Healthcare,Milton,MA,00632400,https://www.laboure.edu/,,,
166601,2002,2004,MARIAN COURT COLLEGE,SWAMPSCOTT,MA,00687300,www.mariancourt.edu,,,
166601,2005,2015,Marian Court College,Swampscott,MA,00687300,www.mariancourt.edu,06/30/2015,,2015
166656,2002,2004,MASSACHUSETTS COLLEGE OF PHARMACY & HEALTH SCIENCE,BOSTON,MA,00216500,www.mcphs.edu,,,
166656,2005,2007,Massachusetts College of Pharmacy & Health Science,Boston,MA,00216500,www.mcphs.edu,,,
166656,2008,2012,Massachusetts College of Pharmacy and Health Sciences,Boston,MA,00216500,www.mcphs.edu,,,
166656,2013,2023,MCPHS University,Boston,MA,00216500,www.mcphs.edu/,,,
166984,2002,2004,SCHOOL OF THE MUSEUM OF FINE ARTS,BOSTON,MA,00466700,www.Smfa.edu,,,
166984,2005,2015,School of the Museum of Fine Arts-Boston,Boston,MA,00466700,www.smfa.edu,,,
166984,2016,2017,School of the Museum of Fine Arts at Tufts University,Boston,MA,00466700,www.smfa.edu/,,168148,2017
168148,2002,2004,TUFTS UNIVERSITY,MEDFORD,MA,00221900,www.tufts.edu,,,
168148,2005,2023,Tufts University,Medford,MA,00221900,https://www.tufts.edu/,,,
168281,2002,2004,WHEATON COLLEGE,NORTON,MA,00222700,www.wheatoncollege.edu,,,
168281,2005,2020,Wheaton College,Norton,MA,00222700,www.wheatoncollege.edu/,,,
168281,2021,2023,Wheaton College (Massachusetts),Norton,MA,00222700,www.wheatoncollege.edu/,,,
168838,2002,2004,BAKER COLLEGE OF OWOSSO,OWOSSO,MI,00467304,www.baker.edu,,,
168838,2005,2015,Baker College of Owosso,Owosso,MI,00467304,www.baker.edu,,168847,
168847,2002,2004,BAKER COLLEGE OF FLINT,Flint,MI,00467300,www.baker.edu,,,
168847,2005,2014,Baker College of Flint,Flint,MI,00467300,www.baker.edu,,,
168847,2015,2018,Baker College,Flint,MI,00467300,www.baker.edu,,,
168847,2019,2023,Baker College,Owosso,MI,00467300,www.baker.edu/,,,
170000,2002,2004,GRACE BIBLE COLLEGE,WYOMING,MI,00226500,www.gbcol.edu,,,
170000,2005,2017,Grace Bible College,Wyoming,MI,00226500,www.gbcol.edu,,,
170000,2018,2023,Grace Christian University,Wyoming,MI,00226500,www.gracechristian.edu/,,,
170842,2002,2004,MARYGROVE COLLEGE,DETROIT,MI,00228400,www.marygrove.edu,,,
170842,2005,2019,Marygrove College,Detroit,MI,00228400,https://www.marygrove.edu,12/17/2019,,2019
171492,2002,2004,NORTHWOOD UNIVERSITY,MIDLAND,MI,00407200,www.northwood.edu,,,
171492,2005,2009,Northwood University,Midland,MI,00407200,www.northwood.edu,,,
171492,2010,2015,Northwood University-Michigan,Midland,MI,00407200,www.northwood.edu,,,
171492,2016,2023,Northwood University,Midland,MI,00407200,www.northwood.edu/,,,
172440,2002,2004,FINLANDIA UNIVERSITY,HANCOCK,MI,00232200,www.finlandia.edu,,,
172440,2005,2023,Finlandia University,Hancock,MI,00232200,www.finlandia.edu/,05/07/2023,,2023
173489,2002,2002,DULUTH BUSINESS UNIVERSITY INC,DULUTH,MN,00989200,WWW.DBUMN.COM,,,
173489,2003,2004,DULUTH BUSINESS UNIVERSITY INC,Dultuh,MN,00989200,www.dbumn.edu,,,
173489,2005,2013,Duluth Business University,Dultuh,MN,00989200,www.dbumn.edu,,,
173489,2014,2018,Duluth Business University,Duluth,MN,00989200,www.dbumn.edu,06/12/2018,,2018
173735,2002,2003,HIBBING COMMUNITY COLLEGE-A TECH AND COMM COLL,HIBBING,MN,00235500,www.hcc.mnscu.edu,,,
173735,2004,2004,HIBBING COMMUNITY COLLEGE-A TECHNICAL AND COMMUNITY COLL,HIBBING,MN,00235500,www.hcc.mnscu.edu,,,
173735,2005,2012,Hibbing Community College-A Technical and Community College,Hibbing,MN,00235500,www.hibbing.edu,,,
173735,2013,2021,Hibbing Community College,Hibbing,MN,00235500,https://www.hibbing.edu/,,,
173735,2022,2023,Minnesota North College,Hibbing,MN,00235500,https://minnesotanorth.edu/,,,
173805,2002,2004,ITASCA COMMUNITY COLLEGE,GRAND RAPIDS,MN,00235600,WWW.ITASCACC.EDU,,,
173805,2005,2021,Itasca Community College,Grand Rapids,MN,00235600,https://www.itascacc.edu/,,,
173805,2022,2022,Minnesota North College - Itasca,Grand Rapids,MN,00235520,www.itascacc.edu/,,173735,
173993,2002,2004,MESABI RANGE COMMUNITY AND TECHNICAL COLLEGE,VIRGINIA,MN,00400900,www.mr.mnscu.edu,,,
173993,2005,2013,Mesabi Range Community and Technical College,Virginia,MN,00400900,www.mesabirange.edu,,,
173993,2014,2021,Mesabi Range College,Virginia,MN,00400900,https://www.mesabirange.edu/,,,
173993,2022,2022,Minnesota North College - Mesabi Range Virginia,Virginia,MN,00235521,www.mesabirange.edu,,173735,
174118,2002,2002,MINNEAPOLIS BUSINESS COLLEGE INC,ROSEVILLE,MN,00464500,mplsbusinesscollege.com,,,
174118,2003,2004,MINNEAPOLIS BUSINESS COLLEGE,ROSEVILLE,MN,00464500,minneapolisbusinesscollege.edu,,,
174118,2005,2019,Minneapolis Business College,Roseville,MN,00464500,minneapolisbusinesscollege.edu,12/20/2019,,2019
174206,2002,2004,CROSSROADS COLLEGE,ROCHESTER,MN,00236600,www.crossroadscollege.edu,,,
174206,2005,2016,Crossroads College,Rochester,MN,00236600,www.crossroadscollege.edu,,,
174385,2002,2003,NATIONAL AMERICAN UNIVERSITY,ROSEVILLE,MN,00405708,www.national.edu,,,
174385,2004,2004,NATIONAL AMERICAN UNIVERSITY-ROSEVILLE,ROSEVILLE,MN,00405708,www.national.edu,,,
174385,2005,2019,National American University-Roseville,Roseville,MN,00405708,www.national.edu/locations/campuses/roseville/,04/21/2019,,2019
174482,2002,2004,NORTHWEST TECHNICAL INSTITUTE,EDEN PRAIRIE,MN,00826700,www.nti.edu,,,
174482,2005,2005,Northwest Technical Institute,Eden Prairie,MN,00826700,www.nti.edu,,,
174482,2006,2013,Northwest Technical Institute,Eagan,MN,00826700,www.nti.edu,,,
174482,2014,2014,Northwest Technical Institute,,MN,00826700,,04/30/2014,,2014
174491,2002,2004,NORTHWESTERN COLLEGE,ST PAUL,MN,00237100,www.nwc.edu,,,
174491,2005,2012,Northwestern College,Saint Paul,MN,00237100,www.nwc.edu,,,
174491,2013,2023,University of Northwestern-St Paul,Saint Paul,MN,00237100,https://www.unwsp.edu/,,,
175157,2002,2004,VERMILION COMMUNITY COLLEGE,ELY,MN,00235000,www.vcc.edu,,,
175157,2005,2021,Vermilion Community College,Ely,MN,00235000,https://www.vcc.edu/,,,
175157,2022,2022,Minnesota North College - Vermilion,Ely,MN,00235524,www.vcc.edu,,173735,
175263,2002,2004,MINNESOTA STATE COLLEGE-SOUTHEAST TECHNICAL-WINONA,WINONA,MN,00239300,www.southeastmn.edu,,,
175263,2005,2006,Minnesota State College-Southeast Technical-Winona,Winona,MN,00239300,www.southeastmn.edu,,,
175263,2007,2015,Minnesota State College-Southeast Technical,Winona,MN,00239300,www.southeastmn.edu,,,
175263,2016,2023,Minnesota State College Southeast,Winona,MN,00239300,www.southeastmn.edu/,,,
175315,2002,2004,CENTURY COMMUNITY AND TECHNICAL COLLEGE,WHITE BEAR LAKE,MN,01054600,www.century.mnscu.edu,,,
175315,2005,2011,Century Community and Technical College,White Bear Lake,MN,01054600,www.century.edu,,,
175315,2012,2023,Century College,White Bear Lake,MN,01054600,https://www.century.edu/,,,
175430,2002,2004,BLUE MOUNTAIN COLLEGE,BLUE MOUNTAIN,MS,00239800,www.bmc.edu,,,
175430,2005,2021,Blue Mountain College,Blue Mountain,MS,00239800,www.bmc.edu/,,,
175430,2022,2023,Blue Mountain Christian University,Blue Mountain,MS,00239800,www.bmc.edu/,,,
175528,2002,2004,ANTONELLI COLLEGE,JACKSON,MS,01289101,www.antonellic.com,,,
175528,2005,2009,Antonelli College,Jackson,MS,01289101,www.antonellicollege.edu,,,
175528,2010,2019,Antonelli College-Jackson,Jackson,MS,01289101,www.antonellicollege.edu,10/31/2019,,2019
176664,2002,2004,BAPTIST BIBLE COLLEGE AND GRADUATE SCHOOL,SPRINGFIELD,MO,01320800,www.baptist.edu,,,
176664,2005,2011,Baptist Bible College and Graduate School,Springfield,MO,01320800,www.gobbc.edu,,,
176664,2012,2022,Baptist Bible College,Springfield,MO,01320800,www.gobbc.edu/,,,
176664,2023,2023,Mission University,Springfield,MO,01320800,www.mission.edu/,,,
176789,2002,2004,CALVARY BIBLE COLLEGE AND THEOLOGICAL SEMINARY,KANSAS CITY,MO,00245000,www.calvary.edu,,,
176789,2005,2015,Calvary Bible College and Theological Seminary,Kansas City,MO,00245000,www.calvary.edu,,,
176789,2016,2023,Calvary University,Kansas City,MO,00245000,www.calvary.edu/,,,
176938,2002,2004,CENTRAL BIBLE COLLEGE,SPRINGFIELD,MO,00245200,www.cbcag.edu,,,
176938,2005,2013,Central Bible College,Springfield,MO,00245200,www.cbcag.edu,,,
177038,2002,2004,CLEVELAND CHIROPRACTIC COLLEGE,KANSAS CITY,MO,02090700,www.cleveland.edu,,,
177038,2005,2006,Cleveland Chiropractic College,Kansas City,MO,02090700,www.cleveland.edu,,,
177038,2007,2009,Cleveland Chiropractic College,Overland Park,KS,02090700,www.cleveland.edu,,,
177038,2010,2010,Cleveland Chiropractic College of Overland Park,Overland Park,KS,02090700,www.cleveland.edu,,,
177038,2011,2012,Cleveland Chiropractic College,Overland Park,KS,02090700,www.cleveland.edu,,,
177038,2013,2023,Cleveland University-Kansas City,Overland Park,KS,02090700,www.cleveland.edu/,,,
177162,2002,2004,DEVRY UNIVERSITY-MISSOURI,KANSAS CITY,MO,01072717,www.devry.edu,,,
177162,2005,2013,DeVry University-Missouri,Kansas City,MO,01072717,www.devry.edu,,482538,2013
177579,2002,2004,HICKEY COLLEGE,ST LOUIS,MO,01027900,www.hickeycollege.edu,,,
177579,2005,2018,Hickey College,Saint Louis,MO,01027900,www.hickeycollege.edu,08/31/2018,,2018
177977,2002,2004,LINN STATE TECHNICAL COLLEGE,Linn,MO,00471100,www.linnstate.edu,,,
177977,2005,2013,Linn State Technical College,Linn,MO,00471100,www.linnstate.edu,,,
177977,2014,2023,State Technical College of Missouri,Linn,MO,00471100,https://www.statetechmo.edu/,,,
177995,2002,2004,LONGVIEW COMMUNITY COLLEGE,LEES SUMMIT,MO,00248444,www.kcmetro.edu,,,
177995,2005,2005,Longview Community College,Lees Summit,MO,00248444,www.kcmetro.edu,,,
177995,2006,2011,Metropolitan Community College-Longview,Lees Summit,MO,00248444,www.mcckc.edu,,,
177995,2012,2012,Metropolitan Community College-Kansas City,Kansas City,MO,00248444,www.mcckc.edu,,,
177995,2013,2023,Metropolitan Community College-Kansas City,Kansas City,MO,00248400,www.mcckc.edu/,,,
178022,2002,2004,MAPLE WOODS COMMUNITY COLLEGE,KANSAS CITY,MO,00248443,www.kcmetro.edu,,,
178022,2005,2005,Maple Woods Community College,Kansas City,MO,00248443,www.kcmetro.edu,,,
178022,2006,2011,Metropolitan Community College-Maple Woods,Kansas City,MO,00248443,www.mcckc.edu,,,
178022,2012,2012,Metropolitan Community College-Maple Woods,,MO,00248443,,,177995,2012
178110,2002,2004,METRO BUSINESS COLLEGE OF CAPE GIRARDEAU,CAPE GIRARDEAU,MO,02180200,WWW.METROBUSINESSCOLLEGE.EDU,,,
178110,2005,2009,Metro Business College of Cape Girardeau,Cape Girardeau,MO,02180200,WWW.METROBUSINESSCOLLEGE.EDU,,,
178110,2010,2019,Metro Business College-Cape Girardeau,Cape Girardeau,MO,02180200,www.metrobusinesscollege.edu,,,
178350,2002,2004,MISSOURI TECH,ST LOUIS,MO,02304000,www.motech.edu,,,
178350,2005,2008,Missouri Tech,Saint Louis,MO,02304000,www.motech.edu,,,
178350,2009,2015,Missouri Tech,Saint Charles,MO,02304000,www.motech.edu,07/31/2015,,2015
178785,2002,2004,PENN VALLEY COMMUNITY COLLEGE,KANSAS CITY,MO,00248400,www.kcmetro.edu,,,
178785,2005,2005,Penn Valley Community College,Kansas City,MO,00248400,www.kcmetro.edu,,,
178785,2006,2010,Metropolitan Community College-Penn Valley,Kansas City,MO,00248400,www.mcckc.edu,,,
178785,2011,2011,Metropolitan Community College-Penn Valley,Kansas City,MO,00248447,www.mcckc.edu,,,
178785,2012,2012,Metropolitan Community College-Penn Valley,,MO,00248447,,,177995,2012
179256,2002,2004,SAINT LOUIS CHRISTIAN COLLEGE,FLORISSANT,MO,01258000,www.slcc4ministry.edu,,,
179256,2005,2022,Saint Louis Christian College,Florissant,MO,01258000,www.stlchristian.edu/,,,
179919,2002,2004,WENTWORTH MILITARY ACADEMY,LEXINGTON,MO,00252200,www.wma1880.org,,,
179919,2005,2010,Wentworth Military Academy,Lexington,MO,00252200,www.wma.edu,,,
179919,2011,2013,Wentworth Military Academy & Junior College,Lexington,MO,00252200,www.wma.edu,,,
179919,2014,2016,Wentworth Military Academy and College,Lexington,MO,00252200,www.wma.edu,,,
180081,2002,2004,MONTANA TECH-COLLEGE OF TECHNOLOGY,BUTTE,MT,00253101,www.mtech.edu/cot_tech/,,,
180081,2005,2011,Montana Tech-College of Technology,Butte,MT,00253101,www.mtech.edu/,,,
180081,2012,2023,Highlands College of Montana Tech,Butte,MT,00253101,https://www.mtech.edu/,,,
180203,2002,2004,FORT BELKNAP COLLEGE,Harlem,MT,02517500,www.fbcc.edu,,,
180203,2005,2011,Fort Belknap College,Harlem,MT,02517500,www.fbcc.edu,,,
180203,2012,2023,Aaniiih Nakoda College,Harlem,MT,02517500,www.ancollege.edu/,,,
180258,2002,2004,UNIVERSITY OF GREAT FALLS,GREAT FALLS,MT,00252700,www.ugf.edu,,,
180258,2005,2016,University of Great Falls,Great Falls,MT,00252700,www.ugf.edu,,,
180258,2017,2023,University of Providence,Great Falls,MT,00252700,www.uprovidence.edu/,,,
180276,2002,2004,UNIVERSITY OF MONTANA-HELENA COLLEGE OF TECHNOLOGY,HELENA,MT,00757000,WWW.UMH.UMONTANA.EDU,,,
180276,2005,2011,University of Montana-Helena College of Technology,Helena,MT,00757000,www.umhelena.edu,,,
180276,2012,2023,Helena College University of Montana,Helena,MT,00757000,https://www.helenacollege.edu/,,,
180416,2002,2004,MONTANA TECH OF THE UNIVERSITY OF MONTANA,BUTTE,MT,00253100,www.mtech.edu,,,
180416,2005,2017,Montana Tech of the University of Montana,Butte,MT,00253100,www.mtech.edu,,,
180416,2018,2023,Montana Technological University,Butte,MT,00253100,https://www.mtech.edu/,,,
180717,2002,2004,YELLOWSTONE BAPTIST COLLEGE,BILLINGS,MT,00000002,www.yellowstonebaptist.edu,,,
180717,2005,2006,Yellowstone Baptist College,Billings,MT,00000002,www.yellowstonebaptist.edu,,,
180717,2020,2022,Yellowstone Christian College,Billings,MT,04249900,yellowstonechristian.edu/,,,
180984,2002,2004,CONCORDIA UNIVERSITY,SEWARD,NE,00254100,www.cune.edu,,,
180984,2005,2009,Concordia University,Seward,NE,00254100,www.cune.edu,,,
180984,2010,2012,Concordia University-Seward,Seward,NE,00254100,www.cune.edu,,,
180984,2013,2023,Concordia University-Nebraska,Seward,NE,00254100,www.cune.edu/,,,
181093,2002,2004,GRACE UNIVERSITY,OMAHA,NE,00254700,www.GraceUniversity.edu,,,
181093,2005,2017,Grace University,Omaha,NE,00254700,https://www.graceuniversity.edu/,,,
181376,2002,2004,NEBRASKA CHRISTIAN COLLEGE,NORFOLK,NE,01297600,nechristian.edu,,,
181376,2005,2005,Nebraska Christian College,Norfolk,NE,01297600,nechristian.edu,,,
181376,2006,2015,Nebraska Christian College,Papillion,NE,01297600,nechristian.edu,,,
181376,2016,2020,Nebraska Christian College of Hope International University,Papillion,NE,00125212,www.nechristian.edu,,,
181738,2002,2004,UNION COLLEGE,LINCOLN,NE,00256300,www.ucollege.edu,,,
181738,2005,2022,Union College,Lincoln,NE,00256300,https://www.ucollege.edu/,,,
181738,2023,2023,Union Adventist University,Lincoln,NE,00256300,https://www.ucollege.edu/,,,
182458,2002,2004,SIERRA NEVADA COLLEGE,Incline Village,NV,00919200,www.sierranevada.edu,,,
182458,2005,2019,Sierra Nevada College,Incline Village,NV,00919200,www.sierranevada.edu,,,
182458,2020,2022,Sierra Nevada University,Incline Village,NV,00919200,www.sierranevada.edu/,06/30/2022,,2022
182661,2002,2004,DANIEL WEBSTER COLLEGE,NASHUA,NH,00473100,www.dwc.edu,,,
182661,2005,2016,Daniel Webster College,Nashua,NH,00473100,www.dwc.edu,09/14/2016,,2016
182865,2002,2004,HESSER COLLEGE,MANCHESTER,NH,00472900,www.hesser.edu,,,
182865,2005,2012,Hesser College,Manchester,NH,00472900,www.hesser.edu/index.aspx,,,
182865,2013,2016,Mount Washington College,Manchester,NH,00472900,www.mountwashington.edu/index.aspx,04/23/2016,,2016
182908,2002,2004,LEBANON COLLEGE,LEBANON,NH,00702500,www.lebanoncollege.edu,,,
182908,2005,2014,Lebanon College,Lebanon,NH,00702500,www.lebanoncollege.edu,12/31/2014,,2014
182980,2002,2004,NEW ENGLAND COLLEGE,HENNIKER,NH,00257900,www.nec.edu,,,
182980,2005,2023,New England College,Henniker,NH,00257900,www.nec.edu/,,,
183257,2002,2004,COLLEGE FOR LIFELONG LEARNING,CONCORD,NH,03101300,www.cll.edu,,,
183257,2005,2022,Granite State College,Concord,NH,03101300,https://www.granite.edu/,,,
183257,2023,2023,University of New Hampshire College of Professional Studies Online,Manchester,NH,00258904,https://cps.unh.edu/online,,,
183345,2002,2004,CHESTER COLLEGE OF NEW ENGLAND,CHESTER,NH,00473300,www.chestercollege.edu,,,
183345,2005,2012,Chester College of New England,Chester,NH,00473300,www.chestercollege.edu,7/2/2012,,2012
183822,2002,2004,BLOOMFIELD COLLEGE,BLOOMFIELD,NJ,00259700,www.bloomfield.edu,,,
183822,2005,2023,Bloomfield College,Bloomfield,NJ,00259700,www.bloomfield.edu/,,,
183877,2002,2004,BURLINGTON COUNTY COLLEGE,PEMBERTON,NJ,00773000,www.bcc.edu,,,
183877,2005,2014,Burlington County College,Pemberton,NJ,00773000,www.bcc.edu,,,
183877,2015,2016,Rowan College at Burlington County,Pemberton,NJ,00773000,www.rcbc.edu,,,
183877,2017,2023,Rowan College at Burlington County,Mount Laurel,NJ,00773000,www.rcbc.edu/,,,
184205,2002,2004,CUMBERLAND COUNTY COLLEGE,VINELAND,NJ,00260100,www.cccnj.net,,,
184205,2005,2020,Cumberland County College,Vineland,NJ,00260100,https://www.rcsj.edu/,,,
184205,2021,2021,Rowan College South Jersey Cumberland Campus,Vineland,NJ,00690104,https://www.rcsj.edu/,,,
184205,2022,2023,Rowan College of South Jersey-Cumberland Campus,Vineland,NJ,00690104,https://rcsj.edu/,,,
184791,2002,2004,GLOUCESTER COUNTY COLLEGE,SEWELL,NJ,00690100,www.gccnj.edu,,,
184791,2005,2013,Gloucester County College,Sewell,NJ,00690100,www.gccnj.edu,,,
184791,2014,2018,Rowan College at Gloucester County,Sewell,NJ,00690100,www.rcgc.edu,,,
184791,2019,2021,Rowan College of South Jersey Gloucester Campus,Sewell,NJ,00690100,www.rcsj.edu/,,,
184791,2022,2023,Rowan College of South Jersey-Gloucester Campus,Sewell,NJ,00690100,rcsj.edu/,,,
184959,2002,2003,HOHOKUS CHOOL OF BUSINESS AND MEDICAL SCIENCES,RAMSEY,NJ,02053700,HOHOKUS.COM,,,
184959,2004,2004,HOHOKUS SCHOOL OF BUSINESS AND MEDICAL SCIENCES,RAMSEY,NJ,02053700,HOHOKUS.COM,,,
184959,2005,2007,Hohokus School of Business and Medical Sciences,Ramsey,NJ,02053700,www.HOHOKUS.COM,,,
184959,2008,2012,Eastwick College,Ramsey,NJ,02053700,www.eastwick.edu,,,
184959,2013,2023,Eastwick College-Ramsey,Ramsey,NJ,02053700,www.eastwickcollege.edu/,,,
185536,2002,2004,MIDDLESEX COUNTY COLLEGE,EDISON,NJ,00261500,www.middlesexcc.edu,,,
185536,2005,2020,Middlesex County College,Edison,NJ,00261500,www.middlesexcc.edu/,,,
185536,2021,2023,Middlesex College,Edison,NJ,00261500,www.middlesexcollege.edu/,,,
187198,2002,2004,UNION COUNTY COLLEGE,CRANFORD,NJ,00264300,www.ucc.edu,,,
187198,2005,2022,Union County College,Cranford,NJ,00264300,https://www.ucc.edu/,,,
187198,2023,2023,"UCNJ Union College of Union County, NJ",Cranford,NJ,00264300,https://www.ucc.edu/,,,
187745,2002,2002,INSTITUTE OF AMERICAN INDIAN AND ALASKA NATIVE CUL,SANTA FE,NM,02146400,www.iaiancad.org,,,
187745,2003,2004,INSTITUTE OF AMERICAN INDIAN AND ALASKA NATIVE CULTURE,SANTA FE,NM,02146400,www.iaia.edu,,,
187745,2005,2015,Institute of American Indian and Alaska Native Culture,Santa Fe,NM,02146400,www.iaia.edu,,,
187745,2016,2023,Institute of American Indian and Alaska Native Culture and Arts Development,Santa Fe,NM,02146400,https://iaia.edu/,,,
188003,2002,2004,NEW MEXICO STATE UNIVERSITY-CARLSBAD,CARLSBAD,NM,00265703,cavern.nmsu.edu/,,,
188003,2005,2020,New Mexico State University-Carlsbad,Carlsbad,NM,00265703,carlsbad.nmsu.edu/,,,
188003,2021,2022,Southeast New Mexico College,Carlsbad,NM,00265703,senmc.edu/,,,
188003,2023,2023,Southeast New Mexico College,Carlsbad,NM,04300600,senmc.edu/,,,
188146,2002,2004,COLLEGE OF SANTA FE,SANTA FE,NM,00264900,www.csf.edu,,,
188146,2005,2009,College of Santa Fe,Santa Fe,NM,00264900,www.csf.edu,,,
188146,2010,2017,Santa Fe University of Art and Design,Santa Fe,NM,00264900,www.santafeuniversity.edu,,,
188438,2002,2004,ADIRONDACK COMMUNITY COLLEGE,QUEENSBURY,NY,00286000,WWW.SUNYACC.EDU,,,
188438,2005,2019,Adirondack Community College,Queensbury,NY,00286000,www.sunyacc.edu,,,
188438,2020,2023,SUNY Adirondack,Queensbury,NY,00286000,www.sunyacc.edu/,,,
189264,2002,2004,BETH HATALMUD RABBINICAL COLLEGE,BROOKLYN,NY,01192200,-1,,,
189264,2005,2019,Beth Hatalmud Rabbinical College,Brooklyn,NY,01192200,https://bethhatalmud.com,,,
189282,2002,2004,PHILLIPS BETH ISRAEL SCHOOL OF NURSING,NEW YORK,NY,00643800,WEHEALNY.ORG/BISCHOOLOFNURSING,,,
189282,2005,2015,Phillips Beth Israel School of Nursing,New York,NY,00643800,www.pbisn.edu,,,
189282,2016,2022,Phillips School of Nursing at Mount Sinai Beth Israel,New York,NY,00643800,www.pson.edu/,,,
189282,2023,2023,Mount Sinai Phillips School of Nursing,New York,NY,00643800,www.pson.edu/,,,
189422,2002,2004,BRAMSON ORT COLLEGE,FOREST HILLS,NY,02106800,bramsonort.org,,,
189422,2005,2017,Bramson ORT College,Forest Hills,NY,02106800,bramsonort.edu,02/20/2017,,2017
189547,2002,2004,BROOME COMMUNITY COLLEGE,BINGHAMTON,NY,00286200,WWW.SUNYBROOME.EDU,,,
189547,2005,2012,Broome Community College,Binghamton,NY,00286200,WWW.SUNYBROOME.EDU,,,
189547,2013,2023,SUNY Broome Community College,Binghamton,NY,00286200,www.sunybroome.edu/,,,
189653,2002,2004,BUSINESS INFORMATICS CENTER INC,VALLEY STREAM,NY,02572900,thecollegeforbusiness.com,,,
189653,2005,2015,Business Informatics Center Inc,Valley Stream,NY,02572900,www.thecollegeforbusiness.com,12/31/2015,,2015
190442,2002,2004,CORNING COMMUNITY COLLEGE,CORNING,NY,00286300,www.corning-cc.edu/,,,
190442,2005,2018,Corning Community College,Corning,NY,00286300,https://www.corning-cc.edu/,,,
190442,2019,2023,SUNY Corning Community College,Corning,NY,00286300,https://www.corning-cc.edu/,,,
190451,2002,2004,CROUSE HOSPITAL SCHOOL OF NURSING,SYRACUSE,NY,00644500,www.crouse.org/nursing,,,
190451,2005,2010,Crouse Hospital School of Nursing,Syracuse,NY,00644500,www.crouse.org/nursing,,,
190451,2011,2014,Crouse Hospital College of Nursing,Syracuse,NY,00644500,www.crouse.org/nursing,,,
190451,2015,2022,Pomeroy College of Nursing at Crouse Hospital,Syracuse,NY,00644500,www.crouse.org/nursing,,,
190451,2023,2023,Pomeroy College of Nursing at Crouse Hospital,East Syracuse,NY,00644500,www.crouse.org/nursing,,,
190761,2002,2004,DOMINICAN COLLEGE OF BLAUVELT,ORANGEBURG,NY,00271300,www.dc.edu,,,
190761,2005,2021,Dominican College of Blauvelt,Orangeburg,NY,00271300,www.dc.edu/,,,
190761,2022,2023,Dominican University New York,Orangeburg,NY,00271300,www.duny.edu/,,,
190956,2002,2004,ELLIS HOSPITAL SCHOOL OF NURSING,SCHENECTADY,NY,00644800,www.ehson.org,,,
190956,2005,2008,Ellis Hospital School of Nursing,Schenectady,NY,00644800,www.ehson.org,,,
190956,2009,2012,Ellis School of Nursing,Schenectady,NY,00644800,ellisschoolofnursing.org,,,
190956,2013,2023,Belanger School of Nursing,Schenectady,NY,00644800,www.ellismedicine.org/school-of-nursing/,,,
191764,2002,2004,INSTITUTE OF DESIGN AND CONSTRUCTION,BROOKLYN,NY,01210700,www.idc.edu,,,
191764,2005,2015,Institute of Design and Construction,Brooklyn,NY,01210700,www.idc.edu,07/10/2015,,2015
192244,2002,2004,KOL YAAKOV TORAH CENTER,MONSEY,NY,02256700,-1,,,
192244,2005,2012,Kol Yaakov Torah Center,Monsey,NY,02256700,,,,
192439,2002,2004,LONG ISLAND UNIVERSITY-BROOKLYN CAMPUS,BROOKLYN,NY,00477900,www.liu.edu,,,
192439,2005,2006,Long Island University-Brooklyn Campus,Brooklyn,NY,00477900,www.liu.edu,,,
192439,2007,2012,Long Island University-Brooklyn Campus,Brooklyn,NY,00275116,www.liu.edu,,,
192439,2013,2018,LIU Brooklyn,Brooklyn,NY,00275116,liu.edu/Brooklyn,,192448,2018
192448,2002,2004,LONG ISLAND UNIVERSITY-C W POST CAMPUS,BROOKVILLE,NY,00275100,www.liu.edu,,,
192448,2005,2012,Long Island University-C W Post Campus,Brookville,NY,00275100,www.liu.edu,,,
192448,2013,2017,LIU Post,Brookville,NY,00275100,liu.edu/CWPost,,,
192448,2018,2023,Long Island University,Brookville,NY,00275100,www.liu.edu/,,,
192925,2002,2004,MEDAILLE COLLEGE,BUFFALO,NY,00277700,www.medaille.edu,,,
192925,2005,2021,Medaille College,Buffalo,NY,00277700,www.medaille.edu/,,,
192925,2022,2023,Medaille University,Buffalo,NY,00277700,www.medaille.edu/,08/31/2023,,2023
192961,2002,2004,MEMORIAL HOSPITAL SCHOOL OF NURSING,ALBANY,NY,01220300,www.nehealth.com,,,
192961,2005,2012,Memorial Hospital School of Nursing,Albany,NY,01220300,www.nehealth.com,,,
192961,2013,2014,Memorial School of Nursing,Albany,NY,01220300,www.nehealth.com,,,
192961,2015,2018,Memorial College of Nursing,Albany,NY,01220300,www.sphp.com/son,,,
192961,2019,2023,St. Peter's Hospital College of Nursing,Albany,NY,01220300,https://www.sphp.com/careers/schools-of-nursing/,,,
193308,2002,2004,MONROE COLLEGE-MAIN CAMPUS,BRONX,NY,00479900,www.monroecollege.edu,,,
193308,2005,2012,Monroe College-Main Campus,Bronx,NY,00479900,www.monroecollege.edu,,,
193308,2013,2023,Monroe College,Bronx,NY,00479900,www.monroecollege.edu/,,,
193317,2002,2004,MONROE COLLEGE-NEW ROCHELLE,NEW ROCHELLE,NY,00479901,www.monroecollege.edu,,,
193317,2005,2011,Monroe College-New Rochelle,New Rochelle,NY,00479901,www.monroecollege.edu,,,
193317,2012,2012,Monroe College-New Rochelle,,NY,00479901,,,193308,2012
193900,2002,2004,NEW YORK UNIVERSITY,NEW YORK,NY,00278500,www.nyu.edu,19581909,,
193900,2005,2023,New York University,New York,NY,00278500,https://www.nyu.edu/,,,
194204,2002,2004,OLEAN BUSINESS INSTITUTE,OLEAN,NY,00900300,obi.edu,,,
194204,2005,2013,Olean Business Institute,Olean,NY,00900300,www.obi.edu,09/01/2013,,2013
194310,2002,2004,PACE UNIVERSITY-NEW YORK,NEW YORK,NY,00279100,www.pace.edu,,,
194310,2005,2017,Pace University-New York,New York,NY,00279100,www.pace.edu,,,
194310,2018,2023,Pace University,New York,NY,00279100,www.pace.edu/,,,
194541,2002,2004,POLYTECHNIC UNIVERSITY,BROOKLYN,NY,00279600,www.poly.edu,,,
194541,2005,2007,Polytechnic University,Brooklyn,NY,00279600,www.poly.edu,,,
194541,2008,2012,Polytechnic Institute of New York University,Brooklyn,NY,00279600,www.poly.edu,,,
194541,2013,2013,Polytechnic Institute of New York University,Brooklyn,NY,00278520,www.poly.edu,,,
194541,2014,2014,Polytechnic Institute of New York University,,NY,00278520,,,193900,2014
194611,2002,2003,PROFESSIONAL BUSINESS INSTITUTE,NEW YORK,NY,02306500,WWW.PBINYC.NET,,,
194611,2004,2004,PROFESSIONAL BUSINESS  COLLEGE,NEW YORK,NY,02306500,WWW.PBCNY.EDU,,,
194611,2005,2005,Professional Business  College,New York,NY,02306500,WWW.PBCNY.EDU,,,
194611,2006,2016,Professional Business College,New York,NY,02306500,www.pbcny.edu,,,
194675,2002,2004,RABBINICAL COLLEGE OF CH'SAN SOFER NEW YORK,BROOKLYN,NY,00397700,-1,,,
194675,2005,2016,Rabbinical College of Ch'san Sofer New York,Brooklyn,NY,00397700,,,,
194718,2002,2004,RABBINICAL SEMINARY M'KOR CHAIM,BROOKLYN,NY,00861700,-1,,,
194718,2005,2014,Rabbinical Seminary M'kor Chaim,Brooklyn,NY,00861700,,,,
194718,2020,2023,Rabbinical Seminary Mkor Chaim,Lakewood,NJ,00861700,https://www.mkorchaim.org/,,,
195128,2002,2004,THE SAGE COLLEGES-TROY CAMPUS,TROY,NY,00281000,www.sage.edu,,,
195128,2005,2009,Russell Sage College,Troy,NY,00281000,www.sage.edu,,,
195128,2010,2018,The Sage Colleges,Troy,NY,00281000,www.sage.edu,,,
195128,2019,2023,Russell Sage College,Troy,NY,00281000,sage.edu/,,,
195191,2002,2003,ST JOSEPHS HOSPITAL HEALTH CENTER SCHOOL OF NURS,SYRACUSE,NY,00646700,www.sjhsyr.org/nursing,,,
195191,2004,2004,ST JOSEPHS COLL OF NURSING AT ST JOSEPHS HOSP HEALTH CTR,SYRACUSE,NY,00646700,www.sjhsyr.org/nursing,,,
195191,2005,2017,St Joseph's College of Nursing at St Joseph's Hospital Health Center,Syracuse,NY,00646700,www.sjhcon.edu,,,
195191,2018,2023,St. Joseph's College of Nursing,Syracuse,NY,00646700,https://www.sjhcon.edu/,,,
195492,2002,2004,SIMMONS INSTITUTE OF FUNERAL SERVICE INC,SYRACUSE,NY,01083700,www.simmonsinstitute.com,,,
195492,2005,2013,Simmons Institute of Funeral Service Inc,Syracuse,NY,01083700,www.simmonsinstitute.com,,,
195492,2014,2014,Simmons Institute of Funeral Service Inc,,NY,01083700,,08/31/2014,,2014
195845,2002,2004,NEW YORK CAREER INSTITUTE,NEW YORK,NY,02163400,www.nyci.com,,,
195845,2005,2017,New York Career Institute,New York,NY,02163400,www.nyci.edu,,,
196079,2002,2004,SUNY AT BINGHAMTON,BINGHAMTON,NY,00283600,www.binghamton.edu,,,
196079,2005,2009,SUNY at Binghamton,Binghamton,NY,00283600,www.binghamton.edu,,,
196079,2010,2016,SUNY at Binghamton,Vestal,NY,00283600,www.binghamton.edu,,,
196079,2017,2023,Binghamton University,Vestal,NY,00283600,www.binghamton.edu/,,,
196112,2002,2004,SUNY INSTITUTE OF TECHNOLOGY AT UTICA-ROME,UTICA,NY,01167800,www.sunyit.edu,,,
196112,2005,2014,SUNY Institute of Technology at Utica-Rome,Utica,NY,01167800,www.sunyit.edu,,,
196112,2015,2023,SUNY Polytechnic Institute,Utica,NY,01167800,www.sunypoly.edu/,,,
196130,2002,2004,SUNY COLLEGE AT BUFFALO,BUFFALO,NY,00284200,www.buffalostate.edu,,,
196130,2005,2011,SUNY College at Buffalo,Buffalo,NY,00284200,www.buffalostate.edu,,,
196130,2012,2013,Buffalo State SUNY,Buffalo,NY,00284200,www.buffalostate.edu,,,
196130,2014,2021,SUNY Buffalo State,Buffalo,NY,00284200,suny.buffalostate.edu/,,,
196130,2022,2023,SUNY Buffalo State University,Buffalo,NY,00284200,https://suny.buffalostate.edu/,,,
196149,2002,2004,SUNY COLLEGE AT CORTLAND,CORTLAND,NY,00284300,www.cortland.edu,,,
196149,2005,2015,SUNY College at Cortland,Cortland,NY,00284300,www2.cortland.edu,,,
196149,2016,2022,SUNY Cortland,Cortland,NY,00284300,www2.cortland.edu/,,,
196149,2023,2023,State University of New York at Cortland,Cortland,NY,00284300,www2.cortland.edu/,,,
196194,2002,2004,SUNY COLLEGE AT OSWEGO,OSWEGO,NY,00284800,www.oswego.edu/,,,
196194,2005,2021,SUNY College at Oswego,Oswego,NY,00284800,https://www.oswego.edu/,,,
196194,2022,2023,State University of New York at Oswego,Oswego,NY,00284800,https://www.oswego.edu/,,,
196246,2002,2004,SUNY COLLEGE AT PLATTSBURGH,PLATTSBURGH,NY,00284900,www.plattsburgh.edu,,,
196246,2005,2023,SUNY College at Plattsburgh,Plattsburgh,NY,00284900,https://www.plattsburgh.edu/,,,
197522,2002,2004,WOOD TOBE-COBURN SCHOOL,NEW  YORK,NY,00740500,woodtobecoburn.edu,,,
197522,2005,2017,Wood Tobe-Coburn School,New  York,NY,00740500,woodtobecoburn.edu,12/22/2017,,2017
197610,2002,2004,YESHIVAT MIKDASH MELECH,BROOKLYN,NY,02506800,-1,,,
197610,2005,2017,Yeshivat Mikdash Melech,Brooklyn,NY,02506800,www.mikdashmelech.net/,,,
197993,2002,2004,BENNETT COLLEGE,GREENSBORO,NC,00291100,www.bennett.edu,,,
197993,2005,2012,Bennett College for Women,Greensboro,NC,00291100,www.bennett.edu,,,
197993,2013,2023,Bennett College,Greensboro,NC,00291100,https://www.bennett.edu/,,,
198376,2002,2004,DAVIDSON COUNTY COMMUNITY COLLEGE,LEXINGTON,NC,00291900,www.davidsonccc.edu,,,
198376,2005,2020,Davidson County Community College,Thomasville,NC,00291900,www.davidsonccc.edu/,,,
198376,2021,2023,Davidson-Davie Community College,Thomasville,NC,00291900,www.davidsondavie.edu/,,,
198570,2002,2004,GASTON COLLEGE,DALLAS,NC,00297300,www.gaston.cc.nc.us,,,
198570,2005,2023,Gaston College,Dallas,NC,00297300,www.gaston.edu/,,,
198747,2002,2004,JOHN WESLEY COLLEGE,HIGH POINT,NC,00293500,www.johnwesley.edu,,,
198747,2005,2010,John Wesley College,High Point,NC,00293500,www.laureluniversity.edu,,,
198747,2011,2015,Laurel University,High Point,NC,00293500,www.laureluniversity.edu,,,
198747,2016,2018,John Wesley University,High Point,NC,00293500,www.johnwesley.edu,05/11/2018,,2018
198978,2002,2004,MILLER-MOTTE TECHNICAL COLLEGE,WILMINGTON,NC,02614201,www.miller-motte.com,,,
198978,2005,2006,Miller-Motte Technical College,Wilmington,NC,02614201,www.miller-motte.com,,,
198978,2007,2008,Miller-Motte College,Wilmington,NC,02614201,www.miller-motte.com,,,
198978,2009,2017,Miller-Motte College-Wilmington,Wilmington,NC,02614201,www.miller-motte.edu,,,
198978,2018,2020,Platt College-Miller-Motte-Wilmington,Wilmington,NC,02306824,https://www.miller-motte.edu/,,,
198978,2021,2023,Miller-Motte College-Wilmington,Wilmington,NC,02306824,https://www.miller-motte.edu/,,,
199315,2002,2004,PIEDMONT BAPTIST COLLEGE,WINSTON SALEM,NC,00295600,www.pbc.edu/,,,
199315,2005,2005,Piedmont Baptist College,Winston Salem,NC,00295600,www.pbc.edu/,,,
199315,2006,2010,Piedmont Baptist College and Graduate School,Winston Salem,NC,00295600,www.pbc.edu/,,,
199315,2011,2014,Piedmont International University,Winston Salem,NC,00295600,www.piedmontu.edu,,,
199315,2015,2016,Piedmont International University,Winston-Salem,NC,00295600,www.piedmontu.edu,,489937,2016
199582,2002,2004,SAINT AUGUSTINES COLLEGE,Raleigh,NC,00296800,www.st-aug.edu,,,
199582,2005,2011,Saint Augustines College,Raleigh,NC,00296800,www.st-aug.edu,,,
199582,2012,2023,Saint Augustine's University,Raleigh,NC,00296800,www.st-aug.edu/,,,
200086,2002,2003,FORT BERTHOLD COMMUNITY COLLEGE,NEW TOWN,ND,02553700,www.fbcc.bia.edu,,,
200086,2004,2004,FORT BERTHOLD COMMUNITY COLLEGE,New Town,ND,02553700,www.fbcc.bia.edu,,,
200086,2005,2014,Fort Berthold Community College,New Town,ND,02553700,www.fortbertholdcc.edu/default.htm,,,
200086,2015,2023,Nueta Hidatsa Sahnish College,New Town,ND,02553700,www.nhsc.edu/,,,
200484,2002,2004,TRINITY BIBLE COLLEGE,ELLENDALE,ND,01205900,www.trinitybiblecollege.edu,,,
200484,2005,2015,Trinity Bible College,Ellendale,ND,01205900,trinitybiblecollege.edu/,,,
200484,2016,2023,Trinity Bible College and Graduate School,Ellendale,ND,01205900,trinitybiblecollege.edu/,,,
200633,2002,2004,ACADEMY OF COURT REPORTING-CLEVELAND,CLEVELAND,OH,02152100,-1,,,
200633,2005,2008,Academy of Court Reporting-Cleveland,Cleveland,OH,02152100,,,,
200633,2009,2010,Academy of Court Reporting and Technology-Cleveland,Cleveland,OH,02152100,,,,
200633,2011,2011,Miami-Jacobs Career College,Independence,OH,02152100,www.miamijacobs.edu/,,,
200633,2012,2012,Miami-Jacobs Career College,Independence,OH,00489814,www.miamijacobs.edu/,,,
200633,2013,2018,Miami-Jacobs Career College-Independence,Independence,OH,00489814,www.miamijacobs.edu/,11/19/2017,,2018
201016,2002,2004,ANTONELLI COLLEGE,CINCINNATI,OH,01289100,WWW.ANTONELLI.COM,,,
201016,2005,2009,Antonelli College,Cincinnati,OH,01289100,www.antonellicollege.edu,,,
201016,2010,2019,Antonelli College-Cincinnati,Cincinnati,OH,01289100,www.antonellicollege.edu,10/31/2019,,2019
201283,2002,2004,BELMONT TECHNICAL COLLEGE,ST CLAIRSVILLE,OH,00994100,www.btc.edu,,,
201283,2005,2011,Belmont Technical College,Saint Clairsville,OH,00994100,www.btc.edu,,,
201283,2012,2017,Belmont College,Saint Clairsville,OH,00994100,www.belmontcollege.edu,,,
201283,2018,2023,Belmont College,St Clairsville,OH,00994100,www.belmontcollege.edu/,,,
201399,2002,2002,BOHECKERS BUSINESS COLLEGE-RAVENNA,RAVENNA,OH,02303600,www.boheckers.com,,,
201399,2003,2004,BOHECKER COLLEGE,RAVENNA,OH,02303600,www.boheckers.com,,,
201399,2005,2009,Bohecker College,Ravenna,OH,02303600,www.BoheckerCollege.edu,,,
201399,2010,2011,Fortis College-Ravenna,Ravenna,OH,02303600,www.FortisCollege.edu,,,
201399,2012,2017,Fortis College-Ravenna,Ravenna,OH,02342705,www.FortisCollege.edu,,,
201399,2018,2019,Fortis College-Ravenna,Ravenna,OH,00941205,https://www.fortis.edu/,11/11/2018,,2019
201469,2002,2003,BRYANT AND STRATTON COLLEGE,PARMA,OH,02274400,www.bryantstratton.edu,,,
201469,2004,2004,BRYANT AND STRATTON COLLEGE-PARMA,PARMA,OH,00267808,www.bryantstratton.edu,,,
201469,2005,2011,Bryant and Stratton College-Parma,Parma,OH,00267808,www.bryantstratton.edu,,,
201469,2012,2023,Bryant & Stratton College-Parma,Parma,OH,00267808,https://www.bryantstratton.edu/,,,
201751,2002,2004,CHATFIELD COLLEGE,St Martin,OH,01088000,www.chatfield.edu,,,
201751,2005,2023,Chatfield College,Saint Martin,OH,01088000,www.chatfield.edu/,,,
201858,2002,2003,CINCINNATI BIBLE COLLEGE AND SEMINARY,CINCINNATI,OH,00302900,www.cincybible.edu,,,
201858,2004,2004,CINCINNATI CHRISTIAN UNIVERSITY,CINCINNATI,OH,00302900,www.CCUniversity.edu,,,
201858,2005,2019,Cincinnati Christian University,Cincinnati,OH,00302900,www.CCUniversity.edu,01/20/2020,,2019
201955,2002,2004,UNIVERSITY OF CINCINNATI-RAYMOND WALTERS COLLEGE,BLUE ASH,OH,00312502,www.rwc.uc.edu,,,
201955,2005,2011,University of Cincinnati-Raymond Walters College,Blue Ash,OH,00312502,www.rwc.uc.edu,,,
201955,2012,2023,University of Cincinnati-Blue Ash College,Blue Ash,OH,00312502,www.ucblueash.edu/,,,
202611,2002,2004,DAVID N MYERS UNIVERSITY,CLEVELAND,OH,00304300,www.dnmyers.edu,,,
202611,2005,2007,David N Myers University,Cleveland,OH,00304300,www.myers.edu,,,
202611,2008,2010,Chancellor University,Cleveland,OH,00304300,www.ChancellorU.edu,,,
202611,2011,2013,Chancellor University,Seven Hills,OH,00304300,www.ChancellorU.edu,08/25/2013,,2013
202684,2002,2002,BRYANT AND STRATTON COLLEGE,CLEVELAND,OH,00934300,www.bryantstratton.edu,,,
202684,2003,2003,BRYANT AND STRATTON COLLEGE,CLEVELAND,OH,02274402,www.bryantstratton.edu,,,
202684,2004,2004,BRYANT AND STRATTON COLLEGE-CLEVELAND,CLEVELAND,OH,00267810,www.bryantstratton.edu,,,
202684,2005,2009,Bryant and Stratton College-Cleveland,Cleveland,OH,00267810,www.bryantstratton.edu,,,
202684,2010,2019,Bryant & Stratton College-Cleveland,Cleveland,OH,00267810,https://www.bryantstratton.edu,,201469,
202806,2002,2004,FRANKLIN UNIVERSITY,COLUMBUS,OH,00304600,www.franklin.edu,,,
202806,2005,2023,Franklin University,Columbus,OH,00304600,www.franklin.edu/,,,
203386,2002,2004,HONDROS COLLEGE,Westerville,OH,00000002,www.hondroscollege.com,,,
203386,2007,2015,Hondros College,Westerville,OH,04074300,www.hondros.edu,,,
203386,2016,2023,Hondros College of Nursing,Westerville,OH,04074300,www.hondros.edu/,,,
204060,2002,2004,MIAMI-JACOBS COLLEGE,DAYTON,OH,00307600,www.miamijacobs.edu,,,
204060,2005,2009,Miami-Jacobs Career College,Dayton,OH,00307600,www.miamijacobs.edu,,,
204060,2010,2011,Miami-Jacobs Career College-Dayton,Dayton,OH,00307600,www.miamijacobs.edu,,,
204060,2012,2018,Miami-Jacobs Career College-Dayton,Dayton,OH,00489811,www.miamijacobs.edu,11/19/2017,,2018
204592,2002,2004,OHIO COLLEGE OF MASSOTHERAPY INC,AKRON,OH,03116300,www.ocm.edu,,,
204592,2005,2016,Ohio College of Massotherapy Inc,Akron,OH,03116300,www.ocm.edu,09/22/2016,,2016
204884,2002,2004,OHIO VALLEY COLLEGE OF TECHNOLOGY,EAST LIVERPOOL,OH,02301400,-1,,,
204884,2005,2020,Ohio Valley College of Technology,East Liverpool,OH,02301400,ovct.edu/,,,
204884,2021,2023,East Ohio College,East Liverpool,OH,02301400,eastohio.edu/,,,
205391,2002,2004,SCHOOL OF ADVERTISING ART INC,KETTERING,OH,02553000,saacollege.com,,,
205391,2005,2012,School of Advertising Art Inc,Kettering,OH,02553000,www.saa.edu,,,
205391,2013,2018,Advertising Art Educational Services DBA School of Advertising Art,Kettering,OH,02553000,www.saa.edu,,,
205391,2019,2023,The Modern College of Design,Kettering,OH,02553000,https://themodern.edu/,,,
205513,2002,2004,GALLIPOLIS CAREER COLLEGE,GALLIPOLIS,OH,03007900,www.gallipoliscareercollege.com,,,
205513,2005,2017,Gallipolis Career College,Gallipolis,OH,03007900,www.gallipoliscareercollege.edu,12/13/2017,,2017
205522,2002,2004,SOUTHEASTERN BUSINESS COLLEGE,NEW BOSTON,OH,02056803,www.southeasternbusinesscollege.com,,,
205522,2005,2007,Southeastern Business College,New Boston,OH,02056803,www.southeasternbusinesscollege.com,,,
205522,2008,2009,Daymar College,New Boston,OH,02056803,www.daymarcollege.edu,,,
205522,2010,2017,Daymar College-New Boston,New Boston,OH,02056803,www.daymarcollege.edu,09/30/2015,,2017
205531,2004,2004,SOUTHEASTERN BUSINESS COLLEGE,JACKSON,OH,02056804,www.southeasternbusinesscollege.com,,,
205531,2005,2007,Southeastern Business College,Jackson,OH,02056804,www.southeasternbusinesscollege.com,,,
205531,2008,2009,Daymar College,Jackson,OH,02056804,www.daymarcollege.edu,,,
205531,2010,2016,Daymar College-Jackson,Jackson,OH,02056804,www.daymarcollege.edu,06/20/2016,,2016
205559,2002,2004,SOUTHEASTERN BUSINESS COLLEGE,LANCASTER,OH,02056802,www.careersohio.com,,,
205559,2005,2007,Southeastern Business College,Lancaster,OH,02056802,www.southeasternbusinesscollege.com,,,
205559,2008,2009,Daymar College,Lancaster,OH,02056802,www.daymarcollege.edu,,,
205559,2010,2015,Daymar College-Lancaster,Lancaster,OH,02056802,www.daymarcollege.edu,,,
205559,2016,2016,Daymar College-Columbus,Columbus,OH,02056802,www.daymarcollege.edu,,,
205559,2017,2017,Daymar College-Columbus,Columbus,OH,00493407,www.daymarcollege.edu,,,
205559,2018,2023,Hussian College-Daymar College Columbus,Columbus,OH,00746906,www.daymarcollege.edu/,05/26/2023,,2023
205568,2002,2003,SOUTHEASTERN BUSINESS COLLEGE,CHILLICOTHE,OH,02056800,www.southeasternbusinesscollege.com,,,
205568,2004,2004,SOUTHEASTERN BUSINESS COLLEGE,Chillicothe,OH,02056800,www.southeasternbusinesscollege.com,,,
205568,2005,2005,Southeastern Business College,Chillicothe,OH,02056800,www.southeasternbusinesscollege.com,,,
205568,2006,2007,Samuel Stephen College,Chillicothe,OH,02056800,samuelstephencollege.edu,,,
205568,2008,2009,Daymar College,Chillicothe,OH,02056800,daymarcollege.edu/,,,
205568,2010,2016,Daymar College-Chillicothe,Chillicothe,OH,02056800,daymarcollege.edu/,,,2016
205692,2002,2003,SOUTHWESTERN COLLEGE OF BUSINESS,Franklin,OH,01212802,www.swcollege.net,,,
205692,2004,2004,SOUTHWESTERN  COLLEGE,Franklin,OH,01212802,www.swcollege.net,,,
205692,2005,2005,Southwestern  College,Franklin,OH,01212802,www.swcollege.net,,,
205692,2006,2009,Southwestern College,Franklin,OH,01212802,www.swcollege.net,,,
205692,2010,2010,Lincoln College of Technology,Franklin,OH,01212802,www.swcollege.net,,,
205692,2011,2013,Lincoln College of Technology-Franklin LCT,Franklin,OH,01212802,www.lincolnedu.com,12/31/2012,,2013
205708,2002,2003,SOUTHWESTERN COLLEGE OF BUSINESS,CINCINNATI,OH,01212804,www.swcollege.net,,,
205708,2004,2004,SOUTHWESTERN COLLEGE,CINCINNATI,OH,01212804,www.swcollege.net,,,
205708,2005,2009,Southwestern College,Cincinnati,OH,01212804,www.swcollege.net,,,
205708,2010,2010,Lincoln College of Technology,Cincinnati,OH,01212804,www.swcollege.net,,,
205708,2011,2013,Lincoln College of Technology-Tri-County,Cincinnati,OH,01212804,www.lincolnedu.com/campus/cincinnati-tri-county-oh,,,
205708,2014,2014,Lincoln College of Technology-Tri-County,,OH,01212804,,12/31/2013,,2014
205717,2002,2004,SOUTHWESTERN COLLEGE OF BUSINESS,CINCINNATI,OH,01212803,www.swcollege.net/cincinnati.htm,,,
205717,2005,2006,Southwestern College of Business,Cincinnati,OH,01212803,www.swcollege.net/c_cincinnati_oh.php,,,
205717,2007,2009,Southwestern College,Cincinnati,OH,01212803,www.swcollege.net,,,
205717,2010,2010,Lincoln College of Technology,Cincinnati,OH,01212803,www.swcollege.net,,,
205717,2011,2013,Lincoln College of Technology-Vine Street,Cincinnati,OH,01212803,www.lincolnedu.com,12/31/2012,,2013
205726,2002,2004,SOUTHWESTERN COLLEGE OF BUSINESS,DAYTON,OH,01212800,swcollege.net,,,
205726,2005,2010,Southwestern College,Dayton,OH,01212800,swcollege.net,,,
205726,2011,2013,Lincoln College of Technology-Dayton,Dayton,OH,01212800,www.lincolnedu.com,,,
205726,2014,2014,Lincoln College of Technology-Dayton,,OH,01212800,,12/31/2013,,2014
206002,2002,2004,TEMPLE BAPTIST COLLEGE,CINCINNATI,OH,03726300,templebaptistcollege.com,,,
206002,2005,2010,Temple Baptist College,Cincinnati,OH,03726300,www.templebaptist.edu,,,
206002,2011,2015,Ohio Mid-Western College,Cincinnati,OH,03726300,omw.edu,03/20/2015,,2015
206224,2002,2004,TRUMBULL BUSINESS COLLEGE,Warren,OH,02054300,www.tbc-trumbullbusiness.com,,,
206224,2005,2017,Trumbull Business College,Warren,OH,02054300,www.trumbull.edu,03/21/2017,,2017
206279,2002,2004,UNION INSTITUTE & UNIVERSITY,CINCINNATI,OH,01092300,www.tui.edu,,,
206279,2005,2023,Union Institute & University,Cincinnati,OH,01092300,https://www.myunion.edu/,,,
206330,2002,2004,URBANA UNIVERSITY,URBANA,OH,00313300,www.urbana.edu,,,
206330,2005,2019,Urbana University,Urbana,OH,00313300,www.urbana.edu,,202806,2019
206394,2002,2002,VIRGINIA MARTI COLLEGE OF FASHION AND ART,LAKEWOOD,OH,01289600,www.virginiamarticollege.com,,,
206394,2003,2004,VIRGINIA MARTI COLLEGE OF ART AND DESIGN,LAKEWOOD,OH,01289600,www.vmcad.edu,,,
206394,2005,2017,Virginia Marti College of Art and Design,Lakewood,OH,01289600,www.vmcad.edu,,,
206394,2018,2023,The North Coast College,Lakewood,OH,01289600,https://www.thencc.edu/,,,
206817,2002,2004,BACONE COLLEGE,MUSKOGEE,OK,00314700,www.bacone.edu,,,
206817,2005,2023,Bacone College,Muskogee,OK,00314700,www.bacone.edu/,,,
207157,2002,2004,HILLSDALE FREE WILL BAPTIST COLLEGE,MOORE,OK,01026600,www.hc.edu,,,
207157,2005,2015,Hillsdale Free Will Baptist College,Moore,OK,01026600,www.hc.edu,,,
207157,2016,2023,Randall University,Moore,OK,01026600,www.ru.edu/,,,
207689,2002,2004,SAINT GREGORYS UNIVERSITY,Shawnee,OK,00318300,www.stgregorys.edu,,,
207689,2005,2012,Saint Gregorys University,Shawnee,OK,00318300,www.stgregorys.edu,,,
207689,2013,2013,Saint Gregory's University,Shawnee,OK,00318300,www.stgregorys.edu,,,
207689,2014,2017,St. Gregory's University,Shawnee,OK,00318300,www.stgregorys.edu,,,
208488,2002,2004,CONCORDIA UNIVERSITY,PORTLAND,OR,00319100,www.cu-portland.edu,,,
208488,2005,2009,Concordia University,Portland,OR,00319100,www.cu-portland.edu,,,
208488,2010,2020,Concordia University-Portland,Portland,OR,00319100,www.cu-portland.edu,07/11/2020,,2020
209108,2002,2004,MARYLHURST UNIVERSITY,MARYLHURST,OR,00319900,www.marylhurst.edu,,,
209108,2005,2018,Marylhurst University,Marylhurst,OR,00319900,www.marylhurst.edu,09/02/2018,,2018
209409,2002,2004,NORTHWEST CHRISTIAN COLLEGE,EUGENE,OR,00320800,www.nwcc.edu,,,
209409,2005,2007,Northwest Christian College,Eugene,OR,00320800,www.nwcc.edu,,,
209409,2008,2019,Northwest Christian University,Eugene,OR,00320800,www.nwcu.edu/,,,
209409,2020,2023,Bushnell University,Eugene,OR,00320800,www.bushnell.edu/,,,
209533,2002,2004,OREGON COLLEGE OF ART AND CRAFT,PORTLAND,OR,03007300,www.ocac.edu,,,
209533,2005,2019,Oregon College of Art and Craft,Portland,OR,03007300,www.ocac.edu,05/16/2019,,2019
210076,2002,2004,PIONEER PACIFIC COLLEGE,WILSONVILLE,OR,02330100,pioneerpacific.edu,,,
210076,2005,2017,Pioneer Pacific College,Wilsonville,OR,02330100,www.pioneerpacific.edu,,,
210076,2018,2020,Pioneer Pacific College,Beaverton,OR,02330100,www.pioneerpacific.edu,05/08/2020,,2020
210890,2002,2004,ANTONELLI INSTITUTE,ERDENHEIM,PA,00743000,www.antonelli.edu,,,
210890,2005,2017,Antonelli Institute,Erdenheim,PA,00743000,www.antonelli.edu,,,
211158,2002,2004,BLOOMSBURG UNIVERSITY OF PENNSYLVANIA,BLOOMSBURG,PA,00331500,www.bloomu.edu,,,
211158,2005,2022,Bloomsburg University of Pennsylvania,Bloomsburg,PA,00331500,https://www.bloomu.edu/,,498562,2022
211398,2002,2004,CAMBRIA ROWE BUSINESS COLLEGE,JOHNSTOWN,PA,00488900,WWW.CRBC.NET,,,
211398,2005,2009,Cambria Rowe Business College,Johnstown,PA,00488900,WWW.CRBC.NET,,,
211398,2010,2016,Cambria-Rowe Business College-Johnstown,Johnstown,PA,00488900,www.crbc.edu,08/24/2016,,2016
211909,2002,2004,DEAN INSTITUTE OF TECHNOLOGY,PITTSBURGH,PA,00918600,home.earthlink.net/~deantech,,,
211909,2005,2019,Dean Institute of Technology,Pittsburgh,PA,00918600,www.deantech.edu,05/14/2019,,2019
212018,2002,2004,DICKINSON SCHOOL OF LAW,CARLISLE,PA,00332922,www.dsl.psu.edu/,,,
212018,2005,2005,Dickinson School of Law,Carlisle,PA,00332922,www.dsl.psu.edu/,,,
212018,2006,2014,The Dickinson School of Law of the Pennsylvania State University,Carlisle,PA,00332922,law.psu.edu/,,,
212018,2015,2020,Pennsylvania State University-Dickinson Law,Carlisle,PA,00332922,law.psu.edu/,,495767,
212425,2002,2004,ERIE BUSINESS CENTER,ERIE,PA,00489400,www.ErieBC.com,,,
212425,2005,2009,Erie Business Center,Erie,PA,00489400,www.ErieBC.edu,,,
212425,2010,2014,Erie Business Center-Erie,Erie,PA,00489400,www.ErieBC.edu,12/17/2014,,2014
212993,2002,2004,HUSSIAN SCHOOL OF ART,PHILADELPHIA,PA,00746900,www.hussianart.edu,,,
212993,2005,2014,Hussian School of Art,Philadelphia,PA,00746900,www.hussianart.edu,,,
212993,2015,2018,Hussian College School of Art,Philadelphia,PA,00746900,www.hussiancollege.edu,,,
212993,2019,2023,Hussian College-Philadelphia,Philadelphia,PA,00746900,www.hussiancollege.edu/,05/26/2023,,2023
213534,2002,2004,BERKS TECHNICAL INSTITUTE,WYOMISSING,PA,02253900,www.berkstech.com,,,
213534,2005,2017,Berks Technical Institute,Wyomissing,PA,02253900,www.berks.edu,,,
213534,2018,2020,Platt College-Berks Technical Institute,Wyomissing,PA,02306828,www.berks.edu/,,,
213534,2021,2023,Miller-Motte College-Berks Technical Institute,Wyomissing,PA,02306828,https://www.berks.edu/,,,
213598,2002,2004,LINCOLN UNIVERSITY,LINCOLN UNIVERSITY,PA,00329000,www.lincoln.edu,,,
213598,2005,2013,Lincoln University of Pennsylvania,Lincoln University,PA,00329000,www.lincoln.edu,,,
213598,2014,2014,The Lincoln University,Lincoln University,PA,00329000,www.lincoln.edu,,,
213598,2015,2023,Lincoln University,Lincoln University,PA,00329000,www.lincoln.edu/,,,
213613,2002,2004,LOCK HAVEN UNIVERSITY OF PENNSYLVANIA,LOCK HAVEN,PA,00332300,www.lhup.edu,,,
213613,2005,2007,Lock Haven University of Pennsylvania,Lock Haven,PA,00332300,www.lhup.edu,,,
213613,2008,2021,Lock Haven University,Lock Haven,PA,00332300,www.lockhaven.edu/,,,
213613,2022,2022,Lock Haven University,Lock Haven,PA,00331512,www.lockhaven.edu/,,498562,2022
213686,2002,2004,ERIE BUSINESS CENTER-SOUTH,NEW CASTLE,PA,00489401,www.eriebc.edu,,,
213686,2005,2009,Erie Business Center-South,New Castle,PA,00489401,www.eriebc.edu/newcastle,,,
213686,2010,2014,Erie Business Center-New Castle,New Castle,PA,00489401,www.eriebc.edu/newcastle,12/17/2014,,2014
213783,2002,2004,MANSFIELD UNIVERSITY OF PENNSYLVANIA,MANSFIELD,PA,00332400,www.mansfield.edu,,,
213783,2005,2021,Mansfield University of Pennsylvania,Mansfield,PA,00332400,www.mansfield.edu/,,,
213783,2022,2022,Mansfield University of Pennsylvania,Mansfield,PA,00331515,www.mansfield.edu/,,498562,2022
213996,2002,2004,MESSIAH COLLEGE,GRANTHAM,PA,00329800,www.messiah.edu,,,
213996,2005,2011,Messiah College,Grantham,PA,00329800,www.messiah.edu,,,
213996,2012,2018,Messiah College,Mechanicsburg,PA,00329800,www.messiah.edu,,,
213996,2019,2023,Messiah University,Mechanicsburg,PA,00329800,www.messiah.edu/,,,
214023,2002,2002,METROPOLITAN CAREER CENTER COMPUTER TECHNOLOGY INS,PHILADELPHIA,PA,03109100,www.CareersInIT.org,,,
214023,2003,2004,METROPOLITAN CAREER CENTER COMPUTER TECHNOLOGY INST,PHILADELPHIA,PA,03109100,www.cti-info.org,,,
214023,2005,2015,Metropolitan Career Center Computer Technology Institute,Philadelphia,PA,03109100,cti-careers.org/,,,
214023,2016,2019,The Workforce Institute's City College,Philadelphia,PA,03109100,www.wficitycollege.edu,,,
214023,2020,2023,ASPIRA City College,Philadelphia,PA,03109100,https://aspiracitycollege.edu/,,,
214111,2002,2004,MONTGOMERY COUNTY COMMUNITY COLLEGE,BLUE BELL,PA,00445200,www.mc3.edu,,,
214111,2005,2006,Montgomery County Community College,Blue Bell,PA,00445200,www.mc3.edu,,,
214111,2007,2011,Montgomery County Community College-Central Campus,Blue Bell,PA,00445200,www.mc3.edu,,,
214111,2012,2023,Montgomery County Community College,Blue Bell,PA,00445200,www.mc3.edu/,,,
214591,2002,2004,PENNSYLVANIA STATE UNIV-PENN ST ERIE-BEHREND COLL,ERIE,PA,00332905,www.pserie.psu.edu/,,,
214591,2005,2023,Pennsylvania State University-Penn State Erie-Behrend College,Erie,PA,00332905,https://behrend.psu.edu/,,495767,
214607,2002,2004,PENNSYLVANIA STATE UNIVERSITY-PENN ST GREAT VALLEY,MALVERN,PA,00332919,www.gv.psu.edu,,,
214607,2005,2023,Pennsylvania State University-Penn State Great Valley,Malvern,PA,00332919,https://greatvalley.psu.edu/,,495767,
214616,2002,2004,PENNSYLVANIA STATE UNIVERSITY-COLLEGE OF MEDICINE,HERSHEY,PA,00332901,www.HMC.psu.edu/COLLEGE/,,,
214616,2005,2005,Pennsylvania State University-College of Medicine,Hershey,PA,00332901,www.HMC.psu.edu/COLLEGE/,,,
214616,2006,2006,Pennsylvania State University-Penn State Hershey College of Medicine,Hershey,PA,00332901,www.HMC.psu.edu/COLLEGE/,,,
214616,2007,2020,Pennsylvania State University-College of Medicine,Hershey,PA,00332901,med.psu.edu/,,495767,
214625,2002,2004,PENNSYLVANIA STATE UNIV-PENN STATE NEW KENSINGTON,UPPER BURRELL,PA,00332912,www.nk.psu.edu/,,,
214625,2005,2012,Pennsylvania State University-Penn State New Kensington,Upper Burrell,PA,00332912,www.nk.psu.edu/,,,
214625,2013,2023,Pennsylvania State University-Penn State New Kensington,New Kensington,PA,00332912,https://newkensington.psu.edu/,,495767,
214634,2002,2004,PENNSYLVANIA STATE UNIVERSITY-PENN STATE SHENANGO,SHARON,PA,00332916,www.SHENANGO.PSU.EDU,,,
214634,2005,2023,Pennsylvania State University-Penn State Shenango,Sharon,PA,00332916,https://shenango.psu.edu/,,495767,
214643,2002,2004,PENNSYLVANIA STATE UNIVERSITY-PENN STATE WILKES-BA,LEHMAN,PA,00332917,www.wb.psu.edu/,,,
214643,2005,2005,Pennsylvania State University-Penn State Wilkes-Ba,Lehman,PA,00332917,www.wb.psu.edu/,,,
214643,2006,2020,Pennsylvania State University-Penn State Wilkes-Barre,Lehman,PA,00332917,wilkesbarre.psu.edu/,,495767,
214643,2022,2023,Pennsylvania State University-Penn State Wilkes-Barre,Dallas,PA,00332917,https://wilkesbarre.psu.edu/,,,
214652,2002,2004,PENNSYLVANIA STATE UNIV-PENN ST WORTHINGTON SCRNTN,DUNMORE,PA,00332915,www.sn.psu.edu/,,,
214652,2005,2017,Pennsylvania State University-Penn State Worthington Scranton,Dunmore,PA,00332915,worthingtonscranton.psu.edu/,,,
214652,2018,2023,Pennsylvania State University-Penn State Scranton,Dunmore,PA,00332915,https://scranton.psu.edu/,,495767,
214670,2002,2004,PENNSYLVANIA STATE UNIV-PENN STATE LEHIGH VALLEY,FOGELSVILLE,PA,00332902,www.an.psu.edu/,,,
214670,2005,2008,Pennsylvania State University-Penn State Lehigh Valley,Fogelsville,PA,00332902,www.an.psu.edu/,,,
214670,2009,2023,Pennsylvania State University-Penn State Lehigh Valley,Center Valley,PA,00332902,https://lehighvalley.psu.edu/,,495767,
214689,2002,2004,PENNSYLVANIA STATE UNIVERSITY-PENN STATE ALTOONA,ALTOONA,PA,00332903,www.aa.psu.edu/,,,
214689,2005,2023,Pennsylvania State University-Penn State Altoona,Altoona,PA,00332903,https://altoona.psu.edu/,,495767,
214698,2002,2004,PENNSYLVANIA STATE UNIVERSITY-PENN STATE BEAVER,MONACA,PA,00332904,www.br.psu.edu/,,,
214698,2005,2023,Pennsylvania State University-Penn State Beaver,Monaca,PA,00332904,https://beaver.psu.edu/,,495767,
214704,2002,2002,PENNSYLVANIA STATE UNIVERSITY-PENN STATE BERKS,READING,PA,00332906,www.bk.psu.edu/,,,
214704,2003,2004,PENNSYLVANIA STATE UNIVERSITY-PENN STATE BERKS,Reading,PA,00332906,www.bk.psu.edu/,,,
214704,2005,2023,Pennsylvania State University-Penn State Berks,Reading,PA,00332906,https://berks.psu.edu/,,495767,
214713,2002,2004,PENNSYLVANIA STATE UNIVERSITY-PENN ST HARRISBURG,MIDDLETOWN,PA,00332920,www.hbg.psu.edu,,,
214713,2005,2023,Pennsylvania State University-Penn State Harrisburg,Middletown,PA,00332920,https://harrisburg.psu.edu/,,495767,
214731,2002,2004,PENNSYLVANIA STATE UNIVERSITY-DELAWARE COUNTY,MEDIA,PA,00332921,www.de.psu.edu/,,,
214731,2005,2005,Pennsylvania State University-Delaware County,Media,PA,00332921,www.de.psu.edu/,,,
214731,2006,2006,Pennsylvania State University-Penn State Delaware County,Media,PA,00332921,www.de.psu.edu/,,,
214731,2007,2007,Pennsylvania State University-Delaware County,Media,PA,00332921,www.de.psu.edu/,,,
214731,2008,2010,Pennsylvania State University-Brandywine,Media,PA,00332921,www.de.psu.edu/,,,
214731,2011,2023,Pennsylvania State University-Penn State Brandywine,Media,PA,00332921,https://www.brandywine.psu.edu/,,495767,
214740,2002,2003,PENNSYLVANIA STATE UNIVERSITY-PENN STATE DUBOIS,DU BOIS,PA,00332907,www.ds.psu.edu/,,,
214740,2004,2004,PENNSYLVANIA STATE UNIVERSITY-PENN STATE DUBOIS,DUBOIS,PA,00332907,www.ds.psu.edu/,,,
214740,2005,2012,Pennsylvania State University-Penn State Dubois,Dubois,PA,00332907,www.ds.psu.edu/,,,
214740,2013,2013,Pennsylvania State University-Penn State Dubois,DuBois,PA,00332907,www.ds.psu.edu/,,,
214740,2014,2023,Pennsylvania State University-Penn State DuBois,DuBois,PA,00332907,https://dubois.psu.edu/,,495767,
214759,2002,2003,PENNSYLVANIA STATE UNIVERSITY-PENN STATE FAYETTE,UNIONTOWN,PA,00332908,www.fe.psu.edu/,,,
214759,2004,2004,PENNSYLVANIA STATE UNIV-PENN STATE FAYETTE- EBERLY CAMPUS,UNIONTOWN,PA,00332908,www.fe.psu.edu/,,,
214759,2005,2012,Pennsylvania State University-Penn State Fayette- Eberly Campus,Uniontown,PA,00332908,www.fe.psu.edu/,,,
214759,2013,2023,Pennsylvania State University-Penn State Fayette- Eberly,Lemont Furnace,PA,00332908,https://fayette.psu.edu/,,495767,
214768,2002,2004,PENNSYLVANIA STATE UNIVERSITY-PENN STATE HAZLETON,HAZLETON,PA,00332909,www.hn.psu.edu/,,,
214768,2005,2023,Pennsylvania State University-Penn State Hazleton,Hazleton,PA,00332909,https://hazleton.psu.edu/,,495767,
214777,2002,2004,PENNSYLVANIA STATE UNIVERSITY-MAIN CAMPUS,UNIVERSITY PARK,PA,00332900,www.psu.edu/,,,
214777,2005,2005,Pennsylvania State University-Main Campus,University Park,PA,00332900,www.psu.edu/,,,
214777,2006,2006,Pennsylvania State University-Penn State Main Campus,University Park,PA,00332900,www.psu.edu/,,,
214777,2007,2023,Pennsylvania State University-Main Campus,University Park,PA,00332900,https://www.psu.edu/,,495767,2020
214786,2002,2004,PENNSYLVANIA STATE UNIVERSITY-PENN ST MCKEESPORT,MCKEESPORT,PA,00332910,www.mk.psu.edu/,,,
214786,2005,2005,Pennsylvania State University-Penn State McKeesport,McKeesport,PA,00332910,www.mk.psu.edu/,,,
214786,2006,2023,Pennsylvania State University-Penn State Greater Allegheny,McKeesport,PA,00332910,https://greaterallegheny.psu.edu/,,495767,
214795,2002,2004,PENNSYLVANIA STATE UNIVERSITY-PENN STATE MONT ALTO,MONT ALTO,PA,00332911,www.ma.psu.edu/,,,
214795,2005,2023,Pennsylvania State University-Penn State Mont Alto,Mont Alto,PA,00332911,https://montalto.psu.edu/,,495767,
214801,2002,2004,PENNSYLVANIA STATE UNIVERSITY-PENN STATE ABINGTON,ABINGTON,PA,00332913,www.abington.psu.edu,,,
214801,2005,2023,Pennsylvania State University-Penn State Abington,Abington,PA,00332913,https://www.abington.psu.edu/,,495767,
214810,2002,2004,PENNSYLVANIA STATE UNIVERSITY-PENN STATE SCHUYLKIL,SCHUYLKILL HAVEN,PA,00332914,www.sl.psu.edu,,,
214810,2005,2007,Pennsylvania State University-Penn State Schuylkil,Schuylkill Haven,PA,00332914,www.sl.psu.edu,,,
214810,2008,2023,Pennsylvania State University-Penn State Schuylkill,Schuylkill Haven,PA,00332914,https://schuylkill.psu.edu/,,495767,
214829,2002,2004,PENNSYLVANIA STATE UNIVERSITY-PENN STATE YORK,YORK,PA,00332918,www.yk.psu.edu/,,,
214829,2005,2023,Pennsylvania State University-Penn State York,York,PA,00332918,https://www.york.psu.edu/,,495767,
215114,2002,2004,PHILADELPHIA BIBLICAL UNIVERSITY-LANGHORNE,Langhorne,PA,00335100,www.pbu.edu,,,
215114,2005,2011,Philadelphia Biblical University-Langhorne,Langhorne,PA,00335100,www.pbu.edu,,,
215114,2012,2012,Cairn University,Langhorne,PA,00335100,www.cairn.edu,,,
215114,2013,2023,Cairn University-Langhorne,Langhorne,PA,00335100,www.cairn.edu/,,,
215132,2002,2004,UNIVERSITY OF THE SCIENCES IN PHILADELPHIA,PHILADELPHIA,PA,00335300,www.usip.edu,,,
215132,2005,2009,University of the Sciences in Philadelphia,Philadelphia,PA,00335300,www.usp.edu,,,
215132,2010,2022,University of the Sciences,Philadelphia,PA,00335300,www.usciences.edu/,,215770,2022
215637,2002,2004,THE RESTAURANT SCHOOL AT WALNUT HILL COLLEGE,PHILADELPHIA,PA,02192800,www.walnuthillcollege.edu,,,
215637,2005,2019,The Restaurant School at Walnut Hill College,Philadelphia,PA,02192800,www.walnuthillcollege.edu,,,
215637,2020,2023,Walnut Hill College,Philadelphia,PA,02192800,https://www.walnuthillcollege.edu/,,,
215770,2002,2004,SAINT JOSEPHS UNIVERSITY,PHILADELPHIA,PA,00336700,www.sju.edu,,,
215770,2005,2023,Saint Joseph's University,Philadelphia,PA,00336700,https://www.sju.edu/,,,
216418,2002,2004,TRI-STATE BUSINESS INSTITUTE,ERIE,PA,03010800,www.tsbi.edu,,,
216418,2005,2010,Tri-State Business Institute,Erie,PA,03010800,www.tsbi.edu,,,
216418,2011,2018,Fortis Institute-Erie,Erie,PA,03010800,www.fortis.edu,,,
216418,2019,2020,Fortis Institute-Erie,Erie,PA,03010804,https://www.fortis.edu/,12/19/2019,,2020
216852,2002,2004,WIDENER UNIVERSITY-MAIN CAMPUS,CHESTER,PA,00331300,www.widener.edu,,,
216852,2005,2015,Widener University-Main Campus,Chester,PA,00331300,www.widener.edu,,,
216852,2016,2023,Widener University,Chester,PA,00331300,https://www.widener.edu/,,,
217086,2002,2004,YORKTOWNE BUSINESS INSTITUTE,YORK,PA,02120800,www.ybi.edu,,,
217086,2005,2015,Yorktowne Business Institute,York,PA,02120800,www.ybi.edu,06/15/2015,,2015
217606,2002,2004,ZION BIBLE INSTITUTE,BARRINGTON,RI,03570500,www.zbi.edu,,,
217606,2005,2007,Zion Bible College,Barrington,RI,03570500,www.zbc.edu,,,
217606,2008,2011,Zion Bible College,Haverhill,MA,03570500,www.zbc.edu,,,
217606,2012,2023,Northpoint Bible College,Haverhill,MA,03570500,www.northpoint.edu/,,,
217891,2002,2004,CLINTON JUNIOR COLLEGE,ROCK HILL,SC,00492300,www.clintonjuniorcollege.edu,,,
217891,2005,2012,Clinton Junior College,Rock Hill,SC,00492300,www.clintonjuniorcollege.edu,,,
217891,2013,2023,Clinton College,Rock Hill,SC,00492300,www.clintoncollege.edu/,,,
218043,2002,2004,FORREST JUNIOR COLLEGE,ANDERSON,SC,00492400,www.forrestcollege.edu,,,
218043,2005,2010,Forrest Junior College,Anderson,SC,00492400,www.forrestcollege.edu,,,
218043,2011,2020,Forrest College,Anderson,SC,00492400,www.forrestcollege.edu/,06/19/2020,,2020
219055,2002,2004,KILIAN COMMUNITY COLLEGE,SIOUX FALLS,SD,02144600,kilian.edu,,,
219055,2005,2016,Kilian Community College,Sioux Falls,SD,02144600,www.kilian.edu,05/31/2016,,2016
219213,2002,2003,NATIONAL AMERICAN UNIVERSITY,SIOUX FALLS,SD,00405707,www.national.edu,,,
219213,2004,2004,NATIONAL AMERICAN UNIVERSITY-SIOUX FALLS,SIOUX FALLS,SD,00405707,www.national.edu,,,
219213,2005,2019,National American University-Sioux Falls,Sioux Falls,SD,00405707,www.national.edu/locations/campuses/sioux-falls/,05/31/2019,,2019
219295,2002,2004,PRESENTATION COLLEGE,ABERDEEN,SD,00346700,www.presentation.edu,,,
219295,2005,2023,Presentation College,Aberdeen,SD,00346700,www.presentation.edu/,08/04/2023,,2023
219578,2002,2004,AQUINAS COLLEGE,NASHVILLE,TN,00347700,aquinas-tn.edu,,,
219578,2005,2017,Aquinas College,Nashville,TN,00347700,www.aquinascollege.edu,,,
219639,2002,2004,BAPTIST MEMORIAL COLLEGE OF HEALTH SCIENCES,MEMPHIS,TN,03440300,www.bchs.edu,,,
219639,2005,2019,Baptist Memorial College of Health Sciences,Memphis,TN,03440300,www.bchs.edu,,,
219639,2020,2023,Baptist Health Sciences University,Memphis,TN,03440300,www.baptistu.edu/,,,
219790,2002,2004,BRYAN COLLEGE,DAYTON,TN,00353600,www.bryan.edu,,,
219790,2005,2009,Bryan College,Dayton,TN,00353600,www.bryan.edu,,,
219790,2010,2023,Bryan College-Dayton,Dayton,TN,00353600,www.bryan.edu/,,,
220002,2002,2004,DRAUGHONS JUNIOR COLLEGE INC,NASHVILLE,TN,00493400,www.draughons.edu,,,
220002,2005,2009,Draughons Junior College Inc,Nashville,TN,00493400,www.draughons.edu,,,
220002,2010,2015,Daymar Institute-Nashville,Nashville,TN,00493400,www.daymarinstitute.edu,,,
220002,2016,2017,Daymar College-Nashville,Nashville,TN,00493400,www.daymarinstitute.edu,,,
220002,2018,2023,Hussian College-Daymar College Nashville,Nashville,TN,00746902,www.daymarcollege.edu/,05/26/2023,,2023
220206,2002,2004,FREE WILL BAPTIST BIBLE COLLEGE,NASHVILLE,TN,03001800,WWW.FWBBC.EDU,,,
220206,2005,2011,Free Will Baptist Bible College,Nashville,TN,03001800,WWW.FWBBC.EDU,,,
220206,2012,2016,Welch College,Nashville,TN,03001800,www.welch.edu,,,
220206,2017,2023,Welch College,Gallatin,TN,03001800,www.welch.edu/,,,
220312,2002,2004,HIWASSEE COLLEGE,MADISONVILLE,TN,00349400,www.hiwassee.edu,,,
220312,2005,2019,Hiwassee College,Madisonville,TN,00349400,www.hiwassee.edu,05/10/2019,,2019
220701,2002,2004,MARTIN METHODIST COLLEGE,Pulaski,TN,00350400,www.martinmethodist.edu,,,
220701,2005,2020,Martin Methodist College,Pulaski,TN,00350400,www.martinmethodist.edu/,,,
220701,2021,2023,The University of Tennessee Southern,Pulaski,TN,00350400,https://www.utsouthern.edu/,,,
220808,2002,2004,MEMPHIS COLLEGE OF ART,MEMPHIS,TN,00350700,www.mca.edu,,,
220808,2005,2020,Memphis College of Art,Memphis,TN,00350700,www.mca.edu,,,
220941,2002,2003,CRICHTON COLLEGE,MEMPHIS,TN,00998200,www.crichton.edu,,,
220941,2004,2004,CRICHTON COLLEGE,Memphis,TN,00998200,www.crichton.edu,,,
220941,2005,2008,Crichton College,Memphis,TN,00998200,www.crichton.edu,,,
220941,2009,2013,Victory University,Memphis,TN,00998200,www.victory.edu,,,
220941,2014,2014,Victory University,,TN,00998200,,05-07-2014,,2014
221014,2002,2004,MILLIGAN COLLEGE,MILLIGAN COLLEGE,TN,00351100,www.milligan.edu,,,
221014,2005,2015,Milligan College,Milligan College,TN,00351100,www.milligan.edu,,486901,2015
221254,2002,2004,O'MORE COLLEGE OF DESIGN,FRANKLIN,TN,02106400,www.omorecollege.edu,,,
221254,2005,2017,O'More College of Design,Franklin,TN,02106400,www.omorecollege.edu,,,
221519,2002,2002,UNIVERSITY OF THE SOUTH,Sewanee,TN,00353400,www.sewanee.edu,,,
221519,2003,2003,SEWANEE-THE UNIVERSITY OF THE SOUTH,Sewanee,TN,00353400,www.sewanee.edu,,,
221519,2004,2004,SEWANEE: THE UNIVERSITY OF THE SOUTH,Sewanee,TN,00353400,www.sewanee.edu,,,
221519,2005,2008,Sewanee:  The University of the South,Sewanee,TN,00353400,www.sewanee.edu,,,
221519,2009,2017,Sewanee-The University of the South,Sewanee,TN,00353400,www.sewanee.edu,,,
221519,2018,2023,The University of the South,Sewanee,TN,00353400,www.sewanee.edu/,,,
221759,2002,2004,THE UNIVERSITY OF TENNESSEE,KNOXVILLE,TN,00353000,www.tennessee.edu,,,
221759,2005,2012,The University of Tennessee,Knoxville,TN,00353000,www.tennessee.edu,,,
221759,2013,2023,The University of Tennessee-Knoxville,Knoxville,TN,00353000,www.utk.edu/,,,
221795,2002,2002,TENNESSEE INSTITUTE OF ELECTRONICS,KNOXVILLE,TN,00743900,www.tie1.com,,,
221795,2003,2004,FOUNTAINHEAD COLLEGE OF TECHNOLOGY,KNOXVILLE,TN,00743900,www.fountainheadcollege.edu,,,
221795,2005,2018,Fountainhead College of Technology,Knoxville,TN,00743900,www.fountainheadcollege.edu,10/30/2018,,2018
221856,2002,2004,TENNESSEE TEMPLE UNIVERSITY,CHATTANOOGA,TN,00352400,www.tntemple.edu,,,
221856,2005,2014,Tennessee Temple University,Chattanooga,TN,00352400,www.tntemple.edu,,,
221856,2015,2015,Tennessee Temple University,Winston Salem,NC,00352400,www.tntemple.edu,,,2015
221856,2016,2016,Tennessee Temple University,Chattanooga,TN,00352400,,,489937,2016
224183,2002,2003,COURT REPORTING INSTITUTE-WHEELER INSTITUTE OF TX,DALLAS,TX,02119200,www.crid.com,,,
224183,2004,2004,COURT REPORTING INSTITUTE-WHEELER INSTITUTE OF TEXAS,DALLAS,TX,02119200,www.crid.com,,,
224183,2005,2012,Court Reporting Institute-Wheeler Institute of Texas,Dallas,TX,02119200,www.cri.edu/,,,
224183,2013,2014,Court Reporting Institute of Dallas,Dallas,TX,02119200,www.cri.edu,,,
224183,2015,2015,Court Reporting Institute of Dallas,Dallas,TX,02119205,,03/26/2015,,2015
224554,2002,2004,TEXAS A & M UNIVERSITY-COMMERCE,COMMERCE,TX,00356500,www.tamu-commerce.edu,,,
224554,2005,2023,Texas A & M University-Commerce,Commerce,TX,00356500,www.tamuc.edu/,,,
225070,2002,2004,GRAYSON COUNTY COLLEGE,DENISON,TX,00357000,www.grayson.edu,,,
225070,2005,2011,Grayson County College,Denison,TX,00357000,www.grayson.edu,,,
225070,2012,2023,Grayson College,Denison,TX,00357000,grayson.edu/,,,
225399,2002,2004,HOUSTON BAPTIST UNIVERSITY,HOUSTON,TX,00357600,www.hbu.edu,,,
225399,2005,2022,Houston Baptist University,Houston,TX,00357600,https://www.hbu.edu/,,,
225399,2023,2023,Houston Christian University,Houston,TX,00357600,https://www.hc.edu/,,,
226329,2002,2004,LON MORRIS COLLEGE,JACKSONVILLE,TX,00358500,www.lonmorris.edu,,,
226329,2005,2012,Lon Morris College,Jacksonville,TX,00358500,www.lonmorris.edu,08/19/2012,,2012
227243,2002,2004,NORTHWOOD UNIVERSITY,CEDAR HILL,TX,00407221,www.northwood.edu,,,
227243,2005,2009,Northwood University,Cedar Hill,TX,00407221,www.northwood.edu,,,
227243,2010,2016,Northwood University-Texas,Cedar Hill,TX,00407221,www.northwood.edu,,171492,2016
227368,2002,2004,THE UNIVERSITY OF TEXAS-PAN AMERICAN,EDINBURG,TX,00359900,www.utpa.edu,,,
227368,2005,2014,The University of Texas-Pan American,Edinburg,TX,00359900,www.utpa.edu,,,
227368,2015,2023,The University of Texas Rio Grande Valley,Edinburg,TX,00359900,www.utrgv.edu/,,,
227377,2002,2004,THE UNIVERSITY OF TEXAS AT BROWNSVILLE,BROWNSVILLE,TX,03064600,WWW.UTB.EDU,,,
227377,2005,2015,The University of Texas at Brownsville,Brownsville,TX,03064600,www.utb.edu,,,
227377,2016,2023,Texas Southmost College,Brownsville,TX,03064600,www.tsc.edu/,,,
228316,2002,2004,SOUTHWEST TEXAS JUNIOR COLLEGE,UVALDE,TX,00361400,www.swtjc.cc.tx.us,,,
228316,2005,2023,Southwest Texas Junior College,Uvalde,TX,00361400,https://www.swtjc.edu/,,,
228325,2002,2004,SOUTHWESTERN ASSEMBLIES OF GOD UNIVERSITY,WAXAHACHIE,TX,00361600,www.sagu.edu,,,
228325,2005,2023,Southwestern Assemblies of God University,Waxahachie,TX,00361600,www.sagu.edu/,,,
228714,2002,2003,TEXAS A & M UNIVERSITY-GALVESTON,GALVESTON,TX,00363204,www.tamug.edu,,,
228714,2004,2004,TEXAS A & M UNIVERSITY AT GALVESTON,GALVESTON,TX,00363204,www.tamug.edu,,,
228714,2005,2009,Texas A & M University at Galveston,Galveston,TX,00363204,www.tamug.edu,,,
228714,2010,2013,Texas A & M University-Galveston,Galveston,TX,00363204,www.tamug.edu,,228723,2013
228723,2002,2004,TEXAS A & M UNIVERSITY,COLLEGE STATION,TX,00363200,www.tamu.edu,,,
228723,2005,2009,Texas A & M University,College Station,TX,00363200,www.tamu.edu,,,
228723,2010,2023,Texas A & M University-College Station,College Station,TX,00363200,https://www.tamu.edu/,,,
229319,2002,2004,TEXAS STATE TECHNICAL COLLEGE-HARLINGEN,HARLINGEN,TX,00922500,www.harlingen.tstc.edu,,,
229319,2005,2007,Texas State Technical College-Harlingen,Harlingen,TX,00922500,www.harlingen.tstc.edu,,,
229319,2008,2012,Texas State Technical College Harlingen,Harlingen,TX,00922500,www.harlingen.tstc.edu,,,
229319,2013,2015,Texas State Technical College-Harlingen,Harlingen,TX,00922500,www.tstc.edu,,487320,2015
229328,2002,2004,TEXAS STATE TECHNICAL COLLEGE-WEST TEXAS,SWEETWATER,TX,00993200,www.westtexas.tstc.edu,,,
229328,2005,2015,Texas State Technical College-West Texas,Sweetwater,TX,00993200,www.texas.tstc.edu,,487320,2015
230056,2002,2004,UTAH CAREER COLLEGE,West Jordan,UT,01116600,www.utahcollege.edu,,,
230056,2005,2009,Utah Career College,West Jordan,UT,01116600,www.utahcollege.edu,,,
230056,2010,2020,Broadview University-West Jordan,West Jordan,UT,01116600,https://www.broadviewuniversity.edu/,,,
230056,2021,2022,Broadview College,West Jordan,UT,01116600,https://www.broadview.edu/,,,
230092,2002,2004,COLLEGE OF EASTERN UTAH,PRICE,UT,00367600,www.ceu.edu,,,
230092,2005,2009,College of Eastern Utah,Price,UT,00367600,www.ceu.edu,,,
230092,2010,2011,Utah State University-College of Eastern Utah,Price,UT,00367600,www.ceu.edu,,,
230092,2012,2012,Utah State University-College of Eastern Utah,,UT,00367706,,,230728,2012
230171,2002,2004,DIXIE STATE COLLEGE OF UTAH,ST GEORGE,UT,00367100,www.dixie.edu,,,
230171,2005,2011,Dixie State College of Utah,Saint George,UT,00367100,www.dixie.edu/,,,
230171,2012,2021,Dixie State University,Saint George,UT,00367100,dixie.edu/,,,
230171,2022,2023,Utah Tech University,Saint George,UT,00367100,utahtech.edu/,,,
230418,2002,2004,LATTER DAY SAINTS BUSINESS COLLEGE,SALT LAKE CITY,UT,00367200,www.ldsbc.edu,,,
230418,2005,2007,Latter Day Saints Business College,Salt Lake City,UT,00367200,www.ldsbc.edu,,,
230418,2008,2016,Latter-day Saints Business College,Salt Lake City,UT,00367200,www.ldsbc.edu,,,
230418,2017,2019,LDS Business College,Salt Lake City,UT,00367200,www.ldsbc.edu,,,
230418,2020,2023,Ensign College,Salt Lake City,UT,00367200,www.ensign.edu/,,,
230728,2002,2004,UTAH STATE UNIVERSITY,LOGAN,UT,00367700,www.usu.edu,,,
230728,2005,2023,Utah State University,Logan,UT,00367700,https://www.usu.edu/,,,
230834,2002,2004,CASTLETON STATE COLLEGE,CASTLETON,VT,00368300,www.castleton.edu,,,
230834,2005,2014,Castleton State College,Castleton,VT,00368300,www.castleton.edu,,,
230834,2015,2022,Castleton University,Castleton,VT,00368300,https://www.castleton.edu/,,,
230834,2023,2023,Castleton University,Castleton,VT,00369819,,,231165,2023
230913,2002,2004,JOHNSON STATE COLLEGE,JOHNSON,VT,00368800,WWW.JSC.VSC.EDU,,,
230913,2005,2017,Johnson State College,Johnson,VT,00368800,www.jsc.edu,,,
230913,2018,2022,Northern Vermont University,Johnson,VT,00368800,www.northernvermont.edu/,,,
230913,2023,2023,Northern Vermont University,Johnson,VT,00369813,,,231165,2023
230931,2002,2004,LYNDON STATE COLLEGE,LYNDONVILLE,VT,00368900,WWW.LYNDONSTATE.EDU,,,
230931,2005,2018,Lyndon State College,Lyndonville,VT,00368900,WWW.LYNDONSTATE.EDU,,230913,2018
231165,2002,2004,VERMONT TECHNICAL COLLEGE,Randolph Center,VT,00369800,www.vtc.edu,,,
231165,2005,2015,Vermont Technical College,Randolph Center,VT,00369800,www.vtc.edu,,,
231165,2016,2022,Vermont Technical College,Randolph,VT,00369800,www.vtc.edu/,,,
231165,2023,2023,Vermont State University,Randolph,VT,00369800,vermontstate.edu/,,,
231420,2002,2004,AVERETT UNIVERSITY,DANVILLE,VA,00370200,www.averett.edu,,,
231420,2005,2023,Averett University,Danville,VA,00370200,https://www.averett.edu/,,,
231837,2002,2002,COMMUNITY HOSP OF ROANOKE VALLEY COLL OF HLTH SCI,ROANOKE,VA,00662200,www.chs.edu,,,
231837,2003,2004,JEFFERSON COLLEGE OF HEALTH SCIENCES,ROANOKE,VA,00662200,www.jchs.edu,,,
231837,2005,2018,Jefferson College of Health Sciences,Roanoke,VA,00662200,www.jchs.edu,,,
231837,2019,2020,Radford University-Carilion,Roanoke,VA,00373205,https://www.radford.edu/content/ruc/home.html,,233277,2020
231873,2002,2004,DABNEY S LANCASTER COMMUNITY COLLEGE,Clifton Forge,VA,00499600,www.dl.vccs.edu,,,
231873,2005,2021,Dabney S Lancaster Community College,Clifton Forge,VA,00499600,www.dslcc.edu/,,,
231873,2022,2023,Mountain Gateway Community College,Clifton Forge,VA,00499600,www.mgcc.edu/,,,
232797,2002,2004,NATIONAL COLLEGE OF BUSINESS AND TECHNOLOGY-SALEM,SALEM,VA,00372600,www.ncbt.edu,,,
232797,2005,2005,National College of Business and Technology-Salem,Salem,VA,00372600,www.ncbt.edu,,,
232797,2006,2012,National College-Salem,Salem,VA,00372600,www.national-college.edu,,,
232797,2013,2023,American National University,Salem,VA,00372600,https://www.an.edu/locations/,,,
233091,2002,2004,MILLER-MOTTE TECHNICAL COLLEGE,LYNCHBURG,VA,00499200,www.miller-motte.net,,,
233091,2005,2009,Miller-Motte Technical College,Lynchburg,VA,00499200,www.miller-motte.net,,,
233091,2010,2018,Miller-Motte Technical College-Lynchburg,Lynchburg,VA,00499200,www.miller-motte.edu/,05/25/2018,,2018
233277,2002,2004,RADFORD UNIVERSITY,RADFORD,VA,00373200,www.radford.edu,,,
233277,2005,2023,Radford University,Radford,VA,00373200,https://www.radford.edu/,,,
233338,2002,2003,RICHARD BLAND THE COLLEGE OF WILLIAM AND MARY,PETERSBURG,VA,00370700,www.rbc.edu,,,
233338,2004,2004,RICHARD BLAND COLLEGE OF THE COLLEGE OF WILLIAM AND MARY,PETERSBURG,VA,00370700,www.rbc.edu,,,
233338,2005,2015,Richard Bland College of the College of William and Mary,Petersburg,VA,00370700,www.rbc.edu,,,
233338,2016,2017,Richard Bland College of William and Mary,South Prince George,VA,00370700,www.rbc.edu,,,
233338,2018,2023,Richard Bland College,South Prince George,VA,00370700,www.rbc.edu/,,,
233912,2002,2004,VIRGINIA INTERMONT COLLEGE,BRISTOL,VA,00375200,www.vic.edu,,,
233912,2005,2013,Virginia Intermont College,Bristol,VA,00375200,www.vic.edu,,,
234173,2002,2004,VIRGINIA WESLEYAN COLLEGE,NORFOLK,VA,00376700,www.vwc.edu,,,
234173,2005,2016,Virginia Wesleyan College,Norfolk,VA,00376700,www.vwc.edu,,,
234173,2017,2023,Virginia Wesleyan University,Virginia Beach,VA,00376700,https://www.vwu.edu/,,,
235237,2002,2004,PIERCE COLLEGE AT FORT STEILACOOM,LAKEWOOD,WA,00500000,www.pierce.ctc.edu/,,,
235237,2005,2013,Pierce College at Fort Steilacoom,Lakewood,WA,00500000,www.pierce.ctc.edu,,,
235237,2014,2019,Pierce College-Fort Steilacoom,Lakewood,WA,00500000,www.pierce.ctc.edu,,,
235237,2020,2023,Pierce College District,Lakewood,WA,00500000,www.pierce.ctc.edu/,,,
237118,2002,2004,ALDERSON BROADDUS COLLEGE,PHILIPPI,WV,00380600,blue.ab.edu/,,,
237118,2005,2012,Alderson Broaddus College,Philippi,WV,00380600,www.ab.edu/,,,
237118,2013,2023,Alderson Broaddus University,Philippi,WV,00380600,ab.edu/,05/03/2023,,2023
237598,2002,2004,MOUNTAIN STATE COLLEGE,PARKERSBURG,WV,00500800,www.mountainstate.org,,,
237598,2005,2023,Mountain State College,Parkersburg,WV,00500800,www.msc.edu/,03/31/2024,,2023
237640,2002,2004,OHIO VALLEY COLLEGE,VIENNA,WV,00381900,www.ovc.edu,,,
237640,2005,2021,Ohio Valley University,Vienna,WV,00381900,https://www.ovu.edu/,12/17/2021,,2021
237783,2002,2004,SALEM INTERNATIONAL UNIVERSITY,SALEM,WV,00382000,WWW.SALEMIU.EDU,,,
237783,2005,2017,Salem International University,Salem,WV,00382000,www.salemu.edu,,,
237783,2018,2023,Salem University,Salem,WV,00382000,https://www.salemu.edu/,,,
238078,2002,2004,WHEELING JESUIT UNIVERSITY,WHEELING,WV,00383100,www.wju.edu,,,
238078,2005,2018,Wheeling Jesuit University,Wheeling,WV,00383100,www.wju.edu,,,
238078,2019,2023,Wheeling University,Wheeling,WV,00383100,www.wheeling.edu/,,,
238935,2002,2004,DEVRY UNIVERSITY-WISCONSIN,MILWAUKEE,WI,02075403,www.devry.edu,,,
238935,2005,2005,DeVry University-Wisconsin,Milwaukee,WI,02075403,www.devry.edu,,,
238935,2006,2007,DeVry University-Wisconsin,Waukesha,WI,02075403,www.devry.edu,,,
238935,2008,2010,DeVry University-Wisconsin,Milwaukee,WI,02075403,www.devry.edu,,,
238935,2011,2013,DeVry University-Wisconsin,Milwaukee,WI,01072739,www.devry.edu,,482671,2013
239503,2005,2008,Northland Baptist Bible College,Dunbar,WI,03872500,www.nbbc.edu,,,
239503,2009,2015,Northland International University,Dunbar,WI,03872500,www.ni.edu,,,
239743,2002,2004,SILVER LAKE COLLEGE,MANITOWOC,WI,00385000,www.sl.edu,,,
239743,2005,2010,Silver Lake College,Manitowoc,WI,00385000,www.sl.edu/,,,
239743,2011,2018,Silver Lake College of the Holy Family,Manitowoc,WI,00385000,www.sl.edu/,,,
239743,2019,2020,Holy Family College,Manitowoc,WI,00385000,www.holyfamilycollege.edu/,08/29/2020,,2020
239929,2002,2003,BRYANT AND STRATTON COLLEGE,MILWAUKEE,WI,00500900,www.bryantstratton.edu,,,
239929,2004,2004,BRYANT AND STRATTON COLLEGE-MILWAUKEE,MILWAUKEE,WI,00267813,www.bryantstratton.edu,,,
239929,2005,2011,Bryant and Stratton College-Milwaukee,Milwaukee,WI,00267813,www.bryantstratton.edu,,,
239929,2012,2018,Bryant & Stratton College-Milwaukee,Milwaukee,WI,00267813,https://www.bryantstratton.edu,08/13/2018,,2018
240198,2002,2004,WISCONSIN INDIANHEAD TECHNICAL COLLEGE,Shell Lake,WI,01182400,www.witc.edu,,,
240198,2005,2020,Wisconsin Indianhead Technical College,Shell Lake,WI,01182400,https://www.witc.edu/,,,
240198,2021,2022,Northwood Technical College,Shell Lake,WI,01182400,https://www.northwoodtech.edu/,,,
240198,2023,2023,Northwood Technical College,Rice Lake,WI,01182400,https://www.northwoodtech.edu/,,,
244190,2002,2004,WIDENER UNIVERSITY-DELAWARE CAMPUS,WILMINGTON,DE,00331301,www.widener.edu,,,
244190,2005,2014,Widener University-Delaware Campus,Wilmington,DE,00331301,www.widener.edu,,,
244190,2015,2016,Widener University-Delaware Law School,Wilmington,DE,00331301,www.widener.edu,,216852,2016
244233,2002,2004,CITY COLLEGE,FT LAUDERDALE,FL,02515400,www.citycollege.edu,,,
244233,2005,2009,City College,Fort Lauderdale,FL,02515400,www.citycollege.edu,,,
244233,2010,2022,City College-Fort Lauderdale,Fort Lauderdale,FL,02515400,https://www.citycollege.edu/,,,
244233,2023,2023,City College-Hollywood,Hollywood,FL,02515400,https://www.citycollege.edu/,,,
245032,2002,2002,SOUTHWESTERN COLLEGE OF BUSINESS,CRESTVIEW HILLS,KY,01212801,,,,
245032,2003,2003,SOUTHWESTERN COLLEGE OF BUSINESS,FLORENCE,KY,01212801,-1,,,
245032,2004,2004,SOUTHWESTERN COLLEGE,FLORENCE,KY,01212801,www.swcollege.net,,,
245032,2005,2010,Southwestern College,Florence,KY,01212801,www.swcollege.net,,,
245032,2011,2013,Lincoln College of Technology-Florence,Florence,KY,01212801,www.lincolnedu.com/campus/florence-ky,,,
245032,2014,2014,Lincoln College of Technology-Florence,,KY,01212801,,12/31/2013,,2014
245421,2002,2003,METRO BUSINESS COLLEGE,ROLLA,MO,02180202,WWW.METROBUSINESSCOLLEGE.EDU,,,
245421,2010,2019,Metro Business College-Rolla,Rolla,MO,02180202,www.metrobusinesscollege.edu,,,
245430,2002,2003,METRO BUSINESS COLLEGE,JEFFERSON CITY,MO,02180201,WWW.METROBUSINESSCOLLEGE.EDU,,,
245430,2010,2019,Metro Business College-Jefferson City,Jefferson City,MO,02180201,www.metrobusinesscollege.edu,,,
247700,2002,2003,NATIONAL AMERICAN UNIVERSITY,KANSAS CITY,MO,00405704,www.national.edu,,,
247700,2004,2004,NATIONAL AMERICAN UNIVERSITY-INDEPENDENCE,Independence,MO,00405704,www.national.edu,,,
247700,2005,2019,National American University-Independence,Independence,MO,00405704,www.national.edu/locations/campuses/independence/,05/31/2019,,2019
248776,2002,2004,OKEFENOKEE TECHNICAL COLLEGE,WAYCROSS,GA,00551100,www.okefenokeetech.org,,,
248776,2005,2013,Okefenokee Technical College,Waycross,GA,00551100,www.okefenokeetech.edu,,,
248776,2014,2014,Coastal Pines Technical College,,GA,00551100,,,485458,2014
248882,2002,2004,NATIONAL AMERICAN UNIVERSITY-ALBUQUERQUE,ALBUQUERQUE,NM,00405701,www.national.edu,,,
248882,2005,2005,National American University-Albuquerque,Albuquerque,NM,00405701,www.national.edu,,,
248882,2006,2011,National American University-Albuquerque,Albuequerque,NM,00405701,www.national.edu,,,
248882,2012,2018,National American University-Albuquerque,Albuquerque,NM,00405701,www.national.edu/locations/campuses/albuquerque/,11/30/2018,,2018
260372,2002,2004,LAC COURTE OREILLES OJIBWA COMMUNITY COLLEGE,HAYWARD,WI,02532200,www.lco-college.edu,,,
260372,2005,2018,Lac Courte Oreilles Ojibwa Community College,Hayward,WI,02532200,www.lco.edu,,,
260372,2019,2021,Lac Courte Oreilles Ojibwe College,Hayward,WI,02532200,www.lco.edu/,,,
260372,2022,2023,Lac Courte Oreilles Ojibwe University,Hayward,WI,02532200,www.lco.edu/,,,
260947,2002,2004,CHRISTIAN LIFE COLLEGE,MT PROSPECT,IL,03199300,www.christianlifecollege.edu,,,
260947,2005,2019,Christian Life College,Mount Prospect,IL,03199300,www.christianlifecollege.edu,,,
261861,2002,2004,WEST VIRGINIA CAREER INSTITUTE,MOUNT BRADDOCK,PA,00500701,www.wvjcmorgantown.edu,,,
261861,2005,2008,West Virginia Career Institute,Mount Braddock,PA,00500701,www.wvci.edu,,,
261861,2009,2018,Pennsylvania Institute of Health and Technology,Mount Braddock,PA,00500701,www.piht.edu,,,
261861,2019,2023,West Virginia Junior College-United Career Institute,Mount Braddock,PA,00500701,www.unitedcareer.edu/,03/26/2023,,2023
261931,2002,2004,ECPI TECHNICAL COLLEGE,ROANOKE,VA,03092700,www.ecpitech.edu,,,
261931,2005,2009,ECPI Technical College,Roanoke,VA,03092700,www.ecpitech.edu,,,
261931,2010,2016,Skyline College-Roanoke,Roanoke,VA,03092700,www.skyline.edu,11/30/2015,,2016
262457,2002,2004,SAN JOAQUIN VALLEY COLLEGE,FRESNO,CA,02120701,www.sjvc.edu,,,
262457,2005,2013,San Joaquin Valley College-Fresno,Fresno,CA,02120701,www.sjvc.edu,,,
262457,2014,2014,San Joaquin Valley College-Fresno,,CA,02120701,,,122685,
262457,2020,2023,San Joaquin Valley College-Fresno,Fresno,CA,02120701,www.sjvc.edu/,,,
363439,2002,2004,DRAUGHONS JUNIOR COLLEGE,BOWLING GREEN,KY,00493402,WWW.DRAUGHONS.edu,,,
363439,2005,2009,Draughons Junior College,Bowling Green,KY,00493402,www.draughons.edu,,,
363439,2010,2017,Daymar College-Bowling Green,Bowling Green,KY,00493402,www.daymarcollege.edu,,,
363439,2018,2021,Hussian College-Daymar College Bowling Green,Bowling Green,KY,00746905,www.daymarcollege.edu/,03/21/2022,,2021
364885,2002,2004,EDUTECH CENTERS,CLEARWATER,FL,02586200,www.edutechctr.com,,,
364885,2005,2006,Edutech Centers,Clearwater,FL,02586200,www.edutechctr.com,,,
364885,2007,2009,Florida Career College,Clearwater,FL,02586200,www.careercollege.edu,,,
364885,2010,2011,Florida Career College-Clearwater,Clearwater,FL,02586200,www.careercollege.edu,,,
364885,2012,2012,Florida Career College-Clearwater,Clearwater,FL,02305810,www.careercollege.edu,,133997,2012
366447,2002,2004,ALTAMAHA TECHNICAL COLLEGE,JESUP,GA,03032100,www.altamahatech.edu,,,
366447,2005,2013,Altamaha Technical College,Jesup,GA,03032100,www.altamahatech.edu,,,
366447,2014,2014,Altamaha Technical College,,GA,03032100,,,485458,2014
366553,2002,2004,SOUTHWEST FLORIDA COLLEGE,Fort Myers,FL,02278800,www.swfc.edu,,,
366553,2005,2013,Southwest Florida College,Fort Myers,FL,02278800,www.swfc.edu,,,
366553,2014,2023,Southern Technical College,Fort Myers,FL,02278800,www.southerntech.edu/,,,
367097,2002,2002,LAWRENCE CAREER COLLEGE,LAWRENCE,KS,02613000,lcc-ks.com,,,
367097,2003,2004,PINNACLE CAREER INSTITUTE,LAWRENCE,KS,02613000,www.pcitraining.edu,,,
367097,2005,2009,Pinnacle Career Institute,Lawrence,KS,02613000,www.pcitraining.edu,,,
367097,2010,2018,Pinnacle Career Institute-Lawrence,Lawrence,KS,02613000,www.pcitraining.edu,08/15/2017,,2018
367194,2002,2003,Musictech College,St Paul,MN,03001200,www.musictech.edu,,,
367194,2004,2004,MCNALLY SMITH COLLEGE OF MUSIC,St Paul,MN,03001200,www.mcnallysmith.edu,,,
367194,2005,2017,McNally Smith College of Music,Saint Paul,MN,03001200,www.mcnallysmith.edu,12/15/2017,,2017
368443,2002,2004,DRAUGHONS JUNIOR COLLEGE,CLARKSVILLE,TN,00493401,www.draughons.edu,,,
368443,2005,2008,Draughons Junior College,Clarksville,TN,00493401,www.draughons.edu,,,
368443,2009,2009,Daymar Institute,Clarksville,TN,00493401,www.draughons.edu,,,
368443,2010,2015,Daymar Institute-Clarksville,Clarksville,TN,00493401,www.daymarinstitute.edu,,,
368443,2016,2017,Daymar College-Clarksville,Clarksville,TN,00493401,www.daymarinstitute.edu,,,
368443,2018,2023,Hussian College-Daymar College Clarksville,Clarksville,TN,00746904,www.daymarcollege.edu/,05/26/2023,,2023
368452,2002,2004,NOSSI COLLEGE OF ART,GOODLETTSVILLE,TN,02578200,www.nossi.com,,,
368452,2005,2009,Nossi College of Art,Goodlettsville,TN,02578200,www.nossi.com,,,
368452,2010,2018,Nossi College of Art,Madison,TN,02578200,www.nossi.edu,,,
368452,2019,2022,Nossi College of Art,Nashville,TN,02578200,https://www.nossi.edu/,,,
368452,2023,2023,Nossi College of Art and Design,Nashville,TN,02578200,https://www.nossi.edu/,,,
369862,2002,2004,ACADEMY OF COURT REPORTING-COLUMBUS,COLUMBUS,OH,02152101,-1,,,
369862,2005,2008,Academy of Court Reporting-Columbus,Columbus,OH,02152101,,,,
369862,2009,2009,Miami-Jacobs Career College,Columbus,OH,02152101,,,,
369862,2010,2011,Miami-Jacobs Career College-Columbus,Columbus,OH,02152101,www.miamijacobs.edu,,,
369862,2012,2018,Miami-Jacobs Career College-Columbus,Columbus,OH,00489815,www.miamijacobs.edu,04/20/2018,,2018
369905,2002,2003,BRYANT AND STRATTON COLLEGE,WILLOUGHBY HILLS,OH,02274401,www.bryantstratton.edu,,,
369905,2004,2004,BRYANT AND STRATTON COLLEGE-WILLOUGHBY HILLS,WILLOUGHBY HILLS,OH,00267809,www.bryantstratton.edu,,,
369905,2005,2007,Bryant and Stratton College-Willoughby Hills,Willoughby Hills,OH,00267809,www.bryantstratton.edu,,,
369905,2008,2009,Bryant and Stratton College-Eastlake Campus,Eastlake,OH,00267809,www.bryantstratton.edu,,,
369905,2010,2011,Bryant and Stratton College-Eastlake,Eastlake,OH,00267809,www.bryantstratton.edu,,,
369905,2012,2017,Bryant & Stratton College-Eastlake,Eastlake,OH,00267809,www.bryantstratton.edu,,,
369905,2018,2019,Bryant & Stratton College-Solon,Solon,OH,00267809,https://www.bryantstratton.edu,,201469,
372213,2002,2002,UNIVERSITY OF PHOENIX-ONLINE CAMPUS,PHOENIX,AZ,02098814,online.uophx.edu,,,
372213,2003,2003,UNIVERSITY OF PHOENIX-ONLINE CAMPUS,PHOENIX,AZ,00209886,online.uophx.edu,,,
372213,2004,2004,UNIVERSITY OF PHOENIX-ONLINE CAMPUS,Phoenix,AZ,00209886,online.uophx.edu,,,
372213,2005,2008,University of Phoenix-Online Campus,Phoenix,AZ,00209886,www.uopxonline.com,,,
372213,2009,2013,University of Phoenix-Online Campus,Phoenix,AZ,12098850,www.phoenix.edu/,,,
372213,2014,2014,University of Phoenix-Online Campus,,AZ,12098850,,,484613,2014
372222,2002,2002,UNIVERSITY OF PHOENIX-DEL MAR CAMPUS,SAN DIEGO,CA,02098810,www.phoenix.edu/sandiego,,,
372222,2003,2003,UNIVERSITY OF PHOENIX-SAN DIEGO CAMPUS,SAN DIEGO,CA,02098810,www.phoenix.edu/sandiego,,,
372222,2004,2004,UNIVERSITY OF PHOENIX-SAN DIEGO CAMPUS,San Diego,CA,02098810,www.phoenix.edu/sandiego,,,
372222,2005,2011,University of Phoenix-San Diego Campus,San Diego,CA,02098810,www.phoenix.edu,,,
372222,2012,2013,University of Phoenix-San Diego Campus,San Diego,CA,02098883,www.phoenix.edu,,,
372222,2014,2014,University of Phoenix-San Diego Campus,,CA,02098883,,,484631,2014
372921,2002,2004,MEDIX SCHOOLS,SMYRNA,GA,01031903,medixschool.edu,,,
372921,2005,2007,Medix Schools,Smyrna,GA,01031903,medixschool.edu,,,
372921,2008,2008,Medix School,Smyrna,GA,01031903,medixschool.edu,,,
372921,2009,2010,Medix College,Smyrna,GA,01031903,medixschool.edu,,,
372921,2011,2012,Fortis College,Smyrna,GA,01031903,Fortis.edu,,,
372921,2013,2023,Fortis College-Smyrna,Smyrna,GA,01031903,fortis.edu/,,,
372958,2002,2002,EDUCATION AMERICA-HONOLULU CAMPUS,HONOLULU,HI,03012104,WWW.EDUCATIONAMERICA.COM,,,
372958,2003,2004,REMINGTON COLLEGE-HONOLULU CAMPUS,HONOLULU,HI,03012104,WWW.REMINGTONCOLLEGE.EDU,,,
372958,2005,2010,Remington College-Honolulu Campus,Honolulu,HI,03394301,www.remingtoncollege.edu/honolulu-hawaii-colleges-career-schools,,,
372958,2011,2012,Remington College-Honolulu Campus,Honolulu,HI,02605507,www.remingtoncollege.edu/honolulu-hawaii-colleges-career-schools,,,
372958,2013,2019,Remington College-Honolulu Campus,Honolulu,HI,03026521,www.remingtoncollege.edu/honolulu-hawaii-colleges-career-schools,01/08/2020,,2019
373447,2002,2004,BATON ROUGE COLLEGE,BATON ROUGE,LA,02617100,brc.edu,,,
373447,2005,2013,Baton Rouge College,Baton Rouge,LA,02617100,www.brc.edu,,,
373827,2002,2004,NEW ENGLAND SCHOOL OF COMMUNICATIONS,BANGOR,ME,02347100,www.nescom.edu,,,
373827,2005,2015,New England School of Communications,Bangor,ME,02347100,www.nescom.edu,,487524,2015
377546,2002,2004,NORTHWEST COLLEGE OF ART,POULSBO,WA,02602100,www.nca.edu,,,
377546,2005,2011,Northwest College of Art,Poulsbo,WA,02602100,www.NCA.edu,,,
377546,2012,2017,Northwest College of Art & Design,Poulsbo,WA,02602100,www.ncad.edu,,,
377546,2018,2023,Northwest College of Art & Design,Tacoma,WA,02602100,https://ncad.edu/,,,
377670,2002,2004,VALLEY COLLEGE OF TECHNOLOGY,PRINCETON,WV,03084200,valleycollege.com,,,
377670,2005,2009,Valley College,Princeton,WV,03084200,valleycollege.com,,,
377670,2010,2019,Valley College-Princeton,Princeton,WV,03084200,www.valley.edu,10/31/2019,,2019
380094,2002,2002,EDUCATION AMERICA,HOUSTON,TX,03026500,educationamerica.com,,,
380094,2003,2004,REMINGTON COLLEGE-HOUSTON CAMPUS,HOUSTON,TX,03026500,www.remingtoncollege.edu,,,
380094,2005,2012,Remington College-Houston Campus,Houston,TX,03026500,www.remingtoncollege.edu/houston-texas-college-career-schools,,,
380094,2013,2016,Remington College-Houston Campus,Houston,TX,03026507,www.remingtoncollege.edu/houston-texas-college-career-schools,01/14/2016,,2016
380465,2002,2003,UNIVERSITY OF PHOENIX-UTAH CAMPUS,SALT LAKE CITY,UT,02098805,www.phoenix.edu/utah,,,
380465,2004,2004,UNIVERSITY OF PHOENIX-UTAH CAMPUS,Salt Lake City,UT,02098805,www.phoenix.edu/,,,
380465,2005,2008,University of Phoenix-Utah Campus,Salt Lake City,UT,02098805,www.phoenix.edu,,,
380465,2009,2013,University of Phoenix-Utah Campus,Salt Lake City,UT,42098884,www.phoenix.edu,,,
380465,2014,2021,University of Phoenix-Utah,Salt Lake City,UT,42098884,https://www.phoenix.edu/,01/21/2021,,2021
381617,2002,2004,BAKER COLLEGE OF PORT HURON,PORT HURON,MI,00467306,www.baker.edu,,,
381617,2005,2015,Baker College of Port Huron,Port Huron,MI,00467306,www.baker.edu/,,168847,
381741,2002,2002,EDUCATION AMERICA-COLORADO SPRINGS CAMPUS,COLORADO SPRINGS,CO,03012101,www.educationamerica.com,,,
381741,2003,2004,REMINGTON COLLEGE-COLORADO SPRINGS CAMPUS,COLORADO SPRINGS,CO,03012101,www.remingtoncollege.com,,,
381741,2005,2005,Remington College-Colorado Springs Campus,Colorado Springs,CO,03012101,www.remingtoncollege.com,,,
381741,2006,2013,Remington College-Colorado Springs Campus,Colorado Springs,CO,03012100,www.remingtoncollege.edu/colorado-career-schools-overview,,,
381741,2014,2014,Remington College-Colorado Springs Campus,,CO,03012100,,05/20/2014,,2014
382504,2002,2002,KINGS COLLEGE,CHARLOTTE,NC,00293700,WWW.KINGSCOLLEGE.ORG,,,
382504,2003,2004,KINGS COLLEGE,Charlotte,NC,00293700,WWW.KINGSCOLLEGECHARLOTTE.EDU,,,
382504,2005,2018,King's College,Charlotte,NC,00293700,www.kingscollegecharlotte.edu,12/21/2018,,2018
382771,2002,2004,MILLER-MOTTE TECHNICAL COLLEGE,CLARKSVILLE,TN,02614200,www.miller-motte.com,,,
382771,2005,2009,Miller-Motte Technical College,Clarksville,TN,02614200,www.miller-motte.com,,,
382771,2010,2018,Miller-Motte Technical College-Clarksville,Clarksville,TN,02614200,www.miller-motte.edu,05/25/2018,,2018
382911,2002,2004,SOUTHWEST COLLEGE INSTITUTE FOR THE DEAF,BIG SPRING,TX,00357401,www.howardcollege.edu/swcid/,,,
382911,2005,2005,Southwest College Institute for the Deaf,Big Spring,TX,00357401,www.howardcollege.edu/swcid/,,,
382911,2006,2021,Southwest Collegiate Institute for the Deaf,Big Spring,TX,00357401,https://howardcollege.edu/swcid/,,,
382911,2022,2023,Southwest College for the Deaf,Big Spring,TX,00357401,https://howardcollege.edu/swcd/,,,
383950,2002,2004,ANTONELLI COLLEGE,HATTIESBURG,MS,01289102,antonellic.com,,,
383950,2005,2009,Antonelli College,Hattiesburg,MS,01289102,www.antonellicollege.edu,,,
383950,2010,2019,Antonelli College-Hattiesburg,Hattiesburg,MS,01289102,www.antonellicollege.edu,10/31/2019,,2019
384388,2002,2004,GEORGIA MILITARY COLLEGE-FT MCPHERSON CENTER,FT MCPHERSON,GA,00157103,www.gmc.cc.ga.us,,,
384388,2005,2005,Georgia Military College-Atlanta Campus,Fort McPherson,GA,00157103,www.gmc.cc.ga.us/gmc_campuses/atlanta/index.html,,,
384388,2006,2008,Georgia Military College-Atlanta Campus,Union City,GA,00157103,www.gmc.cc.ga.us/milledgeville/,,,
384388,2009,2011,Georgia Military College-Atlanta Campus,Fairburn,GA,00157103,fairburn.gmc.cc.ga.us/,,,
384388,2012,2012,Georgia Military College-Atlanta Campus,,GA,00157103,,,139904,2012
384388,2018,2018,Georgia Military College - Atlanta,Fairburn,GA,00157103,,,485111,
386472,2002,2004,HERZING COLLEGE,WINTER PARK,FL,02089709,www.herzing.edu,,,
386472,2005,2008,Herzing College,Winter Park,FL,02089709,www.herzing.edu,,,
386472,2009,2009,Herzing University,Winter Park,FL,02089709,www.herzing.edu,,,
386472,2010,2019,Herzing University-Winter Park,Winter Park,FL,00962111,https://www.herzing.edu,,,
386472,2020,2023,Herzing University-Orlando,Winter Park,FL,00962111,https://www.herzing.edu/,,,
388043,2002,2004,NATIONAL COLLEGE OF BUSINESS AND TECH-NASHVILLE,NASHVILLE,TN,00461700,www.ncbt.edu,,,
388043,2005,2012,National College of Business and Technology-Nashville,Nashville,TN,00461700,www.national-college.edu,,,
388043,2013,2019,National College-Nashville,Nashville,TN,00461700,www.national-college.edu,08/17/2019,,2019
392840,2002,2004,WATKINS COLLEGE OF ART AND DESIGN,NASHVILLE,TN,03088800,www.watkins.edu,,,
392840,2005,2007,Watkins College of Art and Design,Nashville,TN,03088800,www.watkins.edu,,,
392840,2008,2009,Watkins College of Art & Design,Nashville,TN,03088800,www.watkins.edu,,,
392840,2010,2020,Watkins College of Art Design & Film,Nashville,TN,03088800,www.watkins.edu,06/30/2020,,2020
398130,2002,2004,MT SIERRA COLLEGE,MONROVIA,CA,03128700,www.mtsierra.edu,,,
398130,2005,2019,Mt Sierra College,Monrovia,CA,03128700,www.mtsierra.edu,06/25/2019,,2019
402615,2002,2004,COLORADO TECHNICAL UNIVERSITY OF SIOUX FALLS,SIOUX FALLS,SD,01014804,www.coloradotech.edu,,,
402615,2005,2008,Colorado Technical University of Sioux Falls,Sioux Falls,SD,01014804,www.coloradotech.edu,,,
402615,2009,2009,Colorado Technical University,Sioux Falls,SD,01014804,www.coloradotech.edu,,,
402615,2010,2016,Colorado Technical University-Sioux Falls,Sioux Falls,SD,01014804,www.coloradotech.edu/Sioux-Falls,,126827,
402776,2002,2004,THE ART CENTER DESIGN COLLEGE-ALBUQUERQUE,ALBUQUERQUE,NM,02491501,www.theartcenter.EDU,,,
402776,2005,2010,The Art Center Design College-Albuquerque,Albuquerque,NM,02491501,www.theartcenter.EDU,,,
402776,2011,2021,Southwest University of Visual Arts-Albuquerque,Albuquerque,NM,02491501,www.suva.edu/,05/05/2020,,2021
404073,2002,2004,BAKER COLLEGE OF AUBURN HILLS,AUBURN HILLS,MI,00467305,www.baker.edu,,,
404073,2005,2015,Baker College of Auburn Hills,Auburn Hills,MI,00467305,www.baker.edu,,168847,
404082,2002,2004,BAKER COLLEGE OF CLINTON TWP,CLINTON TOWNSHIP,MI,00467302,www.baker.edu,,,
404082,2005,2015,Baker College of Clinton Township,Clinton Township,MI,00467302,www.baker.edu,,168847,
404921,2002,2003,TECHNICAL CAREER INSTITUTE,MIAMI SPRINGS,FL,03054200,-1,,,
404921,2004,2004,TECHNICAL CAREER INSTITUTE,MIAMI,FL,03054200,-1,,,
404921,2005,2009,Technical Career Institute,Miami,FL,03054200,www.technicalcareerinstitute.edu,,,
404921,2010,2011,Fortis College-Miami,Miami,FL,03054200,www.fortis.edu,,,
404921,2012,2012,Fortis College (Miami),Miami,FL,03054200,www.fortis.edu,,,
404921,2013,2013,Fortis College-Miami,Miami,FL,03054200,www.fortis.edu,,,
404921,2014,2014,Fortis College-Miami,,FL,03054200,,06/09/2014,,2014
404994,2002,2002,ASA INSTITUTE OF BUSINESS AND COMPUTER TECHNOLOGY,BROOKLYN,NY,03095500,WWW.ASA-INSTITUTE.COM,,,
404994,2003,2004,ASA INSTITUTE OF BUSINESS AND COMPUTER TECHNOLOGY,Brooklyn,NY,03095500,www.asa.edu,,,
404994,2005,2011,ASA Institute of Business and Computer Technology,Brooklyn,NY,03095500,www.asa.edu,,,
404994,2012,2022,ASA College,Brooklyn,NY,03095500,https://www.asa.edu/,02/24/2023,,2022
405979,2002,2003,UNIVERSITY OF PHOENIX-SOUTHERN ARIZONA CAMPUS,TUCSON,AZ,02098809,www.phoenix.edu/soariz,,,
405979,2004,2004,UNIVERSITY OF PHOENIX-SOUTHERN ARIZONA CAMPUS,Tucson,AZ,02098809,www.phoenix.edu/,,,
405979,2005,2008,University of Phoenix-Southern Arizona Campus,Tucson,AZ,02098809,www.phoenix.edu,,,
405979,2009,2013,University of Phoenix-Southern Arizona Campus,Tucson,AZ,12098835,www.phoenix.edu,,,
405979,2014,2014,University of Phoenix-Southern Arizona Campus,,AZ,12098835,,,484613,2014
405988,2002,2002,UNIVERSITY OF PHOENIX-COLORADO CAMPUS,LONE TREE,CO,02098821,www.phoenix.edu/colorado,,,
405988,2003,2003,UNIVERSITY OF PHOENIX-COLORADO CAMPUS,LONE TREE,CO,02098869,www.phoenix.edu/colorado,,,
405988,2004,2004,UNIVERSITY OF PHOENIX-DENVER CAMPUS,Lone Tree,CO,02098869,www.phoenix.edu/colorado,,,
405988,2005,2008,University of Phoenix-Denver Campus,Lone Tree,CO,02098869,www.phoenix.edu,,,
405988,2009,2013,University of Phoenix-Colorado Campus,Lone Tree,CO,02098869,www.phoenix.edu,,,
405988,2014,2014,University of Phoenix-Colorado Campus,,CO,02098869,,,484640,2014
405997,2002,2002,UNIVERSITY OF PHOENIX-ALBUQUERQUE NM CAMPUS,ALBUQUERQUE,NM,02098807,www.phoenix.edu,,,
405997,2003,2003,UNIVERSITY OF PHOENIX-NEW MEXICO CAMPUS,ALBUQUERQUE,NM,02098807,www.phoenix.edu,,,
405997,2004,2004,UNIVERSITY OF PHOENIX-NEW MEXICO CAMPUS,Albuquerque,NM,02098807,www.phoenix.edu,,,
405997,2005,2008,University of Phoenix-New Mexico Campus,Albuquerque,NM,02098807,www.phoenix.edu,,,
405997,2009,2013,University of Phoenix-Albuquerque Campus,Albuquerque,NM,52098843,www.phoenix.edu,,,
405997,2014,2020,University of Phoenix-New Mexico,Albuquerque,NM,52098843,https://www.phoenix.edu/,04/26/2020,,2020
406006,2002,2003,UNIVERSITY OF PHOENIX-NORTHERN CALIFORNIA CAMPUS,SAN JOSE,CA,02098803,www.phoenix.edu/northcal,,,
406006,2004,2004,UNIVERSITY OF PHOENIX-NORTHERN CALIFORNIA CAMPUS,Pleasanton,CA,02098803,www.phoenix.edu/,,,
406006,2005,2007,University of Phoenix-Bay Area Campus,San Jose,CA,02098803,www.phoenix.edu,,,
406006,2008,2008,University of Phoenix-Bay Area Campus,Pleasanton,CA,02098803,www.phoenix.edu,,,
406006,2009,2009,University of Phoenix-Bay Area Campus,Pleasanton,CA,12098877,www.phoenix.edu,,,
406006,2010,2013,University of Phoenix-Bay Area Campus,San Jose,CA,02098803,www.phoenix.edu,,,
406006,2014,2014,University of Phoenix-Bay Area Campus,,CA,02098803,,,484631,2014
406015,2002,2003,UNIVERSITY OF PHOENIX-SOUTHERN CALIFORNIA CAMPUS,FOUNTAIN VALLEY,CA,02098801,www.phoenix.edu/,,,
406015,2004,2004,UNIVERSITY OF PHOENIX-SOUTHERN CALIFORNIA CAMPUS,Costa Mesa,CA,02098801,www.phoenix.edu/,,,
406015,2005,2008,University of Phoenix-Southern California Campus,Costa Mesa,CA,02098801,www.phoenix.edu,,,
406015,2009,2013,University of Phoenix-Southern California Campus,Costa Mesa,CA,22098812,www.phoenix.edu,,,
406015,2014,2014,University of Phoenix-Southern California Campus,,CA,22098812,,,484631,2014
406200,2002,2004,WRIGHT BUSINESS SCHOOL,OVERLAND PARK,KS,02590900,-1,,,
406200,2005,2007,Wright Business School,Overland Park,KS,02590900,,,,
406200,2008,2016,Wright Career College,Overland Park,KS,02590900,www.wrightcc.edu,,,
406547,2002,2004,CITY COLLEGE BRANCH CAMPUS,GAINESVILLE,FL,02515401,www.citycollege.edu,,,
406547,2005,2009,City College Branch Campus,Gainesville,FL,02515401,www.citycollege.edu,,,
406547,2010,2023,City College-Gainesville,Gainesville,FL,02515401,https://www.citycollege.edu/,08/15/2023,,2023
408394,2002,2004,TEXAS STATE TECHNICAL COLLEGE-MARSHALL,MARSHALL,TX,03396500,www.marshall.tstc.edu,,,
408394,2005,2015,Texas State Technical College-Marshall,Marshall,TX,03396500,www.tstc.edu,,487320,2015
409333,2002,2002,INTERNATIONAL COLLEGE OF HOSPITALTY MGT CESAR RITZ,WASHINGTON,CT,03157500,WWW.ICHM.CC.CT.US,,,
409333,2003,2003,INTERNATIONAL COLLEGE OF HOSPITALTY MGT CESAR RITZ,Suffield,CT,03157500,www.ritz.edu,,,
409333,2004,2004,INTERNATIONAL COLLEGE OF HOSPITALITY MANAGEMENT,Suffield,CT,03157500,www.ichm.edu,,,
409333,2005,2005,International College of Hospitality Management,Suffield,CT,03157500,www.ichm.edu,,,
409333,2006,2006,International College of Hospitality Management,Suffield,CT,04053300,www.ichm.edu,,,
409333,2007,2009,Clemens College,Suffield,CT,04053300,www.clemenscollege.edu,,,
409333,2010,2012,Lincoln College of New England-Suffield,Suffield,CT,00940701,lincolncollegene.edu/,10/1/2012,,2012
409838,2002,2003,SANFORD-BROWN COLLEGE,NORTH KANSAS CITY,MO,02205204,-1,,,
409838,2004,2004,COLORADO TECHNICAL UNIVERSITY,NORTH KANSAS CITY,MO,01014814,www.coloradotech.com,,,
409838,2005,2009,Colorado Technical University,North Kansas City,MO,01014814,"www.kc.coloradotech.edu,",,,
409838,2010,2014,Colorado Technical University-Kansas City,North Kansas City,MO,01014814,www.coloradotech.edu/Kansas-City,07/01/2014,,2014
410520,2002,2002,CALIFORNIA SCHOOL OF COURT REPORTING-RIVERSIDE,RIVERSIDE,CA,03069500,www.cscrriverside.com,,,
410520,2003,2003,SAGE COLLEGE,MORENO VALLEY,CA,03069500,www.sagecollege.edu,,,
410520,2004,2004,SAGE COLLEGE,Moreno Valley,CA,03069500,www.sagecollege.edu,,,
410520,2005,2016,Sage College,Moreno Valley,CA,03069500,sagecollege.edu,12/22/2016,,2016
413802,2002,2004,EAST SAN GABRIEL VALLEY REGIONAL OCCUPATIONAL PROG,WEST COVINA,CA,03116600,www.esgvrop.org,,,
413802,2005,2020,East San Gabriel Valley Regional Occupational Program,West Covina,CA,03116600,www.esgvrop.org,06/30/2020,,2020
414708,2002,2004,BAKER COLLEGE CENTER FOR GRADUATE STUDIES,FLINT,MI,00467313,www.baker.edu,,,
414708,2005,2015,Baker College Center for Graduate Studies,Flint,MI,00467313,www.baker.edu,,168847,
414823,2002,2004,JOHNSON & WALES UNIVERSITY-FLORIDA CAMPUS,NORTH MIAMI,FL,00340403,www.jwu.edu,,,
414823,2005,2009,Johnson & Wales University-Florida Campus,North Miami,FL,00340403,www.jwu.edu,,,
414823,2010,2010,Johnson & Wales University-Florida,North Miami,FL,00340403,www.jwu.edu,,,
414823,2011,2021,Johnson & Wales University-North Miami,North Miami,FL,00340403,https://www.jwu.edu/campuses/north-miami/index.html,05/04/2021,,2021
415011,2002,2002,MEDVANCE INSTITUTE-BATON ROUGE,BATON ROUGE,LA,02326302,www.medvance.org,,,
415011,2003,2004,MEDVANCE INSTITUTE-BATON ROUGE,BATON ROUGE,LA,02326305,www.medvance.org,,,
415011,2005,2005,Medvance Institute-Baton Rouge,Baton Rouge,LA,02326305,www.medvance.org,12/31/2004,,2005
416962,2002,2002,UNIVERSITY OF PHOENIX-NEVADA,LAS VEGAS,NV,02098833,www.phoenix.edu/nevada,,,
416962,2003,2003,UNIVERSITY OF PHOENIX-NEVADA,LAS VEGAS,NV,02098855,www.phoenix.edu/nevada,,,
416962,2004,2004,UNIVERSITY OF PHOENIX-NEVADA,Las Vegas,NV,02098855,www.phoenix.edu/,,,
416962,2005,2008,University of Phoenix-Las Vegas Campus,Las Vegas,NV,02098855,www.phoenix.edu,,,
416962,2009,2012,University of Phoenix-Las Vegas Campus,Las Vegas,NV,32098898,www.phoenix.edu,,,
416962,2013,2013,University of Phoenix-Las Vegas Campus,Las Vegas,NV,82098816,www.phoenix.edu,,,
416962,2014,2014,University of Phoenix-Las Vegas Campus,,NV,82098816,,,484710,2014
417318,2002,2004,COLLEGE OF BUSINESS AND TECHNOLOGY,MIAMI,FL,03071600,www.cbt.edu,,,
417318,2005,2009,College of Business and Technology,Miami,FL,03071600,www.cbt.edu,,,
417318,2010,2010,College of Business and Technology-Miami,Miami,FL,03071600,www.cbt.edu,,,
417318,2011,2015,College of Business and Technology-Kendall,Miami,FL,03071600,www.cbt.edu,,,
417318,2016,2017,College of Business and Technology-Main Campus,Miami,FL,03071600,www.cbt.edu,,,
417318,2018,2018,College of Business and Technology-Miami Campus,Miami,FL,03071600,www.cbt.edu,,,
417318,2019,2019,College of Business and Technology-Miami Campus,Miami,FL,03071601,,03/05/2018,,2019
417327,2002,2002,CITY COLLEGE,CASSELBERRY,FL,03079900,www.citycollege.edu,,,
417327,2003,2004,CITY COLLEGE,Casselberry,FL,03079900,www.citycollegeorlando.edu,,,
417327,2005,2009,City College,Casselberry,FL,03079900,www.citycollegeorlando.edu,,,
417327,2010,2010,City College-Casselberry,Casselberry,FL,03079900,www.citycollegeorlando.edu,,,
417327,2011,2023,City College-Altamonte Springs,Altamonte Springs,FL,03079900,https://www.citycollege.edu/,,,
417752,2002,2004,MESSENGER COLLEGE,JOPLIN,MO,03092600,www.messengercollege.edu,,,
417752,2005,2011,Messenger College,Joplin,MO,03092600,www.messengercollege.edu,,,
417752,2012,2017,Messenger College,Euless,TX,03092600,www.messengercollege.edu,,,
417752,2018,2023,Messenger College,Bedford,TX,03092600,www.messengercollege.edu/,,,
418870,2002,2004,MEDVANCE INSTITUTE-COOKEVILLE,COOKEVILLE,TN,02326300,www.medvance.org,,,
418870,2005,2010,Medvance Institute-Cookeville,Cookeville,TN,02326300,www.medvance.edu,,,
418870,2011,2011,Fortis Institute,Cookeville,TN,02326300,www.fortis.edu,,,
418870,2012,2012,Medvance Institute,Cookeville,TN,02326300,www.medvance.edu,,,
418870,2013,2019,Fortis Institute-Cookeville,Cookeville,TN,02326300,www.fortis.edu,,494436,2019
419509,2002,2003,UNIVERSITY OF PHOENIX-SACRAMENTO CAMPUS,SACRAMENTO,CA,02098824,www.phoenix.edu/sacramen,,,
419509,2004,2004,UNIVERSITY OF PHOENIX-SACRAMENTO CAMPUS,Sacramento,CA,02098824,www.phoenix.edu/,,,
419509,2005,2008,University of Phoenix-Sacramento Valley Campus,Sacramento,CA,02098824,www.phoenix.edu,,,
419509,2009,2013,University of Phoenix-Sacramento Valley Campus,Sacramento,CA,12098865,www.phoenix.edu,,,
419509,2014,2014,University of Phoenix-Sacramento Valley Campus,,CA,12098865,,,484631,2014
420024,2002,2004,TIDEWATER TECH,CHESAPEAKE,VA,02334403,www.tidetech.com,,,
420024,2005,2007,Tidewater Tech,Chesapeake,VA,02334403,www.tidetech.com,,,
420024,2008,2009,Centura College,Chesapeake,VA,02334403,www.centuracollege.edu,,,
420024,2010,2023,Centura College-Chesapeake,Chesapeake,VA,02334403,https://www.centuracollege.edu/campuses/chesapeake,,,
420352,2002,2003,COLLEGE OF ST THOMAS MORE,FT WORTH,TX,03189400,www.cstm.edu,,,
420352,2004,2004,THE COLLEGE OF SAINT THOMAS MORE,Fort Worth,TX,03189400,www.cstm.edu,,,
420352,2005,2011,The College of Saint Thomas More,Fort Worth,TX,03189400,cstm.edu,,,
420352,2012,2012,The College of Saints John Fisher & Thomas More,Fort Worth,TX,03189400,fishermore.edu,,,
420705,2002,2003,NORTHWEST GRADUATE SCHOOL OF MINISTRY,Seattle,WA,03110800,www.nwgs.edu,,,
420705,2010,2014,Bakke Graduate University,Seattle,WA,03110800,www.bgu.edu,,,
420705,2015,2023,Bakke Graduate University,Dallas,TX,03110800,https://www.bgu.edu/,,,
421009,2002,2003,UNIVERSITY OF PHOENIX-LOUISIANA CAMPUS,METAIRIE,LA,02098848,www.phoenix.edu/louisiana,,,
421009,2004,2004,UNIVERSITY OF PHOENIX-LOUISIANA CAMPUS,Metairie,LA,02098848,www.phoenix.edu/,,,
421009,2005,2008,University of Phoenix-Louisiana Campus,Metairie,LA,02098848,www.phoenix.edu/,,,
421009,2009,2013,University of Phoenix-Louisiana Campus,Metairie,LA,32098863,www.phoenix.edu/,,,
421009,2014,2014,University of Phoenix-Louisiana Campus,,LA,32098863,,,484686,2014
421018,2002,2003,UNIVERSITY OF PHOENIX-DETROIT CAMPUS,TROY,MI,02098849,www.phoenix.edu,,,
421018,2004,2004,UNIVERSITY OF PHOENIX-DETROIT CAMPUS,Troy,MI,02098849,www.phoenix.edu,,,
421018,2005,2008,University of Phoenix-Metro Detroit Campus,Troy,MI,02098849,www.phoenix.edu,,,
421018,2009,2012,University of Phoenix-Metro Detroit Campus,Troy,MI,02098870,www.phoenix.edu,,,
421018,2013,2013,University of Phoenix-Detroit Campus,Southfield,MI,32098879,www.phoenix.edu,,,
421018,2014,2014,University of Phoenix-Detroit Campus,,MI,32098879,,,484695,2014
421708,2002,2004,ARIZONA COLLEGE OF ALLIED HEALTH,Glendale,AZ,03115000,www.arizonacollege.edu,,,
421708,2005,2012,Arizona College of Allied Health,Glendale,AZ,03115000,www.arizonacollege.edu,,,
421708,2013,2020,Arizona College-Glendale,Glendale,AZ,03115000,www.arizonacollege.edu/,,,
421708,2021,2023,Arizona College of Nursing-Tempe,Tempe,AZ,03115000,www.arizonacollege.edu/,,,
421832,2002,2004,SCHOOL OF COMMUNICATION ARTS,RALEIGH,NC,03109000,higherdigitaleducation.com,,,
421832,2005,2009,School of Communication Arts,Raleigh,NC,03109000,higherdigitaleducation.com,,,
421832,2010,2022,Living Arts College,Raleigh,NC,03109000,living-arts-college.edu/,12/13/2022,,2022
422020,2002,2004,SAN JOAQUIN VALLEY COLLEGE-FRESNO AVIATION CAMPUS,FRESNO,CA,02120702,www.sjvc.edu,,,
422020,2005,2009,San Joaquin Valley College-Fresno Aviation Campus,Fresno,CA,02120702,www.sjvc.edu,,,
422020,2010,2013,San Joaquin Valley College-Fresno Aviation,Fresno,CA,02120702,www.sjvc.edu,,,
422020,2014,2014,San Joaquin Valley College-Fresno Aviation,,CA,02120702,,,122685,
422020,2020,2021,San Joaquin Valley College-Fresno Aviation,Fresno,CA,02120702,www.sjvc.edu/,,,
422020,2022,2023,San Joaquin Valley College-Trades Education Center,Fresno,CA,02120702,www.sjvc.edu/,,,
423643,2002,2004,MIDWESTERN UNIVERSITY,GLENDALE,AZ,00165701,www.midwestern.edu,,,
423643,2005,2009,Midwestern University,Glendale,AZ,00165701,www.midwestern.edu,,,
423643,2010,2023,Midwestern University-Glendale,Glendale,AZ,00165701,https://www.midwestern.edu/,,,
427973,2002,2003,AVIATION INSTITUTE OF MAINTENANCE,VIRGINIA BEACH,VA,03126300,www.aviationinstitutes.com,,,
427973,2004,2004,AVIATION INSTITUTE OF MAINTENANCE-VIRGINIA BEACH,VIRGINIA BEACH,VA,03126300,www.aviationmaintenance.edu,,,
427973,2005,2006,Aviation Institute of Maintenance-Virginia Beach,Virginia Beach,VA,03126300,www.aviationmaintenance.edu,,,
427973,2007,2007,Aviation Institute of Maintenance-Virginia Beach,Chesapeake,VA,03126300,www.aviationmaintenance.edu,,,
427973,2008,2019,Aviation Institute of Maintenance-Chesapeake,Chesapeake,VA,03126300,https://www.aviationmaintenance.edu/index.html,,,
427973,2020,2023,Aviation Institute of Maintenance-Norfolk,Norfolk,VA,03126300,https://aviationmaintenance.edu/campuses/norfolk-va,,,
428000,2002,2004,MIAMI AD SCHOOL,MIAMI BEACH,FL,03125600,www.miamiadschool.com,,,
428000,2005,2009,Miami Ad School,Miami Beach,FL,03125600,www.miamiadschool.com,,,
428000,2010,2013,Miami Ad School-Miami Beach,Miami Beach,FL,03125600,www.miamiadschool.com,,,
428000,2014,2019,Miami Ad School-Wynwood,Miami,FL,03125600,www.miamiadschool.com,,,
428000,2020,2023,Miami Ad School,Miami,FL,03125600,miamiadschool.com/,,,
428286,2002,2002,THE ILLINOIS INSTITUTE OF ART AT SCHAUMBURG,Schaumburg,IL,01258401,www.ilia.aii.edu,,,
428286,2003,2004,ILLINOIS INSTITUTE OF ART AT SCHAUMBURG,Schaumburg,IL,01258401,www.ilia.aii.edu,,,
428286,2005,2005,Illinois Institute of Art at Schaumburg,Schaumburg,IL,01258401,www.ilia.aii.edu,,,
428286,2006,2018,The Illinois Institute of Art-Schaumburg,Schaumburg,IL,01258401,www.artinstitutes.edu/schaumburg,12/14/2018,,2018
428329,2002,2004,CAMBRIA ROWE BUSINESS COLLEGE,INDIANA,PA,00488901,www.crbc.net,,,
428329,2005,2006,Cambria Rowe Business College,Indiana,PA,00488901,www.crbc.net,,,
428329,2007,2009,Cambria-Rowe Business College,Indiana,PA,00488901,www.crbc.net,,,
428329,2010,2016,Cambria-Rowe Business College-Indiana,Indiana,PA,00488901,www.crbc.edu,08/24/2016,,2016
430087,2002,2004,COLORADO TECHNICAL UNIVERSITY,GREENWOOD VILLAGE,CO,01014802,www.coloradotech.edu,,,
430087,2005,2009,Colorado Technical University,Greenwood Village,CO,01014802,www.coloradotech.edu,,,
430087,2010,2010,Colorado Technical University-Greenwood Village,Greenwood Village,CO,01014802,www.coloradotech.edu,,,
430087,2011,2016,Colorado Technical University-Greenwood Village,Aurora,CO,01014802,www.coloradotech.edu/Denver,,126827,
430157,2002,2004,GOLF ACADEMY OF THE SOUTH,Altamonte Springs,FL,02208701,www.sdgagolf.com,,,
430157,2005,2006,Golf Academy of the South,Altamonte Springs,FL,02208701,www.sdgagolf.com,,,
430157,2007,2007,Golf Academy of the South,Altamonte Springs,FL,03010612,www.sdgagolf.com,,,
430157,2008,2009,Golf Academy of America,Altamonte Springs,FL,03010612,www.golfacademy.edu,,,
430157,2010,2010,Golf Academy of America-Altamonte Springs,Altamonte Springs,FL,03010612,www.golfacademy.edu,,,
430157,2011,2015,Golf Academy of America-Altamonte Springs,Apopka,FL,03010612,www.golfacademy.edu,,,
430157,2016,2018,Golf Academy of America-Orlando,Apopka,FL,03010612,www.golfacademy.edu,12/14/2018,,2018
430166,2002,2004,GOLF ACADEMY OF ARIZONA,CHANDLER,AZ,02208702,www.sdgagolf.com,,,
430166,2005,2006,Golf Academy of Arizona,Chandler,AZ,02208702,www.sdgagolf.com,,,
430166,2007,2007,Golf Academy of Arizona,Chandler,AZ,03010613,www.sdgagolf.com,,,
430166,2008,2009,Golf Academy of America,Chandler,AZ,03010613,www.golfacademy.edu,,,
430166,2010,2011,Golf Academy of America-Chandler,Chandler,AZ,03010613,www.golfacademy.edu,,,
430166,2012,2018,Golf Academy of America-Phoenix,Chandler,AZ,03010613,www.golfacademy.edu,12/14/2018,,2018
430485,2002,2004,THE CREATIVE CENTER,OMAHA,NE,03164300,www.thecreativecenter.com,,,
430485,2005,2021,The Creative Center,Omaha,NE,03164300,www.creativecenter.edu/,07/21/2021,,2021
430810,2002,2004,NEW HAMPSHIRE INSTITUTE OF ART,MANCHESTER,NH,03182300,www.nhia.edu,,,
430810,2005,2019,New Hampshire Institute of Art,Manchester,NH,03182300,www.nhia.edu,,182980,2019
432214,2002,2004,DEVRY UNIVERSITY-INDIANA,MERRILLVILLE,IN,02075419,www.devry.edu,,,
432214,2005,2007,DeVry University-Indiana,Merrillville,IN,02075419,www.devry.edu,,,
432214,2008,2010,DeVry University-Indiana,Indianapolis,IN,02075419,www.devry.edu,,,
432214,2011,2013,DeVry University-Indiana,Indianapolis,IN,01072747,www.devry.edu,,482486,2013
432223,2002,2003,UNIVERSITY OF PHOENIX-WASHINGTON CAMPUS,SEATTLE,WA,00209882,www.phoenix.edu/washington,,,
432223,2004,2004,UNIVERSITY OF PHOENIX-WASHINGTON CAMPUS,Seattle,WA,00209882,www.phoenix.edu/,,,
432223,2005,2005,University of Phoenix-Seattle Campus,Seattle,WA,00209882,www.phoenix.edu,,,
432223,2006,2007,University of Phoenix-Western Washington Campus,Renton,WA,00209882,www.phoenix.edu,,,
432223,2008,2008,University of Phoenix-Western Washington Campus,Tukwila,WA,00209882,www.phoenix.edu,,,
432223,2009,2013,University of Phoenix-Western Washington Campus,Tukwila,WA,52098845,www.phoenix.edu,,,
432223,2014,2020,University of Phoenix-Washington,Tukwila,WA,52098845,https://www.phoenix.edu/,09/27/2020,,2020
432232,2002,2003,UNIVERSITY OF PHOENIX-ORLANDO CAMPUS,MAITLAND,FL,02098851,www.phoenix.edu/florida,,,
432232,2004,2004,UNIVERSITY OF PHOENIX-ORLANDO CAMPUS,Maitland,FL,02098851,www.phoenix.edu/florida,,,
432232,2005,2008,University of Phoenix-Central Florida Campus,Maitland,FL,02098851,www.phoenix.edu,,,
432232,2009,2012,University of Phoenix-Central Florida Campus,Maitland,FL,32098813,www.phoenix.edu,,,
432232,2013,2013,University of Phoenix-Central Florida Campus,Orlando,FL,32098816,www.phoenix.edu,,,
432232,2014,2014,University of Phoenix-Central Florida Campus,,FL,32098816,,,484668,2014
432241,2002,2003,UNIVERSITY OF PHOENIX-OREGON CAMPUS,TIGARD,OR,00209881,www.phoenix.edu/oregon,,,
432241,2004,2004,UNIVERSITY OF PHOENIX-OREGON CAMPUS,Tigard,OR,00209881,www.phoenix.edu/,,,
432241,2005,2008,University of Phoenix-Oregon Campus,Tigard,OR,00209881,www.phoenix.edu,,,
432241,2009,2013,University of Phoenix-Oregon Campus,Tigard,OR,42098847,www.phoenix.edu,,,
432241,2014,2018,University of Phoenix-Oregon,Tigard,OR,42098847,www.phoenix.edu,11/14/2017,,2018
433420,2002,2004,SANTA BARBARA BUSINESS COLLEGE,SANTA BARBARA,CA,00998900,www.sbbcollege.com,,,
433420,2005,2006,Santa Barbara Business College,Santa Barbara,CA,00998900,www.sbbcollege.edu,,,
433420,2007,2009,Santa Barbara Business College,Ventura,CA,00998900,www.sbbcollege.edu,,,
433420,2010,2017,Santa Barbara Business College-Ventura,Ventura,CA,00998900,www.sbbcollege.edu,,,
433420,2018,2023,California Aeronautical University,Bakersfield,CA,00998900,www.calaero.edu/,,,
433536,2002,2004,HERZING COLLEGE,KENNER,LA,02089711,www.herzing.edu,,,
433536,2005,2008,Herzing College,Kenner,LA,02089711,www.herzing.edu,,,
433536,2009,2009,Herzing University,Kenner,LA,02089711,www.herzing.edu,,,
433536,2010,2019,Herzing University-Kenner,Kenner,LA,00962110,https://www.herzing.edu,,,
433536,2020,2023,Herzing University-New Orleans,Metairie,LA,00962110,https://www.herzing.edu/,,,
434061,2002,2004,SOUTH LOUISIANA COMMUNITY COLLEGE,LAFAYETTE,LA,00000002,www.slcc.cc.la.us,,,
434061,2005,2023,South Louisiana Community College,Lafayette,LA,03956300,https://www.solacc.edu/,,,
434414,2002,2004,MICHIGAN JEWISH INSTITUTE,OAK PARK,MI,03284300,www.mji.edu,,,
434414,2005,2008,Michigan Jewish Institute,Oak Park,MI,03284300,www.mji.edu,,,
434414,2009,2016,Michigan Jewish Institute,W Bloomfield,MI,03284300,www.mji.edu,,,
434539,2002,2004,CITY COLLEGE,MIAMI,FL,02515402,www.citycollege.edu,,,
434539,2005,2009,City College,Miami,FL,02515402,www.citycollege.edu,,,
434539,2010,2023,City College-Miami,Miami,FL,02515402,https://www.citycollege.edu/,04/01/2023,,2023
434690,2002,2004,GOLF ACADEMY OF THE CAROLINAS,MYRTLE BEACH,SC,02208703,www.sdgagolf.com,,,
434690,2005,2006,Golf Academy of the Carolinas,Myrtle Beach,SC,02208703,www.sdgagolf.com,,,
434690,2007,2007,Golf Academy of the Carolinas,Myrtle Beach,SC,03010614,www.sdgagolf.com,,,
434690,2008,2009,Golf Academy of America,Myrtle Beach,SC,03010614,www.golfacademy.edu,,,
434690,2010,2018,Golf Academy of America-Myrtle Beach,Myrtle Beach,SC,03010614,www.golfacademy.edu,12/14/2018,,2018
434946,2002,2003,UNIVERSITY OF PHOENIX-FORT LAUDERDALE,PLANTATION,FL,02098895,www.phoenix.edu/florida,,,
434946,2004,2004,UNIVERSITY OF PHOENIX-FORT LAUDERDALE,Plantation,FL,02098895,www.phoenix.edu/florida,,,
434946,2005,2012,University of Phoenix-South Florida Campus,Plantation,FL,02098895,www.phoenix.edu,,,
434946,2013,2013,University of Phoenix-South Florida Campus,Miramar,FL,32098825,www.phoenix.edu,,,
434946,2014,2014,University of Phoenix-South Florida Campus,,FL,32098825,,,484668,2014
434955,2002,2003,UNIVERSITY OF PHOENIX-JACKSONVILLE,JACKSONVILLE,FL,02098882,www.phoenix.edu/florida,,,
434955,2004,2004,UNIVERSITY OF PHOENIX-JACKSONVILLE,Jacksonville,FL,02098882,www.phoenix.edu/florida,,,
434955,2005,2008,University of Phoenix-North Florida Campus,Jacksonville,FL,02098882,www.phoenix.edu,,,
434955,2009,2013,University of Phoenix-North Florida Campus,Jacksonville,FL,32098818,www.phoenix.edu,,,
434955,2014,2014,University of Phoenix-North Florida Campus,,FL,32098818,,,484668,2014
434964,2002,2004,UNIVERSITY OF PHOENIX-TAMPA,Temple Terrace,FL,00209885,www.phoenix.edu/florida,,,
434964,2005,2008,University of Phoenix-West Florida Campus,Temple Terrace,FL,00209885,www.phoenix.edu,,,
434964,2009,2013,University of Phoenix-West Florida Campus,Temple Terrace,FL,32098820,www.phoenix.edu,,,
434964,2014,2014,University of Phoenix-West Florida Campus,,FL,32098820,,,484668,2014
434973,2002,2003,UNIVERSITY OF PHOENIX-MARYLAND,COLUMBIA,MD,00209886,www.phoenix.edu/maryland,,,
434973,2004,2004,UNIVERSITY OF PHOENIX-MARYLAND,Columbia,MD,00209886,www.phoenix.edu/,,,
434973,2005,2008,University of Phoenix-Maryland Campus,Columbia,MD,00209886,www.phoenix.edu,,,
434973,2009,2013,University of Phoenix-Maryland Campus,Columbia,MD,32098869,www.phoenix.edu,,,
434973,2014,2018,University of Phoenix-Maryland,Columbia,MD,32098869,www.phoenix.edu,06/06/2018,,2018
434982,2002,2003,UNIVERSITY OF PHOENIX-OKLAHOMA CITY,OKLAHOMA CITY,OK,02098896,www.phoenix.edu/oklahoma,,,
434982,2004,2004,UNIVERSITY OF PHOENIX-OKLAHOMA CITY,Oklahoma City,OK,02098896,www.phoenix.edu/,,,
434982,2005,2013,University of Phoenix-Oklahoma City Campus,Oklahoma City,OK,02098896,www.phoenix.edu,,,
434982,2014,2014,University of Phoenix-Oklahoma City Campus,,OK,02098896,,,484738,2014
434991,2002,2003,UNIVERSITY OF PHOENIX-TULSA,TULSA,OK,02098897,www.phoenix.edu/tulsa,,,
434991,2004,2004,UNIVERSITY OF PHOENIX-TULSA,Tulsa,OK,02098897,www.phoenix.edu/,,,
434991,2005,2009,University of Phoenix-Tulsa Campus,Tulsa,OK,02098897,www.phoenix.edu,,,
434991,2010,2013,University of Phoenix-Tulsa Campus,Tulsa,OK,52098869,www.phoenix.edu,,,
434991,2014,2014,University of Phoenix-Tulsa Campus,,OK,52098869,,,484738,2014
436483,2002,2003,NATIONAL AMERICAN UNIVERSITY,BLOOMINGTON,MN,00405715,www.national.edu,,,
436483,2004,2004,NATIONAL AMERICAN UNIVERSITY-MALL OF AMERICA,BLOOMINGTON,MN,00405715,www.national.edu,,,
436483,2005,2005,National American University-Mall of America,Bloomington,MN,00405715,www.national.edu,,,
436483,2006,2018,National American University-Bloomington,Bloomington,MN,00405715,www.national.edu/locations/campuses/bloomington/,04/22/2018,,2018
436599,2002,2003,FUNERAL INSTITUTE OF THE NORTHEAST,WESTWOOD,MA,03316400,www.FINE-NE.COM,,,
436599,2004,2004,FUNERAL INSTITUTE OF THE NORTHEAST,Norwood,MA,03316400,www.FINE-NE.COM,,,
436599,2005,2005,Fine Mortuary College,Norwood,MA,03316400,www.FINE-NE.COM,,,
436599,2006,2012,FINE Mortuary College LLC,Norwood,MA,03316400,www.FINE-NE.COM,,,
436599,2013,2023,FINE Mortuary College,Norwood,MA,03316400,www.fmc.edu/,,,
436614,2002,2004,INTERNATIONAL BAPTIST COLLEGE,TEMPE,AZ,03347300,IBConline.edu,,,
436614,2005,2008,International Baptist College,Tempe,AZ,03347300,IBConline.edu,,,
436614,2009,2012,International Baptist College,Chandler,AZ,03347300,www.ibconline.edu/ibc/index.jsp,,,
436614,2013,2023,International Baptist College and Seminary,Chandler,AZ,03347300,www.ibcs.edu/ibc/,,,
436818,2002,2004,UNIVERSITY OF CONNECTICUT-TRI-CAMPUS,WATERBURY,CT,00141701,www.uconn.edu,,,
436818,2005,2010,University of Connecticut-Tri-Campus,Waterbury,CT,00141701,www.uconn.edu,,,
436818,2011,2016,University of Connecticut-Tri-Campus,Waterbury,CT,00141704,uconn.edu/,,,
436818,2017,2023,University of Connecticut-Waterbury Campus,Waterbury,CT,00141704,https://waterbury.uconn.edu/,,,
437103,2002,2002,BATON ROUGE COMMUNITY COLLEGE,BATON ROUGE,LA,00000002,www.mybr.cc,,,
437103,2003,2004,BATON ROUGE COMMUNITY COLLEGE,BATON ROUGE,LA,03730300,www.mybr.cc,,,
437103,2005,2023,Baton Rouge Community College,Baton Rouge,LA,03730300,www.mybrcc.edu/,,,
438212,2002,2003,McCANN SCHOOL OF BUSINESS AND TECHNOLOGY,POTTSVILLE,PA,00489800,www.mccannschool.com,,,
438212,2004,2004,McCANN SCHOOL OF BUSINESS AND TECHNOLOGY,Pottsville,PA,00489800,www.mccannschool.com,,,
438212,2005,2005,McCann School of Business and Technology,Pottsville,PA,00489800,www.mccannschool.com,,,
438212,2006,2008,McCann School of Business & Technology,Pottsville,PA,00489800,www.mccannschool.edu,,,
438212,2009,2012,McCann School of Business and Technology,Pottsville,PA,00489800,www.mccann.edu,,,
438212,2013,2018,McCann School of Business & Technology,Pottsville,PA,00489800,www.mccann.edu,05/25/2018,,2018
438382,2002,2003,UNIVERSITY OF PHOENIX-SOUTHERN COLORADO CAMPUS,COLORADO SPRINGS,CO,02098819,www.phoenix.edu/colorado,,,
438382,2004,2004,UNIVERSITY OF PHOENIX-SOUTHERN COLORADO CAMPUS,Colorado Springs,CO,02098819,www.phoenix.edu/,,,
438382,2005,2008,University of Phoenix-Southern Colorado Campus,Colorado Springs,CO,02098819,www.phoenix.edu,,,
438382,2009,2013,University of Phoenix-Southern Colorado Campus,Colorado Springs,CO,32098806,www.phoenix.edu,,,
438382,2014,2014,University of Phoenix-Southern Colorado Campus,,CO,32098806,,,484640,2014
438416,2002,2003,UNIVERSITY OF PHOENIX-WEST MICHIGAN CAMPUS,GRAND RAPIDS,MI,00209882,www.phoenix.edu,,,
438416,2004,2004,UNIVERSITY OF PHOENIX-WEST MICHIGAN CAMPUS,Grand Rapids,MI,00209882,www.phoenix.edu,,,
438416,2005,2008,University of Phoenix-West Michigan Campus,Grand Rapids,MI,00209882,www.phoenix.edu,,,
438416,2009,2010,University of Phoenix-West Michigan Campus,Grand Rapids,MI,32098883,www.phoenix.edu,,,
438416,2011,2013,University of Phoenix-West Michigan Campus,Walker,MI,32098883,www.phoenix.edu,,,
438416,2014,2014,University of Phoenix-West Michigan Campus,,MI,32098883,,,484695,2014
438498,2002,2004,STRATFORD UNIVERSITY,FALLS CHURCH,VA,02541200,www.stratford.edu,,,
438498,2005,2011,Stratford University,Falls Church,VA,02541200,www.stratford.edu,,,
438498,2012,2019,Stratford University,Fairfax,VA,02541200,www.stratford.edu,,,
438498,2020,2022,Stratford University,Alexandria,VA,02541200,www.stratford.edu/,10/07/2022,,2022
438601,2002,2003,AMERICAN INTERCONTINENTAL UNIVERSITY,PLANTATION,FL,02113606,aiufl.edu,,,
438601,2004,2004,AMERICAN INTERCONTINENTAL UNIVERSITY,Weston,FL,02113606,aiufl.edu,,,
438601,2005,2008,American Intercontinental University,Weston,FL,02113609,www.aiufl.edu,,,
438601,2009,2009,American InterContinental University,Weston,FL,02113609,www.aiufl.edu,,,
438601,2010,2015,American InterContinental University-South Florida,Weston,FL,02113609,www.aiuniv.edu/online-campus/campus-locations/south-florida,07/12/2015,,2015
438610,2002,2003,UNIVERSITY OF PHOENIX-PHILADELPHIA CAMPUS,WAYNE,PA,00209883,www.phoenix.edu,,,
438610,2004,2004,UNIVERSITY OF PHOENIX-PHILADELPHIA CAMPUS,Wayne,PA,00209883,www.phoenix.edu,,,
438610,2005,2008,University of Phoenix-Philadelphia Campus,Wayne,PA,00209883,www.phoenix.edu,,,
438610,2009,2013,University of Phoenix-Philadelphia Campus,Wayne,PA,42098852,www.phoenix.edu,,,
438629,2002,2003,UNIVERSITY OF PHOENIX-PITTSBURGH CAMPUS,PITTSBURGH,PA,00209884,www.phoenix.edu,,,
438629,2004,2004,UNIVERSITY OF PHOENIX-PITTSBURGH CAMPUS,Pittsburgh,PA,00209884,www.phoenix.edu,,,
438629,2005,2008,University of Phoenix-Pittsburgh Campus,Pittsburgh,PA,00209884,www.phoenix.edu,,,
438629,2009,2013,University of Phoenix-Pittsburgh Campus,Pittsburgh,PA,42098861,www.phoenix.edu,,,
438869,2002,2002,EDUCATION AMERICA-SE COLLEGE OF TECH-LITTLE ROCK,Little Rock,AR,02605503,educationamerica.com,,,
438869,2003,2004,REMINGTON COLLEGE-LITTLE ROCK CAMPUS,Little Rock,AR,02605503,remingtoncollege.edu,,,
438869,2005,2012,Remington College-Little Rock Campus,Little Rock,AR,02605503,www.remingtoncollege.edu/little-rock-arkansas-technical-colleges,,,
438869,2013,2021,Remington College-Little Rock Campus,Little Rock,AR,03026518,www.remingtoncollege.edu/little-rock-arkansas-technical-colleges,07/02/2020,,2021
439145,2002,2004,PIERCE COLLEGE AT PUYALLUP,PUYALLUP,WA,00500003,www.pierce.ctc.edu/,,,
439145,2005,2013,Pierce College at Puyallup,Puyallup,WA,00500003,www.pierce.ctc.edu/,,,
439145,2014,2017,Pierce College-Puyallup,Puyallup,WA,00500003,www.pierce.ctc.edu/,,,
439145,2018,2020,Pierce College-Puyallup,Lakewood,WA,00500003,www.pierce.ctc.edu,,235237,2020
439279,2002,2003,UNIVERSITY OF PHOENIX-ST LOUIS CAMPUS,ST LOUIS,MO,00209889,www.phoenix.edu/stlouis,,,
439279,2004,2004,UNIVERSITY OF PHOENIX-ST LOUIS CAMPUS,St. Louis,MO,00209889,www.phoenix.edu/,,,
439279,2005,2008,University of Phoenix-St Louis Campus,Saint Louis,MO,00209889,www.phoenix.edu,,,
439279,2009,2013,University of Phoenix-St Louis Campus,Saint Louis,MO,32098887,www.phoenix.edu,,,
439279,2014,2014,University of Phoenix-St Louis Campus,,MO,32098887,,,484701,2014
439288,2002,2004,JOHNSON & WALES UNIVERSITY-DENVER,DENVER,CO,00340409,www.jwu.edu,,,
439288,2005,2021,Johnson & Wales University-Denver,Denver,CO,00340409,https://www.jwu.edu/campuses/denver/index.html,05/08/2021,,2021
439297,2002,2003,UNIVERSITY OF PHOENIX-CLEVELAND CAMPUS,INDEPENDENCE,OH,00209885,www.phoenix.edu/cleveland,,,
439297,2004,2004,UNIVERSITY OF PHOENIX-CLEVELAND CAMPUS,Independence,OH,00209885,www.phoenix.edu/cleveland,,,
439297,2005,2008,University of Phoenix-Cleveland Campus,Independence,OH,00209885,www.phoenix.edu,,,
439297,2009,2012,University of Phoenix-Cleveland Campus,Independence,OH,42098831,www.phoenix.edu,,,
439297,2013,2013,University of Phoenix-Cleveland Campus,Beachwood,OH,42098834,www.phoenix.edu,,,
439297,2014,2018,University of Phoenix-Ohio,Beachwood,OH,42098834,www.phoenix.edu,10/30/2017,,2018
439330,2002,2004,DEVRY UNIVERSITY-MARYLAND,BETHESDA,MD,02075437,www.devry.edu,,,
439330,2005,2010,DeVry University-Maryland,Bethesda,MD,02075437,www.devry.edu,,,
439330,2011,2013,DeVry University-Maryland,Bethesda,MD,01072752,www.devry.edu,,482501,2013
439455,2002,2004,ATS INSTITUTE OF TECHNOLOGY,HIGHLAND HGTS,OH,03468500,www.atsinstitute.com,,,
439455,2005,2016,ATS Institute of Technology,Highland Heights,OH,03468500,www.atsinstitute.edu/,,,
439455,2017,2020,MDT College of Health Sciences,Highland Heights,OH,03468500,www.atsinstitute.edu/,,,
439455,2021,2023,MDT College of Health Sciences,Chicago,IL,03468500,www.atsinstitute.edu/,,,
439482,2002,2004,BLUE CLIFF COLLEGE-SHREVEPORT,SHREVEPORT,LA,03422500,www.bluecliffcollege.com,,,
439482,2005,2012,Blue Cliff College-Shreveport,Shreveport,LA,03422500,www.bluecliffcollege.com,,,
439482,2013,2019,Blue Cliff College-Shreveport,Shreveport,LA,03294306,bluecliffcollege.edu,12/31/2019,,2019
439613,2002,2004,CROSSROADS BIBLE COLLEGE,INDIANAPOLIS,IN,03456700,www.crossroads.edu,,,
439613,2005,2018,Crossroads Bible College,Indianapolis,IN,03456700,www.crossroads.edu,,,
439613,2019,2019,College of Biblical Studies,Houston,TX,03456700,www.cbshouston.edu,,,2019
439701,2002,2004,KING'S COLLEGE AND SEMINARY,VAN NUYS,CA,03516300,www.kingsseminary.edu/,,,
439701,2005,2009,King's College and Seminary,Van Nuys,CA,03516300,www.kingsseminary.edu,,,
439701,2010,2013,King's University,Van Nuys,CA,03516300,www.kingsuniversity.edu,,,
439701,2014,2014,King's University,Southlake,TX,03516300,tku.edu,,,
439701,2015,2023,The King's University,Southlake,TX,03516300,https://www.tku.edu/,,,
439738,2002,2004,MEDVANCE INSTITUTE OF BATON ROUGE,BATON ROUGE,LA,03480300,www.medvance.org,,,
439738,2005,2009,Medvance Institute of Baton Rouge,Baton Rouge,LA,03480300,www.medvance.edu,,,
439738,2010,2011,Medvance Institute-Baton Rouge,Baton Rouge,LA,03480300,www.medvance.edu,,,
439738,2012,2012,Fortis College,Baton Rouge,LA,03480300,www.fortis.edu,,,
439738,2013,2023,Fortis College-Baton Rouge,Baton Rouge,LA,03480300,www.fortis.edu/,,,
439792,2002,2004,NORTH FLORIDA INSTITUTE,ORANGE PARK,FL,03434300,-1,,,
439792,2005,2008,North Florida Institute,Orange Park,FL,03434300,,,,
439792,2009,2012,Fortis College,Orange Park,FL,03434300,fortis.edu,,,
439792,2013,2023,Fortis College-Orange Park,Orange Park,FL,03434300,fortis.edu/,,,
440305,2002,2004,BLUE RIVER COMMUNITY COLLEGE,INDEPENDENCE,MO,00248445,www.kcmetro.edu,,,
440305,2005,2005,Blue River Community College,Independence,MO,00248445,www.kcmetro.edu,,,
440305,2006,2011,Metropolitan Community College-Blue River,Independence,MO,00248445,www.mcckc.edu,,,
440305,2012,2012,Metropolitan Community College-Blue River,,MO,00248445,,,177995,2012
440378,2002,2004,BETA TECH,RICHMOND,VA,03126401,www.tidetech.com,,,
440378,2005,2007,Beta Tech,Richmond,VA,03126401,www.betatech.edu,,,
440378,2008,2009,Centura College,Richmond,VA,03126401,www.centuracollege.edu,,,
440378,2010,2014,Centura College-Richmond Westend,Richmond,VA,03126401,www.centuracollege.edu,09/05/2013,,2014
440420,2002,2003,UNIVERSITY OF PHOENIX-BOSTON CAMPUS,BRAINTREE,MA,00209886,www.phoenix.edu,,,
440420,2004,2004,UNIVERSITY OF PHOENIX-BOSTON CAMPUS,Braintree,MA,00209886,www.phoenix.edu,,,
440420,2005,2008,University of Phoenix-Boston Campus,Braintree,MA,00209886,www.phoenix.edu,,,
440420,2009,2013,University of Phoenix-Boston Campus,Braintree,MA,32098874,www.phoenix.edu,,,
440420,2014,2018,University of Phoenix-Massachusetts,Braintree,MA,32098874,www.phoenix.edu,08/08/2018,,2018
440439,2002,2003,UNIVERSITY OF PHOENIX-DALLAS CAMPUS,DALLAS,TX,00209887,www.phoenix.edu,,,
440439,2004,2004,UNIVERSITY OF PHOENIX-DALLAS CAMPUS,Dallas,TX,00209887,www.phoenix.edu,,,
440439,2005,2008,University of Phoenix-Dallas Fort Worth Campus,Dallas,TX,00209887,www.phoenix.edu,,,
440439,2009,2013,University of Phoenix-Dallas Campus,Dallas,TX,42098875,www.phoenix.edu,,,
440439,2014,2014,University of Phoenix-Dallas Campus,,TX,42098875,,,484756,2014
440448,2002,2003,UNIVERSITY OF PHOENIX-HOUSTON CAMPUS,HOUSTON,TX,00209888,www.phoenix.edu,,,
440448,2004,2004,UNIVERSITY OF PHOENIX-HOUSTON CAMPUS,Houston,TX,00209888,www.phoenix.edu,,,
440448,2005,2005,University of Phoenix-Houston Campus,Houston,TX,00209888,www.phoenix.edu,,,
440448,2006,2008,University of Phoenix-Houston Westside Campus,Houston,TX,00209888,www.phoenix.edu,,,
440448,2009,2013,University of Phoenix-Houston Campus,Houston,TX,42098871,www.phoenix.edu,,,
440448,2014,2014,University of Phoenix-Houston Campus,,TX,42098871,,,484756,2014
440457,2002,2003,UNIVERSITY OF PHOENIX-WISCONSIN CAMPUS,BROOKFIELD,WI,00209880,www.phoenix.edu,,,
440457,2004,2004,UNIVERSITY OF PHOENIX-WISCONSIN CAMPUS,Brookfield,WI,00209880,www.phoenix.edu,,,
440457,2005,2008,University of Phoenix-Milwaukee Campus,Brookfield,WI,00209880,www.phoenix.edu,,,
440457,2009,2012,University of Phoenix-Milwaukee Campus,Brookfield,WI,42098898,www.phoenix.edu,,,
440457,2013,2013,University of Phoenix-Milwaukee Campus,Milwaukee,WI,72098832,www.phoenix.edu,,,
440457,2014,2018,University of Phoenix-Wisconsin,Milwaukee,WI,72098832,www.phoenix.edu,03/29/2017,,2018
440466,2002,2002,UNIVERSITY OF PHOENIX-IDAHO CAMPUS,BOISE,ID,00209889,www.phoenix.edu,,,
440466,2003,2004,UNIVERSITY OF PHOENIX-IDAHO CAMPUS,Meridian,ID,00209889,www.phoenix.edu,,,
440466,2005,2008,University of Phoenix-Idaho Campus,Meridian,ID,00209889,www.phoenix.edu,,,
440466,2009,2009,University of Phoenix-Idaho Campus,Meridian,ID,32098847,www.phoenix.edu,,,
440466,2010,2013,University of Phoenix-Idaho Campus,Meridian,ID,62098899,www.phoenix.edu,,,
440466,2014,2016,University of Phoenix-Idaho,Meridian,ID,62098899,www.phoenix.edu,,,
440466,2017,2018,University of Phoenix-Idaho,Boise,ID,52098853,www.phoenix.edu,,,
440545,2002,2004,DEVRY UNIVERSITY-WASHINGTON,FEDERAL WAY,WA,01072723,www.devry.edu,,,
440545,2005,2013,DeVry University-Washington,Federal Way,WA,01072723,www.devry.edu,,482662,2013
440590,2002,2002,DEVRY UNIVERSITY-DENVER,DENVER,CO,01072709,www.den.devry.edu,,,
440590,2003,2004,DEVRY UNIVERSITY-COLORADO,Westminster,CO,01072709,www.devry.edu,,,
440590,2005,2013,DeVry University-Colorado,Westminster,CO,01072709,www.devry.edu,,482440,2013
440749,2002,2003,NATIONAL AMERICAN UNIVERSITY,ELLSWORTH AFB,SD,00405713,www.national.edu,,,
440749,2004,2004,NATIONAL AMERICAN UNIVERSITY-ELLSWORTH,ELLSWORTH AFB,SD,00405713,www.national.edu,,,
440749,2005,2005,National American University-Ellsworth,Ellsworth Afb,SD,00405713,www.national.edu,,,
440749,2006,2006,National American University-Ellsworth,Ellsworth AFB,SD,00405713,www.national.edu,,,
440749,2007,2012,National American University-Ellsworth AFB Extension,Ellsworth AFB,SD,00405713,www.national.edu,,,
440749,2013,2021,National American University-Ellsworth AFB Extension,Ellsworth Air Force Base,SD,00405713,www.national.edu/locations/campuses/ellsworth-afb/,,,
440749,2022,2023,National American University-Ellsworth,Box Elder,SD,00405713,www.national.edu/locations/campuses/ellsworth-afb/,09/29/2023,,2023
440758,2002,2003,NATIONAL AMERICAN UNIVERSITY,RIO RANCHO,NM,00405716,www.national.edu,,,
440758,2004,2004,NATIONAL AMERICAN UNIVERSITY-RIO RANCHO,RIO RANCHO,NM,00405716,www.national.edu,,,
440758,2005,2011,National American University-Rio Rancho,Rio Rancho,NM,00405716,www.national.edu,,,
440758,2012,2020,National American University-Albuquerque West,Albuquerque,NM,00405716,www.national.edu/locations/campuses/albuquerque-west/,,,
440767,2002,2003,NATIONAL AMERICAN UNIVERSITY,BROOKLYN CENTER,MN,00405717,www.national.edu,,,
440767,2004,2004,NATIONAL AMERICAN UNIVERSITY-BROOKLYN CENTER,BROOKLYN CENTER,MN,00405717,www.national.edu,,,
440767,2005,2005,National American University-Brooklyn Center,Brooklyn Center,MN,00405717,www.national.edu,,,
440767,2006,2006,National American University-Brooklyn Center,Kansas City,MO,00405717,www.national.edu,,,
440767,2007,2018,National American University-Brooklyn Center,Brooklyn Center,MN,00405717,www.national.edu/locations/campuses/brooklyn-center/,04/22/2018,,2018
440794,2002,2004,SOMERSET CHRISTIAN COLLEGE,ZAREPHATH,NJ,03666300,www.somerset.edu,,,
440794,2005,2011,Somerset Christian College,Zarephath,NJ,03666300,www.somerset.edu,,,
440794,2012,2012,Somerset Christian College,Newark,NJ,03666300,www.somerset.edu,,,
440794,2013,2023,Pillar College,Newark,NJ,03666300,www.pillar.edu/,,,
441025,2002,2004,MILLER-MOTTE TECHNICAL COLLEGE,N CHARLESTON,SC,02614202,miller-motte.com,,,
441025,2005,2009,Miller-Motte Technical College,North Charleston,SC,02614202,miller-motte.com,,,
441025,2010,2010,Miller-Motte Technical College-North Charleston,North Charleston,SC,02614202,miller-motte.com,,,
441025,2011,2013,Miller-Motte Technical College-North Charleston,Charleston,SC,02614202,miller-motte.edu,,,
441025,2014,2017,Miller-Motte Technical College-Charleston,Charleston,SC,02614202,miller-motte.edu,,,
441025,2018,2020,Platt College-Miller-Motte Technical-Charleston,Charleston,SC,02306816,https://miller-motte.edu/,,,
441025,2021,2023,Miller-Motte College-Charleston,Charleston,SC,02306816,https://miller-motte.edu/,,,
441201,2002,2004,ACADEMY OF COURT REPORTING-CINCINNATI,CINCINNATI,OH,02152104,-1,,,
441201,2005,2007,Academy of Court Reporting-Cincinnati,Cincinnati,OH,02152104,www.acr.edu,,,
441201,2008,2009,Miami-Jacobs Career College,Cincinnati,OH,02152104,www.miamijacobs.edu,,,
441201,2010,2011,Miami-Jacobs Career College-Sharonville,Sharonville,OH,02152106,www.miamijacobs.edu,,,
441201,2012,2016,Miami-Jacobs Career College-Sharonville,Sharonville,OH,00489817,www.miamijacobs.edu,09/11/2016,,2016
441229,2002,2004,WEST COAST ULTRASOUND INSTITUTE,BEVERLY HILLS,CA,03639300,-1,,,
441229,2005,2018,West Coast Ultrasound Institute,Beverly Hills,CA,03639300,WCUI.edu,,,
441229,2019,2020,West Coast Ultrasound Institute,Los Angeles,CA,03639300,wcui.edu/,,,
441229,2021,2021,Triad Education,Los Angeles,CA,03639300,wcui.edu/,,,
441229,2022,2023,Smith Chason College,Los Angeles,CA,03639300,https://wcui.edu/,,,
441511,2002,2002,APEX SCHOOL OF THEOLOGY,APEX,NC,03513400,apextheology.org,,,
441511,2003,2004,APEX SCHOOL OF THEOLOGY,Durham,NC,03513400,www.apexsot.org,,,
441511,2005,2019,Apex School of Theology,Durham,NC,03513400,www.apexsot.edu,03/20/2020,,2019
442000,2002,2002,BUSINESS & TECHNOLOGY COLLEGE,KANSAS CITY,MO,,www.kcmetro.edu,,,
442000,2003,2004,BUSINESS & TECHNOLOGY COLLEGE,KANSAS CITY,MO,00248402,www.kcmetro.edu,,,
442000,2005,2005,Business & Technology College,Kansas City,MO,00248402,www.kcmetro.edu,,,
442000,2006,2011,Metropolitan Community College-Business & Technology,Kansas City,MO,00248402,www.mcckc.edu,,,
442000,2012,2012,Metropolitan Community College-Business & Technology,,MO,00248402,,,177995,2012
442143,2002,2003,UNIVERSITY OF PHOENIX-KANSAS CITY CAMPUS,KANSAS CITY,MO,00209881,www.phoenix.edu,,,
442143,2004,2004,UNIVERSITY OF PHOENIX-KANSAS CITY CAMPUS,Kansas City,MO,00209881,www.phoenix.edu,,,
442143,2005,2008,University of Phoenix-Kansas City Campus,Kansas City,MO,00209881,www.phoenix.edu,,,
442143,2009,2010,University of Phoenix-Kansas City Campus,Kansas City,MO,32098892,www.phoenix.edu,,,
442143,2011,2013,University of Phoenix-Kansas City Campus,Kansas City,MO,72098830,www.phoenix.edu,,,
442143,2014,2014,University of Phoenix-Kansas City Campus,,MO,72098830,,,484701,2014
442152,2002,2003,UNIVERSITY OF PHOENIX-ATLANTA CAMPUS,DUNWOODY,GA,00209882,www.phoenix.edu,,,
442152,2004,2004,UNIVERSITY OF PHOENIX-ATLANTA CAMPUS,Dunwoody,GA,00209882,www.phoenix.edu,,,
442152,2005,2008,University of Phoenix-Atlanta Campus,Dunwoody,GA,00209882,www.phoenix.edu,,,
442152,2009,2013,University of Phoenix-Atlanta Campus,Sandy Springs,GA,32098829,www.phoenix.edu,,,
442152,2014,2014,University of Phoenix-Atlanta Campus,,GA,32098829,,,484677,2014
442161,2002,2003,UNIVERSITY OF PHOENIX-CHICAGO CAMPUS,SCHAUMBURG,IL,00209883,www.phoenix.edu,,,
442161,2004,2004,UNIVERSITY OF PHOENIX-CHICAGO CAMPUS,Schaumburg,IL,00209883,www.phoenix.edu,,,
442161,2005,2008,University of Phoenix-Chicago Campus,Schaumburg,IL,00209883,www.phoenix.edu,,,
442161,2009,2013,University of Phoenix-Chicago Campus,Schaumburg,IL,32098849,www.phoenix.edu,,,
442161,2014,2017,University of Phoenix-Illinois,Schaumburg,IL,32098849,www.phoenix.edu,,,
442161,2018,2018,University of Phoenix-Illinois,Schaumburg,IL,32098850,www.phoenix.edu,,,
442161,2019,2021,University of Phoenix-Illinois,Chicago,IL,32098850,https://www.phoenix.edu/,06/13/2019,,2021
442170,2002,2003,UNIVERSITY OF PHOENIX-NASHVILLE CAMPUS,NASHVILLE,TN,00209884,www.phoenix.edu,,,
442170,2004,2004,UNIVERSITY OF PHOENIX-NASHVILLE CAMPUS,Nashville,TN,00209884,www.phoenix.edu,,,
442170,2005,2008,University of Phoenix-Nashville Campus,Nashville,TN,00209884,www.phoenix.edu,,,
442170,2009,2013,University of Phoenix-Nashville Campus,Nashville,TN,42098867,www.phoenix.edu,,,
442170,2014,2014,University of Phoenix-Nashville Campus,,TN,42098867,,,484747,2014
442189,2002,2003,UNIVERSITY OF PHOENIX-NORTHERN VIRGINIA CAMPUS,RESTON,VA,00209885,www.phoenix.edu,,,
442189,2004,2004,UNIVERSITY OF PHOENIX-NORTHERN VIRGINIA CAMPUS,Reston,VA,00209885,www.phoenix.edu,,,
442189,2005,2008,University of Phoenix-Northern Virginia Campus,Reston,VA,00209885,www.phoenix.edu,,,
442189,2009,2013,University of Phoenix-Northern Virginia Campus,Reston,VA,42098888,www.phoenix.edu,,,
442189,2014,2014,University of Phoenix-Northern Virginia Campus,,VA,42098888,,,484765,2014
442356,2002,2002,LANCASTER GENERAL COLLEGE OF NURSING & HEALTH SCI,LANCASTER,PA,,,,,
442356,2003,2004,LANCASTER GENERAL COLLEGE OF NURSING & HEALTH SCI,LANCASTER,PA,00000002,www.LancasterGeneralCollege.org,,,
442356,2005,2012,Lancaster General College of Nursing & Health Sciences,Lancaster,PA,00986300,https://www.lancastergeneralcollege.edu/content/,,,
442356,2013,2023,Pennsylvania College of Health Sciences,Lancaster,PA,00986300,https://www.pacollege.edu/,,,
442365,2002,2004,DEVRY UNIVERSITY-NORTH CAROLINA,CHARLOTTE,NC,02075448,www.devry.edu,,,
442365,2005,2010,DeVry University-North Carolina,Charlotte,NC,02075448,www.devry.edu,,,
442365,2011,2013,DeVry University-North Carolina,Charlotte,NC,01072751,www.devry.edu,,482565,2013
442383,2002,2004,WEST VIRGINIA JUNIOR COLLEGE-BRIDGEPORT,BRIDGEPORT,WV,01057302,-1,,,
442383,2005,2023,West Virginia Junior College-Bridgeport,Bridgeport,WV,01057302,www.wvjc.edu/,,,
442444,2002,2004,SAN JOAQUIN VALLEY COLLEGE,RANCHO CUCAMONGA,CA,02120704,sjvc.edu,,,
442444,2005,2012,San Joaquin Valley College-Rancho Cucamonga,Rancho Cucamonga,CA,02120704,sjvc.edu,,,
442444,2013,2013,San Joaquin Valley College-Ontario,Ontario,CA,02120704,sjvc.edu,,,
442444,2014,2014,San Joaquin Valley College-Ontario,,CA,02120704,,,122685,
442444,2020,2023,San Joaquin Valley College-Ontario,Ontario,CA,02120704,sjvc.edu/,,,
442569,2003,2004,GRANTHAM UNIVERSITY,SLIDELL,LA,00000002,www.grantham.edu,,,
442569,2006,2010,Grantham University,Kansas City,MO,00000002,www.grantham.edu/,,,
442569,2011,2013,Grantham University,Kansas City,MO,04122300,www.grantham.edu/,,,
442569,2014,2021,Grantham University,Lenexa,KS,04122300,https://www.grantham.edu/,,,
442569,2022,2023,University of Arkansas Grantham,LIttle Rock,AR,04122300,https://www.uagrantham.edu/,,,
442639,2003,2004,POTOMAC COLLEGE,HERNDON,VA,03218301,www.potomac.edu,,,
442639,2005,2009,Potomac College,Herndon,VA,03218301,www.potomac.edu,,,
442639,2010,2011,Potomac College-Herndon,Herndon,VA,03218301,www.potomac.edu/,,,
442639,2012,2012,Potomac College-VA Campus,Vienna,VA,03218301,www.potomac.edu/,,,
442639,2013,2018,University of the Potomac-VA Campus,Vienna,VA,03218301,www.potomac.edu/,,,
442639,2019,2023,University of the Potomac-VA Campus,FALLS CHURCH,VA,03218301,www.potomac.edu/,,,
442684,2003,2004,STENOTYPE INSTITUTE OF JACKSONVILLE INC,ORLANDO,FL,00841701,-1,,,
442684,2005,2008,Stenotype Institute of Jacksonville Inc,Orlando,FL,00841701,www.stenotypeinstituteorlando.com,,,
442684,2009,2013,Stenotype Institute of Jacksonville Inc-Orlando,Orlando,FL,00841701,www.stenotype.edu,09/30/2013,,2013
442718,2003,2003,NATIONAL AMERICAN UNIVERSITY,OVERLAND PARK,KS,00405718,www.national.edu,,,
442718,2004,2004,NATIONAL AMERICAN UNIVERSITY-OVERLAND PARK,OVERLAND PARK,KS,00405718,www.national.edu,,,
442718,2005,2019,National American University-Overland Park,Overland Park,KS,00405718,www.national.edu/locations/campuses/overland-park/,11/30/2019,,2019
442745,2003,2004,MEDVANCE INSTITUTE-ATLANTIS,ATLANTIS,FL,02326303,www.medvance.org,,,
442745,2005,2005,Medvance Institute-Atlantis,Palm Springs,FL,02326303,www.medvance.edu,,,
442745,2006,2013,Medvance Institute-West Palm,Palm Springs,FL,02326303,www.Fortis.edu,,,
442745,2014,2016,Fortis Institute,Palm Springs,FL,02326303,www.Fortis.edu,09/15/2016,,2016
442824,2003,2004,DEVRY UNIVERSITY-PENNSYLVANIA,FT WASHINGTON,PA,01072722,www.devry.edu,,,
442824,2005,2013,DeVry University-Pennsylvania,Fort Washington,PA,01072722,www.devry.edu,,482608,2013
443049,2003,2004,FAITH EVANGELICAL LUTHERAN SEMINARY,TACOMA,WA,03689400,www.faithseminary.edu,,,
443049,2005,2005,Faith Evangelical Lutheran Seminary,Tacoma,WA,03689400,www.faithseminary.edu,,,
443049,2006,2009,Faith Evangelical Seminary,Tacoma,WA,03689400,www.faithseminary.edu,,,
443049,2010,2015,Faith Evangelical College & Seminary,Tacoma,WA,03689400,www.faithseminary.edu,,,
443049,2016,2023,Faith International University,Tacoma,WA,03689400,https://www.faithiu.edu/,,,
443331,2003,2004,WEST COAST UNIVERSITY,Los Angeles,CA,03698300,www.westcoastuniversity.com,,,
443331,2005,2009,West Coast University,Los Angeles,CA,03698300,www.westcoastuniversity.edu,,,
443331,2010,2010,West Coast University-Los Angeles,Los Angeles,CA,03698300,www.westcoastuniversity.edu,,,
443331,2011,2023,West Coast University-Los Angeles,North Hollywood,CA,03698300,westcoastuniversity.edu/,,,
443438,2003,2004,MEDVANCE INSTITUTE OF FT LAUDERDALE,Plantation,FL,03480301,www.medvance.org,,,
443438,2005,2006,Medvance Institute of Fort Lauderdale,Lauderdale Lakes,FL,03480301,www.medvance.edu,,,
443438,2007,2012,Medvance Institute-Fort Lauderdale,Lauderdale Lakes,FL,03480301,www.medvance.edu,,,
443438,2013,2016,Fortis Institute-Fort Lauderdale,Lauderdale Lakes,FL,03480301,www.fortis.edu,03/25/2016,,2016
443456,2003,2003,UNIVERSITY OF PHOENIX-CINCINNATI CAMPUS,CINCINNATI,OH,00209886,www.phoenix.edu,,,
443456,2004,2004,UNIVERSITY OF PHOENIX-CINCINNATI CAMPUS,West Chester,OH,00209886,www.phoenix.edu,,,
443456,2005,2008,University of Phoenix-Cincinnati Campus,West Chester,OH,00209886,www.phoenix.edu,,,
443456,2009,2013,University of Phoenix-Cincinnati Campus,West Chester,OH,42098842,www.phoenix.edu,06/04/2013,,2013
443465,2003,2003,UNIVERSITY OF PHOENIX-WICHITA CAMPUS,WICHITA,KS,00209887,www.phoenix.edu,,,
443465,2004,2004,UNIVERSITY OF PHOENIX-WICHITA CAMPUS,Wichita,KS,00209887,www.phoenix.edu,,,
443465,2005,2008,University of Phoenix-Wichita Campus,Wichita,KS,00209887,www.phoenix.edu,,,
443465,2009,2013,University of Phoenix-Wichita Campus,Wichita,KS,32098860,www.phoenix.edu,07/11/2013,,2013
443474,2003,2003,UNIVERSITY OF PHOENIX-NORTH CAROLINA CAMPUS,CHARLOTTE,NC,00209888,www.phoenix.edu,,,
443474,2004,2004,UNIVERSITY OF PHOENIX-NORTH CAROLINA CAMPUS,Charlotte,NC,00209888,www.phoenix.edu,,,
443474,2005,2008,University of Phoenix-Charlotte Campus,Charlotte,NC,00209888,www.phoenix.edu/campus-locations/NC/Charlotte/charlotte.aspx,,,
443474,2009,2013,University of Phoenix-Charlotte Campus,Charlotte,NC,42098827,www.phoenix.edu,,,
443474,2014,2014,University of Phoenix-Charlotte Campus,,NC,42098827,,,484729,2014
443544,2003,2003,UNIVERSITY OF PHOENIX-INDIANAPOLIS CAMPUS,INDIANAPOLIS,IN,00209889,www.phoenix.edu,,,
443544,2004,2004,UNIVERSITY OF PHOENIX-INDIANAPOLIS CAMPUS,Indianapolis,IN,00209889,www.phoenix.edu,,,
443544,2005,2008,University of Phoenix-Indianapolis Campus,Indianapolis,IN,00209889,www.phoenix.edu,,,
443544,2009,2013,University of Phoenix-Indianapolis Campus,Indianapolis,IN,32098858,www.phoenix.edu,,,
443544,2014,2018,University of Phoenix-Indiana,Indianapolis,IN,32098858,www.phoenix.edu,03/09/2017,,2018
443650,2003,2004,MILLER-MOTTE TECHNICAL COLLEGE-CHATTANOOGA,CHATTANOOGA,TN,02614203,www.miller-motte.com,,,
443650,2005,2017,Miller-Motte Technical College-Chattanooga,Chattanooga,TN,02614203,www.miller-motte.edu,,,
443650,2018,2019,Platt College-Miller-Motte Technical-Chattanooga,Chattanooga,TN,02306817,https://www.miller-motte.edu,,,
443650,2020,2020,Platt College-Miller-Motte Technical-Chattanooga,Chattanooga,TN,02306800,https://www.miller-motte.edu/,,,
443650,2021,2023,Miller-Motte College-Chattanooga,Chattanooga,TN,02306800,https://www.miller-motte.edu/,,,
443881,2003,2003,UNIVERSITY OF PHOENIX-COLUMBUS GEORGIA CAMPUS,COUMBUS,GA,00209881,www.phoenix.edu,,,
443881,2004,2004,UNIVERSITY OF PHOENIX-COLUMBUS GEORGIA CAMPUS,Columbus,GA,00209881,www.phoenix.edu,,,
443881,2005,2008,University of Phoenix-Columbus Georgia Campus,Columbus,GA,00209881,www.phoenix.edu,,,
443881,2009,2011,University of Phoenix-Columbus Georgia Campus,Columbus,GA,32098832,www.phoenix.edu,,,
443881,2012,2013,University of Phoenix-Columbus Georgia Campus,Columbus,GA,72098866,www.phoenix.edu,,,
443881,2014,2014,University of Phoenix-Columbus Georgia Campus,,GA,72098866,,,484677,2014
443890,2003,2004,UNIVERSITY OF PHOENIX-MEMPHIS CAMPUS,Cordova,TN,00209882,www.phoenix.edu,,,
443890,2005,2008,University of Phoenix-Memphis Campus,Cordova,TN,00209882,www.phoenix.edu,,,
443890,2009,2013,University of Phoenix-Memphis Campus,Cordova,TN,42098869,www.phoenix.edu,,,
443890,2014,2014,University of Phoenix-Memphis Campus,,TN,42098869,,,484747,2014
443906,2003,2004,UNIVERSITY OF PHOENIX-COLUMBUS OHIO CAMPUS,Columbus,OH,00209883,www.phoenix.edu,,,
443906,2005,2008,University of Phoenix-Columbus Ohio Campus,Columbus,OH,00209883,www.phoenix.edu,,,
443906,2009,2013,University of Phoenix-Columbus Ohio Campus,Columbus,OH,42098844,www.phoenix.edu,06/04/2013,,2013
443924,2003,2004,UNIVERSITY OF PHOENIX-ARKANSAS CAMPUS,Little Rock,AR,00209885,www.phoenix.edu,,,
443924,2005,2008,University of Phoenix-Little Rock Campus,Little Rock,AR,00209885,www.phoenix.edu/campus-locations/AR/Little-Rock/little-rock.aspx,,,
443924,2009,2013,University of Phoenix-Little Rock Campus,Little Rock,AR,12098848,www.phoenix.edu,,,
443924,2014,2014,University of Phoenix-Little Rock Campus,,AR,12098848,,,484622,2014
443988,2003,2003,DEVRY UNIVERSITY-PENNSYLVANIA,FT WASHINGTON,PA,00000002,-1,,,2003
443988,2011,2013,DeVry University's Keller Graduate School of Management-Pennsylvania,Fort Washington,PA,02075449,www.keller.edu/,,482608,2013
444033,2003,2004,DEVRY UNIVERSITY-OREGON,Portland,OR,00107273,www.devry.edu,,,
444033,2005,2008,DeVry University-Oregon,Portland,OR,00107273,www.devry.edu,,,
444033,2009,2013,DeVry University-Oregon,Portland,OR,01072749,www.devry.edu,,482592,2013
444121,2004,2004,REMINGTON COLLEGE-CLEVELAND WEST CAMPUS,North Olmsted,OH,00777704,www.remingtoncollege.edu,,,
444121,2005,2012,Remington College-Cleveland West Campus,North Olmsted,OH,00777704,www.remingtoncollege.edu/cleveland-west-ohio-career-colleges,,,
444121,2013,2015,Remington College-Cleveland West Campus,North Olmsted,OH,03026512,www.remingtoncollege.edu/cleveland-west-ohio-career-colleges,01/16/2014,,2015
444158,2004,2004,COLORADO TECHNICAL UNIVERSITY ONLINE,COLORADO SPRINGS,CO,01014805,www.ctuonline.edu,,,
444158,2005,2009,Colorado Technical University Online,Colorado Springs,CO,01014805,www.ctuonline.edu,,,
444158,2010,2016,Colorado Technical University-Online,Colorado Springs,CO,01014805,www.coloradotech.edu/CTU-Online,,126827,2016
444167,2004,2004,BAKER COLLEGE OF ALLEN PARK,ALLEN PARK,MI,00467317,www.baker.edu,,,
444167,2005,2015,Baker College of Allen Park,Allen Park,MI,00467317,www.baker.edu,,168847,
444255,2004,2004,DRAUGHONS JUNIOR COLLEGE-MURFREESBORO,MURFREESBORO,TN,00493404,www.draughons.edu,,,
444255,2005,2009,Draughons Junior College-Murfreesboro,Murfreesboro,TN,00493404,www.draughons.edu,,,
444255,2010,2015,Daymar Institute-Murfreesboro,Murfreesboro,TN,00493404,www.daymarinstitute.edu,,,
444255,2016,2017,Daymar College-Murfreesboro,Murfreesboro,TN,00493404,www.daymarinstitute.edu,,,
444255,2018,2023,Hussian College-Daymar College Murfreesboro,Murfreesboro,TN,00746903,www.daymarcollege.edu/,05/26/2023,,2023
444547,2004,2004,COURT REPORTING INSTITUTE OF LOUISIANA,BATON ROUGE,LA,03810500,www.courtreportinginstitute.com,,,
444547,2005,2014,Court Reporting Institute of Louisiana,Baton Rouge,LA,03810500,www.cril.edu,,,
444547,2015,2018,Mid City College,Baton Rouge,LA,03810500,www.midcitycollege.edu,,,
444723,2004,2004,JONES INTERNATIONAL UNIVERSITY,CENTENNIAL,CO,03534300,www.international.edu,,,
444723,2005,2015,Jones International University,Centennial,CO,03534300,www.jiu.edu,12/31/2015,,2015
444778,2004,2004,NEW LIFE THEOLOGICAL SEMINARY,CHARLOTTE,NC,03827300,www.nlts.org,,,
444778,2005,2013,New Life Theological Seminary,Charlotte,NC,03827300,www.nlts.edu,,,
444778,2014,2023,Charlotte Christian College and Theological Seminary,Charlotte,NC,03827300,www.charlottechristian.edu/,,,
445009,2004,2004,MONTGOMERY COUNTY COMMUNITY COLLEGE-WEST CAMPUS,POTTSTOWN,PA,00445201,www.mc3.edu,,,
445009,2005,2011,Montgomery County Community College-West Campus,Pottstown,PA,00445201,www.mc3.edu,,,
445009,2012,2012,Montgomery County Community College-West Campus,,PA,00445201,,,214111,2012
445018,2004,2004,WEST VIRGINIA STATE COMMUNITY AND TECHNICAL COLLEGE,INSTITUTE,WV,00038261,www.wvsctc.edu,,,
445018,2005,2008,West Virginia State Community and Technical College,Institute,WV,04038600,www.wvsctc.edu,,,
445018,2009,2011,Kanawha Valley Community and Technical College,Institute,WV,04038600,www.kvctc.edu,,,
445018,2012,2013,Kanawha Valley Community and Technical College,South Charleston,WV,04038600,www.kvctc.edu,,,
445027,2005,2008,American Intercontinental University Online,Hoffman Estates,IL,00211361,www.aiuonline.edu,,,
445027,2009,2010,American InterContinental University-Online,Hoffman Estates,IL,00211361,www.aiuniv.edu,,,
445027,2011,2011,American InterContinental University-Online,Hoffman Estates,IL,02113600,www.aiuniv.edu,,,
445027,2012,2016,American InterContinental University-Online,Schaumburg,IL,02113600,www.aiuniv.edu,,,
445027,2017,2018,American InterContinental University,Schaumburg,IL,02113600,www.aiuniv.edu,,,
445027,2019,2022,American InterContinental University,Chandler,AZ,02113600,www.aiuniv.edu/,,,
445027,2023,2023,American InterContinental University System,Chandler,AZ,02113600,https://www.aius.education/,,,
445300,2004,2004,UNIVERSITY OF PHOENIX-JERSEY CITY,Jersey City,NJ,00209887,www.phoenix.edu/,,,
445300,2005,2008,University of Phoenix-Jersey City Campus,Jersey City,NJ,00209887,www.phoenix.edu,,,
445300,2009,2013,University of Phoenix-Jersey City Campus,Jersey City,NJ,42098802,www.phoenix.edu,,,
445300,2014,2018,University of Phoenix-New Jersey,Jersey City,NJ,42098802,www.phoenix.edu,,,
445300,2019,2021,University of Phoenix-New Jersey,Jersey City,NJ,82098880,https://www.phoenix.edu/,08/09/2021,,2021
445391,2004,2004,UNIVERSITY OF PHOENIX-LOUISVILLE CAMPUS,Louisville,KY,00209889,www.phoenix.edu/,,,
445391,2005,2008,University of Phoenix-Louisville Campus,Louisville,KY,00209889,www.phoenix.edu/,,,
445391,2009,2013,University of Phoenix-Louisville Campus,Louisville,KY,32098862,www.phoenix.edu/,,,
445391,2014,2018,University of Phoenix-Kentucky,Louisville,KY,32098862,www.phoenix.edu/,04/03/2018,,2018
445407,2004,2004,DEVRY UNIVERSITY-MINNESOTA,Edina,MN,00107274,www.devry.edu,,,
445407,2005,2007,DeVry University-Minnesota,Edina,MN,00107274,www.devry.edu,,,
445407,2008,2008,DeVry University-Minnesota,St Louis Park,MN,00107274,www.devry.edu,,,
445407,2009,2009,DeVry University-Minnesota,St Louis Park,MN,01072769,www.devry.edu,,,
445407,2010,2010,DeVry University-Minnesota,Edina,MN,01072769,www.devry.edu,,,
445407,2011,2013,DeVry University-Minnesota,Edina,MN,01072767,www.devry.edu,,482529,2013
445674,2004,2004,COMMUNITY AND TECH COLL AT WEST VIRGINIA UNIV INST OF TECH,Montgomery,WV,00038251,www.wvutech.edu,,,
445674,2005,2005,Community and Technical College at West Virginia University Institute of Technology,Montgomery,WV,00038251,www.wvutech.edu,,,
445674,2006,2008,Community and Technical College at West Virginia University Institute of Technology,Montgomery,WV,04047300,www.wvutech.edu,,,
445674,2009,2013,Bridgemont Community and Technical College,Montgomery,WV,04047300,www.bridgemont.edu,,,
445717,2004,2004,UNIVERSITY OF PHOENIX-CENTRAL VALLEY CAMPUS,Fresno,CA,00209881,www.phoenix.edu/,,,
445717,2005,2006,University of Phoenix-Central Valley Campus,Fresno,CA,00209881,www.phoenix.edu,,,
445717,2007,2007,University of Phoenix-Central Valley Campus,Bakersfield,CA,00209881,www.phoenix.edu,,,
445717,2008,2008,University of Phoenix-Central Valley Campus,Fresno,CA,00209881,www.phoenix.edu,,,
445717,2009,2013,University of Phoenix-Central Valley Campus,Fresno,CA,32098802,www.phoenix.edu,,,
445717,2014,2014,University of Phoenix-Central Valley Campus,,CA,32098802,,,484631,2014
445753,2005,2012,Medvance Institute-Miami,Miami,FL,02326306,www.medvance.edu,,,
445753,2013,2015,Fortis Institute-Miami,Miami,FL,02326306,www.fortis.edu,07/01/2015,,2015
446163,2005,2023,Community Christian College,Redlands,CA,03874400,https://www.cccollege.edu/,,,
446394,2005,2022,Maple Springs Baptist Bible College and Seminary,Capitol Heights,MD,03822400,www.msbbcs.edu/,,,
446446,2005,2007,Polytechnic Institute of America,Orlando,FL,03939400,www.polytechnic.edu/,,,
446446,2008,2016,Centura Institute,Orlando,FL,03939400,www.centuracollege.edu,02/10/2017,,2016
446613,2005,2021,W L Bonner College,Columbia,SC,03856400,www.wlbc.edu/,,,
446701,2005,2008,University of Phoenix-Cheyenne Campus,Cheyenne,WY,00209882,www.phoenix.edu,,,
446701,2009,2013,University of Phoenix-Cheyenne Campus,Cheyenne,WY,52098801,www.phoenix.edu,03/28/2013,,2013
446710,2005,2008,University of Phoenix-Springfield  Campus,Springfield,MO,00209883,www.phoenix.edu,,,
446710,2009,2013,University of Phoenix-Springfield  Campus,Springfield,MO,32098895,www.phoenix.edu,08/01/2013,,2013
446729,2005,2008,University of Phoenix-Des Moines Campus,West Des Moines,IA,00209884,www.phoenix.edu,,,
446729,2009,2012,University of Phoenix-Des Moines Campus,West Des Moines,IA,32098859,www.phoenix.edu,,,
446729,2013,2013,University of Phoenix-Des Moines Campus,Des Moines,IA,72098885,www.phoenix.edu,,,
446729,2014,2017,University of Phoenix-Iowa,Des Moines,IA,72098885,www.phoenix.edu,03/08/2016,,2017
446738,2005,2008,University of Phoenix-San Antonio Campus,San Antonio,TX,00209885,www.phoenix.edu,,,
446738,2009,2013,University of Phoenix-San Antonio Campus,San Antonio,TX,42098878,www.phoenix.edu,,,
446738,2014,2014,University of Phoenix-San Antonio Campus,,TX,42098878,,,484756,2014
446747,2005,2008,University of Phoenix-Austin Campus,Austin,TX,00209886,www.phoenix.edu,,,
446747,2009,2013,University of Phoenix-Austin Campus,Austin,TX,42098879,www.phoenix.edu,,,
446747,2014,2014,University of Phoenix-Austin Campus,,TX,42098879,,,484756,2014
446756,2005,2008,University of Phoenix-Richmond Campus,Richmond,VA,00209887,www.phoenix.edu,,,
446756,2009,2012,University of Phoenix-Richmond Campus,Richmond,VA,42098891,www.phoenix.edu,,,
446756,2013,2013,University of Phoenix-Richmond-Virginia Beach Campus,Glen Allen,VA,82098821,www.phoenix.edu,,,
446756,2014,2014,University of Phoenix-Richmond-Virginia Beach Campus,,VA,82098821,,,484765,2014
446765,2005,2008,University of Phoenix-Raleigh Campus,Raleigh,NC,00209888,www.phoenix.edu,,,
446765,2009,2013,University of Phoenix-Raleigh Campus,Raleigh,NC,42098830,www.phoenix.edu,,,
446765,2014,2014,University of Phoenix-Raleigh Campus,,NC,42098830,,,484729,2014
446880,2005,2012,Career Technical College-Shreveport,Shreveport,LA,02606801,www.careertc.edu,,,
446880,2013,2015,Career Technical College-Shreveport,Shreveport,LA,02253902,www.mccann.edu,,,
446880,2016,2017,McCann School of Business & Technology,Shreveport,LA,02253902,www.mccann.edu,,,
446880,2018,2018,Platt College-McCann-Shreveport,Shreveport,LA,02306830,www.mccann.edu,05/25/2018,,2018
447263,2005,2005,American Institute of Medical-Dental Technology,Draper,UT,02270802,www.americaninstitute.edu,,,
447263,2006,2009,AmeriTech College,Draper,UT,02270802,www.ameritech.edu,,,
447263,2010,2018,AmeriTech College-Draper,Draper,UT,02270802,www.ameritech.edu,,,
447263,2019,2021,AmeriTech College-Draper,Draper,UT,02270800,www.ameritech.edu/,,,
447263,2022,2023,Joyce University of Nursing and Health Sciences,Draper,UT,02270800,www.joyce.edu/,,,
447360,2005,2005,Central Florida College,Saint Petersburg,FL,00224551,,,,
447360,2006,2008,Central Florida College,Largo,FL,00224551,,,,
447360,2009,2009,Fortis College,Largo,FL,00224551,www.fortis.edu,,,
447360,2010,2010,Fortis College-Largo,Largo,FL,00224551,www.fortis.edu,,,
447360,2011,2016,Fortis College-Largo,Largo,FL,02245504,www.fortiscollege.edu,09/25/2016,,2016
447458,2005,2009,Ex-Pression College for Digital Arts,Emeryville,CA,03973300,www.expression.edu,,,
447458,2010,2015,Expression College for Digital Arts,Emeryville,CA,03973300,www.expression.edu,,,
447458,2016,2022,SAE Expression College,Emeryville,CA,03973300,usa.sae.edu/campuses/emeryville/,12/15/2022,,2022
447476,2005,2008,Daymar College-Newport,Newport,KY,00093131,www.daymarcollege.edu/,,,
447476,2009,2017,Daymar College-Bellevue,Bellevue,KY,00931305,www.daymarcollege.edu/,,,
447485,2005,2013,DeVry University-Oklahoma,Oklahoma City,OK,01072774,www.devry.edu,,482583,2013
447625,2005,2009,Eagle Gate College,Salt Lake City,UT,02178502,eaglegatecollege.edu,,,
447625,2010,2015,Eagle Gate College-Salt Lake City,Salt Lake City,UT,02178502,www.eaglegatecollege.edu,04/30/2015,,2015
447652,2005,2008,University of Phoenix-Savannah Campus,Savannah,GA,00209889,www.phoenix.edu,,,
447652,2009,2013,University of Phoenix-Savannah Campus,Savannah,GA,32098833,www.phoenix.edu,,,
447652,2014,2014,University of Phoenix-Savannah Campus,,GA,32098833,,,484677,2014
447661,2005,2005,University of Phoenix-Reno Campus,Reno,NV,02098878,www.phoenix.edu,,,
447661,2006,2008,University of Phoenix-Northern Nevada Campus,Reno,NV,02098878,www.phoenix.edu,,,
447661,2009,2013,University of Phoenix-Northern Nevada Campus,Reno,NV,52098870,www.phoenix.edu,,,
447661,2014,2014,University of Phoenix-Northern Nevada Campus,,NV,52098870,,,484710,2014
448309,2006,2009,Shorter College-Professional Studies,Atlanta,GA,00159101,www.shorter.edu/pro_studies/professional_home.htm,,,
448309,2010,2012,Shorter University-College of Adult & Professional Programs,Atlanta,GA,00159101,www.shorter.edu/CAPP/,,,
448309,2013,2017,Shorter University-College of Adult & Professional Programs,Marietta,GA,00159101,www.shorter.edu/professional-education/,,,
448309,2018,2018,Shorter University-College of Adult & Professional Programs,Rome,GA,00159101,www.shorter.edu/professional-education/,12/08/2017,,2018
448363,2006,2010,San Joaquin Valley College-Online,Visalia,CA,00212071,info.sjvc.edu/campus.php?selection=SJVCOnline&source_code=DTMKSR&source_campaign_id=636&affiliate_id=sjvc+college&dart_code=p308653487&gclid=CP,,,
448363,2011,2011,San Joaquin Valley College-Online,Visalia,CA,02120700,info.sjvc.edu/campus.php?selection=SJVCOnline&source_code=DTMKSR&source_campaign_id=636&affiliate_id=sjvc+college&dart_code=p308653487&gclid=CP,,,
448415,2006,2006,MedTech College,Indianapolis,IN,00736201,www.medtechcollege.com,,,
448415,2007,2016,MedTech College,Indianapolis,IN,00736200,www.medtech.edu/schools/indianapolis-indiana,09/16/2016,,2016
448521,2006,2008,University of Phoenix-Omaha Campus,Omaha,NE,00209881,www.phoenix.edu,,,
448521,2009,2013,University of Phoenix-Omaha Campus,Omaha,NE,32098897,www.phoenix.edu,,,
448521,2014,2014,University of Phoenix-Omaha Campus,,NE,32098897,,08/01/2014,,2014
448530,2006,2008,University of Phoenix-Northwest Arkansas Campus,Rogers,AR,00209882,www.phoenix.edu,,,
448530,2009,2013,University of Phoenix-Northwest Arkansas Campus,Rogers,AR,12098849,www.phoenix.edu,,,
448530,2014,2014,University of Phoenix-Northwest Arkansas Campus,,AR,12098849,,,484622,2014
448549,2006,2010,University of Phoenix-Northwest Indiana Campus,Merrillville,IN,00209883,www.phoenix.edu,,,
448549,2011,2011,University of Phoenix-Northwest Indiana Campus,Merrillville,IN,72098812,www.phoenix.edu,,,
448549,2012,2012,University of Phoenix-Northwest Indiana Campus,,IN,72098812,,,443544,2012
448558,2006,2008,University of Phoenix-Madison Campus,Madison,WI,00209884,www.phoenix.edu,,,
448558,2009,2013,University of Phoenix-Madison Campus,Madison,WI,52098800,www.phoenix.edu,08/01/2013,,2013
448567,2006,2008,University of Phoenix-Columbia Campus,Columbia,SC,00209887,www.phoenix.edu,,,
448567,2009,2013,University of Phoenix-Columbia Campus,Columbia,SC,42098866,www.phoenix.edu,,,
448567,2014,2018,University of Phoenix-South Carolina,Columbia,SC,42098866,www.phoenix.edu,09/17/2018,,2018
448585,2006,2010,National American University-Zona Rosa,Kansas City,MO,00040571,www.national.edu,,,
448585,2011,2018,National American University-Zona Rosa,Kansas City,MO,00405719,www.national.edu/locations/campuses/zona-rosa/,11/30/2018,,2018
448594,2006,2009,West Hills College-Lemoore,Lemoore,CA,04111300,www.westhillscollege.com,,,
448594,2010,2012,West Hills College Lemoore,Lemoore,CA,04111300,www.westhillscollege.com,,,
448594,2013,2022,West Hills College-Lemoore,Lemoore,CA,04111300,https://www.westhillscollege.com/lemoore/,,,
448594,2023,2023,Lemoore College,Lemoore,CA,04111300,https://www.westhillscollege.com/lemoore/,,,
448664,2006,2007,Miller-Motte Technical College-Goodlettsville,Goodlettsville,TN,00261421,,,,
448664,2008,2009,Miller-Motte Technical College-Goodlettsville,Goodlettsville,TN,02614204,,,,
448664,2010,2018,Miller-Motte Technical College-Madison,Madison,TN,02614204,miller-motte.edu,12/24/2017,,2018
448752,2006,2013,College America-Colorado Springs,Colorado Springs,CO,02594302,www.collegeamerica.edu/,,,
448752,2014,2020,CollegeAmerica-Colorado Springs,Colorado Springs,CO,02594302,www.collegeamerica.edu/,09/13/2020,,2020
448761,2006,2013,College America-Fort Collins,Fort Collins,CO,02594301,www.collegeamerica.edu,,,
448761,2014,2020,CollegeAmerica-Fort Collins,Fort Collins,CO,02594301,www.collegeamerica.edu/,09/13/2020,,2020
448822,2006,2008,University of Phoenix-Fairfield County Campus,Norwalk,CT,00209885,www.phoenix.edu,,,
448822,2009,2013,University of Phoenix-Fairfield County Campus,Norwalk,CT,32098811,www.phoenix.edu,,,
448822,2014,2017,University of Phoenix-Connecticut,Norwalk,CT,32098811,www.phoenix.edu,08/09/2016,,2017
448831,2006,2008,University of Phoenix-Harrisburg Campus,Harrisburg,PA,00209886,www.phoenix.edu,,,
448831,2009,2013,University of Phoenix-Harrisburg Campus,Harrisburg,PA,42098864,www.phoenix.edu,,,
448840,2009,2011,University of South Florida-St. Petersburg Campus,St. Petersburg,FL,00153701,www.stpete.usf.edu/,,,
448840,2012,2012,University of South Florida-St. Petersburg,St. Petersburg,FL,00153701,www.usfsp.edu,,,
448840,2013,2020,University of South Florida-St Petersburg,St. Petersburg,FL,00153701,https://www.usfsp.edu,,137351,2020
448877,2006,2008,DeVry University-Utah,Sandy,UT,00107275,www.devry.edu,,,
448877,2009,2013,DeVry University-Utah,Sandy,UT,01072776,www.devry.edu,,482644,2013
449083,2006,2009,College of Business and Technology-Flagler Campus,Miami,FL,03071601,www.cbt.edu,,,
449083,2010,2017,College of Business and Technology-Flagler,Miami,FL,03071601,www.cbt.edu,,,
449083,2018,2018,College of Business and Technology-Main Campus,Miami,FL,03071601,www.cbt.edu,,,
449083,2019,2020,College of Business and Technology-Main Campus,Miami,FL,03071600,www.cbt.edu/,,,
449083,2021,2023,CBT Technology Institute-Main Campus,Miami,FL,03071600,www.cbt.edu/,,,
449092,2006,2009,College of Business and Technology-Hialeah Campus,Hialeah,FL,03071602,www.cbt.edu,,,
449092,2010,2020,College of Business and Technology-Hialeah,Hialeah,FL,03071602,www.cbt.edu/,,,
449092,2021,2023,CBT Technology Institute-Hialeah,Hialeah,FL,03071602,www.cbt.edu/,,,
449117,2006,2006,Miller-Motte Technical College-Cary,Cary,NC,00261422,,,,
449117,2007,2010,Miller-Motte College-Cary,Cary,NC,00261422,,,,
449117,2011,2017,Miller-Motte College-Cary,Cary,NC,00499201,www.miller-motte.edu,,,
449117,2018,2019,Platt College-Miller-Motte-Cary,Cary,NC,02306815,www.miller-motte.edu,08/04/2019,,2019
449126,2006,2009,Miami-Jacobs Career College-Springboro Branch,Springboro,OH,00030761,www.miamijacobs.edu,,,
449126,2010,2010,Miami-Jacobs Career College-Springboro,Springboro,OH,00030761,www.miamijacobs.edu,,,
449126,2011,2011,Miami-Jacobs Career College-Springboro,Springboro,OH,00307602,www.miamijacobs.edu,,,
449126,2012,2017,Miami-Jacobs Career College-Springboro,Springboro,OH,00489812,www.miamijacobs.edu,09/18/2017,,2017
449302,2006,2008,Daymar College-Paducah,Paducah,KY,00093132,www.daymarcollege.edu,,,
449302,2009,2009,Daymar College-Paducah,Paducah,KY,00931307,www.daymarcollege.edu,,,
449302,2010,2010,Daymar College-Madisonville,Madisonville,KY,00931307,www.daymarcollege.edu,,,
449302,2011,2017,Daymar College-Madisonville,Madisonville,KY,00931310,www.daymarcollege.edu,12/11/2016,,2017
449931,2007,2008,Averett University-Non-traditional programs,Danville,VA,00037021,www.averett.edu/working-professionals/index.html,,,
449931,2009,2010,Averett University-Non-Traditional Programs,Danville,VA,00037021,www.averett.edu/working-professionals/index.html,,,
449931,2011,2021,Averett University-Non-Traditional Programs,Danville,VA,00370200,https://gps.averett.edu/,,231420,2021
450003,2007,2010,Miami-Jacobs Career College-Troy,Troy,OH,00030762,www.miamijacobs.edu,,,
450003,2011,2011,Miami-Jacobs Career College-Troy,Troy,OH,00307603,www.miamijacobs.edu,,,
450003,2012,2018,Miami-Jacobs Career College-Troy,Troy,OH,00489813,www.miamijacobs.edu,11/19/2017,,2018
450021,2007,2023,Blue Cliff College-Houma,Houma,LA,03294301,bluecliffcollege.edu/,01/31/2022,,2023
450429,2007,2009,Utah Career College-Layton,Layton,UT,00111661,www.utahcollege.edu,,,
450429,2010,2010,Broadview University-Layton,Layton,UT,00111661,www.broadviewuniversity.edu,,,
450429,2011,2016,Broadview University-Layton,Layton,UT,01116601,www.broadviewuniversity.edu/,06/24/2016,,2016
450456,2007,2008,University of Phoenix-Birmingham Campus,Birmingham,AL,00209888,www.phoenix.edu,,,
450456,2009,2013,University of Phoenix-Birmingham Campus,Birmingham,AL,52098836,www.phoenix.edu,,,
450456,2014,2016,University of Phoenix-Alabama,Birmingham,AL,52098836,www.phoenix.edu,,,
450456,2017,2018,University of Phoenix-Alabama,Birmingham,AL,12098800,www.phoenix.edu,05/23/2017,,2018
450474,2007,2008,University of Phoenix-Augusta Campus,Augusta,GA,00209889,www.phoenix.edu,,,
450474,2009,2010,University of Phoenix-Augusta Campus,Augusta,GA,32098828,www.phoenix.edu,,,
450474,2011,2011,University of Phoenix-Augusta Campus,Augusta,GA,62098818,www.phoenix.edu,,,
450474,2012,2013,University of Phoenix-Augusta Campus,Augusta,GA,32098828,www.phoenix.edu,,,
450474,2014,2014,University of Phoenix-Augusta Campus,,GA,32098828,,,484677,2014
450492,2007,2008,University of Phoenix-Chattanooga Campus,Chattanooga,TN,00209881,www.phoenix.edu,,,
450492,2009,2013,University of Phoenix-Chattanooga Campus,Chattanooga,TN,42098870,www.phoenix.edu,,,
450492,2014,2014,University of Phoenix-Chattanooga Campus,,TN,42098870,,,484747,2014
450508,2007,2007,Devry University-Michigan,Southfield,MI,01072786,,,,
450508,2008,2013,DeVry University-Michigan,Southfield,MI,01072786,www.devry.edu,,482510,2013
450517,2007,2013,DeVry University-Tennessee,Memphis,TN,01072780,www.devry.edu,,482617,2013
450979,2008,2009,TUI University,Cypress,CA,04127900,www.tuiu.edu,,,
450979,2010,2020,Trident University International,Cypress,CA,04127900,www.trident.edu/,03/02/2020,,2020
451060,2008,2017,Digital Media Arts College,Boca Raton,FL,04127400,www.dmac.edu,10/18/2017,,2017
451556,2008,2008,Southwest Career Institute,El Paso,TX,04131700,swci-ep.com,,,
451556,2009,2011,Southwest Career College,El Paso,TX,04131700,southwestcareercollege.com,,,
451556,2012,2023,Southwest University at El Paso,El Paso,TX,04131700,southwestuniversity.edu/,,,
451608,2008,2013,Southeast Culinary & Hospitality College,Bristol,VA,04133800,southeastculinary.edu,,,
451705,2008,2013,College America-Cheyenne,Cheyenne,WY,02594303,www.collegeamerica.edu,,,
451705,2014,2017,CollegeAmerica-Cheyenne,Cheyenne,WY,02594303,www.collegeamerica.edu,03/19/2017,,2017
451750,2008,2011,Bryant and Stratton College-Wauwatosa,Wauwatosa,WI,00267814,www.bryantstratton.edu,,,
451750,2012,2023,Bryant & Stratton College-Wauwatosa,Wauwatosa,WI,00267814,https://www.bryantstratton.edu/,,,
451875,2008,2010,National American University-Austin,Austin,TX,00040572,www.national.edu,,,
451875,2011,2018,National American University-Austin,Austin,TX,00405720,www.national.edu/locations/campuses/austin/,,,
451875,2019,2019,National American University-Austin,Austin,TX,00405718,www.national.edu/locations/campuses/austin/,11/30/2019,,2019
451884,2008,2010,National American University-Wichita,Wichita,KS,00040573,www.national.edu,,,
451884,2011,2019,National American University-Wichita,Wichita,KS,00405721,www.national.edu/locations/campuses/wichita/,08/31/2019,,2019
452993,2009,2009,Hondros College,Mason,OH,00000002,www.hondros.edu,,,
453455,2008,2008,National College,Kettering,OH,00000002,,,,
453455,2009,2010,National College-Dayton,Kettering,OH,00000002,www.national-college.edu,,,
453455,2011,2014,National College-Dayton,Kettering,OH,00372609,www.national-college.edu/locations/dayton-oh/,,,
453455,2015,2019,American National University-Dayton,Kettering,OH,00372609,https://www.an.edu/locations/dayton-oh/,06/01/2019,,2019
453464,2008,2008,National College,Youngstown,OH,00000002,,,,
453464,2009,2010,National College-Youngstown,Youngstown,OH,00000002,www.national-college.edu,,,
453464,2011,2014,National College-Youngstown,Youngstown,OH,00372611,www.national-college.edu/locations/youngstown-oh/,,,
453464,2015,2018,American National University-Youngstown,Youngstown,OH,00372611,https://www.an.edu/locations/youngstown-oh/,,,
453473,2008,2008,National College,Cincinnati,OH,00000002,,,,
453473,2009,2010,National College-Cincinnati,Cincinnati,OH,00000002,www.national-college.edu,,,
453473,2011,2014,National College-Cincinnati,Cincinnati,OH,00372610,www.national-college.edu,,,
453473,2015,2017,American National University-Cincinnati,Cincinnati,OH,00372610,https://www.an.edu/locations/cincinnati-oh/,01/21/2017,,2017
453482,2008,2009,National College,Stow,OH,00000002,,,,
453482,2010,2010,National College-Stow,Stow,OH,00000002,,,,
453482,2011,2015,National College-Stow,Stow,OH,00461704,www.national-college.edu/locations/akron-oh/,11/17/2014,,2015
454209,2008,2013,DeVry University-Kentucky,Louisville,KY,01072789,www.devry.edu,,482495,2013
454227,2008,2010,Chamberlain College of NursingAddison Campus,Addison,IL,00638502,www.chamberlain.edu,,,
454227,2011,2016,Chamberlain College of Nursing-Illinois,Addison,IL,00638500,www.chamberlain.edu,,,
454227,2017,2023,Chamberlain University-Illinois,Addison,IL,00638500,https://www.chamberlain.edu/,,,
454236,2008,2009,Chamberlain College of NursingColumbus Campus,Columbus,OH,00638504,www.chamberlain.edu,,,
454236,2010,2010,Chamberlain College of NursingColumbus Campus,Columbus,OH,00638501,www.chamberlain.edu,,,
454236,2011,2016,Chamberlain College of Nursing-Ohio,Columbus,OH,00638501,www.chamberlain.edu,,,
454236,2017,2023,Chamberlain University-Ohio,Columbus,OH,00638501,https://www.chamberlain.edu/,,,
454245,2008,2010,Chamberlain College of NursingPhoenix Campus,Phoenix,AZ,00638503,www.chamberlain.edu,,,
454245,2011,2016,Chamberlain College of Nursing-Arizona,Phoenix,AZ,00638503,www.chamberlain.edu,,,
454245,2017,2023,Chamberlain University-Arizona,Phoenix,AZ,00638503,https://www.chamberlain.edu/,,,
454458,2008,2009,Bryan College,Rogers,AR,03066302,,,,
454458,2010,2011,Bryan College-Rogers,Rogers,AR,03066302,www.bryancolleges.edu,,,
454458,2012,2022,Bryan University,Rogers,AR,03066302,www.bryanu.edu/,10/09/2022,,2022
454591,2008,2009,Utah Career CollegeOrem Campus,Orem,UT,01116602,,,,
454591,2010,2016,Broadview University-Orem,Orem,UT,01116602,www.broadviewuniversity.edu/,09/23/2016,,2016
454616,2008,2022,Institute of Production and Recording,Minneapolis,MN,04130200,https://www.ipr.edu/,03/17/2023,,2022
454689,2009,2013,Taft University System,Santa Ana,CA,04100400,www.taftu.edu,,,
454689,2014,2016,Taft University System,Denver,CO,04100400,www.taftu.edu,,,
454689,2017,2022,Taft University System,Lakewood,CO,04100400,www.taftu.edu/,,,
454689,2023,2023,Taft University System,Denver,CO,04100400,www.taftu.edu/,,,
454740,2009,2016,International Professional School of Bodywork,San Diego,CA,04134700,www.ipsb.edu,,,
455576,2009,2009,Bethel College,Hampton,VA,00000002,,,,
455628,2009,2011,Tri-State Institute,Birmingham,AL,03010803,www.tristateinstitute.com,,,
455628,2012,2012,Fortis Institute,Birmingham,AL,03010803,www.fortis.edu,,,
455628,2013,2018,Fortis Institute-Birmingham,Birmingham,AL,03010803,www.fortis.edu,,,
455628,2019,2019,Fortis Institute-Birmingham,Birmingham,AL,03010800,www.fortis.edu,,,
455628,2020,2023,Fortis Institute-Birmingham,Birmingham,AL,03480305,www.fortis.edu/,,,
455646,2009,2009,Daymar College Scottsville,Scottsville,KY,00931308,,,,
455646,2010,2014,Daymar College-Scottsville,Scottsville,KY,00931308,www.daymarcollege.edu,09/30/2014,,2014
455655,2009,2018,Miller-Motte College-Greenville,Greenville,NC,02614205,www.miller-motte.edu,05/25/2018,,2018
455673,2010,2015,Metro Business College-Arnold,Arnold,MO,02180204,www.metrobusinesscollege.edu,06/01/2015,,2015
456180,2009,2009,Fortis College,Phoenix,AZ,02190702,,,,
456180,2010,2019,Fortis College-Phoenix,Phoenix,AZ,02190702,fortiscollege.edu,12/22/2019,,2019
456278,2009,2010,Southwestern College,Toledo,OH,01212806,swcollege.net,,,
456278,2011,2013,Lincoln College of Technology-Toledo,Toledo,OH,01212806,www.lincolnedu.com/campus/toledo-oh,,,
456278,2014,2014,Lincoln College of Technology-Toledo,,OH,01212806,,12/31/2013,,2014
456357,2009,2016,MedTech College-Greenwood Campus,Greenwood,IN,00736202,www.medtech.edu/schools/greenwood-indiana,09/16/2016,,2016
456366,2009,2009,MedTech College-Ft. Wayne Campus,Ft. Wayne,IN,00736204,www.medtechcollege.edu,,,
456366,2010,2016,MedTech College-Ft Wayne Campus,Ft. Wayne,IN,00736204,www.medtech.edu/schools/fort-wayne-indiana,09/16/2016,,2016
456375,2009,2012,MedTech CollegeLexington Campus,Lexington,KY,00736205,www.medtech.edu,,,
456375,2013,2016,MedTech College-Lexington Campus,Lexington,KY,00736205,www.medtech.edu/schools/lexington-kentucky,08/23/2016,,2016
456481,2009,2010,Polytechnic University of Puerto Rico-Miami Campus,Miami,FL,00210001,www.pupr.edu,,,
456481,2011,2012,Polytechnic University of Puerto Rico-Miami Campus,Miami,FL,02100001,www.pupr.edu,,,
456481,2013,2023,Polytechnic University of Puerto Rico-Miami,Miami,FL,02100001,www.pupr.edu/miami/,,,
456977,2009,2010,College of Business and Technology-Cutler Bay,Cutler Bay,FL,03071603,www.cbt.edu/,,,
456977,2011,2013,CBT College-Cutler Bay,Cutler Bay,FL,03071603,www.cbt.edu/,,,
456977,2014,2020,College of Business and Technology-Cutler Bay,Cutler Bay,FL,03071603,www.cbt.edu/,,,
456977,2021,2023,CBT Technology Institute-Cutler Bay,Cutler Bay,FL,03071603,www.cbt.edu/,,,
457004,2009,2010,National College-Columbus,Columbus,OH,00372601,www.national-college.edu,,,
457004,2011,2014,National College-Columbus,Columbus,OH,00372612,www.national-college.edu/locations/columbus-oh/,,,
457004,2015,2017,American National University-Columbus,Columbus,OH,00372612,https://www.an.edu/locations/columbus-oh/,01/23/2017,,2017
457022,2009,2009,Herzing University,Toledo,OH,00962102,,,,
457022,2010,2019,Herzing University-Toledo,Toledo,OH,00962102,https://www.herzing.edu/,04/24/2019,,2019
457129,2009,2010,Chamberlain College of Nursing-Jacksonville Campus,Jacksonville,FL,00638504,www.chamberlain.edu,,,
457129,2011,2016,Chamberlain College of Nursing-Florida,Jacksonville,FL,00638504,www.chamberlain.edu,,,
457129,2017,2023,Chamberlain University-Florida,Jacksonville,FL,00638504,https://www.chamberlain.edu/,,,
457226,2010,2011,Horizon College San Diego,San Diego,CA,04140500,www.horizoncollege.org/,,,
457226,2012,2016,Horizon University,San Diego,CA,04140500,www.horizonuniversity.edu,,,
457226,2017,2023,Horizon University,Indianapolis,IN,04140500,www.horizonuniversity.edu/,,,
457484,2010,2010,Pacific Rim Christian College,Honolulu,HI,04154100,www.pacrim.edu/,,,
457484,2011,2012,New Hope Christian College,Honolulu,HI,02159701,hawaii.newhope.edu/,,,
457484,2013,2014,New Hope Christian College-Honolulu,Honolulu,HI,02159701,hawaii.newhope.edu/,,,
457484,2015,2023,Pacific Rim Christian University,Honolulu,HI,04252700,https://www.pacrim.edu/#home,,,
458113,2010,2019,Bethel College,Hampton,VA,04153800,bcva.edu,,,
458113,2020,2020,Antioch College AG,Hampton,VA,04153800,antiochcollegeag.edu/,,,
458113,2021,2022,Ascent College,Hampton,VA,04153800,ascent.edu/,,,
458113,2023,2023,Ascent College,Gainesville,VA,04153800,ascent.edu/,,,
458441,2010,2017,Miller-Motte Technical College-Columbus,Columbus,GA,02614206,www.miller-motte.edu,,,
458441,2018,2020,Platt College-Miller-Motte Technical-Columbus,Columbus,GA,02306818,https://www.miller-motte.edu/,,,
458441,2021,2023,Miller-Motte College-Columbus,Columbus,GA,02306818,https://www.miller-motte.edu/,,,
458502,2010,2011,Bryant and Stratton College-Glendale,Glendale,WI,00267815,www.bryantstratton.edu,,,
458502,2012,2017,Bryant & Stratton College-Bayshore,Glendale,WI,00267815,www.bryantstratton.edu,,,
458502,2018,2018,Bryant & Stratton College-Bayshore,Mount Pleasant,WI,00267815,https://www.bryantstratton.edu,,,
458502,2019,2019,Bryant & Stratton College-Bayshore,Glendale,WI,00267815,https://www.bryantstratton.edu,,451750,
458557,2010,2010,Daymar College-Online,Louisville,KY,00093131,,,,
458557,2011,2017,Daymar College-Online,Louisville,KY,00931309,www.daymarcollege.edu/,12/31/2014,,2017
459091,2010,2012,Broadview University-Salt Lake City,Salt Lake City,UT,01116603,www.broadviewuniversity.edu/,,,
459091,2013,2018,Broadview Entertainment Arts University,Salt Lake City,UT,01116603,beau.broadviewuniversity.edu/,12/21/2018,,2018
459417,2010,2010,Compass Film Academy,Grand Rapids,MI,04163300,compass.edu,,,
459417,2011,2020,Compass College of Cinematic Arts,Grand Rapids,MI,04163300,compass.edu/,,,
459417,2021,2023,Compass College of Film and Media,Grand Rapids,MI,04163300,https://compass.edu/,08/04/2023,,2023
459727,2010,2011,Touro College Los Angeles,Los Angeles,CA,04142500,www.touro.edu/losangeles/,,,
459727,2012,2023,Touro University Worldwide,Los Alamitos,CA,04142500,https://www.tuw.edu/,,,
459833,2010,2015,National College-Willoughby Hills,Willoughby Hills,OH,00461706,www.national-college.edu,11/17/2014,,2015
460020,2010,2012,Medix School-Fortis College,Columbia,SC,01031906,www.fortis.edu/,,,
460020,2013,2023,Fortis College-Columbia,Columbia,SC,01031906,https://www.fortis.edu/,,,
460075,2010,2019,California University of Management and Sciences,Anaheim,CA,04133100,www.calums.edu,,,
460215,2010,2018,Ecotech Institute,Aurora,CO,03010622,www.ecotechinstitute.com,12/07/2018,,2018
460376,2010,2010,Virginia International University,Fairfax,VA,00000002,,,,
460376,2016,2018,Virginia International University,Fairfax,VA,04144000,www.viu.edu,,,
460376,2019,2023,Fairfax University of America,Fairfax,VA,04144000,https://www.fxua.edu/,,,
460738,2011,2019,American Sentinel University,Aurora,CO,04127700,www.americansentinel.edu,,,
460738,2020,2020,American Sentinel University,Denver,CO,04127700,www.americansentinel.edu/,,,
460738,2021,2022,American Sentinel College of Nursing and Health Sciences,Waterbury,CT,04127700,www.americansentinel.edu/,,130183,2022
460783,2011,2012,Remington College,Heathrow,FL,00758609,www.remingtoncollege.edu/,,,
460783,2013,2015,Remington College-Heathrow Campus,Heathrow,FL,03026510,www.remingtoncollege.edu/,,,
460783,2016,2020,Remington College-Heathrow Campus,Lake Mary,FL,03026510,www.remingtoncollege.edu/,01/29/2021,,2020
460826,2011,2012,Miller-Motte Technical College,Augusta,GA,02614207,www.miller-motte.edu/campuses/georgia-campuses/augusta-ga,,,
460826,2013,2017,Miller-Motte Technical College-Augusta,Augusta,GA,02614207,www.miller-motte.edu,,,
460826,2018,2020,Platt College-Miller-Motte Technical-Augusta,Augusta,GA,02306814,https://www.miller-motte.edu/campuses/augusta-career-training,,,
460826,2021,2023,Miller-Motte College-Augusta,Augusta,GA,02306814,https://www.miller-motte.edu/,,,
460835,2011,2012,Miller-Motte Technical College,Conway,SC,00499204,www.miller-motte.edu,,,
460835,2013,2017,Miller-Motte Technical College-Conway,Conway,SC,00499204,www.miller-motte.edu,,,
460835,2018,2020,Platt College-Miller-Motte Technical-Conway,Conway,SC,02306819,https://www.miller-motte.edu/,,,
460835,2021,2023,Miller-Motte College-Conway,Conway,SC,02306819,https://www.miller-motte.edu/,,,
460871,2011,2016,Chamberlain College of Nursing-Virginia,Arlington,VA,00638506,www.chamberlain.edu,,,
460871,2017,2019,Chamberlain University-Virginia,Arlington,VA,00638506,https://www.chamberlain.edu/,,,
460871,2020,2023,Chamberlain University-Virginia,Vienna,VA,00638506,https://www.chamberlain.edu/,,,
461023,2011,2023,National Paralegal College,Phoenix,AZ,04157400,https://nationalparalegal.edu/,,,
461032,2011,2011,Carolina Bible College,Fayetteville,NC,04154200,carolinabiblecollege.org/,,,
461032,2012,2023,Carolina College of Biblical Studies,Fayetteville,NC,04154200,ccbs.edu/,,,
461236,2011,2011,Georgia Christian University,Lilburn,GA,04156500,www.gcuniv.edu,,,
461236,2012,2017,Georgia Christian University,Atlanta,GA,04156500,www.gcuniv.edu,,,
461236,2018,2018,Georgia Central University,Atlanta,GA,04156500,www.gcuniv.edu,,,
461528,2011,2020,Grace College of Divinity,Fayetteville,NC,04173700,www.gcd.edu/,,,
461528,2021,2023,Manna University,Fayetteville,NC,04173700,https://www.manna.edu/,,,
461777,2011,2012,Hands-on Medical Massage School,Redlands,CA,04178900,handsonmedicalmassage.com,,,
461777,2013,2015,Ashdown College of Health Sciences,Redlands,CA,04178900,ashdowncollege.edu,12/31/2015,,2015
461795,2011,2012,North American College,Houston,TX,04179500,www.northamerican.edu,,,
461795,2013,2015,North American University,Houston,TX,04179500,www.na.edu,,,
461795,2016,2023,North American University,Stafford,TX,04179500,www.na.edu/,,,
461847,2011,2014,Mesivta Keser Torah,Belmar,NJ,04180300,,,,
461847,2015,2017,Mesivta Keser Torah,Lakewood,NJ,04180300,kesertorah-mayanhatalmud.com,,,
461847,2019,2023,Keser Torah-Mayan Hatalmud,Lakewood,NJ,04180300,www.mayanhatalmud.org/,,,
461953,2011,2023,Colorado Academy of Veterinary Technology,Colorado Springs,CO,04185000,www.cavt.edu/,,,
462239,2011,2013,Lincoln College of New England-Hartford,Hartford,CT,00940702,www.lincolncollegene.edu,,,
462257,2011,2013,Lincoln College of Technology-Columbus,Columbus,OH,01212807,www.lincolnedu.com/campus/columbus-oh,12/31/2013,,2013
462266,2011,2013,Lincoln College of Technology-Cleveland,Cleveland,OH,01212808,www.lincolnedu.com/campus/cleveland-oh,,,
462266,2014,2014,Lincoln College of Technology-Cleveland,,OH,01212808,,12/31/2013,,2014
462390,2011,2013,University of Phoenix-Jackson Campus,Flowood,MS,72098818,www.phoenix.edu,,,
462390,2014,2016,University of Phoenix-Mississippi,Flowood,MS,72098818,www.phoenix.edu,02/24/2016,,2016
462406,2011,2011,University of Phoenix-Delaware,Wilmington,DE,72098833,www.phoenix.edu,,,
462406,2012,2013,University of Phoenix-Delaware Campus,Wilmington,DE,72098833,www.phoenix.edu,07/11/2013,,2013
466152,2011,2019,National American University-Tulsa,Tulsa,OK,00405722,www.national.edu/locations/campuses/tulsa/,05/31/2019,,2019
466161,2011,2019,National American University-Centennial,Centennial,CO,00405723,www.national.edu/locations/campuses/centennial/,11/30/2019,,2019
466170,2011,2012,National American University-Lee's Summit,Lee Summit,MO,00405724,www.national.edu/locations/missouri/lees-summit,,,
466170,2013,2018,National American University-Lee's Summit,Lee's Summit,MO,00405724,www.national.edu/locations/campuses/lees-summit/,11/30/2018,,2018
466189,2011,2020,National American University-Colorado Springs South,Colorado Springs,CO,00405725,www.national.edu/locations/campuses/colorado-springs-south/,,,
466921,2011,2016,Chamberlain College of Nursing-Missouri,St. Louis,MO,00638507,www.chamberlain.edu,,,
466921,2017,2023,Chamberlain University-Missouri,St. Louis,MO,00638507,https://www.chamberlain.edu/,,,
466930,2011,2016,Chamberlain College of Nursing-Texas,Houston,TX,00638508,www.chamberlain.edu,,,
466930,2017,2023,Chamberlain University-Texas,Houston,TX,00638508,https://www.chamberlain.edu/,,,
467793,2011,2011,Broadview University,Meridian,ID,01116604,broadviewuniversity.edu,,,
467793,2012,2017,Broadview University-Boise,Meridian,ID,01116604,www.broadviewuniversity.edu/,09/22/2017,,2017
474702,2011,2011,University of Phoenix-Knoxville,Knoxville,TN,72098831,www.phoenix.edu,,,
474702,2012,2013,University of Phoenix-Knoxville Campus,Knoxville,TN,72098831,www.phoenix.edu,,,
474702,2014,2014,University of Phoenix-Knoxville Campus,,TN,72098831,,,484747,2014
474863,2011,2013,Azusa Pacific Online University,Glendora,CA,00111700,www.apu.edu/apou/,,,
474863,2014,2014,Azusa Pacific University College,Glendora,CA,00111718,www.apu.edu/university-college/,,,
474863,2015,2017,Azusa Pacific University College,San Dimas,CA,00111718,www.apu.edu/university-college/,,,
474863,2018,2023,Los Angeles Pacific University,San Dimas,CA,04278800,https://www.lapu.edu/,,,
474951,2011,2012,University of Phoenix-Baton Rouge,Baton Rouge,LA,32098864,www.phoenix.edu,,,
474951,2013,2013,University of Phoenix-Baton Rouge Campus,Baton Rouge,LA,32098864,www.phoenix.edu,,,
474951,2014,2014,University of Phoenix-Baton Rouge Campus,,LA,32098864,,,484686,2014
474960,2011,2011,University of Phoenix-Lafayette,Lafayette,LA,32098865,www.phoenix.edu,,,
474960,2012,2013,University of Phoenix-Lafayette Campus,Lafayette,LA,72098867,www.phoenix.edu,,,
474960,2014,2014,University of Phoenix-Lafayette Campus,,LA,72098867,,,484686,2014
474979,2011,2011,University of Phoenix-Shreveport-Bossier,Bossier City,LA,32098866,www.phoenix.edu,,,
474979,2012,2013,University of Phoenix-Shreveport-Bossier Campus,Bossier City,LA,32098866,www.phoenix.edu,,,
474979,2014,2014,University of Phoenix-Shreveport-Bossier Campus,,LA,32098866,,,484686,2014
475060,2011,2017,Miller-Motte Technical College-Macon,Macon,GA,00489808,www.miller-motte.edu,,,
475060,2018,2020,Platt College-Miller-Motte Technical-Macon,Macon,GA,02306825,www.miller-motte.edu/,,,
475060,2021,2023,Miller-Motte College-Macon,Macon,GA,02306825,https://www.miller-motte.edu/,,,
475079,2011,2018,Miller-Motte Technical College-Gulfport,Gulfport,MS,00489809,www.miller-motte.edu,04/05/2017,,2018
475237,2011,2017,The University of America,Murrieta,CA,00000002,ua-edu.us,,,
475237,2018,2023,The University of America,Temecula,CA,00000002,ua-edu.us/,,,
479956,2012,2023,Pennsylvania State University-World Campus,University Park,PA,00332900,https://www.worldcampus.psu.edu/,,495767,
480143,2012,2012,Fortis College,Cutler Bay,FL,02245506,www.fortis.edu,,,
480143,2013,2016,Fortis College-Cutler Bay,Cutler Bay,FL,02245506,www.fortis.edu,11/15/2016,,2016
482440,2013,2023,DeVry University-Colorado,Westminster,CO,01072709,https://www.devry.edu/,06/25/2022,,2023
482486,2013,2014,DeVry University-Indiana,Indianapolis,IN,01072747,www.devry.edu,,,
482486,2015,2015,DeVry University-Indiana,Merrillville,IN,01072747,www.devry.edu,,,
482486,2016,2022,DeVry University-Indiana,Merrillville,IN,01072733,https://www.devry.edu/,06/26/2021,,2022
482495,2013,2014,DeVry University-Kentucky,Louisville,KY,01072789,www.devry.edu,12/21/2014,,2014
482501,2013,2015,DeVry University-Maryland,Bethesda,MD,01072752,www.devry.edu,12/21/2014,,2015
482510,2013,2016,DeVry University-Michigan,Southfield,MI,01072786,www.devry.edu,10/25/2015,,2016
482529,2013,2016,DeVry University-Minnesota,Edina,MN,01072767,www.devry.edu,12/23/2015,,2016
482538,2013,2023,DeVry University-Missouri,Kansas City,MO,01072717,https://www.devry.edu/,06/25/2022,,2023
482565,2013,2023,DeVry University-North Carolina,Charlotte,NC,01072751,https://www.devry.edu/,04/22/2023,,2023
482583,2013,2018,DeVry University-Oklahoma,Oklahoma City,OK,01072774,https://www.devry.edu,02/26/2018,,2018
482592,2013,2016,DeVry University-Oregon,Portland,OR,01072749,www.devry.edu,12/23/2015,,2016
482608,2013,2016,DeVry University-Pennsylvania,Fort Washington,PA,01072722,www.devry.edu,,,
482608,2017,2022,DeVry University-Pennsylvania,Ft. Washington,PA,01072722,https://www.devry.edu/,06/25/2022,,2022
482617,2013,2014,DeVry University-Tennessee,Memphis,TN,01072780,www.devry.edu,,,
482617,2015,2015,DeVry University-Tennessee,Nashville,TN,01072780,www.devry.edu,,,
482617,2016,2023,DeVry University-Tennessee,Nashville,TN,01072784,https://www.devry.edu/,06/25/2022,,2023
482644,2013,2015,DeVry University-Utah,Sandy,UT,01072776,www.devry.edu,06/01/2015,,2015
482662,2013,2016,DeVry University-Washington,Federal Way,WA,01072723,www.devry.edu,12/23/2015,,2016
482671,2013,2015,DeVry University-Wisconsin,Milwaukee,WI,01072739,www.devry.edu,,,
482671,2016,2016,DeVry University-Wisconsin,Green Bay,WI,11072704,www.devry.edu,09/09/2016,,2016
483212,2013,2023,Louisiana Delta Community College,Monroe,LA,04130100,https://www.ladelta.edu/,,,
484613,2014,2018,University of Phoenix-Arizona,Tempe,AZ,02098800,www.phoenix.edu,,,
484613,2019,2023,University of Phoenix-Arizona,Phoenix,AZ,02098800,https://www.phoenix.edu/,,,
484622,2014,2018,University of Phoenix-Arkansas,Little Rock,AR,12098848,www.phoenix.edu,03/01/2017,,2018
484631,2014,2014,University of Phoenix-California,Costa Mesa,CA,22098812,www.phoenix.edu,,,
484631,2015,2017,University of Phoenix-California,Costa Mesa,CA,82098842,www.phoenix.edu,,,
484631,2018,2023,University of Phoenix-California,Ontario,CA,32098800,https://www.phoenix.edu/,,,
484640,2014,2019,University of Phoenix-Colorado,Lone Tree,CO,02098869,https://www.phoenix.edu,11/21/2019,,2019
484668,2014,2019,University of Phoenix-Florida,Orlando,FL,32098816,https://www.phoenix.edu,,,
484668,2020,2021,University of Phoenix-Florida,Miramar,FL,32098825,https://www.phoenix.edu/,03/11/2021,,2021
484677,2014,2017,University of Phoenix-Georgia,Sandy Springs,GA,32098829,www.phoenix.edu,,,
484677,2018,2021,University of Phoenix-Georgia,Atlanta,GA,82098876,https://www.phoenix.edu/,05/11/2021,,2021
484686,2014,2019,University of Phoenix-Louisiana,Baton Rouge,LA,32098864,https://www.phoenix.edu,,,
484695,2014,2020,University of Phoenix-Michigan,Southfield,MI,32098879,https://www.phoenix.edu,07/16/2019,,2020
484701,2014,2018,University of Phoenix-Missouri,Saint Louis,MO,32098887,www.phoenix.edu,10/25/2017,,2018
484710,2014,2023,University of Phoenix-Nevada,Las Vegas,NV,82098816,https://www.phoenix.edu/,,,
484729,2014,2020,University of Phoenix-North Carolina,Charlotte,NC,42098827,https://www.phoenix.edu/,07/26/2020,,2020
484738,2014,2016,University of Phoenix-Oklahoma,Oklahoma City,OK,02098896,www.phoenix.edu,,,
484738,2017,2018,University of Phoenix-Oklahoma,Tulsa,OK,52098869,www.phoenix.edu,02/14/2017,,2018
484747,2014,2018,University of Phoenix-Tennessee,Nashville,TN,42098867,www.phoenix.edu,,,
484747,2019,2019,University of Phoenix-Tennessee,Cordova,TN,42098869,https://www.phoenix.edu,10/14/2019,,2019
484756,2014,2022,University of Phoenix-Texas,Houston,TX,42098871,https://www.phoenix.edu/,,,
484756,2023,2023,University of Phoenix-Texas,Dallas,TX,42098875,https://www.phoenix.edu/,,,
484765,2014,2017,University of Phoenix-Virginia,Glen Allen,VA,82098821,www.phoenix.edu,,,
484765,2018,2018,University of Phoenix-Virginia,Glen Allen,VA,42098889,www.phoenix.edu,,,
484765,2019,2020,University of Phoenix-Virginia,Virginia Beach,VA,82098875,https://www.phoenix.edu,06/19/2020,,2020
485111,2014,2023,Georgia Military College,Milledgeville,GA,00157100,https://www.gmc.edu/,,,
485458,2014,2023,Coastal Pines Technical College,Waycross,GA,00551100,www.coastalpines.edu/,,,
486488,2015,2023,California Jazz Conservatory,Berkeley,CA,04237600,www.cjc.edu/,,,
486901,2015,2015,Milligan College,Johnson City,TN,00351100,www.milligan.edu,,,
486901,2016,2018,Milligan College,Milligan College,TN,00351100,www.milligan.edu,,,
486901,2019,2023,Milligan University,Milligan,TN,00351100,www.milligan.edu/,,,
487162,2015,2023,Southern Regional Technical College,Thomasville,GA,00561500,southernregional.edu/,,,
487320,2015,2023,Texas State Technical College,Waco,TX,00363400,www.tstc.edu/,,,
487524,2015,2023,Husson University,Bangor,ME,00204300,www.husson.edu/,,,
489937,2016,2019,Piedmont International University,Winston-Salem,NC,00295600,www.piedmontu.edu,,,
489937,2020,2023,Carolina University,Winston-Salem,NC,00295600,https://www.carolinau.edu/,,,
490230,2017,2023,Reformed University,Lawrenceville,GA,04256700,runiv.edu/,,,
492087,2018,2018,Continents Academy,Columbus,OH,00000002,https://www.continents.us/,,,
492087,2019,2019,The Continents State University,COLUMBUS,OH,00000002,https://www.continents.us,,,
492087,2020,2020,The Continents University of Arts and Sciences,Orlando,FL,00000002,https://www.continents.us/,,,
492087,2021,2021,The Continents States University,Orlando,FL,00000002,https://www.continents.us/,,,
492087,2022,2022,The Continents States University,Saint Louis,MO,00000002,https://www.continents.us/,,,
492087,2023,2023,The Continents States University,St. Louis,MO,00000002,https://www.continents.us/,,,
493363,2018,2023,Institute of Lutheran Theology,Brookings,SD,00000002,ilt.edu/,,,
494436,2019,2023,Fortis Institute-Cookeville,Cookeville,TN,00941206,www.fortis.edu/,,,
494889,2019,2019,Baker College - Flint,Flint,MI,00467353,,,168847,
494940,2020,2022,California Arts University,Fullerton,CA,00000002,https://www.cauniv.edu/,,,
495767,2020,2022,The Pennsylvania State University,University Park,PA,00332900,https://www.psu.edu/,,214777,2022
495916,2020,2022,Pathways College,Pasadena,CA,04295300,https://www.pathwayscollege.edu/,,,
495916,2023,2023,Pathways College,Phoenix,AZ,04295300,https://www.pathwayscollege.edu/,,,
496706,2021,2023,Lakewood University,Cleveland Heights,OH,04293900,https://lakewood.edu/,,,
497000,2021,2022,Remington College-Knoxville,Knoxville,TN,03026523,https://www.remingtoncollege.edu/locations/online/,,,
497000,2023,2023,Remington College-Online Dallas,Dallas,TX,03026523,https://www.remingtoncollege.edu/locations/online/,,,
498562,2022,2023,Commonwealth University of Pennsylvania,Bloomsburg,PA,00331500,https://www.commonwealthu.edu/,,,
