ipeds_unitid,college_website
100654,http://www.aamu.edu/
100663,https://www.uab.edu/
100690,https://www.amridgeuniversity.edu/
100706,http://www.uah.edu/
100724,http://www.alasu.edu/
100751,http://www.ua.edu/
100760,http://www.cacc.edu/
100812,https://www.athens.edu/
100830,http://www.aum.edu/
100858,http://www.auburn.edu/
100937,http://www.bsc.edu/
101028,https://www.cv.edu/
101116,http://www.southuniversity.edu/
101143,http://www.escc.edu/
101161,http://www.coastalalabama.edu/
101189,http://www.faulkner.edu/
101240,http://www.gadsdenstate.edu/
101277,http://www.nbccosmetology.com/
101286,http://www.wallace.edu/
101295,https://www.wallacestate.edu/
101301,https://www.wccs.edu/
101365,https://www.herzing.edu/
101435,https://www.huntingdon.edu/
101453,http://www.hcu.edu/
101462,https://drakestate.edu/
101471,http://www.istc.edu/
101480,https://www.jsu.edu/
101505,http://www.jeffersonstate.edu/
101514,https://calhoun.edu/
101569,http://www.lawsonstate.edu/
101587,http://www.uwa.edu/
101602,https://www.lbwcc.edu/
101648,http://www.marionmilitary.edu/
101675,https://www.miles.edu/
101693,https://www.umobile.edu/
101709,http://www.montevallo.edu/
101736,https://www.nwscc.edu/
101879,https://www.una.edu/
101897,https://www.nacc.edu/
101912,https://www2.oakwood.edu/
101994,http://www.rstc.edu/
102030,http://www.bishop.edu/
102049,http://www.samford.edu/
102058,https://selmau.edu/
102067,http://www.sheltonstate.edu/
102076,http://www.snead.edu/
102094,http://www.southalabama.edu/
102234,https://www.shc.edu/
102270,https://stillman.edu/
102298,http://www.talladega.edu/
102313,http://www.trenholmstate.edu/
102368,http://www.troy.edu/
102377,https://www.tuskegee.edu/
102395,https://www.ussa.edu/
102429,http://www.bscc.edu/
102553,http://www.uaa.alaska.edu/
102580,https://www.akbible.edu/
102614,http://www.uaf.edu/
102632,http://www.uas.alaska.edu/
102669,http://www.alaskapacific.edu/
102711,http://www.avtec.edu/
102845,https://chartercollege.edu/
103501,http://www.alaskacareercollege.edu/
103741,http://www.empire.edu/
103893,https://carrington.edu/
103909,https://carrington.edu/
103927,https://carrington.edu/
103954,http://www.arizonaacademy.com/
103963,http://www.aai.edu/
104090,http://www.brooklinecollege.edu/
104151,http://www.asu.edu/
104160,https://www.azwestern.edu/
104179,https://www.arizona.edu/
104346,http://www.centralaz.edu/
104391,http://www.charlesofitaly.edu/
104425,https://www.cochise.edu/
104443,http://www.empire.edu/
104568,http://avalon.edu/mesa-az/
104577,http://www.eac.edu/
104586,http://prescott.erau.edu/
104665,https://tsoa.edu/
104708,http://www.gccaz.edu/
104717,http://www.gcu.edu/
105145,http://www.gatewaycc.edu/
105154,http://www.mesacc.edu/
105206,https://www.mohave.edu/
105215,http://www.uti.edu/
105297,https://www.dinecollege.edu/
105330,https://nau.edu/
105349,http://www.npc.edu/
105428,http://www.phoenixcollege.edu/
105525,http://www.pima.edu/
105534,https://pmi.edu/
105543,https://pmi.edu/
105589,https://prescott.edu/
105659,https://www.rsi.edu/
105668,http://www.riosalado.edu/
105677,http://www.roberto-venn.com/
105747,http://www.scottsdalecc.edu/
105792,http://www.southmountaincc.edu/
105899,https://arizonachristian.edu/
106041,http://www.uti.edu/
106148,https://www.yc.edu/
106245,http://ualr.edu/www/
106263,https://www.uams.edu/
106306,https://www.arkansasbaptist.edu/
106315,http://arbs.edu/
106324,https://www.arkansasbeautycollege.us/
106342,http://www.lyon.edu/
106351,http://www.arktech.edu/
106397,https://www.uark.edu/
106412,http://www.uapb.edu/
106449,http://www.asub.edu/
106458,http://www.astate.edu/
106467,https://www.atu.edu/
106485,http://www.uamont.edu/
106494,http://arthursbeautycollege.com/
106546,https://www.bhclr.edu/
106625,http://www.blackrivertech.edu/
106704,http://www.uca.edu/
106713,http://www.cbc.edu/
106795,http://www.cccua.edu/index.html
106810,http://www.crc.edu/
106883,https://www.eacc.edu/
106908,http://paulmitchell.edu/littlerock
106980,http://www.np.edu/
106999,http://www.uaccb.edu/
107044,http://www.harding.edu/
107071,https://www.hsu.edu/
107080,https://www.hendrix.edu/
107099,http://hotspringsbeautycollege.com/
107123,http://www.jrmc.org/
107141,https://www.jbu.edu/
107220,http://www.beautynwa.com/
107293,https://www.academysalonspa.com/
107318,http://www.asumidsouth.edu/
107327,http://www.anc.edu/
107442,http://newtylerbarbercollege.edu/
107460,http://www.northark.edu/
107488,http://www.nwti.edu/
107512,http://obu.edu/
107521,http://www.asutr.edu/
107549,https://www.ozarka.edu/
107558,https://ozarks.edu/
107585,http://www.uaccm.edu/
107600,https://www.philander.edu/
107619,http://www.pccua.edu/
107637,https://www.seark.edu/
107655,https://www.pcec.edu/
107664,http://uaptc.edu/
107725,http://www.uaht.edu/index.php
107743,https://www.uarichmountain.edu/
107789,https://paulmitchell.edu/arkansas/
107831,http://searcybeautycollege.com/
107840,http://www.shortercollege.edu/
107877,https://williamsbaptistuniversity.com/
107974,http://www.southark.edu/
107983,https://www.saumag.edu/
107992,https://www.sautech.edu/
108065,http://www.velvatexcollege.com/
108092,https://uafs.edu/
108232,http://www.academyart.edu/
108269,http://www.acchs.edu/
108667,https://alameda.edu/
108807,http://www.hancockcollege.edu/
108852,http://www.aada.edu/
108861,http://www.bst.edu/
108870,http://www.afi.com/
108977,https://www.americanbeautycollege.edu/
109040,https://americancareercollege.edu/
109208,https://www.arc.losrios.edu/
109350,http://www.avc.edu/
109651,http://www.artcenter.edu/
109721,http://www.atcla.edu/
109785,http://www.apu.edu/
109819,https://www.bakersfieldcollege.edu/
109907,http://www.barstow.edu/
109934,https://bellusacademy.edu/
110060,http://www.buc.edu/
110097,https://www.biola.edu/
110194,https://brownson.edu/
110219,http://bryanuniversity.edu/
110246,http://www.butte.edu/
110316,https://www.ciis.edu/
110334,https://www.cabrillo.edu/
110361,http://www.calbaptist.edu/
110370,http://www.cca.edu/
110398,https://www.uclawsf.edu/
110404,http://www.caltech.edu/
110413,http://www.callutheran.edu/
110422,http://calpoly.edu/
110468,https://www.alliant.edu/
110486,http://www.csub.edu/
110495,https://www.csustan.edu/
110510,http://www.csusb.edu/
110529,http://www.cpp.edu/
110538,http://www.csuchico.edu/
110547,https://www.csudh.edu/
110556,http://www.fresnostate.edu/
110565,http://www.fullerton.edu/
110574,https://www.csueastbay.edu/
110583,http://www.csulb.edu/
110592,https://www.calstatela.edu/
110608,https://www.csun.edu/
110617,https://www.csus.edu/
110635,http://www.berkeley.edu/
110644,http://ucdavis.edu/
110653,http://www.uci.edu/
110662,http://www.ucla.edu/
110671,http://www.ucr.edu/
110680,http://www.ucsd.edu/
110699,http://ucsf.edu/
110705,http://www.ucsb.edu/
110714,http://www.ucsc.edu/
110778,http://www.sofia.edu/
110875,http://www.calbeautycollege.edu/
111045,http://www.haven.edu/
111054,https://chdaschools.com/
111081,https://www.calarts.edu/
111188,https://www.csum.edu/
111391,https://www.cwsl.edu/
111434,http://canadacollege.edu/
111461,http://www.canyons.edu/
111513,http://caofb.com/
111638,https://www.casalomacollege.edu/
111708,https://www.cetweb.edu/
111717,https://cetweb.edu/
111726,https://cetweb.edu/
111744,https://cetweb.edu/
111762,https://www.cetweb.edu/
111799,https://cetweb.edu/
111887,http://www.cerritos.edu/
111896,https://cerrocoso.edu/
111920,http://www.chabotcollege.edu/
111939,https://www.chaffey.edu/
111948,https://www.chapman.edu/
111966,http://www.cdrewu.edu/
112075,http://www.cui.edu/
112084,https://sdcc.edu/
112127,http://www.cdsp.edu/
112172,https://www.citruscollege.edu/
112181,http://chbeautycollege.com/
112190,http://www.ccsf.edu/
112251,http://www.cgu.edu/
112260,http://www.cmc.edu/
112288,http://www.milaninstitute.edu/
112367,http://clovisadult.cusd.com/
112385,https://www.coastline.edu/
112394,https://usv.edu/
112455,http://www.coba.edu/
112525,http://www.westernu.edu/
112561,https://www.gocolumbia.edu/
112570,https://californiacollege.asu.edu/
112686,http://www.compton.edu/
112826,https://www.contracosta.edu/
113096,https://www.crc.losrios.edu/
113111,http://www.craftonhills.edu/
113193,https://www.cuesta.edu/
113218,https://www.cuyamaca.edu/
113236,http://www.cypresscollege.edu/
113333,https://www.deanza.edu/
113449,https://btyschool.com/
113573,http://www.collegeofthedesert.edu/
113582,http://www.disd.edu/
113616,https://www.drbu.edu/
113634,https://www.dvc.edu/
113698,https://www.dominican.edu/
113704,https://www.dspt.edu/
113856,http://www.elac.edu/
113980,http://www.elcamino.edu/
114114,http://www.emperors.edu/
114266,https://www.evc.edu/
114354,http://www.fidm.edu/
114433,http://www.frc.edu/
114460,http://federico.edu/
114549,http://www.fielding.edu/
114585,http://www.fivebranches.edu/
114637,http://rbbeautycollege.com/
114716,https://foothill.edu/
114734,http://www.fst.edu/
114761,http://www.fandcbeauty.com/
114789,http://www.fresnocitycollege.edu/
114813,http://www.fresno.edu/
114840,http://www.fuller.edu/
114859,http://www.fullcoll.edu/
114938,https://www.gavilan.edu/
114947,http://www.gia.edu/gem-education
115001,https://www.glendale.edu/
115010,http://www.success.edu/
115083,http://www.ggu.edu/
115126,https://www.goldenwestcollege.edu/
115214,http://www.gtu.edu/
115296,https://www.grossmont.edu/
115357,http://www.salonsuccessacademy.com/
115393,http://www.hartnell.edu/
115409,https://www.hmc.edu/
115658,http://www.hilltopbeautyschool.com/
115746,http://www.pacifica.edu/
115755,http://www.humboldt.edu/
115773,http://www.humphreys.edu/
115861,http://www.imperial.edu/
115931,https://ibt.edu/
116226,https://www.idi.edu/
116439,https://www.ivc.edu/
116563,https://bellusacademy.edu/
116846,http://www.aju.edu/
117052,http://www.reedleycollege.edu/
117104,https://lifepacific.edu/
117140,https://www.laverne.edu/
117168,http://www.lcad.edu/
117195,http://www.ltcc.edu/
117238,http://www.lancasterbeautyschool.com/
117247,http://laney.edu/
117274,https://www.lassencollege.edu/
117283,http://labi.edu/
117520,http://www.lifewest.edu/
117557,https://lincolnuca.edu/
117575,http://www.socalsem.edu/
117627,https://lasierra.edu/
117636,http://www.llu.edu/index.html
117645,http://www.lbcc.edu/
117672,https://www.scuhs.edu/
117690,https://www.lahc.edu/
117706,http://www.lapc.edu/
117715,https://www.lasc.edu/
117724,http://www.lattc.edu/
117733,http://www.lavc.edu/
117751,http://www.masters.edu/
117788,http://www.lacc.edu/
117803,https://dhs.lacounty.gov/college-of-nursing-and-allied-health/
117867,https://www.lamission.edu/
117894,https://www.losmedanos.edu/
117946,https://www.lmu.edu/
117955,http://www.lurossacademy.com/
118134,http://lylescolleges.com/
118143,http://lylescolleges.com/
118161,http://www.lytlesrebc.edu/
118198,http://campus.edu/
118347,http://www.marin.edu/
118684,http://www.mendocino.edu/
118693,http://www.menlo.edu/
118718,http://www.mccd.edu/
118772,http://www.merritt.edu/
118888,https://oakland.northeastern.edu/
118912,http://www.miracosta.edu/
118930,http://www.missioncollege.edu/
118958,http://www.modernbeautyacademy.org/
118976,https://www.mjc.edu/
118994,http://moler.org/
119058,https://www.middlebury.edu/institute/
119067,http://www.mpc.edu/
119137,http://www.moorparkcollege.edu/index.shtml
119164,http://www.mtsac.edu/
119173,https://www.msmu.edu/
119216,http://www.msjc.edu/
119270,http://www.mi.edu/
119331,https://www.napavalley.edu/
119553,http://www.nhi.edu/
119605,http://www.nu.edu/
119678,https://www.nps.edu/
119775,http://www.newschoolarch.edu/
119951,http://www.adrians.edu/
120069,http://www.north-westcollege.edu/
120078,https://www.nw.edu/locations/west-covina-campus/
120087,http://www.north-westcollege.edu/
120166,https://www.sfbu.edu/
120184,http://www.ndnu.edu/
120254,https://www.oxy.edu/
120290,http://www.ohlone.edu/
120342,https://orangecoastcollege.edu/
120403,http://www.otis.edu/
120421,http://www.oxnardcollege.edu/
120537,http://www.hiu.edu/
120661,https://www.concorde.edu/campus/san-diego-california
120698,http://www.paloaltou.edu/
120768,https://www.pacificoaks.edu/
120795,http://www.psr.edu/
120838,http://www.psuca.edu/
120865,https://www.puc.edu/
120883,https://www.pacific.edu/
120953,https://www.paloverde.edu/
120971,http://www2.palomar.edu/
121044,http://pasadena.edu/
121150,http://www.pepperdine.edu/
121257,https://www.pitzer.edu/
121309,http://www.pointloma.edu/
121345,http://www.pomona.edu/
121363,https://www.portervillecollege.edu/
121433,http://www.pib.edu/
121619,http://www.sac.edu/
121628,http://www.pardeerand.edu/
121637,http://www.shastaschoolofcosmetology.com/
121691,http://www.redlands.edu/
121707,https://www.redwoods.edu/
121859,http://www.salonsuccessacademy.com/
121868,http://www.salonsuccessacademy.com/
121886,http://www.riohondo.edu/
121901,http://www.rcc.edu/
122117,http://www.dula.edu/
122180,https://www.scc.losrios.edu/
122205,https://www.saddleback.edu/
122296,http://www.samuelmerritt.edu/
122339,http://www.sdcity.edu/
122375,http://www.sdmesa.edu/
122384,http://www.sdmiramar.edu/
122409,https://www.sdsu.edu/
122436,http://www.sandiego.edu/
122506,https://sfcm.edu/
122597,http://www.sfsu.edu/
122612,https://www.usfca.edu/
122649,http://www.sjcl.edu/
122658,http://www.deltacollege.edu/
122685,http://www.sjvc.edu/
122694,http://www.sjvc.edu/
122728,http://www.jessup.edu/
122746,http://www.sjcc.edu/
122755,http://www.sjsu.edu/
122791,http://www.collegeofsanmateo.edu/
122889,http://www.sbcc.edu/
122931,http://www.scu.edu/
122977,https://www.smc.edu/
123013,http://www.santarosa.edu/
123095,https://www.saybrook.edu/
123165,http://www.scrippscollege.edu/
123217,https://www.cos.edu/
123280,http://www.shasta.edu/
123299,https://www.shastacollege.edu/
123341,https://www.sierracollege.edu/
123350,http://sierrabeautycollege.net/blog3/
123448,https://www.tiu.edu/law
123457,http://www.simpsonu.edu/
123484,http://www.siskiyous.edu/
123493,http://www.caj.scusd.edu/
123509,http://skylinecollege.edu/
123527,http://www.valleycollege.edu/
123554,https://www.stmarys-ca.edu/
123563,http://welcome.solano.edu/
123572,https://sonoma.edu/
123633,http://www.southbaylo.edu/
123642,http://www.southcoastcollege.edu/
123651,https://www.vanguard.edu/
123679,https://www.concorde.edu/campus/garden-grove-california
123800,https://www.swccd.edu/
123916,https://www.sksm.edu/
123943,http://www.ketchum.edu/
123952,http://www.sciarc.edu/
123961,http://www.usc.edu/
123970,https://www.swlaw.edu/
124113,http://www.taftcollege.edu/
124283,http://www.cst.edu/
124292,https://thomasaquinas.edu/
124487,http://epic.edu/
124681,https://www.uei.edu/
124706,https://www.concorde.edu/campus/san-bernardino-california
124937,https://www.concorde.edu/campus/north-hollywood-california
125028,http://www.venturacollege.edu/
125037,https://www.collegesoflaw.edu/
125082,http://www.bridgesbeautycollege.com/
125091,http://www.vvc.edu/
125170,http://www.berkeleycitycollege.edu/
125231,https://www.waldenu.edu/
125310,http://www.waynescollegeofbeauty.com/
125462,https://www.westhillscollege.com/coalinga/
125471,http://www.wlac.edu/
125499,http://www.westvalley.edu/
125532,https://carrington.edu/
125718,http://www.wscal.edu/
125727,http://www.westmont.edu/
125763,http://www.whittier.edu/
125897,https://woodbury.edu/
126012,http://www.wi.edu/
126049,http://www.tjsl.edu/
126076,http://www.yoec.edu/
126119,https://yc.yccd.edu/
126182,http://www.adams.edu/
126207,http://www.aims.edu/
126289,http://www.arapahoe.edu/
126359,http://www.belrea.edu/
126562,http://www.ucdenver.edu/
126580,https://www.uccs.edu/
126605,http://www.spartan.edu/
126614,https://www.colorado.edu/
126669,https://www.ccu.edu/
126678,http://www.coloradocollege.edu/
126687,https://www.concorde.edu/campus/aurora-colorado
126711,http://coloradomtn.edu/
126748,http://www.cncc.edu/
126775,http://www.mines.edu/
126784,https://schooloftrades.edu/
126818,http://colostate.edu/
126827,http://www.coloradotech.edu/Colorado-Springs
126863,https://www.ccaurora.edu/
126915,http://www.tcr.edu/
126942,http://www.ccd.edu/
126951,http://www.lincolntech.edu/campus/denver-co
126979,http://www.denverseminary.edu/
127060,http://www.du.edu/
127158,http://www.emilygriffith.edu/
127185,http://fortlewis.edu/
127200,https://www.frontrange.edu/
127273,http://www.iliff.edu/
127316,https://www.csbeautyschools.com/
127389,https://www.lamarcc.edu/
127556,http://www.coloradomesa.edu/
127565,http://www.msudenver.edu/
127617,https://www.morgancc.edu/
127653,https://www.naropa.edu/
127714,http://www.nbc.edu/
127732,http://www.njc.edu/
127741,https://www.unco.edu/
127778,http://www.otero.edu/
127820,https://www.pikespeak.edu/
127884,http://www.pueblocc.edu/
127909,http://www.rrcc.edu/
127918,https://www.regis.edu/
127945,https://www.rmcad.edu/
127954,http://www.mecr.edu/
128106,https://www.csupueblo.edu/
128151,http://www.pickenstech.org/
128179,http://intellitec.edu/
128188,http://intellitec.edu/
128258,http://www.trinidadstate.edu/
128328,http://www.usafa.edu/
128337,http://www.empire.edu/
128391,http://www.western.edu/
128498,https://www.albertus.edu/
128586,https://baisbinyominacademy.com/
128744,http://www.bridgeport.edu/
128771,http://www.ccsu.edu/
128780,https://www.charteroak.edu/
128896,http://www.cortiva.edu/
128902,http://www.conncoll.edu/
129002,http://www.porterchester.edu/
129020,https://uconn.edu/
129154,http://www.goodwin.edu/
129181,http://www.lincolntech.edu/campus/east-windsor-ct
129215,https://www.easternct.edu/
129242,http://fairfield.edu/
129349,http://paulmitchell.edu/northhaven
129367,https://ctstate.edu/
129482,http://americaninstitute.edu/
129491,http://www.hartfordinternational.edu/
129525,http://www.hartford.edu/
129534,http://www.holyapostles.edu/
129774,https://www.mitchell.edu/
129923,http://www.lincolntech.edu/campus/new-britain-ct
129932,http://www.nettts.com/
129941,http://www.newhaven.edu/
130110,http://www.paier.edu/
130174,http://www.porterchester.edu/
130183,http://www.post.edu/
130226,http://www.qu.edu/
130253,https://www.sacredheart.edu/
130314,https://www.usj.edu/
130493,http://www.southernct.edu/
130590,https://www.trincoll.edu/
130624,https://www.uscga.edu/
130697,https://www.wesleyan.edu/
130776,https://www.wcsu.edu/
130794,https://www.yale.edu/
130837,http://www.beebehealthcare.org/school-nursing
130873,https://www.dawncareerinstitute.edu/
130907,https://www.dtcc.edu/
130934,http://www.desu.edu/
130943,http://www.udel.edu/
130989,http://www.gbc.edu/
131061,http://schillingdouglas.edu/
131113,http://www.wilmu.edu/
131159,http://www.american.edu/
131283,https://www.catholic.edu/
131399,http://www.udc.edu/
131405,http://www.dhs.edu/
131450,https://gallaudet.edu/
131469,https://www.gwu.edu/
131496,https://www.georgetown.edu/
131520,http://www.howard.edu/
131803,http://www.strayer.edu/campus-locations/district-columbia/washington
131830,http://www.theconservatory.org/
131876,http://www2.trinitydc.edu/
131973,http://www.wesleyseminary.edu/
132374,http://www.atlantictechnicalcollege.edu/
132408,http://www.buf.edu/
132471,http://www.barry.edu/
132602,https://www.cookman.edu/
132657,https://www.lynn.edu/
132675,http://www.nftc.edu/
132693,https://www.easternflorida.edu/
132709,http://www.broward.edu/
132842,https://www.albizu.edu/
132851,http://www.cf.edu/
132903,https://www.ucf.edu/
132976,http://www.charlottetechcollege.net/ctc
133021,https://www.chipola.edu/
133155,http://lwtc.edu/
133386,http://www.daytonastate.edu/
133465,http://www.southuniversity.edu/west-palm-beach
133492,https://www.eckerd.edu/
133508,https://www.fsw.edu/
133526,http://www.ew.edu/
133553,http://daytonabeach.erau.edu/
133650,http://www.famu.edu/
133669,http://www.fau.edu/
133702,http://www.fscj.edu/
133711,https://www.flagler.edu/
133809,http://www.floridacollege.edu/
133845,https://www.concorde.edu/campus/jacksonville-florida
133854,https://www.concorde.edu/campus/miramar-florida
133863,https://www.concorde.edu/campus/tampa-florida
133872,http://www.ahu.edu/
133881,https://www.fit.edu/
133951,http://www.fiu.edu/
133960,https://www.cfk.edu/
133979,http://www.fmuniv.edu/
133997,https://www.floridacareercollege.edu/
134024,http://floridaschoolofmassage.com/
134079,http://www.flsouthern.edu/
134097,https://www.fsu.edu/
134130,https://www.ufl.edu/
134228,http://fpbeauty.com/
134237,http://www.fullsail.edu/
134291,http://www.georgestonecollege.edu/
134307,https://www.bakeraviationtechcollege.com/
134343,https://gulfcoast.edu/
134495,https://www.hccfl.edu/
134510,https://hsbc.edu/
134529,http://www.hi.edu/
134574,http://www.cortiva.com/
134608,http://www.irsc.edu/
134714,http://www.intl-academy.com/
134945,https://www.ju.edu/index.php
135081,http://www.keiseruniversity.edu/
135142,http://labellebeauty.net/
135160,https://www.fgc.edu/
135179,http://www.laketech.org/
135188,http://www.lssc.edu/
135267,http://www.fortmyerstech.edu/
135276,http://www.livelytech.com/
135294,http://www.lindseyhopkins.edu/
135337,http://www.genesiscareer.edu/loraines-academy-spa-st-petersburg-fl/
135364,http://www.lutherrice.edu/
135391,http://www.scf.edu/
135407,http://www.manateetech.edu/
135522,http://www.traviss.edu/
135559,https://www.merryfield.edu/
135647,https://miamilakes.edu/
135717,http://www.mdc.edu/
135726,http://www.miami.edu/
135735,http://www.orangetechcollege.net/
136109,http://paulmitchell.edu/jacksonville
136145,https://www.nfc.edu/
136172,https://www.unf.edu/
136215,http://www.nova.edu/
136233,https://www.nwfsc.edu/
136303,https://www.orangetechcollege.net/
136330,http://www.pba.edu/
136358,http://www.palmbeachstate.edu/
136400,https://www.phsc.edu/
136455,https://www.pcci.edu/
136473,http://www.pensacolastate.edu/
136491,https://www.myptc.edu/
136516,http://www.polk.edu/
136659,http://www.locklintech.com/
136701,http://www.svdp.edu/
136765,http://www.ridge.edu/
136774,https://www.ringling.edu/
136826,http://www.robertmorgantech.net/
136950,https://www.rollins.edu/
137023,http://fctc.edu/
137032,http://www.saintleo.edu/
137078,http://www.spcollege.edu/
137087,http://www.myptc.edu/
137096,http://www.sfcollege.edu/
137120,http://www.sarasotacountyschools.net/o/stcsmc
137209,https://www.seminolestate.edu/
137245,http://www.sheridantechnicalcollege.edu/
137272,http://www.sjvcs.edu/
137281,http://www.sjrstate.edu/
137315,http://www.southflorida.edu/
137351,http://www.usf.edu/
137476,http://www.stu.edu/
137546,https://www.stetson.edu/
137564,https://www.seu.edu/
137591,https://www.benes.edu/
137713,http://rtc.suwannee.k12.fl.us/o/rtc
137759,http://www.tsc.fl.edu/
137777,http://www.talmudicu.edu/
137847,https://www.ut.edu/
137856,https://www.bbtc.edu/
137865,http://www.haney.edu/
137953,http://www.tbc.edu/
137962,http://trinitycollege.edu/
138187,http://valenciacollege.edu/
138275,http://www.warner.edu/
138284,http://fptc.edu/
138293,http://www.webber.edu/
138309,https://rasmussen.edu/
138354,http://uwf.edu/
138372,https://www.orangetechcollege.net/campuses/west_campus
138479,http://www.mcfattertechnicalcollege.edu/
138488,https://www.orangetechcollege.net/campuses/east_campus
138497,http://www.wtcollege.org/
138558,https://www.abac.edu/
138600,http://www.agnesscott.edu/
138655,http://www.ict.edu/
138664,http://ict.edu/
138682,http://www.albanytech.edu/
138716,https://www.asurams.edu/
138761,http://www.andrewcollege.edu/
138822,http://gci.edu/
138840,https://atlantatech.edu/
138868,http://point.edu/
138901,https://www.atlm.edu/
138929,http://www.johnmarshall.edu/
138938,http://www.atlantaschoolofmassage.com/
138947,http://www.cau.edu/
138956,https://www.augustatech.edu/
139144,https://www.berry.edu/
139153,http://www.beulah.edu/
139199,https://www.brenau.edu/
139205,https://www.bpc.edu/
139250,https://www.ccga.edu/
139278,https://www.westgatech.edu/
139311,http://www.clayton.edu/
139348,http://www.ctsnet.edu/
139357,http://www.columbustech.edu/
139366,http://www.columbusstate.edu/
139384,http://www.gntc.edu/
139393,http://www.covenant.edu/
139463,https://www.daltonstate.edu/
139506,http://www.prowayhairschool.com/
139579,http://www.southuniversity.edu/savannah
139621,https://www.ega.edu/
139630,http://www.ec.edu/
139658,http://www.emory.edu/
139700,http://www.highlands.edu/
139719,http://www.fvsu.edu/
139746,http://www.gradyhealth.org/
139755,http://www.gatech.edu/
139764,https://gsw.edu/
139861,http://www.gcsu.edu/
139931,http://www.georgiasouthern.edu/
139940,http://www.gsu.edu/
139959,http://www.uga.edu/
139968,https://www.gordonstate.edu/
139986,http://www.sctech.edu/
139995,http://www.gupton-jones.edu/
140003,http://www.gwinnettcollege.edu/
140012,https://www.gwinnetttech.edu/
140146,http://www.itc.edu/
140234,http://www.lagrange.edu/
140243,https://www.laniertech.edu/
140252,http://www.life.edu/
140331,http://www.chattahoocheetech.edu/
140340,https://www.herzing.edu/
140447,https://www.mercer.edu/
140553,http://www.morehouse.edu/
140562,http://www.msm.edu/
140571,https://www.morrisbrown.edu/
140678,https://northgatech.edu/
140696,http://oglethorpe.edu/
140720,http://www.paine.edu/
140818,https://www.piedmont.edu/
140827,http://miamiadschool.com/locations/atlanta/
140872,https://www.reinhardt.edu/
140942,http://www.savannahtech.edu/
140951,http://www.scad.edu/
140960,http://www.savannahstate.edu/
140988,https://www.shorter.edu/
141006,http://www.southgatech.edu/
141060,http://www.spelman.edu/
141167,http://www.thomasu.edu/
141185,https://tfc.edu/
141237,https://truett.edu/
141255,https://www.wiregrass.edu/
141264,http://www.valdosta.edu/
141325,https://www.wesleyancollege.edu/
141334,http://www.westga.edu/
141361,http://www.yhc.edu/
141486,https://www.chaminade.edu/
141565,https://hilo.hawaii.edu/
141574,https://manoa.hawaii.edu/
141608,https://www.hihd.edu/
141644,https://www.hpu.edu/
141680,https://www.honolulu.hawaii.edu/
141796,https://www.kapiolani.hawaii.edu/
141802,https://www.kauai.hawaii.edu/
141811,http://www.leeward.hawaii.edu/
141839,http://maui.hawaii.edu/
141981,https://westoahu.hawaii.edu/
141990,https://windward.hawaii.edu/
142054,https://carrington.edu/
142090,https://www.boisebible.edu/
142115,https://www.boisestate.edu/
142179,http://www.cei.edu/
142276,http://www.isu.edu/
142285,http://www.uidaho.edu/
142294,http://www.collegeofidaho.edu/
142328,https://www.lcsc.edu/
142407,http://www.avedaidaho.com/
142443,https://www.nic.edu/
142461,https://www.nnu.edu/
142489,https://www.nathanlayneinstitute.com/
142522,https://www.byui.edu/
142559,https://www.csi.edu/
142832,https://www.adler.edu/
142957,http://aicusa.edu/
143048,http://www.saic.edu/
143084,http://www.augustana.edu/
143118,https://aurora.edu/
143215,https://www.swic.edu/
143233,http://www.bethanyseminary.edu/
143279,http://www.bhc.edu/
143288,http://www.blackburn.edu/
143297,http://www.brcn.edu/
143358,http://www.bradley.edu/
143376,http://paulmitchell.edu/bradley
143464,http://www.cameobeautyacademy.com/
143473,http://cannellaschool.com/
143491,http://cannellaschool.com/
143552,http://capri.edu/
143613,http://www.sandburg.edu/
143659,http://www.ctu.edu/
143853,https://www.midwestern.edu/
143978,https://www.thechicagoschool.edu/in-the-community/locations/
144005,http://www.csu.edu/
144014,https://www.ctschicago.edu/
144050,http://www.uchicago.edu/
144157,http://www.ccc.edu/colleges/kennedy/pages/default.aspx
144166,http://www.ccc.edu/colleges/malcolm-x/pages/default.aspx
144175,http://www.ccc.edu/colleges/olive-harvey/Pages/default.aspx
144184,http://www.ccc.edu/colleges/truman/Pages/default.aspx
144193,http://www.ccc.edu/colleges/daley/pages/default.aspx
144209,http://www.ccc.edu/colleges/washington/Pages/default.aspx
144218,http://www.ccc.edu/colleges/wright/pages/default.aspx
144281,http://www.colum.edu/
144351,https://www.cuchicago.edu/
144564,https://dacc.edu/
144573,http://www.tricociuniversity.edu/
144740,https://www.depaul.edu/
144795,http://www.cosmetologyandspaacademy.edu/
144865,http://www.cod.edu/
144883,http://www.eastwest.edu/
144892,https://www.eiu.edu/
144944,http://www.elgin.edu/
144962,http://www.elmhurst.edu/
144971,http://www.eureka.edu/
145099,http://www.firstinstitute.edu/
145239,http://www.foxcollege.edu/
145275,http://www.garrett.edu/
145309,http://www.gemcitycollege.com/
145336,https://www.govst.edu/
145354,http://grahamschoolofnursing.org/
145372,http://www.greenville.edu/
145406,http://gskinbeautyinstitute.edu/
145424,http://hairpros.edu/
145433,http://hairpros.edu/
145497,https://www.htc.edu/
145521,http://www.highland.edu/
145558,http://www.rosalindfranklin.edu/
145600,http://www.uic.edu/
145619,https://ben.edu/
145628,http://www.ico.edu/
145637,http://www.illinois.edu/
145646,http://www.iwu.edu/
145682,http://icc.edu/
145691,http://www.ic.edu/
145707,https://www.iecc.edu/
145725,https://www.iit.edu/
145813,http://illinoisstate.edu/
145831,https://www.ivcc.edu/
145886,http://www.icsw.edu/
146205,https://www.jalc.edu/
146278,http://www.jwcc.edu/
146296,https://www.jjc.edu/
146339,http://www.judsonu.edu/
146348,https://www.kcc.edu/
146366,https://www.kaskaskia.edu/
146418,http://www.kish.edu/
146427,https://www.knox.edu/
146454,http://www.educatorsofbeauty.com/
146472,https://www.clcillinois.edu/
146481,http://www.lakeforest.edu/
146490,https://lfgsm.edu/
146506,http://www.lakelandcollege.edu/
146533,https://lcn.edu/
146603,http://www.lc.edu/
146612,http://www.lewisu.edu/
146685,http://www.llcc.edu/
146700,http://www.lincolntech.edu/campus/melrose-park-il
146719,https://www.luc.edu/
146728,http://www.lstc.edu/
146755,http://www.trinitycollegeqc.edu/
146807,http://stevenpapageorgehairacademy.com/
146816,http://www.generations.edu/
146977,https://www.mccormick.edu/
147004,http://www.mchenry.edu/
147013,https://www.mckendree.edu/
147031,http://www.meadville.edu/
147129,http://www.methodistcol.edu/
147244,https://millikin.edu/
147341,https://www.monmouthcollege.edu/
147369,https://www.moody.edu/
147378,http://www.morainevalley.edu/
147396,http://www.morrisontech.edu/
147411,http://www.morton.edu/
147536,http://www.nl.edu/
147590,https://www.nuhs.edu/
147642,http://johnamicoschoolofhairdesign.com/
147660,http://northcentralcollege.edu/
147679,http://www.northpark.edu/
147697,http://www.seminary.edu/
147703,http://www.niu.edu/
147767,http://www.northwestern.edu/
147776,http://www.neiu.edu/
147800,http://www.oakton.edu/
147819,http://oehrleinschool.com/
147828,https://www.olivet.edu/
147916,https://www.parkland.edu/
148007,http://prairiestate.edu/
148016,http://www.principiacollege.edu/
148098,http://www.pchairdesign.com/
148131,https://www.quincy.edu/
148256,http://www.rlc.edu/
148292,https://www.richland.edu/
148380,http://www.rockvalleycollege.edu/
148405,http://www.rockford.edu/
148487,http://www.roosevelt.edu/
148496,https://www.dom.edu/
148511,http://www.rushu.rush.edu/
148575,http://www.sfmccon.edu/
148584,https://www.stfrancis.edu/
148593,https://www.hshs.org/stjohnscollege/
148627,https://www.sxu.edu/
148654,http://www.uis.edu/
148672,http://www.svcc.edu/
148821,https://shawneecc.edu/
148876,http://www.staugustine.edu/
148885,https://usml.edu/
148937,http://www.sic.edu/
148982,http://www.spertus.edu/
148991,http://www.src.edu/
149028,https://www.sacn.edu/
149204,http://www.educatorsofbeauty.com/
149222,https://siu.edu/
149231,http://www.siue.edu/
149310,http://www.tbiil.edu/
149329,https://telsheyeshivachicago.com/
149365,https://www.ssc.edu/
149505,http://www.trnty.edu/
149514,https://www.tiu.edu/
149532,http://www.triton.edu/
149550,http://www.uscart.com/
149639,https://www.vandercook.edu/
149727,https://www.waubonsee.edu/
149772,http://www.wiu.edu/
149781,http://www.wheaton.edu/
149842,https://www.harpercollege.edu/index.php
150066,https://anderson.edu/
150136,https://www.bsu.edu/
150145,https://betheluniversity.edu/
150163,http://www.butler.edu/
150172,http://www.ccsj.edu/
150215,http://www.cts.edu/
150251,http://www.ccr.edu/
150288,https://ctsfw.edu/
150303,http://www.tricociuniversity.edu/
150400,http://www.depauw.edu/
150428,http://www.donrobertsspaschool.com/
150455,https://earlham.edu/
150534,https://www.evansville.edu/
150604,http://www.franklincollege.edu/
150668,http://www.goshen.edu/
150677,http://www.grace.edu/
150756,http://www.hanover.edu/
150765,http://harroldbeautyacademy.com/
150774,http://www.hcc-nd.edu/
150853,http://www.gotopjs.com/
150941,http://www.huntington.edu/
150987,http://www.ivytech.edu/
151102,http://www.pfw.edu/
151111,https://indianapolis.iu.edu/
151263,https://uindy.edu/
151290,http://www.indianatech.edu/
151306,http://www.usi.edu/
151324,https://indianastate.edu/
151333,https://kokomo.iu.edu/
151342,https://southbend.iu.edu/
151351,https://bloomington.iu.edu/
151360,https://northwest.iu.edu/
151379,https://southeast.iu.edu/
151388,https://east.iu.edu/
151467,http://www.ibcindianapolis.edu/
151564,http://www.kbc.edu/
151607,http://www.tricociuniversity.edu/
151661,http://www.lincolntech.edu/campus/indianapolis-in
151777,https://www.manchester.edu/
151786,http://www.marian.edu/
151801,https://www.indwes.edu/
151810,http://www.martin.edu/
151865,http://www.ambs.edu/
151962,http://www.mid-america.edu/
152044,http://westmichigancollegeofbarberingandbeauty.com/
152080,http://www.nd.edu/
152099,http://www.oak.edu/
152150,http://www.gotopjs.com/
152275,http://ravenscroftcollege.com/
152309,http://rogershair.com/
152318,https://www.rose-hulman.edu/
152336,https://www.sf.edu/
152381,http://www.smwc.edu/
152390,https://www.saintmarys.edu/
152451,https://www.saintmeinrad.edu/
152497,https://www.steson.org/
152530,https://www.taylor.edu/
152567,http://www.trine.edu/
152600,https://www.valpo.edu/
152628,http://vincennesbeautycollege.com/
152637,https://www.vinu.edu/
152673,http://www.wabash.edu/
152798,http://www.allencollege.edu/
152992,http://www.briarcliff.edu/
153001,https://www.bvu.edu/
153074,http://www.capricollege.edu/
153083,http://www.capricollege.edu/
153108,http://www.central.edu/
153126,http://www.clarke.edu/
153144,http://www.coe.edu/
153162,https://www.cornellcollege.edu/
153214,https://www.dmacc.edu/
153241,http://www.dwci.edu/
153250,https://www.dordt.edu/
153269,http://www.drake.edu/
153278,http://www.dbq.edu/
153296,https://ecc.iavalley.edu/
153302,https://www.emmaus.edu/
153311,http://www.eicc.edu/
153320,https://faith.edu/
153366,http://www.graceland.edu/
153375,http://www.grandview.edu/
153384,http://www.grinnell.edu/
153427,http://orion.edu/
153445,http://www.hawkeyecollege.edu/
153463,http://americanhairacademy.com/
153472,https://www.indianhills.edu/
153524,http://www.iowacentral.edu/
153533,http://www.iowalakes.edu/
153542,https://www.unitypoint.org/join-our-team/medical-education-and-career-growth/school-of-radiologic-technology---des-moines-area-hospitals
153597,http://iowaschoolofbeauty.com/
153603,https://www.iastate.edu/
153630,http://www.iwcc.edu/
153658,https://uiowa.edu/
153737,http://www.kirkwood.edu/
153746,http://ljic.edu/
153764,http://ljic.edu/
153773,http://www.lajames.edu/
153782,http://ljic.edu/
153825,http://www.loras.edu/
153834,https://www.luther.edu/
153861,https://www.miu.edu/
153922,https://mcc.iavalley.edu/
153977,https://www.mchs.edu/
154004,https://www.morningside.edu/
154013,http://www.mtmercy.edu/
154022,http://www.uagc.edu/
154059,http://www.niacc.edu/
154095,https://www.uni.edu/
154101,https://www.nwciowa.edu/
154110,https://www.nicc.edu/
154129,http://www.nwicc.edu/
154156,http://www.dmu.edu/
154174,http://www.palmer.edu/
154208,http://www.pci-academy.com/
154235,http://www.sau.edu/
154262,http://www.stlukescollege.edu/
154332,http://ljic.edu/
154350,http://simpson.edu/
154378,http://www.scciowa.edu/
154396,http://www.swcciowa.edu/
154448,http://www.capricollege.edu/
154457,http://iowaschoolofbeauty.com/
154466,http://www.sohohairacademy.com/
154493,https://www.uiu.edu/
154518,http://www.waldorf.edu/
154527,https://www.wartburg.edu/
154536,https://www.wartburgseminary.edu/
154545,http://tspacedarfalls.com/
154572,https://www.witcc.edu/
154590,https://www.wmpenn.edu/
154642,https://www.allencc.edu/
154688,https://www.bakeru.edu/
154697,https://www.bartonccc.edu/
154712,http://www.benedictine.edu/
154721,https://www.bethanylb.edu/
154749,http://www.bethelks.edu/
154800,http://www.butlercc.edu/
154855,https://www.centralchristian.edu/
154907,https://www.cloud.edu/
154925,http://www.coffeyville.edu/
154934,http://www.colbycc.edu/
154952,http://www.cowley.edu/
154998,https://dc3.edu/
155007,http://www.donnelly.edu/
155025,http://www.emporia.edu/
155052,http://www.fhtc.edu/
155061,http://www.fhsu.edu/
155070,http://www.barclaycollege.edu/
155089,http://www.friends.edu/
155098,http://www.fortscott.edu/
155104,http://www.gcccks.edu/
155140,http://www.haskell.edu/
155159,http://www.haysacademy.edu/
155177,http://www.hesston.edu/
155186,http://www.highlandcc.edu/
155195,http://www.hutchcc.edu/
155201,http://www.indycc.edu/
155210,http://www.jccc.edu/
155283,https://www.concorde.edu/campus/kansas-city-missouri
155292,http://www.kckcc.edu/
155308,https://www.kansaschristian.edu/
155317,https://ku.edu/
155335,http://www.newmanu.edu/
155353,http://www.otbcollege.com/
155399,http://www.k-state.edu/
155414,http://www.kwu.edu/
155423,http://www.washburntech.edu/
155450,http://www.labette.edu/
155487,https://manhattantech.edu/
155496,http://www.mccks.edu/
155511,http://www.mcpherson.edu/
155520,https://www.mnu.edu/
155566,http://www.neosho.edu/
155593,http://www.fhtechnc.edu/
155618,http://www.fhnw.edu/
155627,http://www.ottawa.edu/
155636,http://www.ottawa.edu/
155681,https://www.pittstate.edu/
155715,http://www.prattcc.edu/
155812,http://www.stmary.edu/
155830,http://www.salinatech.edu/
155858,https://sccc.edu/
155900,https://www.sckans.edu/
155937,http://www.sterling.edu/
155973,http://tabor.edu/
156082,http://www.washburn.edu/
156107,http://www.wsutech.edu/
156125,http://www.wichita.edu/
156134,http://www.wti.edu/
156189,http://www.alc.edu/
156213,https://www.asbury.edu/
156222,http://www.asburyseminary.edu/
156231,https://ashland.kctcs.edu/
156286,https://www.bellarmine.edu/
156295,https://www.berea.edu/
156310,http://www.gotopjs.com/
156338,https://southcentral.kctcs.edu/
156356,http://www.brescia.edu/
156365,https://www.campbellsville.edu/
156392,https://bluegrass.kctcs.edu/
156408,https://www.centre.edu/
156417,https://ccbbc.edu/
156426,http://paulmitchell.edu/lexington
156471,http://www.galencollege.edu/louisville
156541,http://www.ucumberlands.edu/
156620,https://www.eku.edu/
156648,https://elizabethtown.kctcs.edu/
156727,http://www.frontier.edu/
156745,http://www.georgetowncollege.edu/
156754,http://www.gotopjs.com/
156790,https://hazard.kctcs.edu/
156842,http://paulmitchell.edu/louisville
156851,https://henderson.kctcs.edu/
156860,https://hopkinsville.kctcs.edu/index.aspx
156921,https://jefferson.kctcs.edu/
156967,http://www.summitsalonacademy.org/
157021,https://www.an.edu/locations/
157030,https://www.kmbc.edu/
157058,http://www.kysu.edu/
157076,https://kwc.edu/
157085,http://www.uky.edu/
157100,http://www.kcu.edu/
157207,http://www.lextheo.edu/
157216,https://www.lindsey.edu/
157289,http://www.louisville.edu/
157298,http://www.lpts.edu/
157304,https://madisonville.kctcs.edu/
157331,https://maysville.kctcs.edu/
157377,http://www.midway.edu/
157386,https://www.moreheadstate.edu/
157401,http://www.murraystate.edu/
157438,https://gateway.kctcs.edu/index.aspx
157447,http://www.nku.edu/
157483,https://westkentucky.kctcs.edu/
157535,http://www.upike.edu/
157553,https://bigsandy.kctcs.edu/
157614,http://www.empire.edu/
157650,http://www.empire.edu/
157669,http://www.empire.edu/
157678,http://www.empire.edu/
157711,https://somerset.kctcs.edu/
157739,https://southeast.kctcs.edu/
157748,http://www.sbts.edu/
157757,https://www.spalding.edu/
157793,http://www.sullivan.edu/
157809,https://www.thomasmore.edu/
157818,https://www.transy.edu/
157863,https://www.unionky.edu/
157951,https://www.wku.edu/
158088,http://www.cltcc.edu/
158246,http://www.ayers.edu/
158431,https://www.bpcc.edu/
158477,http://www.centenary.edu/
158538,https://cloydsbeautyschools.edu/
158617,http://crescent.edu/
158662,https://www.dcc.edu/
158778,http://averyjamesschool.com/
158787,http://www.dsbc.edu/
158802,https://www.dillard.edu/
158884,http://www.nunez.edu/
159009,http://www.gram.edu/
159027,https://www.belbobeautyinstitute.com/
159197,http://www.iticollege.edu/
159328,http://www.johnjaybeautycollege.com/
159373,http://www.lsuhsc.edu/
159382,http://www.lsua.edu/
159391,http://www.lsu.edu/
159407,https://www.lsue.edu/
159416,http://www.lsus.edu/
159513,http://avedaarts.edu/
159522,http://avedaarts.edu/
159531,http://www.louisianaacademyofbeauty.com/
159568,http://www.lcuniversity.edu/
159601,http://www.opelousascosmetology.com/
159647,https://www.latech.edu/
159656,http://www.loyno.edu/
159717,http://www.mcneese.edu/
159939,http://new.uno.edu/
159948,http://www.nobts.edu/
159966,http://www.nicholls.edu/
159993,http://www.ulm.edu/
160010,http://www.nltcc.edu/
160038,https://www.nsula.edu/
160065,http://uhcno.edu/
160074,http://www.franu.edu/
160126,http://www.celebritystylistbeautyschool.com/
160199,http://www.pinevillebeauty.com/
160320,http://avedaarts.edu/
160409,https://www.sjasc.edu/
160472,http://lasalletech.edu/
160481,http://www.fletcher.edu/
160524,https://www.remingtoncollege.edu/locations/lafayette/
160579,http://www.sowela.edu/
160597,http://www.stevenson-academy.com/
160612,https://www.southeastern.edu/
160621,http://www.subr.edu/
160630,http://www.suno.edu/
160649,http://www.susla.edu/
160658,http://www.louisiana.edu/
160667,http://northshorecollege.edu/
160755,https://tulane.edu/
160904,https://www.xula.edu/
160959,https://www.coa.edu/
160977,http://www.bates.edu/
160995,http://www.beal.edu/
161004,https://www.bowdoin.edu/
161022,http://www.mchp.edu/
161077,https://www.cmcc.edu/
161086,http://www.colby.edu/
161138,https://www.emcc.edu/
161192,http://www.kvcc.me.edu/
161208,http://www.landingschool.edu/
161217,http://www.uma.edu/
161226,https://www.umf.maine.edu/
161235,http://www.umfk.maine.edu/
161253,http://www.umaine.edu/
161299,https://mainemaritime.edu/
161341,http://www.umpi.edu/
161457,https://www.une.edu/
161484,http://www.nmcc.edu/
161493,http://www.empire.edu/
161509,http://www.meca.edu/
161518,http://www.sjcme.edu/
161527,http://www.spatech.edu/
161545,https://www.smccme.edu/
161554,http://usm.maine.edu/
161563,http://www.thomas.edu/
161572,https://unity.edu/
161581,http://www.wccc.me.edu/
161688,http://www.allegany.edu/
161767,http://www.aacc.edu/
161800,http://www.awardbeautyschool.com/
161855,http://www.baltimorestudio.com/
161864,http://www.bccc.edu/
161873,http://www.ubalt.edu/
162007,http://www.bowiestate.edu/
162061,http://www.captechu.edu/
162104,http://www.cecil.edu/
162122,http://www.csmd.edu/
162168,https://www.chesapeake.edu/
162210,https://www.wau.edu/
162283,http://www.coppin.edu/
162335,http://www.delmarvabeautyacademy.com/
162371,http://natradeschools.edu/
162557,https://www.frederick.edu/
162584,http://www.frostburg.edu/
162609,http://www.garrettcollege.edu/index.php
162654,http://www.goucher.edu/
162690,https://www.hagerstowncc.edu/
162706,https://www.harford.edu/
162760,http://www.hood.edu/
162779,http://www.howardcc.edu/
162830,https://avedainstitutemd.edu/
162928,http://www.jhu.edu/
163028,http://www.lincolntech.edu/campus/columbia-md
163046,https://www.loyola.edu/
163204,http://www.umgc.edu/
163259,http://www.umaryland.edu/
163268,http://umbc.edu/
163286,http://www.umd.edu/
163295,http://www.mica.edu/
163338,http://wwwcp.umes.edu/
163347,https://www.fortis.edu/
163408,http://www.montgomerybeautyschool.com/
163426,http://www.montgomerycollege.edu/
163453,https://www.morgan.edu/
163462,https://msmary.edu/
163532,https://nirc.edu/
163541,http://www.hairacademymd.com/
163578,http://www.ndm.edu/
163657,https://www.pgcc.edu/
163815,http://www.baltimorestudio.com/
163851,https://www.salisbury.edu/
163912,https://www.smcm.edu/
163976,http://www.sjc.edu/
164076,http://www.towson.edu/
164085,http://www.muih.edu/
164155,http://www.usna.edu/
164173,http://www.stevenson.edu/
164216,http://www.washcoll.edu/
164270,http://www.mcdaniel.edu/
164313,http://www.worwic.edu/
164368,http://www.hult.edu/
164447,http://www.aic.edu/
164465,http://www.amherst.edu/
164492,http://www.annamaria.edu/
164535,http://www.assabet.org/
164562,https://www.assumption.edu/
164580,http://www.babson.edu/
164599,https://www.bancroftsmt.com/
164614,http://www.boston.edu/
164632,http://www.baypath.edu/
164739,http://www.bentley.edu/
164748,http://www.berklee.edu/
164775,http://www.berkshirecc.edu/
164872,http://www.the-bac.edu/
164915,https://www.bgsp.edu/
164924,http://www.bc.edu/
164988,http://www.bu.edu/
165015,https://www.brandeis.edu/
165024,http://www.bridgew.edu/
165033,http://www.bristolcc.edu/
165060,https://signature-healthcare.org/bhson
165112,http://www.bhcc.edu/
165167,http://www.cambridgecollege.edu/
165194,http://www.capecod.edu/
165255,http://www.catherinehinds.edu/
165264,https://www.laboure.edu/
165334,http://www.clarku.edu/
165495,http://www.csld.edu/
165529,https://www.curry.edu/
165574,http://www.dean.edu/
165608,http://www.dimanregional.org/lpn
165635,http://www.naa.edu/
165644,https://www.enc.edu/
165662,http://www.emerson.edu/
165671,http://www.emmanuel.edu/
165699,http://www.endicott.edu/
165750,http://www.rob-roy.com/
165802,https://www.fisher.edu/
165820,http://www.fitchburgstate.edu/
165866,http://www.framingham.edu/
165884,http://www.bfit.edu/
165936,http://www.gordon.edu/
165945,http://www.gordonconwell.edu/
165981,http://www.gcc.mass.edu/
166018,https://www.hampshire.edu/
166027,http://www.harvard.edu/
166045,http://www.hebrewcollege.edu/
166054,http://www.hchc.edu/
166124,http://www.holycross.edu/
166133,http://www.hcc.edu/
166391,http://www.lasell.edu/
166407,http://www.lmregis.org/
166452,http://www.lesley.edu/
166489,http://longy.edu/
166498,http://www.lowellacademy.com/
166513,http://www.uml.edu/
166629,http://www.umass.edu/
166638,http://www.umb.edu/
166647,https://www.massbay.edu/
166656,http://www.mcphs.edu/
166674,https://massart.edu/
166683,http://web.mit.edu/
166692,https://www.maritime.edu/
166708,http://www.umassmed.edu/
166717,http://www.williamjames.edu/
166805,http://massschoolofbarbering.com/
166823,https://www.massasoit.edu/
166850,https://www.merrimack.edu/
166869,http://www.mghihp.edu/
166887,https://www.middlesex.mass.edu/
166911,https://www.montserrat.edu/
166939,https://www.mtholyoke.edu/
166957,http://mwcc.edu/
167039,http://www.rob-roy.com/
167057,https://necmusic.edu/
167093,https://www.neco.edu/
167215,https://www.nesl.edu/
167260,http://www.nichols.edu/
167288,https://www.mcla.edu/
167297,http://www.nbss.edu/
167312,http://www.northshore.edu/
167358,http://www.northeastern.edu/
167376,http://www.necc.mass.edu/
167394,https://www.elms.edu/
167464,http://www.psjs.edu/
167525,https://www.quincycollege.edu/
167534,http://www.qcc.edu/
167598,http://www.regiscollege.edu/
167631,http://www.rcc.mass.edu/
167677,http://www.sjs.edu/
167729,http://www.salemstate.edu/
167783,http://www.simmons.edu/
167792,http://www.simons-rock.edu/
167835,http://www.smith.edu/
167871,http://www.stitech.edu/
167899,http://www.springfield.edu/
167905,http://www.stcc.edu/
167987,http://www.umassd.edu/
167996,https://www.stonehill.edu/
168005,https://www.suffolk.edu/
168032,http://www.rob-roy.com/
168148,https://www.tufts.edu/
168218,http://www.wellesley.edu/
168227,https://wit.edu/
168254,http://wne.edu/
168263,http://www.westfield.ma.edu/
168281,http://www.wheatoncollege.edu/
168342,https://www.williams.edu/
168421,https://www.wpi.edu/
168430,https://www.worcester.edu/
168528,http://www.adrian.edu/
168546,http://www.albion.edu/
168555,http://www.hillsdalebeautycollege.com/
168573,http://www.northwesterntech.edu/
168591,http://www.alma.edu/
168607,http://www.alpenacc.edu/
168740,https://www.andrews.edu/
168786,https://www.aquinas.edu/
168847,http://www.baker.edu/
168883,https://www.baycollege.edu/
168892,http://www.bayshirebeautyacademy.edu/
169080,http://www.calvin.edu/
169099,http://www.calvinseminary.edu/
169187,https://www.carnegie-institute.edu/
169220,http://msp.edu/
169248,https://www.cmich.edu/
169275,https://www.mcc.edu/
169284,http://www.empire.edu/
169327,http://www.cleary.edu/
169363,https://www.cuaa.edu/
169424,https://cranbrookart.edu/
169442,https://www.ccsdetroit.edu/
169479,http://www.davenport.edu/
169503,http://davidpressleyschool.com/
169521,https://www.delta.edu/
169576,http://www.dbidownriver.edu/
169655,https://uti.edu/
169716,https://www.udmercy.edu/
169761,http://www.dorsey.edu/
169798,http://www.emich.edu/
169813,http://creativehairschool.com/
169910,http://www.ferris.edu/
169974,http://www.glenoaks.edu/
169983,https://www.kettering.edu/
169992,http://gogebic.edu/
170000,https://www.gracechristian.edu/
170037,http://www.cornerstone.edu/
170055,https://www.grcc.edu/
170082,http://www.gvsu.edu/
170091,http://www.glcc.edu/
170240,https://www.hfcc.edu/
170286,https://www.hillsdale.edu/
170301,https://hope.edu/
170444,http://www.jccmi.edu/
170532,https://www.kzoo.edu/
170541,https://www.kvcc.edu/
170550,http://www.kellogg.edu/
170587,https://www.kirtland.edu/
170611,https://michigancollegebeauty.com/
170620,https://www.lakemichigancollege.edu/
170639,http://www.lssu.edu/
170657,https://www.lcc.edu/
170675,http://www.ltu.edu/
170736,http://mjmbc.net/
170790,http://www.macomb.edu/
170806,https://www.madonna.edu/
170967,http://rcu.edu/
170976,https://umich.edu/
171012,http://www.michiganbarberschool.org/
171100,https://www.msu.edu/
171128,https://www.mtu.edu/
171137,https://umdearborn.edu/
171146,http://www.umflint.edu/
171155,http://www.midmich.edu/
171225,http://www.monroeccc.edu/
171234,http://www.montcalm.edu/
171304,http://www.muskegoncc.edu/
171395,http://www.ncmich.edu/
171456,https://www.nmu.edu/
171483,https://www.nmc.edu/
171492,http://www.northwood.edu/
171535,https://www.oaklandcc.edu/
171571,http://www.oakland.edu/
171599,https://www.uolivet.edu/
171775,http://www.michigancollegeofbeauty.com/
171881,https://www.kuyper.edu/
171988,https://rosseducation.edu/
171997,https://rosseducation.edu/
172015,https://rosseducation.edu/
172033,http://www.shms.edu/
172051,http://www.svsu.edu/
172200,https://www.schoolcraft.edu/
172264,https://www.sienaheights.edu/
172291,http://www.sc4.edu/
172307,http://www.swmich.edu/
172334,https://www.arbor.edu/
172422,http://www.michigan.gov/MCTI
172477,http://cooley.edu/
172495,http://tcbeautycollege.com/
172608,https://walshcollege.edu/
172617,http://www.wccnet.edu/
172635,https://www.wcccd.edu/
172644,https://wayne.edu/
172671,https://www.westshore.edu/
172680,http://paulmitchell.edu/grandrapids
172699,https://wmich.edu/
172705,http://www.westernsem.edu/
172866,http://www.academycollege.edu/
172918,http://www.alextech.edu/
172954,http://www.anokatech.edu/
172963,http://www.anokaramsey.edu/
173045,http://www.augsburg.edu/
173063,https://www.riverland.edu/
173115,https://www.ntcmn.edu/
173124,https://www.bemidjistate.edu/
173142,https://www.blc.edu/
173160,https://www.bethel.edu/
173203,http://www.clcmn.edu/
173258,https://www.carleton.edu/
173300,https://www.concordiacollege.edu/
173328,https://www.csp.edu/
173416,http://www.dctc.edu/
173452,http://www.mlc-wels.edu/
173461,http://www.lsc.edu/
173559,http://www.minnesota.edu/
173638,http://www.mnwest.edu/
173647,http://gustavus.edu/
173665,https://www.hamline.edu/
173683,http://www.hazeldenbettyford.org/education/graduate-school-addiction-studies
173708,http://www.hennepintech.edu/
173735,https://minnesotanorth.edu/
173744,http://avedaarts.edu/locations/minneapolis
173799,https://www.inverhills.edu/
173896,https://www.luthersem.edu/
173902,http://www.macalester.edu/
173911,http://southcentral.edu/
173920,https://mnsu.edu/
173957,https://college.mayo.edu/
174020,http://www.metrostate.edu/
174066,https://twin-cities.umn.edu/
174075,https://crk.umn.edu/
174127,https://mcad.edu/
174136,http://www.minneapolis.edu/
174154,https://www.herzing.edu/
174190,https://novaacademy.edu/
174233,https://d.umn.edu/
174251,https://morris.umn.edu/
174321,http://www.modelcollegeofhairdesign.com/
174358,https://www.mnstate.edu/
174376,https://www.nhcc.edu/
174428,http://www.normandale.edu/
174437,http://www.northcentral.edu/
174473,http://www.northlandcollege.edu/
174491,https://www.unwsp.edu/
174507,http://www.nwhealth.edu/
174525,http://www.oakhills.edu/
174570,http://www.pine.edu/
174738,http://www.rctc.edu/
174747,https://csbsju.edu/
174756,http://www.sctcc.edu/
174783,https://www.stcloudstate.edu/
174792,https://csbsju.edu/
174817,http://www.smumn.edu/
174844,http://wp.stolaf.edu/
174862,http://www.crown.edu/
174899,http://www.css.edu/
174914,http://www.stthomas.edu/
174978,http://www.empire.edu/
175005,https://www.stkate.edu/
175014,https://rasmussen.edu/
175041,https://www.saintpaul.edu/
175078,http://www.smsu.edu/
175120,http://www.saoic.org/
175139,https://www.unitedseminary.edu/
175227,http://www.dunwoody.edu/
175236,http://www.ridgewater.edu/
175263,http://www.southeastmn.edu/
175272,http://www.winona.edu/
175281,http://www.mitchellhamline.edu/
175315,https://www.century.edu/
175342,http://www.alcorn.edu/
175421,https://www.belhaven.edu/
175430,http://www.bmc.edu/
175494,http://www.chrisbeautycollege.edu/
175519,http://www.coahomacc.edu/
175573,http://www.colin.edu/
175616,https://www.deltastate.edu/
175643,https://www.eccc.edu/
175652,http://www.eastms.edu/
175698,http://www.fosters.edu/
175722,http://www.academyofhair.com/grenada-campus
175786,http://www.hindscc.edu/
175810,http://www.holmescc.edu/
175829,http://www.iccms.edu/
175856,https://www.jsums.edu/
175883,http://www.jcjc.edu/
175935,http://www.meridiancc.edu/
175980,http://www.millsaps.edu/
176008,https://www.msdelta.edu/
176017,http://www.olemiss.edu/
176035,https://www.muw.edu/
176044,http://www.mvsu.edu/
176053,http://www.mc.edu/
176062,http://hatfieldsinc.com/
176071,https://www.mgccc.edu/
176080,https://www.msstate.edu/
176169,https://www.nemcc.edu/
176178,http://www.northwestms.edu/
176239,https://www.prcc.edu/
176318,http://www.rustcollege.edu/
176336,https://www.southeasternbaptist.edu/
176354,https://www.smcc.edu/
176372,https://www.usm.edu/
176406,http://www.tougaloo.edu/
176433,http://vaughnbeauty.com/
176451,https://www.wbs.edu/
176479,https://www.wmcarey.edu/
176600,https://www.ai.edu/
176628,https://www.avila.edu/
176664,http://www.mission.edu/
176716,http://kc-hair.com/
176770,https://coxcollege.edu/
176789,http://www.calvary.edu/
176798,http://www.capectc.org/
176910,https://www.cccb.edu/
176947,http://www.centralmethodist.edu/
176965,https://www.ucmo.edu/
176983,http://www.grts.org/
177038,http://www.cleveland.edu/
177065,https://www.ccis.edu/
177083,http://www.conception.edu/
177092,https://www.csl.edu/
177117,https://www.cottey.edu/
177126,https://www.covenantseminary.edu/
177135,http://www.crowder.edu/
177144,https://www.culver.edu/
177214,http://www.drury.edu/
177250,http://www.eastcentral.edu/
177278,http://www.eden.edu/
177302,http://pcitraining.edu/
177339,http://www.evangel.edu/
177418,https://www.fontbonne.edu/
177436,http://frcc.washington.k12.mo.us/
177472,http://www.otc.edu/
177542,http://www.hlg.edu/
177551,https://www.hssu.edu/
177588,http://kc-hair.com/
177603,http://www.summitsalonacademykc.com/
177676,https://www.jeffco.edu/
177685,http://missouricolumbia.paulmitchell.edu/
177719,https://www.barnesjewishcollege.edu/
177746,http://www.kcai.edu/
177816,http://www.kenrick.edu/
177834,http://www.atsu.edu/
177931,http://www.lexlaray.com/
177940,https://www.lincolnu.edu/
177968,https://www.lindenwood.edu/
177977,https://www.statetechmo.edu/
177986,https://www.logan.edu/
177995,http://www.mcckc.edu/
178059,https://www.maryville.edu/
178077,http://merrelluniversity.edu/
178183,http://midwestinstitute.com/
178208,https://www.mbts.edu/
178217,https://mineralarea.edu/
178244,http://www.mobap.edu/
178341,http://www.mssu.edu/
178369,https://www.moval.edu/
178387,https://www.missouriwestern.edu/
178396,https://missouri.edu/
178402,https://www.umkc.edu/
178411,https://www.mst.edu/
178420,https://www.umsl.edu/
178448,http://www.macc.edu/
178518,http://www.nts.edu/
178527,http://neoshobeautycollege.com/
178615,https://www.truman.edu/
178624,https://www.nwmissouri.edu/
178679,http://www.occ.edu/
178697,http://www.cofo.edu/
178721,http://www.park.edu/
178767,http://www.siba.edu/
178828,http://www.poplarbluffschools.net/
178891,http://www.ranken.edu/
178989,http://researchcollege.edu/
179043,https://www.rockhurst.edu/
179159,http://www.slu.edu/
179195,http://www.centralandsalemcolleges.com/
179265,http://www.uhsp.edu/
179308,https://www.stlcc.edu/
179317,https://www.spst.edu/
179326,http://www.sbuniv.edu/
179344,http://wp.missouristate.edu/
179511,http://www.slchc.edu/
179539,https://www.sfccmo.edu/
179548,https://www.stephens.edu/
179557,https://www.semo.edu/
179566,http://www.missouristate.edu/
179645,https://trcc.edu/
179715,http://www.ncmissouri.edu/
179812,https://www.kansascity.edu/
179867,https://washu.edu/
179894,http://www.webster.edu/
179946,https://www.wcmo.edu/
179955,https://www.jewell.edu/
179964,https://www.williamwoods.edu/
179991,http://www.academycosmetology.com/
180054,http://bfcc.edu/
180063,http://butteacademyofbeauty.ipage.com/
180081,https://www.mtech.edu/
180090,http://www.crevierschool.com/
180106,http://www.carroll.edu/
180151,http://www.dawson.edu/
180160,http://cdkc.edu/
180179,https://www.msubillings.edu/
180197,http://www.fvcc.edu/
180203,http://www.ancollege.edu/
180212,http://www.fpcc.edu/
180249,https://www.gfcmsu.edu/
180258,http://www.uprovidence.edu/
180276,https://www.helenacollege.edu/
180328,http://www.lbhc.edu/
180373,http://www.milescc.edu/
180416,https://www.mtech.edu/
180461,https://www.montana.edu/
180489,http://www.umt.edu/
180522,http://www.msun.edu/
180595,https://www.rocky.edu/
180647,http://www.skc.edu/
180692,http://umwestern.edu/
180814,https://www.bellevue.edu/
180832,http://www.clarksoncollege.edu/
180878,https://www.bryanhealthcollege.edu/bcohs/
180902,https://www.cccneb.edu/
180948,http://www.csc.edu/
180957,http://collegeofhairdesign.com/
180984,http://www.cune.edu/
181002,https://www.creighton.edu/
181020,http://www.doane.edu/
181127,http://www.hastings.edu/
181145,http://www.chihealth.com/school-of-radiologic-technology
181190,http://josephscollege.edu/
181215,http://www.unk.edu/
181297,http://www.methodistcollege.edu/
181303,https://www.mccneb.edu/
181312,http://www.mpcc.edu/
181330,https://www.midlandu.edu/
181394,https://www.unomaha.edu/
181419,http://www.thenicc.edu/
181428,http://www.unmc.edu/
181446,https://www.nebrwesleyan.edu/
181464,http://www.unl.edu/
181491,https://northeast.edu/
181534,http://www.peru.edu/
181543,https://www.summitcc.edu/
181604,https://www.csm.edu/
181640,http://www.southeast.edu/
181738,https://www.uau.edu/
181765,https://ncta.unl.edu/
181783,https://www.wsc.edu/
181817,http://www.wncc.edu/
181853,http://www.york.edu/
181880,http://www.ahdvegas.com/
182005,http://www.csn.edu/
182148,https://lvcollege.edu/
182281,http://www.unlv.edu/
182290,http://www.unr.edu/
182306,http://www.gbcnv.edu/
182500,http://www.tmcc.edu/
182564,http://www.wnc.edu/
182634,http://www.colby-sawyer.edu/
182670,https://dartmouth.edu/
182704,http://www.empirebeautyschools.com/
182722,http://www.empirebeautyschools.com/
182795,https://www.franklinpierce.edu/
182829,https://law.unh.edu/
182892,http://www.keenebeautyacademy.edu/
182980,http://www.nec.edu/
183026,http://www.snhu.edu/
183035,http://www.nhita.com/
183044,https://www.unh.edu/
183062,http://www.keene.edu/
183071,https://manchester.unh.edu/
183080,http://www.plymouth.edu/
183099,https://www.nhti.edu/
183105,http://www.wmcc.edu/
183114,https://www.rivervalley.edu/
183123,http://www.lrcc.edu/
183132,http://www.mccnh.edu/
183141,http://nashuacc.edu/
183150,https://www.greatbay.edu/
183202,http://paulmitchell.edu/portsmouth
183211,http://www.rivier.edu/
183239,https://www.anselm.edu/
183248,http://www.sjson.edu/
183257,https://cps.unh.edu/online
183275,http://www.thomasmorecollege.edu/
183488,http://www.eastwickcollege.edu/
183600,http://www.acs350.org/
183655,http://atlanticcape.edu/
183725,https://www.fortis.edu/
183743,https://www.bergen.edu/
183789,https://berkeleycollege.edu/
183804,http://bmg.edu/
183822,http://www.bloomfield.edu/
183859,https://www.brookdalecc.edu/
183877,http://www.rcbc.edu/
183910,https://www.caldwell.edu/
183938,https://www.camdencc.edu/
183974,http://www.centenaryuniversity.edu/
183983,http://www.bergen.org/site/Default.aspx?PageID=4343
184056,http://www.lincolntech.edu/campus/edison-nj
184092,http://www.americaninstitute.edu/
184180,http://www.ccm.edu/
184205,https://rcsj.edu/
184348,http://www.drew.edu/
184427,http://www.lincolntech.edu/campus/south-plainfield-nj
184481,http://www.essex.edu/
184506,http://www.empire.edu/
184603,https://www.fdu.edu/
184612,https://www.felician.edu/
184694,https://www.fdu.edu/
184746,http://www.hohokus.edu/
184773,https://georgian.edu/
184782,https://www.rowan.edu/
184791,http://rcsj.edu/
184816,http://www.empire.edu/
184959,http://www.eastwickcollege.edu/
184968,http://holyname.org/SchoolofNursing
184995,http://www.hccc.edu/
185129,https://www.njcu.edu/
185262,https://www.kean.edu/
185396,http://www.lincolntech.edu/campus/union-nj
185466,http://www.rizzierischools.com/
185509,http://www.mccc.edu/
185536,http://www.middlesexcollege.edu/
185572,https://www.monmouth.edu/
185590,http://www.montclair.edu/
185679,http://www.jfkmuhlenbergschools.org/
185721,http://www.eastwickcollege.edu/
185758,http://www.nbts.edu/
185767,http://www.robertfiance.edu/
185828,https://www.njit.edu/
185873,http://www.ocean.edu/
185970,http://www.pbbeautyschool.com/
186016,http://paulmitchell.edu/hackensack
186034,https://web.pccc.edu/
186052,https://www.penncotech.edu/
186122,http://www.ptsem.edu/
186131,http://www.princeton.edu/
186186,http://www.rca.edu/
186201,http://www.ramapo.edu/
186274,http://www.robertfiance.edu/
186283,http://www.rider.edu/
186371,https://camden.rutgers.edu/
186380,https://newbrunswick.rutgers.edu/
186399,https://www.newark.rutgers.edu/
186405,http://www.capitalhealth.org/professionals/school-of-radiologic-technology
186423,http://www.capitalhealth.org/professionals/school-of-nursing
186432,http://www.saintpeters.edu/
186469,https://www.salemcc.edu/
186584,https://www.shu.edu/
186593,https://www.shorebeautyschool.edu/
186618,http://www.steu.edu/
186645,https://www.raritanval.edu/
186867,http://www.stevens.edu/
186876,https://www.stockton.edu/
186900,https://talmudicalacademynj.com/
187000,http://aviationmaintenance.edu/campuses/teterboro-nj
187046,http://www.tesu.edu/
187134,https://www.tcnj.edu/
187198,https://www.ucc.edu/
187444,http://www.wpunj.edu/
187505,https://olympianacademy.edu/
187532,https://www.cnm.edu/
187596,http://www.navajotech.edu/
187620,http://dacc.nmsu.edu/
187639,http://www.clovis.edu/
187648,http://www.enmu.edu/
187666,http://www.roswell.enmu.edu/
187745,https://iaia.edu/
187897,https://www.nmhu.edu/
187903,https://www.nmjc.edu/
187912,https://www.nmmi.edu/
187958,http://www.gallup.unm.edu/
187967,https://www.nmt.edu/
187976,http://losalamos.unm.edu/
187985,http://www.unm.edu/
187994,http://alamogordo.nmsu.edu/
188003,http://senmc.edu/
188021,http://grants.nmsu.edu/
188030,http://www.nmsu.edu/
188049,http://valencia.unm.edu/
188058,https://nnmc.edu/
188100,http://www.sanjuancollege.edu/
188137,https://www.sfcc.edu/
188182,https://www.usw.edu/
188207,http://www.swc.edu/
188216,http://www.sipi.edu/
188225,http://taos.unm.edu/
188261,http://www.mesalands.edu/
188289,http://vogue.edu/
188304,http://wnmu.edu/
188340,http://www.vaughn.edu/
188429,http://www.adelphi.edu/
188438,https://www.sunyacc.edu/
188517,https://www.bryantstratton.edu/
188526,http://www.acphs.edu/
188535,http://www.albanylaw.edu/
188580,http://www.amc.edu/
188641,http://www.alfred.edu/
188650,http://www.allenschool.edu/
188669,http://ailey.org/training
188678,http://www.aada.edu/
188687,http://www.funeraleducation.org/
188854,http://www.amda.edu/
188890,http://www.apexschool.com/
188915,http://www.arnothealth.org/
188942,https://www.bethrivkah.edu/dhl
189015,http://www.bankstreet.edu/
189088,http://www.bard.edu/
189097,http://www.barnard.edu/
189219,http://www.berktradeschool.com/
189228,https://berkeleycollege.edu/
189255,http://estheticsschoolny.com/
189273,http://bhsy.edu/
189282,http://www.pson.edu/
189404,http://brittanyacademy.edu/
189413,https://www.boricuacollege.edu/
189468,https://brittanyacademy.edu/
189477,http://www.americanbeautyschool.edu/
189501,https://www.brooklaw.edu/
189547,http://www.sunybroome.edu/
189565,https://www.bryantstratton.edu/
189583,https://www.bryantstratton.edu/
189592,https://www.bryantstratton.edu/
189705,https://www.canisius.edu/
189714,http://caprinow.edu/
189811,https://www.stpaulsschoolofnursing.edu/
189839,https://www.cayuga-cc.edu/
189857,https://cyttl.edu/
189990,https://www.christinevalmy.com/
190008,http://www.circlesquare.org/
190044,https://www.clarkson.edu/
190053,https://www.clinton.edu/
190071,http://www.cochranschoolofnursing.us/
190080,https://www.crcds.edu/
190099,https://www.colgate.edu/
190114,https://www.mcny.edu/
190150,http://www.columbia.edu/
190169,https://www.columbiagreene.edu/
190239,http://www.empire.edu/
190318,http://continentalschoolofbeauty.edu/
190372,https://www.cooper.edu/
190415,http://www.cornell.edu/
190424,https://weill.cornell.edu/
190442,https://www.corning-cc.edu/
190451,http://www.crouse.org/nursing
190503,http://www.ciachef.edu/
190512,http://www.baruch.cuny.edu/
190521,http://www.bmcc.cuny.edu/
190530,http://www.bcc.cuny.edu/
190549,http://www.brooklyn.edu/
190558,http://www.csi.cuny.edu/
190567,http://www.ccny.cuny.edu/
190576,http://www.gc.cuny.edu/
190585,http://www.hostos.cuny.edu/
190594,http://www.hunter.cuny.edu/
190600,http://www.jjay.cuny.edu/
190619,http://www.kbcc.cuny.edu/
190628,http://www.lagcc.cuny.edu/
190637,http://www.lehman.edu/
190646,https://www.mec.cuny.edu/
190655,http://www.citytech.cuny.edu/
190664,https://www.qc.cuny.edu/
190673,http://www.qcc.cuny.edu/
190682,https://www.law.cuny.edu/
190691,http://www.york.cuny.edu/
190707,http://www.cvph.org/Residency-and-Education/School-of-Radiology/
190716,http://www.dyu.edu/
190725,http://www.daemen.edu/
190752,https://www.yofr.org/
190761,http://www.duny.edu/
190840,https://www.sunydutchess.edu/
190956,http://www.ellismedicine.org/school-of-nursing/
190983,https://www.elmira.edu/
191083,http://www.ecc.edu/
191126,http://www.fitnyc.edu/
191199,http://www.flcc.edu/
191205,http://www.ftc.edu/
191241,https://www.fordham.edu/
191302,http://www.fmcc.edu/
191311,http://www.gia.edu/gem-education
191339,https://www.genesee.edu/
191515,https://www.hamilton.edu/
191533,http://www.hartwick.edu/
191597,https://www.helenefuld.edu/
191612,http://www.herkimer.edu/
191621,http://www.hilbert.edu/
191630,http://www.hws.edu/
191649,http://www.hofstra.edu/
191676,http://www.houghton.edu/
191719,http://www.hvcc.edu/
191728,http://hunterbusinessschool.edu/
191931,http://www.iona.edu/
191940,http://www.rgcohc.edu/
191959,https://www.idti.edu/
191968,https://www.ithaca.edu/
191986,https://www.sunyjcc.edu/
192004,http://www.jbc.edu/
192022,https://www.sunyjefferson.edu/
192040,http://www.jtsa.edu/
192110,http://www.juilliard.edu/
192165,http://kehilathyakov.com/
192192,https://www.keuka.edu/
192271,http://www.limcollege.edu/
192323,http://www.lemoyne.edu/
192448,http://www.liu.edu/
192484,http://www.libs.edu/
192624,https://mhrc.edu/
192688,http://www.mandl.edu/
192703,http://www.manhattan.edu/
192712,https://www.msmnyc.edu/
192749,https://www.mville.edu/
192785,http://www.mariacollege.edu/
192800,http://www.mswspn.com/
192819,http://www.marist.edu/
192864,http://www.mmm.edu/
192961,https://www.sphp.com/careers/schools-of-nursing/
192970,http://www.mskcc.org/mskcc/html/13431.cfm
193016,https://www.mercy.edu/
193052,http://independentrabbinicalcolleges.org/index.html
193061,https://mesivtaofeasternparkway.com/
193070,http://mtj.edu/
193201,http://www.mildred-elley.edu/
193247,http://www.mirreryeshiva.com/
193265,http://modernwelding.com/
193283,http://www.mvcc.edu/
193292,http://www.molloy.edu/
193308,http://www.monroecollege.edu/
193326,http://www.monroecc.edu/
193353,http://www.msmc.edu/
193380,http://montefiorenewrochelle.org/school-of-nursing
193399,http://www.mountsaintvincent.edu/
193405,http://icahn.mssm.edu/
193478,http://www.ncc.edu/
193584,https://www2.naz.edu/
193609,http://www.neighborhoodplayhouse.org/
193654,https://www.newschool.edu/
193751,https://www.northeastcollege.edu/
193821,http://www.nyls.edu/
193830,https://www.nymc.edu/
193858,http://nysmda.com/
193894,https://www.nyts.edu/
193900,https://www.nyu.edu/
193946,http://www.niagaracc.suny.edu/
193973,http://www.niagara.edu/
193991,http://www.empire.edu/
194028,http://www.nccc.edu/
194073,http://www.nycpm.edu/
194091,http://www.nyit.edu/
194116,http://www.nysid.edu/
194189,https://ohrhameir.com/
194222,http://www.sunyocc.edu/
194240,https://sunyorange.edu/
194259,http://www.oncboces.org/
194310,http://www.pace.edu/
194392,https://www.paulsmiths.edu/
194435,http://continentalschoolofbeauty.edu/
194499,http://www.plazacollege.edu/
194569,https://davisny.edu/
194578,https://www.pratt.edu/
194657,https://rabbinicalacademyrabbichaimberlin.com/
194666,http://rabbinicalcollegeboboveryeshiva.edu/
194693,https://rabbinicalcollegebethshraga.com/
194718,https://www.mkorchaim.org/
194736,https://rabbinicalcollegelongisland.com/
194763,http://www.rabbinical.org/
194824,http://www.rpi.edu/
194958,http://www.roberts.edu/
195003,http://www.rit.edu/
195030,https://www.rochester.edu/
195049,http://www.rockefeller.edu/
195058,http://www.sunyrockland.edu/
195067,http://www.empire.edu/
195128,http://sage.edu/
195155,http://www.stbernards.edu/
195164,https://www.sbu.edu/
195173,https://www.sfc.edu/
195191,https://www.sjhcon.edu/
195216,https://www.stlawu.edu/
195234,http://www.strose.edu/
195243,http://www.stac.edu/
195289,https://www.sphp.com/careers/schools-of-nursing/samaritan-hospital-school-of-nursing
195304,http://www.sarahlawrence.edu/
195322,http://sunysccc.edu/
195438,https://www.shoryoshuv.org/
195474,https://www.siena.edu/
195526,http://www.skidmore.edu/
195544,http://www.sjny.edu/
195580,http://www.svots.edu/
195702,https://www.secon.edu/
195720,https://www.sjf.edu/
195784,http://www.stpaulsschoolofnursing.edu/
195809,http://www.stjohns.edu/
195988,https://www.sunysullivan.edu/
196006,http://www.alfredstate.edu/
196015,http://www.canton.edu/
196024,http://www.delhi.edu/
196033,http://www.cobleskill.edu/
196042,http://www.farmingdale.edu/
196051,http://www.morrisville.edu/
196060,http://www.albany.edu/
196079,http://www.binghamton.edu/
196088,https://www.buffalo.edu/
196097,https://www.stonybrook.edu/
196103,http://www.esf.edu/
196112,http://www.sunypoly.edu/
196121,https://www.brockport.edu/
196130,https://suny.buffalostate.edu/
196149,http://www2.cortland.edu/
196158,https://www.fredonia.edu/
196167,https://www.geneseo.edu/
196176,http://www.newpaltz.edu/
196185,https://suny.oneonta.edu/
196194,https://www.oswego.edu/
196200,http://www.potsdam.edu/
196219,http://www.purchase.edu/
196228,http://www.sunyopt.edu/
196237,http://www.oldwestbury.edu/
196246,https://www.plattsburgh.edu/
196255,https://www.downstate.edu/
196264,http://www.sunyempire.edu/
196291,http://www.sunymaritime.edu/
196307,http://www.upstate.edu/
196389,http://www.swedishinstitute.edu/
196413,https://www.syracuse.edu/
196431,http://www.tsot.edu/
196440,https://www.tiuny.org/
196468,http://www.tc.columbia.edu/
196565,http://www.tompkinscortland.edu/
196583,https://torahtemimahtalmudicalseminary.com/
196592,https://www.touro.edu/
196653,https://trocaire.edu/
196680,http://www.excelsior.edu/
196699,https://www.sunyulster.edu/
196866,http://www.union.edu/
196884,http://utsnyc.edu/
197018,http://utsny.edu/
197027,https://www.usmma.edu/
197036,http://www.westpoint.edu/
197045,https://www.utica.edu/
197133,http://www.vassar.edu/
197142,https://www.villa.edu/
197151,https://sva.edu/
197197,http://www.wagner.edu/
197221,http://www.webb.edu/
197285,http://www.cw.edu/
197294,http://www.sunywcc.edu/
197337,http://westchesterschoolofbeautycultureny.com/
197531,http://www.wordoflife.edu/
197601,https://yeshivakarlinstolin.org/
197647,https://ydc.edu/
197674,http://yeshivaofnitra.org/
197692,http://shaarhatorah.edu/
197708,http://www.yu.edu/
197735,https://yeshivathviznitz.com/
197744,https://yeshivathzichronmoshe.com/
197814,http://www.albemarle.edu/
197850,https://www.spcc.edu/
197869,https://www.appstate.edu/
197887,http://www.abtech.edu/
197911,https://www.barton.edu/
197966,http://www.beaufortccc.edu/
197984,http://www.belmontabbeycollege.edu/
197993,https://www.bennett.edu/
198011,https://bladencc.edu/
198039,http://www.blueridge.edu/
198066,https://www.brevard.edu/
198084,http://www.brunswickcc.edu/
198109,https://cabarruscollege.edu/
198118,https://cccti.edu/
198136,https://www.campbell.edu/
198154,http://www.cfcc.edu/
198206,https://carteret.edu/
198215,http://www.catawba.edu/
198233,http://www.cvcc.edu/
198251,http://www.cccc.edu/
198260,http://www.cpcc.edu/
198303,https://www.chowan.edu/
198321,http://www.clevelandcc.edu/
198330,http://www.coastalcarolina.edu/
198367,https://cravencc.edu/
198376,https://www.davidsondavie.edu/
198385,https://davidson.edu/
198419,http://www.duke.edu/
198455,http://www.durhamtech.edu/
198464,https://www.ecu.edu/
198491,http://www.edgecombe.edu/
198507,https://www.ecsu.edu/
198516,https://www.elon.edu/
198534,https://www.faytechcc.edu/
198543,https://www.uncfsu.edu/
198552,https://www.forsythtech.edu/
198561,http://www.gardner-webb.edu/
198570,http://www.gaston.edu/
198598,https://www.greensboro.edu/
198613,https://www.guilford.edu/
198622,http://www.gtcc.edu/
198640,http://halifaxcc.edu/
198668,https://www.haywood.edu/
198677,http://www.heritagebiblecollege.edu/
198695,http://www.highpoint.edu/
198710,https://www.isothermal.edu/
198729,http://jamessprunt.edu/
198756,https://www.jcsu.edu/
198774,https://www.johnstoncc.edu/
198808,http://www.lmc.edu/
198817,https://www.lenoircc.edu/
198835,http://www.lr.edu/
198844,http://www.leonsbeauty.com/
198862,http://livingstone.edu/
198871,http://www.louisburg.edu/
198899,http://www.mhu.edu/
198905,http://www.martincc.edu/
198914,https://www.mayland.edu/
198923,https://www.mcdowelltech.edu/
198950,http://www.meredith.edu/
198969,http://www.methodist.edu/
198978,https://www.miller-motte.edu/
198987,https://www.mitchellcc.edu/
199005,http://www.mitchells.edu/
199023,http://www.montgomery.edu/
199032,https://www.montreat.edu/
199069,https://umo.edu/
199078,http://avedafi.edu/
199087,https://www.nashcc.edu/
199102,http://www.ncat.edu/
199111,https://new.unca.edu/
199120,https://www.unc.edu/
199139,https://www.charlotte.edu/
199148,http://www.uncg.edu/
199157,https://www.nccu.edu/
199184,http://www.uncsa.edu/
199193,http://www.ncsu.edu/
199209,http://www.ncwu.edu/
199218,http://www.uncw.edu/
199263,http://www.pamlicocc.edu/
199272,http://www.peace.edu/
199281,https://www.uncp.edu/
199306,http://www.pfeiffer.edu/
199324,http://www.piedmontcc.edu/
199333,https://pittcc.edu/
199412,http://www.queens.edu/
199421,https://www.randolph.edu/
199449,https://richmondcc.edu/
199458,http://www.macuniversity.edu/
199467,http://www.roanokechowan.edu/
199476,http://www.robeson.edu/
199485,https://www.rockinghamcc.edu/
199494,https://www.rccc.edu/
199582,http://www.st-aug.edu/
199607,http://www.salem.edu/
199625,https://www.sampsoncc.edu/
199634,https://www.sandhills.edu/
199643,http://www.shawu.edu/
199689,http://paulmitchell.edu/fayetteville
199698,http://www.sa.edu/
199722,http://www.sccnc.edu/
199731,https://www.southwesterncc.edu/
199740,http://www.stanly.edu/
199759,http://www.collegeatsoutheastern.com/
199768,https://surry.edu/
199786,http://www.alamancecc.edu/
199795,https://www.tricountycc.edu/
199838,http://www.vgcc.edu/
199847,http://www.wfu.edu/
199856,http://www.waketech.edu/
199865,https://www.warren-wilson.edu/
199883,http://wattscollegeofnursing.edu/
199892,http://www.waynecc.edu/
199908,https://www.wpcc.edu/
199926,http://www.wilkescc.edu/
199953,http://www.wilsoncc.edu/
199962,https://www.wingate.edu/
199971,http://www.carolina.edu/
199980,http://www.wsbarberschool.com/
199999,https://www.wssu.edu/
200004,http://www.wcu.edu/
200013,https://rasmussen.edu/
200022,https://bismarckstate.edu/
200059,http://www.dickinsonstate.edu/
200086,http://www.nhsc.edu/
200110,http://www.josefsschoolofhairdesign.com/
200156,http://www.uj.edu/
200192,http://www.lrsc.edu/
200208,http://www.littlehoop.edu/
200217,https://www.umary.edu/
200226,http://www.mayvillestate.edu/
200253,http://www.minotstateu.edu/
200280,https://und.edu/
200305,https://www.ndscs.edu/
200314,http://www.dakotacollege.edu/
200332,https://www.ndsu.edu/
200341,https://willistonstate.edu/
200466,https://sittingbull.edu/
200484,http://trinitybiblecollege.edu/
200527,http://www.tm.edu/
200554,https://uttc.edu/
200572,http://www.vcsu.edu/
200590,https://eticollege.edu/
200697,http://www.afit.edu/
200785,https://www.herzing.edu/
200800,http://www.uakron.edu/
200846,https://wayne.uakron.edu/
200873,http://awc.edu/
201034,https://www.apollocareercenter.com/adult-education/
201061,https://www.artacademy.edu/
201098,http://www.acwhcc.org/
201104,https://www.ashland.edu/
201131,http://www.atech.edu/
201140,https://www.athenaeum.edu/
201159,https://www.auburncc.org/
201177,https://www.aultmancollege.edu/
201195,https://www.bw.edu/
201283,http://www.belmontcollege.edu/
201371,http://www.bluffton.edu/
201432,https://www.firelands.bgsu.edu/
201441,http://www.bgsu.edu/
201469,https://www.bryantstratton.edu/
201478,http://www.buckeyehills.net/
201496,http://www.butlertech.org/
201539,https://www.ccsdistrict.org/site/default.aspx?PageID=189
201548,https://www.capital.edu/
201645,http://www.case.edu/
201654,https://www.cedarville.edu/
201672,http://www.cotc.edu/
201681,https://www.cspnohio.edu/
201690,https://www.centralstate.edu/
201803,http://www.choffinctcadulted.com/
201821,https://www.thechristcollege.edu/
201867,http://www.ccms.edu/
201885,http://www.uc.edu/
201928,http://www.cincinnatistate.edu/
201946,http://www.ucclermont.edu/
201955,http://www.ucblueash.edu/
201964,http://www.ohiochristian.edu/
201973,https://www.clarkstate.edu/
202046,http://www.cia.edu/
202073,http://www.cim.edu/
202134,http://www.csuohio.edu/
202152,http://www.ccctc.k12.oh.us/
202170,http://www.ccad.edu/
202222,https://www.cscc.edu/
202356,http://www.tri-c.edu/
202435,http://www.davisuniversity.edu/
202453,http://www.daytonbarbercollege.edu/
202480,https://udayton.edu/
202514,http://www.defiance.edu/
202523,https://www.denison.edu/
202648,https://www.edisonohio.edu/
202657,http://www.ehove.net/
202763,http://findlay.edu/
202806,http://www.franklin.edu/
202888,http://akronbeautyschool.com/
202903,https://www.gbs.edu/
202912,http://www.gscollege.edu/
202949,http://www.greatoaks.com/
202985,https://hemspn.edu/
203030,https://www.ccsoh.us/site/Default.aspx?PageID=334
203067,http://www.huc.edu/
203085,https://www.heidelberg.edu/
203128,http://www.hiram.edu/
203146,http://www.welding.org/
203155,http://www.hocking.edu/
203234,https://rosseducation.edu/
203331,http://www.egcc.edu/
203368,http://jcu.edu/
203386,http://www.hondros.edu/
203438,http://www.casalaveda.com/
203447,http://www.kent.edu/ashtabula
203456,http://www.kent.edu/columbiana
203465,http://www.kent.edu/stark
203474,http://www.kent.edu/trumbull
203483,http://www.kent.edu/tusc
203492,http://www.kent.edu/columbiana
203517,http://www.kent.edu/
203526,http://www.kent.edu/geauga
203535,https://www.kenyon.edu/
203544,http://kc.edu/
203580,http://www.lec.edu/
203599,http://www.lakelandcc.edu/
203614,http://www.collins-cc.edu/
203678,http://www.rhodesstate.edu/
203720,http://www.obc.edu/
203739,http://www.ohiobusinesscollege.edu/
203748,https://www.lorainccc.edu/
203757,http://www.lourdes.edu/
203775,https://www.malone.edu/
203881,http://www.mtc.edu/
203942,https://mcjvs.edu/
203960,http://www.mercycollege.edu/
203997,https://www.mtso.edu/
204006,http://miamioh.edu/regionals/
204015,http://miamioh.edu/regionals/
204024,http://miamioh.edu/
204121,http://www.molerhollywood.com/
204158,http://www.mvctc.com/ae
204176,http://www.mccn.edu/
204185,http://www.mountunion.edu/
204194,http://mvnu.edu/
204200,http://www.msj.edu/
204255,http://www.zanestate.edu/
204264,http://www.muskingum.edu/
204334,http://www.nationalbc.com/
204422,https://www.ncstatecollege.edu/
204431,http://www.nicosmetology.com/
204440,https://northweststate.edu/
204459,http://www.tps.org/adult_education/barber_program
204477,http://www.neomed.edu/
204486,https://www.unoh.edu/
204501,http://www.oberlin.edu/
204608,http://www.ohiotech.edu/
204617,https://www.ohiodominican.edu/
204635,http://www.onu.edu/
204662,http://ati.osu.edu/
204671,http://lima.osu.edu/
204680,http://mansfield.osu.edu/
204699,http://osumarion.osu.edu/
204705,http://newark.osu.edu/
204714,https://www.ohiostatebeauty.com/
204723,http://www.osbc.edu/
204769,https://salonschools.ohiostate.edu/
204778,https://salonschools.ohiostate.edu/
204796,http://www.osu.edu/
204802,https://www.ohio.edu/eastern/
204820,https://www.ohio.edu/chillicothe/
204839,https://www.ohio.edu/southern/
204848,https://www.ohio.edu/lancaster/
204857,https://www.ohio.edu/
204866,https://www.ohio.edu/zanesville/
204884,http://eastohio.edu/
204893,https://trinityson.com/
204909,https://www.owu.edu/
204936,https://www.otterbein.edu/
204945,https://www.owens.edu/
204963,http://www.paramountbeautyacademy.com/
204981,http://www.cvccworks.edu/
204990,http://payneseminary.edu/
205027,http://www.pcj.edu/
205054,http://www.proskills.edu/
205090,https://www.firelands.com/schoolofnursing
205124,http://independentrabbinicalcolleges.org/index.html
205142,http://www.raphaelsbeautyschool.edu/
205179,https://www.fortiscollege.edu/
205203,https://www.rio.edu/
205391,https://themodern.edu/
205443,https://www.shawnee.edu/
205470,http://www.sinclair.edu/
205841,http://www.starkstate.edu/
205887,https://www.sctoday.edu/
205957,http://www.franciscan.edu/
205966,https://www.sscc.edu/
206011,https://terra.edu/
206039,http://tiffinacademy.com/
206048,http://www.tiffin.edu/
206084,http://www.utoledo.edu/
206154,https://tsbc.edu/
206172,http://www.tricountyhightech.com/
206181,http://www.tririvers.com/
206288,http://www.united.edu/
206321,https://www.uppervalleycc.org/o/adult-division
206349,http://www.ursuline.edu/
206437,https://www.walsh.edu/
206446,http://www.wsco.edu/
206491,http://www.wilberforce.edu/
206507,https://www.wilmington.edu/
206516,http://winebrenner.edu/
206525,http://www.wittenberg.edu/
206589,https://wooster.edu/
206604,https://www.wright.edu/
206613,https://lake.wright.edu/
206622,https://www.xavier.edu/
206695,https://ysu.edu/
206817,http://www.bacone.edu/
206835,http://www.okwu.edu/
206862,https://www.snu.edu/
206905,http://www.pontotoctech.edu/
206914,https://www.cameron.edu/
206923,https://www.carlalbert.edu/
206932,http://centraloc.edu/
206941,https://www.uco.edu/
206996,http://connorsstate.edu/
207041,https://www.ecok.edu/
207050,http://www.eosc.edu/
207069,http://www.redlandscc.edu/
207087,http://www.formationsinstitute.edu/
207102,http://www.eliteacademyok.com/
207157,http://www.ru.edu/
207209,http://www.langston.edu/
207236,https://www.mscok.edu/
207254,http://www.spartan.edu/
207263,https://www.nsuok.edu/
207281,http://www.noc.edu/
207290,https://www.neo.edu/
207306,http://www.nwosu.edu/
207315,https://medicine.okstate.edu/
207324,http://www.oc.edu/
207342,http://ouhsc.edu/
207351,https://opsu.edu/
207388,http://www.okstate.edu/
207397,http://osuokc.edu/
207403,https://www.okbu.edu/
207449,http://www.occc.edu/
207458,http://www.okcu.edu/
207500,https://www.ou.edu/
207564,https://osuit.edu/
207582,https://oru.edu/
207661,https://www.rsu.edu/
207670,https://www.rose.edu/
207704,https://jenksbeautycollege.edu/
207722,https://usao.edu/
207740,http://www.sscok.edu/
207786,http://www.southernschoolbeauty.com/
207847,http://www.se.edu/
207856,http://www.swcu.edu/
207865,https://www.swosu.edu/
207935,http://www.tulsacc.edu/
207962,https://www.tws.edu/
207971,https://utulsa.edu/
208035,http://www.wosc.edu/
208044,http://formationsinstitute.edu/
208053,https://www.hptc.edu/
208275,https://www.bluecc.edu/
208318,http://www.cocc.edu/
208390,http://www.chemeketa.edu/
208406,http://www.clackamas.edu/
208415,http://www.clatsopcc.edu/
208433,http://www.collegeofhairdesigncareers.com/
208479,https://www.concorde.edu/campus/portland-oregon
208512,http://sumnercollege.edu/
208637,http://www.eastwestcollege.edu/
208646,http://www.eou.edu/
208725,http://www.newhope.edu/
208822,https://www.georgefox.edu/
208859,http://www.phagans-schools.com/
209038,https://www.lanecc.edu/
209056,http://www.lclark.edu/
209065,https://www.linfield.edu/
209074,https://www.linnbenton.edu/
209083,http://www.nwcollege.edu/
209153,http://www.phagans-schools.com/
209205,http://www.nwcollege.edu/
209241,https://www.mountangelabbey.org/seminary
209250,http://www.mhcc.edu/
209296,https://www.nunm.edu/
209409,http://www.bushnell.edu/
209490,http://www.ohsu.edu/
209506,https://www.oit.edu/
209542,https://oregonstate.edu/
209551,https://www.uoregon.edu/
209603,http://willamette.edu/pnca/index.html
209612,https://www.pacificu.edu/
209667,http://www.phagans-schools.com/
209676,http://www.phagans-schools.com/
209694,http://www.phagans-schools.com/
209700,https://www.phagans.com/
209719,http://www.summitsalonacademyportland.com/
209746,http://www.pcc.edu/
209807,http://www.pdx.edu/
209825,https://www.up.edu/
209922,https://www.reed.edu/
209940,http://www.roguecc.edu/
210146,http://www.sou.edu/
210155,http://www.socc.edu/
210234,https://www.tvcc.cc/
210270,https://www.umpqua.edu/
210304,https://www.warnerpacific.edu/
210331,https://www.corban.edu/
210368,http://www.westernseminary.edu/
210401,http://www.willamette.edu/
210429,https://wou.edu/
210438,https://www.uws.edu/
210492,http://www.brynathyn.edu/
210508,http://www.avaopera.org/
210571,http://www.albright.edu/home/
210599,http://www.allstatecareer.edu/
210605,https://www.ccac.edu/
210669,https://allegheny.edu/
210711,https://www.thebeautyinstituteskp.edu/
210739,http://www.desales.edu/
210748,http://www.altoonabeautyschool.com/
210775,https://www.alvernia.edu/
210784,http://ambler.thebeautyinstituteskp.edu/
210809,https://www.theamericancollege.edu/
211006,http://www.autotraining.edu/
211079,https://www.ccbc.edu/
211088,https://www.arcadia.edu/
211130,http://www.missio.edu/
211273,http://www.brynmawr.edu/
211291,http://www.bucknell.edu/
211307,http://www.bucks.edu/
211316,http://www.bcsbc.edu/
211334,http://beautyacademies.net/
211343,https://www.bc3.edu/
211431,http://www.carlow.edu/
211440,http://www.cmu.edu/
211468,http://www.cedarcrest.edu/
211477,https://www.centralpenn.edu/
211556,http://www.chatham.edu/
211583,http://www.chc.edu/
211608,https://www.cheyney.edu/
211635,https://www.ahn.org/education/citizens-school-nursing
211802,http://www.conemaugh.org/education
211893,http://www.curtis.edu/
211927,http://www.dccc.edu/
211981,http://www.delval.edu/
212009,https://www.dickinson.edu/
212045,http://www.dec.edu/
212054,https://drexel.edu/
212106,http://www.duq.edu/
212115,https://www.esu.edu/
212133,https://www.eastern.edu/about/student-consumer-information
212197,http://www.etown.edu/
212230,http://www.empire.edu/
212267,http://www.empire.edu/
212276,http://www.empire.edu/
212294,http://www.empire.edu/
212300,http://www.empire.edu/
212328,http://www.empire.edu/
212337,http://www.empire.edu/
212355,http://www.empire.edu/
212382,http://www.empire.edu/
212391,http://www.empire.edu/
212434,http://www.erieit.edu/
212577,https://www.fandm.edu/
212601,http://www.gannon.edu/
212656,http://www.geneva.edu/
212674,https://www.gettysburg.edu/
212753,http://www.empire.edu/
212771,https://www.gratz.edu/
212805,http://www.gcc.edu/
212832,https://www.gmercyu.edu/
212869,https://www.harcum.edu/s/1044/edu/start.aspx
212878,https://www.hacc.edu/
212911,https://www.haverford.edu/
212975,http://www.dli.pa.gov/Individuals/Disability-Services/CTI-HGAC/Pages/Home.aspx
212984,https://www.holyfamily.edu/
213011,http://www.immaculata.edu/
213020,http://www.iup.edu/
213163,http://www.upmc.com/healthcare-professionals/education/schools-of-nursing/campuses/jameson
213181,http://www.glit.edu/
213233,http://www.johnson.edu/
213251,http://www.juniata.edu/
213303,https://www.keystone.edu/
213321,http://www.kings.edu/
213330,http://beautyacademies.net/
213349,https://www.kutztown.edu/
213358,http://www.laroche.edu/
213367,http://www.lasalle.edu/
213376,https://www.lackawanna.edu/
213385,https://www.lafayette.edu/
213400,https://www.lbc.edu/
213446,http://www.lancasterseminary.edu/
213455,http://lancasterschoolofcosmetology.com/
213473,http://www.lsb.edu/
213491,http://www.lansdalecosmetology.com/
213507,http://www.lvc.edu/
213525,http://www.lccc.edu/
213534,https://www.berks.edu/
213543,http://www.lehigh.edu/
213570,http://www.lincolntech.edu/campus/allentown-pa
213589,http://www.lincolntech.edu/campus/philadelphia-pa
213598,http://www.lincoln.edu/
213622,https://www.upmc.com/stmargson
213631,https://www.unitedlutheranseminary.edu/
213659,http://www.luzerne.edu/
213668,https://www.lycoming.edu/
213774,http://www.manor.edu/
213826,https://www.marywood.edu/
213914,http://vti.edu/
213932,http://www.roxboroughmemorial.com/
213987,http://www.mercyhurst.edu/
213996,http://www.messiah.edu/
214023,https://aspiracitycollege.edu/
214041,http://www.millersville.edu/
214069,http://www.misericordia.edu/
214111,http://www.mc3.edu/
214148,http://www.moore.edu/
214157,http://www.moravian.edu/
214166,http://www.mtaloy.edu/
214175,http://www.muhlenberg.edu/
214272,https://www.neumann.edu/
214290,https://www.ncstrades.edu/
214379,http://www.northampton.edu/
214476,http://www.heritagevalley.org/
214528,https://www.orleanstech.edu/
214564,https://www.salus.edu/
214582,http://www.pit.edu/
214591,https://behrend.psu.edu/
214607,https://greatvalley.psu.edu/
214625,https://newkensington.psu.edu/
214634,https://shenango.psu.edu/
214643,https://wilkesbarre.psu.edu/
214652,https://scranton.psu.edu/
214670,https://lehighvalley.psu.edu/
214689,https://altoona.psu.edu/
214698,https://beaver.psu.edu/
214704,https://berks.psu.edu/
214713,https://harrisburg.psu.edu/
214731,https://www.brandywine.psu.edu/
214740,https://dubois.psu.edu/
214759,https://fayette.psu.edu/
214768,https://hazleton.psu.edu/
214777,https://www.psu.edu/
214786,https://greaterallegheny.psu.edu/
214795,https://montalto.psu.edu/
214801,https://www.abington.psu.edu/
214810,https://schuylkill.psu.edu/
214829,https://www.york.psu.edu/
214883,https://www.peirce.edu/
214892,http://www.penncommercial.edu/
214944,https://www.penncotech.edu/
214971,https://www.pafa.org/
215008,https://pagunsmith.edu/
215044,http://www.cortiva.edu/
215053,http://pcad.edu/
215062,http://www.upenn.edu/
215114,http://www.cairn.edu/
215123,http://www.pcom.edu/
215239,https://www.ccp.edu/
215266,https://www.upb.pitt.edu/
215275,http://www.greensburg.pitt.edu/
215284,http://www.upj.pitt.edu/
215293,http://www.pitt.edu/
215309,http://www.titusville.pitt.edu/home
215381,http://www.pia.edu/
215390,http://www.pims.edu/
215424,https://www.pts.edu/
215442,http://www.pointpark.edu/
215479,http://www.lvhn.org/education/joseph-f-mccloskey-school-nursing
215530,http://www.tspaaltoona.com/
215585,https://www.racc.edu/
215594,https://reading.towerhealth.org/academics/health-sciences/
215619,http://www.rrc.edu/
215637,https://www.walnuthillcollege.edu/
215655,http://www.rmu.edu/
215682,http://www.rosedaletech.edu/
215691,http://www.rosemont.edu/
215743,http://www.francis.edu/
215770,https://www.sju.edu/
215798,https://www.stvincent.edu/
215813,https://www.saintvincentseminary.edu/
215886,http://www.stcenters.org/
215929,http://www.scranton.edu/
215947,http://www.setonhill.edu/
215974,https://www.upmc.com/shyson
215992,http://www.laurel.edu/
216010,http://www.ship.edu/
216038,https://www.sru.edu/
216047,http://www.scs.edu/
216074,http://www.shnhbeauty.com/
216083,http://www.southhills.edu/
216162,https://www.slhn.org/bethlehem
216223,http://www.thebeautyinstituteskp.edu/
216278,http://www.susqu.edu/
216287,http://www.swarthmore.edu/
216296,http://stevenscollege.edu/
216311,https://www.meterware.com/typ/Talmudical_Yeshiva_of_Philadelphia/?C=N;O=D
216339,http://www.temple.edu/
216348,http://reseminary.edu/
216357,https://www.thiel.edu/
216366,http://www.jefferson.edu/
216436,http://www.triangle-tech.edu/
216445,https://triangle-tech.edu/
216454,https://www.triangle-tech.edu/
216463,http://tas.edu/
216524,http://www.ursinus.edu/
216542,https://www.valleyforge.edu/
216551,https://www.vfmac.edu/
216579,http://www.venusbeautyacademy.com/
216597,http://www.villanova.edu/
216630,https://whs.org/school-of-nursing/
216667,http://www.washjeff.edu/
216694,http://www.waynesburg.edu/
216746,http://www.wtti.edu/
216764,https://www.wcupa.edu/
216773,https://www.ahn.org/health-care-professionals/education/nursing/schools/west-penn-hospital
216807,http://www.westminster.edu/
216816,https://www.wts.edu/
216825,https://westmoreland.edu/
216852,https://www.widener.edu/
216931,https://www.wilkes.edu/
216940,https://www.williamson.edu/
217013,http://www.wilson.edu/
217040,https://yeshivabethmoshe.com/
217059,https://www.ycp.edu/
217077,http://www.yti.edu/
217156,http://www.brown.edu/
217165,https://www.bryant.edu/
217235,https://www.jwu.edu/campuses/providence/
217305,https://www.neit.edu/
217323,http://nettts.com/
217402,https://www.providence.edu/
217420,http://www.ric.edu/
217475,http://www.ccri.edu/
217484,https://web.uri.edu/
217493,https://www.risd.edu/
217518,https://www.rwu.edu/
217536,http://www.salve.edu/
217581,http://www.empire.edu/
217606,http://www.northpoint.edu/
217615,https://www.atc.edu/
217624,https://www.allenuniversity.edu/
217633,https://www.andersonuniversity.edu/
217688,https://www.charlestonsouthern.edu/
217712,http://www.tcl.edu/
217721,http://www.benedict.edu/
217749,http://www.bju.edu/
217776,http://www.swu.edu/
217794,http://www.charlestoncosmetology.com/
217819,https://www.charleston.edu/
217828,https://charzannebeautycollege.com/
217837,http://www.netc.edu/
217864,https://citadel.edu/
217873,http://www.claflin.edu/
217882,http://www.clemson.edu/
217891,http://www.clintoncollege.edu/
217907,https://coker.edu/
217925,http://www.ciu.edu/
217934,http://www.columbiasc.edu/
217961,https://www.converse.edu/
217989,http://www.denmarktech.edu/
217998,http://www.erskine.edu/
218025,https://www.fdtc.edu/
218061,http://www.fmarion.edu/
218070,http://www.furman.edu/
218113,http://www.gvltec.edu/
218140,http://www.hgtc.edu/
218159,http://www.kennethshuler.com/
218195,http://www.kennethshuler.com/
218229,https://www.lander.edu/
218238,http://www.limestone.edu/
218335,https://web.musc.edu/
218353,https://www.midlandstech.edu/
218399,https://www.morris.edu/
218414,http://www.newberry.edu/
218441,https://www.ngu.edu/
218487,http://www.octech.edu/
218520,https://www.ptc.edu/
218539,https://www.presby.edu/
218645,https://www.usca.edu/
218654,http://www.uscb.edu/
218663,http://www.sc.edu/
218672,http://www.sc.edu/about/system_and_campuses/lancaster/index.php
218681,http://sc.edu/about/system_and_campuses/salkehatchie/index.php
218690,http://www.sc.edu/about/system_and_campuses/sumter/index.php
218706,http://www.sc.edu/about/system_and_campuses/union/index.php
218724,https://www.coastal.edu/
218733,https://scsu.edu/
218742,http://www.uscupstate.edu/
218751,https://www.sherman.edu/
218821,https://www.smcsc.edu/
218830,https://www.sccsc.edu/
218858,http://www.cctech.edu/
218885,https://www.tctc.edu/
218894,https://www.tridenttech.edu/
218919,https://www.voorhees.edu/
218955,https://www.wiltech.edu/
218964,http://www.winthrop.edu/
218973,http://www.wofford.edu/
218991,http://www.yorktech.edu/
219000,http://www.augie.edu/
219037,http://www.tsparapidcity.com/
219046,http://www.bhsu.edu/
219082,https://dsu.edu/
219091,http://www.dwu.edu/
219125,http://paulmitchell.edu/rapidcity
219143,http://www.lakeareatech.edu/
219189,https://www.mitchelltech.edu/
219198,http://www.mountmarty.edu/
219204,http://www.national.edu/locations/campuses/rapid-city/
219240,http://www.kairos.edu/
219259,https://northern.edu/
219277,http://www.olc.edu/
219347,https://www.sdsmt.edu/
219356,https://www.sdstate.edu/
219374,http://www.sintegleska.edu/
219383,http://www.usiouxfalls.edu/
219392,http://www.sanfordhealth.org/
219408,https://www.swcollege.edu/
219426,http://www.southeasttech.edu/
219453,http://www.stewartschool.com/
219471,https://www.usd.edu/
219480,https://www.wdt.edu/
219505,http://www.abcnash.edu/
219587,http://arnoldsbeautyschool.com/
219596,http://www.tcatathens.edu/
219602,http://www.apsu.edu/
219639,http://www.baptistu.edu/
219709,https://www.belmont.edu/
219718,http://www.bethelu.edu/
219790,http://www.bryan.edu/
219806,http://www.cn.edu/
219824,https://www.chattanoogastate.edu/
219833,https://www.cbu.edu/
219842,http://www.ptseminary.edu/
219851,http://www.austinbeautycollege.com/
219879,http://www.clevelandstatecc.edu/
219888,https://www.columbiastate.edu/
219903,https://www.concorde.edu/campus/memphis-tennessee
219949,http://www.cumberland.edu/
219976,https://www.lipscomb.edu/
219994,https://www.tcatdickson.edu/
220057,http://www.dscc.edu/
220075,https://www.etsu.edu/
220118,http://www.chattanoogacollege.edu/
220127,http://www.tcatelizabethton.edu/
220163,https://www.thehairacademy.net/
220181,http://www.fisk.edu/
220206,http://www.welch.edu/
220215,http://www.fhu.edu/
220251,http://www.tcatharriman.edu/
220279,http://www.tcathartsville.edu/
220321,http://www.tcathohenwald.edu/
220394,https://www.tcatjacksboro.edu/
220400,http://www.jscc.edu/
220464,http://www.guptoncollege.edu/
220473,http://johnsonu.edu/
220491,http://www.paulmitchelltheschool.com/
220516,https://www.king.edu/
220552,http://www.south.edu/
220598,http://www.lanecollege.edu/
220604,http://www.loc.edu/
220613,http://www.leeuniversity.edu/
220631,http://www.lmunet.edu/
220640,http://www.tcatlivingston.edu/
220701,https://www.utsouthern.edu/
220710,http://www.maryvillecollege.edu/
220756,http://www.tcatmckenzie.edu/
220765,http://www.genesiscareer.edu/
220792,http://www.mmc.edu/
220853,http://www.tcatmemphis.edu/
220862,https://www.memphis.edu/
220871,http://www.memphisseminary.edu/
220978,http://www.mtsu.edu/
220996,http://mtsa.edu/
221050,http://www.tcatmorristown.edu/
221096,http://www.mscc.edu/
221102,http://www.tcatmurfreesboro.edu/
221148,http://www.lincolntech.edu/campus/nashville-tn
221184,https://www.nscc.edu/
221236,https://www.tcatnorthwest.edu/
221281,https://www.tcathenrycarroll.edu/
221333,http://www.tcatpulaski.edu/
221351,http://www.rhodes.edu/
221397,http://www.roanestate.edu/
221430,http://www.tcatcrump.edu/
221485,http://www.southwest.tn.edu/
221494,http://www.tcatshelbyville.edu/
221519,http://www.sewanee.edu/
221582,https://tcatoneida.edu/
221591,http://tcatuppercumberland.edu/
221607,http://tcatmcminnville.edu/
221616,http://www.tcatjackson.edu/
221625,https://www.tcatknoxville.edu/
221643,http://www.pstcc.edu/
221661,http://www.southern.edu/
221670,https://www.sco.edu/
221731,http://www.tnwesleyan.edu/
221740,http://utc.edu/
221759,http://www.utk.edu/
221768,https://www.utm.edu/
221829,http://www.tennesseeschoolofbeauty.edu/
221838,http://www.tnstate.edu/
221847,http://www.tntech.edu/
221892,https://www.trevecca.edu/
221908,https://www.northeaststate.edu/
221953,https://www.tusculum.edu/
221971,http://www.uu.edu/
221999,http://www.vanderbilt.edu/
222053,http://www.volstate.edu/
222062,http://www.ws.edu/
222105,http://www.mooretech.edu/
222178,http://www.acu.edu/
222567,http://www.alvincollege.edu/
222576,https://www.actx.edu/
222628,http://www.amberton.edu/
222822,http://www.angelina.edu/
222831,http://www.angelo.edu/
222877,https://abu.edu/
222886,http://www.arlingtoncareerinstitute.edu/
222983,http://www.austincollege.edu/
222992,http://www.austincc.edu/
223001,https://www.austinseminary.edu/
223056,http://baldwinbeautyschools.com/
223083,http://www.bshp.edu/
223117,http://www.bmats.edu/
223223,http://www.bcm.edu/
223232,http://www.baylor.edu/
223320,http://www.coastalbend.edu/
223427,http://www.blinn.edu/
223463,https://www.remingtoncollege.edu/locations/dallas/
223472,http://www.vti.edu/
223506,http://www.brazosport.edu/
223816,https://www.ctcd.edu/
223852,http://www.charlesandsues.com/
223898,https://www.cisco.edu/
223922,http://www.clarendoncollege.edu/
224004,https://www.concordia.edu/
224013,http://www.bkcosmo.com/
224110,https://www.nctc.edu/
224147,https://www.tamucc.edu/
224156,https://paulmitchell.edu/dallas
224226,https://www.dbu.edu/
224244,http://www.dallas.edu/
224271,https://www.dallasinstitute.edu/
224305,http://www.dts.edu/
224323,https://udallas.edu/
224350,http://www.delmar.edu/
224527,https://www.etbu.edu/
224545,http://www.tamut.edu/
224554,http://www.tamuc.edu/
224615,http://www.dallascollege.edu/pages/default.aspx
224642,http://www.epcc.edu/
224660,http://www.westerntech.edu/
224679,http://www.westerntech.edu/
224712,http://www.ssw.edu/
224758,http://expositoschoolofhair.com/
224828,http://www.fortworthbeautyschoolinc.com/
224891,http://www.fpctx.edu/
224961,https://www.gc.edu/
225043,http://grahamsbarbercollege.com/
225070,http://grayson.edu/
225201,https://www.hallmarkuniversity.edu/
225247,https://www.hsutx.edu/
225308,http://www.tvcc.edu/
225371,https://www.hillcollege.edu/
225399,https://www.hc.edu/
225414,http://www.uhcl.edu/
225423,http://www.hccs.edu/
225432,http://www.uhd.edu/
225502,http://uhv.edu/
225511,http://www.uh.edu/
225520,https://www.howardcollege.edu/
225548,http://www.hputx.edu/
225575,http://www.htu.edu/
225627,http://www.uiw.edu/
225876,http://jacksonvillecollege.edu/
225885,http://www.jarvis.edu/
225991,https://www.kdstudio.com/
226019,https://www.kilgore.edu/
226091,http://www.lamar.edu/
226107,https://www.lsco.edu/
226116,http://www.lamarpa.edu/
226134,https://www.laredo.edu/index.html
226152,http://www.tamiu.edu/
226204,http://www.lee.edu/
226231,http://www.letu.edu/
226277,http://www.lincolntech.edu/campus/grand-prairie-tx
226383,https://lcu.edu/
226408,http://www.com.edu/
226471,https://go.umhb.edu/
226578,http://www.mclennan.edu/
226587,https://mcm.edu/
226675,https://covenanthealth.org/cson
226806,http://www.midland.edu/
226833,http://www.msutexas.edu/
226860,http://williamedgeinstitute.com/
226879,https://www.wadecollege.edu/
226903,http://scitexas.edu/
227058,https://tintcosmetologyschools.com/
227146,http://www.navarrocollege.edu/
227182,http://www.lonestar.edu/
227216,http://www.unt.edu/
227225,http://www.ntcc.edu/
227289,http://www.ost.edu/
227298,http://www.oceancorp.com/
227304,http://www.odessa.edu/
227313,http://ogleschool.edu/
227322,http://www.ogleschool.edu/
227331,https://www.ollusa.edu/
227368,http://www.utrgv.edu/
227377,http://www.tsc.edu/
227386,http://www.panola.edu/
227401,http://www.parisjc.edu/
227429,https://paulquinn.edu/
227526,http://www.pvamu.edu/
227687,https://www.rangercollege.edu/
227748,https://aviationmaintenance.edu/campuses/houston-tx
227757,http://www.rice.edu/
227845,https://www.stedwards.edu/
227854,http://www.alamo.edu/spc/
227863,https://www.stthom.edu/
227881,http://www.shsu.edu/
227924,http://www.alamo.edu/sac
227979,http://www.sanjac.edu/
228042,https://schreiner.edu/
228088,http://seguinbeautyschool.net/
228149,http://www.stmarytx.edu/
228158,http://www.southplainscollege.edu/
228185,http://www.southtexasbarbercollege.net/
228194,http://www.stcl.edu/
228200,https://www.stvt.edu/
228219,https://www.stvt.edu/
228246,https://www.smu.edu/
228282,http://www.sws.edu/
228316,https://www.swtjc.edu/
228325,http://www.nelson.edu/
228343,https://www.southwestern.edu/
228431,https://www.sfasu.edu/
228459,https://www.txst.edu/
228468,http://www.swau.edu/
228486,http://www.swcc.edu/
228501,http://www.sulross.edu/
228529,http://www.tarleton.edu/
228547,http://www.tccd.edu/
228608,http://www.templejc.edu/
228635,http://www.utsouthwestern.edu/
228644,http://www.uthscsa.edu/
228653,https://www.utmb.edu/
228699,https://www.texarkanacollege.edu/
228705,https://www.tamuk.edu/
228723,https://www.tamu.edu/
228769,https://www.uta.edu/
228778,https://www.utexas.edu/
228787,http://www.utdallas.edu/
228796,https://www.utep.edu/
228802,https://www.uttyler.edu/
228866,http://www.txchiro.edu/
228875,https://www.tcu.edu/
228884,http://www.texascollege.edu/
228909,http://www.unthsc.edu/
228981,http://www.tlu.edu/
229018,https://www.utpb.edu/
229027,http://www.utsa.edu/
229063,http://www.tsu.edu/
229115,http://www.ttu.edu/
229160,http://www.txwes.edu/
229179,http://www.twu.edu/
229267,https://new.trinity.edu/
229300,http://www.uth.edu/
229337,https://www.ttuhsc.edu/
229355,http://www.tjc.edu/
229416,http://www.uti.edu/
229425,http://www.ucastx.com/
229504,http://www.vernoncollege.edu/
229522,http://www.victoriabeautyandbarbercollege.com/
229540,http://www.victoriacollege.edu/
229656,https://vogue.edu/
229780,http://www.wbu.edu/
229799,https://www.wc.edu/
229814,https://www.wtamu.edu/
229832,http://www.wtc.edu/
229841,https://www.wcjc.edu/
229887,http://wileyc.edu/
230010,http://www.btech.edu/
230038,https://byu.edu/
230047,http://www.byuh.edu/
230065,http://www.cameocollege.com/
230144,http://www.collectivacademy.com/
230162,https://www.davistech.edu/
230171,http://utahtech.edu/
230199,http://evanshairstylingcollegecedar.com/
230205,http://evanscollege.com/
230214,http://paulmitchell.edu/saltlakecity
230366,http://eaglegatecollege.edu/
230418,http://www.ensign.edu/
230490,http://www.otech.edu/
230597,https://www.snow.edu/
230603,https://www.suu.edu/
230676,http://www.ubtech.edu/
230728,https://www.usu.edu/
230737,http://www.uvu.edu/
230746,http://www.slcc.edu/
230764,http://www.utah.edu/
230782,https://www.weber.edu/
230807,http://www.westminstercollege.edu/
230816,https://www.bennington.edu/
230852,https://www.champlain.edu/
230861,http://www.ccv.edu/
230959,https://www.middlebury.edu/college/
230995,http://www.norwich.edu/
231004,http://www.obriensavedainstitute.org/
231059,http://www.smcvt.edu/
231068,https://www.sit.edu/
231095,http://www.sterlingcollege.edu/
231147,http://www.vermontlaw.edu/
231165,http://vermontstate.edu/
231174,http://www.uvm.edu/
231280,http://paulmitchell.edu/roanoke
231411,http://www.auto.edu/
231420,https://www.averett.edu/
231536,https://www.brcc.edu/
231554,http://www.bluefield.edu/
231581,https://www.bridgewater.edu/
231624,https://www.wm.edu/
231651,https://www.regent.edu/
231688,https://www.npsk12.com/domain/980
231697,http://www.centralvirginia.edu/
231712,https://cnu.edu/
231785,https://www.bryantstratton.edu/
231873,http://www.mgcc.edu/
231882,https://www.danville.edu/
231970,http://www.evms.edu/
232016,https://www.centuracollege.edu/campuses/virginia-beach
232025,http://www.emoryhenry.edu/
232043,https://emu.edu/
232052,http://www.es.vccs.edu/
232089,http://www.ferrum.edu/
232186,https://www.gmu.edu/
232195,http://www.germanna.edu/
232256,http://www.hsc.edu/
232265,http://www.hamptonu.edu/
232308,http://www.hollins.edu/
232414,http://www.reynolds.edu/
232423,http://www.jmu.edu/index.shtml
232450,https://www.brightpoint.edu/
232557,https://www.liberty.edu/
232566,http://www.longwood.edu/
232575,https://www.laurelridge.edu/
232609,http://www.lynchburg.edu/
232618,https://www.centrahealth.com/college
232672,https://www.marybaldwin.edu/
232681,https://www.umw.edu/
232706,https://www.marymount.edu/
232724,https://www.sovahhealth.com/sohp
232788,http://www.mecc.edu/
232797,https://www.an.edu/locations/
232867,http://www.nr.edu/
232885,http://www.sentara.edu/
232919,http://tidewatertechtrades.edu/
232937,http://www.nsu.edu/
232946,https://www.nvcc.edu/
232982,http://www.odu.edu/
233019,http://www.patrickhenry.edu/
233037,http://www.pdc.edu/
233082,https://www.schs.edu/
233116,http://www.pvcc.edu/
233277,https://www.radford.edu/
233286,http://smiha.edu/
233295,https://www.rmc.edu/
233301,http://www.randolphcollege.edu/
233310,http://www.rappahannock.edu/
233329,https://www.fortis.edu/
233338,http://www.rbc.edu/
233356,https://www.bsmcon.edu/
233374,https://www.richmond.edu/
233408,https://www.riversideonline.com/careers/college-of-health-careers
233426,https://www.roanoke.edu/
233480,https://smhsomi.edu/
233541,http://www.su.edu/
233602,http://www.sfwbc.edu/
233611,https://svu.edu/
233639,https://www.southside.edu/
233648,http://sw.edu/
233666,http://hairstylingschool.com/
233684,http://www.strayer.edu/campus-locations/virginia/arlington
233718,http://www.sbc.edu/
233754,https://vpcc.edu/
233772,http://www.tcc.edu/
233842,http://www.upsem.edu/
233897,https://www.uvawise.edu/
233903,http://www.vhcc.edu/
233921,http://www.vt.edu/
233949,https://www.virginiawestern.edu/
234030,https://www.vcu.edu/
234076,https://www.virginia.edu/
234085,http://www.vmi.edu/
234119,http://www.aiofhampton.edu/
234137,http://www.vul.edu/
234155,http://www.vsu.edu/
234164,http://www.vuu.edu/
234173,https://www.vwu.edu/
234207,http://www.wlu.edu/
234377,http://www.wcc.vccs.edu/
234669,https://bellevuecollege.edu/
234696,https://www.btc.edu/
234711,https://www.bigbend.edu/
234827,http://www.cwu.edu/
234845,http://www.centralia.edu/
234915,http://www.cityu.edu/
234924,http://paulmitchell.edu/richland
234933,https://www.clark.edu/
234951,http://www.cptc.edu/
234979,http://www.columbiabasin.edu/
235024,http://www.cornish.edu/
235088,http://www.diversinstitute.edu/
235097,http://www.ewu.edu/
235103,http://www.edmonds.edu/
235149,http://www.everettcc.edu/
235167,https://www.evergreen.edu/
235237,http://www.pierce.ctc.edu/
235316,https://www.gonzaga.edu/
235334,http://www.ghc.edu/
235343,https://www.greenriver.edu/
235352,http://www.evergreenbeauty.edu/
235422,http://www.heritage.edu/
235431,http://www.highline.edu/
235501,http://aha.edu/
235547,http://www.bastyr.edu/
235671,https://www.batestech.edu/
235699,https://www.lwtech.edu/
235750,https://lowercolumbia.edu/
236018,http://5733-bjscollege.wpnet.stylenet.com/
236072,http://www.northseattle.edu/
236133,http://www.northwestu.edu/
236188,http://www.olympic.edu/
236212,http://www.perrytech.edu/
236230,http://www.plu.edu/
236258,http://www.pencol.edu/
236328,https://www.pugetsound.edu/
236382,http://www.rtc.edu/
236452,https://www.stmartin.edu/
236504,http://southseattle.edu/
236513,http://seattlecentral.edu/
236577,https://spu.edu/
236595,http://www.seattleu.edu/
236610,http://www.shoreline.edu/
236638,http://www.skagit.edu/
236656,http://www.spscc.edu/
236692,https://scc.spokane.edu/
236708,https://sfcc.spokane.edu/
236744,http://stylemasters.edu/
236753,https://www.tacomacc.edu/
236887,https://www.wwcc.edu/
236896,https://www.wallawalla.edu/
236939,https://wsu.edu/
236948,https://www.washington.edu/
236975,http://www.wvc.edu/
237011,http://wwu.edu/
237039,http://whatcom.edu/
237057,http://www.whitman.edu/
237066,http://www.whitworth.edu/
237109,https://www.yvcc.edu/
237127,http://appalachianbeautyschool.com/
237136,https://abc.edu/
237145,https://wvumedicine.org/reynolds-memorial/
237172,http://bf.kana.k12.wv.us/
237181,http://www.bethanywv.edu/
237215,https://bluefieldstate.edu/
237242,http://www.cabellschools.com/Domain/12
237303,http://wvcsbc.net/
237312,http://www.ucwv.edu/
237321,http://clarksburgbeautyacademywv.com/
237330,https://www.concord.edu/
237358,http://www.dewv.edu/
237367,https://www.fairmontstate.edu/
237385,http://www.glenville.edu/
237437,http://www.hjc.edu/
237473,http://www.jamesrumsey.com/
237491,http://www.rrw.logancountyschoolswv.com/
237525,https://www.marshall.edu/
237543,https://mercercountyschools.sites.thrillshare.com/o/mctec
237561,https://mtec.mono.k12.wv.us/
237570,http://www.morgantownbeautycollege.edu/
237686,http://www.wvup.edu/
237701,http://www.potomacstatecollege.edu/
237729,http://www.wvact.net/
237783,https://www.salemu.edu/
237792,http://www.shepherd.edu/
237817,https://www.southernwv.edu/
237844,http://fetc.edu/
237880,http://www.wvsom.edu/
237899,http://www.wvstateu.edu/
237905,https://wvumedicine.org/radtech
237932,http://www.westliberty.edu/
237950,http://www.wvutech.edu/
237969,http://www.wvwc.edu/
237987,http://www.wvjc.edu/
237996,http://www.wvjc.edu/
238005,http://www.theinternationalbeautyschool.com/
238014,http://www.wvncc.edu/
238032,http://www.wvu.edu/
238078,http://www.wheeling.edu/
238096,https://www.woodcountyschoolswv.com/o/wctc/page/practical-nursing
238175,http://www.vicibeautyschool.com/
238193,https://www.alverno.edu/
238263,http://madisoncollege.edu/
238324,https://www.bellincollege.edu/
238333,http://www.beloit.edu/
238397,http://www.blackhawk.edu/
238458,https://www.carrollu.edu/
238476,http://www.carthage.edu/
238616,https://www.cuw.edu/
238661,http://www.edgewood.edu/
238722,https://www.fvtc.edu/
238759,https://www.gtc.edu/
238810,http://phdacademy.edu/
238980,http://www.lakeland.edu/
239008,http://gotoltc.edu/
239017,https://www.lawrence.edu/
239071,http://www.mbu.edu/
239080,https://www.marianuniversity.edu/
239105,http://www.marquette.edu/
239169,http://www.mcw.edu/
239220,https://www.mstc.edu/
239248,https://www.matc.edu/
239309,http://www.miad.edu/
239318,http://www.msoe.edu/
239372,http://www.morainepark.edu/
239390,http://www.mtmary.edu/
239424,http://www.nashotah.edu/
239442,https://www.nicoletcollege.edu/
239460,http://www.ntc.edu/
239488,https://www.nwtc.edu/
239512,https://www.northland.edu/
239628,http://www.ripon.edu/
239637,http://www.shsst.edu/
239716,http://www.snc.edu/
239877,http://www.statecollegeofbeauty.com/
239910,https://www.swtc.edu/
240107,https://www.viterbo.edu/
240116,http://www.cvtc.edu/
240125,https://www.wctc.edu/
240170,https://www.westerntc.edu/
240189,http://www.uww.edu/
240198,https://www.northwoodtech.edu/
240213,http://www.wspp.edu/
240268,http://www.uwec.edu/
240277,http://www.uwgb.edu/
240329,http://www.uwlax.edu/
240338,http://www.wlc.edu/
240365,https://www.uwosh.edu/
240374,https://www.uwp.edu/
240392,https://www.herzing.edu/
240417,http://www.uwstout.edu/
240426,https://www.uwsuper.edu/
240444,http://www.wisc.edu/
240453,http://uwm.edu/
240462,https://www.uwplatt.edu/
240471,https://www.uwrf.edu/
240480,https://www.uwsp.edu/
240505,https://www.caspercollege.edu/
240514,https://www.cwc.edu/
240596,https://ewc.wy.edu/
240620,https://www.lccc.wy.edu/
240657,http://www.nwc.edu/
240666,https://www.sheridan.edu/
240693,https://www.westernwyoming.edu/
240709,http://www.cheeksusa.com/
240718,https://www.wyotech.edu/
240727,https://www.uwyo.edu/
240736,http://www.amsamoa.edu/
240745,http://www.guamcc.edu/
240754,https://www.uog.edu/
240790,http://www.marianas.edu/
240879,http://www.ibcbelleza.com/
241146,https://www.amedcopr.com/
241182,https://antillespr.edu/
241191,https://www.uaa.edu/
241216,http://www.atlanticu.edu/
241225,http://ucb.edu.pr/
241304,http://columbiacentral.edu/
241331,https://www.albizu.edu/
241377,http://www.caribbean.edu/
241386,http://www.caribbean.edu/
241395,http://www.pucpr.edu/arecibo
241410,https://www.pucpr.edu/
241517,http://www.cemcollege.edu/cem/
241614,http://utcpr.edu/
241720,http://www.cunisanjuan.edu/
241739,http://uagm.edu/
241766,http://cmpr.edu/
241793,http://ceaprc.edu/
241836,http://www.edpuniversity.edu/
241906,http://www.emmasbeautyacademy.net/
241951,http://www.eap.edu/
242042,http://itec.pr/ITPR-Joomla/
242112,http://www.huertas.edu/
242121,http://www.hccpr.edu/
242130,http://www.icprjc.edu/
242149,http://www.icprjc.edu/
242556,http://www.de.gov/itec-2/
242583,https://instituto-tecnologico-de-puerto-rico-1.jimdosite.com/
242617,http://www.sg.inter.edu/
242626,http://aguadilla.inter.edu/
242635,http://www.arecibo.inter.edu/
242644,http://www.br.inter.edu/
242653,http://metro.inter.edu/
242662,http://www.ponce.inter.edu/
242680,http://www.fajardo.inter.edu/
242699,http://www.guayama.inter.edu/
242705,http://bayamon.inter.edu/
242723,http://www.derecho.inter.edu/
242820,http://www.liceo.edu/
242945,http://www.modern.edu/
242954,http://www.modern.edu/
242972,http://www.nuc.edu/
243081,https://www.psm.edu/
243106,https://www.uprag.edu/
243115,http://www.upra.edu/
243133,http://www.uprb.edu/
243142,http://www.uprc.edu/
243151,http://www.cayey.upr.edu/
243179,http://www.upr.edu/humacao/
243188,http://www.uprutuado.edu/
243197,https://www.uprm.edu/
243203,http://www.rcm.upr.edu/
243212,http://www.uprp.edu/
243221,https://www.uprrp.edu/
243346,http://uagm.edu/
243443,http://www.sagrado.edu/
243498,http://www.se-pr.edu/
243568,https://www.uccaribe.edu/
243577,http://www.pupr.edu/
243586,https://mayaguez.pucpr.edu/
243601,http://uagm.edu/
243638,http://www.comfsm.fm/
243647,http://palau.edu/
243665,http://www.uvi.edu/
243744,http://www.stanford.edu/
243780,https://www.purdue.edu/
243799,http://www.bluehills.org/practical-nursing/overview
243823,http://www.parker.edu/
243832,https://edpuniversity.edu/
243841,http://www.icprjc.edu/
244233,https://www.citycollege.edu/
244279,http://www.meridian.edu/
244437,http://perimeter.gsu.edu/
244446,http://www.gptc.edu/
244613,http://www.eticampus.edu/
245281,http://traxlerschoolofhair.com/
245625,http://www.warren.edu/
245652,http://www.sjc.edu/
245777,http://baismedroshelyon.com/
245838,http://www.antiochla.edu/
245847,http://www.antiochsb.edu/
245865,http://www.antiochne.edu/
245883,http://www.antiochseattle.edu/
245892,http://www.antioch.edu/
245953,https://www.macu.edu/
245962,https://www.miller-motte.edu/
245980,https://www.poncacity-beautycollege.com/
245999,http://www.francistuttle.edu/
246017,http://www.centraltech.edu/
246035,https://carrington.edu/
246071,https://www.ctclc.edu/Domain/138
246354,http://alamo.edu/pac/
246415,http://www.ucastx.com/
246460,http://www.centraltexasbeautycollege.com/
246789,https://www.uts.edu/
246813,http://www.athenstech.edu/
246895,http://www.gatewaycc.edu/about-gateway/central-city-campus
246974,https://carrington.edu/
247010,https://headmasters.edu/
247047,http://www.tspanampa.com/
247065,http://www.beckfield.edu/
247153,http://www.dorsey.edu/
247162,http://www.etseminary.edu/
247409,https://rosseducation.edu/
247603,http://www.sussex.edu/
247649,http://www.landmark.edu/
247773,https://www.yeshivagedolahgreaterdetroit.com/
247834,https://www.collin.edu/
247940,https://owensboro.kctcs.edu/
248192,http://www.allurebeautycollege.com/
248527,https://cloydsbeautyschools.edu/
248606,https://www.mntc.edu/
248624,http://www.fayettecti.org/
248633,http://www.franklincountylpn.org/
248660,http://knoxville.paulmitchell.edu/
248703,http://www.ogleschool.edu/
248925,http://www.tcatnashville.edu/
248934,http://www.ecpi.edu/
249061,http://www.msroberts-academy.com/
249238,http://paulmitchell.edu/houston
249609,http://www.fortis.edu/
250027,http://laurel.edu/
250285,https://aviationmaintenance.edu/campuses/philadelphia-pa
250744,http://www.dorsey.edu/
250902,http://molerhollywood.com/
250993,https://www.rrtc.edu/
251260,http://www.suscc.edu/
251312,http://www.southuniversity.edu/columbia
260336,http://clintoncardinals.org/
260363,http://www.greenectc.org/
260372,http://www.lco.edu/
260664,http://www.dda.edu/
260691,https://pmi.edu/
260789,http://www.plattcollege.edu/
260813,http://www.plattcolorado.edu/
260929,http://paulmitchell.edu/boise
260965,http://www.educatorsofbeauty.com/
261436,http://www.douglasj.edu/
261676,https://rosseducation.edu/
261685,https://rosseducation.edu/
261719,http://www.dorsey.edu/dsbt/taylor-campus/
261773,http://pltc.edu/
262031,http://www.stchas.edu/
262086,https://www.umassglobal.edu/
262129,http://www.ncf.edu/
262165,https://montanabiblecollege.edu/
262341,http://www.cras.edu/
262369,http://www.adrians.edu/
262457,http://www.sjvc.edu/
262466,https://rolf.org/
362700,http://www.beaveda.com/
363013,https://rosseducation.edu/
363147,http://raphaelsbeautyschool.edu/
363165,https://www.metrotech.edu/
363633,http://www.luna.edu/
363679,http://grabberschool.edu/
363712,http://www.lecfl.com/
363882,http://www.raphaelsbeautyschool.edu/
363907,http://www.caribbean.edu/
363916,http://www.caribbean.edu/
363934,https://www.uat.edu/
364016,https://www.paradisevalley.edu/
364025,http://www.cgc.maricopa.edu/
364548,http://www.greatplains.edu/
364575,http://www.rjtcwv.com/
364627,http://pioneertech.edu/
364636,http://www.plcc.edu/
364760,http://www.bellmar.edu/
364946,http://cktc.edu/
364964,https://www.citiboces.org/domain/14
365091,http://issnmtschool.com/
365125,https://pic.edu/
365198,https://www.sotech.edu/
365213,http://autrytech.edu/
365240,http://www.greeneccc.com/
365374,http://www.cvtech.edu/
365383,https://www.wbpracnsg.com/
365480,https://www.meridiantech.edu/
365505,http://www.waynesville.k12.mo.us/o/wcc
365693,https://www.hairschoolomaha.com/
365763,http://www.mcvts.org/
365824,https://rosseducation.edu/
365833,https://rosseducation.edu/
366003,https://www.sfbc.edu/
366155,https://cloydsbarberschool.edu/
366191,http://www.uti.edu/
366252,https://www.pct.edu/
366261,https://www.commonwealth.edu/
366270,http://www.deltacollege.com/
366340,http://www.stonechild.edu/
366368,http://nyaa.edu/
366395,https://www.sunysuffolk.edu/
366401,http://www.laspositascollege.edu/
366465,http://www.ogeecheetech.edu/
366535,https://www.remingtoncollege.edu/locations/mobile/
366553,http://www.southerntech.edu/
366571,https://www.mercycare.org/employment/students/school-of-radiologic-technology/
366623,https://nwtech.edu/
366711,http://www.csusm.edu/
367088,http://www.tricociuniversity.edu/
367103,http://www.ict.edu/
367112,https://www.mccann.edu/
367158,https://rosseducation.edu/
367361,http://www.ict.edu/campuses/tx/southwest-houston/
367431,http://beautyacademies.net/
367459,http://www.nwacc.edu/
367875,http://www.hillsboroughschools.org/Brewster
367884,https://www.hodges.edu/
367954,http://www.usa.edu/
367972,https://caccspringfield.org/
367981,http://hairpros.edu/
368230,http://www.empire.edu/
368364,http://www.swtech.edu/
368407,http://www.wactc.net/
368452,https://www.nossi.edu/
368629,https://pmi.edu/
368647,http://www.boe.mine.k12.wv.us/o/mctc
368771,http://hypnosis.edu/
368832,http://www.thanhlecollege.org/
368911,http://www.southeasterntech.edu/
369002,http://www.mslaw.edu/
369400,http://www.uti.edu/
369419,http://www.hillsboroughschools.org/erwin
369446,http://www.roselschool.org/
369455,http://www.worsham.edu/
369516,http://www.bryanu.edu/
369659,http://ocom.edu/
369668,http://www.cpi.edu/
369686,http://nwec.edu/
369783,http://www.pcihealth.edu/
369950,https://www.hamrickschool.edu/
371052,https://www.fortis.edu/
371690,http://www.das.edu/
371830,http://www.cruinstitute.com/
371928,https://www.mtschool.edu/
371964,http://nce.edu/
372028,http://www.nw.edu/
372073,https://www.fremont.edu/
372082,https://ace.pusd.org/
372240,http://www.universalcollegeofbeauty.com/
372329,http://www.ibmc.edu/
372356,http://avalon.edu/aurora-co/
372462,http://academyofcosmetology.edu/
372921,https://fortis.edu/
373085,https://rosseducation.edu/
373216,http://www.pivotpoint.edu/
373456,http://blalockbeauty.com/
373526,http://www.dda.edu/
373678,http://www.newenglandhairacademy.com/
373696,http://www.rob-roy.com/
373711,http://www.uctpracticalnursing.com/
373784,https://www.allstatecareer.edu/
374024,http://www.alfredadler.edu/
374316,http://mississippibarberacademy.com/
374343,http://www.kcsschoolofhair.com/
374574,http://www.lincolntech.edu/campus/moorestown-nj
374592,http://www.mcvsd.org/
375230,http://spinka58st.com/
375373,https://www.knoxtechnicalcenter.com/
375407,http://www.madisonadultcc.org/
375416,https://www.remingtoncollege.edu/locations/cleveland/
375568,http://www.bccareer.org/
375656,https://www.cttc.edu/
375683,http://www.gctech.edu/
375726,http://www.ktc.edu/
375939,http://www.yti.edu/
375966,http://www.eastech.org/
375984,http://www.empire.edu/
376224,https://www.cemcollege.edu/cem/
376242,http://www.cmtarroyo.com/
376288,http://www.mitpr.edu/
376330,http://www.liceocaguas.com/
376385,http://www.unitecpr.edu/
376446,http://www.hairchamps.com/
376631,http://www.misterwaynes.com/
376677,https://queencitycollege.com/
376695,https://www.cmi.edu/
377111,https://www.remingtoncollege.edu/locations/fort-worth/
377193,http://www.ucastx.com/
377218,http://samtech.edu/
377272,https://www.nuvani.edu/
377281,https://www.nuvani.edu/
377315,http://www.texascollegecosmetology.com/
377449,https://www.centuracollege.edu/campuses/newport-news
377458,https://www.centuracollege.edu/campuses/norfolk
377485,http://techcenter.vbschools.com/school/programs-of-study/licensed-practical-nursing
377546,https://ncad.edu/
377555,https://www.uwb.edu/
377564,https://www.tacoma.uw.edu/
377643,https://huntingtonschoolofbeauty.com/
377652,http://www.valley.edu/
377661,http://www.valley.edu/
377722,https://bellusacademy.edu/
377759,http://www.capstonecollege.edu/
378105,https://www.centralcoastcollege.edu/
378576,http://www.pacificcollege.edu/
378886,https://www.artistic.edu/
378956,http://www.naa.edu/
379621,https://www.moboces.org/
379746,http://www.chcp.edu/
379782,http://www.paralegal.edu/
380067,http://houstontrainingschools.net/
380359,http://bmcc.edu/
380368,http://www.fdltcc.edu/
380377,http://www.nwic.edu/
380438,http://www.provocollege.edu/
381255,https://cetweb.edu/
381282,https://cetweb.edu/
381325,https://www.cetweb.edu/
381352,http://www.ccmu.edu/
381370,http://michigancollegeofbeautytroy.com/
381404,http://www.ogleschool.edu/
381459,http://www.ps.edu/
381486,http://www.faustinstitute.com/
381699,http://cheeksusa.com/
381732,http://www.csha.net/
382258,https://mdae.mdusd.org/
382416,https://www.gltech.org/
382461,http://www.academyofhair.com/
382780,http://www.genesiscareer.edu/
382911,https://howardcollege.edu/swcd/
382957,https://www.fortis.edu/
383020,http://www.acupuncture.edu/
383084,http://www.hlpae.com/
383163,http://www.labellebeauty.net/
383190,http://www.hawaii.hawaii.edu/
383279,http://www.robertfiance.edu/
383297,http://www.libs.edu/
383312,http://www.buckeyecareercenter.org/
383330,http://www.sanduskycareercenter.org/
383367,http://www.gactc.edu/
383464,http://www.centraltexasbeautycollege.com/
383525,http://www.e2ccb.org/
383765,http://www.empire.edu/
383996,http://www.ruidoso.enmu.edu/
384236,https://www.uei.edu/
384245,https://www.uei.edu/
384254,https://www.beaconcollege.edu/
384306,https://www.aimc.edu/
384333,http://www.estrellamountain.edu/
384342,https://www.heartland.edu/
384412,http://www.potomac.edu/
384421,https://rabbijacobjoseph.com/
385132,http://www.tspamelbourne.com/
385415,http://www.einsteinmed.edu/
385503,https://www.fortis.edu/
385619,https://www.evergladesuniversity.edu/
386153,http://seminarlmorosbaisyaakov.com/
386472,https://www.herzing.edu/
387925,http://www.cortiva.edu/
388520,https://cbshouston.edu/
389745,https://ymhbh.com/
389860,https://adulted.mideastctc.org/
390905,https://www.polaris.edu/
391005,http://www.pandascholars.com/
391759,http://www.sharpsacademyofhairstyling.com/
392257,http://www.chcp.edu/
392354,http://www.nybg.org/edu/soph/
392415,https://www.fortis.edu/
393649,https://www.uei.edu/
393861,http://www.aabeautycollege.com/
395362,http://www.cmccd.edu/
395690,http://www.dvcla.edu/
397942,https://www.uei.edu/
399212,http://www.sccollege.edu/SitePages/Home.aspx
399869,https://www.scitech.edu/
399911,http://www.soka.edu/
400080,https://www.summitcollege.edu/
400187,http://www.advancebeautycollege.com/
400558,http://www.lapacific.edu/
401223,http://www.wmu.edu/
401250,http://yosan.edu/
401764,https://www.johnamicoschoolofhairdesign.com/
402563,http://www.deltacollege.com/
402800,http://tristatecosmetology.com/
403469,https://www.iecc.edu/fcc
403478,https://www.iecc.edu/ltc
403487,https://www.iecc.edu/wvc
404055,http://www.brooklinecollege.edu/
404222,http://www.optonet.inter.edu/
404338,http://www.schiller.edu/
404426,https://www.coconino.edu/
404684,https://www.ebajuanadiaz.com/
404718,http://www.brillarebeautyinstitute.edu/
404912,https://pmi.edu/
405012,https://salonschools.ohiostate.edu/
405058,https://yeshivasnovominsk.com/
405076,http://scitexas.edu/
405854,https://ohr-sy.com/
405872,https://www.carrollcc.edu/
406024,http://www.galencollege.edu/tampabay
406033,http://www.galencollege.edu/sanantonio/
406149,https://www.sarasotaschoolofmassagetherapy.edu/
406325,https://www.gstboces.org/page/adult-education
406361,http://www.dcmoboces.com/
406422,http://www.csiu.org/lpn
406486,http://myotherapycollege.com/
407090,http://www.gskinbeautyinstitute.edu/
407142,http://cosmetlafayettela.com/
407151,http://www.stageoneinc.com/
407179,http://www.empire.edu/
407355,http://www.xenonacademy.net/
407434,http://www.theorloschool.com/
407461,https://www.eastlandfairfield.com/
407470,http://www.empire.edu/
407489,https://mahoningctc.com/adult
407498,https://www.mwood.cc/workforce-development/
407513,http://www.pickawayross.com/
407522,https://www.pctc.k12.oh.us/
407568,http://www.raphaelsbeautyschool.edu/
407577,http://www.sciototech.org/
407610,http://pacificbible.edu/
407629,http://lecom.edu/
407683,http://www.ucastx.com/
407708,https://paulmitchell.edu/federalway
407735,http://www.empire.edu/
407832,http://www.mywccc.org/
408066,http://paulmitchell.edu/wichita
408163,http://pinnacleinstitute.edu/
408385,http://scitexas.edu/
408844,http://www.fnu.edu/
408862,http://gic.edu/
409032,http://nouvelleinstitute.com/
409120,http://www.franklintechnologycenter.com/
409193,http://www.ptipr.edu/
409254,https://www.erikson.edu/
409315,https://www.southtexascollege.edu/
409537,http://www.pikectc.org/
409591,https://www.lcjvs.com/AboutACC
409616,http://law.rwu.edu/
409698,https://csumb.edu/
410797,http://www.beonair.com/
410964,http://electrologyinstitute.com/
411684,http://www.mariancollege.edu/
411754,http://www.clevelandclinic.org/sodi
412173,http://www.anho.edu/
412535,https://www.shawsheenpracticalnursing.com/
412544,http://www.shearegoschool.com/
412599,https://www.remingtoncollege.edu/locations/memphis/
413176,http://fit.faye.tec.wv.us/
413413,http://www.capella.edu/
413617,https://www.menominee.edu/
413626,http://www.lltc.edu/
413680,http://www.spartan.edu/
413820,http://www.yukonbeautycollege.com/
413893,https://www.uei.edu/
414063,http://www.artisticacademy.com/
414124,http://www.mtti.edu/
414461,https://www.mechtech.edu/
414489,http://baldwinbeautyschools.com/
414540,http://jeanmadeline.edu/
414595,http://www.pacificcollege.edu/
414869,http://www.tricociuniversity.edu/
414878,http://trine.edu/online/index.aspx
414911,http://www.pennhighlands.edu/
414939,http://www.nevadacareerinstitute.com/
414966,https://www.ptstulsa.edu/
415039,http://www.empire.edu/
415057,http://imti.edu/
415987,http://www.allenschool.edu/
416458,http://www.premierecollege.edu/
416801,http://www.mdanderson.org/
417008,https://paulmitchell.edu/huntsville
417062,http://www.estescosmetology.com/
417105,https://bpace.bpusd.net/
417123,http://www.adultedventura.edu/
417327,https://www.citycollege.edu/
417442,http://www.gotoccsi.org/
417503,http://www.cravebeautyacademy.com/
417600,http://hastingsbeautyschool.com/
417628,https://www.kirksville.k12.mo.us/o/katc
417637,https://www.zizzers.org/
417646,https://www.marshallschools.com/o/career-center
417655,https://wacc.warrensburgr6.org/
417682,http://casscareercenter.com/
417716,http://www.appliedtech.edu/
417725,http://centralandsalemcolleges.com/
417734,http://www.sehcollege.edu/
417752,http://www.messengercollege.edu/
417831,https://aps.ucvts.org/
417840,http://prismcareerinstitute.edu/
417868,http://www.cves.org/
417886,http://www.boces.com/
417910,http://www.veebpnprogram.org/
417983,http://www.caboces.org/
417992,http://www.ouboces.org/
418001,https://www.wflboces.org/
418010,http://www.btboces.org/
418029,http://www.wswheboces.org/apps/pages/PracticalNursing
418038,https://www.capitalregionboces.org/adult-education/classes-programs/
418065,https://adulteducation.esboces.org/programs-services/eastern-suffolk-school-of-practical-nursing/nursing
418083,http://www.rocklandboces.org/
418126,http://www.nycollege.edu/
418171,http://charlesstuartschool.com/
418199,https://www.pentacareercenter.org/
418205,http://c-tec.edu/o/ctec/page/ps
418223,http://ncioh.edu/
418250,https://www.thecareercenter.net/
418269,http://www.beonair.com/
418278,http://www.vantagecareercenter.com/
418296,http://www.ictech.edu/
418302,https://www.westtech.edu/
418320,http://www.matech.edu/
418348,http://www.eoctech.edu/
418357,http://www.wwtech.org/
418409,http://www.educationthatpays.com/
418427,http://www.chestercountynursing.org/
418445,http://www.jefftech.us/
418454,http://www.gjctc.org/
418481,http://www.academynursing.com/
418515,http://www.lenapepnp.net/
418524,http://www.vtc1.org/
418533,http://www.lancasterctc.edu/
418560,http://www.ictc.edu/
418588,https://www.ntccschool.org/
418612,http://www.hasdk12.org/
418658,https://www.allstatecareer.edu/
418773,http://dmartpr.net/
418782,http://www.automeca.com/
418889,https://www.nci.edu/
418913,http://www.pipoacademy.com/
418968,http://tintcosmetologyschools.com/
419031,http://unitedtechnicalcenterwv.com/
419095,http://www.mccanntech.org/
419183,http://ccsce.org/
419217,http://www.hcafloridahealthcare.com/
419226,http://www.mariontc.edu/
419235,http://rivertownschoolofbeauty.com/
419244,http://aimm.edu/
419253,http://beonair.com/locations/ohare-il-campus
419280,http://newdimensionsschoolofhairdesign.com/
419341,https://www.culinaryarts.edu/
419420,http://www.pctc.edu/
419484,https://crawfordctc.org/programs/practical-nursing
419633,http://www.texascollegecosmetology.com/
419703,http://www.automeca.com/
419712,http://www.automeca.com/
419721,http://www.automeca.com/
420024,https://www.centuracollege.edu/campuses/chesapeake
420042,https://www.phoenix.edu/
420130,http://prismcareerinstitute.edu/
420246,http://www.sonoran.edu/
420255,http://www.escueladeperitospr.com/
420325,https://yeshivadmonsey.com/
420343,http://www.lincolntech.edu/campus/mahwah-nj
420370,http://www.careertechnical.edu/
420398,http://alamo.edu/nvc/
420431,http://www.oftc.edu/
420440,https://www.yccc.edu/
420468,http://www.wilsontech.org/
420538,http://www.asumh.edu/
420556,https://www.cgcc.edu/
420705,https://www.bgu.edu/
420723,http://tillamookbaycc.edu/
420981,http://www.manhattanschool.edu/
421513,https://rosseducation.edu/
421610,http://paulmitchell.edu/stgeorge
421665,http://instituteofcos.com/
421708,http://www.arizonacollege.edu/
421717,https://www.vscc.k12.oh.us/adult-ed/
421771,https://www.academyofbeautyprofessionals.com/
421841,http://www.nycda.edu/
421878,http://www.eicollege.edu/
421896,http://www.serrant.edu/
422020,http://www.sjvc.edu/
422695,https://www.pacific-college.edu/
422835,http://www.ach.edu/
423120,http://compumed.edu/
423397,https://www.adtecpr.com/
423412,http://midcitiesbarbercollege.edu/
423643,https://www.midwestern.edu/
423652,http://www.oregoncoastcc.org/
425250,http://www.gwinnettcollege.edu/
425986,http://www.mildred-elley.edu/
426314,http://worldwide.erau.edu/
427308,http://www.mbs-career.org/
427335,http://www.liaschorrinstitute.com/
427894,https://cetweb.edu/
427973,https://aviationmaintenance.edu/campuses/norfolk-va
427991,http://osceolaschools.net/otech
428000,http://miamiadschool.com/
428019,http://gctcok.edu/
428055,http://www.novacollegepr.com/
428125,https://johnwesleybarberbeauty365.com/
428170,http://www.sec.edu/
428259,http://www.ottawa.edu/
428392,https://www.klamathcc.edu/
429085,http://www.acaom.edu/
429094,https://aoma.edu/
429128,https://www.urbancollege.edu/
430184,http://www.strayer.edu/campus-locations/maryland/prince-georges
430227,http://www.empire.edu/
430245,http://scitexas.edu/
430306,http://www.caycereilly.edu/
430403,http://prismcareerinstitute.edu/
430564,http://www.studiojewelersltd.com/
430582,http://www.praxis.edu/
430670,http://www.sanjuanbautista.edu/
430704,https://thsu.edu/
430795,http://www.carvercareercenter.edu/
430883,http://www.cayboces.org/
430908,http://ccctc.edu/
430935,https://www.ccatpuertorico.com/
430971,http://www.dciu.org/lpn
431017,http://www.middeltech.com/
431071,http://nyinstituteofmassage.com/
431105,https://www.dcboces.org/cti/lpn
431123,https://www.etepr.edu/
431141,http://www.iot.edu/
431196,http://www.gvboces.org/
431266,http://cte.henricoschools.us/o/hwcd/page/practical-nursing
431275,https://www.herkimer-boces.org/page/adult-practical-nursing
431284,http://www.ibc3.edu/
431558,http://capecoraltech.edu/
431600,https://www.upmc.com/mercyson
431716,http://www.ocvts.org/
431983,https://yeshivatelshealumni.com/
432117,http://www.kennethshuler.com/
432269,https://cetweb.edu/
432348,http://www.asl.edu/
432384,http://www.plattcollege.edu/
433004,https://www.auhs.edu/
433013,http://www.cnicollege.edu/
433040,http://www.montytech.net/
433068,http://www.otcollege.net/
433101,http://www.lincolntech.edu/campus/lincoln-ri
433138,http://www.wayne-jvs.k12.oh.us/
433174,http://www.carolinascollege.edu/
433387,http://www.wgu.edu/
433420,http://www.calaero.edu/
433536,https://www.herzing.edu/
433660,http://www.fgcu.edu/
434016,https://www.littlepriest.edu/
434061,https://www.solacc.edu/
434140,https://pmi.edu/
434159,http://www.lincolntech.edu/campus/marietta-ga
434274,http://www.lufkinhairdesign.com/
434283,https://pathwayvocational.com/
434308,http://www.cortiva.edu/
434344,https://collectivacademy.com/
434362,http://www.inwhvac.org/
434432,http://www.myotherapy.edu/
434441,https://www.fcim.edu/
434469,http://www.npti.edu/
434496,http://www.strandcollege.com/
434584,http://www.ilisagvik.edu/
434672,http://www.ccbcmd.edu/
434751,http://www.wetcc.edu/
434821,http://www.bluecliffcollege.edu/
434830,http://www.creativeimages.edu/
434900,http://dewey.edu/
434937,http://ycnc.org/
435000,https://www.lsuhs.edu/
436030,http://hairacademy2.com/
436304,http://www.rpcc.edu/
436429,http://www.lafilm.edu/
436553,http://www.centurycollege.edu/
436599,http://www.fmc.edu/
436614,https://www.ibcs.edu/
436632,http://www.gwinnettcollege.edu/
436650,http://www.mtcbr.com/
436818,https://waterbury.uconn.edu/
436827,https://averypoint.uconn.edu/
436836,https://stamford.uconn.edu/
437097,https://www.umtweb.edu/
437103,http://www.mybrcc.edu/
437237,http://www.iyrs.edu/
437556,http://www.midwesttech.edu/
437608,http://abcrgv.com/
437635,http://www.chcp.edu/
437723,http://www.newcommunity.org/
437732,https://www.thechicagoschool.edu/in-the-community/locations/
437750,http://www.golfcollege.edu/
437769,http://chestercareercollege.edu/
437778,http://www.milaninstitute.edu/
437857,http://www.rudaes.edu/
437936,https://carrington.edu/
438179,http://www.brooklinecollege.edu/
438221,https://www.berks.edu/
438258,https://carrington.edu/
438285,http://www.cortiva.edu/
438337,http://www.modern.edu/
438504,http://www.uti.edu/
438586,http://www.aiuniv.edu/online-campus/campus-locations/atlanta
438674,http://www.academyofhair.com/
438708,http://www.easternwv.edu/
438735,https://aviationmaintenance.edu/campuses/indianapolis-in
438984,https://www.ivaempr.com/
439020,http://www.acupuncture.edu/
439118,https://carrington.edu/
439190,http://www.cascadia.edu/
439367,http://www.cbd.edu/
439394,http://www.ewcollege.edu/
439446,http://www.atom.edu/
439455,http://www.atsinstitute.edu/
439473,http://www.bennettcareerinstitute.org/
439491,http://bluecliffcollege.edu/
439570,http://www.communitycarecollege.edu/
439622,http://e1b.org/WFD
439668,http://www.hdstruckdrivinginstitute.com/
439701,https://www.tku.edu/
439738,http://www.fortis.edu/
439747,http://www.mylebeautycollegeinc.com/
439774,http://www.massagebeautyschool.com/
439783,http://www.nyctcm.edu/
439792,https://fortis.edu/
439817,http://www.nes.edu/
439844,http://www.omegainstitutes.com/
439862,http://www.piu.edu/
439871,http://www.pci-ed.com/
439899,http://www.rosedale.edu/
439914,http://www.sieam.edu/
439932,http://www.shawneebeautycollege.com/
439969,http://www.amcollege.edu/
440004,http://www.uvei.edu/
440031,http://www.kgi.edu/
440059,https://aviationmaintenance.edu/campuses/atlanta-ga/
440101,http://www.empire.edu/
440262,http://www.nyadi.edu/
440271,http://www.remingtoncollege.edu/baton-rouge-career-college
440396,http://nsa.edu/
440402,https://www.asun.edu/
440651,http://www.atenasuniversity.edu/
440730,http://ocmboces.org/
440776,http://www.ict.edu/campuses/tx/pasadena/
440794,http://www.pillar.edu/
440819,http://miamiadschool.com/locations/san-francisco/
440828,https://osucascades.edu/
440855,http://www.milaninstitute.edu/
440916,http://www.sulc.edu/
440989,http://www.txbarber.edu/
441025,https://miller-motte.edu/
441052,https://americancareercollege.edu/
441070,http://www.sagchip.edu/
441104,http://www.richmont.edu/
441131,http://theseattleschool.edu/
441210,http://www.evit.edu/
441229,https://smithchason.edu/
441256,http://www.designsschool.edu/
441371,https://www.ultimatemedical.edu/
441380,http://www.floridabarberacademy.edu/
441414,http://www.tecmiami.com/
441423,http://www.fei.edu/
441487,http://www.texascountytech.edu/
441496,https://aviationmaintenance.edu/campuses/kansas-city-mo
441502,http://bluecliffcollege.edu/
441575,http://www.gettraining.org/
441593,https://www.onboces.org/
441609,http://www.yst.edu/
441618,http://www.leonstudioone.com/school/
441636,http://www.aiam.edu/
441645,http://www.brownaveda.com/
441663,http://www.iot.edu/
441672,http://www.scctc-school.org/
441690,http://mizpa.edu/
441706,https://www.caribbeanforensic.com/
441742,https://www.concorde.edu/campus/grand-prairie-texas
441760,https://www.lit.edu/
441788,https://aviationmaintenance.edu/campuses/dallas-tx
441830,https://www.healingmountain.edu/
441858,http://www.evcc.edu/
441876,https://paulmitchell.edu/virginiabeach
441900,https://nevadastate.edu/
441937,http://www.csuci.edu/
441982,http://www.olin.edu/
442064,http://www.woninstitute.edu/
442073,http://www.lincolntech.edu/campus/paramus-nj
442134,https://pmi.edu/
442240,http://paulmitchell.edu/costamesa
442295,https://www.avemarialaw.edu/
442329,https://www.tws.edu/
442356,https://www.sju.edu/lancaster
442383,http://www.wvjc.edu/
442426,http://www.slchc.edu/
442435,http://www.ict.edu/
442444,http://sjvc.edu/
442523,http://www.alaskacc.edu/
442569,https://www.uagrantham.edu/
442602,https://carrington.edu/
442611,http://www.uti.edu/
442639,http://www.potomac.edu/
442657,http://www.milaninstitute.edu/
442781,http://www.tocc.edu/
442806,http://www.vcom.edu/
442842,http://www.pacificcollege.edu/
442879,http://swiha.edu/
442888,https://www.intercoast.edu/
442976,http://www.brightoncenter.com/
442985,http://www.chac.edu/
443021,http://www.dallasbarberandstylistcollege.com/
443030,http://www.northshore.org/academics/other-programs/school-of-nurse-anesthesia/
443049,https://www.faithiu.edu/
443058,http://www.familyoffaith.edu/
443076,http://www.hoodseminary.edu/
443100,https://www.ceticollege.com/
443137,http://irenes.edu/
443146,http://jaystechnicalinstitute.edu/
443207,http://ntmamcc.org/
443216,http://www.pcage.edu/
443225,http://www.pcage.edu/
443234,http://www.hi.edu/
443252,http://www.sf-institute.com/
443261,http://www.sec.edu/
443289,https://www.tigihairdressingacademy.com/
443298,http://trendbarbercollege.org/
443322,http://vgi.edu/
443331,http://westcoastuniversity.edu/
443340,http://www.williamsoncc.edu/
443377,https://www.triangle-tech.edu/
443410,https://www.digipen.edu/
443492,https://www.pierpont.edu/
443562,http://dewey.edu/
443571,https://www.intercoast.edu/
443599,http://www.achs.edu/
443632,http://beonair.com/
443641,http://paulmitchell.edu/rhodeisland
443650,https://www.miller-motte.edu/
443669,http://www.milaninstitute.edu/
443696,http://www.ict.edu/campuses/tx/north-houston/
443702,http://www.bexleyseabury.edu/
443766,http://www.strayer.edu/campus-locations/tennessee/thousand-oaks
443784,https://www.strayer.edu/campus-locations/pennsylvania/lower-bucks-county
443951,http://www.charliesacademy.edu/
443979,http://www.pci-academy.com/
444051,http://www.creativeimages.edu/
444088,https://www.brooklinecollege.edu/
444103,http://www.bcs.edu/
444130,http://www.nu.edu/
444194,http://www.bccpr.org/
444219,https://www.flc.losrios.edu/
444228,http://www.legrandinstitute.com/
444264,http://www.cti.edu/
444282,http://www.empire.edu/
444291,http://www.empire.edu/
444307,http://www.empire.edu/
444325,http://www.ati.edu/
444334,http://www.asicollege.edu/
444361,https://atacollege.edu/
444370,http://www.aati.edu/
444398,http://www.bua.edu/
444404,http://thebeautyinstitute.edu/
444413,http://www.heichaldovid.org/
444440,http://www.blue.edu/
444468,http://www.ltc.edu/
444486,http://paulmitchell.edu/charlotte
444510,http://www.cescollege.edu/
444529,http://modesto.stellarcollege.edu/
444556,http://www.escoffier.edu/
444565,http://www.culinaryinstitute.edu/
444583,http://www.escuelahotelera.edu/
444635,http://www.oi.edu/
444662,http://moorecareercollege.edu/
444671,http://industrialtechnicalcollege.com/
444699,http://www.orientalmedicine.edu/
444714,http://www.gwinnettcollege.edu/
444732,http://www.lestoncollege.com/
444778,http://www.charlottechristian.edu/
444787,http://www.nightingale.edu/
444811,http://pitc.edu/index.html
444857,http://www.skinworks.edu/
444866,http://www.sec.edu/
444936,http://turningpointbeauty.com/
444945,http://www.unitechta.edu/
444954,http://www.mctc.edu/
445027,https://www.aius.education/
445054,http://www.ttic.edu/
445133,http://www.aiuniv.edu/online-campus/campus-locations/houston
445188,http://ucmerced.edu/
445203,https://www.remingtoncollege.edu/locations/houston/greenspoint/
445212,http://paulmitchell.edu/orlando
445230,https://pmi.edu/
445249,https://www.remingtoncollege.edu/locations/nashville/
445267,http://www.centralmethodist.edu/
445364,http://www.north-westcollege.edu/
445498,http://www.ctegpr.com/
445540,http://www.arthursbeautycollege.com/
445647,http://www.spatech.edu/
445656,http://www.spatech.edu/
445692,https://www.neumont.edu/
445708,https://www.jwu.edu/campuses/charlotte/
445735,http://www.roseman.edu/
445744,https://www.fortis.edu/
445762,https://aviationmaintenance.edu/campuses/nova
445780,http://cosmetologyschoolof-art.com/
445799,http://www.uti.edu/
445841,http://www.kennethshuler.com/
445850,http://www.kennethshuler.com/
445869,http://www.divinemercy.edu/
445911,http://www.lincolntech.edu/campus/shelton-ct
445948,http://www.northwestcareercollege.edu/
445957,http://www.soma.edu/
446002,https://www.acupunctureschoolusa.com/
446039,http://www.asaom.edu/
446048,http://www.avemaria.edu/
446084,http://calc.edu/
446093,https://suttercountyctc.edu/
446109,http://www.cambridgehealth.edu/
446118,http://www.ccicolleges.edu/
446127,http://www.atafl.edu/
446163,https://www.cccollege.edu/
446206,http://www.culpepercosmetology.com/
446224,http://www.esatm.edu/
446233,http://ecollege.edu/
446242,https://cte.edu/
446251,http://www.estellemedical.edu/
446260,http://www.evergreenbeauty.edu/
446288,http://paulmitchell.edu/porthuron
446303,http://www.htinj.edu/
446349,http://www.jdrcc.net/
446385,http://www.lacm.edu/
446516,http://rosslyntraining.edu/
446525,http://usa.sae.edu/
446552,http://www.southerntech.edu/
446561,http://www.stanbridge.edu/
446598,http://www.ucha.edu/
446604,http://utam.edu/
446640,http://www.harrisburgu.edu/
446774,https://www.blueridgectc.edu/
447014,http://daytonacollege.edu/
447023,http://www.deltatechnicalcollege.com/
447050,https://www.usuniversity.edu/
447148,http://www.empire.edu/
447166,http://www.empire.edu/
447175,http://www.empire.edu/
447263,http://www.joyce.edu/
447351,http://www.sjvc.edu/
447421,http://www.eaglegatecollege.edu/
447449,http://lufkinhairdesign.com/
447467,http://www.unitechta.edu/
447582,https://www.newriver.edu/
447591,http://www.chcp.edu/
447607,https://www.uei.edu/
447616,https://www.uei.edu/
447689,http://www.ggc.edu/
447698,http://www.pihma.edu/
447704,http://tucsoncollegeofbeauty.com/
447713,http://www.californiacareercollege.edu/
447722,http://palladium.edu/
447731,http://www.palacebeautycollege.com/
447759,https://npcollege.edu/
447768,https://americancareercollege.edu/
447777,http://www.asher.edu/
447795,http://www.aimtinc.com/
447801,http://www.uewm.edu/
447810,http://www.blakeaustincollege.edu/
447847,http://www.aviator.edu/
447865,http://trendsettersjax.com/
447883,http://www.aibschool.edu/
447892,http://cosmetologyinst.com/
447908,http://flacademyofbeauty.edu/
447917,http://www.augustamassage.com/
447935,http://www.ata.edu/
447953,http://www.sum.edu/
447962,http://www.compasscareercollege.net/
447971,http://www.paulmitchell.edu/rockville
447980,http://www.tcbeautycollege.com/
447999,http://www.wellspring.edu/
448026,http://www.tspafargo.com/
448071,http://avedaarts.edu/
448123,http://myrangelbeautyinstitute.com/
448196,http://ths.edu/
448220,http://paulmitchell.edu/logan
448239,https://www.ucdh.edu/home
448248,https://mtec.edu/
448257,http://www.avicareertraining.com/
448275,http://www.mtnstmassage.com/
448372,http://www.sjvc.edu/
448424,http://www.babeautycollege.com/
448433,http://www.uti.edu/
448594,https://www.westhillscollege.com/lemoore/
448600,https://www.sctoday.edu/
448646,http://www.unitechta.edu/
448673,https://rasmussen.edu/
448691,http://iirp.edu/
448770,http://www.autotraining.edu/
448798,http://www.empire.edu/
448859,https://www.triangle-tech.edu/
448895,http://www.milaninstitute.edu/
449038,http://www.strayer.edu/campus-locations/florida/tampa-east
449074,https://pmi.edu/
449083,http://www.cbt.edu/
449092,http://www.cbt.edu/
449135,http://dewey.edu/
449250,http://chcp.edu/
449311,https://brittanyacademy.edu/
449320,http://www.lincolntech.edu/campus/queens-ny
449339,https://www.apus.edu/
449348,http://www.huntsvillebiblecollege.org/
449357,http://bas.beaumontusd.us/
449384,https://www.gnomon.edu/
449393,http://www.cvbeautycollege.com/
449445,http://www.valleycollegeofmedicalcareers.info/
449454,http://www.natural-therapy.com/
449463,http://www.academydicapelli.com/
449472,http://delawarecosmetology.com/
449481,https://www.dragonrises.edu/
449490,http://www.pbacademy.net/
449506,http://sabercollege.edu/
449524,http://taylorcollege.edu/
449533,http://www.psmthc.com/
449603,http://www.denmarkcollege.edu/
449612,http://www.lci.edu/
449658,http://www.bmtc.edu/
449676,http://www.acecareer.edu/
449685,https://newagetraining.com/
449700,http://www.massageschools.com/
449728,http://www.ata.edu/campus/tulsa-ok/
449764,http://www.visible.edu/
449773,http://www.ccitraining.edu/
449782,http://championbeautycollege.com/
449807,http://www.setxci.com/
449816,https://stech.edu/
449834,http://www.vbts.edu/
449861,http://www.mkecc.edu/
449870,http://www.uwest.edu/
449889,http://www.ace.edu/
449898,http://www.southuniversity.edu/tampa
449904,http://www.milaninstitute.edu/
449922,http://www.acp.edu/
449959,http://paulmitchell.edu/tampa
449968,http://paulmitchell.edu/sandiego
449977,http://paulmitchell.edu/sterlingheights
449986,http://paulmitchell.edu/shermanoaks
449995,http://paulmitchell.edu/tysonscorner
450058,https://www.fortis.edu/
450067,https://www.fortis.edu/
450128,http://bluecliffcollege.edu/
450298,http://www.strayer.edu/campus-locations/delaware/wilmington
450304,http://www.brite.edu/
450377,http://www.strayer.edu/campus-locations/alabama/birmingham
450395,http://www.brownaveda.com/
450401,http://www.clarysagecollege.com/
450571,https://rasmussen.edu/
450599,http://www.empire.edu/
450605,http://www.empire.edu/
450614,http://www.empire.edu/
450632,http://www.lexingtonhealingarts.com/
450641,http://www.empirebeautyschools.com/
450650,http://www.ibw.edu/
450696,https://carrington.edu/
450711,http://trendbarbercollege.com/
450720,http://www.lincolntech.edu/campus/las-vegas-summerlin-nv
450933,http://www.columbiasouthern.edu/
450951,http://www.azculinary.edu/
450960,https://healthcarecareercollege.edu/
450988,http://www.coastlinebeauty.edu/
451042,http://www.branfordacademy.com/
451051,http://www.massage-academy.com/
451079,http://www.acupuncturist.edu/
451097,http://academyofcareertraining.com/
451103,https://www.mru.edu/
451149,https://www.beaveda.com/
451158,http://www.beaveda.com/
451167,http://shearexcell.edu/
451194,http://www.carlsoncollege.com/
451228,http://www.mycomputercareer.edu/
451237,http://www.zhairacademy.com/
451255,http://www.digrigoli.com/school
451282,http://esimichigan.com/
451291,http://lakewoodschool.edu/
451307,http://www.tspabattlecreek.com/
451316,http://www.trendsettersschool.com/
451334,http://aohd.edu/
451343,http://cac.edu/
451352,http://www.sec.edu/
451370,https://yeshivasbeeryitzchok.org/
451398,https://ytclakewood.com/
451404,http://www.independentrabbinicalcolleges.org/
451413,https://www.cahe.edu/
451468,https://www.avedafi.edu/cincinnati/
451477,http://www.mycomputercareer.edu/
451495,http://www.cde.edu/
451501,http://premierponce.net/
451510,http://www.charlestonlaw.edu/
451529,http://www.elitecollegeofcosmetology.com/
451547,http://www.manuelandtheresasschoolofhair.com/
451556,http://southwestuniversity.edu/
451565,https://paulmitchell.edu/austin
451574,http://avedainstituteprovo.com/
451583,http://www.dixietech.edu/
451626,http://www.victoriasacademy.edu/
451714,http://paulmitchell.edu/sanantonio
451750,https://www.bryantstratton.edu/
451857,https://www.remingtoncollege.edu/locations/houston/webster/
451866,https://www.remingtoncollege.edu/locations/shreveport/
451918,http://www.jennyleaacademy.com/
451927,https://www.phc.edu/
452009,http://thehairacademynd.com/
452072,https://rosseducation.edu/
452081,https://rosseducation.edu/
452106,http://escuelatroqueleria.jimdo.com/
452124,http://www.fortis.edu/
452373,http://www.ata.edu/
452771,http://www.dentalassistantpro.com/
452780,http://www.dentalassistantpro.com/
452887,http://www.eliteweldingacademy.com/
452948,http://www.galencollege.edu/cincinnati
453163,http://www.strayer.edu/campus-locations/north-carolina/greensboro
453215,http://www.strayer.edu/campus-locations/new-jersey/piscataway
453297,http://www.icasi.net/
453756,http://beonair.com/locations/columbus
453792,http://www.omcc.edu/
454227,https://www.chamberlain.edu/
454236,https://www.chamberlain.edu/
454245,https://www.chamberlain.edu/
454537,https://www.tspaappleton.com/
454546,http://www.milaninstitute.edu/
454555,http://www.milaninstitute.edu/
454582,http://www.ottawa.edu/
454607,https://paulmitchell.edu/atlanta-esani
454652,https://paulmitchell.edu/birmingham
454689,http://www.taftu.edu/
454698,http://www.mayfieldcollege.edu/
454722,http://www.aecosmetology.com/
454759,http://www.bornersbarbercollege.com/
454768,http://paulmitchell.edu/pasadena
454786,http://www.lauruscollege.edu/
454795,https://hhs.edu/
454801,http://cdi.edu/
454810,http://www.escoffier.edu/
454829,https://aspen.edu/
454838,http://www.itea.edu/
454856,http://www.denvercollegeofnursing.edu/
454865,http://www.cambridgehealth.edu/
454874,http://www.cozmo.edu/
454917,http://www.celebrity.edu/
454926,http://paulmitchell.edu/atlanta
454935,http://www.evanshairstylingcollege.com/
454944,http://paulmitchell.edu/rexburg
454953,https://www.uac.edu/
454962,https://www.uofac.edu/
454971,http://www.tricociuniversity.edu/
454980,http://www.tricociuniversity.edu/
454999,http://www.tricociuniversity.edu/
455008,http://www.tricociuniversity.edu/
455026,http://www.omegastudios.com/
455062,https://www.frenchacademyofcosmetology.com/
455071,https://www.thehealingartscenter.com/
455080,http://paulmitchell.edu/springfield
455099,https://urshan.edu/ugst
455105,http://msinstitute.com/
455114,https://cwi.edu/
455141,https://avedafi.edu/chapel-hill/
455178,http://daoisttraditions.edu/
455187,http://www.tiba.edu/
455196,https://www.jerseycollege.edu/
455202,http://www.aimseducation.edu/
455211,http://www.avedalasvegas.com/
455220,http://careerschoolny.com/
455257,https://yeshivaofmachzikaihadas.com/
455275,https://avedafi.edu/columbus/
455284,http://paulmitchell.edu/cincinnati
455327,http://www.handsontherapyschools.com/
455336,https://www.mediatech.edu/
455354,https://avedaarts.edu/
455381,http://skinscienceinstitute.com/
455406,https://www.pnwu.edu/
455433,https://www.thechicagoschool.edu/in-the-community/locations/
455460,https://www.fortiscollege.edu/
455479,https://www.fortis.edu/
455488,https://www.fortis.edu/
455512,https://wcc.yccd.edu/
455628,http://www.fortis.edu/
455664,https://www.thechicagoschool.edu/in-the-community/locations/
455707,http://www.ultrasound.edu/
455725,http://www.tsaob.com/
455734,https://www.cnei.edu/
455761,http://paulmitchell.edu/sacramento/
455770,http://www.providencecc.edu/
455798,http://www.oxfordhairacademy.com/
455804,http://www.iwp.edu/
455813,http://www.johnpaulii.edu/
455831,https://www.medicalinstitutepb.edu/
455859,http://oliverfinley.com/
455868,http://www.nccusa.edu/
455877,http://www.ibw.edu/
455886,http://www.tricociuniversity.edu/
455895,http://www.tricociuniversity.edu/
455901,http://paulmitchell.edu/frederick
455910,http://centerformassage.com/
455929,http://www.academyofhairdesignok.com/
455965,https://collectivacademy.com/
455974,http://www.southtexastraining.com/
455983,http://www.ccdc.edu/
455992,http://www.vcfa.edu/
456001,http://www.awi.edu/
456029,http://paulmitchell.edu/memphis
456038,https://pmi.edu/
456065,http://paulmitchell.edu/cleveland
456074,http://paulmitchell.edu/columbus
456135,http://www.empire.edu/
456153,https://www.mediatech.edu/
456205,https://www.miller-motte.edu/
456214,https://lamson.edu/
456287,http://collegeofhairdesign.com/
456454,https://www.fortis.edu/
456481,http://www.pupr.edu/miami/
456490,http://www.pupr.edu/orlando
456506,https://rosseducation.edu/
456515,https://rosseducation.edu/
456542,https://www.geisinger.edu/education
456551,http://www.josefsschoolofhairdesign.com/
456579,https://www.berks.edu/
456588,http://www.salonsuccessacademy.com/
456597,http://www.salonsuccessacademy.com/
456621,http://www.strayer.edu/campus-locations/west-virginia/teays-valley
456825,http://paulmitchell.edu/batonrouge
456852,http://www.sjvc.edu/
456922,https://www.stvt.edu/
456931,https://www.stvt.edu/
456959,https://r.umn.edu/
456968,http://www.healthandstyle.edu/
456977,http://www.cbt.edu/
457031,http://capri.edu/
457077,http://www.milaninstitute.edu/
457086,http://www.homesteadschools.net/
457101,https://carrington.edu/
457110,https://carrington.edu/
457129,https://www.chamberlain.edu/
457192,http://www.washingtonbarbercollege.edu/
457208,https://www.intercoast.edu/
457226,http://www.horizonuniversity.edu/
457253,http://beyondcosmo.com/
457271,http://www.ajrca.edu/
457299,https://www.angelescollege.edu/
457314,http://www.angelesinstitute.edu/
457323,http://paulmitchell.edu/temecula/
457332,http://tigiguilford.edu/
457341,https://www.studyhair.com/
457350,http://midwiferyschool.org/
457378,http://www.ectc.edu/
457387,http://www.itech.edu/
457396,http://www.aacschool.com/
457402,http://uftl.edu/
457411,https://aviationmaintenance.edu/campuses/orlando-fl
457420,http://summitsalonacademytampa.com/
457439,http://www.ssag.edu/
457448,http://www.tenajsaloninstitute.edu/
457466,http://profileinstituteatl.com/
457475,http://www.keuneacademyby124.edu/
457484,https://www.pacrim.edu/
457493,http://paulmitchell.edu/twinfalls
457527,http://ambria.edu/
457536,https://www.mccollege.edu/
457545,http://paulmitchell.edu/normal
457563,https://avedafi.edu/indianapolis/
457572,http://www.andersonsalonacademy.com/
457581,http://www.ericfisheracademy.com/
457606,http://mylebeautycollegellc.com/
457615,http://www.valleytech.k12.ma.us/
457624,http://www.baypath.net/web/home/index?tour=start
457633,https://www.lespritacademy.com/
457642,http://www.marketticosmetology.com/
457679,http://www.avaloncosmetologyschool.com/
457697,https://www.cityvision.edu/
457749,https://montanaacademy.edu/
457767,http://nciedu.com/
457776,http://paulmitchell.edu/albuquerque
457785,http://www.internationalacademyofstyle.com/
457794,http://edpschool.edu/
457800,http://nymedtraining.com/
457819,https://www.ice.edu/
457837,http://www.tspabuffalo.com/
457855,http://paulmitchell.edu/nyc
457873,http://www.fourcounty.net/adulteducation_home.aspx
457916,http://www.summitsalonacademyperrysburg.edu/
457925,http://pac.edu/
457943,http://sctc.net/
457952,https://www.metrobeautyacademy.edu/
457989,http://www.mcact.org/
458007,http://www.lovebeautyschool.net/
458034,http://www.cardiotech.org/
458043,http://duvallschool.com/
458061,http://texasbeautyinfo.com/
458070,http://www.avenuefive.edu/
458098,http://www.tspadallas.com/
458104,http://www.race.edu/
458113,http://ascent.edu/
458122,http://www.theinstituteofadvancedmedicalesthetics.com/
458131,http://avedaarts.edu/
458140,https://www.nwswb.edu/
458168,http://salonproacademy.com/
458210,http://westcoastuniversity.edu/
458229,http://westcoastuniversity.edu/
458274,http://paulmitchell.edu/chicago
458405,https://www.miller-motte.edu/
458423,http://www.school-for-massage.com/
458441,https://www.miller-motte.edu/
458681,https://www.fortis.edu/
458803,http://www.empire.edu/
458812,http://www.empire.edu/
458821,http://www.empire.edu/
458830,http://www.empire.edu/
458858,http://www.empire.edu/
458867,http://www.empire.edu/
458885,http://www.strayer.edu/campus-locations/arkansas/little-rock
458919,http://www.strayer.edu/campus-locations/georgia/chamblee
458955,http://www.strayer.edu/campus-locations/mississippi/jackson
458964,http://www.strayer.edu/campus-locations/south-carolina/greenville
458973,http://www.strayer.edu/campus-locations
459019,http://www.empire.edu/
459046,http://www.empire.edu/
459055,http://www.empire.edu/
459064,http://www.empire.edu/
459116,http://paulmitchell.edu/phoenix
459170,http://paulmitchell.edu/modesto
459198,http://paulmitchell.edu/fresno
459204,http://unitekcollege.edu/
459213,http://www.gurnick.edu/
459231,http://paulmitchell.edu/eastbay/
459259,http://www.southuniversity.edu/richmond
459268,http://www.southuniversity.edu/virginia-beach
459277,http://avedainspiregreatness.com/denver-campus
459286,http://paulmitchell.edu/coloradosprings
459295,http://www.thesalonprofessionalacademycoloradosprings.com/
459301,http://paulmitchell.edu/delaware
459329,http://mtec.pasco.k12.fl.us/
459347,https://www.tspaftmyers.com/
459374,http://www.spatrainingacademy.edu/
459392,http://www.tspaevansville.com/
459408,http://www.tri-county.us/
459426,http://www.novaacademy.edu/
459514,http://www.pelotoncollege.edu/
459523,http://www.abcbeautyacademy.webs.com/
459532,http://www.ssi.edu/
459541,http://www.americanbeauty.edu/
459550,http://www.summitsalonacademy.edu/
459578,http://paulmitchell.edu/milwaukee
459727,https://www.tuw.edu/
459736,http://www.tu.edu/
459745,https://www.thechicagoschool.edu/washington-dc/
459824,http://www.tun.touro.edu/
459842,https://www.herzing.edu/
459851,https://www.herzing.edu/
459949,http://www.tamusa.edu/
459958,https://www.fortis.edu/
459967,http://scitexas.edu/
459985,http://scitexas.edu/
459994,http://www.strayer.edu/
460011,http://www.kennethshuler.com/
460020,https://www.fortis.edu/
460093,https://rosseducation.edu/
460109,https://rosseducation.edu/
460118,https://rosseducation.edu/
460127,https://rosseducation.edu/
460136,https://pmi.edu/
460145,http://www.beonair.com/chicago
460172,https://www.stvt.edu/
460181,https://www.concorde.edu/campus/dallas-texas
460190,https://www.concorde.edu/campus/orlando-florida
460206,https://www.concorde.edu/campus/san-antonio-texas
460349,https://online.jwu.edu/?_ga=2.36357734.752362341.1629739669-391300583.1600981500
460394,http://www.mvc.edu/
460464,http://www.norcocollege.edu/
460482,http://www.dorsey.edu/
460534,http://www.milaninstitute.edu/
460543,http://www.uti.edu/
460677,http://www.icprjc.edu/
460701,https://www.artistic.edu/
460756,http://www.hmi.edu/
460765,http://carolinacollege.com/
460808,http://www.collegemassagetherapy.com/
460817,https://www.miller-motte.edu/
460826,https://www.miller-motte.edu/
460835,https://www.miller-motte.edu/
460862,http://avedapdx.com/
460871,https://www.chamberlain.edu/
460914,http://penrose.edu/
460932,http://www.skininstitute.edu/
460969,https://www.basf.edu/
460978,http://www.ogleschool.edu/
460987,http://www.littlerockbeautyschool.com/
460996,http://tspastlouis.com/
461014,http://www.mildred-elley.edu/
461023,https://www.crestpoint.edu/
461032,http://ccbs.edu/
461087,https://www.netech.edu/
461111,http://allstatecollege.com/
461120,http://www.ogs.edu/
461139,http://www.jungtao.edu/
461148,https://www.nyfa.edu/
461175,http://www.icoc.edu/sp/
461193,http://paulmitchell.edu/monroeville
461218,https://www.imbc.edu/
461245,http://flaglertech.edu/
461254,http://www.galaxymedicalcollege.edu/
461263,http://www.amsc.edu/
461272,https://www.mandalynacademy.com/
461281,http://www.jmvu.edu/
461306,http://www.dadorseytech.edu/
461315,http://www.kbocc.edu/
461324,http://www.meridian-institute.edu/
461333,http://maunaloahelicopters.edu/
461342,http://www.acaydia.edu/
461379,http://www.massagetrainingbaltimore.com/
461388,http://www.diamondscollege.com/
461412,http://www.nvschoolofmassage.com/
461421,http://paulmitchell.edu/stlouis
461430,http://www.atitraining.edu/
461485,http://shepherds.edu/
461494,https://www.taylorandrew.com/
461500,http://www.saba-ca.com/index.php
461528,https://www.manna.edu/
461537,http://evolvebeautyacademy.edu/
461555,http://www.avedanm.com/
461573,http://www.americantradeschool.edu/
461582,http://www.estelle.edu/
461607,http://eliteschools.edu/
461625,http://www.amtec.edu/
461652,http://www.avedaidaho.com/
461689,https://pmi.edu/
461704,http://www.capilo.com/
461713,https://pureaesthetics.edu/
461722,http://www.lindseyinstitute.com/
461740,http://www.invictuscc.edu/
461759,https://simmonscollegeky.edu/
461768,http://www.aeinstitute.net/
461786,http://www.accsuccess.com/
461795,http://www.na.edu/
461810,http://ubcdenver.edu/
461829,http://www.cintaaveda.edu/
461838,http://nailskinhairinstitute.edu/
461847,http://www.mayanhatalmud.org/
461856,http://www.sochi.edu/
461865,http://bestcarecollege.edu/
461874,http://firstclasscosmetologyschool.com/
461883,http://www.maufl.edu/en/home
461892,http://www.abcott.edu/
461908,http://kenoshatspa.com/
461917,http://paulmitchell.edu/indianapolis
461926,http://www.taylorandrewstgeorge.com/
461944,http://www.protegeacademy.com/
461953,http://www.cavt.edu/
461962,http://ntinow.edu/
461999,https://es.edu/
462008,http://paulmitchell.edu/lasvegas
462017,http://kokomobeautyschool.com/
462035,https://florida-academy.edu/
462044,https://www.idsva.edu/
462053,https://www.statecareercollege.edu/
462062,http://www.academyla.com/
462071,http://paulmitchell.edu/spokane
462336,http://www.icbas.edu/
462354,https://jpcatholic.edu/
463056,https://hartford.uconn.edu/
464226,http://www.ottawa.edu/ouaz/home
466921,https://www.chamberlain.edu/
466930,https://www.chamberlain.edu/
467094,http://continentalschoolofbeauty.edu/
467863,http://paulmitchell.edu/columbia
467872,http://paulmitchell.edu/charleston
467906,http://www.kennethshuler.com/
468246,http://www.nwcollege.edu/
468255,http://www.nwcollege.edu/
468769,https://cetweb.edu/
468848,https://www.uei.edu/
468893,http://paulmitchell.edu/neworleans
468909,https://www.uei.edu/
468963,http://www.nettts.com/
469416,http://dewey.edu/
469610,http://www.allenschool.edu/
469629,http://www.oklahomatechnicalcollege.com/
469911,http://www.unitechta.edu/
470038,https://www.uei.edu/
470047,http://www.wellspring.edu/
470296,http://www.manuelandtheresasschoolofhair.com/
470393,http://www.tricociuniversity.edu/
474863,https://www.lapu.edu/
474915,http://avalon.edu/phoenix-az/
474924,http://avalon.edu/layton-ut/
475015,http://avedainstitutedesmoines.com/
475024,https://fortis.edu/
475033,http://www.relay.edu/
475060,https://www.miller-motte.edu/
475121,http://www.southuniversity.edu/online
475176,http://www.sjvc.edu/
475200,https://www.whitworth.edu/cms/
475228,https://www.collegesoflaw.edu/
475237,http://ua-edu.us/
475273,https://springfield.edu/academics/online-programs
475282,http://www.mariancollege.edu/
475325,http://www.milaninstitute.edu/
475398,https://catholiciu.edu/
475404,http://www.newyorkschoolofesthetics.com/
475422,https://www.flhcon.edu/
475431,http://www.asi.edu/
475468,https://www.christinevalmy.com/
475477,https://www.citycollege.edu/
475486,http://paulmitchell.edu/arlington
475495,https://rm.edu/
475547,http://paulmitchell.edu/fortmyers
475556,http://paulmitchell.edu/raleigh
475565,https://guttman.cuny.edu/
475574,http://www.lillousbeautyandbarbercollege.com/
475608,http://www.criswell.edu/
475653,http://www.reflectionsacademyofbeauty.com/
475662,http://www.ucastx.com/
475705,http://www.asn.edu/
475714,http://www.ama.edu/
475723,http://www.tooeletech.edu/
475732,https://www.chamberlain.edu/
475741,https://www.chamberlain.edu/
475839,https://www.sessions.edu/
476063,https://www.tws.edu/
476179,http://www.empire.edu/
476230,https://rosseducation.edu/
476355,http://miamiadschool.com/locations/new-york/
476489,http://www.larrysbarbercollege.com/
476498,http://www.futuracareerinstitute.net/
476540,http://vogue.edu/
476559,http://vogue.edu/
476568,http://www.tomorrowsimage.com/
476595,http://www.medicalallied.edu/
476601,http://www.bhmb.edu/
476610,http://www.bbiny.edu/
476629,http://www.saloninstitute.edu/
476683,http://www.athenacareers.edu/
476692,https://www.yzl.edu/
476708,http://thebarberschool.com/
476717,http://www.byts.edu/
476726,http://www.rgvcollege.edu/
476735,http://www.alexanderacademy.com/
476753,http://avedainspiregreatness.com/tucson-campus/
476780,http://www.diamondbeauty.edu/
476799,https://www.unitekcollege.edu/
476805,http://www.uahairdesign.com/
476814,http://www.first.edu/
476841,http://paulmitchell.edu/reno
476850,http://boisebarbercollege.com/
476869,http://www.austinkade.com/
476878,http://www.aestheticscienceinstitute.edu/
476887,http://www.elainesterling.com/
476896,http://www.wadegordonacademy.com/
476902,http://www.mitsusatohairacademy.com/
476939,http://www.fvi.edu/
476975,https://csuglobal.edu/
476984,http://paulmitchell.edu/overlandpark
476993,http://www.nima.edu/
477002,http://www.brightoninstitute.net/
477039,https://westcoastuniversity.edu/
477233,https://www.evangel.edu/
478582,http://www.empire.edu/
478591,http://www.ogleschool.edu/
478616,http://www.empire.edu/
478917,http://haysacademy.com/
478953,https://bellusacademy.edu/
479062,http://www.mtti.edu/
479424,https://www.unitekcollege.edu/
479956,https://www.worldcampus.psu.edu/
479965,http://www.mcinj.edu/
479974,http://www.abt.edu/
479992,http://brandcollege.edu/
480000,http://hintonbarberbeauty.com/
480019,https://advanced.edu/
480037,http://www.mycomputercareer.edu/
480073,http://www.southuniversity.edu/austin
480091,https://www.bryantstratton.edu/
480125,http://www.ogleschool.edu/
480161,http://idealbeautyacademy.net/
480198,https://www.warnerpacific.edu/
480204,http://www.plattcollege.edu/
480310,http://www.empire.edu/
480471,https://www.uei.edu/
480523,https://rosseducation.edu/
480532,https://rosseducation.edu/
480550,https://rosseducation.edu/
480569,https://www.fit.edu/
480657,https://rasmussen.edu/
480727,http://www.smat.edu/
480781,http://www.calmu.edu/
480790,http://www.rvu.edu/
480824,http://www.chcp.edu/
480833,http://www.chcp.edu/
480842,http://www.shearfinessehairacademy.com/
480851,https://beonair.com/
480879,http://academyofsalonprofessionals.com/
480888,http://cybertex.edu/
480903,http://nettts.com/
480921,http://designercollege.net/
480930,http://paulmitchell.edu/woodbridge
480967,https://cmn.edu/
480976,http://www.huntsvilletspa.com/
480985,https://www.midwifery.edu/
480994,http://www.aspenlaurel.edu/
481003,http://mttrainingcenter.org/
481021,https://www.berkscareer.com/ACE
481030,http://www.future.edu/
481049,http://ctc.carthagetigers.org/
481058,http://www.gm.edu/
481067,https://www.worldacuts.com/
481085,http://www.vervecollege.edu/
481094,http://www.sothebysinstitute.com/Programmes/PNewyork.aspx
481100,http://www.topbeautyschoolutah.com/
481128,http://www.savcusa.com/
481137,http://www.shepherdscollege.edu/
481146,http://www.woodruffmedical.edu/
481155,http://www.helms.edu/
481182,https://adultschool.uusd.net/
481191,http://www.riversidesce.org/
481207,http://www.iohs.org/
481225,https://www.midsouthchristian.edu/
481243,http://www.nyib.edu/
481252,http://www.nriinstitute.edu/
481289,http://www.xavier-college.com/
481298,http://www.lawrenceandco.net/
481313,http://kba.edu/
481331,http://www.sharpedgez.com/
481340,http://www.nashvillebeautyschool.com/
481368,http://phabsa.com/
481386,http://www.calinstitute.edu/
481401,http://www.gsot.edu/
481410,https://yeshivagedolahkessertorah.com/
481429,http://www.universaluti.com/
481438,http://yeshivayesodeihatorahlakewood.com/
481447,https://centerforthehealingartsnj.com/
481456,http://bonniejosephacademy.edu/
481465,http://healthcaretraininginstitutenola.net/
481474,https://jdacademy.com/
481483,http://www.bocabeautyacademy.edu/
481517,http://www.citypointebeauty.com/
481526,http://chrysm.edu/
481535,https://www.sbpdiscovery.org/education/graduate-school
481571,http://www.belleacademy.com/
481678,http://www.empire.edu/
481720,http://www.southuniversity.edu/high-point
481739,http://www.empire.edu/
481748,http://www.empire.edu/
481775,http://www.sjvc.edu/
481845,http://www.empire.edu/
481863,https://rosseducation.edu/
481890,https://rosseducation.edu/
481906,https://rosseducation.edu/
481960,https://www.intercoast.edu/
482015,http://scitexas.edu/
482060,http://www.milaninstitute.edu/
482097,http://www.midwesttech.edu/
482149,http://www.augusta.edu/
482158,https://www.mga.edu/
482167,http://www.trenzbeautyacademy.com/
482176,http://paulmitchell.edu/denver
482185,https://seattle.aie.edu/
482194,http://www.arrojocosmetology.com/
482200,http://cosmetologyacademyoftexarkana.com/
482228,http://www.vbc.edu/
482246,http://learntoweld.com/
482255,https://aviationmaintenance.edu/campuses/las-vegas-nv
482291,https://www.uei.edu/
482413,https://www.devry.edu/
482422,https://www.devry.edu/
482431,https://www.devry.edu/
482459,https://www.devry.edu/
482468,https://www.devry.edu/
482477,https://www.devry.edu/
482547,https://www.devry.edu/
482556,https://www.devry.edu/
482574,https://www.devry.edu/
482635,https://www.devry.edu/
482653,https://www.devry.edu/
482680,http://www.ung.edu/
482699,http://www.sgsc.edu/
482705,https://www.northeastern.edu/
482936,http://floridapoly.edu/
482963,http://www.americaninstitute.edu/
482981,http://www.alamocitybarbercollege.com/
482990,https://www.arizonacollege.edu/
483009,http://www.ach.edu/
483018,http://antiochcollege.edu/
483036,http://tamuct.edu/
483045,http://www.centralgatech.edu/
483054,http://bsp.edu/
483106,http://www.innovatesalonacademy.com/
483124,http://www.asu.edu/
483212,https://www.ladelta.edu/
483221,https://learnet.edu/
483230,https://www.thefabschool.com/
483258,http://www.networksbarbercollege.com/
483276,http://www.jbsbarbercollege.org/
483328,http://paulmitchell.edu/lombard
483337,http://paulmitchell.edu/greenville
483346,http://www.barberandbeautyacademyofpa.com/
483355,http://www.deltacollege.com/
483364,http://deltacollege.com/
483373,https://ich.edu/
483382,https://www.electricaltrainingcenter.edu/
483425,https://www.alexanderpaul.edu/
483470,http://moretechinstitute.edu/
483504,http://www.dorsey.edu/
483513,http://neeceescollege.com/
483559,http://bellacollege.com/
483577,http://franklinhairacademy.com/
483595,http://www.agmu.edu/
483647,https://www.oiah.edu/
483708,http://www.accesscareers.net/
483726,http://www.luckesbeautyacademy.com/
483735,http://ttioc.edu/
483744,http://vibebarbercollege.edu/
483753,http://www.champsbarberschool.com/
483780,http://www.wust.edu/
483799,http://acupressureschool.com/
483814,https://www.standardcollege.edu/
483823,http://www.ptt.edu/
483841,http://www.gibs.edu/
483850,http://www.acs.edu/
483869,http://www.iti.edu/
483878,http://www.bamasf.edu/
483887,https://mindbody.edu/
483896,http://psijax.edu/
483911,https://www.creativetouch.edu/
483920,http://www.labarberiainstitute.com/
483948,http://www.bosmansbarbercollege.com/
483957,http://www.lawrencecosmetology.com/
483975,https://www.acom.edu/
484002,https://www.hdmc.edu/
484011,http://paulmitchell.edu/schenectady
484020,http://www.beyondmeasurebarbering.com/
484048,http://www.bit.edu/
484057,http://www.jba.edu/
484066,http://medquestcollege.edu/
484075,http://firstcoastbarberacademy.com/
484084,http://www.debschool.com/
484093,http://paulmitchell.edu/farmingtonhills
484109,http://paulmitchell.edu/merrillville
484127,http://tiginewtown.com/
484136,http://www.yahwehbeautyacademy.com/
484163,https://www.asismassage.edu/
484172,http://www.leeproinstitute.edu/
484190,http://www.parkplacebarberschool.edu/
484206,http://www.tspasanjose.com/
484233,http://www.tri-communityadulted.org/
484330,https://rosseducation.edu/
484349,https://rosseducation.edu/
484358,https://rosseducation.edu/
484367,http://www.nw.edu/
484376,http://www.nw.edu/
484394,https://www.taylorandrew.com/
484473,https://www.ufonline.ufl.edu/
484604,http://ogleschool.edu/
484613,https://www.phoenix.edu/
484631,https://www.phoenix.edu/
484756,https://www.phoenix.edu/
484844,https://minerva.edu/
484862,http://www.uwla.edu/
484871,http://www.rabbinicalcollegeohryisroel.com/
484899,http://avedainspiregreatness.com/phoenix-campus/
484905,http://untdallas.edu/
484923,http://dsiacademy.edu/
484932,http://www.bridgevalley.edu/
484950,http://www.nwcollege.edu/
484996,http://houstontrainingschools.net/
485014,http://www.empire.edu/
485032,https://paulmitchell.edu/toledo
485111,https://www.gmc.edu/
485166,http://www.beaumondeacademy.com/
485236,http://fountainofyouthacademy.edu/
485272,https://westcoastuniversity.edu/
485342,https://www.hillsboroughschools.org/altc
485360,http://www.vocationalnursinginstitute.com/
485379,http://www.hi.edu/
485388,http://www.hi.edu/
485397,http://www.empire.edu/
485403,https://hthgse.edu/
485412,http://cvbeautycollege.com/
485458,https://www.coastalpines.edu/
485476,https://www.studiobeautyschool.com/
485485,http://www.latinbeautyacademy.edu/
485494,http://associatedbarbercollege.edu/
485500,http://www.abcotechnology.edu/
485519,http://lionel.edu/
485546,https://www.caluniversity.edu/
485564,http://www.infinitycollege.edu/
485573,http://www.uhcc.edu/
485591,http://nbbacosmetology.com/
485607,http://www.dolceacademy.edu/
485698,http://acba.edu/
485704,https://www.rvsmassage.com/
485768,https://atlantisuniversity.edu/
485801,http://www.wsmda.edu/
485856,http://www.studioincamminati.edu/
485874,http://www.salonboutiqueacademy.com/
485926,http://www.gabeautybarber.com/
485953,http://trcoa.edu/
485962,http://vhacademy.edu/
485999,http://betmedrashgadolaterettorah.com/
486017,http://www.yoy.edu/
486026,https://yeshivasholomshachna.com/
486053,http://bcsmn.edu/
486080,http://www.northwell.edu/education-and-resources/elmezzi-graduate-school-of-molecular-medicine
486123,http://www.toa.edu/
486141,http://www.westchestercollege.edu/
486150,http://tctc.indianriverschools.org/
486169,http://www.americancollegeofbarbering.com/
486196,https://bethmedrashmeoryitzchok.com/
486202,http://www.mingoschools.com/Domain/15
486239,http://www.sanignaciouniversity.edu/
486248,http://www.zmsacademy.com/
486257,https://www.valorcollege.edu/
486284,https://bethanygu.edu/
486345,http://www.hvac-tech.com/
486354,http://www.uinternational.edu/
486372,http://www.sanfranciscofilmschool.edu/
486381,http://www.cure.edu/
486390,http://www.culinarytechcenter.edu/
486406,http://rtc.rand.k12.wv.us/
486415,http://amg.edu/
486424,https://www.smcah.edu/
486433,http://www.presidio.edu/
486442,http://www.sandraacademy.edu/
486488,http://www.cjc.edu/
486497,https://www.californiabarberandbeauty.com/
486503,http://www.laredochi.com/
486512,http://www.fitischools.com/
486530,http://www.gouldsacademy.com/
486558,https://aviationmaintenance.edu/campuses/fremont-ca
486567,http://paulmitchell.edu/tulsa
486576,https://estudiappg.com/
486619,http://www.apcschools.com/
486691,http://www.empire.edu/
486707,https://rosseducation.edu/
486716,https://rosseducation.edu/
486752,https://rosseducation.edu/
486770,http://www.cortiva.edu/
486798,https://www.tws.edu/
486813,https://pmi.edu/
486822,https://pmi.edu/
486840,http://www.kennesaw.edu/
486859,https://www.entouragebeautyne.com/
486877,https://adulteducation.esboces.org/programs-services/cosmetology-program/about-cosmetology
486886,https://adulteducation.esboces.org/programs-services/cosmetology-program/about-cosmetology
486901,http://www.milligan.edu/
486938,https://www.chamberlain.edu/
486947,https://www.chamberlain.edu/
486956,https://www.chamberlain.edu/
486983,http://paulmitchell.edu/madison
487010,http://www.uthsc.edu/
487047,http://www.unitechta.edu/
487065,http://wadegordonacademy.com/
487083,http://www.protegeacademy.com/
487092,http://www.oxford.emory.edu/
487153,https://www.thechicagoschool.edu/in-the-community/locations/
487162,http://southernregional.edu/
487232,http://www.texascollegecosmetology.com/
487302,https://www.fortis.edu/
487311,http://www.jtech.org/
487320,http://www.tstc.edu/
487348,http://avedapdx.com/
487375,https://www.arizonacollege.edu/
487384,https://www.floridacareercollege.edu/
487393,https://www.floridacareercollege.edu/
487409,https://www.floridacareercollege.edu/
487418,https://www.floridacareercollege.edu/
487436,https://www.floridacareercollege.edu/
487445,https://www.floridacareercollege.edu/
487454,https://www.floridacareercollege.edu/
487472,https://www.floridacareercollege.edu/
487481,https://www.uei.edu/
487490,https://www.floridacareercollege.edu/
487506,http://www.ibw.edu/
487524,http://www.husson.edu/
487533,http://www.tricociuniversity.edu/
487588,https://www.concorde.edu/campus/southaven-mississippi
487597,https://www.uti.edu/
487603,http://www.northwestu.edu/
487621,http://www.celebritystylistbeautyschool.com/
487649,http://www.ciam.edu/
487658,http://lafayette.aie.edu/
487676,http://paulmitchell.edu/annapolis
487746,https://yeshivazichronaryeh.com/
487773,http://cte.bcoe.org/
487791,https://www.arclabs.edu/
487807,http://www.topofthelinebarbercollege.edu/
487816,https://midfieldic.edu/
487852,http://massageschoolnewjersey.com/
487861,http://felbrycollege.edu/
487889,http://www.rcbh.edu/index.html
487904,http://khs.edu/
487922,https://www.imagemakerbeauty.com/
487959,http://www.daltoninstitute.com/
487968,http://caanacademy.org/
487977,http://www.martinsburgcollege.edu/
487995,http://www.amu.edu/
488004,https://centralyeshivabethjoseph.com/
488013,https://www.gssti.edu/
488022,http://www.barbertechacademy.com/
488031,https://www.alu.edu/
488059,http://www.medcollege.edu/
488077,https://www.sdi.edu/
488086,https://nwsc.edu/
488110,http://natural-images-bc.com/
488129,http://texturesinstitute.org/
488138,https://www.williamstechnicalcollege.com/
488174,https://www.ealamarscollege.com/
488183,http://reginawebbacademy.com/
488192,http://www.deharttech.edu/
488217,http://www.medicalcareerandtechnicalcollege.edu/
488226,https://cns.edu/
488253,http://www.fpti.edu/
488262,http://hairacademysbb.edu/
488280,http://nptiflorida.edu/
488299,http://missionbeautyinstitute.wordpress.com/
488305,https://elim.edu/
488314,https://baismedrashzichronmeir.com/
488332,http://hcas.edu/
488350,https://yeshivagedolahshaareishmuel.com/
488369,http://www.premierbarberinstitute.com/
488378,http://spokanebeautyschool.com/
488387,https://claremontlincoln.edu/
488396,http://www.phippsacademy.com/
488411,http://hossleeacademy.com/
488420,https://www.indianawellnesscollege.edu/
488439,http://kennysacademy.edu/
488448,https://www.sfi.edu/
488527,http://achehealth.edu/
488554,https://burrell.edu/
488563,https://ccmla.edu/
488572,https://chsu.edu/
488590,https://www.christianculinary.org/
488651,http://www.glitz.edu/
488679,https://www.indwes.edu/
488721,https://www.nationsu.edu/
488730,http://www.alamo.edu/nlc
488749,https://paulmitchell.edu/jessup
488776,https://jpu.edu/
488800,http://www.teacherscollegesj.edu/
488837,https://ustdts.edu/
488846,http://www.uopeople.edu/
488891,http://www.southdadetech.edu/
488907,http://www.wongu.edu/
488916,http://www.asntc.edu/
488934,https://tulsatech.edu/
488952,https://rosseducation.edu/
488961,https://rosseducation.edu/
488970,https://rosseducation.edu/
488989,http://paulmitchell.edu/clearlake
488998,http://paulmitchell.edu/nampa
489122,https://www.academyofbeautyprofessionals.com/
489131,https://www.academyofbeautyprofessionals.com/
489140,https://www.academyofbeautyprofessionals.com/
489159,http://www.kennethshuler.com/
489201,http://www.cloviscollege.edu/
489238,http://www.bocabeautyacademy.edu/
489247,http://americanbeautyutah.com/
489256,http://www.caribav.com/
489283,http://www.chcp.edu/
489335,http://www.shin-ibs.edu/
489344,https://www.chamberlain.edu/
489353,https://www.chamberlain.edu/
489371,http://www.spartan.edu/
489779,https://www.purdueglobal.edu/
489812,https://pmi.edu/
489830,http://www.arthursbeautycollege.com/
489858,https://westcoastuniversity.edu/
489937,https://www.carolinau.edu/
490018,http://nptiflorida.edu/npti-tampa/
490045,http://ptsa.edu/
490054,http://www.hci.edu/
490081,http://www.aeu.edu/
490090,http://www.gadsdentech.org/
490106,http://www.vuim.edu/
490115,http://nfi.edu/
490124,http://laafa.edu/
490133,http://www.westcliff.edu/
490142,https://www.worldclassacademybeautycareers.com/
490151,http://www.ahci.edu/
490160,http://sui.edu/
490197,http://rci.edu/
490203,http://www.bolivarcollege.edu/
490221,http://www.makbeautyinstitute.com/
490230,http://runiv.edu/
490249,http://www.mobiletechtraining.com/
490258,http://americanbarberbeauty.com/
490267,http://mastersbarbercollege.edu/
490276,http://shaarephraim.org/
490285,http://www.ciat.edu/
490294,http://elitecbsacademy.com/
490300,http://www.cuttingedgeacademynj.com/
490319,https://www.yeshivabaisaharon.com/
490328,https://www.mechonlhoyroa.com/
490346,http://elyon.edu/
490373,http://wmed.edu/
490382,http://www.harmony-health.org/
490391,http://www.americanbeautyschools.com/
490407,http://www.hoganice.edu/
490416,http://jsbarbercollege.com/
490425,http://awskininstitute.com/
490434,https://www.apexacademy2013.com/
490443,http://estheticinstitute.com/
490470,http://www.themassageinstitute.com/
490489,http://mdbcollege.org/
490498,http://www.dmi.edu/
490504,https://www.yeshivaohrnaftoli.com/
490513,https://baismedrashmayanhatorah.com/
490522,http://allgoodbeauty.com/
490531,http://www.rayjscollegeofhair.info/
490674,http://www.manuelandtheresasschoolofhair.com/
490692,http://cincinnatischoolofbarbering.com/
490717,http://lmi.edu/
490735,http://pelotoncollege.edu/
490744,http://www.northerntechnicalcolleges.com/
490753,https://www.mainemedia.edu/college/
490805,http://www.pnw.edu/
490814,https://rosseducation.edu/
490832,https://rosseducation.edu/
490841,https://rosseducation.edu/
490869,http://www.americaninstitute.edu/
490878,http://www.plattcollege.edu/
490896,http://www.aci.edu/
490948,http://www.bullcitybarbercollege.com/
490975,https://www.fortis.edu/
491057,https://www.yeshivakolleltiferethelizer.com/
491066,http://thestrandinstitute.edu/
491075,https://arkansasweldingacademy.edu/
491084,http://www.unitechta.edu/
491136,http://www.empire.edu/
491145,http://www.empire.edu/
491181,http://www.galencollege.edu/nursing-programs/hazard/
491190,https://www.thechicagoschool.edu/in-the-community/locations/
491215,http://commercialdiversinternational.edu/
491224,http://www.tricociuniversity.edu/
491233,http://www.unlmtdcosmetologyschoolms.com/
491242,http://www.johnnymatthews.com/
491251,https://www.csftw.edu/
491260,http://www.centraliabeautycollege.com/
491288,https://flex.wisconsin.edu/
491297,https://flex.wisconsin.edu/
491394,https://www.stvt.edu/
491446,https://www.bnoszionbobov.com/
491464,https://www.abcadultschool.edu/
491473,http://www.polytechworks.com/
491507,http://cims.edu/
491525,https://ubca.org/
491534,http://www.petsplayground.edu/
491543,http://www.sbbcbeautycollege.com/
491552,http://www.ccedcenter.com/
491570,http://www.imu.edu/
491589,https://mystrosbarberacademy.org/
491598,http://emsom.edu/
491613,https://yeshivagedolahtiferesboruch.com/
491622,http://www.yeshivachemdashatorah.com/
491631,http://www.wits.edu/
491640,https://yeshivagedolahkerenhatorah.com/
491659,https://icohs.edu/
491668,http://www.institutoneo.com/
491677,http://www.lehighvalleybarberschool.com/
491686,http://internationalbarber.net/
491695,http://brownbeautybarberschool.edu/
491701,http://rexburgcmt.com/
491710,https://yeshivagedolahcliffwood.com/
491738,http://ibs-hi.com/
491747,http://urbeautybarberacademy.com/
491756,https://urbanbarbercollege.com/
491765,http://yeshivasemekhatorah.com/
491774,http://tcilpn.org/
491783,http://hernandoschools.org/schools/stc
491792,http://www.staceyjamesinstitute.com/
491808,https://meridianuniversity.edu/
491817,http://www.seminarybnoschaim.com/
491826,http://www.theavenueacademy.com/
491835,http://www.tspasanantonio.com/
491844,http://www.rlnc.education/
491853,http://www.piofb.com/
491871,http://www.vogueinternationalacademy.com/
491880,http://www.itap.edu/
491899,http://victorycareercollege.edu/
491905,http://www.winonah.net/
491914,https://yeshivagedolatiferesyerachmiel.com/
491923,https://www.seestheticsinstitute.com/
491941,http://www.cariscollege.edu/
491950,http://www.ccmcc.edu/
491978,http://www.albcschool.edu/
491996,http://www.tspageorgetown.com/
492005,http://www.eliteacademyofhairdesign.com/
492023,https://www.americaretech.com/
492069,http://champion.edu/
492078,http://www.chicagoprofessionalcenter.com/
492096,http://dandsschoolofcosmetology.com/
492139,https://dsdt.edu/
492148,https://ebcollege.net/student-handbook/student-handbook/
492209,https://www.reissdavis.edu/
492281,http://www.gfbc.edu/
492306,http://www.escondidoadultschool.org/
492315,http://www.powayadultschool.com/
492324,http://vistaadultschool.org/
492360,http://www.tspadelraybeach.com/
492421,http://www.nogreasebarberschool.com/
492449,https://pmi.edu/
492476,http://edpuniversity.edu/
492607,https://www.thechicagoschool.edu/in-the-community/locations/
492652,http://www.kckbbacademy.org/
492661,http://calcbc.com/
492689,http://elpaso.ttuhsc.edu/
492704,https://www.psm.edu/
492722,http://chcp.edu/
492731,http://innovatesalonacademy.com/
492759,https://www.chamberlain.edu/
492801,http://www.drury.edu/go/
492935,http://www.gmtti.edu/
492953,http://www.salonsuccessacademy.com/
492962,http://cps.indianatech.edu/
493071,https://www.adtecpr.com/
493080,https://www.ice.edu/losangeles
493132,http://www.uti.edu/
493150,http://gouldsacademy.com/
493363,https://ilt.edu/
493372,http://paulmitchell.edu/albuquerque
493451,http://www.wellspring.edu/
493479,https://medicalcareercollege.edu/
493488,http://picollege.edu/
493512,https://sdgku.edu/
493521,https://www.globaltech.edu/
493530,http://www.bristolschoolofhairdesign.com/
493549,http://www.mcallencareersinstitute.edu/
493567,http://www.bellasa.edu/
493576,http://pmcapgh.com/
493585,https://www.httiphila.org/
493594,http://yeshivaofocean.com/
493600,http://yeshivaaleksander.org/
493619,https://www.yacollege.edu/
493628,http://www.probeautyacademy.com/
493637,http://southeasternbeauty.com/
493646,http://ohelmarguliaseminary.com/
493655,http://www.montanabarberinstitute.com/
493664,http://hechalshemuel.com/
493673,https://upcjbr.university/
493682,https://www.aiht.edu/
493691,https://premiercosmo.com/
493707,http://yeshivaohrzechariah.com/
493716,http://yeshivatyy.com/
493743,http://www.htxbarberschool.com/
493752,http://www.htim.edu/
493761,http://mixed.institute/
493770,https://www.vskicosmetology.com/
493798,http://thenyseminary.com/
493804,http://www.deluxebarbercollege.com/
493813,http://www.falconihs.com/
493822,http://collegeunbound.edu/
493831,http://www.midwestbarbercollege.com/
493868,https://abuacademy.com/
493895,http://www.sans.edu/
493910,http://www.tuanaacademy.com/
493947,https://www.icom.edu/
493956,https://www.calnorthern.edu/
493974,https://collegeofathens.edu/
493992,http://scitexas.edu/
494010,http://stlouis.psm.edu/
494029,http://www.lillousbeautyandbarbercollege.com/
494162,https://www.arizonacollege.edu/
494232,http://www.tspadc.com/
494250,http://www.valley.edu/
494278,https://www.edpuniversity.edu/
494287,https://edpuniversity.edu/
494357,https://www.uei.edu/
494436,https://www.fortis.edu/
494463,http://derechhachaimseminary.com/
494472,https://www.evvayloisschoolofbeauty.com/
494524,http://www.avenuefive.edu/
494542,https://sattler.edu/
494551,http://www.ienyc.edu/
494588,https://pmi.edu/
494597,http://www.ftscc.org/
494603,http://swbts.edu/
494621,http://lotus.edu/
494630,http://cmctx.edu/
494649,http://www.esteem-academy.com/
494658,http://www.kcbeautyacademy.com/
494685,http://urshan.edu/
494694,http://www.txinstitute.edu/
494700,http://www.xtylocollege.com/
494719,https://www.tonsorialartsbarbercollege.com/
494728,http://barberstylistacademy.com/
494737,http://yeshivayh.org/
494746,http://nw.edu/
494755,http://unitedcareer.edu/
494764,https://aviationmaintenance.edu/campuses/charlotte-nc
494807,https://www.psm.edu/
494843,http://www.fortis.edu/
494852,https://www.rockfordcareercollege.edu/
494898,http://www.wellspring.edu/
494904,http://www.accesscareers.net/
494959,https://regionalcollegepa.org/
494986,https://www.apexcvt.edu/
494995,https://www.merymaatbarbercollege.com/
495013,https://www.west-mec.edu/adult-students
495031,https://bmdpark.com/
495040,https://makanaacademy.edu/
495059,https://oakvalley.edu/
495077,https://paulmitchell.edu/sanjose
495101,http://www.zmc.edu/
495110,http://www.glbbs.edu/
495129,https://www.austincareerinstitute.edu/
495138,http://professionalculinaryacademy.com/
495147,https://www.pnwcc.edu/
495174,http://www.hccollege.edu/
495183,http://www.mmci.edu/
495192,https://aldergse.edu/
495208,https://webbsbarberschoolofarts.com/
495217,https://www.ahwbarberacademy.com/
495226,http://www.stlmedtech.org/
495235,https://totalbeautyinstitute.com/
495244,http://www.pearlandinnovative.com/
495253,https://www.durantinstituteofhairdesign.com/
495262,http://www.premiereaestheticsinstitute.com/
495271,https://cincollege.org/
495280,https://www.indianbible.org/
495299,http://www.fpi.edu/
495305,https://www.tpcalaredo.com/
495314,http://www.hmsom.edu/en
495341,https://www.hairlabdetroitbarberschool.com/
495350,https://paulmitchell.edu/northtahoe
495369,https://paulmitchell.edu/fortlauderdale
495378,https://www.pci-academy.com/
495387,https://www.larrysbarbercollege.com/
495411,https://paulmitchell.edu/provo
495420,https://www.arizonacollege.edu/
495439,https://www.arizonacollege.edu/
495448,https://www.arizonacollege.edu/
495457,https://www.arizonacollege.edu/
495518,https://www.empire.edu/
495730,https://www.tricociuniversity.edu/
495776,https://www.eliteweldingacademy.com/
495794,https://nashville.paulmitchell.edu/
495837,https://www.dorsey.edu/
495916,https://www.pathwayscollege.edu/
495934,https://www.sjvc.edu/
495952,https://www.sjvc.edu/
495961,https://www.sjvc.edu/
495970,https://www.adtecpr.com/
495998,https://www.sjvc.edu/
496043,https://www.cusm.edu/
496052,https://rubens5staracademy.com/
496061,https://www.masonanthony.com/
496186,https://www.ciat.edu/
496265,https://triangle-tech.edu/
496283,https://www.eaglegatecollege.edu/
496326,https://www.eaglegatecollege.edu/
496371,https://www.eliteweldingacademy.com/
496399,https://www.acbscollege.org/
496405,https://newlane.edu/
496423,https://www.zorganicsinstitute.edu/
496469,https://daybreak.edu/
496478,https://www.motionpicture.edu/
496520,http://www.zenshiatsu.edu/
496539,http://www.tspaholland.com/
496575,https://ddbs.edu/
496618,https://www.nimaa.edu/
496627,http://www.cnsu.edu/
496636,http://www.antigua.edu/
496645,http://www.bcit.cc/adulted
496654,http://www.sskinstitute.org/
496663,http://www.rigginsurbanbarbercollege.edu/
496672,http://www.hairartsinstitute.com/
496681,http://www.fan.edu/
496690,http://www.bodywisdomschool.com/
496706,https://lakewood.edu/
496715,http://www.ctkhealthcare.com/
496724,https://www.aiskin.org/
496733,http://sascarsoncity.com/
496751,https://www.alliedhealthedu.com/
496803,https://newu.university/
496894,https://branfordacademy.com/
496919,https://www.uei.edu/
496955,https://www.uei.edu/
496964,https://www.larrysbarbercollege.com/
496973,https://herzing.edu/
496991,https://galencollege.edu/campuses/miami
497000,https://www.remingtoncollege.edu/locations/online/
497037,https://www.acu.edu/academics/online/undergraduate
497046,https://www.maderacollege.edu/
497073,https://ogleschool.edu/
497107,https://www.uofsa.edu/
497116,https://galencollege.edu/campuses/austin
497125,https://galencollege.edu/campuses/nashville
497161,https://www.obc.edu/
497189,https://www.theraphaschool.com/
497198,https://www.aahctn.edu/
497204,https://www.meibarberschool.com/
497213,https://www.greatnorthernu.org/
497222,https://www.esimiamibeach.com/
497268,https://www.arizonacollege.edu/
497277,https://www.arizonacollege.edu/
497286,https://www.uti.edu/
497301,https://avalon.edu/las-vegas-nv/
497310,https://www.nima.edu/
497329,https://www.americaninstitute.edu/
497338,https://www.success.edu/
497356,https://thebarbereducation.com/
497365,https://www.legends-barber-college.com/
497374,https://www.amiohio.edu/
497383,https://www.barbersinctx.com/
497392,https://totlbarberschool.org/
497408,https://www.bcc.edu/
497417,https://kinocollege.edu/
497426,https://www.tspahowell.com/
497435,https://sccbb.edu/
497444,https://www.hellogorgeousbarberschool.com/
497453,https://jtseminary.edu/
497462,https://www.rccgnaseminary.org/
497471,https://www.ptbbcollege.com/
497480,https://www.reach.edu/
497499,https://tlcedu.com/
497657,https://www.htic.edu/
497675,https://www.hairacademyllc.com/
497684,https://www.sweetwatercosmetology.com/
497693,https://kansascom.kansashsu.org/
497718,https://ajr.edu/
497736,https://www.ach.edu/
497745,https://aviationmaintenance.edu/campuses/chicago-il
497824,https://www.evangel.edu/
497833,https://www.marian.edu/ancilla-college
497888,https://www.spatech.edu/
497897,https://avedaarts.edu/
497912,https://www.concorde.edu/campus/kansas-city-missouri
497949,https://www.uei.edu/
497958,https://www.uei.edu/
498003,https://www.https//www.baltimorebeautybarberschool.com
498012,https://prami-fajardo.wixsite.com/admin
498030,https://www.uti.edu/
498049,https://www.arizonacollege.edu/
498076,https://galencollege.edu/campuses/sarasota
498085,https://galencollege.edu/campuses/gainesville
498094,https://galencollege.edu/campuses/richmond
498100,https://galencollege.edu/campuses/myrtle-beach
498119,https://galencollege.edu/campuses/asheville
498234,https://larkin.edu/
498289,https://www.pontifex.university/
498298,https://www.tspamaplewood.com/
498322,https://xtylocollege.com/
498331,https://www.sfsm.edu/
498340,https://ichancellor.edu/
498359,https://www.tspacollegeville.com/
498368,https://studio75academy.com/
498386,https://www.gobctc.com/
498401,https://edgeacademy.edu/
498410,https://www.premierbarberschool.com/
498447,https://www.arizonacollege.edu/
498456,https://www.arizonacollege.edu/
498474,https://galencollege.edu/campuses/houston
498483,https://galencollege.edu/campuses/pikeville
498553,https://stellarcollege.edu/
498562,https://www.commonwealthu.edu/
498571,https://www.pennwest.edu/
498623,https://www.justiceuniversity.edu/
498669,https://www.avedainstitutemontana.com/
498739,https://www.lcti.org/adulted
498748,https://www.calcopamassageschool.com/
498757,https://www.medicalsolutionsacademy.org/
498766,https://www.samihalasehinstitute.com/
498775,https://bba.edu/
498784,https://www.upperkutzbarbercollege.com/
498793,https://www.aitwbarberacademy.com/
498809,https://yokny.org/
498818,https://thecuttingedgebarberacademy.com/
498827,https://www.jtcutsacademy.com/
498836,https://thenurseacademy.com/
498845,https://www.heartlandweldingacademy.com/
498854,https://jazzhairacademy.com/
498863,https://www.renaissancebeautyacademy.com/
498872,https://www.centralvalleybarbercollege.com/
498881,https://www.onestopacademync.com/
498890,https://www.easttxcc.com/
498906,https://yeshivasanzk.org/
498915,https://www.agora.edu/
498924,https://urbeuniversity.edu/
498951,https://art22academy.com/
498960,https://www.healthcareworkforcetraining.com/
499033,https://www.champsbarberschool.com/
499079,https://collectivacademy.com/
499103,https://homesteadschools.net/
499130,https://www.innovatesalonacademy.com/
499149,https://www.herzing.edu/
499176,https://www.cbet.edu/
499185,https://www.dorsey.edu/
499255,https://baltimorebeautybarberschool2.com/
499273,https://galencollege.edu/campuses/dallas
499282,https://www.galencollege.edu/roanoke
499291,https://galencollege.edu/campuses/wichita
499307,https://galencollege.edu/campuses/salt-lake-city
499325,https://www.acbebeautycollege.com/
499334,https://www.avedainstituteavondale.com/
499361,https://www.premiereaestheticsinstitute.com/
499370,https://www.arizonacollege.edu/
499389,https://www.arizonacollege.edu/
499398,https://www.arizonacollege.edu/
499404,https://www.arizonacollege.edu/
499413,https://nw.edu/
499422,https://www.denvercollegeofnursing.edu/
499495,https://www.gwinnettcollege.edu/
499529,https://townsendbarberinstitute.com/
499538,http://www.prai2010.com/
499547,https://amat.edu/
499556,https://www.albanybeautyacademy.com/
499608,https://wadegordonacademy.com/
499635,https://www.edpuniversity.edu/
499662,https://aviationmaintenance.edu/phoenix-2/
499671,https://galencollege.edu/
499680,https://stellarcollege.edu/
499705,https://www.tws.edu/
499723,https://barbertechacademy.com/
499732,https://windsoruniversity.us/
499741,https://crescentcareer.com/
499769,https://www.pfi.edu/
499811,https://www.rickettsgreatbookscollege.org/
499820,https://diversemediainstitute.org/
499839,https://hotrod.edu/
499866,https://atlanticactingschool.org/
499875,https://myy.edu/
499884,https://www.jamabeautycollege.org/
499893,https://westcoastbarbercollege.com/
499918,https://www.cnkbarbercollege.com/
499927,https://southpostoakbarbercollege.com/
499936,https://www.petracollege.com/
499945,https://brightonbarber.com/
499954,https://www.kwi.us/
499963,https://www.precisionweldingacademy.com/
499972,https://www.swmbeautyschool.com/
499981,https://sunm.edu/
499990,https://bereabeautyacademy.net/
500005,https://www.affinityhairacademy.com/
500014,https://www.icrfloridaeducation.com/
500023,https://www.empire.edu/
500041,https://kennedy.edu.pl/
500069,https://amomschool.com/
500087,https://doral.edu/
500096,https://www.lincolntech.edu/campus/east-point-ga
500120,https://tidewatertechtrades.edu/
500157,https://www.lillousbeautyandbarbercollege.com/
500175,https://www.casalomacollege.edu/
500290,https://www.arizonacollege.edu/
500306,https://www.arizonacollege.edu/
500324,https://www.ucastx.com/
500333,https://www.arizonacollege.edu/
500342,https://edvance.edu/
500379,https://www.haeducation.net/
500388,https://www.thevirginiabarberschool.com/
500397,https://agmedtech.com/
500403,https://miamibarberinstitute.com/
500412,https://www.mmbacademy.com/
500421,https://www.epicbarbercollege.com/
500430,https://mosleysoc.com/
500449,https://nochi.org/
500467,https://glitz.edu/
500494,https://www.pivotpoint.edu/
500537,https://urbeautybarberacademy.com/
500555,https://shearzinstitute.com/
500670,https://ufairfax.edu/
500704,https://www.circleofloveacademy.com/
500713,https://www.vcc.edu/
500722,https://www.iitnj.edu/
500731,https://www.beautycultureacademy.com/
500740,https://www.congymh.org/
500759,https://eisek.org/
500768,https://centureon.institute/
500777,https://doobyshopschool.com/
500786,https://www.newimagebeautyandbarberschool.com/
500795,https://finaltouchbarberacademy.com/
500801,https://metrobarberacademy.com/
500810,https://oheltorahoflakewood.net/
500829,https://www.northpointcollege.edu/
500838,https://www.goodwilltechnicalcollege.edu/
500847,https://www.charmbeautyschools.com/
500856,https://www.tspawhitehouse.com/
500865,https://www.noenoonan.com/
500874,https://www.tspafortwayne.com/
500892,https://www.champsbarberschool.com/
500935,https://www.uei.edu/
500944,https://galencollege.edu/aurora
500953,https://www.galencollege.edu/savannah
500962,https://galencollege.edu/campuses/orlando
500971,https://carrington.edu/
500999,https://carrington.edu/
501008,https://carrington.edu/
501017,https://carrington.edu/
501026,https://carrington.edu/
501035,https://carrington.edu/
501044,https://carrington.edu/
501053,https://carrington.edu/
501062,https://carrington.edu/
501071,https://carrington.edu/
501080,https://carrington.edu/
501105,https://lyoninstitute.com/dentistry-program/
501141,https://premiereaestheticsinstitute.com/
501150,https://euphoriainstitute.com/
501187,https://tintcosmetologyschools.com/
501196,https://www.chcp.edu/
501211,https://www.obc.edu/
501293,https://nevadacareerinstitute.com/
501309,https://www.uei.edu/
501318,https://www.uei.edu/
501327,https://nw.edu/
501336,https://www.activatrainingcenter.com/
501345,https://www.ccom.edu/
501354,https://www.neihuleacademy.com/
501363,https://www.princesbarber.academy/
501381,https://www.stylemobbuniversity.edu/
501390,https://yeshivagedolaamideidgirsa.com/
501406,https://www.carehope.edu/
501451,https://www.uthflorida.us/
501460,https://uona.edu/
501488,https://westcoastuniversity.edu/
501497,https://orangetechcollege.net/
501521,https://www.herzing.edu/
501530,https://atl.ogleschool.edu/atlanta-campus/
501549,https://www.thechicagoschool.edu/in-the-community/locations/
501567,https://elainesterling.com/dunwoody-campus/
501576,https://houstoncareerinstitute.com/
501600,https://nwec.edu/
501619,https://www.lincolntech.edu/campus/houston-tx
501628,https://www.glitz.edu/
501664,https://www.sjvc.edu/
501673,https://www.sjvc.edu/
501682,https://www.sjvc.edu/
501691,https://www.concorde.edu/campus/portland-oregon
501707,https://rubc.edu/
10236801,http://www.troy.edu/about-us/phenix-city-campus/index.html
10236802,http://www.troy.edu/about-us/montgomery-campus/index.html
10236803,http://www.troy.edu/about-us/dothan-campus/index.html
10236808,http://www.troy.edu/online/
10236809,http://www.troy.edu/about-us/troy-support-centers/
10415101,http://www.asu.edu/
10415102,http://www.asu.edu/
10415103,http://www.asu.edu/
10415104,http://www.asu.edu/
10415106,http://www.asu.edu/
10415107,http://www.asu.edu/
10415108,http://www.asu.edu/
10415109,http://www.asu.edu/
10415110,http://www.asu.edu/
10415111,http://www.asu.edu/
10415112,http://www.asu.edu/
10415113,http://www.asu.edu/
10415114,http://www.asu.edu/
10415115,http://www.asu.edu/
10415116,http://www.asu.edu/
10635101,http://www.acbhd.edu/
10722001,http://www.beautynwa.com/
10722002,http://www.beautynwa.com/
10722003,http://www.beautynwa.com/
10722004,http://www.beautynwa.com/
10772501,http://www.uaht.edu/index.php
11046801,https://www.alliant.edu/
11046802,https://www.alliant.edu/
11046803,https://www.alliant.edu/
11046804,https://www.alliant.edu/
11046805,https://www.alliant.edu/
11046806,https://www.alliant.edu/
11163801,https://casalomacollege.edu/nashville-sec/
11163802,https://www.casalomacollege.edu/
11458501,https://www.fivebranches.edu/
11643901,https://atep.ivc.edu/
11710401,https://lifepacific.edu/visit-east/
11752001,https://www.lifewest.edu/
11891201,https://miracosta.edu/
11917301,http://www.msmu.edu/
12162801,https://www.rand.edu/
12240901,https://imperialvalley.sdsu.edu/
12265801,http://www.deltacollege.edu/
12293101,http://www.scu.edu/jst
12429201,https://thomasaquinas.edu/
12509101,http://www.vvc.edu/academic/aviation-tech/
12601201,http://wi.edu/
12697901,http://www.denverseminary.edu/dc/
12915401,https://www.goodwin.edu/
13017403,http://www.porterchester.edu/
13017405,http://www.porterchester.edu/
13017408,https://www.porterchester.edu/
13017409,https://www.porterchester.edu/
13017410,https://www.porterchester.edu/
13090701,https://www.dtcc.edu/our-campuses/georgetown
13090702,https://www.dtcc.edu/our-campuses/wilmington
13247101,http://www.barry.edu/law/
13508101,http://www.keiseruniversity.edu/melbourne/
13508102,http://www.keiseruniversity.edu/tallahassee/
13508103,http://www.keiseruniversity.edu/daytona-beach/
13508104,http://www.keiseruniversity.edu/lakeland/
13508105,http://www.keiseruniversity.edu/miami/
13508106,http://www.keiseruniversity.edu/orlando/
13508107,http://www.keiseruniversity.edu/sarasota/
13508108,http://www.keiseruniversity.edu/jacksonville/
13508109,http://www.keiseruniversity.edu/tampa/
13508110,http://www.keiseruniversity.edu/pembroke-pines/
13508111,http://www.keiseruniversity.edu/port-st-lucie/
13508112,http://www.keiseruniversity.edu/west-palm-beach/
13508113,http://www.keiseruniversity.edu/fort-myers/
13508114,http://www.keiseruniversity.edu/clearwater/
13508115,http://www.keiseruniversity.edu/new-port-richey/
13508116,http://www.keiseruniversity.edu/residential/
13552201,http://techcolleges.polkschoolsfl.com/
13552202,http://techcolleges.polkschoolsfl.com/
13682601,https://www.robertmorgantech.edu/
13830901,https://www.rasmussen.edu/
13830902,https://www.rasmussen.edu/
13830903,https://www.rasmussen.edu/
13830905,https://www.rasmussen.edu/
13962101,https://www.ega.edu/statesboro/index.html
13962102,https://www.ega.edu/admissions/visit/virtual-tour/egsc-augusta.html
14570701,https://www.iecc.edu/occ
14570702,https://www.iecc.edu/fcc
14570703,https://www.iecc.edu/ltc
14570704,https://www.iecc.edu/wvc
14736901,https://www.moody.edu/grad/michigan/
14736903,https://www.moody.edu/undergrad/aviation/
14953201,http://www.triton.edu/
15085301,https://www.gotopjs.com/
15085303,https://www.gotopjs.com/
15098701,http://www.ivytech.edu/locations/south-bend/
15098702,http://www.ivytech.edu/locations/columbus/
15098703,http://www.ivytech.edu/locations/muncie/
15098704,http://www.ivytech.edu/locations/kokomo/
15098705,http://www.ivytech.edu/locations/lafayette/
15098706,http://www.ivytech.edu/locations/fort-wayne/
15098707,http://www.ivytech.edu/locations/sellersburg
15098708,http://www.ivytech.edu/locations/evansville/
15098709,http://www.ivytech.edu/locations/terre-haute/
15098710,http://www.ivytech.edu/locations/richmond/
15098711,http://www.ivytech.edu/locations/lake-county/
15098712,http://www.ivytech.edu/locations/madison/
15098713,http://ivytech.edu/locations/bloomington/
15098714,http://www.ivytech.edu/locations/indianapolis/
15098715,http://www.ivytech.edu/locations/marion/
15098716,http://www.ivytech.edu/locations/valparaiso/
15098717,https://www.ivytech.edu/locations/lawrenceburg/
15098718,https://www.ivytech.edu/locations/hamilton-county/
15098719,https://www.ivytech.edu/locations/anderson/
15111101,https://fortwayne.iu.edu/index.html
15111102,https://columbus.iu.edu/index.html
15208001,http://www.nd.edu/
15336601,http://www.graceland.edu/
15468801,http://www.bakeru.edu/
15492501,http://www.coffeyville.edu/
15492502,http://www.coffeyville.edu/
15492503,https://www.coffeyville.edu/
15535301,http://www.otbcollege.com/
15631001,http://www.gotopjs.com/
15631002,http://www.gotopjs.com/
15631003,http://www.gotopjs.com/
15631004,http://www.gotopjs.com/
15631005,https://www.gotopjs.com/
16061201,https://www.southeastern.edu/
16061202,https://www.southeastern.edu/
16061203,https://www.southeastern.edu/
16061204,https://www.southeastern.edu/
16099501,https://www.beal.edu/
16125301,https://machias.edu/
16157202,https://unity.edu/
16884704,http://www.baker.edu/
16884706,http://www.baker.edu/
16884707,http://www.baker.edu/
16884710,http://www.baker.edu/
16908001,https://www.calvin.edu/prison-initiative
16947903,http://www.davenport.edu/
16947904,http://www.davenport.edu/
16947905,http://www.davenport.edu/
16947907,http://www.davenport.edu/
16947912,http://www.davenport.edu/
16947922,http://www.davenport.edu/
16947925,http://www.davenport.edu/
17296301,http://www.anokaramsey.edu/
17320301,http://www.clcmn.edu/
17355901,http://www.minnesota.edu/
17355902,http://www.minnesota.edu/
17355903,http://www.minnesota.edu/
17373501,http://minnesotanorth.edu/
17373502,http://minnesotanorth.edu/
17373503,http://minnesotanorth.edu/
17373504,http://minnesotanorth.edu/
17373505,http://minnesotanorth.edu/
17391101,http://southcentral.edu/
17395701,https://college.mayo.edu/
17395702,https://college.mayo.edu/
17395703,https://college.mayo.edu/
17447301,http://www.northlandcollege.edu/
17447302,https://www.northlandcollege.edu/
17501401,https://www.rasmussen.edu/
17501402,https://www.rasmussen.edu/
17501403,https://www.rasmussen.edu/
17501406,https://www.rasmussen.edu/
17526301,http://www.southeastmn.edu/
17557301,https://www.colin.edu/
17557302,https://www.colin.edu/
17601701,https://www.umc.edu/
17623901,https://www.prcc.edu/
17623902,https://prcc.edu/
17662801,https://www.avila.edu/
17706501,https://www.ccis.edu/locations/redstone-arsenal
17706504,https://www.ccis.edu/locations/nas-jacksonville
17706508,https://www.ccis.edu/locations/fort-leonard-wood
17706510,https://www.ccis.edu/locations/lake-ozark
17706512,https://www.ccis.edu/locations/fort-worth
17706515,https://www.ccis.edu/locations/marysville
17706523,https://www.ccis.edu/locations/fort-stewart
17706524,https://www.ccis.edu/locations/hunter-army-airfield
17706525,https://www.ccis.edu/locations/elgin
17706527,https://www.ccis.edu/locations/whidbey-island
17706530,https://www.ccis.edu/locations/fort-sill
17706532,https://www.ccis.edu/locations/san-diego
17706546,https://www.ccis.edu/locations/denver
17706547,https://www.ccis.edu/locations/whiteman
17981201,http://www.kansascity.edu/
18017901,https://www.msubillings.edu/citycollege/
18409201,http://www.americaninstitute.com/
18557201,https://www.monmouth.edu/
18908801,https://www.bard.edu/
18908802,https://www.bard.edu/
18908803,https://www.bard.edu/
18908804,https://www.bard.edu/
18908805,https://www.bard.edu/
18908806,https://www.bard.edu/
18908807,https://www.bard.edu/
18908808,https://www.bard.edu/
18908809,https://www.bard.edu/
18908811,https://www.bard.edu/
18908812,https://www.bard.edu/
18908814,https://www.bard.edu/
18956501,https://www.bryantstratton.edu/
18958301,https://www.bryantstratton.edu/
18958302,https://www.bryantstratton.edu/
18959201,https://www.bryantstratton.edu/
19004401,https://www.clarkson.edu/about/visit/capital-region
19050301,http://www.ciachef.edu/
19050302,http://www.ciachef.edu/
19054901,http://www.brooklyn.edu/feirstein/
19385801,http://www.aicm.edu/
19457801,https://www.pratt.edu/
19857001,http://www.gaston.edu/
19975901,https://www.judsoncollege.com/academics/prison-program/
19975902,https://www.judsoncollege.com/academics/prison-program/
19975903,https://www.judsoncollege.com/academics/prison-program/
19998001,http://www.wsbarberschool.com/
20146901,https://www.bryantstratton.edu/
20146902,https://www.bryantstratton.edu/
20303001,https://www.ccsoh.us/domain/197
20306701,http://huc.edu/
20306702,http://huc.edu/
20354401,http://kc.edu/
20417601,http://www.mccn.edu/
20940901,https://www.bushnell.edu/
21036801,https://www.westernseminary.edu/
21078401,http://www.thebeautyinstituteskp.edu/
21130701,http://www.bucks.edu/
21130702,http://www.bucks.edu/
21287801,https://www.hacc.edu/
21287802,https://www.hacc.edu/
21287803,https://www.hacc.edu/
21287804,https://www.hacc.edu/
21316301,https://www.upmc.com/healthcare-professionals/education/schools-of-nursing/campuses/jameson-hamot
21429001,https://www.ncstrades.edu/
21429002,https://www.ncstrades.edu/east-liverpool-programs/
21437901,http://www.northampton.edu/admissions/campus-locations/monroe-campus.htm
21597401,https://www.upmc.com/healthcare-professionals/education/schools-of-nursing/campuses/shadyside-harrisburg
21608301,https://www.southhills.edu/
22039402,https://tcatjacksboro.edu/
22055202,https://www.south.edu/locations/asheville/
22055203,https://www.south.edu/locations/nashville/
22055204,https://www.south.edu/locations/atlanta/
22055205,https://www.south.edu/locations/indianapolis/
22055206,https://www.south.edu/locations/orlando/
22055207,https://www.south.edu/location/pittsburgh/
22797901,http://www.sanjac.edu/
22797902,http://www.sanjac.edu/
22797903,https://www.sanjac.edu/
22872301,https://health.tamu.edu/
23059701,https://www.snow.edu/richfield/
23059702,https://www.snow.edu/
23155401,http://www.bluefield.edu/
23155402,https://www.bluefield.edu/
23178501,https://www.bryantstratton.edu/
23178502,https://www.bryantstratton.edu/
23368401,http://www.strayer.edu/campus-locations/virginia/alexandria
23368410,http://www.strayer.edu/campus-locations/virginia/newport-news
23368411,http://www.strayer.edu/campus-locations/virginia/virginia-beach
23384201,http://www.upsem.edu/
23661002,https://www.shoreline.edu/
23693901,https://www.vancouver.wsu.edu/
23693902,https://spokane.wsu.edu/
23693903,https://tricities.wsu.edu/
23693904,https://everett.wsu.edu/
23693905,https://online.wsu.edu/
23743701,https://ameritas.edu/
24297201,http://www.nuc.edu/
24297202,http://www.nuc.edu/
24297203,http://www.nuc.edu/
24297204,http://www.nuc.edu/
24297205,http://www.nuc.edu/
24297206,http://www.nuc.edu/
24297207,https://www.ftccollege.edu/
24297208,https://www.ftccollege.edu/
24297209,https://www.ftccollege.edu/
24297210,https://www.ftccollege.edu/
24297211,https://www.ftccollege.edu/
24297212,http://tecnicos.nuc.edu/
24297213,http://tecnicos.nuc.edu/
24297214,http://tecnicos.nuc.edu/
24297215,http://tecnicos.nuc.edu/
24297216,http://tecnicos.nuc.edu/
24297217,http://tecnicos.nuc.edu/
24297218,http://tecnicos.nuc.edu/
24297219,http://tecnicos.nuc.edu/
24297220,http://tecnicos.nuc.edu/
24297221,http://tecnicos.nuc.edu/
24297222,http://tecnicos.nuc.edu/
24297223,http://tecnicos.nuc.edu/
24297224,http://tecnicos.nuc.edu/
24297225,https://www.ftccollege.edu/
24297226,https://www.ftccollege.edu/
24366501,http://www.uvi.edu/
24378001,http://polytechnic.purdue.edu/anderson
24378002,http://polytechnic.purdue.edu/indianapolis
24378003,http://polytechnic.purdue.edu/south-bend
24378004,http://polytechnic.purdue.edu/new-albany
24378006,http://polytechnic.purdue.edu/columbus
24378007,http://polytechnic.purdue.edu/kokomo
24378008,http://polytechnic.purdue.edu/richmond
24378009,http://polytechnic.purdue.edu/lafayette
24378010,http://polytechnic.purdue.edu/vincennes
24378012,https://www.purdue.edu/campuses/indianapolis/
24893401,http://www.ecpi.edu/
24893402,http://www.ecpi.edu/
24893403,http://www.ecpi.edu/
24893404,http://www.ecpi.edu/
24893405,http://www.ecpi.edu/
24893406,http://www.ecpi.edu/
24893407,http://www.ecpi.edu/
24893408,http://www.ecpi.edu/
24893410,http://www.ecpi.edu/college-of-culinary-arts
24893411,http://www.ecpi.edu/
24893412,http://www.ecpi.edu/
24893413,http://www.ecpi.edu/
24893414,http://www.ecpi.edu/
24893415,http://www.ecpi.edu/
24893416,http://www.ecpi.edu/
24893418,http://www.ecpi.edu/
26092901,https://paulmitchell.edu/coeurdalene
36662301,https://nwtech.edu/
37321601,https://www.pivotpoint.edu/
37369601,http://www.rob-roy.com/
37669501,https://cmi.edu/
37727201,https://www.nuvani.edu/
37728101,https://www.nuvani.edu/
37728103,https://www.nuvani.edu/
38430601,https://www.aimc.edu/
38561901,https://www.evergladesuniversity.edu/
38561902,https://www.evergladesuniversity.edu/
38561903,https://www.evergladesuniversity.edu/
38561904,http://www.evergladesuniversity.edu/
40884401,http://www.fnu.edu/
40884402,http://www.fnu.edu/
41829601,http://www.ictech.edu/
41829602,http://www.ictech.edu/
41829603,http://www.ictech.edu/
41829604,http://www.ictech.edu/
41918301,http://ccsce.org/
42312001,https://www.compumed.edu/
42312002,https://www.compumed.edu/
42799101,http://otech.osceolaschools.net/
42799102,https://otech.osceolaschools.net/
42817001,http://www.sec.edu/
43482101,http://www.bluecliffcollege.edu/
44098901,http://www.txbarber.edu/
44098902,http://www.txbarber.edu/
44098904,http://www.txbarber.edu/
44376602,http://www.strayer.edu/campus-locations/tennessee/shelby
44378403,http://www.strayer.edu/campus-locations/pennsylvania/center-city
44628801,https://paulmitchell.edu/sarasota
44652501,https://usa.sae.edu/campuses/new-york/
44652502,http://www.usa.sae.edu/
44652503,http://usa.sae.edu/campuses/miami/
44652504,http://chicago.sae.edu/
44784701,http://www.aviatoramt.com/
44867301,https://www.rasmussen.edu/
44867302,https://www.rasmussen.edu/
44867303,https://www.rasmussen.edu/
44948101,https://www.dragonrises.edu/
44970001,http://www.massageschools.com/
44970002,http://www.massageschools.com/
44970003,http://www.massageschools.com/
44970004,https://www.massageschools.com/
45057102,https://www.rasmussen.edu/
45098801,http://www.coastlinebeauty.edu/
45128201,https://www.esimichigan.com/
45133401,http://www.aohd.edu/
45175002,https://www.bryantstratton.edu/
45486501,http://www.cambridgehealth.edu/
45486502,http://www.cambridgehealth.edu/
45491701,https://celebrity.edu/
45519601,https://www.jerseycollege.edu/campuses/florida/tampa-fl
45519602,https://www.jerseycollege.edu/campuses/new-jersey/ewing-nj
45519603,https://www.jerseycollege.edu/campuses/florida/jacksonville-fl
45519604,https://www.jerseycollege.edu/campuses/florida/fort-lauderdale-fl
45519605,https://www.jerseycollege.edu/campuses/florida/largo-fl
45519606,https://www.jerseycollege.edu/campuses/florida/port-charlotte-fl
45519607,https://www.jerseycollege.edu/campuses/indiana/fort-wayne-in
45519608,https://www.jerseycollege.edu/campuses/florida/brooksville-fl
45519609,https://www.jerseycollege.edu/campuses/florida/naples-fl
45519610,https://www.jerseycollege.edu/campuses/tennessee/cleveland-tn
45519611,https://www.jerseycollege.edu/campuses/florida/melbourne-fl
45519612,https://www.jerseycollege.edu/campuses/pennsylvania/scranton-pa
45519613,https://www.jerseycollege.edu/campuses/arizona/tucson-az
45519614,https://www.jerseycollege.edu/campuses/tennessee/knoxville-tn
45519615,https://www.jerseycollege.edu/campuses/pennsylvania/jenkintown-pa
45519616,https://www.jerseycollege.edu/campuses/arizona/mesa-az
45519617,https://www.jerseycollege.edu/campuses/alabama/dothan-al
45519618,https://www.jerseycollege.edu/campuses/pennsylvania/york-pa
45538101,http://www.skinscienceinstitute.com/
45763301,https://www.lespritacademy.com/
45891902,http://www.strayer.edu/campus-locations/georgia/morrow
45891905,http://www.strayer.edu/campus-locations/georgia/lithonia
45891907,http://www.strayer.edu/campus-locations/georgia/augusta
45897303,http://www.strayer.edu/campus-locations/texas/northwest-houston
45897306,http://www.strayer.edu/campus-locations/texas/north-dallas
45920401,https://www.unitekcollege.edu/
45920402,https://unitekcollege.edu/
45920403,https://unitekcollege.edu/
45920404,https://www.unitekcollege.edu/
45920405,https://www.unitekcollege.edu/
46182901,https://www.cintaaveda.com/
47503301,http://relay.edu/location/relay-newark
47503302,http://relay.edu/location/relay-new-orleans
47503303,http://relay.edu/location/relay-delaware
47503304,http://relay.edu/location/relay-memphis
47503305,http://relay.edu/location/relay-houston
47503306,http://relay.edu/location/relay-chicago
47503307,http://relay.edu/location/relay-baton-rouge
47503308,http://relay.edu/location/relay-philadelphia-camden
47503309,http://relay.edu/location/relay-denver
47503310,http://relay.edu/location/relay-nashville
47503311,http://relay.edu/location/relay-san-antonio
47503312,http://relay.edu/location/relay-dallas-fort-worth
47503313,http://relay.edu/location/relay-washington-dc
47503314,http://relay.edu/location/relay-atlanta
47503315,http://relay.edu/
47503316,http://relay.edu/location/relay-indianapolis
47503317,http://relay.edu/location/relay-connecticut
47570501,https://www.asn.edu/
47662901,http://www.saloninstitute.edu/
48065701,https://rasmussen.edu/
48079001,https://www.rvu.edu/utah/
48092101,https://designercollege.net/
48100301,https://mttrainingcenter.org/
48133101,http://www.sharpedgez.com/
48152601,https://chrysm.edu/
48224601,https://learntoweld.com/
48224602,http://learntoweld.com/
48325801,https://www.networksbarbercollege.com/
48379901,http://acupressureschool.com/
48387801,http://www.bamasf.edu/
48400201,http://www.hdmc.edu/
48400202,http://www.hdmc.edu/
48486201,https://www.uwla.edu/
48511103,https://www.gmc.edu/
48511104,https://www.gmc.edu/
48511105,https://www.gmc.edu/
48511106,https://www.gmc.edu/
48511107,https://www.gmc.edu/
48511109,https://www.gmc.edu/
48511112,https://www.gmc.edu/
48511113,https://www.gmc.edu/
48616901,https://www.americancollegeofbarbering.com/
48891601,https://www.asntc.edu/
49005401,http://www.hci.edu/
49010601,https://www.vuim.edu/
49010602,https://www.vuim.edu/
49146401,https://www.abcadultschool.edu/
49158901,https://mystrosbarberacademy.org/
49175601,https://www.urbanbarbercollege.com/
49175602,https://www.urbanbarbercollege.com/
49178301,https://wstc.hernandoschools.org/
49362801,https://www.probeautyacademy.com/
49382201,https://www.collegeunbound.edu/
49425001,https://www.valley.edu/
49501301,https://www.west-mec.edu/findyourhappy
49501302,https://www.west-mec.edu/findyourhappy
49501303,https://www.west-mec.edu/findyourhappy
49664501,https://www.bcit.cc/bcitadulted
