slug,url,title,location,finding,unitid,ipeds_name,ipeds_city,ipeds_state,outcome,checkpoint,target,reason
adirondack-community-college,https://gpacalculator.net/admissions/adirondack-community-college/,Adirondack Community College,"Queensbury, New York","renamed: same name, city and state as UNITID 188438, now SUNY Adirondack",188438,SUNY Adirondack,Queensbury,NY,import,R,,"renamed: same name, city and state as UNITID 188438, now SUNY Adirondack"
alabama-southern-community-college,https://gpacalculator.net/admissions/alabama-southern-community-college/,Alabama Southern Community College,"Monroeville, Alabama",merged,101161,Coastal Alabama Community College,Bay Minette,AL,301,N,https://gpacalculator.net/admissions/coastal-alabama-community-college/,"merged into Coastal Alabama Community College (IPEDS NEWID, audit); now part of Coastal Alabama Community College, which gets a page"
american-indian-college-of-the-assemblies-of-god-inc,https://gpacalculator.net/admissions/american-indian-college-of-the-assemblies-of-god-inc/,American Indian College of the Assemblies of God Inc,"Phoenix, Arizona","left IPEDS: last listed in HD2016, no closing date recorded",,,,,hold,,,left IPEDS after HD2016 without a closing date; FSA's closed-school file doesn't list OPEID 02199900
american-intercontinental-university-online,https://gpacalculator.net/admissions/american-intercontinental-university-online/,American InterContinental University Online,"Hoffman Estates, Illinois","renamed: same name, city and state as UNITID 445027, now American InterContinental University System",445027,American InterContinental University System,Chandler,AZ,import,R,,"renamed: same name, city and state as UNITID 445027, now American InterContinental University System"
ameritech-college-draper,https://gpacalculator.net/admissions/ameritech-college-draper/,AmeriTech College Draper,"Draper, Utah","renamed: same name, city and state as UNITID 447263, now Joyce University of Nursing and Health Sciences",447263,Joyce University of Nursing and Health Sciences,Draper,UT,import,R,,"renamed: same name, city and state as UNITID 447263, now Joyce University of Nursing and Health Sciences"
antelope-valley-college,https://gpacalculator.net/admissions/antelope-valley-college/,Antelope Valley College,"Lancaster, California","renamed: same name, city and state as UNITID 109350, now Antelope Valley Community College District",109350,Antelope Valley Community College District,Lancaster,CA,import,R,,"renamed: same name, city and state as UNITID 109350, now Antelope Valley Community College District"
antonelli-institute,https://gpacalculator.net/admissions/antonelli-institute/,Antonelli Institute,"Erdenheim, Pennsylvania","left IPEDS: last listed in HD2017, no closing date recorded",,,,,retire,R,,"left IPEDS after HD2017 without a closing date; closed 2018-05-04 (FSA's closed-school file lists OPEID 00743000 (Antonelli Institute, Erdenheim, PA), matched by OPEID)"
aquinas-college-tn,https://gpacalculator.net/admissions/aquinas-college-tn/,Aquinas College,"Nashville, Tennessee","left IPEDS: last listed in HD2017, no closing date recorded",,,,,hold,,,left IPEDS after HD2017 without a closing date; FSA's closed-school file doesn't list OPEID 00347700
arizona-college-of-allied-health,https://gpacalculator.net/admissions/arizona-college-of-allied-health/,Arizona College of Allied Health,"Glendale, Arizona","renamed: same name, city and state as UNITID 421708, now Arizona College of Nursing-Tempe",,,,,hold,,,"its old IPEDS ID is now Arizona College of Nursing-Tempe, and Arizona College-Glendale has an ID of its own, so which one this Glendale page means needs checking"
arizona-state-university,https://gpacalculator.net/admissions/arizona-state-university/,Arizona State University,"Tempe, Arizona","consolidated: same name, city and state as UNITID 104151, now Arizona State University Campus Immersion, which 8 other colleges merged into",104151,Arizona State University Campus Immersion,Tempe,AZ,import,R,,"consolidated: same name, city and state as UNITID 104151, now Arizona State University Campus Immersion, which 8 other colleges merged into"
asnuntuck-community-college,https://gpacalculator.net/admissions/asnuntuck-community-college/,Asnuntuck Community College,"Enfield, Connecticut",merged,129367,Connecticut State Community College,New Britain,CT,301,N,https://gpacalculator.net/admissions/connecticut-state-community-college/,"merged into Connecticut State Community College (IPEDS NEWID, audit); now part of Connecticut State Community College, which gets a page"
atlanta-metropolitan-college,https://gpacalculator.net/admissions/atlanta-metropolitan-college/,Atlanta Metropolitan College,"Atlanta, Georgia","renamed: same name, city and state as UNITID 138901, now Atlanta Metropolitan State College",138901,Atlanta Metropolitan State College,Atlanta,GA,import,R,,"renamed: same name, city and state as UNITID 138901, now Atlanta Metropolitan State College"
ats-institute-of-technology,https://gpacalculator.net/admissions/ats-institute-of-technology/,ATS Institute of Technology,"Highland Heights, Ohio","renamed: same name, city and state as UNITID 439455, now MDT College of Health Sciences",,,,,hold,,,"its IPEDS ID now belongs to MDT College of Health Sciences in Chicago, so whether the Ohio school still operates needs checking"
aviation-institute-of-maintenance-chesapeake,https://gpacalculator.net/admissions/aviation-institute-of-maintenance-chesapeake/,Aviation Institute of Maintenance Chesapeake,"Chesapeake, Virginia","renamed: same name, city and state as UNITID 427973, now Aviation Institute of Maintenance-Norfolk",427973,Aviation Institute of Maintenance-Norfolk,Norfolk,VA,import,R,,"renamed: same name, city and state as UNITID 427973, now Aviation Institute of Maintenance-Norfolk"
azusa-pacific-online-university,https://gpacalculator.net/admissions/azusa-pacific-online-university/,Azusa Pacific Online University,"Glendora, California","renamed: same name, city and state as UNITID 474863, now Los Angeles Pacific University",474863,Los Angeles Pacific University,San Dimas,CA,import,R,,"renamed: same name, city and state as UNITID 474863, now Los Angeles Pacific University"
baker-college-of-flint,https://gpacalculator.net/admissions/baker-college-of-flint/,Baker College of Flint,"Flint, Michigan",ambiguous: 2 colleges carried this name in this city,168847,Baker College,Owosso,MI,301,P,https://gpacalculator.net/admissions/baker-college/,"each IPEDS record with this name and city leads to UNITID 168847 (NEWID); now part of Baker College, whose page S adds"
bakke-graduate-university,https://gpacalculator.net/admissions/bakke-graduate-university/,Bakke Graduate University,"Seattle, Washington","renamed: same name, city and state as UNITID 420705, now Bakke Graduate University",420705,Bakke Graduate University,Dallas,TX,import,R,,"renamed: same name, city and state as UNITID 420705, now Bakke Graduate University"
baptist-bible-college-and-graduate-school,https://gpacalculator.net/admissions/baptist-bible-college-and-graduate-school/,Baptist Bible College and Graduate School,"Springfield, Missouri","renamed: same name, city and state as UNITID 176664, now Mission University",176664,Mission University,Springfield,MO,import,R,,"renamed: same name, city and state as UNITID 176664, now Mission University"
baptist-memorial-college-of-health-sciences,https://gpacalculator.net/admissions/baptist-memorial-college-of-health-sciences/,Baptist Memorial College of Health Sciences,"Memphis, Tennessee","renamed: same name, city and state as UNITID 219639, now Baptist Health Sciences University",219639,Baptist Health Sciences University,Memphis,TN,import,R,,"renamed: same name, city and state as UNITID 219639, now Baptist Health Sciences University"
belmont-technical-college,https://gpacalculator.net/admissions/belmont-technical-college/,Belmont Technical College,"Saint Clairsville, Ohio","renamed: same name, city and state as UNITID 201283, now Belmont College",201283,Belmont College,St Clairsville,OH,import,R,,"renamed: same name, city and state as UNITID 201283, now Belmont College"
bennett-college-for-women,https://gpacalculator.net/admissions/bennett-college-for-women/,Bennett College for Women,"Greensboro, North Carolina","renamed: same name, city and state as UNITID 197993, now Bennett College",197993,Bennett College,Greensboro,NC,import,R,,"renamed: same name, city and state as UNITID 197993, now Bennett College"
bergin-college-of-canine-studies,https://gpacalculator.net/admissions/bergin-college-of-canine-studies/,Bergin College of Canine Studies,"Canyonville, Oregon",none,,,,,hold,,,no IPEDS directory since 2002 lists this name in this state; FSA's closed-school file lists no school with this name in this city and state
berks-technical-institute,https://gpacalculator.net/admissions/berks-technical-institute/,Berks Technical Institute,"Wyomissing, Pennsylvania","renamed: same name, city and state as UNITID 213534, now Miller-Motte College-Berks Technical Institute",213534,Miller-Motte College-Berks Technical Institute,Wyomissing,PA,import,R,,"renamed: same name, city and state as UNITID 213534, now Miller-Motte College-Berks Technical Institute"
beth-hatalmud-rabbinical-college,https://gpacalculator.net/admissions/beth-hatalmud-rabbinical-college/,Beth Hatalmud Rabbinical College,"Brooklyn, New York","left IPEDS: last listed in HD2019, no closing date recorded",,,,,hold,,,left IPEDS after HD2019 without a closing date; FSA's closed-school file doesn't list OPEID 01192200
bethel-college,https://gpacalculator.net/admissions/bethel-college/,Bethel College,"Hampton, Virginia",ambiguous: 2 colleges carried this name in this city,,,,,hold,,,"two IPEDS records carried this name in Hampton: one listed only in 2009, and Ascent College, now in Gainesville; which one this page means needs checking"
bethel-college-mishawaka,https://gpacalculator.net/admissions/bethel-college-mishawaka/,Bethel College Mishawaka,"Mishawaka, Indiana","renamed: same name, city and state as UNITID 150145, now Bethel University",150145,Bethel University,Mishawaka,IN,import,R,,"renamed: same name, city and state as UNITID 150145, now Bethel University"
bethesda-university-of-california,https://gpacalculator.net/admissions/bethesda-university-of-california/,Bethesda University of California,"Anaheim, California","renamed: same name, city and state as UNITID 110060, now Bethesda University",110060,Bethesda University,Anaheim,CA,import,R,,"renamed: same name, city and state as UNITID 110060, now Bethesda University"
bloomfield-college,https://gpacalculator.net/admissions/bloomfield-college/,Bloomfield College,"Bloomfield, New Jersey","renamed: same name, city and state as UNITID 183822, now Bloomfield College of Montclair State University",183822,Bloomfield College of Montclair State University,Bloomfield,NJ,import,R,,"renamed: same name, city and state as UNITID 183822, now Bloomfield College of Montclair State University"
blue-mountain-college,https://gpacalculator.net/admissions/blue-mountain-college/,Blue Mountain College,"Blue Mountain, Mississippi","renamed: same name, city and state as UNITID 175430, now Blue Mountain Christian University",175430,Blue Mountain Christian University,Blue Mountain,MS,import,R,,"renamed: same name, city and state as UNITID 175430, now Blue Mountain Christian University"
bridgemont-community-and-technical-college,https://gpacalculator.net/admissions/bridgemont-community-and-technical-college/,Bridgemont Community and Technical College,"Montgomery, West Virginia","left IPEDS: last listed in HD2013, no closing date recorded",,,,,hold,,,left IPEDS after HD2013 without a closing date; FSA's closed-school file doesn't list OPEID 04047300
broadview-university-west-jordan,https://gpacalculator.net/admissions/broadview-university-west-jordan/,Broadview University West Jordan,"West Jordan, Utah","left IPEDS: last listed in HD2022, no closing date recorded",,,,,retire,R,,"left IPEDS after HD2022 without a closing date; closed 2022-12-30 (FSA's closed-school file lists OPEID 01116600 (Broadview College, West Jordan, UT), matched by OPEID)"
broome-community-college,https://gpacalculator.net/admissions/broome-community-college/,Broome Community College,"Binghamton, New York","renamed: same name, city and state as UNITID 189547, now SUNY Broome Community College",189547,SUNY Broome Community College,Binghamton,NY,import,R,,"renamed: same name, city and state as UNITID 189547, now SUNY Broome Community College"
bryan-college,https://gpacalculator.net/admissions/bryan-college/,Bryan College,"Dayton, Tennessee","renamed: same name, city and state as UNITID 219790, now Bryan College-Dayton",219790,Bryan College-Dayton,Dayton,TN,import,R,,"renamed: same name, city and state as UNITID 219790, now Bryan College-Dayton"
bryan-university,https://gpacalculator.net/admissions/bryan-university/,Bryan University,"Los Angeles, California","consolidated: same name, city and state as UNITID 110219, now Bryan University, which 1 other college merged into",110219,Bryan University,Tempe,AZ,import,R,,"consolidated: same name, city and state as UNITID 110219, now Bryan University, which 1 other college merged into"
bryan-university-springfield,https://gpacalculator.net/admissions/bryan-university-springfield/,Bryan University Springfield,"Springfield, Missouri",review,,,,,hold,,,no IPEDS directory since 2002 lists this name in this state; FSA's closed-school file lists no school with this name in this city and state
bryan-university-topeka,https://gpacalculator.net/admissions/bryan-university-topeka/,Bryan University Topeka,"Topeka, Kansas",none,,,,,retire,R,,"no IPEDS directory since 2002 lists this name in this state; closed 2018-05-27 (FSA's closed-school file lists OPEID 03066200 (Bryan University, Topeka, KS), matched by name, city and state)"
bryanlgh-college-of-health-sciences,https://gpacalculator.net/admissions/bryanlgh-college-of-health-sciences/,BryanLGH College of Health Sciences,"Lincoln, Nebraska",fuzzy,180878,Bryan College of Health Sciences,Lincoln,NE,import,R,,near-exact name in the same city and state: Bryan College of Health Sciences
burlington-county-college,https://gpacalculator.net/admissions/burlington-county-college/,Burlington County College,"Pemberton, New Jersey","renamed: same name, city and state as UNITID 183877, now Rowan College at Burlington County",183877,Rowan College at Burlington County,Mount Laurel,NJ,import,R,,"renamed: same name, city and state as UNITID 183877, now Rowan College at Burlington County"
cairn-university,https://gpacalculator.net/admissions/cairn-university/,Cairn University,"Langhorne, Pennsylvania","renamed: same name, city and state as UNITID 215114, now Cairn University-Langhorne",215114,Cairn University-Langhorne,Langhorne,PA,import,R,,"renamed: same name, city and state as UNITID 215114, now Cairn University-Langhorne"
california-arts-university,https://gpacalculator.net/admissions/california-arts-university/,California Arts University,"Fullerton, California","left IPEDS: last listed in HD2022, no closing date recorded",,,,,hold,,,left IPEDS after HD2022 without a closing date; FSA's closed-school file lists no school with this name in this city and state
california-maritime-academy,https://gpacalculator.net/admissions/california-maritime-academy/,California Maritime Academy,"Vallejo, California","renamed: same name, city and state as UNITID 111188, now California State University Maritime Academy",111188,California State University Maritime Academy,Vallejo,CA,import,R,,"renamed: same name, city and state as UNITID 111188, now California State University Maritime Academy"
california-university-of-management-and-sciences,https://gpacalculator.net/admissions/california-university-of-management-and-sciences/,California University of Management and Sciences,"Anaheim, California","left IPEDS: last listed in HD2019, no closing date recorded",,,,,hold,,,left IPEDS after HD2019 without a closing date; FSA's closed-school file doesn't list OPEID 04133100
california-university-of-pennsylvania,https://gpacalculator.net/admissions/california-university-of-pennsylvania/,PennWest California,"California, Pennsylvania",none,,,,,hold,,,no IPEDS directory since 2002 lists this name in this state; FSA's closed-school file lists no school with this name in this city and state
calvary-bible-college-and-theological-seminary,https://gpacalculator.net/admissions/calvary-bible-college-and-theological-seminary/,Calvary Bible College and Theological Seminary,"Kansas City, Missouri","renamed: same name, city and state as UNITID 176789, now Calvary University",176789,Calvary University,Kansas City,MO,import,R,,"renamed: same name, city and state as UNITID 176789, now Calvary University"
capital-area-technical-college-baton-rouge-campus,https://gpacalculator.net/admissions/capital-area-technical-college-baton-rouge-campus/,Capital Area Technical College Baton Rouge Campus,"Baton Rouge, Louisiana","left IPEDS: last listed in HD2017, no closing date recorded",,,,,hold,,,left IPEDS after HD2017 without a closing date; FSA's closed-school file doesn't list OPEID 00548800
capital-community-college,https://gpacalculator.net/admissions/capital-community-college/,Capital Community College,"Hartford, Connecticut","consolidated: same name, city and state as UNITID 129367, now Connecticut State Community College, which 11 other colleges merged into",129367,Connecticut State Community College,New Britain,CT,301,N,https://gpacalculator.net/admissions/connecticut-state-community-college/,"consolidated: same name, city and state as UNITID 129367, now Connecticut State Community College, which 11 other colleges merged into; now part of Connecticut State Community College, which gets a page"
capitol-college,https://gpacalculator.net/admissions/capitol-college/,Capitol College,"Laurel, Maryland","renamed: same name, city and state as UNITID 162061, now Capitol Technology University",162061,Capitol Technology University,Laurel,MD,import,R,,"renamed: same name, city and state as UNITID 162061, now Capitol Technology University"
carlos-albizu-university-miami,https://gpacalculator.net/admissions/carlos-albizu-university-miami/,Carlos Albizu University Miami,"Miami, Florida","renamed: same name, city and state as UNITID 132842, now Albizu University-Miami",132842,Albizu University-Miami,Miami,FL,import,R,,"renamed: same name, city and state as UNITID 132842, now Albizu University-Miami"
carolina-bible-college,https://gpacalculator.net/admissions/carolina-bible-college/,Carolina Bible College,"Fayetteville, North Carolina","renamed: same name, city and state as UNITID 461032, now Carolina College of Biblical Studies",461032,Carolina College of Biblical Studies,Fayetteville,NC,import,R,,"renamed: same name, city and state as UNITID 461032, now Carolina College of Biblical Studies"
carver-bible-college,https://gpacalculator.net/admissions/carver-bible-college/,Carver Bible College,"Atlanta, Georgia","left IPEDS: last listed in HD2018, no closing date recorded",,,,,hold,,,left IPEDS after HD2018 without a closing date; FSA's closed-school file doesn't list OPEID 03635300
castleton-state-college,https://gpacalculator.net/admissions/castleton-state-college/,Castleton State College,"Castleton, Vermont",merged,231165,Vermont State University,Randolph,VT,301,N,https://gpacalculator.net/admissions/vermont-state-university/,"merged into Vermont State University (IPEDS NEWID, audit); now part of Vermont State University, which gets a page"
cbt-college-cutler-bay,https://gpacalculator.net/admissions/cbt-college-cutler-bay/,CBT College Cutler Bay,"Cutler Bay, Florida","renamed: same name, city and state as UNITID 456977, now CBT Technology Institute-Cutler Bay",456977,CBT Technology Institute-Cutler Bay,Cutler Bay,FL,import,R,,"renamed: same name, city and state as UNITID 456977, now CBT Technology Institute-Cutler Bay"
central-baptist-theological-seminary,https://gpacalculator.net/admissions/central-baptist-theological-seminary/,Central Baptist Theological Seminary,"Shawnee, Kansas","left IPEDS: last listed in HD2017, no closing date recorded",,,,,hold,,,left IPEDS after HD2017 without a closing date; FSA's closed-school file doesn't list OPEID 00190700
central-bible-college,https://gpacalculator.net/admissions/central-bible-college/,Central Bible College,"Springfield, Missouri","left IPEDS: last listed in HD2013, no closing date recorded",,,,,retire,R,,"left IPEDS after HD2013 without a closing date; closed 2013-08-21 (FSA's closed-school file lists OPEID 00245200 (Central Bible College, Springfield, MO), matched by OPEID)"
central-maine-medical-center-college-of-nursing-and-health-professions,https://gpacalculator.net/admissions/central-maine-medical-center-college-of-nursing-and-health-professions/,Central Maine Medical Center College of Nursing and Health Professions,"Lewiston, Maine",ambiguous: 2 colleges carried this name in this city,161022,Maine College of Health Professions,Lewiston,ME,import,R,,each IPEDS record with this name and city leads to UNITID 161022 (NEWID)
century-community-and-technical-college,https://gpacalculator.net/admissions/century-community-and-technical-college/,Century Community and Technical College,"White Bear Lake, Minnesota","renamed: same name, city and state as UNITID 175315, now Century College",175315,Century College,White Bear Lake,MN,import,R,,"renamed: same name, city and state as UNITID 175315, now Century College"
chamberlain-college-of-nursing-arizona,https://gpacalculator.net/admissions/chamberlain-college-of-nursing-arizona/,Chamberlain College of Nursing Arizona,"Phoenix, Arizona","renamed: same name, city and state as UNITID 454245, now Chamberlain University-Arizona",454245,Chamberlain University-Arizona,Phoenix,AZ,import,R,,"renamed: same name, city and state as UNITID 454245, now Chamberlain University-Arizona"
chamberlain-college-of-nursing-florida,https://gpacalculator.net/admissions/chamberlain-college-of-nursing-florida/,Chamberlain College of Nursing Florida,"Jacksonville, Florida","renamed: same name, city and state as UNITID 457129, now Chamberlain University-Florida",457129,Chamberlain University-Florida,Jacksonville,FL,import,R,,"renamed: same name, city and state as UNITID 457129, now Chamberlain University-Florida"
chamberlain-college-of-nursing-illinois,https://gpacalculator.net/admissions/chamberlain-college-of-nursing-illinois/,Chamberlain College of Nursing Illinois,"Addison, Illinois","renamed: same name, city and state as UNITID 454227, now Chamberlain University-Illinois",454227,Chamberlain University-Illinois,Addison,IL,import,R,,"renamed: same name, city and state as UNITID 454227, now Chamberlain University-Illinois"
chamberlain-college-of-nursing-missouri,https://gpacalculator.net/admissions/chamberlain-college-of-nursing-missouri/,Chamberlain College of Nursing Missouri,"St. Louis, Missouri","consolidated: same name, city and state as UNITID 466921, now Chamberlain University-Missouri, which 1 other college merged into",466921,Chamberlain University-Missouri,St. Louis,MO,import,R,,"consolidated: same name, city and state as UNITID 466921, now Chamberlain University-Missouri, which 1 other college merged into"
chamberlain-college-of-nursing-ohio,https://gpacalculator.net/admissions/chamberlain-college-of-nursing-ohio/,Chamberlain College of Nursing Ohio,"Columbus, Ohio","renamed: same name, city and state as UNITID 454236, now Chamberlain University-Ohio",454236,Chamberlain University-Ohio,Columbus,OH,import,R,,"renamed: same name, city and state as UNITID 454236, now Chamberlain University-Ohio"
chamberlain-college-of-nursing-texas,https://gpacalculator.net/admissions/chamberlain-college-of-nursing-texas/,Chamberlain College of Nursing Texas,"Houston, Texas","renamed: same name, city and state as UNITID 466930, now Chamberlain University-Texas",466930,Chamberlain University-Texas,Houston,TX,import,R,,"renamed: same name, city and state as UNITID 466930, now Chamberlain University-Texas"
chamberlain-college-of-nursing-virginia,https://gpacalculator.net/admissions/chamberlain-college-of-nursing-virginia/,Chamberlain College of Nursing Virginia,"Arlington, Virginia","renamed: same name, city and state as UNITID 460871, now Chamberlain University-Virginia",460871,Chamberlain University-Virginia,Vienna,VA,import,R,,"renamed: same name, city and state as UNITID 460871, now Chamberlain University-Virginia"
charter-college-anchorage,https://gpacalculator.net/admissions/charter-college-anchorage/,Charter College Anchorage,"Anchorage, Alaska","renamed: same name, city and state as UNITID 102845, now Charter College",102845,Charter College,Anchorage,AK,import,R,,"renamed: same name, city and state as UNITID 102845, now Charter College"
chatfield-college,https://gpacalculator.net/admissions/chatfield-college/,Chatfield College,"Saint Martin, Ohio","left IPEDS: last listed in HD2023, no closing date recorded",,,,,retire,R,,"left IPEDS after HD2023 without a closing date; closed 2023-01-31 (FSA's closed-school file lists OPEID 01088000 (Chatfield College, Saint Martin, OH), matched by OPEID)"
christian-life-college,https://gpacalculator.net/admissions/christian-life-college/,Christian Life College,"Mount Prospect, Illinois","left IPEDS: last listed in HD2019, no closing date recorded",,,,,hold,,,left IPEDS after HD2019 without a closing date; FSA's closed-school file doesn't list OPEID 03199300
city-college-fort-lauderdale,https://gpacalculator.net/admissions/city-college-fort-lauderdale/,City College Fort Lauderdale,"Fort Lauderdale, Florida","renamed: same name, city and state as UNITID 244233, now City College-Hollywood",244233,City College-Hollywood,Hollywood,FL,hold,,,"renamed: same name, city and state as UNITID 244233, now City College-Hollywood; open in IPEDS 2024 but missing from College Scorecard's June 2026 release"
clarion-university-of-pennsylvania,https://gpacalculator.net/admissions/clarion-university-of-pennsylvania/,PennWest Clarion,"Clarion, Pennsylvania",none,,,,,hold,,,no IPEDS directory since 2002 lists this name in this state; FSA's closed-school file lists no school with this name in this city and state
cleveland-chiropractic-college,https://gpacalculator.net/admissions/cleveland-chiropractic-college/,Cleveland Chiropractic College,"Overland Park, Kansas","renamed: same name, city and state as UNITID 177038, now Cleveland University-Kansas City",177038,Cleveland University-Kansas City,Overland Park,KS,import,R,,"renamed: same name, city and state as UNITID 177038, now Cleveland University-Kansas City"
clinton-junior-college,https://gpacalculator.net/admissions/clinton-junior-college/,Clinton Junior College,"Rock Hill, South Carolina","renamed: same name, city and state as UNITID 217891, now Clinton College",217891,Clinton College,Rock Hill,SC,import,R,,"renamed: same name, city and state as UNITID 217891, now Clinton College"
cogswell-college,https://gpacalculator.net/admissions/cogswell-college/,Cogswell College,"Sunnyvale, California","renamed: same name, city and state as UNITID 112394, now University of Silicon Valley",112394,University of Silicon Valley,San Jose,CA,import,R,,"renamed: same name, city and state as UNITID 112394, now University of Silicon Valley"
coleman-university,https://gpacalculator.net/admissions/coleman-university/,Coleman University,"San Diego, California","left IPEDS: last listed in HD2017, no closing date recorded",,,,,retire,R,,"left IPEDS after HD2017 without a closing date; closed 2018-08-05 (FSA's closed-school file lists OPEID 00729600 (Coleman University, San Diego, CA), matched by OPEID)"
college-of-business-and-technology-flagler,https://gpacalculator.net/admissions/college-of-business-and-technology-flagler/,College of Business and Technology Flagler,"Miami, Florida","renamed: same name, city and state as UNITID 449083, now CBT Technology Institute-Main Campus",449083,CBT Technology Institute-Main Campus,Miami,FL,import,R,,"renamed: same name, city and state as UNITID 449083, now CBT Technology Institute-Main Campus"
college-of-business-and-technology-hialeah,https://gpacalculator.net/admissions/college-of-business-and-technology-hialeah/,College of Business and Technology Hialeah,"Hialeah, Florida","renamed: same name, city and state as UNITID 449092, now CBT Technology Institute-Hialeah",449092,CBT Technology Institute-Hialeah,Hialeah,FL,import,R,,"renamed: same name, city and state as UNITID 449092, now CBT Technology Institute-Hialeah"
college-of-the-ouachitas,https://gpacalculator.net/admissions/college-of-the-ouachitas/,College of the Ouachitas,"Malvern, Arkansas","renamed: same name, city and state as UNITID 107521, now Arkansas State University Three Rivers",107521,Arkansas State University Three Rivers,Malvern,AR,import,R,,"renamed: same name, city and state as UNITID 107521, now Arkansas State University Three Rivers"
columbia-college-hollywood,https://gpacalculator.net/admissions/columbia-college-hollywood/,Columbia College Hollywood,"Tarzana, California","renamed: same name, city and state as UNITID 112570, now California College of ASU",112570,California College of ASU,Los Angeles,CA,hold,,,"renamed: same name, city and state as UNITID 112570, now California College of ASU; College Scorecard (June 2026) says it no longer operates"
community-christian-college,https://gpacalculator.net/admissions/community-christian-college/,Community Christian College,"Redlands, California","renamed: same name, city and state as UNITID 446163, now Community Christian College",446163,Community Christian College,Quartzsite,AZ,import,R,,"renamed: same name, city and state as UNITID 446163, now Community Christian College"
computer-career-center,https://gpacalculator.net/admissions/computer-career-center/,Computer Career Center,"Las Cruces, New Mexico",none,,,,,hold,,,no IPEDS directory since 2002 lists this name in this state; FSA's closed-school file lists no school with this name in this city and state
concordia-university-seward,https://gpacalculator.net/admissions/concordia-university-seward/,Concordia University Seward,"Seward, Nebraska","renamed: same name, city and state as UNITID 180984, now Concordia University-Nebraska",180984,Concordia University-Nebraska,Seward,NE,import,R,,"renamed: same name, city and state as UNITID 180984, now Concordia University-Nebraska"
corcoran-college-of-art-and-design,https://gpacalculator.net/admissions/corcoran-college-of-art-and-design/,Corcoran College of Art and Design,"Washington, District Of Columbia",review,,,,,hold,,,no IPEDS directory since 2002 lists this name in this state; FSA's closed-school file lists no school with this name in this city and state
corning-community-college,https://gpacalculator.net/admissions/corning-community-college/,Corning Community College,"Corning, New York","renamed: same name, city and state as UNITID 190442, now SUNY Corning Community College",190442,SUNY Corning Community College,Corning,NY,import,R,,"renamed: same name, city and state as UNITID 190442, now SUNY Corning Community College"
court-reporting-institute-of-louisiana,https://gpacalculator.net/admissions/court-reporting-institute-of-louisiana/,Court Reporting Institute of Louisiana,"Baton Rouge, Louisiana","left IPEDS: last listed in HD2018, no closing date recorded",,,,,hold,,,left IPEDS after HD2018 without a closing date; FSA's closed-school file doesn't list OPEID 03810500
crossroads-bible-college,https://gpacalculator.net/admissions/crossroads-bible-college/,Crossroads Bible College,"Indianapolis, Indiana","left IPEDS: last listed in HD2019, no closing date recorded",,,,,hold,,,left IPEDS after HD2019 without a closing date; FSA's closed-school file doesn't list OPEID 03456700
crossroads-college,https://gpacalculator.net/admissions/crossroads-college/,Crossroads College,"Rochester, Minnesota","left IPEDS: last listed in HD2016, no closing date recorded",,,,,retire,R,,"left IPEDS after HD2016 without a closing date; closed 2016-08-21 (FSA's closed-school file lists OPEID 00236600 (Crossroads College, Rochester, MN), matched by OPEID)"
crouse-hospital-college-of-nursing,https://gpacalculator.net/admissions/crouse-hospital-college-of-nursing/,Crouse Hospital College of Nursing,"Syracuse, New York","renamed: same name, city and state as UNITID 190451, now Pomeroy College of Nursing at Crouse Hospital",190451,Pomeroy College of Nursing at Crouse Hospital,East Syracuse,NY,import,R,,"renamed: same name, city and state as UNITID 190451, now Pomeroy College of Nursing at Crouse Hospital"
cumberland-county-college,https://gpacalculator.net/admissions/cumberland-county-college/,Cumberland County College,"Vineland, New Jersey","renamed: same name, city and state as UNITID 184205, now Rowan College of South Jersey-Cumberland Campus",184205,Rowan College of South Jersey-Cumberland Campus,Vineland,NJ,import,R,,"renamed: same name, city and state as UNITID 184205, now Rowan College of South Jersey-Cumberland Campus"
dabney-s-lancaster-community-college,https://gpacalculator.net/admissions/dabney-s-lancaster-community-college/,Dabney S Lancaster Community College,"Clifton Forge, Virginia","renamed: same name, city and state as UNITID 231873, now Mountain Gateway Community College",231873,Mountain Gateway Community College,Clifton Forge,VA,import,R,,"renamed: same name, city and state as UNITID 231873, now Mountain Gateway Community College"
davidson-county-community-college,https://gpacalculator.net/admissions/davidson-county-community-college/,Davidson County Community College,"Thomasville, North Carolina","renamed: same name, city and state as UNITID 198376, now Davidson-Davie Community College",198376,Davidson-Davie Community College,Thomasville,NC,import,R,,"renamed: same name, city and state as UNITID 198376, now Davidson-Davie Community College"
daymar-college-bellevue,https://gpacalculator.net/admissions/daymar-college-bellevue/,Daymar College Bellevue,"Bellevue, Kentucky","left IPEDS: last listed in HD2017, no closing date recorded",,,,,retire,R,,"left IPEDS after HD2017 without a closing date; closed 2018-03-26 (FSA's closed-school file lists OPEID 00931305 (Daymar College - Bellevue, Bellevue, KY), matched by OPEID)"
daymar-college-chillicothe,https://gpacalculator.net/admissions/daymar-college-chillicothe/,Daymar College Chillicothe,"Chillicothe, Ohio","left IPEDS: last listed in HD2016, no closing date recorded",,,,,retire,R,,"left IPEDS after HD2016 without a closing date; closed 2016-09-19 (FSA's closed-school file lists OPEID 02056800 (Daymar College, New Boston, OH), matched by OPEID)"
daymar-college-owensboro,https://gpacalculator.net/admissions/daymar-college-owensboro/,Daymar College Owensboro,"Owensboro, Kentucky","left IPEDS: last listed in HD2017, no closing date recorded",,,,,retire,R,,"left IPEDS after HD2017 without a closing date; closed 2018-06-18 (FSA's closed-school file lists OPEID 00931300 (Daymar College, Owensboro, KY), matched by OPEID)"
dellarte-international-school-of-physical-theatre,https://gpacalculator.net/admissions/dellarte-international-school-of-physical-theatre/,Dell'Arte International School of Physical Theatre,"Blue Lake, California","left IPEDS: last listed in HD2023, no closing date recorded",,,,,hold,,,left IPEDS after HD2023 without a closing date; FSA's closed-school file doesn't list OPEID 03025600
delta-school-of-business-and-technology,https://gpacalculator.net/admissions/delta-school-of-business-and-technology/,Delta School of Business and Technology,"Lake Charles, Louisiana","left IPEDS: last listed in HD2018, no closing date recorded",,,,,hold,,,left IPEDS after HD2018 without a closing date; FSA's closed-school file doesn't list OPEID 02055500
des-moines-university,https://gpacalculator.net/admissions/des-moines-university/,Des Moines University Medicine and Health Sciences,"West Des Moines, Iowa",none,,,,,hold,,,no IPEDS directory since 2002 lists this name in this state; FSA's closed-school file lists no school with this name in this city and state
devry-university-colorado,https://gpacalculator.net/admissions/devry-university-colorado/,DeVry University Colorado,"Westminster, Colorado",ambiguous: 2 colleges carried this name in this city,482440,,,,retire,R,,"each IPEDS record with this name and city leads to UNITID 482440 (NEWID); UNITID 482440 closed 06/25/2022 (IPEDS CLOSEDAT, HD2023)"
devry-university-indiana,https://gpacalculator.net/admissions/devry-university-indiana/,DeVry University Indiana,"Indianapolis, Indiana",ambiguous: 2 colleges carried this name in this city,482486,,,,retire,R,,"each IPEDS record with this name and city leads to UNITID 482486 (NEWID); UNITID 482486 closed 06/26/2021 (IPEDS CLOSEDAT, HD2022)"
devry-university-kentucky,https://gpacalculator.net/admissions/devry-university-kentucky/,DeVry University Kentucky,"Louisville, Kentucky",ambiguous: 2 colleges carried this name in this city,482495,,,,retire,R,,"each IPEDS record with this name and city leads to UNITID 482495 (NEWID); UNITID 482495 closed 12/21/2014 (IPEDS CLOSEDAT, HD2014)"
devry-university-maryland,https://gpacalculator.net/admissions/devry-university-maryland/,DeVry University Maryland,"Bethesda, Maryland",ambiguous: 2 colleges carried this name in this city,482501,,,,retire,R,,"each IPEDS record with this name and city leads to UNITID 482501 (NEWID); UNITID 482501 closed 12/21/2014 (IPEDS CLOSEDAT, HD2015)"
devry-university-michigan,https://gpacalculator.net/admissions/devry-university-michigan/,DeVry University Michigan,"Southfield, Michigan",ambiguous: 2 colleges carried this name in this city,482510,,,,retire,R,,"each IPEDS record with this name and city leads to UNITID 482510 (NEWID); UNITID 482510 closed 10/25/2015 (IPEDS CLOSEDAT, HD2016)"
devry-university-minnesota,https://gpacalculator.net/admissions/devry-university-minnesota/,DeVry University Minnesota,"Edina, Minnesota",ambiguous: 2 colleges carried this name in this city,482529,,,,retire,R,,"each IPEDS record with this name and city leads to UNITID 482529 (NEWID); UNITID 482529 closed 12/23/2015 (IPEDS CLOSEDAT, HD2016)"
devry-university-missouri,https://gpacalculator.net/admissions/devry-university-missouri/,DeVry University Missouri,"Kansas City, Missouri",ambiguous: 2 colleges carried this name in this city,482538,,,,retire,R,,"each IPEDS record with this name and city leads to UNITID 482538 (NEWID); UNITID 482538 closed 06/25/2022 (IPEDS CLOSEDAT, HD2023)"
devry-university-north-carolina,https://gpacalculator.net/admissions/devry-university-north-carolina/,DeVry University North Carolina,"Charlotte, North Carolina",ambiguous: 2 colleges carried this name in this city,482565,,,,retire,R,,"each IPEDS record with this name and city leads to UNITID 482565 (NEWID); UNITID 482565 closed 04/22/2023 (IPEDS CLOSEDAT, HD2023)"
devry-university-oklahoma,https://gpacalculator.net/admissions/devry-university-oklahoma/,DeVry University Oklahoma,"Oklahoma City, Oklahoma",ambiguous: 2 colleges carried this name in this city,482583,,,,retire,R,,"each IPEDS record with this name and city leads to UNITID 482583 (NEWID); UNITID 482583 closed 02/26/2018 (IPEDS CLOSEDAT, HD2018)"
devry-university-oregon,https://gpacalculator.net/admissions/devry-university-oregon/,DeVry University Oregon,"Portland, Oregon",ambiguous: 2 colleges carried this name in this city,482592,,,,retire,R,,"each IPEDS record with this name and city leads to UNITID 482592 (NEWID); UNITID 482592 closed 12/23/2015 (IPEDS CLOSEDAT, HD2016)"
devry-university-pennsylvania,https://gpacalculator.net/admissions/devry-university-pennsylvania/,DeVry University Pennsylvania,"Fort Washington, Pennsylvania",ambiguous: 3 colleges carried this name in this city,482608,,,,retire,R,,"each IPEDS record with this name and city leads to UNITID 482608 (NEWID); UNITID 482608 closed 06/25/2022 (IPEDS CLOSEDAT, HD2022)"
devry-university-tennessee,https://gpacalculator.net/admissions/devry-university-tennessee/,DeVry University Tennessee,"Memphis, Tennessee",ambiguous: 2 colleges carried this name in this city,482617,,,,retire,R,,"each IPEDS record with this name and city leads to UNITID 482617 (NEWID); UNITID 482617 closed 06/25/2022 (IPEDS CLOSEDAT, HD2023)"
devry-university-utah,https://gpacalculator.net/admissions/devry-university-utah/,DeVry University Utah,"Sandy, Utah",ambiguous: 2 colleges carried this name in this city,482644,,,,retire,R,,"each IPEDS record with this name and city leads to UNITID 482644 (NEWID); UNITID 482644 closed 06/01/2015 (IPEDS CLOSEDAT, HD2015)"
devry-university-washington,https://gpacalculator.net/admissions/devry-university-washington/,DeVry University Washington,"Federal Way, Washington",ambiguous: 2 colleges carried this name in this city,482662,,,,retire,R,,"each IPEDS record with this name and city leads to UNITID 482662 (NEWID); UNITID 482662 closed 12/23/2015 (IPEDS CLOSEDAT, HD2016)"
devry-university-wisconsin,https://gpacalculator.net/admissions/devry-university-wisconsin/,DeVry University Wisconsin,"Milwaukee, Wisconsin",ambiguous: 2 colleges carried this name in this city,482671,,,,retire,R,,"each IPEDS record with this name and city leads to UNITID 482671 (NEWID); UNITID 482671 closed 09/09/2016 (IPEDS CLOSEDAT, HD2016)"
dixie-state-college-of-utah,https://gpacalculator.net/admissions/dixie-state-college-of-utah/,Dixie State College of Utah,"Saint George, Utah","renamed: same name, city and state as UNITID 230171, now Utah Tech University",230171,Utah Tech University,Saint George,UT,import,R,,"renamed: same name, city and state as UNITID 230171, now Utah Tech University"
dominican-college-of-blauvelt,https://gpacalculator.net/admissions/dominican-college-of-blauvelt/,Dominican College of Blauvelt,"Orangeburg, New York","renamed: same name, city and state as UNITID 190761, now Dominican University New York",190761,Dominican University New York,Orangeburg,NY,import,R,,"renamed: same name, city and state as UNITID 190761, now Dominican University New York"
east-georgia-college,https://gpacalculator.net/admissions/east-georgia-college/,East Georgia College,"Swainsboro, Georgia","consolidated: same name, city and state as UNITID 139621, now East Georgia State College, which 2 other colleges merged into",139621,East Georgia State College,Swainsboro,GA,import,R,,"consolidated: same name, city and state as UNITID 139621, now East Georgia State College, which 2 other colleges merged into"
eastern-idaho-technical-college,https://gpacalculator.net/admissions/eastern-idaho-technical-college/,Eastern Idaho Technical College,"Idaho Falls, Idaho","renamed: same name, city and state as UNITID 142179, now College of Eastern Idaho",142179,College of Eastern Idaho,Idaho Falls,ID,import,R,,"renamed: same name, city and state as UNITID 142179, now College of Eastern Idaho"
eastwick-college,https://gpacalculator.net/admissions/eastwick-college/,Eastwick College,"Ramsey, New Jersey","renamed: same name, city and state as UNITID 184959, now Eastwick College-Ramsey",184959,Eastwick College-Ramsey,Ramsey,NJ,import,R,,"renamed: same name, city and state as UNITID 184959, now Eastwick College-Ramsey"
edinboro-university-of-pennsylvania,https://gpacalculator.net/admissions/edinboro-university-of-pennsylvania/,PennWest Edinboro,"Edinboro, Pennsylvania",none,,,,,hold,,,no IPEDS directory since 2002 lists this name in this state; FSA's closed-school file lists no school with this name in this city and state
el-camino-college-compton-center,https://gpacalculator.net/admissions/el-camino-college-compton-center/,El Camino College Compton Center,"Compton, California","renamed: same name, city and state as UNITID 112686, now Compton College",112686,Compton College,Compton,CA,import,R,,"renamed: same name, city and state as UNITID 112686, now Compton College"
ellis-school-of-nursing,https://gpacalculator.net/admissions/ellis-school-of-nursing/,Ellis School of Nursing,"Schenectady, New York","renamed: same name, city and state as UNITID 190956, now Belanger School of Nursing",190956,Belanger School of Nursing,Schenectady,NY,import,R,,"renamed: same name, city and state as UNITID 190956, now Belanger School of Nursing"
epic-bible-college,https://gpacalculator.net/admissions/epic-bible-college/,Epic Bible College,"Sacramento, California","renamed: same name, city and state as UNITID 124487, now Epic Bible College & Graduate School",124487,Epic Bible College & Graduate School,Sacramento,CA,import,R,,"renamed: same name, city and state as UNITID 124487, now Epic Bible College & Graduate School"
fairfax-university-of-america,https://gpacalculator.net/admissions/fairfax-university-of-america/,Fairfax University of America,"Fairfax, Virginia","left IPEDS: last listed in HD2023, no closing date recorded",,,,,hold,,,left IPEDS after HD2023 without a closing date; FSA's closed-school file doesn't list OPEID 04144000
faith-evangelical-college-and-seminary,https://gpacalculator.net/admissions/faith-evangelical-college-and-seminary/,Faith Evangelical College &amp; Seminary,"Tacoma, Washington","renamed: same name, city and state as UNITID 443049, now Faith International University",443049,Faith International University,Tacoma,WA,import,R,,"renamed: same name, city and state as UNITID 443049, now Faith International University"
fine-mortuary-college-llc,https://gpacalculator.net/admissions/fine-mortuary-college-llc/,FINE Mortuary College LLC,"Norwood, Massachusetts","renamed: same name, city and state as UNITID 436599, now FINE Mortuary College",436599,FINE Mortuary College,Norwood,MA,import,R,,"renamed: same name, city and state as UNITID 436599, now FINE Mortuary College"
flagler-college-st-augustine,https://gpacalculator.net/admissions/flagler-college-st-augustine/,Flagler College St Augustine,"Saint Augustine, Florida","consolidated: same name, city and state as UNITID 133711, now Flagler College, which 1 other college merged into",133711,Flagler College,Saint Augustine,FL,import,R,,"consolidated: same name, city and state as UNITID 133711, now Flagler College, which 1 other college merged into"
florida-hospital-college-of-health-sciences,https://gpacalculator.net/admissions/florida-hospital-college-of-health-sciences/,Florida Hospital College of Health Sciences,"Orlando, Florida","renamed: same name, city and state as UNITID 133872, now AdventHealth University",133872,AdventHealth University,Orlando,FL,import,R,,"renamed: same name, city and state as UNITID 133872, now AdventHealth University"
fort-belknap-college,https://gpacalculator.net/admissions/fort-belknap-college/,Fort Belknap College,"Harlem, Montana","renamed: same name, city and state as UNITID 180203, now Aaniiih Nakoda College",180203,Aaniiih Nakoda College,Harlem,MT,import,R,,"renamed: same name, city and state as UNITID 180203, now Aaniiih Nakoda College"
fort-berthold-community-college,https://gpacalculator.net/admissions/fort-berthold-community-college/,Fort Berthold Community College,"New Town, North Dakota","renamed: same name, city and state as UNITID 200086, now Nueta Hidatsa Sahnish College",200086,Nueta Hidatsa Sahnish College,New Town,ND,import,R,,"renamed: same name, city and state as UNITID 200086, now Nueta Hidatsa Sahnish College"
fortis-college-centeville,https://gpacalculator.net/admissions/fortis-college-centeville/,Fortis College Centeville,"Centerville, Ohio",fuzzy,205179,Fortis College-Centerville,Centerville,OH,import,R,,near-exact name in the same city and state: Fortis College-Centerville
fortis-college-fl,https://gpacalculator.net/admissions/fortis-college-fl/,Fortis College,"Orange Park, Florida","renamed: same name, city and state as UNITID 439792, now Fortis College-Orange Park",439792,Fortis College-Orange Park,Orange Park,FL,import,R,,"renamed: same name, city and state as UNITID 439792, now Fortis College-Orange Park"
fortis-college-ga,https://gpacalculator.net/admissions/fortis-college-ga/,Fortis College,"Smyrna, Georgia","renamed: same name, city and state as UNITID 372921, now Fortis College-Smyrna",372921,Fortis College-Smyrna,Smyrna,GA,import,R,,"renamed: same name, city and state as UNITID 372921, now Fortis College-Smyrna"
fox-college-inc,https://gpacalculator.net/admissions/fox-college-inc/,Fox College Inc,"Bedford Park, Illinois","renamed: same name, city and state as UNITID 145239, now Fox College",145239,Fox College,Tinley Park,IL,import,R,,"renamed: same name, city and state as UNITID 145239, now Fox College"
free-will-baptist-bible-college,https://gpacalculator.net/admissions/free-will-baptist-bible-college/,Free Will Baptist Bible College,"Nashville, Tennessee","renamed: same name, city and state as UNITID 220206, now Welch College",220206,Welch College,Gallatin,TN,import,R,,"renamed: same name, city and state as UNITID 220206, now Welch College"
gaston-college,https://gpacalculator.net/admissions/gaston-college/,Gaston College,"Dallas, North Carolina","renamed: same name, city and state as UNITID 198570, now Gaston College",198570,Gaston College,Dallas,NC,import,R,,"renamed: same name, city and state as UNITID 198570, now Gaston College"
gateway-community-college-new-haven,https://gpacalculator.net/admissions/gateway-community-college-new-haven/,Gateway Community College,"New Haven, Connecticut",merged,129367,Connecticut State Community College,New Britain,CT,301,N,https://gpacalculator.net/admissions/connecticut-state-community-college/,"merged into Connecticut State Community College (IPEDS NEWID, audit); now part of Connecticut State Community College, which gets a page"
george-c-wallace-state-community-college-dothan,https://gpacalculator.net/admissions/george-c-wallace-state-community-college-dothan/,George C Wallace State Community College Dothan,"Dothan, Alabama",fuzzy,101286,George C Wallace Community College-Dothan,Dothan,AL,import,R,,near-exact name in the same city and state: George C Wallace Community College-Dothan
georgia-christian-university,https://gpacalculator.net/admissions/georgia-christian-university/,Georgia Christian University,"Lilburn, Georgia","left IPEDS: last listed in HD2018, no closing date recorded",,,,,hold,,,left IPEDS after HD2018 without a closing date; FSA's closed-school file doesn't list OPEID 04156500
georgia-perimeter-college,https://gpacalculator.net/admissions/georgia-perimeter-college/,Perimeter College,"Decatur, Georgia",none,,,,,hold,,,no IPEDS directory since 2002 lists this name in this state; FSA's closed-school file lists no school with this name in this city and state
gloucester-county-college,https://gpacalculator.net/admissions/gloucester-county-college/,Gloucester County College,"Sewell, New Jersey","renamed: same name, city and state as UNITID 184791, now Rowan College of South Jersey-Gloucester Campus",184791,Rowan College of South Jersey-Gloucester Campus,Sewell,NJ,import,R,,"renamed: same name, city and state as UNITID 184791, now Rowan College of South Jersey-Gloucester Campus"
gordon-college-ga,https://gpacalculator.net/admissions/gordon-college-ga/,Gordon College,"Barnesville, Georgia","renamed: same name, city and state as UNITID 139968, now Gordon State College",139968,Gordon State College,Barnesville,GA,import,R,,"renamed: same name, city and state as UNITID 139968, now Gordon State College"
grace-bible-college,https://gpacalculator.net/admissions/grace-bible-college/,Grace Bible College,"Wyoming, Michigan","renamed: same name, city and state as UNITID 170000, now Grace Christian University",170000,Grace Christian University,Wyoming,MI,import,R,,"renamed: same name, city and state as UNITID 170000, now Grace Christian University"
grace-college-of-divinity,https://gpacalculator.net/admissions/grace-college-of-divinity/,Grace College of Divinity,"Fayetteville, North Carolina","renamed: same name, city and state as UNITID 461528, now Manna University",461528,Manna University,Fayetteville,NC,import,R,,"renamed: same name, city and state as UNITID 461528, now Manna University"
grace-university,https://gpacalculator.net/admissions/grace-university/,Grace University,"Omaha, Nebraska","left IPEDS: last listed in HD2017, no closing date recorded",,,,,retire,R,,"left IPEDS after HD2017 without a closing date; closed 2018-05-11 (FSA's closed-school file lists OPEID 00254700 (Grace University, Omaha, NE), matched by OPEID)"
granite-state-college,https://gpacalculator.net/admissions/granite-state-college/,Granite State College,"Concord, New Hampshire","renamed: same name, city and state as UNITID 183257, now University of New Hampshire College of Professional Studies Online",183257,University of New Hampshire College of Professional Studies Online,Manchester,NH,import,R,,"renamed: same name, city and state as UNITID 183257, now University of New Hampshire College of Professional Studies Online"
grantham-university,https://gpacalculator.net/admissions/grantham-university/,Grantham University,"Kansas City, Missouri","renamed: same name, city and state as UNITID 442569, now University of Arkansas Grantham",442569,University of Arkansas Grantham,LIttle Rock,AR,import,R,,"renamed: same name, city and state as UNITID 442569, now University of Arkansas Grantham"
grayson-county-college,https://gpacalculator.net/admissions/grayson-county-college/,Grayson County College,"Denison, Texas","renamed: same name, city and state as UNITID 225070, now Grayson College",225070,Grayson College,Denison,TX,import,R,,"renamed: same name, city and state as UNITID 225070, now Grayson College"
h-councill-trenholm-state-technical-college,https://gpacalculator.net/admissions/h-councill-trenholm-state-technical-college/,H Councill Trenholm State Technical College,"Montgomery, Alabama","consolidated: same name, city and state as UNITID 102313, now H Councill Trenholm State Community College, which 1 other college merged into",102313,H Councill Trenholm State Community College,Montgomery,AL,import,R,,"consolidated: same name, city and state as UNITID 102313, now H Councill Trenholm State Community College, which 1 other college merged into"
hamilton-technical-college,https://gpacalculator.net/admissions/hamilton-technical-college/,Hamilton Technical College,"Davenport, Iowa","renamed: same name, city and state as UNITID 153427, now Orion Technical College",153427,Orion Technical College,Davenport,IA,import,R,,"renamed: same name, city and state as UNITID 153427, now Orion Technical College"
herzing-university-kenner,https://gpacalculator.net/admissions/herzing-university-kenner/,Herzing University Kenner,"Kenner, Louisiana","renamed: same name, city and state as UNITID 433536, now Herzing University-New Orleans",433536,Herzing University-New Orleans,Metairie,LA,import,R,,"renamed: same name, city and state as UNITID 433536, now Herzing University-New Orleans"
herzing-university-winter-park,https://gpacalculator.net/admissions/herzing-university-winter-park/,Herzing University Winter Park,"Winter Park, Florida","renamed: same name, city and state as UNITID 386472, now Herzing University-Orlando",386472,Herzing University-Orlando,Winter Park,FL,import,R,,"renamed: same name, city and state as UNITID 386472, now Herzing University-Orlando"
hibbing-community-college-a-technical-and-community-college,https://gpacalculator.net/admissions/hibbing-community-college-a-technical-and-community-college/,Hibbing Community College A Technical and Community College,"Hibbing, Minnesota","consolidated: same name, city and state as UNITID 173735, now Minnesota North College, which 5 other colleges merged into",173735,Minnesota North College,Hibbing,MN,301,P,https://gpacalculator.net/admissions/minnesota-north-college/,"consolidated: same name, city and state as UNITID 173735, now Minnesota North College, which 5 other colleges merged into; now part of Minnesota North College, whose page S adds"
hillsdale-free-will-baptist-college,https://gpacalculator.net/admissions/hillsdale-free-will-baptist-college/,Hillsdale Free Will Baptist College,"Moore, Oklahoma","renamed: same name, city and state as UNITID 207157, now Randall University",207157,Randall University,Moore,OK,import,R,,"renamed: same name, city and state as UNITID 207157, now Randall University"
hondros-college,https://gpacalculator.net/admissions/hondros-college/,Hondros College,"Westerville, Ohio","renamed: same name, city and state as UNITID 203386, now Hondros College of Nursing",203386,Hondros College of Nursing,Columbus,OH,import,R,,"renamed: same name, city and state as UNITID 203386, now Hondros College of Nursing"
horizon-college-san-diego,https://gpacalculator.net/admissions/horizon-college-san-diego/,Horizon College San Diego,"San Diego, California","renamed: same name, city and state as UNITID 457226, now Horizon University",,,,,hold,,,"IPEDS now lists the college as Horizon University in Indianapolis, while this page names San Diego"
housatonic-community-college,https://gpacalculator.net/admissions/housatonic-community-college/,Housatonic Community College,"Bridgeport, Connecticut",merged,129367,Connecticut State Community College,New Britain,CT,301,N,https://gpacalculator.net/admissions/connecticut-state-community-college/,"merged into Connecticut State Community College (IPEDS NEWID, audit); now part of Connecticut State Community College, which gets a page"
houston-baptist-university,https://gpacalculator.net/admissions/houston-baptist-university/,Houston Baptist University,"Houston, Texas","renamed: same name, city and state as UNITID 225399, now Houston Christian University",225399,Houston Christian University,Houston,TX,import,R,,"renamed: same name, city and state as UNITID 225399, now Houston Christian University"
humboldt-state-university,https://gpacalculator.net/admissions/humboldt-state-university/,Humboldt State University,"Arcata, California","renamed: same name, city and state as UNITID 115755, now California State Polytechnic University-Humboldt",115755,California State Polytechnic University-Humboldt,Arcata,CA,import,R,,"renamed: same name, city and state as UNITID 115755, now California State Polytechnic University-Humboldt"
illinois-eastern-community-colleges-olney-central-college,https://gpacalculator.net/admissions/illinois-eastern-community-colleges-olney-central-college/,Illinois Eastern Community Colleges Olney Central College,"Olney, Illinois","consolidated: same name, city and state as UNITID 145707, now Illinois Eastern Community Colleges, which 4 other colleges merged into",145707,Illinois Eastern Community Colleges,Olney,IL,301,P,https://gpacalculator.net/admissions/illinois-eastern-community-colleges/,"consolidated: same name, city and state as UNITID 145707, now Illinois Eastern Community Colleges, which 4 other colleges merged into; now part of Illinois Eastern Community Colleges, whose page S adds"
indiana-university-purdue-university-indianapolis,https://gpacalculator.net/admissions/indiana-university-purdue-university-indianapolis/,Indiana University Purdue University Indianapolis,"Indianapolis, Indiana","consolidated: same name, city and state as UNITID 151111, now Indiana University-Indianapolis, which 2 other colleges merged into",151111,Indiana University-Indianapolis,Indianapolis,IN,import,R,,"consolidated: same name, city and state as UNITID 151111, now Indiana University-Indianapolis, which 2 other colleges merged into"
institute-of-american-indian-and-alaska-native-culture,https://gpacalculator.net/admissions/institute-of-american-indian-and-alaska-native-culture/,Institute of American Indian and Alaska Native Culture,"Santa Fe, New Mexico","renamed: same name, city and state as UNITID 187745, now Institute of American Indian and Alaska Native Culture and Arts Development",187745,Institute of American Indian and Alaska Native Culture and Arts Development,Santa Fe,NM,import,R,,"renamed: same name, city and state as UNITID 187745, now Institute of American Indian and Alaska Native Culture and Arts Development"
international-baptist-college,https://gpacalculator.net/admissions/international-baptist-college/,International Baptist College,"Chandler, Arizona","renamed: same name, city and state as UNITID 436614, now International Baptist College and Seminary",436614,International Baptist College and Seminary,Chandler,AZ,import,R,,"renamed: same name, city and state as UNITID 436614, now International Baptist College and Seminary"
international-professional-school-of-bodywork,https://gpacalculator.net/admissions/international-professional-school-of-bodywork/,International Professional School of Bodywork,"San Diego, California","left IPEDS: last listed in HD2016, no closing date recorded",,,,,retire,R,,"left IPEDS after HD2016 without a closing date; closed 2016-12-18 (FSA's closed-school file lists OPEID 04134700 (International Professional School of Bodywork, San Diego, CA), matched by OPEID)"
itasca-community-college,https://gpacalculator.net/admissions/itasca-community-college/,Itasca Community College,"Grand Rapids, Minnesota",merged,173735,Minnesota North College,Hibbing,MN,301,P,https://gpacalculator.net/admissions/minnesota-north-college/,"merged into Minnesota North College (IPEDS NEWID, audit); now part of Minnesota North College, whose page S adds"
ivy-tech-community-college-bloominton,https://gpacalculator.net/admissions/ivy-tech-community-college-bloominton/,Ivy Tech Community College Bloominton,"Bloomington, Indiana",fuzzy,15098713,Ivy Tech Community College-Bloomington,Bloomington,IN,301,P,https://gpacalculator.net/admissions/ivy-tech-community-college/,"near-exact name in the same city and state: Ivy Tech Community College-Bloomington; a campus Ivy Tech Community College reports for, whose page S adds"
ivy-tech-community-college-central-indiana,https://gpacalculator.net/admissions/ivy-tech-community-college-central-indiana/,Ivy Tech Community College Central Indiana,"Indianapolis, Indiana","consolidated: same name, city and state as UNITID 150987, now Ivy Tech Community College, which 6 other colleges merged into",150987,Ivy Tech Community College,Indianapolis,IN,301,P,https://gpacalculator.net/admissions/ivy-tech-community-college/,"consolidated: same name, city and state as UNITID 150987, now Ivy Tech Community College, which 6 other colleges merged into; now part of Ivy Tech Community College, whose page S adds"
ivy-tech-community-college-east-central,https://gpacalculator.net/admissions/ivy-tech-community-college-east-central/,Ivy Tech Community College East Central,"Muncie, Indiana","left IPEDS: last listed in HD2011, no closing date recorded",150987,Ivy Tech Community College,Indianapolis,IN,301,P,https://gpacalculator.net/admissions/ivy-tech-community-college/,Ivy Tech's regional colleges became campuses of one college after 2011; IPEDS lists an Ivy Tech campus in this city under Ivy Tech Community College
ivy-tech-community-college-northcentral,https://gpacalculator.net/admissions/ivy-tech-community-college-northcentral/,Ivy Tech Community College Northcentral,"South Bend, Indiana","left IPEDS: last listed in HD2011, no closing date recorded",150987,Ivy Tech Community College,Indianapolis,IN,301,P,https://gpacalculator.net/admissions/ivy-tech-community-college/,Ivy Tech's regional colleges became campuses of one college after 2011; IPEDS lists an Ivy Tech campus in this city under Ivy Tech Community College
ivy-tech-community-college-northeast,https://gpacalculator.net/admissions/ivy-tech-community-college-northeast/,Ivy Tech Community College Northeast,"Fort Wayne, Indiana","left IPEDS: last listed in HD2011, no closing date recorded",150987,Ivy Tech Community College,Indianapolis,IN,301,P,https://gpacalculator.net/admissions/ivy-tech-community-college/,Ivy Tech's regional colleges became campuses of one college after 2011; IPEDS lists an Ivy Tech campus in this city under Ivy Tech Community College
ivy-tech-community-college-northwest,https://gpacalculator.net/admissions/ivy-tech-community-college-northwest/,Ivy Tech Community College Northwest,"Gary, Indiana","left IPEDS: last listed in HD2011, no closing date recorded",150987,Ivy Tech Community College,Indianapolis,IN,301,P,https://gpacalculator.net/admissions/ivy-tech-community-college/,Ivy Tech's regional colleges became campuses of one college after 2011; IPEDS lists an Ivy Tech campus in this city under Ivy Tech Community College
ivy-tech-community-college-south-central,https://gpacalculator.net/admissions/ivy-tech-community-college-south-central/,Ivy Tech Community College South Central,"Sellersburg, Indiana","left IPEDS: last listed in HD2011, no closing date recorded",150987,Ivy Tech Community College,Indianapolis,IN,301,P,https://gpacalculator.net/admissions/ivy-tech-community-college/,Ivy Tech's regional colleges became campuses of one college after 2011; IPEDS lists an Ivy Tech campus in this city under Ivy Tech Community College
ivy-tech-community-college-southeast,https://gpacalculator.net/admissions/ivy-tech-community-college-southeast/,Ivy Tech Community College Southeast,"Madison, Indiana","left IPEDS: last listed in HD2011, no closing date recorded",150987,Ivy Tech Community College,Indianapolis,IN,301,P,https://gpacalculator.net/admissions/ivy-tech-community-college/,Ivy Tech's regional colleges became campuses of one college after 2011; IPEDS lists an Ivy Tech campus in this city under Ivy Tech Community College
ivy-tech-community-college-southwest,https://gpacalculator.net/admissions/ivy-tech-community-college-southwest/,Ivy Tech Community College Southwest,"Evansville, Indiana","left IPEDS: last listed in HD2011, no closing date recorded",150987,Ivy Tech Community College,Indianapolis,IN,301,P,https://gpacalculator.net/admissions/ivy-tech-community-college/,Ivy Tech's regional colleges became campuses of one college after 2011; IPEDS lists an Ivy Tech campus in this city under Ivy Tech Community College
ivy-tech-community-college-wabash-valley,https://gpacalculator.net/admissions/ivy-tech-community-college-wabash-valley/,Ivy Tech Community College Wabash Valley,"Terre Haute, Indiana","left IPEDS: last listed in HD2011, no closing date recorded",150987,Ivy Tech Community College,Indianapolis,IN,301,P,https://gpacalculator.net/admissions/ivy-tech-community-college/,Ivy Tech's regional colleges became campuses of one college after 2011; IPEDS lists an Ivy Tech campus in this city under Ivy Tech Community College
james-h-faulkner-state-community-college,https://gpacalculator.net/admissions/james-h-faulkner-state-community-college/,James H Faulkner State Community College,"Bay Minette, Alabama","consolidated: same name, city and state as UNITID 101161, now Coastal Alabama Community College, which 2 other colleges merged into",101161,Coastal Alabama Community College,Bay Minette,AL,301,N,https://gpacalculator.net/admissions/coastal-alabama-community-college/,"consolidated: same name, city and state as UNITID 101161, now Coastal Alabama Community College, which 2 other colleges merged into; now part of Coastal Alabama Community College, which gets a page"
jefferson-davis-community-college,https://gpacalculator.net/admissions/jefferson-davis-community-college/,Jefferson Davis Community College,"Brewton, Alabama",merged,101161,Coastal Alabama Community College,Bay Minette,AL,301,N,https://gpacalculator.net/admissions/coastal-alabama-community-college/,"merged into Coastal Alabama Community College (IPEDS NEWID, audit); now part of Coastal Alabama Community College, which gets a page"
johnson-state-college,https://gpacalculator.net/admissions/johnson-state-college/,Johnson State College,"Johnson, Vermont",merged,231165,Vermont State University,Randolph,VT,301,N,https://gpacalculator.net/admissions/vermont-state-university/,"merged into Vermont State University (IPEDS NEWID, audit); now part of Vermont State University, which gets a page"
kanawha-valley-community-and-technical-college,https://gpacalculator.net/admissions/kanawha-valley-community-and-technical-college/,Kanawha Valley Community and Technical College,"Institute, West Virginia","left IPEDS: last listed in HD2013, no closing date recorded",,,,,hold,,,left IPEDS after HD2013 without a closing date; FSA's closed-school file doesn't list OPEID 04038600
kaplan-university-cedar-falls-campus,https://gpacalculator.net/admissions/kaplan-university-cedar-falls-campus/,Purdue Global Cedar Falls Campus,"Cedar Falls, Iowa",none,,,,,retire,R,,"no IPEDS directory since 2002 lists this name in this state; closed 2019-02-19 (FSA's closed-school file lists OPEID 00458607 (Purdue University Global - Cedar Falls, Cedar Falls, IA), matched by name, city and state)"
kaplan-university-cedar-rapids-campus,https://gpacalculator.net/admissions/kaplan-university-cedar-rapids-campus/,Purdue Global Cedar Rapids Campus,"Cedar Rapids, Iowa",none,,,,,hold,,,no IPEDS directory since 2002 lists this name in this state; FSA's closed-school file lists no school with this name in this city and state
kaplan-university-council-bluffs-campus,https://gpacalculator.net/admissions/kaplan-university-council-bluffs-campus/,Purdue Global Council Bluffs Campus,"Council Bluffs, Iowa",none,,,,,retire,R,,"no IPEDS directory since 2002 lists this name in this state; closed 2013-02-27 (FSA's closed-school file lists OPEID 00458610 (Kaplan University - Council Bluffs, Council Bluffs, IA), matched by name, city and state)"
kaplan-university-davenport-campus,https://gpacalculator.net/admissions/kaplan-university-davenport-campus/,Purdue Global Davenport Campus,"Davenport, Iowa",none,,,,,hold,,,no IPEDS directory since 2002 lists this name in this state; FSA's closed-school file lists no school with this name in this city and state
kaplan-university-des-moines-campus,https://gpacalculator.net/admissions/kaplan-university-des-moines-campus/,Purdue Global Des Moines Campus,"Urbandale, Iowa",none,,,,,hold,,,no IPEDS directory since 2002 lists this name in this state; FSA's closed-school file lists no school with this name in this city and state
kaplan-university-hagerstown-campus,https://gpacalculator.net/admissions/kaplan-university-hagerstown-campus/,Purdue Global Hagerstown Campus,"Hagerstown, Maryland",none,,,,,retire,R,,"no IPEDS directory since 2002 lists this name in this state; closed 2019-09-18 (FSA's closed-school file lists OPEID 00458612 (Purdue University Global - Hagerstown, Hagerstown, MD), matched by name, city and state)"
kaplan-university-lincoln-campus,https://gpacalculator.net/admissions/kaplan-university-lincoln-campus/,Purdue Global Lincoln Campus,"Lincoln, Nebraska",none,,,,,hold,,,no IPEDS directory since 2002 lists this name in this state; FSA's closed-school file lists no school with this name in this city and state
kaplan-university-maine-campus,https://gpacalculator.net/admissions/kaplan-university-maine-campus/,Purdue Global Maine Campus,"S Portland, Maine",none,,,,,hold,,,no IPEDS directory since 2002 lists this name in this state; FSA's closed-school file lists no school with this name in this city and state
kaplan-university-mason-city-campus,https://gpacalculator.net/admissions/kaplan-university-mason-city-campus/,Purdue Global Mason City Campus,"Mason City, Iowa",none,,,,,retire,R,,"no IPEDS directory since 2002 lists this name in this state; closed 2019-07-23 (FSA's closed-school file lists OPEID 00458606 (Purdue University Global - Mason City, Mason City, IA), matched by name, city and state)"
kaplan-university-omaha-campus,https://gpacalculator.net/admissions/kaplan-university-omaha-campus/,Purdue Global Omaha Campus,"Omaha, Nebraska",none,,,,,retire,R,,"no IPEDS directory since 2002 lists this name in this state; closed 2019-05-07 (FSA's closed-school file lists OPEID 00458608 (Purdue University Global - Omaha, Omaha, NE), matched by name, city and state)"
kings-university,https://gpacalculator.net/admissions/kings-university/,King's University,"Van Nuys, California","renamed: same name, city and state as UNITID 439701, now The King's University",439701,The King's University,Southlake,TX,import,R,,"renamed: same name, city and state as UNITID 439701, now The King's University"
kol-yaakov-torah-center,https://gpacalculator.net/admissions/kol-yaakov-torah-center/,Kol Yaakov Torah Center,"Monsey, New York","left IPEDS: last listed in HD2012, no closing date recorded",,,,,hold,,,left IPEDS after HD2012 without a closing date; FSA's closed-school file doesn't list OPEID 02256700
l-e-fletcher-technical-community-college,https://gpacalculator.net/admissions/l-e-fletcher-technical-community-college/,L E Fletcher Technical Community College,"Houma, Louisiana","renamed: same name, city and state as UNITID 160481, now Fletcher Technical Community College",160481,Fletcher Technical Community College,Schriever,LA,import,R,,"renamed: same name, city and state as UNITID 160481, now Fletcher Technical Community College"
laboure-college,https://gpacalculator.net/admissions/laboure-college/,Laboure College,"Boston, Massachusetts","renamed: same name, city and state as UNITID 165264, now Laboure College of Healthcare",165264,Laboure College of Healthcare,Milton,MA,import,R,,"renamed: same name, city and state as UNITID 165264, now Laboure College of Healthcare"
lac-courte-oreilles-ojibwa-community-college,https://gpacalculator.net/admissions/lac-courte-oreilles-ojibwa-community-college/,Lac Courte Oreilles Ojibwa Community College,"Hayward, Wisconsin","renamed: same name, city and state as UNITID 260372, now Lac Courte Oreilles Ojibwe University",260372,Lac Courte Oreilles Ojibwe University,Hayward,WI,import,R,,"renamed: same name, city and state as UNITID 260372, now Lac Courte Oreilles Ojibwe University"
landing-school-of-boat-building-and-design,https://gpacalculator.net/admissions/landing-school-of-boat-building-and-design/,Landing School of Boat Building and Design,"Arundel, Maine",fuzzy,161208,The Landing School,Arundel,ME,import,R,,near-exact name in the same city and state: The Landing School
latter-day-saints-business-college,https://gpacalculator.net/admissions/latter-day-saints-business-college/,Latter day Saints Business College,"Salt Lake City, Utah","renamed: same name, city and state as UNITID 230418, now Ensign College",230418,Ensign College,Salt Lake City,UT,import,R,,"renamed: same name, city and state as UNITID 230418, now Ensign College"
lincoln-college,https://gpacalculator.net/admissions/lincoln-college/,Lincoln College,"Lincoln, Illinois","left IPEDS: last listed in HD2022, no closing date recorded",,,,,retire,R,,"left IPEDS after HD2022 without a closing date; closed 2022-05-13 (FSA's closed-school file lists OPEID 00170900 (Lincoln College, Lincoln, IL), matched by OPEID)"
lincoln-college-of-new-england-hartford,https://gpacalculator.net/admissions/lincoln-college-of-new-england-hartford/,Lincoln College of New England Hartford,"Hartford, Connecticut","left IPEDS: last listed in HD2013, no closing date recorded",,,,,retire,R,,"left IPEDS after HD2013 without a closing date; closed 2012-12-31 (FSA's closed-school file lists OPEID 00940702 (Lincoln College of New England - Hartford, Hartford, CT), matched by OPEID)"
lincoln-university-of-pennsylvania,https://gpacalculator.net/admissions/lincoln-university-of-pennsylvania/,Lincoln University of Pennsylvania,"Lincoln University, Pennsylvania","renamed: same name, city and state as UNITID 213598, now Lincoln University",213598,Lincoln University,Lincoln University,PA,import,R,,"renamed: same name, city and state as UNITID 213598, now Lincoln University"
linn-state-technical-college,https://gpacalculator.net/admissions/linn-state-technical-college/,Linn State Technical College,"Linn, Missouri","renamed: same name, city and state as UNITID 177977, now State Technical College of Missouri",177977,State Technical College of Missouri,Linn,MO,import,R,,"renamed: same name, city and state as UNITID 177977, now State Technical College of Missouri"
lone-star-college-system,https://gpacalculator.net/admissions/lone-star-college-system/,Lone Star College,"The Woodlands, Texas",review,,,,,hold,,,no IPEDS directory since 2002 lists this name in this state; FSA's closed-school file lists no school with this name in this city and state
long-island-university-brooklyn-campus,https://gpacalculator.net/admissions/long-island-university-brooklyn-campus/,Long Island University Brooklyn Campus,"Brooklyn, New York",merged,192448,Long Island University,Brookville,NY,301,N,https://gpacalculator.net/admissions/long-island-university/,"merged into Long Island University (IPEDS NEWID, audit); now part of Long Island University, which gets a page"
long-island-university-c-w-post-campus,https://gpacalculator.net/admissions/long-island-university-c-w-post-campus/,Long Island University C W Post Campus,"Brookville, New York","consolidated: same name, city and state as UNITID 192448, now Long Island University, which 5 other colleges merged into",192448,Long Island University,Brookville,NY,301,N,https://gpacalculator.net/admissions/long-island-university/,"consolidated: same name, city and state as UNITID 192448, now Long Island University, which 5 other colleges merged into; now part of Long Island University, which gets a page"
louisiana-college,https://gpacalculator.net/admissions/louisiana-college/,Louisiana College,"Pineville, Louisiana","renamed: same name, city and state as UNITID 159568, now Louisiana Christian University",159568,Louisiana Christian University,Pineville,LA,import,R,,"renamed: same name, city and state as UNITID 159568, now Louisiana Christian University"
lsu-health-new-orleans,https://gpacalculator.net/admissions/lsu-health-new-orleans/,LSU Health New Orleans,"New Orleans, Louisiana",none,,,,,hold,,,no IPEDS directory since 2002 lists this name in this state; FSA's closed-school file lists no school with this name in this city and state
luther-rice-university,https://gpacalculator.net/admissions/luther-rice-university/,Luther Rice University,"Lithonia, Georgia","renamed: same name, city and state as UNITID 135364, now Luther Rice College & Seminary",135364,Luther Rice College & Seminary,Lithonia,GA,import,R,,"renamed: same name, city and state as UNITID 135364, now Luther Rice College & Seminary"
lyndon-state-college,https://gpacalculator.net/admissions/lyndon-state-college/,Lyndon State College,"Lyndonville, Vermont",merged,231165,Vermont State University,Randolph,VT,301,N,https://gpacalculator.net/admissions/vermont-state-university/,"merged into Vermont State University (IPEDS NEWID, audit); now part of Vermont State University, which gets a page"
maccormac-college,https://gpacalculator.net/admissions/maccormac-college/,MacCormac College,"Chicago, Illinois","renamed: same name, city and state as UNITID 146816, now Generations College",146816,Generations College,Chicago,IL,import,R,,"renamed: same name, city and state as UNITID 146816, now Generations College"
maharishi-university-of-management,https://gpacalculator.net/admissions/maharishi-university-of-management/,Maharishi University of Management,"Fairfield, Iowa","renamed: same name, city and state as UNITID 153861, now Maharishi International University",153861,Maharishi International University,Fairfield,IA,import,R,,"renamed: same name, city and state as UNITID 153861, now Maharishi International University"
maine-college-of-art,https://gpacalculator.net/admissions/maine-college-of-art/,Maine College of Art,"Portland, Maine","renamed: same name, city and state as UNITID 161509, now Maine College of Art & Design",161509,Maine College of Art & Design,Portland,ME,import,R,,"renamed: same name, city and state as UNITID 161509, now Maine College of Art & Design"
manchester-community-college-ct,https://gpacalculator.net/admissions/manchester-community-college-ct/,Manchester Community College,"Manchester, Connecticut",merged,129367,Connecticut State Community College,New Britain,CT,301,N,https://gpacalculator.net/admissions/connecticut-state-community-college/,"merged into Connecticut State Community College (IPEDS NEWID, audit); now part of Connecticut State Community College, which gets a page"
maple-springs-baptist-bible-college-and-seminary,https://gpacalculator.net/admissions/maple-springs-baptist-bible-college-and-seminary/,Maple Springs Baptist Bible College and Seminary,"Capitol Heights, Maryland","left IPEDS: last listed in HD2022, no closing date recorded",,,,,hold,,,left IPEDS after HD2022 without a closing date; FSA's closed-school file doesn't list OPEID 03822400
martin-methodist-college,https://gpacalculator.net/admissions/martin-methodist-college/,Martin Methodist College,"Pulaski, Tennessee","renamed: same name, city and state as UNITID 220701, now The University of Tennessee Southern",220701,The University of Tennessee Southern,Pulaski,TN,import,R,,"renamed: same name, city and state as UNITID 220701, now The University of Tennessee Southern"
marymount-college,https://gpacalculator.net/admissions/marymount-college/,Marymount California University,"Rancho Palos Verdes, California","left IPEDS: last listed in HD2022, no closing date recorded",,,,,retire,R,,"left IPEDS after HD2022 without a closing date; closed 2022-08-12 (FSA's closed-school file lists OPEID 01047400 (Marymount California University, Rancho Palos Verdes, CA), matched by OPEID)"
massachusetts-college-of-pharmacy-and-health-sciences,https://gpacalculator.net/admissions/massachusetts-college-of-pharmacy-and-health-sciences/,Massachusetts College of Pharmacy and Health Sciences,"Boston, Massachusetts","consolidated: same name, city and state as UNITID 166656, now MCPHS University, which 2 other colleges merged into",166656,MCPHS University,Boston,MA,import,R,,"consolidated: same name, city and state as UNITID 166656, now MCPHS University, which 2 other colleges merged into"
mccann-monroe-career-training,https://gpacalculator.net/admissions/mccann-monroe-career-training/,McCann School of Business &amp; Technology Monroe,"Monroe, Louisiana",none,,,,,hold,,,no IPEDS directory since 2002 lists this name in this state; FSA's closed-school file lists no school with this name in this city and state
medix-school-fortis-college,https://gpacalculator.net/admissions/medix-school-fortis-college/,Medix School Fortis College,"Columbia, South Carolina","renamed: same name, city and state as UNITID 460020, now Fortis College-Columbia",460020,Fortis College-Columbia,Columbia,SC,import,R,,"renamed: same name, city and state as UNITID 460020, now Fortis College-Columbia"
medvance-institute-baton-rouge,https://gpacalculator.net/admissions/medvance-institute-baton-rouge/,Medvance Institute Baton Rouge,"Baton Rouge, Louisiana",ambiguous: 2 colleges carried this name in this city,439738,Fortis College-Baton Rouge,Baton Rouge,LA,import,R,,the Medvance Institute-Baton Rouge IPEDS lists until it became Fortis College-Baton Rouge; the other record with that name closed in 2004
memorial-hospital-school-of-nursing,https://gpacalculator.net/admissions/memorial-hospital-school-of-nursing/,Memorial Hospital School of Nursing,"Albany, New York","renamed: same name, city and state as UNITID 192961, now St. Peter's Hospital College of Nursing",192961,St. Peter's Hospital College of Nursing,Albany,NY,import,R,,"renamed: same name, city and state as UNITID 192961, now St. Peter's Hospital College of Nursing"
memphis-college-of-art,https://gpacalculator.net/admissions/memphis-college-of-art/,Memphis College of Art,"Memphis, Tennessee","left IPEDS: last listed in HD2020, no closing date recorded",,,,,retire,R,,"left IPEDS after HD2020 without a closing date; closed 2020-05-09 (FSA's closed-school file lists OPEID 00350700 (Memphis College of Art, Memphis, TN), matched by OPEID)"
mesabi-range-community-and-technical-college,https://gpacalculator.net/admissions/mesabi-range-community-and-technical-college/,Mesabi Range Community and Technical College,"Virginia, Minnesota",merged,173735,Minnesota North College,Hibbing,MN,301,P,https://gpacalculator.net/admissions/minnesota-north-college/,"merged into Minnesota North College (IPEDS NEWID, audit); now part of Minnesota North College, whose page S adds"
mesivta-keser-torah,https://gpacalculator.net/admissions/mesivta-keser-torah/,Mesivta Keser Torah,"Belmar, New Jersey","renamed: same name, city and state as UNITID 461847, now Keser Torah-Mayan Hatalmud",461847,Keser Torah-Mayan Hatalmud,Lakewood,NJ,import,R,,"renamed: same name, city and state as UNITID 461847, now Keser Torah-Mayan Hatalmud"
messenger-college,https://gpacalculator.net/admissions/messenger-college/,Messenger College,"Joplin, Missouri","renamed: same name, city and state as UNITID 417752, now Messenger College",417752,Messenger College,Bedford,TX,import,R,,"renamed: same name, city and state as UNITID 417752, now Messenger College"
messiah,https://gpacalculator.net/admissions/messiah/,Messiah College,"Grantham, Pennsylvania","renamed: same name, city and state as UNITID 213996, now Messiah University",213996,Messiah University,Mechanicsburg,PA,import,R,,"renamed: same name, city and state as UNITID 213996, now Messiah University"
methodist-college-of-nursing,https://gpacalculator.net/admissions/methodist-college-of-nursing/,Methodist College of Nursing,"Peoria, Illinois","renamed: same name, city and state as UNITID 147129, now Methodist College",147129,Methodist College,Peoria,IL,import,R,,"renamed: same name, city and state as UNITID 147129, now Methodist College"
metro-business-college-cape-girardeau,https://gpacalculator.net/admissions/metro-business-college-cape-girardeau/,Metro Business College Cape Girardeau,"Cape Girardeau, Missouri","left IPEDS: last listed in HD2019, no closing date recorded",,,,,retire,R,,"left IPEDS after HD2019 without a closing date; closed 2019-12-10 (FSA's closed-school file lists OPEID 02180200 (Metro Business College, Cape Girardeau, MO), matched by OPEID)"
metro-business-college-jefferson-city,https://gpacalculator.net/admissions/metro-business-college-jefferson-city/,Metro Business College Jefferson City,"Jefferson City, Missouri","left IPEDS: last listed in HD2019, no closing date recorded",,,,,retire,R,,"left IPEDS after HD2019 without a closing date; closed 2019-12-10 (FSA's closed-school file lists OPEID 02180201 (Metro Business College - Jefferson City, Jefferson City, MO), matched by OPEID)"
metro-business-college-rolla,https://gpacalculator.net/admissions/metro-business-college-rolla/,Metro Business College Rolla,"Rolla, Missouri","left IPEDS: last listed in HD2019, no closing date recorded",,,,,retire,R,,"left IPEDS after HD2019 without a closing date; closed 2019-12-10 (FSA's closed-school file lists OPEID 02180202 (Metro Business College - Rolla, Rolla, MO), matched by OPEID)"
metropolitan-career-center-computer-technology-institute,https://gpacalculator.net/admissions/metropolitan-career-center-computer-technology-institute/,Metropolitan Career Center Computer Technology Institute,"Philadelphia, Pennsylvania","renamed: same name, city and state as UNITID 214023, now ASPIRA City College",214023,ASPIRA City College,Philadelphia,PA,import,R,,"renamed: same name, city and state as UNITID 214023, now ASPIRA City College"
metropolitan-community-college-blue-river,https://gpacalculator.net/admissions/metropolitan-community-college-blue-river/,Metropolitan Community College Blue River,"Independence, Missouri",merged,177995,Metropolitan Community College-Kansas City,Kansas City,MO,301,N,https://gpacalculator.net/admissions/metropolitan-community-college-kansas-city/,"merged into Metropolitan Community College-Kansas City (IPEDS NEWID, audit); now part of Metropolitan Community College-Kansas City, which gets a page"
metropolitan-community-college-business-and-technology,https://gpacalculator.net/admissions/metropolitan-community-college-business-and-technology/,Metropolitan Community College Business &amp; Technology,"Kansas City, Missouri",merged,177995,Metropolitan Community College-Kansas City,Kansas City,MO,301,N,https://gpacalculator.net/admissions/metropolitan-community-college-kansas-city/,"merged into Metropolitan Community College-Kansas City (IPEDS NEWID, audit); now part of Metropolitan Community College-Kansas City, which gets a page"
metropolitan-community-college-longview,https://gpacalculator.net/admissions/metropolitan-community-college-longview/,Metropolitan Community College Longview,"Lees Summit, Missouri","consolidated: same name, city and state as UNITID 177995, now Metropolitan Community College-Kansas City, which 5 other colleges merged into",177995,Metropolitan Community College-Kansas City,Kansas City,MO,301,N,https://gpacalculator.net/admissions/metropolitan-community-college-kansas-city/,"consolidated: same name, city and state as UNITID 177995, now Metropolitan Community College-Kansas City, which 5 other colleges merged into; now part of Metropolitan Community College-Kansas City, which gets a page"
metropolitan-community-college-maple-woods,https://gpacalculator.net/admissions/metropolitan-community-college-maple-woods/,Metropolitan Community College Maple Woods,"Kansas City, Missouri",merged,177995,Metropolitan Community College-Kansas City,Kansas City,MO,301,N,https://gpacalculator.net/admissions/metropolitan-community-college-kansas-city/,"merged into Metropolitan Community College-Kansas City (IPEDS NEWID, audit); now part of Metropolitan Community College-Kansas City, which gets a page"
metropolitan-community-college-penn-valley,https://gpacalculator.net/admissions/metropolitan-community-college-penn-valley/,Metropolitan Community College Penn Valley,"Kansas City, Missouri",merged,177995,Metropolitan Community College-Kansas City,Kansas City,MO,301,N,https://gpacalculator.net/admissions/metropolitan-community-college-kansas-city/,"merged into Metropolitan Community College-Kansas City (IPEDS NEWID, audit); now part of Metropolitan Community College-Kansas City, which gets a page"
miami-ad-school-miami-beach,https://gpacalculator.net/admissions/miami-ad-school-miami-beach/,Miami Ad School Miami Beach,"Miami Beach, Florida","renamed: same name, city and state as UNITID 428000, now Miami Ad School",428000,Miami Ad School,Miami,FL,import,R,,"renamed: same name, city and state as UNITID 428000, now Miami Ad School"
miami-university,https://gpacalculator.net/admissions/miami-university/,Miami University,"Oxford, Ohio",name plus city: IPEDS lists UNITID 204024 as Miami University-Oxford,204024,Miami University-Oxford,Oxford,OH,import,R,,name plus city: IPEDS lists UNITID 204024 as Miami University-Oxford
michigan-jewish-institute,https://gpacalculator.net/admissions/michigan-jewish-institute/,Michigan Jewish Institute,"W Bloomfield, Michigan","left IPEDS: last listed in HD2016, no closing date recorded",,,,,hold,,,left IPEDS after HD2016 without a closing date; FSA's closed-school file doesn't list OPEID 03284300
mid-south-community-college,https://gpacalculator.net/admissions/mid-south-community-college/,Mid South Community College,"West Memphis, Arkansas","renamed: same name, city and state as UNITID 107318, now Arkansas State University Mid-South",107318,Arkansas State University Mid-South,West Memphis,AR,import,R,,"renamed: same name, city and state as UNITID 107318, now Arkansas State University Mid-South"
middlesex-community-college-ct,https://gpacalculator.net/admissions/middlesex-community-college-ct/,Middlesex Community College,"Middletown, Connecticut",merged,129367,Connecticut State Community College,New Britain,CT,301,N,https://gpacalculator.net/admissions/connecticut-state-community-college/,"merged into Connecticut State Community College (IPEDS NEWID, audit); now part of Connecticut State Community College, which gets a page"
middlesex-county-college,https://gpacalculator.net/admissions/middlesex-county-college/,Middlesex County College,"Edison, New Jersey","renamed: same name, city and state as UNITID 185536, now Middlesex College",185536,Middlesex College,Edison,NJ,import,R,,"renamed: same name, city and state as UNITID 185536, now Middlesex College"
midwestern-university,https://gpacalculator.net/admissions/midwestern-university/,Midwestern University,"Downers Grove, Illinois / Glendale, Arizona",review,,,,,hold,,,no IPEDS directory since 2002 lists this name in this state; FSA's closed-school file lists no school with this name in this city and state
miller-motte-technical-college-chattanooga,https://gpacalculator.net/admissions/miller-motte-technical-college-chattanooga/,Miller Motte Technical College Chattanooga,"Chattanooga, Tennessee","renamed: same name, city and state as UNITID 443650, now Miller-Motte College-Chattanooga",443650,Miller-Motte College-Chattanooga,Chattanooga,TN,import,R,,"renamed: same name, city and state as UNITID 443650, now Miller-Motte College-Chattanooga"
miller-motte-technical-college-columbus,https://gpacalculator.net/admissions/miller-motte-technical-college-columbus/,Miller Motte Technical College Columbus,"Columbus, Georgia","renamed: same name, city and state as UNITID 458441, now Miller-Motte College-Columbus",458441,Miller-Motte College-Columbus,Columbus,GA,import,R,,"renamed: same name, city and state as UNITID 458441, now Miller-Motte College-Columbus"
miller-motte-technical-college-ga,https://gpacalculator.net/admissions/miller-motte-technical-college-ga/,Miller Motte Technical College,"Augusta, Georgia","renamed: same name, city and state as UNITID 460826, now Miller-Motte College-Augusta",460826,Miller-Motte College-Augusta,Augusta,GA,import,R,,"renamed: same name, city and state as UNITID 460826, now Miller-Motte College-Augusta"
miller-motte-technical-college-macon,https://gpacalculator.net/admissions/miller-motte-technical-college-macon/,Miller Motte Technical College Macon,"Macon, Georgia","renamed: same name, city and state as UNITID 475060, now Miller-Motte College-Macon",475060,Miller-Motte College-Macon,Macon,GA,import,R,,"renamed: same name, city and state as UNITID 475060, now Miller-Motte College-Macon"
miller-motte-technical-college-north-charleston,https://gpacalculator.net/admissions/miller-motte-technical-college-north-charleston/,Miller Motte Technical College North Charleston,"Charleston, South Carolina","renamed: same name, city and state as UNITID 441025, now Miller-Motte College-Charleston",441025,Miller-Motte College-Charleston,Charleston,SC,hold,,,"renamed: same name, city and state as UNITID 441025, now Miller-Motte College-Charleston; open in IPEDS 2024 but missing from College Scorecard's June 2026 release"
miller-motte-technical-college-sc,https://gpacalculator.net/admissions/miller-motte-technical-college-sc/,Miller Motte Technical College,"Conway, South Carolina","renamed: same name, city and state as UNITID 460835, now Miller-Motte College-Conway",460835,Miller-Motte College-Conway,Conway,SC,hold,,,"renamed: same name, city and state as UNITID 460835, now Miller-Motte College-Conway; open in IPEDS 2024 but missing from College Scorecard's June 2026 release"
milligan-college,https://gpacalculator.net/admissions/milligan-college/,Milligan College,"Milligan College, Tennessee",ambiguous: 2 colleges carried this name in this city,486901,Milligan University,Milligan,TN,301,R,https://gpacalculator.net/admissions/milligan-university/,each IPEDS record with this name and city leads to UNITID 486901 (NEWID); Milligan University already has a page
mills-college,https://gpacalculator.net/admissions/mills-college/,Mills College,"Oakland, California","renamed: same name, city and state as UNITID 118888, now Northeastern University Oakland",118888,Northeastern University Oakland,Oakland,CA,import,R,,"renamed: same name, city and state as UNITID 118888, now Northeastern University Oakland"
minnesota-state-college-southeast-technical,https://gpacalculator.net/admissions/minnesota-state-college-southeast-technical/,Minnesota State College Southeast Technical,"Winona, Minnesota","renamed: same name, city and state as UNITID 175263, now Minnesota State College Southeast",175263,Minnesota State College Southeast,Winona,MN,import,R,,"renamed: same name, city and state as UNITID 175263, now Minnesota State College Southeast"
montana-tech-college-of-technology,https://gpacalculator.net/admissions/montana-tech-college-of-technology/,Montana Tech College of Technology,"Butte, Montana","renamed: same name, city and state as UNITID 180081, now Highlands College of Montana Tech",180081,Highlands College of Montana Tech,Butte,MT,import,R,,"renamed: same name, city and state as UNITID 180081, now Highlands College of Montana Tech"
montana-tech-of-the-university-of-montana,https://gpacalculator.net/admissions/montana-tech-of-the-university-of-montana/,Montana Tech of the University of Montana,"Butte, Montana","renamed: same name, city and state as UNITID 180416, now Montana Technological University",180416,Montana Technological University,Butte,MT,import,R,,"renamed: same name, city and state as UNITID 180416, now Montana Technological University"
montgomery-county-community-college-central-campus,https://gpacalculator.net/admissions/montgomery-county-community-college-central-campus/,Montgomery County Community College Central Campus,"Blue Bell, Pennsylvania","consolidated: same name, city and state as UNITID 214111, now Montgomery County Community College, which 1 other college merged into",214111,Montgomery County Community College,Blue Bell,PA,301,N,https://gpacalculator.net/admissions/montgomery-county-community-college/,"consolidated: same name, city and state as UNITID 214111, now Montgomery County Community College, which 1 other college merged into; now part of Montgomery County Community College, which gets a page"
montgomery-county-community-college-west-campus,https://gpacalculator.net/admissions/montgomery-county-community-college-west-campus/,Montgomery County Community College West Campus,"Pottstown, Pennsylvania",merged,214111,Montgomery County Community College,Blue Bell,PA,301,N,https://gpacalculator.net/admissions/montgomery-county-community-college/,"merged into Montgomery County Community College (IPEDS NEWID, audit); now part of Montgomery County Community College, which gets a page"
national-american-university-colorado-springs-south,https://gpacalculator.net/admissions/national-american-university-colorado-springs-south/,National American University Colorado Springs South,"Colorado Springs, Colorado","left IPEDS: last listed in HD2020, no closing date recorded",,,,,retire,R,,"left IPEDS after HD2020 without a closing date; closed 2019-05-31 (FSA's closed-school file lists OPEID 00405725 (National American University - Colorado Springs South, Colorado Springs, CO), matched by OPEID)"
national-american-university-rio-rancho,https://gpacalculator.net/admissions/national-american-university-rio-rancho/,National American University Rio Rancho,"Rio Rancho, New Mexico","left IPEDS: last listed in HD2020, no closing date recorded",,,,,retire,R,,"left IPEDS after HD2020 without a closing date; closed 2019-05-31 (FSA's closed-school file lists OPEID 00405716 (National American University - Albuquerque West, Albuquerque, NM), matched by OPEID)"
national-college-lexington,https://gpacalculator.net/admissions/national-college-lexington/,National College Lexington,"Lexington, Kentucky","renamed: same name, city and state as UNITID 157021, now American National University-Pikeville",,,,,hold,,,"its IPEDS ID now reports American National University's Pikeville campus, and the Lexington campus has no record of its own"
national-college-salem,https://gpacalculator.net/admissions/national-college-salem/,National College Salem,"Salem, Virginia","renamed: same name, city and state as UNITID 232797, now American National University",232797,American National University,Salem,VA,import,R,,"renamed: same name, city and state as UNITID 232797, now American National University"
national-college-youngstown,https://gpacalculator.net/admissions/national-college-youngstown/,National College Youngstown,"Youngstown, Ohio","left IPEDS: last listed in HD2018, no closing date recorded",,,,,hold,,,left IPEDS after HD2018 without a closing date; FSA's closed-school file doesn't list OPEID 00372611
national-paralegal-college,https://gpacalculator.net/admissions/national-paralegal-college/,National Paralegal College,"Phoenix, Arizona","renamed: same name, city and state as UNITID 461023, now Crestpoint University",461023,Crestpoint University,Phoenix,AZ,import,R,,"renamed: same name, city and state as UNITID 461023, now Crestpoint University"
naugatuck-valley-community-college,https://gpacalculator.net/admissions/naugatuck-valley-community-college/,Naugatuck Valley Community College,"Waterbury, Connecticut",merged,129367,Connecticut State Community College,New Britain,CT,301,N,https://gpacalculator.net/admissions/connecticut-state-community-college/,"merged into Connecticut State Community College (IPEDS NEWID, audit); now part of Connecticut State Community College, which gets a page"
nebraska-christian-college,https://gpacalculator.net/admissions/nebraska-christian-college/,Nebraska Christian College,"Papillion, Nebraska","left IPEDS: last listed in HD2020, no closing date recorded",,,,,retire,R,,"left IPEDS after HD2020 without a closing date; closed 2020-05-31 (FSA's closed-school file lists OPEID 00125212 (Hope International University - Nebraska Christian College, Papillion, NE), matched by OPEID)"
new-hope-christian-college-hi,https://gpacalculator.net/admissions/new-hope-christian-college-hi/,New Hope Christian College,"Honolulu, Hawaii","renamed: same name, city and state as UNITID 457484, now Pacific Rim Christian University",457484,Pacific Rim Christian University,Honolulu,HI,import,R,,"renamed: same name, city and state as UNITID 457484, now Pacific Rim Christian University"
new-life-theological-seminary,https://gpacalculator.net/admissions/new-life-theological-seminary/,New Life Theological Seminary,"Charlotte, North Carolina","renamed: same name, city and state as UNITID 444778, now Charlotte Christian College and Theological Seminary",444778,Charlotte Christian College and Theological Seminary,Charlotte,NC,import,R,,"renamed: same name, city and state as UNITID 444778, now Charlotte Christian College and Theological Seminary"
new-mexico-state-university-carlsbad,https://gpacalculator.net/admissions/new-mexico-state-university-carlsbad/,New Mexico State University Carlsbad,"Carlsbad, New Mexico","renamed: same name, city and state as UNITID 188003, now Southeast New Mexico College",188003,Southeast New Mexico College,Carlsbad,NM,import,R,,"renamed: same name, city and state as UNITID 188003, now Southeast New Mexico College"
new-york-career-institute,https://gpacalculator.net/admissions/new-york-career-institute/,New York Career Institute,"New York, New York","left IPEDS: last listed in HD2017, no closing date recorded",,,,,retire,R,,"left IPEDS after HD2017 without a closing date; closed 2017-05-31 (FSA's closed-school file lists OPEID 02163400 (New York Career Institute, New York, NY), matched by OPEID)"
north-american-college,https://gpacalculator.net/admissions/north-american-college/,North American College,"Houston, Texas","renamed: same name, city and state as UNITID 461795, now North American University",461795,North American University,Stafford,TX,import,R,,"renamed: same name, city and state as UNITID 461795, now North American University"
north-central-kansas-technical-college,https://gpacalculator.net/admissions/north-central-kansas-technical-college/,North Central Kansas Technical College,"Beloit, Kansas","renamed: same name, city and state as UNITID 155593, now Fort Hays Tech North Central",155593,Fort Hays Tech North Central,Beloit,KS,import,R,,"renamed: same name, city and state as UNITID 155593, now Fort Hays Tech North Central"
northland-international-university,https://gpacalculator.net/admissions/northland-international-university/,Northland International University,"Dunbar, Wisconsin","left IPEDS: last listed in HD2015, no closing date recorded",,,,,retire,R,,"left IPEDS after HD2015 without a closing date; closed 2015-07-31 (FSA's closed-school file lists OPEID 03872500 (Northland International University, Dunbar, WI), matched by OPEID)"
northwest-christian-university,https://gpacalculator.net/admissions/northwest-christian-university/,Northwest Christian University,"Eugene, Oregon","consolidated: same name, city and state as UNITID 209409, now Bushnell University, which 1 other college merged into",209409,Bushnell University,Eugene,OR,import,R,,"consolidated: same name, city and state as UNITID 209409, now Bushnell University, which 1 other college merged into"
northwest-college-of-art,https://gpacalculator.net/admissions/northwest-college-of-art/,Northwest College of Art,"Poulsbo, Washington","renamed: same name, city and state as UNITID 377546, now Northwest College of Art & Design",377546,Northwest College of Art & Design,Tacoma,WA,import,R,,"renamed: same name, city and state as UNITID 377546, now Northwest College of Art & Design"
northwest-kansas-technical-college,https://gpacalculator.net/admissions/northwest-kansas-technical-college/,Northwest Kansas Technical College,"Goodland, Kansas","renamed: same name, city and state as UNITID 155618, now Fort Hays State University-Northwest Kansas Technical College",155618,Fort Hays State University-Northwest Kansas Technical College,Goodland,KS,import,R,,"renamed: same name, city and state as UNITID 155618, now Fort Hays State University-Northwest Kansas Technical College"
northwestern-college-mn,https://gpacalculator.net/admissions/northwestern-college-mn/,Northwestern College,"Saint Paul, Minnesota","renamed: same name, city and state as UNITID 174491, now University of Northwestern-St Paul",174491,University of Northwestern-St Paul,Saint Paul,MN,import,R,,"renamed: same name, city and state as UNITID 174491, now University of Northwestern-St Paul"
northwestern-connecticut-community-college,https://gpacalculator.net/admissions/northwestern-connecticut-community-college/,Northwestern Connecticut Community College,"Winsted, Connecticut",merged,129367,Connecticut State Community College,New Britain,CT,301,N,https://gpacalculator.net/admissions/connecticut-state-community-college/,"merged into Connecticut State Community College (IPEDS NEWID, audit); now part of Connecticut State Community College, which gets a page"
northwood-university-michigan,https://gpacalculator.net/admissions/northwood-university-michigan/,Northwood University Michigan,"Midland, Michigan","consolidated: same name, city and state as UNITID 171492, now Northwood University, which 1 other college merged into",171492,Northwood University,Midland,MI,import,R,,"consolidated: same name, city and state as UNITID 171492, now Northwood University, which 1 other college merged into"
northwood-university-texas,https://gpacalculator.net/admissions/northwood-university-texas/,Northwood University Texas,"Cedar Hill, Texas",merged,171492,Northwood University,Midland,MI,301,R,https://gpacalculator.net/admissions/northwood-university-michigan/,"merged into Northwood University (IPEDS NEWID, audit); R imports that college's page"
norwalk-community-college,https://gpacalculator.net/admissions/norwalk-community-college/,Norwalk Community College,"Norwalk, Connecticut",merged,129367,Connecticut State Community College,New Britain,CT,301,N,https://gpacalculator.net/admissions/connecticut-state-community-college/,"merged into Connecticut State Community College (IPEDS NEWID, audit); now part of Connecticut State Community College, which gets a page"
nossi-college-of-art,https://gpacalculator.net/admissions/nossi-college-of-art/,Nossi College of Art,"Madison, Tennessee","renamed: same name, city and state as UNITID 368452, now Nossi College of Art and Design",368452,Nossi College of Art and Design,Nashville,TN,import,R,,"renamed: same name, city and state as UNITID 368452, now Nossi College of Art and Design"
ohio-valley-college-of-technology,https://gpacalculator.net/admissions/ohio-valley-college-of-technology/,Ohio Valley College of Technology,"East Liverpool, Ohio","renamed: same name, city and state as UNITID 204884, now East Ohio College",204884,East Ohio College,East Liverpool,OH,import,R,,"renamed: same name, city and state as UNITID 204884, now East Ohio College"
omore,https://gpacalculator.net/admissions/omore/,O'More College of Design,"Franklin, Tennessee","left IPEDS: last listed in HD2017, no closing date recorded",,,,,retire,R,,"left IPEDS after HD2017 without a closing date; closed 2018-05-08 (FSA's closed-school file lists OPEID 02106400 (O'More College of Design, Franklin, TN), matched by OPEID)"
ottawa-university-phoenix,https://gpacalculator.net/admissions/ottawa-university-phoenix/,Ottawa University Phoenix,"Phoenix, Arizona","left IPEDS: last listed in HD2022, no closing date recorded",,,,,retire,R,,"left IPEDS after HD2022 without a closing date; closed 2022-03-04 (FSA's closed-school file lists OPEID 00193701 (Ottawa University - Phoenix, Phoenix, AZ), matched by OPEID)"
our-lady-of-holy-cross-college,https://gpacalculator.net/admissions/our-lady-of-holy-cross-college/,Our Lady of Holy Cross College,"New Orleans, Louisiana","renamed: same name, city and state as UNITID 160065, now University of Holy Cross",160065,University of Holy Cross,New Orleans,LA,import,R,,"renamed: same name, city and state as UNITID 160065, now University of Holy Cross"
our-lady-of-the-lake-college,https://gpacalculator.net/admissions/our-lady-of-the-lake-college/,Our Lady of the Lake College,"Baton Rouge, Louisiana","renamed: same name, city and state as UNITID 160074, now Franciscan Missionaries of Our Lady University",160074,Franciscan Missionaries of Our Lady University,Baton Rouge,LA,import,R,,"renamed: same name, city and state as UNITID 160074, now Franciscan Missionaries of Our Lady University"
pace-university-new-york,https://gpacalculator.net/admissions/pace-university-new-york/,Pace University New York,"New York, New York","renamed: same name, city and state as UNITID 194310, now Pace University",194310,Pace University,New York,NY,import,R,,"renamed: same name, city and state as UNITID 194310, now Pace University"
pasco-hernando-community-college,https://gpacalculator.net/admissions/pasco-hernando-community-college/,Pasco Hernando Community College,"New Port Richey, Florida","renamed: same name, city and state as UNITID 136400, now Pasco-Hernando State College",136400,Pasco-Hernando State College,New Port Richey,FL,import,R,,"renamed: same name, city and state as UNITID 136400, now Pasco-Hernando State College"
pathways-college,https://gpacalculator.net/admissions/pathways-college/,Pathways College,"Pasadena, California","consolidated: same name, city and state as UNITID 495916, now Pathways College, which 1 other college merged into",495916,Pathways College,Phoenix,AZ,import,R,,"consolidated: same name, city and state as UNITID 495916, now Pathways College, which 1 other college merged into"
pennsylvania-college-of-health-sciences,https://gpacalculator.net/admissions/pennsylvania-college-of-health-sciences/,Pennsylvania College of Health Sciences,"Lancaster, Pennsylvania","renamed: same name, city and state as UNITID 442356, now Saint Joseph's University - Lancaster",442356,Saint Joseph's University - Lancaster,Lancaster,PA,import,R,,"renamed: same name, city and state as UNITID 442356, now Saint Joseph's University - Lancaster"
pennsylvania-state-university-main-campus,https://gpacalculator.net/admissions/pennsylvania-state-university-main-campus/,Penn State Main Campus,"University Park, Pennsylvania",ambiguous: 3 colleges carried this name in this city,214777,Pennsylvania State University-Main Campus,University Park,PA,import,R,,IPEDS names UNITID 214777 Pennsylvania State University-Main Campus; the other two records with this name are World Campus and a record that merged into 214777
pennsylvania-state-university-penn-state-fayette-eberly-campus,https://gpacalculator.net/admissions/pennsylvania-state-university-penn-state-fayette-eberly-campus/,Penn State Fayette Eberly Campus,"Uniontown, Pennsylvania",none,,,,,hold,,,no IPEDS directory since 2002 lists this name in this state; FSA's closed-school file lists no school with this name in this city and state
pennsylvania-state-university-penn-state-new-kensington,https://gpacalculator.net/admissions/pennsylvania-state-university-penn-state-new-kensington/,Penn State New Kensington,"Upper Burrell, Pennsylvania",none,,,,,hold,,,no IPEDS directory since 2002 lists this name in this state; FSA's closed-school file lists no school with this name in this city and state
pennsylvania-state-university-penn-state-wilkes-barre,https://gpacalculator.net/admissions/pennsylvania-state-university-penn-state-wilkes-barre/,Penn State Wilkes Barre,"Lehman, Pennsylvania",none,,,,,hold,,,no IPEDS directory since 2002 lists this name in this state; FSA's closed-school file lists no school with this name in this city and state
pennsylvania-state-university-penn-state-worthington-scranton,https://gpacalculator.net/admissions/pennsylvania-state-university-penn-state-worthington-scranton/,Penn State Worthington Scranton,"Dunmore, Pennsylvania",none,,,,,hold,,,no IPEDS directory since 2002 lists this name in this state; FSA's closed-school file lists no school with this name in this city and state
phillips-beth-israel-school-of-nursing,https://gpacalculator.net/admissions/phillips-beth-israel-school-of-nursing/,Phillips Beth Israel School of Nursing,"New York, New York","renamed: same name, city and state as UNITID 189282, now Mount Sinai Phillips School of Nursing",189282,Mount Sinai Phillips School of Nursing,New York,NY,import,R,,"renamed: same name, city and state as UNITID 189282, now Mount Sinai Phillips School of Nursing"
pierce-college-at-fort-steilacoom,https://gpacalculator.net/admissions/pierce-college-at-fort-steilacoom/,Pierce College at Fort Steilacoom,"Lakewood, Washington","consolidated: same name, city and state as UNITID 235237, now Pierce College District, which 1 other college merged into",235237,Pierce College District,Lakewood,WA,301,N,https://gpacalculator.net/admissions/pierce-college-district/,"consolidated: same name, city and state as UNITID 235237, now Pierce College District, which 1 other college merged into; now part of Pierce College District, which gets a page"
pierce-college-at-puyallup,https://gpacalculator.net/admissions/pierce-college-at-puyallup/,Pierce College at Puyallup,"Puyallup, Washington",merged,235237,Pierce College District,Lakewood,WA,301,N,https://gpacalculator.net/admissions/pierce-college-district/,"merged into Pierce College District (IPEDS NEWID, audit); now part of Pierce College District, which gets a page"
pikes-peak-community-college,https://gpacalculator.net/admissions/pikes-peak-community-college/,Pikes Peak Community College,"Colorado Springs, Colorado","renamed: same name, city and state as UNITID 127820, now Pikes Peak State College",127820,Pikes Peak State College,Colorado Springs,CO,import,R,,"renamed: same name, city and state as UNITID 127820, now Pikes Peak State College"
potomac-college-herndon,https://gpacalculator.net/admissions/potomac-college-herndon/,Potomac College Herndon,"Herndon, Virginia","renamed: same name, city and state as UNITID 442639, now University of the Potomac-VA Campus",442639,University of the Potomac-VA Campus,FALLS CHURCH,VA,import,R,,"renamed: same name, city and state as UNITID 442639, now University of the Potomac-VA Campus"
potomac-college-washington,https://gpacalculator.net/admissions/potomac-college-washington/,Potomac College Washington,"Washington, District Of Columbia",review,,,,,hold,,,no IPEDS directory since 2002 lists this name in this state; FSA's closed-school file lists no school with this name in this city and state
professional-business-college,https://gpacalculator.net/admissions/professional-business-college/,Professional Business College,"New York, New York","left IPEDS: last listed in HD2016, no closing date recorded",,,,,retire,R,,"left IPEDS after HD2016 without a closing date; closed 2014-07-23 (FSA's closed-school file lists OPEID 02306500 (Professional Business College, New York, NY), matched by OPEID)"
provo-college-american-fork,https://gpacalculator.net/admissions/provo-college-american-fork/,Provo College American Fork,"American Fork, Utah",none,,,,,retire,R,,"no IPEDS directory since 2002 lists this name in this state; closed 2013-02-13 (FSA's closed-school file lists OPEID 02360802 (Provo College - American Fork Campus, American Fork, UT), matched by name, city and state)"
quinebaug-valley-community-college,https://gpacalculator.net/admissions/quinebaug-valley-community-college/,Quinebaug Valley Community College,"Danielson, Connecticut",merged,129367,Connecticut State Community College,New Britain,CT,301,N,https://gpacalculator.net/admissions/connecticut-state-community-college/,"merged into Connecticut State Community College (IPEDS NEWID, audit); now part of Connecticut State Community College, which gets a page"
rabbinical-college-of-chsan-sofer-new-york,https://gpacalculator.net/admissions/rabbinical-college-of-chsan-sofer-new-york/,Rabbinical College of Ch'san Sofer New York,"Brooklyn, New York","left IPEDS: last listed in HD2016, no closing date recorded",,,,,hold,,,left IPEDS after HD2016 without a closing date; FSA's closed-school file doesn't list OPEID 00397700
rabbinical-seminary-mkor-chaim,https://gpacalculator.net/admissions/rabbinical-seminary-mkor-chaim/,Rabbinical Seminary M'kor Chaim,"Brooklyn, New York","renamed: same name, city and state as UNITID 194718, now Rabbinical Seminary Mkor Chaim",194718,Rabbinical Seminary Mkor Chaim,Lakewood,NJ,import,R,,"renamed: same name, city and state as UNITID 194718, now Rabbinical Seminary Mkor Chaim"
redstone-college,https://gpacalculator.net/admissions/redstone-college/,Redstone College,"Broomfield, Colorado","consolidated: same name, city and state as UNITID 126605, now Spartan College of Aeronautics and Technology, which 1 other college merged into",126605,Spartan College of Aeronautics and Technology,Broomfield,CO,import,R,,"consolidated: same name, city and state as UNITID 126605, now Spartan College of Aeronautics and Technology, which 1 other college merged into"
remington-college-knoxville,https://gpacalculator.net/admissions/remington-college-knoxville/,Remington College Knoxville,"Knoxville, Tennessee","renamed: same name, city and state as UNITID 497000, now Remington College-Online Dallas",497000,Remington College-Online Dallas,Dallas,TX,hold,,,"renamed: same name, city and state as UNITID 497000, now Remington College-Online Dallas; open in IPEDS 2024 but missing from College Scorecard's June 2026 release"
richard-bland-college-of-the-college-of-william-and-mary,https://gpacalculator.net/admissions/richard-bland-college-of-the-college-of-william-and-mary/,Richard Bland College of the College of William and Mary,"Petersburg, Virginia","renamed: same name, city and state as UNITID 233338, now Richard Bland College",233338,Richard Bland College,South Prince George,VA,import,R,,"renamed: same name, city and state as UNITID 233338, now Richard Bland College"
rockford-career-college,https://gpacalculator.net/admissions/rockford-career-college/,Rockford Career College,"Rockford, Illinois","left IPEDS: last listed in HD2019, no closing date recorded",,,,,retire,R,,"left IPEDS after HD2019 without a closing date; closed 2018-12-14 (FSA's closed-school file lists OPEID 01091303 (Madison Media Institute - Rockford Career College, Rockford, IL), matched by OPEID)"
saint-augustines-college,https://gpacalculator.net/admissions/saint-augustines-college/,Saint Augustines College,"Raleigh, North Carolina","renamed: same name, city and state as UNITID 199582, now Saint Augustine's University",199582,Saint Augustine's University,Raleigh,NC,import,R,,"renamed: same name, city and state as UNITID 199582, now Saint Augustine's University"
saint-gregorys-university,https://gpacalculator.net/admissions/saint-gregorys-university/,Saint Gregorys University,"Shawnee, Oklahoma","left IPEDS: last listed in HD2017, no closing date recorded",,,,,retire,R,,"left IPEDS after HD2017 without a closing date; closed 2018-01-31 (FSA's closed-school file lists OPEID 00318300 (Saint Gregory's University, Shawnee, OK), matched by OPEID)"
saint-louis-christian-college,https://gpacalculator.net/admissions/saint-louis-christian-college/,Saint Louis Christian College,"Florissant, Missouri","left IPEDS: last listed in HD2022, no closing date recorded",,,,,retire,R,,"left IPEDS after HD2022 without a closing date; closed 2022-05-08 (FSA's closed-school file lists OPEID 01258000 (Saint Louis Christian College, Florissant, MO), matched by OPEID)"
salem-international-university,https://gpacalculator.net/admissions/salem-international-university/,Salem International University,"Salem, West Virginia","renamed: same name, city and state as UNITID 237783, now Salem University",237783,Salem University,Salem,WV,import,R,,"renamed: same name, city and state as UNITID 237783, now Salem University"
san-joaquin-delta-college,https://gpacalculator.net/admissions/san-joaquin-delta-college/,San Joaquin Delta College,"Stockton, California","renamed: same name, city and state as UNITID 122658, now San Joaquin Delta College",122658,San Joaquin Delta College,Stockton,CA,import,R,,"renamed: same name, city and state as UNITID 122658, now San Joaquin Delta College"
san-joaquin-valley-college-fresno-aviation,https://gpacalculator.net/admissions/san-joaquin-valley-college-fresno-aviation/,San Joaquin Valley College Fresno Aviation,"Fresno, California","renamed: same name, city and state as UNITID 422020, now San Joaquin Valley College-Trades Education Center",422020,San Joaquin Valley College-Trades Education Center,Fresno,CA,import,R,,"renamed: same name, city and state as UNITID 422020, now San Joaquin Valley College-Trades Education Center"
san-joaquin-valley-college-online,https://gpacalculator.net/admissions/san-joaquin-valley-college-online/,San Joaquin Valley College Online,"Visalia, California","left IPEDS: last listed in HD2011, no closing date recorded",,,,,hold,,,left IPEDS after HD2011 without a closing date; FSA's closed-school file doesn't list OPEID 02120700
san-joaquin-valley-college-rancho-cucamonga,https://gpacalculator.net/admissions/san-joaquin-valley-college-rancho-cucamonga/,San Joaquin Valley College Rancho Cucamonga,"Rancho Cucamonga, California","renamed: same name, city and state as UNITID 442444, now San Joaquin Valley College-Ontario",442444,San Joaquin Valley College-Ontario,Ontario,CA,import,R,,"renamed: same name, city and state as UNITID 442444, now San Joaquin Valley College-Ontario"
santa-barbara-business-college-bakersfield,https://gpacalculator.net/admissions/santa-barbara-business-college-bakersfield/,Santa Barbara Business College Bakersfield,"Bakersfield, California","left IPEDS: last listed in HD2022, no closing date recorded",,,,,retire,R,,"left IPEDS after HD2022 without a closing date; closed 2021-12-31 (FSA's closed-school file lists OPEID 02577900 (Santa Barbara Business College, Bakersfield, CA), matched by OPEID)"
santa-barbara-business-college-ventura,https://gpacalculator.net/admissions/santa-barbara-business-college-ventura/,Santa Barbara Business College Ventura,"Ventura, California","consolidated: same name, city and state as UNITID 433420, now California Aeronautical University, which 2 other colleges merged into",,,,,hold,,,its IPEDS ID now belongs to California Aeronautical University in Bakersfield
santa-fe-university-of-art-and-design,https://gpacalculator.net/admissions/santa-fe-university-of-art-and-design/,Santa Fe University of Art and Design,"Santa Fe, New Mexico","left IPEDS: last listed in HD2017, no closing date recorded",,,,,retire,R,,"left IPEDS after HD2017 without a closing date; closed 2018-05-11 (FSA's closed-school file lists OPEID 00264900 (Santa Fe University of Art and Design, Santa Fe, NM), matched by OPEID)"
school-of-advertising-art-inc,https://gpacalculator.net/admissions/school-of-advertising-art-inc/,School of Advertising Art Inc,"Kettering, Ohio","renamed: same name, city and state as UNITID 205391, now The Modern College of Design",205391,The Modern College of Design,Kettering,OH,import,R,,"renamed: same name, city and state as UNITID 205391, now The Modern College of Design"
sewanee-the-university-of-the-south,https://gpacalculator.net/admissions/sewanee-the-university-of-the-south/,Sewanee The University of the South,"Sewanee, Tennessee","renamed: same name, city and state as UNITID 221519, now The University of the South",221519,The University of the South,Sewanee,TN,import,R,,"renamed: same name, city and state as UNITID 221519, now The University of the South"
seward-county-community-college-and-area-technical-school,https://gpacalculator.net/admissions/seward-county-community-college-and-area-technical-school/,Seward County Community College and Area Technical School,"Liberal, Kansas","renamed: same name, city and state as UNITID 155858, now Seward County Community College",155858,Seward County Community College,Liberal,KS,import,R,,"renamed: same name, city and state as UNITID 155858, now Seward County Community College"
somerset-christian-college,https://gpacalculator.net/admissions/somerset-christian-college/,Somerset Christian College,"Zarephath, New Jersey","renamed: same name, city and state as UNITID 440794, now Pillar College",440794,Pillar College,Newark,NJ,import,R,,"renamed: same name, city and state as UNITID 440794, now Pillar College"
south-florida-community-college,https://gpacalculator.net/admissions/south-florida-community-college/,South Florida Community College,"Avon Park, Florida","renamed: same name, city and state as UNITID 137315, now South Florida State College",137315,South Florida State College,Avon Park,FL,import,R,,"renamed: same name, city and state as UNITID 137315, now South Florida State College"
south-university,https://gpacalculator.net/admissions/south-university/,South University,"Savannah, Georgia",name plus city: IPEDS lists UNITID 139579 as South University-Savannah,139579,South University-Savannah,Savannah,GA,import,R,,name plus city: IPEDS lists UNITID 139579 as South University-Savannah
southeast-culinary-and-hospitality-college,https://gpacalculator.net/admissions/southeast-culinary-and-hospitality-college/,Southeast Culinary &amp; Hospitality College,"Bristol, Virginia","left IPEDS: last listed in HD2013, no closing date recorded",,,,,hold,,,left IPEDS after HD2013 without a closing date; FSA's closed-school file doesn't list OPEID 04133800
southeastern-college,https://gpacalculator.net/admissions/southeastern-college/,Southeastern College,"Greenacres, Florida",review,,,,,hold,,,no IPEDS directory since 2002 lists this name in this state; FSA's closed-school file lists no school with this name in this city and state
southwest-career-college,https://gpacalculator.net/admissions/southwest-career-college/,Southwest Career College,"El Paso, Texas","renamed: same name, city and state as UNITID 451556, now Southwest University at El Paso",451556,Southwest University at El Paso,El Paso,TX,import,R,,"renamed: same name, city and state as UNITID 451556, now Southwest University at El Paso"
southwest-collegiate-institute-for-the-deaf,https://gpacalculator.net/admissions/southwest-collegiate-institute-for-the-deaf/,Southwest Collegiate Institute for the Deaf,"Big Spring, Texas","renamed: same name, city and state as UNITID 382911, now Southwest College for the Deaf",382911,Southwest College for the Deaf,Big Spring,TX,import,R,,"renamed: same name, city and state as UNITID 382911, now Southwest College for the Deaf"
southwest-florida-college,https://gpacalculator.net/admissions/southwest-florida-college/,Southwest Florida College,"Fort Myers, Florida","renamed: same name, city and state as UNITID 366553, now Southern Technical College",366553,Southern Technical College,Fort Myers,FL,import,R,,"renamed: same name, city and state as UNITID 366553, now Southern Technical College"
southwest-georgia-technical-college,https://gpacalculator.net/admissions/southwest-georgia-technical-college/,Southwest Georgia Technical College,"Thomasville, Georgia",ambiguous: 2 colleges carried this name in this city,487162,Southern Regional Technical College,Thomasville,GA,301,R,https://gpacalculator.net/admissions/southern-regional-technical-college/,each IPEDS record with this name and city leads to UNITID 487162 (NEWID); Southern Regional Technical College already has a page
southwest-texas-junior-college,https://gpacalculator.net/admissions/southwest-texas-junior-college/,Southwest Texas Junior College,"Uvalde, Texas","renamed: same name, city and state as UNITID 228316, now Southwest Texas College",228316,Southwest Texas College,Uvalde,TX,import,R,,"renamed: same name, city and state as UNITID 228316, now Southwest Texas College"
southwestern-assemblies-of-god-university,https://gpacalculator.net/admissions/southwestern-assemblies-of-god-university/,Southwestern Assemblies of God University,"Waxahachie, Texas","renamed: same name, city and state as UNITID 228325, now Nelson University",228325,Nelson University,Waxahachie,TX,import,R,,"renamed: same name, city and state as UNITID 228325, now Nelson University"
st-josephs-college-of-nursing-at-st-josephs-hospital-health-center,https://gpacalculator.net/admissions/st-josephs-college-of-nursing-at-st-josephs-hospital-health-center/,St Joseph's College of Nursing at St Joseph's Hospital Health Center,"Syracuse, New York","renamed: same name, city and state as UNITID 195191, now St. Joseph's College of Nursing",195191,St. Joseph's College of Nursing,Syracuse,NY,import,R,,"renamed: same name, city and state as UNITID 195191, now St. Joseph's College of Nursing"
st-marys-seminary-and-university,https://gpacalculator.net/admissions/st-marys-seminary-and-university/,St. Mary's Seminary & University,"Baltimore, Maryland","left IPEDS: last listed in HD2013, no closing date recorded",,,,,hold,,,left IPEDS after HD2013 without a closing date; FSA's closed-school file doesn't list OPEID 00209600
strayer-university,https://gpacalculator.net/admissions/strayer-university/,Strayer University,"Washington, District of Columbia","renamed: same name, city and state as UNITID 131803, now Strayer University-District of Columbia",131803,Strayer University-District of Columbia,Washington,DC,import,R,,"renamed: same name, city and state as UNITID 131803, now Strayer University-District of Columbia"
suny-binghamton,https://gpacalculator.net/admissions/suny-binghamton/,SUNY at Binghamton,"Vestal, New York","renamed: same name, city and state as UNITID 196079, now Binghamton University",196079,Binghamton University,Vestal,NY,import,R,,"renamed: same name, city and state as UNITID 196079, now Binghamton University"
suny-college-at-buffalo,https://gpacalculator.net/admissions/suny-college-at-buffalo/,SUNY College at Buffalo,"Buffalo, New York","renamed: same name, city and state as UNITID 196130, now SUNY Buffalo State University",196130,SUNY Buffalo State University,Buffalo,NY,import,R,,"renamed: same name, city and state as UNITID 196130, now SUNY Buffalo State University"
suny-college-at-cortland,https://gpacalculator.net/admissions/suny-college-at-cortland/,SUNY College at Cortland,"Cortland, New York","renamed: same name, city and state as UNITID 196149, now State University of New York at Cortland",196149,State University of New York at Cortland,Cortland,NY,import,R,,"renamed: same name, city and state as UNITID 196149, now State University of New York at Cortland"
suny-college-at-oswego,https://gpacalculator.net/admissions/suny-college-at-oswego/,SUNY College at Oswego,"Oswego, New York","renamed: same name, city and state as UNITID 196194, now State University of New York at Oswego",196194,State University of New York at Oswego,Oswego,NY,import,R,,"renamed: same name, city and state as UNITID 196194, now State University of New York at Oswego"
suny-college-at-plattsburgh,https://gpacalculator.net/admissions/suny-college-at-plattsburgh/,SUNY College at Plattsburgh,"Plattsburgh, New York","renamed: same name, city and state as UNITID 196246, now State University of New York at Plattsburgh",196246,State University of New York at Plattsburgh,Plattsburgh,NY,import,R,,"renamed: same name, city and state as UNITID 196246, now State University of New York at Plattsburgh"
suny-institute-of-technology-at-utica-rome,https://gpacalculator.net/admissions/suny-institute-of-technology-at-utica-rome/,SUNY Institute of Technology at Utica Rome,"Utica, New York","renamed: same name, city and state as UNITID 196112, now SUNY Polytechnic Institute",196112,SUNY Polytechnic Institute,Utica,NY,import,R,,"renamed: same name, city and state as UNITID 196112, now SUNY Polytechnic Institute"
taft-university-system,https://gpacalculator.net/admissions/taft-university-system/,Taft University System,"Santa Ana, California","renamed: same name, city and state as UNITID 454689, now Taft University System",454689,Taft University System,Denver,CO,import,R,,"renamed: same name, city and state as UNITID 454689, now Taft University System"
tallahassee-community-college,https://gpacalculator.net/admissions/tallahassee-community-college/,Tallahassee Community College,"Tallahassee, Florida","renamed: same name, city and state as UNITID 137759, now Tallahassee State College",137759,Tallahassee State College,Tallahassee,FL,import,R,,"renamed: same name, city and state as UNITID 137759, now Tallahassee State College"
texas-a-m-university-commerce,https://gpacalculator.net/admissions/texas-a-m-university-commerce/,Texas A &amp; M University Commerce,"Commerce, Texas","renamed: same name, city and state as UNITID 224554, now East Texas A&M University",224554,East Texas A&M University,Commerce,TX,import,R,,"renamed: same name, city and state as UNITID 224554, now East Texas A&M University"
the-college-of-saint-thomas-more,https://gpacalculator.net/admissions/the-college-of-saint-thomas-more/,The College of Saint Thomas More,"Fort Worth, Texas","left IPEDS: last listed in HD2012, no closing date recorded",,,,,hold,,,left IPEDS after HD2012 without a closing date; FSA's closed-school file doesn't list OPEID 03189400
the-continents-states-university,https://gpacalculator.net/admissions/the-continents-states-university/,The Continents States University,"Saint Louis, Missouri","left IPEDS: last listed in HD2023, no closing date recorded",,,,,hold,,,left IPEDS after HD2023 without a closing date; FSA's closed-school file lists no school with this name in this city and state
the-restaurant-school-at-walnut-hill-college,https://gpacalculator.net/admissions/the-restaurant-school-at-walnut-hill-college/,The Restaurant School at Walnut Hill College,"Philadelphia, Pennsylvania","renamed: same name, city and state as UNITID 215637, now Walnut Hill College",215637,Walnut Hill College,Philadelphia,PA,import,R,,"renamed: same name, city and state as UNITID 215637, now Walnut Hill College"
the-sage-colleges,https://gpacalculator.net/admissions/the-sage-colleges/,The Sage Colleges,"Troy, New York","consolidated: same name, city and state as UNITID 195128, now Russell Sage College, which 2 other colleges merged into",195128,Russell Sage College,Troy,NY,import,R,,"consolidated: same name, city and state as UNITID 195128, now Russell Sage College, which 2 other colleges merged into"
the-university-of-tennessee,https://gpacalculator.net/admissions/the-university-of-tennessee/,The University of Tennessee,"Knoxville, Tennessee","consolidated: same name, city and state as UNITID 221759, now The University of Tennessee-Knoxville, which 2 other colleges merged into",221759,The University of Tennessee-Knoxville,Knoxville,TN,import,R,,"consolidated: same name, city and state as UNITID 221759, now The University of Tennessee-Knoxville, which 2 other colleges merged into"
the-university-of-texas-at-brownsville,https://gpacalculator.net/admissions/the-university-of-texas-at-brownsville/,The University of Texas at Brownsville,"Brownsville, Texas","consolidated: same name, city and state as UNITID 227377, now Texas Southmost College, which 1 other college merged into",,,,,hold,,,"its IPEDS ID now belongs to Texas Southmost College, a different college"
the-university-of-texas-pan-american,https://gpacalculator.net/admissions/the-university-of-texas-pan-american/,The University of Texas Pan American,"Edinburg, Texas","renamed: same name, city and state as UNITID 227368, now The University of Texas Rio Grande Valley",227368,The University of Texas Rio Grande Valley,Edinburg,TX,import,R,,"renamed: same name, city and state as UNITID 227368, now The University of Texas Rio Grande Valley"
three-rivers-community-college-ct,https://gpacalculator.net/admissions/three-rivers-community-college-ct/,Three Rivers Community College,"Norwich, Connecticut",merged,129367,Connecticut State Community College,New Britain,CT,301,N,https://gpacalculator.net/admissions/connecticut-state-community-college/,"merged into Connecticut State Community College (IPEDS NEWID, audit); now part of Connecticut State Community College, which gets a page"
touro-college-los-angeles,https://gpacalculator.net/admissions/touro-college-los-angeles/,Touro College Los Angeles,"Los Angeles, California","renamed: same name, city and state as UNITID 459727, now Touro University Worldwide",459727,Touro University Worldwide,Los Alamitos,CA,import,R,,"renamed: same name, city and state as UNITID 459727, now Touro University Worldwide"
tri-state-institute,https://gpacalculator.net/admissions/tri-state-institute/,Tri State Institute,"Birmingham, Alabama","renamed: same name, city and state as UNITID 455628, now Fortis Institute-Birmingham",455628,Fortis Institute-Birmingham,Birmingham,AL,import,R,,"renamed: same name, city and state as UNITID 455628, now Fortis Institute-Birmingham"
trinidad-state-junior-college,https://gpacalculator.net/admissions/trinidad-state-junior-college/,Trinidad State Junior College,"Trinidad, Colorado","renamed: same name, city and state as UNITID 128258, now Trinidad State College",128258,Trinidad State College,Trinidad,CO,import,R,,"renamed: same name, city and state as UNITID 128258, now Trinidad State College"
trinity-bible-college,https://gpacalculator.net/admissions/trinity-bible-college/,Trinity Bible College,"Ellendale, North Dakota","renamed: same name, city and state as UNITID 200484, now Trinity Bible College and Graduate School",200484,Trinity Bible College and Graduate School,Ellendale,ND,import,R,,"renamed: same name, city and state as UNITID 200484, now Trinity Bible College and Graduate School"
tunxis-community-college,https://gpacalculator.net/admissions/tunxis-community-college/,Tunxis Community College,"Farmington, Connecticut",merged,129367,Connecticut State Community College,New Britain,CT,301,N,https://gpacalculator.net/admissions/connecticut-state-community-college/,"merged into Connecticut State Community College (IPEDS NEWID, audit); now part of Connecticut State Community College, which gets a page"
uc-law-san-francisco,https://gpacalculator.net/admissions/uc-law-san-francisco/,UC Law San Francisco,"San Francisco, California",review,,,,,hold,,,no IPEDS directory since 2002 lists this name in this state; FSA's closed-school file lists no school with this name in this city and state
umass-chan-medical-school,https://gpacalculator.net/admissions/umass-chan-medical-school/,UMass Chan Medical School,"Worcester, Massachusetts",none,,,,,hold,,,no IPEDS directory since 2002 lists this name in this state; FSA's closed-school file lists no school with this name in this city and state
umass-global,https://gpacalculator.net/admissions/umass-global/,UMass Global,"Irvine, California",none,,,,,hold,,,no IPEDS directory since 2002 lists this name in this state; FSA's closed-school file lists no school with this name in this city and state
union-college-ky,https://gpacalculator.net/admissions/union-college-ky/,Union College,"Barbourville, Kentucky","renamed: same name, city and state as UNITID 157863, now Union Commonwealth University",157863,Union Commonwealth University,Barbourville,KY,import,R,,"renamed: same name, city and state as UNITID 157863, now Union Commonwealth University"
union-college-nb,https://gpacalculator.net/admissions/union-college-nb/,Union College,"Lincoln, Nebraska","renamed: same name, city and state as UNITID 181738, now Union Adventist University",181738,Union Adventist University,Lincoln,NE,import,R,,"renamed: same name, city and state as UNITID 181738, now Union Adventist University"
union-county-college,https://gpacalculator.net/admissions/union-county-college/,Union County College,"Cranford, New Jersey","renamed: same name, city and state as UNITID 187198, now UCNJ Union College of Union County, New Jersey",187198,"UCNJ Union College of Union County, New Jersey",Cranford,NJ,import,R,,"renamed: same name, city and state as UNITID 187198, now UCNJ Union College of Union County, New Jersey"
union-institute-university,https://gpacalculator.net/admissions/union-institute-university/,Union Institute &amp; University,"Cincinnati, Ohio","left IPEDS: last listed in HD2023, no closing date recorded",,,,,retire,R,,"left IPEDS after HD2023 without a closing date; closed 2024-06-30 (FSA's closed-school file lists OPEID 01092300 (Union Institute & University, Cincinnati, OH), matched by OPEID)"
unity-college,https://gpacalculator.net/admissions/unity-college/,Unity College,"Unity, Maine","consolidated: same name, city and state as UNITID 161572, now Unity Environmental University, which 2 other colleges merged into",161572,Unity Environmental University,New Gloucester,ME,import,R,,"consolidated: same name, city and state as UNITID 161572, now Unity Environmental University, which 2 other colleges merged into"
university-of-arizona-global-campus,https://gpacalculator.net/admissions/university-of-arizona-global-campus/,University of Arizona Global Campus,Online / Arizona,review,,,,,hold,,,no IPEDS directory since 2002 lists this name in this state; FSA's closed-school file lists no school with this name in this city and state
university-of-arkansas-community-college-hope,https://gpacalculator.net/admissions/university-of-arkansas-community-college-hope/,University of Arkansas Community College Hope,"Hope, Arkansas","consolidated: same name, city and state as UNITID 107725, now University of Arkansas Hope-Texarkana, which 1 other college merged into",107725,University of Arkansas Hope-Texarkana,Hope,AR,import,R,,"consolidated: same name, city and state as UNITID 107725, now University of Arkansas Hope-Texarkana, which 1 other college merged into"
university-of-cincinnati-raymond-walters-college,https://gpacalculator.net/admissions/university-of-cincinnati-raymond-walters-college/,University of Cincinnati Raymond Walters College,"Blue Ash, Ohio","renamed: same name, city and state as UNITID 201955, now University of Cincinnati-Blue Ash College",201955,University of Cincinnati-Blue Ash College,Blue Ash,OH,import,R,,"renamed: same name, city and state as UNITID 201955, now University of Cincinnati-Blue Ash College"
university-of-colorado-denver,https://gpacalculator.net/admissions/university-of-colorado-denver/,University of Colorado Denver,"Denver, Colorado","consolidated: same name, city and state as UNITID 126562, now University of Colorado Denver/Anschutz Medical Campus, which 1 other college merged into",126562,University of Colorado Denver/Anschutz Medical Campus,Denver,CO,import,R,,"consolidated: same name, city and state as UNITID 126562, now University of Colorado Denver/Anschutz Medical Campus, which 1 other college merged into"
university-of-connecticut-tri-campus,https://gpacalculator.net/admissions/university-of-connecticut-tri-campus/,University of Connecticut Tri Campus,"Waterbury, Connecticut","renamed: same name, city and state as UNITID 436818, now University of Connecticut-Waterbury Campus",436818,University of Connecticut-Waterbury Campus,Waterbury,CT,import,R,,"renamed: same name, city and state as UNITID 436818, now University of Connecticut-Waterbury Campus"
university-of-great-falls,https://gpacalculator.net/admissions/university-of-great-falls/,University of Great Falls,"Great Falls, Montana","renamed: same name, city and state as UNITID 180258, now University of Providence",180258,University of Providence,Great Falls,MT,import,R,,"renamed: same name, city and state as UNITID 180258, now University of Providence"
university-of-maryland-university-college,https://gpacalculator.net/admissions/university-of-maryland-university-college/,University of Maryland University College,"Adelphi, Maryland","renamed: same name, city and state as UNITID 163204, now University of Maryland Global Campus",163204,University of Maryland Global Campus,Adelphi,MD,import,R,,"renamed: same name, city and state as UNITID 163204, now University of Maryland Global Campus"
university-of-montana-helena-college-of-technology,https://gpacalculator.net/admissions/university-of-montana-helena-college-of-technology/,University of Montana Helena College of Technology,"Helena, Montana","renamed: same name, city and state as UNITID 180276, now Helena College University of Montana",180276,Helena College University of Montana,Helena,MT,import,R,,"renamed: same name, city and state as UNITID 180276, now Helena College University of Montana"
university-of-phoenix-colorado-campus,https://gpacalculator.net/admissions/university-of-phoenix-colorado-campus/,University of Phoenix Colorado Campus,"Lone Tree, Colorado",ambiguous: 2 colleges carried this name in this city,484640,,,,retire,R,,"each IPEDS record with this name and city leads to UNITID 484640 (NEWID); UNITID 484640 closed 11/21/2019 (IPEDS CLOSEDAT, HD2019)"
university-of-phoenix-harrisburg-campus,https://gpacalculator.net/admissions/university-of-phoenix-harrisburg-campus/,University of Phoenix Harrisburg Campus,"Harrisburg, Pennsylvania","left IPEDS: last listed in HD2013, no closing date recorded",,,,,retire,R,,"left IPEDS after HD2013 without a closing date; closed 2014-12-02 (FSA's closed-school file lists OPEID 42098864 (University of Phoenix - Harrisburg Campus (C), Harrisburg, PA), matched by OPEID)"
university-of-phoenix-idaho-campus,https://gpacalculator.net/admissions/university-of-phoenix-idaho-campus/,University of Phoenix Idaho Campus,"Meridian, Idaho","left IPEDS: last listed in HD2018, no closing date recorded",,,,,hold,,,left IPEDS after HD2018 without a closing date; FSA's closed-school file doesn't list OPEID 52098853
university-of-phoenix-minneapolis-st-paul-campus,https://gpacalculator.net/admissions/university-of-phoenix-minneapolis-st-paul-campus/,University of Phoenix Minneapolis/St Paul Campus,,none,,,,,hold,,,no IPEDS directory since 2002 lists this name in this state; FSA's closed-school file lists no school with this name in this city and state
university-of-phoenix-philadelphia-campus,https://gpacalculator.net/admissions/university-of-phoenix-philadelphia-campus/,University of Phoenix Philadelphia Campus,"Wayne, Pennsylvania","left IPEDS: last listed in HD2013, no closing date recorded",,,,,retire,R,,"left IPEDS after HD2013 without a closing date; closed 2013-10-28 (FSA's closed-school file lists OPEID 42098852 (University of Phoenix - Philadelphia Campus (C), Wayne, PA), matched by OPEID)"
university-of-phoenix-pittsburgh-campus,https://gpacalculator.net/admissions/university-of-phoenix-pittsburgh-campus/,University of Phoenix Pittsburgh Campus,"Pittsburgh, Pennsylvania","left IPEDS: last listed in HD2013, no closing date recorded",,,,,retire,R,,"left IPEDS after HD2013 without a closing date; closed 2013-09-16 (FSA's closed-school file lists OPEID 42098861 (University of Phoenix - Pittsburgh Campus (C), Pittsburgh, PA), matched by OPEID)"
university-of-phoenix-washington-dc-campus,https://gpacalculator.net/admissions/university-of-phoenix-washington-dc-campus/,University of Phoenix Washington DC Campus,"Washington, District Of Columbia",review,,,,,hold,,,no IPEDS directory since 2002 lists this name in this state; FSA's closed-school file lists no school with this name in this city and state
unt-health-fort-worth,https://gpacalculator.net/admissions/unt-health-fort-worth/,UNT Health Fort Worth,"Fort Worth, Texas",none,,,,,hold,,,no IPEDS directory since 2002 lists this name in this state; FSA's closed-school file lists no school with this name in this city and state
ut-southwestern-medical-center,https://gpacalculator.net/admissions/ut-southwestern-medical-center/,UT Southwestern Medical Center,"Dallas, Texas",review,,,,,hold,,,no IPEDS directory since 2002 lists this name in this state; FSA's closed-school file lists no school with this name in this city and state
vermilion-community-college,https://gpacalculator.net/admissions/vermilion-community-college/,Vermilion Community College,"Ely, Minnesota",merged,173735,Minnesota North College,Hibbing,MN,301,P,https://gpacalculator.net/admissions/minnesota-north-college/,"merged into Minnesota North College (IPEDS NEWID, audit); now part of Minnesota North College, whose page S adds"
vermont-technical-college,https://gpacalculator.net/admissions/vermont-technical-college/,Vermont Technical College,"Randolph Center, Vermont","consolidated: same name, city and state as UNITID 231165, now Vermont State University, which 2 other colleges merged into",231165,Vermont State University,Randolph,VT,301,N,https://gpacalculator.net/admissions/vermont-state-university/,"consolidated: same name, city and state as UNITID 231165, now Vermont State University, which 2 other colleges merged into; now part of Vermont State University, which gets a page"
virginia-intermont-college,https://gpacalculator.net/admissions/virginia-intermont-college/,Virginia Intermont College,"Bristol, Virginia","left IPEDS: last listed in HD2013, no closing date recorded",,,,,retire,R,,"left IPEDS after HD2013 without a closing date; closed 2014-04-29 (FSA's closed-school file lists OPEID 00375200 (Virginia Intermont College, Bristol, VA), matched by OPEID)"
virginia-marti-college-of-art-and-design,https://gpacalculator.net/admissions/virginia-marti-college-of-art-and-design/,Virginia Marti College of Art and Design,"Lakewood, Ohio","left IPEDS: last listed in HD2023, no closing date recorded",,,,,retire,R,,"left IPEDS after HD2023 without a closing date; closed 2024-08-18 (FSA's closed-school file lists OPEID 01289600 (North Coast College, The, Lakewood, OH), matched by OPEID)"
virginia-wesleyan-college,https://gpacalculator.net/admissions/virginia-wesleyan-college/,Virginia Wesleyan College,"Norfolk, Virginia","renamed: same name, city and state as UNITID 234173, now Virginia Wesleyan University",234173,Virginia Wesleyan University,Virginia Beach,VA,import,R,,"renamed: same name, city and state as UNITID 234173, now Virginia Wesleyan University"
w-l-bonner-college,https://gpacalculator.net/admissions/w-l-bonner-college/,W L Bonner College,"Columbia, South Carolina","left IPEDS: last listed in HD2021, no closing date recorded",,,,,hold,,,left IPEDS after HD2021 without a closing date; FSA's closed-school file doesn't list OPEID 03856400
wentworth-military-academy-and-junior-college,https://gpacalculator.net/admissions/wentworth-military-academy-and-junior-college/,Wentworth Military Academy &amp; Junior College,"Lexington, Missouri","left IPEDS: last listed in HD2016, no closing date recorded",,,,,retire,R,,"left IPEDS after HD2016 without a closing date; closed 2017-05-10 (FSA's closed-school file lists OPEID 00252200 (Wentworth Military Academy and College, Lexington, MO), matched by OPEID)"
west-coast-ultrasound-institute,https://gpacalculator.net/admissions/west-coast-ultrasound-institute/,West Coast Ultrasound Institute,"Beverly Hills, California","renamed: same name, city and state as UNITID 441229, now Smith Chason College",441229,Smith Chason College,Los Angeles,CA,import,R,,"renamed: same name, city and state as UNITID 441229, now Smith Chason College"
west-coast-university-los-angeles,https://gpacalculator.net/admissions/west-coast-university-los-angeles/,West Coast University Los Angeles,"North Hollywood, California","renamed: same name, city and state as UNITID 443331, now West Coast University-Los Angeles",443331,West Coast University-Los Angeles,North Hollywood,CA,import,R,,"renamed: same name, city and state as UNITID 443331, now West Coast University-Los Angeles"
west-hills-college-coalinga,https://gpacalculator.net/admissions/west-hills-college-coalinga/,West Hills College Coalinga,"Coalinga, California","renamed: same name, city and state as UNITID 125462, now Coalinga College",125462,Coalinga College,Coalinga,CA,import,R,,"renamed: same name, city and state as UNITID 125462, now Coalinga College"
west-hills-college-lemoore,https://gpacalculator.net/admissions/west-hills-college-lemoore/,West Hills College Lemoore,"Lemoore, California","renamed: same name, city and state as UNITID 448594, now Lemoore College",448594,Lemoore College,Lemoore,CA,import,R,,"renamed: same name, city and state as UNITID 448594, now Lemoore College"
western-state-college-of-colorado,https://gpacalculator.net/admissions/western-state-college-of-colorado/,Western State Colorado University,"Gunnison, Colorado","renamed: same name, city and state as UNITID 128391, now Western Colorado University",128391,Western Colorado University,Gunnison,CO,import,R,,"renamed: same name, city and state as UNITID 128391, now Western Colorado University"
wheaton-college-ma,https://gpacalculator.net/admissions/wheaton-college-ma/,Wheaton College,"Norton, Massachusetts","renamed: same name, city and state as UNITID 168281, now Wheaton College (Massachusetts)",168281,Wheaton College (Massachusetts),Norton,MA,import,R,,"renamed: same name, city and state as UNITID 168281, now Wheaton College (Massachusetts)"
wheeling-jesuit-university,https://gpacalculator.net/admissions/wheeling-jesuit-university/,Wheeling Jesuit University,"Wheeling, West Virginia","renamed: same name, city and state as UNITID 238078, now Wheeling University",238078,Wheeling University,Wheeling,WV,import,R,,"renamed: same name, city and state as UNITID 238078, now Wheeling University"
william-moore-college-of-technology,https://gpacalculator.net/admissions/william-moore-college-of-technology/,William Moore College of Technology,"Memphis, Tennessee",fuzzy,222105,William R Moore College of Technology,Memphis,TN,import,R,,near-exact name in the same city and state: William R Moore College of Technology
wisconsin-indianhead-technical-college,https://gpacalculator.net/admissions/wisconsin-indianhead-technical-college/,Wisconsin Indianhead Technical College,"Shell Lake, Wisconsin","renamed: same name, city and state as UNITID 240198, now Northwood Technical College",240198,Northwood Technical College,Rice Lake,WI,import,R,,"renamed: same name, city and state as UNITID 240198, now Northwood Technical College"
wood-tobe-coburn-school,https://gpacalculator.net/admissions/wood-tobe-coburn-school/,Wood Tobe Coburn School,"New York, New York",none,,,,,retire,R,,"no IPEDS directory since 2002 lists this name in this state; closed 2017-12-22 (FSA's closed-school file lists OPEID 00740500 (Wood Tobe - Coburn School, New York, NY), matched by name, city and state)"
wright-career-college,https://gpacalculator.net/admissions/wright-career-college/,Wright Career College,"Overland Park, Kansas","left IPEDS: last listed in HD2016, no closing date recorded",,,,,retire,R,,"left IPEDS after HD2016 without a closing date; closed 2016-04-15 (FSA's closed-school file lists OPEID 02590900 (Wright Career College, Overland Park, KS), matched by OPEID)"
yellowstone-christian-college,https://gpacalculator.net/admissions/yellowstone-christian-college/,Yellowstone Christian College,"Billings, Montana","left IPEDS: last listed in HD2022, no closing date recorded",,,,,hold,,,left IPEDS after HD2022 without a closing date; FSA's closed-school file doesn't list OPEID 04249900
yeshiva-shaar-hatorah,https://gpacalculator.net/admissions/yeshiva-shaar-hatorah/,Yeshiva Shaar Hatorah,"Kew Gardens, New York",fuzzy,197692,Yeshivath Shaar Hatorah,Kew Gardens,NY,import,R,,near-exact name in the same city and state: Yeshivath Shaar Hatorah
yeshivat-mikdash-melech,https://gpacalculator.net/admissions/yeshivat-mikdash-melech/,Yeshivat Mikdash Melech,"Brooklyn, New York","left IPEDS: last listed in HD2017, no closing date recorded",,,,,hold,,,left IPEDS after HD2017 without a closing date; FSA's closed-school file doesn't list OPEID 02506800
zion-bible-college,https://gpacalculator.net/admissions/zion-bible-college/,Zion Bible College,"Haverhill, Massachusetts","renamed: same name, city and state as UNITID 217606, now Northpoint Bible College",217606,Northpoint Bible College,Haverhill,MA,import,R,,"renamed: same name, city and state as UNITID 217606, now Northpoint Bible College"
bacone-college,https://gpacalculator.net/admissions/bacone-college/,Bacone College,"Muskogee, Oklahoma",E held,206817,Bacone College,Muskogee,OK,hold,,,open in IPEDS 2024 but missing from College Scorecard's June 2026 release (may have closed since); FSA's closed-school file doesn't list OPEID 00314700
california-jazz-conservatory,https://gpacalculator.net/admissions/california-jazz-conservatory/,California Jazz Conservatory,"Berkeley, California",E held,486488,California Jazz Conservatory,Berkeley,CA,retire,R,,"open in IPEDS 2024 but missing from College Scorecard's June 2026 release (may have closed since); closed 2024-12-20 (FSA's closed-school file lists OPEID 04237600 (California Jazz Conservatory, Berkeley, CA), matched by OPEID)"
centura-college-chesapeake,https://gpacalculator.net/admissions/centura-college-chesapeake/,Centura College Chesapeake,"Chesapeake, Virginia",E held,420024,Centura College-Chesapeake,Chesapeake,VA,hold,,,open in IPEDS 2024 but missing from College Scorecard's June 2026 release (may have closed since); FSA's closed-school file doesn't list OPEID 02334403
city-college-altamonte-springs,https://gpacalculator.net/admissions/city-college-altamonte-springs/,City College Altamonte Springs,"Altamonte Springs, Florida",E held,417327,City College-Altamonte Springs,Altamonte Springs,FL,retire,R,,"open in IPEDS 2024 but missing from College Scorecard's June 2026 release (may have closed since); closed 2025-03-31 (FSA's closed-school file lists OPEID 03079900 (City College, Altamonte Springs, FL), matched by OPEID)"
colorado-academy-of-veterinary-technology,https://gpacalculator.net/admissions/colorado-academy-of-veterinary-technology/,Colorado Academy of Veterinary Technology,"Colorado Springs, Colorado",E held,461953,Colorado Academy of Veterinary Technology,Colorado Springs,CO,retire,R,,"open in IPEDS 2024 but missing from College Scorecard's June 2026 release (may have closed since); closed 2025-06-13 (FSA's closed-school file lists OPEID 04185000 (Colorado Academy of Veterinary Technology, Colorado Springs, CO), matched by OPEID)"
institute-of-lutheran-theology,https://gpacalculator.net/admissions/institute-of-lutheran-theology/,Institute of Lutheran Theology,"Brookings, South Dakota",E held,493363,Institute of Lutheran Theology,Brookings,SD,hold,,,open in IPEDS 2024 but missing from College Scorecard's June 2026 release (may have closed since); FSA's closed-school file lists no school with this name in this city and state
lakewood-university,https://gpacalculator.net/admissions/lakewood-university/,Lakewood University,"Cleveland Heights, Ohio",E held,496706,Lakewood University,Cleveland Heights,OH,hold,,,open in IPEDS 2024 but missing from College Scorecard's June 2026 release (may have closed since); FSA's closed-school file doesn't list OPEID 04293900
miller-motte-college-wilmington,https://gpacalculator.net/admissions/miller-motte-college-wilmington/,Miller Motte College Wilmington,"Wilmington, North Carolina",E held,198978,Miller-Motte College-Wilmington,Wilmington,NC,retire,R,,"open in IPEDS 2024 but missing from College Scorecard's June 2026 release (may have closed since); closed 2025-04-20 (FSA's closed-school file lists OPEID 02306824 (Miller-Motte College - Wilmington, Wilmington, NC), matched by OPEID)"
pacific-states-university,https://gpacalculator.net/admissions/pacific-states-university/,Pacific States University,"Los Angeles, California",E held,120838,Pacific States University,Los Angeles,CA,hold,,,"not operating according to College Scorecard, no closing date in IPEDS (audit: unconfirmed); FSA's closed-school file doesn't list OPEID 03163300"
polytechnic-university-of-puerto-rico-miami-campus,https://gpacalculator.net/admissions/polytechnic-university-of-puerto-rico-miami-campus/,Polytechnic University of Puerto Rico Miami Campus,"Miami, Florida",E held,456481,Polytechnic University of Puerto Rico-Miami,Miami,FL,hold,,,"not operating according to College Scorecard, no closing date in IPEDS (audit: unconfirmed); FSA's closed-school file doesn't list OPEID 02100001"
reformed-university,https://gpacalculator.net/admissions/reformed-university/,Reformed University,"Lawrenceville, Georgia",E held,490230,Reformed University,Lawrenceville,GA,hold,,,open in IPEDS 2024 but missing from College Scorecard's June 2026 release (may have closed since); FSA's closed-school file doesn't list OPEID 04256700
san-joaquin-valley-college-fresno,https://gpacalculator.net/admissions/san-joaquin-valley-college-fresno/,San Joaquin Valley College Fresno,"Fresno, California",E held,262457,San Joaquin Valley College-Fresno,Fresno,CA,retire,R,,"not operating according to College Scorecard, no closing date in IPEDS (audit: unconfirmed); closed 2026-04-10 (FSA's closed-school file lists OPEID 02120701 (San Joaquin Valley College - Fresno, Fresno, CA), matched by OPEID)"
the-university-of-america,https://gpacalculator.net/admissions/the-university-of-america/,The University of America,"Temecula, California",E held,475237,The University of America,Temecula,CA,hold,,,open in IPEDS 2024 but missing from College Scorecard's June 2026 release (may have closed since); FSA's closed-school file lists no school with this name in this city and state
west-virginia-junior-college-bridgeport,https://gpacalculator.net/admissions/west-virginia-junior-college-bridgeport/,West Virginia Junior College Bridgeport,"Bridgeport, West Virginia",E held,442383,West Virginia Junior College-Bridgeport,Bridgeport,WV,retire,R,,"not operating according to College Scorecard, no closing date in IPEDS (audit: unconfirmed); closed 2025-11-09 (FSA's closed-school file lists OPEID 01057302 (West Virginia Junior College - Bridgeport, Bridgeport, WV), matched by OPEID)"
