slug,post_title,ipeds_unitid,ipeds_name,college_city,college_state,college_control,college_level,location,owning,adm_year,adm_open_admission,open_admission_year,adm_applicants,adm_admits,acceptance_rate,enrollment,enrollment_year,net_price,net_price_year,net_price_scope,applicants_submitting_sat,applicant_submitting_act,act_range,average_sat_score,average_sat_score_source,sat_reading_25,sat_reading_50,sat_reading_75,sat_math_25,sat_math_50,sat_math_75,act_composite_25,act_composite_50,act_composite_75,act_english_25,act_english_50,act_english_75,act_math_25,act_math_50,act_math_75,admission_requirements_test_scores,admission_requirements_high_school_gpa,admission_requirements_high_school_class_rank,admission_requirements_completion_of_college_preparatory_program,admission_requirements_recommendations,admission_requirements_demonstration_of_competencies,admission_requirements_secondary_school_record,admission_requirements_personal_statement_or_essay,admission_requirements_legacy_status,admission_requirements_work_experience,admission_requirements_other_test,ap_credit,credit_for_life_experiences,credits_year,sat_composite_25,sat_composite_75,sat_range,act_reading_25,act_reading_75,average_act_score,dual_credit,ipeds_release,scorecard_release
adirondack-community-college,Adirondack Community College,188438,SUNY Adirondack,Queensbury,NY,Public,At least 2 but less than 4 years,"Queensbury, New York","Public, 2-year",,Yes,2024–25,,,,"2,576",2024,"$9,844",2022–23,in-state,,,,,,,,,,,,,,,,,,,,,,,,,,,,,,,,Yes,Yes,2024–25,,,,,,,,2024–25 provisional,"June 10, 2026"
american-intercontinental-university-online,American InterContinental University Online,445027,American InterContinental University System,Chandler,AZ,Private for-profit,Four or more years,"Chandler, Arizona","Private for-profit, 4-year",,Yes,2024–25,,,,"7,186",2024,"$14,394",2022–23,,,,,,,,,,,,,,,,,,,,,,,,,,,,,,,,,Yes,Yes,2024–25,,,,,,,,2024–25 provisional,"June 10, 2026"
ameritech-college-draper,AmeriTech College Draper,447263,Joyce University of Nursing and Health Sciences,Draper,UT,Private for-profit,Four or more years,"Draper, Utah","Private for-profit, 4-year",2024,No,2024–25,341,211,62%,"2,058",2024,"$29,243",2022–23,,,,,,,,,,,,,,,,,,,,,,"Not considered for admission, even if submitted (Test Blind)","Not considered for admission, even if submitted","Not considered for admission, even if submitted","Not considered for admission, even if submitted","Not considered for admission, even if submitted","Not considered for admission, even if submitted","Not considered for admission, even if submitted","Not considered for admission, even if submitted","Not considered for admission, even if submitted","Not considered for admission, even if submitted",Required to be considered for admission,No,No,2024–25,,,,,,,,2024–25 provisional,"June 10, 2026"
antelope-valley-college,Antelope Valley College,109350,Antelope Valley Community College District,Lancaster,CA,Public,Four or more years,"Lancaster, California","Public, 4-year",,Yes,2024–25,,,,"13,532",2024,"$8,294",2022–23,in-state,,,,,,,,,,,,,,,,,,,,,,,,,,,,,,,,Yes,No,2024–25,,,,,,,,2024–25 provisional,"June 10, 2026"
arizona-state-university,Arizona State University,104151,Arizona State University Campus Immersion,Tempe,AZ,Public,Four or more years,"Tempe, Arizona","Public, 4-year",2024,No,2024–25,70928,63756,90%,"65,450",2024,"$16,401",2022–23,in-state,,,,,,,,,,,,,,,,,,,,,"Not considered for admission, even if submitted (Test Blind)","Not required for admission, but considered if submitted","Not required for admission, but considered if submitted","Not required for admission, but considered if submitted","Not considered for admission, even if submitted","Not considered for admission, even if submitted",Required to be considered for admission,"Not considered for admission, even if submitted","Not considered for admission, even if submitted","Not considered for admission, even if submitted","Not considered for admission, even if submitted (Test Blind)",Yes,No,2024–25,,,,,,,,2024–25 provisional,"June 10, 2026"
atlanta-metropolitan-college,Atlanta Metropolitan College,138901,Atlanta Metropolitan State College,Atlanta,GA,Public,Four or more years,"Atlanta, Georgia","Public, 4-year",,Yes,2024–25,,,,"1,549",2024,"$4,902",2022–23,in-state,,,,,,,,,,,,,,,,,,,,,,,,,,,,,,,,Yes,Yes,2024–25,,,,,,,,2024–25 provisional,"June 10, 2026"
aviation-institute-of-maintenance-chesapeake,Aviation Institute of Maintenance Chesapeake,427973,Aviation Institute of Maintenance-Norfolk,Norfolk,VA,Private for-profit,At least 2 but less than 4 years,"Norfolk, Virginia","Private for-profit, 2-year",,Yes,2024–25,,,,270,2024,"$22,530",2022–23,,,,,,,,,,,,,,,,,,,,,,,,,,,,,,,,,No,No,2024–25,,,,,,,,2024–25 provisional,"June 10, 2026"
azusa-pacific-online-university,Azusa Pacific Online University,474863,Los Angeles Pacific University,San Dimas,CA,Private not-for-profit,Four or more years,"San Dimas, California","Private nonprofit, 4-year",,Yes,2024–25,,,,"1,685",2024,"$19,075",2022–23,,,,,,,,,,,,,,,,,,,,,,,,,,,,,,,,,Yes,Yes,2024–25,,,,,,,,2024–25 provisional,"June 10, 2026"
bakke-graduate-university,Bakke Graduate University,420705,Bakke Graduate University,Dallas,TX,Private not-for-profit,Four or more years,"Dallas, Texas","Private nonprofit, 4-year",,,,,,,,,,,,,,,,,,,,,,,,,,,,,,,,,,,,,,,,,,,No,Yes,2024–25,,,,,,,,2024–25 provisional,"June 10, 2026"
baptist-bible-college-and-graduate-school,Baptist Bible College and Graduate School,176664,Mission University,Springfield,MO,Private not-for-profit,Four or more years,"Springfield, Missouri","Private nonprofit, 4-year",,Yes,2024–25,,,,381,2024,"$21,138",2022–23,,,,,,,,,,,,,,,,,,,,,,,,,,,,,,,,,Yes,Yes,2024–25,,,,,,,,2024–25 provisional,"June 10, 2026"
baptist-memorial-college-of-health-sciences,Baptist Memorial College of Health Sciences,219639,Baptist Health Sciences University,Memphis,TN,Private not-for-profit,Four or more years,"Memphis, Tennessee","Private nonprofit, 4-year",2024,No,2024–25,367,301,82%,782,2024,"$15,395",2022–23,,0%,100%,17-22,1050,College Scorecard,,,,,,,17,20,22,16,19,23,15,18,21,Required to be considered for admission,Required to be considered for admission,"Not considered for admission, even if submitted","Not required for admission, but considered if submitted","Not considered for admission, even if submitted","Not considered for admission, even if submitted",Required to be considered for admission,"Not considered for admission, even if submitted","Not considered for admission, even if submitted","Not considered for admission, even if submitted","Not considered for admission, even if submitted (Test Blind)",Yes,Yes,2024–25,,,,,,,,2024–25 provisional,"June 10, 2026"
belmont-technical-college,Belmont Technical College,201283,Belmont College,St Clairsville,OH,Public,At least 2 but less than 4 years,"St Clairsville, Ohio","Public, 2-year",,Yes,2024–25,,,,"2,020",2024,"$6,260",2022–23,in-state,,,,,,,,,,,,,,,,,,,,,,,,,,,,,,,,Yes,Yes,2024–25,,,,,,,,2024–25 provisional,"June 10, 2026"
bennett-college-for-women,Bennett College for Women,197993,Bennett College,Greensboro,NC,Private not-for-profit,Four or more years,"Greensboro, North Carolina","Private nonprofit, 4-year",2024,No,2024–25,608,308,51%,180,2024,"$20,928",2022–23,,28%,3%,,925,College Scorecard,410,482,580,410,443,480,,,,,,,,,,"Not required for admission, but considered if submitted (Test Optional)",Required to be considered for admission,"Not required for admission, but considered if submitted","Not required for admission, but considered if submitted","Not required for admission, but considered if submitted","Not required for admission, but considered if submitted",Required to be considered for admission,"Not required for admission, but considered if submitted","Not required for admission, but considered if submitted","Not considered for admission, even if submitted","Not considered for admission, even if submitted (Test Blind)",Yes,Yes,2024–25,,,,,,,,2024–25 provisional,"June 10, 2026"
berks-technical-institute,Berks Technical Institute,213534,Miller-Motte College-Berks Technical Institute,Wyomissing,PA,Private for-profit,At least 2 but less than 4 years,"Wyomissing, Pennsylvania","Private for-profit, 2-year",,Yes,2024–25,,,,556,2024,"$4,031",2022–23,,,,,,,,,,,,,,,,,,,,,,,,,,,,,,,,,No,No,2024–25,,,,,,,,2024–25 provisional,"June 10, 2026"
bethel-college-mishawaka,Bethel College Mishawaka,150145,Bethel University,Mishawaka,IN,Private not-for-profit,Four or more years,"Mishawaka, Indiana","Private nonprofit, 4-year",2024,No,2024–25,985,962,98%,"1,065",2024,"$20,058",2022–23,,59%,11%,16-24,1014,College Scorecard,460,510,580,440,510,570,16,18,24,18,20,23,16,18,24,"Not required for admission, but considered if submitted (Test Optional)",Required to be considered for admission,"Not required for admission, but considered if submitted","Not required for admission, but considered if submitted","Not considered for admission, even if submitted","Not considered for admission, even if submitted",Required to be considered for admission,"Not required for admission, but considered if submitted","Not considered for admission, even if submitted","Not considered for admission, even if submitted","Not required for admission, but considered if submitted (Test Optional)",Yes,Yes,2024–25,,,,,,,,2024–25 provisional,"June 10, 2026"
bethesda-university-of-california,Bethesda University of California,110060,Bethesda University,Anaheim,CA,Private not-for-profit,Four or more years,"Anaheim, California","Private nonprofit, 4-year",,Yes,2024–25,,,,205,2024,"$13,965",2022–23,,,,,,,,,,,,,,,,,,,,,,,,,,,,,,,,,Yes,No,2024–25,,,,,,,,2024–25 provisional,"June 10, 2026"
bloomfield-college,Bloomfield College,183822,Bloomfield College of Montclair State University,Bloomfield,NJ,Public,Four or more years,"Bloomfield, New Jersey","Public, 4-year",2024,No,2024–25,1596,1113,70%,799,2024,"$18,522",2022–23,in-state,2%,1%,,,,,,,,,,,,,,,,,,,"Not required for admission, but considered if submitted (Test Optional)",Required to be considered for admission,"Not required for admission, but considered if submitted","Not required for admission, but considered if submitted",Required to be considered for admission,"Not required for admission, but considered if submitted",Required to be considered for admission,"Not considered for admission, even if submitted","Not considered for admission, even if submitted","Not considered for admission, even if submitted","Not considered for admission, even if submitted (Test Blind)",Yes,Yes,2024–25,,,,,,,,2024–25 provisional,"June 10, 2026"
blue-mountain-college,Blue Mountain College,175430,Blue Mountain Christian University,Blue Mountain,MS,Private not-for-profit,Four or more years,"Blue Mountain, Mississippi","Private nonprofit, 4-year",2024,No,2024–25,181,161,89%,912,2024,"$16,525",2022–23,,4%,92%,19-24,1090,College Scorecard,,,,,,,19,21,24,18,20,25,17,20,24,Required to be considered for admission,Required to be considered for admission,Required to be considered for admission,"Not required for admission, but considered if submitted","Not required for admission, but considered if submitted","Not required for admission, but considered if submitted",Required to be considered for admission,"Not required for admission, but considered if submitted","Not required for admission, but considered if submitted","Not required for admission, but considered if submitted",Required to be considered for admission,Yes,No,2024–25,,,,,,,,2024–25 provisional,"June 10, 2026"
broome-community-college,Broome Community College,189547,SUNY Broome Community College,Binghamton,NY,Public,At least 2 but less than 4 years,"Binghamton, New York","Public, 2-year",,Yes,2024–25,,,,"5,327",2024,"$7,808",2022–23,in-state,,,,,,,,,,,,,,,,,,,,,,,,,,,,,,,,Yes,Yes,2024–25,,,,,,,,2024–25 provisional,"June 10, 2026"
bryan-college,Bryan College,219790,Bryan College-Dayton,Dayton,TN,Private not-for-profit,Four or more years,"Dayton, Tennessee","Private nonprofit, 4-year",,Yes,2024–25,,,,"1,565",2024,"$17,105",2022–23,,,,,,,,,,,,,,,,,,,,,,,,,,,,,,,,,Yes,No,2024–25,,,,,,,,2024–25 provisional,"June 10, 2026"
bryan-university,Bryan University,110219,Bryan University,Tempe,AZ,Private for-profit,Four or more years,"Tempe, Arizona","Private for-profit, 4-year",,Yes,2024–25,,,,"2,512",2024,"$20,495",2022–23,,,,,,,,,,,,,,,,,,,,,,,,,,,,,,,,,No,Yes,2024–25,,,,,,,,2024–25 provisional,"June 10, 2026"
bryanlgh-college-of-health-sciences,BryanLGH College of Health Sciences,180878,Bryan College of Health Sciences,Lincoln,NE,Private not-for-profit,Four or more years,"Lincoln, Nebraska","Private nonprofit, 4-year",2024,No,2024–25,190,128,67%,623,2024,"$21,834",2022–23,,,,,,,,,,,,,,,,,,,,,,"Not considered for admission, even if submitted (Test Blind)",Required to be considered for admission,"Not considered for admission, even if submitted","Not considered for admission, even if submitted","Not required for admission, but considered if submitted","Not considered for admission, even if submitted",Required to be considered for admission,"Not required for admission, but considered if submitted","Not required for admission, but considered if submitted","Not considered for admission, even if submitted","Not considered for admission, even if submitted (Test Blind)",Yes,No,2024–25,,,,,,,,2024–25 provisional,"June 10, 2026"
burlington-county-college,Burlington County College,183877,Rowan College at Burlington County,Mount Laurel,NJ,Public,At least 2 but less than 4 years,"Mount Laurel, New Jersey","Public, 2-year",,Yes,2024–25,,,,"6,620",2024,"$5,783",2022–23,in-state,,,,,,,,,,,,,,,,,,,,,,,,,,,,,,,,Yes,Yes,2024–25,,,,,,,,2024–25 provisional,"June 10, 2026"
cairn-university,Cairn University,215114,Cairn University-Langhorne,Langhorne,PA,Private not-for-profit,Four or more years,"Langhorne, Pennsylvania","Private nonprofit, 4-year",2024,No,2024–25,575,507,88%,856,2024,"$27,603",2022–23,,7%,0%,,1110,College Scorecard,540,560,590,460,550,570,,,,,,,,,,"Not required for admission, but considered if submitted (Test Optional)",Required to be considered for admission,"Not required for admission, but considered if submitted","Not required for admission, but considered if submitted","Not required for admission, but considered if submitted",Required to be considered for admission,Required to be considered for admission,Required to be considered for admission,"Not required for admission, but considered if submitted","Not required for admission, but considered if submitted","Not required for admission, but considered if submitted (Test Optional)",Yes,Yes,2024–25,,,,,,,,2024–25 provisional,"June 10, 2026"
california-maritime-academy,California Maritime Academy,111188,California State University Maritime Academy,Vallejo,CA,Public,Four or more years,"Vallejo, California","Public, 4-year",2024,No,2024–25,961,913,95%,804,2024,"$16,081",2022–23,in-state,,,,,,,,,,,,,,,,,,,,,"Not considered for admission, even if submitted (Test Blind)",Required to be considered for admission,"Not considered for admission, even if submitted",Required to be considered for admission,"Not considered for admission, even if submitted","Not considered for admission, even if submitted",Required to be considered for admission,"Not considered for admission, even if submitted","Not considered for admission, even if submitted","Not considered for admission, even if submitted","Not considered for admission, even if submitted (Test Blind)",Yes,Yes,2024–25,,,,,,,,2024–25 provisional,"June 10, 2026"
calvary-bible-college-and-theological-seminary,Calvary Bible College and Theological Seminary,176789,Calvary University,Kansas City,MO,Private not-for-profit,Four or more years,"Kansas City, Missouri","Private nonprofit, 4-year",2024,No,2024–25,46,33,72%,174,2024,"$12,860",2022–23,,19%,67%,17-24,1050,College Scorecard,500,550,610,480,500,530,17,20,24,14,20,25,16,19,22,Required to be considered for admission,Required to be considered for admission,"Not considered for admission, even if submitted","Not required for admission, but considered if submitted",Required to be considered for admission,"Not required for admission, but considered if submitted",Required to be considered for admission,Required to be considered for admission,"Not considered for admission, even if submitted","Not required for admission, but considered if submitted","Not required for admission, but considered if submitted (Test Optional)",Yes,Yes,2024–25,,,,,,,,2024–25 provisional,"June 10, 2026"
capitol-college,Capitol College,162061,Capitol Technology University,Laurel,MD,Private not-for-profit,Four or more years,"Laurel, Maryland","Private nonprofit, 4-year",2024,No,2024–25,616,458,74%,319,2024,"$23,223",2022–23,,,,,,,,,,,,,,,,,,,,,,"Not considered for admission, even if submitted (Test Blind)",Required to be considered for admission,"Not considered for admission, even if submitted","Not required for admission, but considered if submitted","Not required for admission, but considered if submitted","Not considered for admission, even if submitted",Required to be considered for admission,Required to be considered for admission,"Not required for admission, but considered if submitted","Not required for admission, but considered if submitted","Not considered for admission, even if submitted (Test Blind)",Yes,Yes,2024–25,,,,,,,,2024–25 provisional,"June 10, 2026"
carlos-albizu-university-miami,Carlos Albizu University Miami,132842,Albizu University-Miami,Miami,FL,Private not-for-profit,Four or more years,"Miami, Florida","Private nonprofit, 4-year",2024,No,2024–25,70,53,76%,287,2024,"$36,302",2022–23,,,,,,,,,,,,,,,,,,,,,,"Not considered for admission, even if submitted (Test Blind)",Required to be considered for admission,"Not considered for admission, even if submitted","Not considered for admission, even if submitted",Required to be considered for admission,"Not considered for admission, even if submitted",Required to be considered for admission,"Not considered for admission, even if submitted","Not considered for admission, even if submitted","Not considered for admission, even if submitted","Not considered for admission, even if submitted (Test Blind)",Yes,No,2024–25,,,,,,,,2024–25 provisional,"June 10, 2026"
carolina-bible-college,Carolina Bible College,461032,Carolina College of Biblical Studies,Fayetteville,NC,Private not-for-profit,Four or more years,"Fayetteville, North Carolina","Private nonprofit, 4-year",,Yes,2024–25,,,,159,2024,"$18,745",2022–23,,,,,,,,,,,,,,,,,,,,,,,,,,,,,,,,,Yes,No,2024–25,,,,,,,,2024–25 provisional,"June 10, 2026"
cbt-college-cutler-bay,CBT College Cutler Bay,456977,CBT Technology Institute-Cutler Bay,Cutler Bay,FL,Private for-profit,Less than 2 years (below associate),"Cutler Bay, Florida","Private for-profit, less than 2 years",,Yes,2024–25,,,,326,2024,"$17,300",2022–23,,,,,,,,,,,,,,,,,,,,,,,,,,,,,,,,,No,No,2024–25,,,,,,,,2024–25 provisional,"June 10, 2026"
central-maine-medical-center-college-of-nursing-and-health-professions,Central Maine Medical Center College of Nursing and Health Professions,161022,Maine College of Health Professions,Lewiston,ME,Private not-for-profit,Four or more years,"Lewiston, Maine","Private nonprofit, 4-year",2024,No,2024–25,14,10,71%,239,2024,,,,30%,0%,,,,,,,,,,,,,,,,,,,"Not required for admission, but considered if submitted (Test Optional)","Not required for admission, but considered if submitted","Not considered for admission, even if submitted","Not required for admission, but considered if submitted","Not considered for admission, even if submitted","Not considered for admission, even if submitted",Required to be considered for admission,"Not considered for admission, even if submitted","Not considered for admission, even if submitted","Not considered for admission, even if submitted",Required to be considered for admission,Yes,Yes,2024–25,,,,,,,,2024–25 provisional,"June 10, 2026"
century-community-and-technical-college,Century Community and Technical College,175315,Century College,White Bear Lake,MN,Public,At least 2 but less than 4 years,"White Bear Lake, Minnesota","Public, 2-year",,Yes,2024–25,,,,"8,726",2024,"$10,552",2022–23,in-state,,,,,,,,,,,,,,,,,,,,,,,,,,,,,,,,Yes,Yes,2024–25,,,,,,,,2024–25 provisional,"June 10, 2026"
chamberlain-college-of-nursing-arizona,Chamberlain College of Nursing Arizona,454245,Chamberlain University-Arizona,Phoenix,AZ,Private for-profit,Four or more years,"Phoenix, Arizona","Private for-profit, 4-year",2024,No,2024–25,11,10,91%,693,2024,"$31,755",2022–23,,0%,0%,,,,,,,,,,,,,,,,,,,"Not required for admission, but considered if submitted (Test Optional)",Required to be considered for admission,"Not considered for admission, even if submitted","Not considered for admission, even if submitted","Not considered for admission, even if submitted","Not considered for admission, even if submitted",Required to be considered for admission,"Not considered for admission, even if submitted","Not considered for admission, even if submitted","Not considered for admission, even if submitted",Required to be considered for admission,Yes,Yes,2024–25,,,,,,,,2024–25 provisional,"June 10, 2026"
chamberlain-college-of-nursing-florida,Chamberlain College of Nursing Florida,457129,Chamberlain University-Florida,Jacksonville,FL,Private for-profit,Four or more years,"Jacksonville, Florida","Private for-profit, 4-year",2024,No,2024–25,11,10,91%,821,2024,"$25,513",2022–23,,0%,0%,,,,,,,,,,,,,,,,,,,"Not required for admission, but considered if submitted (Test Optional)",Required to be considered for admission,"Not considered for admission, even if submitted","Not considered for admission, even if submitted","Not considered for admission, even if submitted","Not considered for admission, even if submitted",Required to be considered for admission,"Not considered for admission, even if submitted","Not considered for admission, even if submitted","Not considered for admission, even if submitted",Required to be considered for admission,Yes,Yes,2024–25,,,,,,,,2024–25 provisional,"June 10, 2026"
chamberlain-college-of-nursing-illinois,Chamberlain College of Nursing Illinois,454227,Chamberlain University-Illinois,Addison,IL,Private for-profit,Four or more years,"Addison, Illinois","Private for-profit, 4-year",2024,No,2024–25,121,100,83%,"14,041",2024,"$25,875",2022–23,,0%,0%,,,,,,,,,,,,,,,,,,,"Not required for admission, but considered if submitted (Test Optional)",Required to be considered for admission,"Not considered for admission, even if submitted","Not considered for admission, even if submitted","Not considered for admission, even if submitted","Not considered for admission, even if submitted",Required to be considered for admission,"Not considered for admission, even if submitted","Not considered for admission, even if submitted","Not considered for admission, even if submitted",Required to be considered for admission,Yes,Yes,2024–25,,,,,,,,2024–25 provisional,"June 10, 2026"
chamberlain-college-of-nursing-missouri,Chamberlain College of Nursing Missouri,466921,Chamberlain University-Missouri,St. Louis,MO,Private for-profit,Four or more years,"St. Louis, Missouri","Private for-profit, 4-year",2024,No,2024–25,9,9,100%,284,2024,"$34,947",2022–23,,0%,0%,,,,,,,,,,,,,,,,,,,"Not required for admission, but considered if submitted (Test Optional)",Required to be considered for admission,"Not considered for admission, even if submitted","Not considered for admission, even if submitted","Not considered for admission, even if submitted","Not considered for admission, even if submitted",Required to be considered for admission,"Not considered for admission, even if submitted","Not considered for admission, even if submitted","Not considered for admission, even if submitted",Required to be considered for admission,Yes,Yes,2024–25,,,,,,,,2024–25 provisional,"June 10, 2026"
chamberlain-college-of-nursing-ohio,Chamberlain College of Nursing Ohio,454236,Chamberlain University-Ohio,Columbus,OH,Private for-profit,Four or more years,"Columbus, Ohio","Private for-profit, 4-year",2024,No,2024–25,8,7,88%,257,2024,"$32,560",2022–23,,0%,17%,,,,,,,,,,,,,,,,,,,"Not required for admission, but considered if submitted (Test Optional)",Required to be considered for admission,"Not considered for admission, even if submitted","Not considered for admission, even if submitted","Not considered for admission, even if submitted","Not considered for admission, even if submitted",Required to be considered for admission,"Not considered for admission, even if submitted","Not considered for admission, even if submitted","Not considered for admission, even if submitted",Required to be considered for admission,Yes,Yes,2024–25,,,,,,,,2024–25 provisional,"June 10, 2026"
chamberlain-college-of-nursing-texas,Chamberlain College of Nursing Texas,466930,Chamberlain University-Texas,Houston,TX,Private for-profit,Four or more years,"Houston, Texas","Private for-profit, 4-year",2024,No,2024–25,31,26,84%,"2,270",2024,"$32,247",2022–23,,0%,0%,,,,,,,,,,,,,,,,,,,"Not required for admission, but considered if submitted (Test Optional)",Required to be considered for admission,"Not considered for admission, even if submitted","Not considered for admission, even if submitted","Not considered for admission, even if submitted","Not considered for admission, even if submitted",Required to be considered for admission,"Not considered for admission, even if submitted","Not considered for admission, even if submitted","Not considered for admission, even if submitted",Required to be considered for admission,Yes,Yes,2024–25,,,,,,,,2024–25 provisional,"June 10, 2026"
chamberlain-college-of-nursing-virginia,Chamberlain College of Nursing Virginia,460871,Chamberlain University-Virginia,Vienna,VA,Private for-profit,Four or more years,"Vienna, Virginia","Private for-profit, 4-year",2024,No,2024–25,10,9,90%,557,2024,,,,0%,0%,,,,,,,,,,,,,,,,,,,"Not required for admission, but considered if submitted (Test Optional)",Required to be considered for admission,"Not considered for admission, even if submitted","Not considered for admission, even if submitted","Not considered for admission, even if submitted","Not considered for admission, even if submitted",Required to be considered for admission,"Not considered for admission, even if submitted","Not considered for admission, even if submitted","Not considered for admission, even if submitted",Required to be considered for admission,Yes,Yes,2024–25,,,,,,,,2024–25 provisional,"June 10, 2026"
charter-college-anchorage,Charter College Anchorage,102845,Charter College,Anchorage,AK,Private for-profit,Four or more years,"Anchorage, Alaska","Private for-profit, 4-year",,Yes,2024–25,,,,"2,157",2024,"$24,795",2022–23,,,,,,,,,,,,,,,,,,,,,,,,,,,,,,,,,Yes,No,2024–25,,,,,,,,2024–25 provisional,"June 10, 2026"
cleveland-chiropractic-college,Cleveland Chiropractic College,177038,Cleveland University-Kansas City,Overland Park,KS,Private not-for-profit,Four or more years,"Overland Park, Kansas","Private nonprofit, 4-year",2024,No,2024–25,13,9,69%,97,2024,"$30,243",2022–23,,,,,,,,,,,,,,,,,,,,,,"Not considered for admission, even if submitted (Test Blind)",Required to be considered for admission,"Not considered for admission, even if submitted","Not considered for admission, even if submitted","Not considered for admission, even if submitted","Not considered for admission, even if submitted",Required to be considered for admission,"Not considered for admission, even if submitted","Not required for admission, but considered if submitted","Not considered for admission, even if submitted","Not considered for admission, even if submitted (Test Blind)",Yes,No,2024–25,,,,,,,,2024–25 provisional,"June 10, 2026"
clinton-junior-college,Clinton Junior College,217891,Clinton College,Rock Hill,SC,Private not-for-profit,Four or more years,"Rock Hill, South Carolina","Private nonprofit, 4-year",,Yes,2024–25,,,,126,2024,"$13,418",2022–23,,,,,,,,,,,,,,,,,,,,,,,,,,,,,,,,,No,No,2024–25,,,,,,,,2024–25 provisional,"June 10, 2026"
cogswell-college,Cogswell College,112394,University of Silicon Valley,San Jose,CA,Private for-profit,Four or more years,"San Jose, California","Private for-profit, 4-year",2024,No,2024–25,340,174,51%,456,2024,"$30,602",2022–23,,,,,,,,,,,,,,,,,,,,,,"Not considered for admission, even if submitted (Test Blind)",Required to be considered for admission,"Not considered for admission, even if submitted","Not considered for admission, even if submitted","Not required for admission, but considered if submitted","Not required for admission, but considered if submitted",Required to be considered for admission,Required to be considered for admission,"Not considered for admission, even if submitted","Not considered for admission, even if submitted","Not considered for admission, even if submitted (Test Blind)",Yes,No,2024–25,,,,,,,,2024–25 provisional,"June 10, 2026"
college-of-business-and-technology-flagler,College of Business and Technology Flagler,449083,CBT Technology Institute-Main Campus,Miami,FL,Private for-profit,At least 2 but less than 4 years,"Miami, Florida","Private for-profit, 2-year",,Yes,2024–25,,,,508,2024,"$17,872",2022–23,,,,,,,,,,,,,,,,,,,,,,,,,,,,,,,,,No,No,2024–25,,,,,,,,2024–25 provisional,"June 10, 2026"
college-of-business-and-technology-hialeah,College of Business and Technology Hialeah,449092,CBT Technology Institute-Hialeah,Hialeah,FL,Private for-profit,At least 2 but less than 4 years,"Hialeah, Florida","Private for-profit, 2-year",,Yes,2024–25,,,,547,2024,"$11,281",2022–23,,,,,,,,,,,,,,,,,,,,,,,,,,,,,,,,,No,No,2024–25,,,,,,,,2024–25 provisional,"June 10, 2026"
college-of-the-ouachitas,College of the Ouachitas,107521,Arkansas State University Three Rivers,Malvern,AR,Public,At least 2 but less than 4 years,"Malvern, Arkansas","Public, 2-year",,Yes,2024–25,,,,"1,983",2024,"$6,098",2022–23,in-state,,,,,,,,,,,,,,,,,,,,,,,,,,,,,,,,Yes,Yes,2024–25,,,,,,,,2024–25 provisional,"June 10, 2026"
community-christian-college,Community Christian College,446163,Community Christian College,Quartzsite,AZ,Private not-for-profit,At least 2 but less than 4 years,"Quartzsite, Arizona","Private nonprofit, 2-year",,Yes,2024–25,,,,424,2024,"$20,033",2022–23,,,,,,,,,,,,,,,,,,,,,,,,,,,,,,,,,Yes,Yes,2024–25,,,,,,,,2024–25 provisional,"June 10, 2026"
concordia-university-seward,Concordia University Seward,180984,Concordia University-Nebraska,Seward,NE,Private not-for-profit,Four or more years,"Seward, Nebraska","Private nonprofit, 4-year",2024,No,2024–25,1583,1357,86%,"3,000",2024,"$24,099",2022–23,,1%,1%,,,,,,,,,,,,,,,,,,,"Not required for admission, but considered if submitted (Test Optional)",Required to be considered for admission,"Not considered for admission, even if submitted","Not required for admission, but considered if submitted","Not required for admission, but considered if submitted","Not considered for admission, even if submitted","Not required for admission, but considered if submitted","Not required for admission, but considered if submitted","Not considered for admission, even if submitted","Not considered for admission, even if submitted","Not considered for admission, even if submitted (Test Blind)",Yes,Yes,2024–25,,,,,,,,2024–25 provisional,"June 10, 2026"
corning-community-college,Corning Community College,190442,SUNY Corning Community College,Corning,NY,Public,At least 2 but less than 4 years,"Corning, New York","Public, 2-year",,Yes,2024–25,,,,"3,720",2024,"$7,161",2022–23,in-state,,,,,,,,,,,,,,,,,,,,,,,,,,,,,,,,Yes,Yes,2024–25,,,,,,,,2024–25 provisional,"June 10, 2026"
crouse-hospital-college-of-nursing,Crouse Hospital College of Nursing,190451,Pomeroy College of Nursing at Crouse Hospital,East Syracuse,NY,Private not-for-profit,At least 2 but less than 4 years,"East Syracuse, New York","Private nonprofit, 2-year",2024,No,2024–25,9,7,78%,173,2024,"$24,955",2022–23,,,,,,,,,,,,,,,,,,,,,,"Not considered for admission, even if submitted (Test Blind)",Required to be considered for admission,"Not considered for admission, even if submitted","Not considered for admission, even if submitted",Required to be considered for admission,"Not considered for admission, even if submitted",Required to be considered for admission,Required to be considered for admission,"Not considered for admission, even if submitted","Not required for admission, but considered if submitted","Not considered for admission, even if submitted (Test Blind)",Yes,No,2024–25,,,,,,,,2024–25 provisional,"June 10, 2026"
cumberland-county-college,Cumberland County College,184205,Rowan College of South Jersey-Cumberland Campus,Vineland,NJ,Public,At least 2 but less than 4 years,"Vineland, New Jersey","Public, 2-year",,Yes,2024–25,,,,"2,686",2024,"$6,827",2022–23,in-state,,,,,,,,,,,,,,,,,,,,,,,,,,,,,,,,Yes,Yes,2024–25,,,,,,,,2024–25 provisional,"June 10, 2026"
dabney-s-lancaster-community-college,Dabney S Lancaster Community College,231873,Mountain Gateway Community College,Clifton Forge,VA,Public,At least 2 but less than 4 years,"Clifton Forge, Virginia","Public, 2-year",,Yes,2024–25,,,,989,2024,"$6,595",2022–23,in-state,,,,,,,,,,,,,,,,,,,,,,,,,,,,,,,,Yes,Yes,2024–25,,,,,,,,2024–25 provisional,"June 10, 2026"
davidson-county-community-college,Davidson County Community College,198376,Davidson-Davie Community College,Thomasville,NC,Public,At least 2 but less than 4 years,"Thomasville, North Carolina","Public, 2-year",,Yes,2024–25,,,,"4,305",2024,"$7,197",2022–23,in-state,,,,,,,,,,,,,,,,,,,,,,,,,,,,,,,,Yes,Yes,2024–25,,,,,,,,2024–25 provisional,"June 10, 2026"
dixie-state-college-of-utah,Dixie State College of Utah,230171,Utah Tech University,Saint George,UT,Public,Four or more years,"Saint George, Utah","Public, 4-year",,Yes,2024–25,,,,"13,006",2024,"$15,488",2022–23,in-state,,,,,,,,,,,,,,,,,,,,,,,,,,,,,,,,Yes,Yes,2024–25,,,,,,,,2024–25 provisional,"June 10, 2026"
dominican-college-of-blauvelt,Dominican College of Blauvelt,190761,Dominican University New York,Orangeburg,NY,Private not-for-profit,Four or more years,"Orangeburg, New York","Private nonprofit, 4-year",2024,No,2024–25,2349,1487,63%,"1,115",2024,"$23,907",2022–23,,,,,,,,,,,,,,,,,,,,,,"Not considered for admission, even if submitted (Test Blind)",Required to be considered for admission,"Not considered for admission, even if submitted","Not required for admission, but considered if submitted","Not required for admission, but considered if submitted","Not considered for admission, even if submitted","Not considered for admission, even if submitted","Not required for admission, but considered if submitted","Not considered for admission, even if submitted","Not considered for admission, even if submitted","Not considered for admission, even if submitted (Test Blind)",Yes,Yes,2024–25,,,,,,,,2024–25 provisional,"June 10, 2026"
east-georgia-college,East Georgia College,139621,East Georgia State College,Swainsboro,GA,Public,Four or more years,"Swainsboro, Georgia","Public, 4-year",,Yes,2024–25,,,,"1,820",2024,"$9,314",2022–23,in-state,,,,,,,,,,,,,,,,,,,,,,,,,,,,,,,,Yes,No,2024–25,,,,,,,,2024–25 provisional,"June 10, 2026"
eastern-idaho-technical-college,Eastern Idaho Technical College,142179,College of Eastern Idaho,Idaho Falls,ID,Public,At least 2 but less than 4 years,"Idaho Falls, Idaho","Public, 2-year",,Yes,2024–25,,,,"3,013",2024,"$8,463",2022–23,in-state,,,,,,,,,,,,,,,,,,,,,,,,,,,,,,,,Yes,Yes,2024–25,,,,,,,,2024–25 provisional,"June 10, 2026"
eastwick-college,Eastwick College,184959,Eastwick College-Ramsey,Ramsey,NJ,Private for-profit,Four or more years,"Ramsey, New Jersey","Private for-profit, 4-year",,Yes,2024–25,,,,"1,203",2024,"$28,467",2022–23,,,,,,,,,,,,,,,,,,,,,,,,,,,,,,,,,No,No,2024–25,,,,,,,,2024–25 provisional,"June 10, 2026"
el-camino-college-compton-center,El Camino College Compton Center,112686,Compton College,Compton,CA,Public,At least 2 but less than 4 years,"Compton, California","Public, 2-year",,Yes,2024–25,,,,"5,225",2024,"$11,662",2022–23,in-state,,,,,,,,,,,,,,,,,,,,,,,,,,,,,,,,Yes,No,2024–25,,,,,,,,2024–25 provisional,"June 10, 2026"
ellis-school-of-nursing,Ellis School of Nursing,190956,Belanger School of Nursing,Schenectady,NY,Private not-for-profit,At least 2 but less than 4 years,"Schenectady, New York","Private nonprofit, 2-year",2024,No,2024–25,3,0,,162,2024,"$20,594",2022–23,,,,,,,,,,,,,,,,,,,,,,"Not considered for admission, even if submitted (Test Blind)","Not required for admission, but considered if submitted","Not considered for admission, even if submitted","Not required for admission, but considered if submitted","Not considered for admission, even if submitted","Not considered for admission, even if submitted",Required to be considered for admission,Required to be considered for admission,"Not considered for admission, even if submitted","Not required for admission, but considered if submitted",Required to be considered for admission,Yes,No,2024–25,,,,,,,,2024–25 provisional,"June 10, 2026"
epic-bible-college,Epic Bible College,124487,Epic Bible College & Graduate School,Sacramento,CA,Private not-for-profit,Four or more years,"Sacramento, California","Private nonprofit, 4-year",,Yes,2024–25,,,,66,2024,,,,,,,,,,,,,,,,,,,,,,,,,,,,,,,,,,,Yes,Yes,2024–25,,,,,,,,2024–25 provisional,"June 10, 2026"
faith-evangelical-college-and-seminary,Faith Evangelical College &amp; Seminary,443049,Faith International University,Tacoma,WA,Private not-for-profit,Four or more years,"Tacoma, Washington","Private nonprofit, 4-year",,Yes,2024–25,,,,276,2024,"$18,361",2022–23,,,,,,,,,,,,,,,,,,,,,,,,,,,,,,,,,Yes,Yes,2024–25,,,,,,,,2024–25 provisional,"June 10, 2026"
fine-mortuary-college-llc,FINE Mortuary College LLC,436599,FINE Mortuary College,Norwood,MA,Private for-profit,At least 2 but less than 4 years,"Norwood, Massachusetts","Private for-profit, 2-year",,Yes,2024–25,,,,185,2024,,,,,,,,,,,,,,,,,,,,,,,,,,,,,,,,,,,No,No,2024–25,,,,,,,,2024–25 provisional,"June 10, 2026"
flagler-college-st-augustine,Flagler College St Augustine,133711,Flagler College,Saint Augustine,FL,Private not-for-profit,Four or more years,"Saint Augustine, Florida","Private nonprofit, 4-year",2024,No,2024–25,5004,4041,81%,"2,409",2024,"$31,085",2022–23,,35%,21%,19-25,1084,College Scorecard,510,570,620,450,510,570,19,21,25,18,21,25,16,18,22,"Not required for admission, but considered if submitted (Test Optional)",Required to be considered for admission,"Not considered for admission, even if submitted",Required to be considered for admission,Required to be considered for admission,"Not considered for admission, even if submitted",Required to be considered for admission,Required to be considered for admission,"Not required for admission, but considered if submitted","Not required for admission, but considered if submitted","Not considered for admission, even if submitted (Test Blind)",Yes,No,2024–25,,,,,,,,2024–25 provisional,"June 10, 2026"
florida-hospital-college-of-health-sciences,Florida Hospital College of Health Sciences,133872,AdventHealth University,Orlando,FL,Private not-for-profit,Four or more years,"Orlando, Florida","Private nonprofit, 4-year",,Yes,2024–25,,,,"1,407",2024,"$30,340",2022–23,,,,,,,,,,,,,,,,,,,,,,,,,,,,,,,,,Yes,No,2024–25,,,,,,,,2024–25 provisional,"June 10, 2026"
fort-belknap-college,Fort Belknap College,180203,Aaniiih Nakoda College,Harlem,MT,Public,Four or more years,"Harlem, Montana","Public, 4-year",,Yes,2024–25,,,,120,2024,"$10,527",2022–23,in-state,,,,,,,,,,,,,,,,,,,,,,,,,,,,,,,,No,No,2024–25,,,,,,,,2024–25 provisional,"June 10, 2026"
fort-berthold-community-college,Fort Berthold Community College,200086,Nueta Hidatsa Sahnish College,New Town,ND,Public,Four or more years,"New Town, North Dakota","Public, 4-year",,Yes,2024–25,,,,233,2024,"$3,669",2022–23,in-state,,,,,,,,,,,,,,,,,,,,,,,,,,,,,,,,No,No,2024–25,,,,,,,,2024–25 provisional,"June 10, 2026"
fortis-college-centeville,Fortis College Centeville,205179,Fortis College-Centerville,Centerville,OH,Private for-profit,At least 2 but less than 4 years,"Centerville, Ohio","Private for-profit, 2-year",,Yes,2024–25,,,,547,2024,"$23,674",2022–23,,,,,,,,,,,,,,,,,,,,,,,,,,,,,,,,,Yes,No,2024–25,,,,,,,,2024–25 provisional,"June 10, 2026"
fortis-college-fl,Fortis College,439792,Fortis College-Orange Park,Orange Park,FL,Private for-profit,At least 2 but less than 4 years,"Orange Park, Florida","Private for-profit, 2-year",,Yes,2024–25,,,,399,2024,"$23,817",2022–23,,,,,,,,,,,,,,,,,,,,,,,,,,,,,,,,,Yes,No,2024–25,,,,,,,,2024–25 provisional,"June 10, 2026"
fortis-college-ga,Fortis College,372921,Fortis College-Smyrna,Smyrna,GA,Private for-profit,At least 2 but less than 4 years,"Smyrna, Georgia","Private for-profit, 2-year",,Yes,2024–25,,,,607,2024,"$24,433",2022–23,,,,,,,,,,,,,,,,,,,,,,,,,,,,,,,,,Yes,No,2024–25,,,,,,,,2024–25 provisional,"June 10, 2026"
fox-college-inc,Fox College Inc,145239,Fox College,Tinley Park,IL,Private for-profit,At least 2 but less than 4 years,"Tinley Park, Illinois","Private for-profit, 2-year",2024,No,2024–25,47,33,70%,200,2024,"$9,758",2022–23,,,,,,,,,,,,,,,,,,,,,,"Not considered for admission, even if submitted (Test Blind)",Required to be considered for admission,"Not required for admission, but considered if submitted","Not considered for admission, even if submitted","Not considered for admission, even if submitted","Not considered for admission, even if submitted",Required to be considered for admission,Required to be considered for admission,"Not considered for admission, even if submitted","Not required for admission, but considered if submitted","Not considered for admission, even if submitted (Test Blind)",Yes,No,2024–25,,,,,,,,2024–25 provisional,"June 10, 2026"
free-will-baptist-bible-college,Free Will Baptist Bible College,220206,Welch College,Gallatin,TN,Private not-for-profit,Four or more years,"Gallatin, Tennessee","Private nonprofit, 4-year",,Yes,2024–25,,,,350,2024,"$19,214",2022–23,,,,,,,,,,,,,,,,,,,,,,,,,,,,,,,,,Yes,Yes,2024–25,,,,,,,,2024–25 provisional,"June 10, 2026"
gaston-college,Gaston College,198570,Gaston College,Dallas,NC,Public,At least 2 but less than 4 years,"Dallas, North Carolina","Public, 2-year",,Yes,2024–25,,,,"6,443",2024,"$8,199",2022–23,in-state,,,,,,,,,,,,,,,,,,,,,,,,,,,,,,,,Yes,Yes,2024–25,,,,,,,,2024–25 provisional,"June 10, 2026"
george-c-wallace-state-community-college-dothan,George C Wallace State Community College Dothan,101286,George C Wallace Community College-Dothan,Dothan,AL,Public,At least 2 but less than 4 years,"Dothan, Alabama","Public, 2-year",,Yes,2024–25,,,,"4,044",2024,"$2,916",2022–23,in-state,,,,,,,,,,,,,,,,,,,,,,,,,,,,,,,,Yes,Yes,2024–25,,,,,,,,2024–25 provisional,"June 10, 2026"
gloucester-county-college,Gloucester County College,184791,Rowan College of South Jersey-Gloucester Campus,Sewell,NJ,Public,At least 2 but less than 4 years,"Sewell, New Jersey","Public, 2-year",,Yes,2024–25,,,,"5,218",2024,"$9,564",2022–23,in-state,,,,,,,,,,,,,,,,,,,,,,,,,,,,,,,,Yes,Yes,2024–25,,,,,,,,2024–25 provisional,"June 10, 2026"
gordon-college-ga,Gordon College,139968,Gordon State College,Barnesville,GA,Public,Four or more years,"Barnesville, Georgia","Public, 4-year",2024,No,2024–25,1958,1682,86%,"3,179",2024,"$8,255",2022–23,in-state,14%,6%,15-24,1023,College Scorecard,450,530,590,440,510,540,15,18,24,14,17,22,15,16,21,"Not required for admission, but considered if submitted (Test Optional)",Required to be considered for admission,"Not considered for admission, even if submitted","Not considered for admission, even if submitted","Not considered for admission, even if submitted","Not considered for admission, even if submitted",Required to be considered for admission,"Not considered for admission, even if submitted","Not considered for admission, even if submitted","Not required for admission, but considered if submitted","Not considered for admission, even if submitted (Test Blind)",Yes,Yes,2024–25,,,,,,,,2024–25 provisional,"June 10, 2026"
grace-bible-college,Grace Bible College,170000,Grace Christian University,Wyoming,MI,Private not-for-profit,Four or more years,"Wyoming, Michigan","Private nonprofit, 4-year",2024,No,2024–25,239,237,99%,928,2024,"$14,127",2022–23,,,,,,,,,,,,,,,,,,,,,,"Not considered for admission, even if submitted (Test Blind)","Not required for admission, but considered if submitted","Not considered for admission, even if submitted","Not considered for admission, even if submitted","Not required for admission, but considered if submitted","Not considered for admission, even if submitted",Required to be considered for admission,"Not considered for admission, even if submitted","Not considered for admission, even if submitted","Not considered for admission, even if submitted","Not considered for admission, even if submitted (Test Blind)",Yes,Yes,2024–25,,,,,,,,2024–25 provisional,"June 10, 2026"
grace-college-of-divinity,Grace College of Divinity,461528,Manna University,Fayetteville,NC,Private not-for-profit,Four or more years,"Fayetteville, North Carolina","Private nonprofit, 4-year",2024,No,2024–25,93,49,53%,202,2024,"$16,384",2022–23,,,,,,,,,,,,,,,,,,,,,,"Not considered for admission, even if submitted (Test Blind)",Required to be considered for admission,"Not considered for admission, even if submitted","Not considered for admission, even if submitted",Required to be considered for admission,"Not required for admission, but considered if submitted",Required to be considered for admission,Required to be considered for admission,"Not considered for admission, even if submitted","Not considered for admission, even if submitted","Not considered for admission, even if submitted (Test Blind)",Yes,Yes,2024–25,,,,,,,,2024–25 provisional,"June 10, 2026"
granite-state-college,Granite State College,183257,University of New Hampshire College of Professional Studies Online,Manchester,NH,Public,Four or more years,"Manchester, New Hampshire","Public, 4-year",,Yes,2024–25,,,,"1,326",2024,"$11,851",2022–23,in-state,,,,,,,,,,,,,,,,,,,,,,,,,,,,,,,,Yes,Yes,2024–25,,,,,,,,2024–25 provisional,"June 10, 2026"
grantham-university,Grantham University,442569,University of Arkansas Grantham,LIttle Rock,AR,Public,Four or more years,"LIttle Rock, Arkansas","Public, 4-year",,Yes,2024–25,,,,"2,838",2024,"$9,186",2022–23,in-state,,,,,,,,,,,,,,,,,,,,,,,,,,,,,,,,Yes,Yes,2024–25,,,,,,,,2024–25 provisional,"June 10, 2026"
grayson-county-college,Grayson County College,225070,Grayson College,Denison,TX,Public,Four or more years,"Denison, Texas","Public, 4-year",,Yes,2024–25,,,,"4,324",2024,"$6,394",2022–23,in-state,,,,,,,,,,,,,,,,,,,,,,,,,,,,,,,,Yes,Yes,2024–25,,,,,,,,2024–25 provisional,"June 10, 2026"
h-councill-trenholm-state-technical-college,H Councill Trenholm State Technical College,102313,H Councill Trenholm State Community College,Montgomery,AL,Public,At least 2 but less than 4 years,"Montgomery, Alabama","Public, 2-year",,Yes,2024–25,,,,"2,046",2024,"$5,701",2022–23,in-state,,,,,,,,,,,,,,,,,,,,,,,,,,,,,,,,Yes,Yes,2024–25,,,,,,,,2024–25 provisional,"June 10, 2026"
hamilton-technical-college,Hamilton Technical College,153427,Orion Technical College,Davenport,IA,Private for-profit,Four or more years,"Davenport, Iowa","Private for-profit, 4-year",,Yes,2024–25,,,,41,2024,"$20,650",2022–23,,,,,,,,,,,,,,,,,,,,,,,,,,,,,,,,,Yes,Yes,2024–25,,,,,,,,2024–25 provisional,"June 10, 2026"
herzing-university-kenner,Herzing University Kenner,433536,Herzing University-New Orleans,Metairie,LA,Private not-for-profit,Four or more years,"Metairie, Louisiana","Private nonprofit, 4-year",2024,No,2024–25,50,46,92%,346,2024,"$20,824",2022–23,,,,,,,,,,,,,,,,,,,,,,"Not considered for admission, even if submitted (Test Blind)",Required to be considered for admission,"Not considered for admission, even if submitted","Not considered for admission, even if submitted","Not considered for admission, even if submitted","Not considered for admission, even if submitted",Required to be considered for admission,"Not considered for admission, even if submitted","Not considered for admission, even if submitted","Not considered for admission, even if submitted",Required to be considered for admission,Yes,Yes,2024–25,,,,,,,,2024–25 provisional,"June 10, 2026"
herzing-university-winter-park,Herzing University Winter Park,386472,Herzing University-Orlando,Winter Park,FL,Private not-for-profit,Four or more years,"Winter Park, Florida","Private nonprofit, 4-year",2024,No,2024–25,69,65,94%,714,2024,"$19,644",2022–23,,,,,,,,,,,,,,,,,,,,,,"Not considered for admission, even if submitted (Test Blind)",Required to be considered for admission,"Not considered for admission, even if submitted","Not considered for admission, even if submitted","Not considered for admission, even if submitted","Not considered for admission, even if submitted",Required to be considered for admission,"Not considered for admission, even if submitted","Not considered for admission, even if submitted","Not considered for admission, even if submitted",Required to be considered for admission,Yes,Yes,2024–25,,,,,,,,2024–25 provisional,"June 10, 2026"
hillsdale-free-will-baptist-college,Hillsdale Free Will Baptist College,207157,Randall University,Moore,OK,Private not-for-profit,Four or more years,"Moore, Oklahoma","Private nonprofit, 4-year",2024,No,2024–25,159,92,58%,288,2024,"$17,827",2022–23,,5%,91%,16-20,980,College Scorecard,,,,,,,16,18,20,15,16,19,13,19,22,"Not required for admission, but considered if submitted (Test Optional)",Required to be considered for admission,"Not required for admission, but considered if submitted","Not required for admission, but considered if submitted",Required to be considered for admission,"Not required for admission, but considered if submitted","Not required for admission, but considered if submitted",Required to be considered for admission,"Not required for admission, but considered if submitted","Not required for admission, but considered if submitted","Not required for admission, but considered if submitted (Test Optional)",Yes,Yes,2024–25,,,,,,,,2024–25 provisional,"June 10, 2026"
hondros-college,Hondros College,203386,Hondros College of Nursing,Columbus,OH,Private for-profit,At least 2 but less than 4 years,"Columbus, Ohio","Private for-profit, 2-year",2024,No,2024–25,367,313,85%,"3,857",2024,"$29,210",2022–23,,,,,,,,,,,,,,,,,,,,,,"Not considered for admission, even if submitted (Test Blind)","Not considered for admission, even if submitted","Not considered for admission, even if submitted","Not considered for admission, even if submitted","Not considered for admission, even if submitted",Required to be considered for admission,Required to be considered for admission,"Not considered for admission, even if submitted","Not considered for admission, even if submitted","Not considered for admission, even if submitted",Required to be considered for admission,No,No,2024–25,,,,,,,,2024–25 provisional,"June 10, 2026"
houston-baptist-university,Houston Baptist University,225399,Houston Christian University,Houston,TX,Private not-for-profit,Four or more years,"Houston, Texas","Private nonprofit, 4-year",2024,No,2024–25,8455,7139,84%,"2,899",2024,"$20,530",2022–23,,33%,6%,17-24,1084,College Scorecard,500,550,600,490,540,590,17,20,24,15,19,23,16,19,24,"Not required for admission, but considered if submitted (Test Optional)",Required to be considered for admission,"Not required for admission, but considered if submitted","Not considered for admission, even if submitted","Not required for admission, but considered if submitted","Not considered for admission, even if submitted",Required to be considered for admission,"Not required for admission, but considered if submitted","Not required for admission, but considered if submitted","Not considered for admission, even if submitted","Not considered for admission, even if submitted (Test Blind)",Yes,No,2024–25,,,,,,,,2024–25 provisional,"June 10, 2026"
humboldt-state-university,Humboldt State University,115755,California State Polytechnic University-Humboldt,Arcata,CA,Public,Four or more years,"Arcata, California","Public, 4-year",2024,No,2024–25,15725,15442,98%,"5,661",2024,"$13,837",2022–23,in-state,,,,,,,,,,,,,,,,,,,,,"Not considered for admission, even if submitted (Test Blind)",Required to be considered for admission,"Not considered for admission, even if submitted",Required to be considered for admission,"Not considered for admission, even if submitted","Not considered for admission, even if submitted",Required to be considered for admission,"Not considered for admission, even if submitted","Not considered for admission, even if submitted","Not considered for admission, even if submitted","Not considered for admission, even if submitted (Test Blind)",Yes,Yes,2024–25,,,,,,,,2024–25 provisional,"June 10, 2026"
indiana-university-purdue-university-indianapolis,Indiana University Purdue University Indianapolis,151111,Indiana University-Indianapolis,Indianapolis,IN,Public,Four or more years,"Indianapolis, Indiana","Public, 4-year",2024,No,2024–25,15643,11947,76%,"14,504",2024,"$11,592",2022–23,in-state,33%,4%,21-29,1139,College Scorecard,520,570,630,510,560,610,21,25,29,21,25,30,20,25,29,"Not required for admission, but considered if submitted (Test Optional)",Required to be considered for admission,"Not required for admission, but considered if submitted",Required to be considered for admission,"Not considered for admission, even if submitted","Not considered for admission, even if submitted",Required to be considered for admission,"Not considered for admission, even if submitted","Not considered for admission, even if submitted","Not required for admission, but considered if submitted","Not considered for admission, even if submitted (Test Blind)",Yes,Yes,2024–25,,,,,,,,2024–25 provisional,"June 10, 2026"
institute-of-american-indian-and-alaska-native-culture,Institute of American Indian and Alaska Native Culture,187745,Institute of American Indian and Alaska Native Culture and Arts Development,Santa Fe,NM,Public,Four or more years,"Santa Fe, New Mexico","Public, 4-year",2024,No,2024–25,79,77,97%,877,2024,"$14,334",2022–23,in-state,0%,0%,,,,,,,,,,,,,,,,,,,"Not required for admission, but considered if submitted (Test Optional)",Required to be considered for admission,"Not considered for admission, even if submitted","Not considered for admission, even if submitted",Required to be considered for admission,Required to be considered for admission,Required to be considered for admission,"Not considered for admission, even if submitted","Not considered for admission, even if submitted","Not considered for admission, even if submitted","Not required for admission, but considered if submitted (Test Optional)",Yes,No,2024–25,,,,,,,,2024–25 provisional,"June 10, 2026"
international-baptist-college,International Baptist College,436614,International Baptist College and Seminary,Chandler,AZ,Private not-for-profit,Four or more years,"Chandler, Arizona","Private nonprofit, 4-year",,Yes,2024–25,,,,48,2024,"$18,210",2022–23,,,,,,,,,,,,,,,,,,,,,,,,,,,,,,,,,No,No,2024–25,,,,,,,,2024–25 provisional,"June 10, 2026"
kings-university,King's University,439701,The King's University,Southlake,TX,Private not-for-profit,Four or more years,"Southlake, Texas","Private nonprofit, 4-year",2024,No,2024–25,94,57,61%,251,2024,"$23,878",2022–23,,0%,0%,,,,,,,,,,,,,,,,,,,"Not required for admission, but considered if submitted (Test Optional)",Required to be considered for admission,"Not required for admission, but considered if submitted","Not considered for admission, even if submitted","Not required for admission, but considered if submitted","Not required for admission, but considered if submitted",Required to be considered for admission,"Not required for admission, but considered if submitted","Not considered for admission, even if submitted","Not required for admission, but considered if submitted","Not required for admission, but considered if submitted (Test Optional)",Yes,Yes,2024–25,,,,,,,,2024–25 provisional,"June 10, 2026"
l-e-fletcher-technical-community-college,L E Fletcher Technical Community College,160481,Fletcher Technical Community College,Schriever,LA,Public,At least 2 but less than 4 years,"Schriever, Louisiana","Public, 2-year",,Yes,2024–25,,,,"2,663",2024,"$10,430",2022–23,in-state,,,,,,,,,,,,,,,,,,,,,,,,,,,,,,,,Yes,Yes,2024–25,,,,,,,,2024–25 provisional,"June 10, 2026"
laboure-college,Laboure College,165264,Laboure College of Healthcare,Milton,MA,Private not-for-profit,Four or more years,"Milton, Massachusetts","Private nonprofit, 4-year",2024,No,2024–25,32,16,50%,530,2024,,,,,,,,,,,,,,,,,,,,,,,,"Not considered for admission, even if submitted (Test Blind)",Required to be considered for admission,"Not considered for admission, even if submitted","Not required for admission, but considered if submitted","Not considered for admission, even if submitted","Not required for admission, but considered if submitted",Required to be considered for admission,"Not considered for admission, even if submitted","Not considered for admission, even if submitted","Not considered for admission, even if submitted","Not considered for admission, even if submitted (Test Blind)",No,No,2024–25,,,,,,,,2024–25 provisional,"June 10, 2026"
lac-courte-oreilles-ojibwa-community-college,Lac Courte Oreilles Ojibwa Community College,260372,Lac Courte Oreilles Ojibwe University,Hayward,WI,Public,Four or more years,"Hayward, Wisconsin","Public, 4-year",,Yes,2024–25,,,,196,2024,"$11,536",2022–23,in-state,,,,,,,,,,,,,,,,,,,,,,,,,,,,,,,,No,No,2024–25,,,,,,,,2024–25 provisional,"June 10, 2026"
landing-school-of-boat-building-and-design,Landing School of Boat Building and Design,161208,The Landing School,Arundel,ME,Private not-for-profit,At least 2 but less than 4 years,"Arundel, Maine","Private nonprofit, 2-year",,Yes,2024–25,,,,32,2024,"$37,522",2022–23,,,,,,,,,,,,,,,,,,,,,,,,,,,,,,,,,No,No,2024–25,,,,,,,,2024–25 provisional,"June 10, 2026"
latter-day-saints-business-college,Latter day Saints Business College,230418,Ensign College,Salt Lake City,UT,Private not-for-profit,Four or more years,"Salt Lake City, Utah","Private nonprofit, 4-year",,Yes,2024–25,,,,"7,594",2024,"$11,329",2022–23,,,,,,,,,,,,,,,,,,,,,,,,,,,,,,,,,Yes,Yes,2024–25,,,,,,,,2024–25 provisional,"June 10, 2026"
lincoln-university-of-pennsylvania,Lincoln University of Pennsylvania,213598,Lincoln University,Lincoln University,PA,Public,Four or more years,"Lincoln University, Pennsylvania","Public, 4-year",2024,No,2024–25,5248,3449,66%,"1,545",2024,"$12,910",2022–23,in-state,1%,0%,,920,College Scorecard,420,490,500,400,430,460,,,,,,,,,,"Not required for admission, but considered if submitted (Test Optional)",Required to be considered for admission,"Not required for admission, but considered if submitted","Not required for admission, but considered if submitted","Not required for admission, but considered if submitted","Not considered for admission, even if submitted","Not required for admission, but considered if submitted","Not required for admission, but considered if submitted","Not required for admission, but considered if submitted","Not required for admission, but considered if submitted","Not required for admission, but considered if submitted (Test Optional)",Yes,Yes,2024–25,,,,,,,,2024–25 provisional,"June 10, 2026"
linn-state-technical-college,Linn State Technical College,177977,State Technical College of Missouri,Linn,MO,Public,At least 2 but less than 4 years,"Linn, Missouri","Public, 2-year",,Yes,2024–25,,,,"2,346",2024,"$7,358",2022–23,in-state,,,,,,,,,,,,,,,,,,,,,,,,,,,,,,,,Yes,Yes,2024–25,,,,,,,,2024–25 provisional,"June 10, 2026"
louisiana-college,Louisiana College,159568,Louisiana Christian University,Pineville,LA,Private not-for-profit,Four or more years,"Pineville, Louisiana","Private nonprofit, 4-year",2024,No,2024–25,548,423,77%,763,2024,"$15,470",2022–23,,,,,,,,,,,,,,,,,,,,,,"Not considered for admission, even if submitted (Test Blind)",Required to be considered for admission,"Not considered for admission, even if submitted","Not considered for admission, even if submitted","Not considered for admission, even if submitted","Not considered for admission, even if submitted",Required to be considered for admission,"Not considered for admission, even if submitted","Not considered for admission, even if submitted","Not considered for admission, even if submitted","Not considered for admission, even if submitted (Test Blind)",Yes,No,2024–25,,,,,,,,2024–25 provisional,"June 10, 2026"
luther-rice-university,Luther Rice University,135364,Luther Rice College & Seminary,Lithonia,GA,Private not-for-profit,Four or more years,"Lithonia, Georgia","Private nonprofit, 4-year",2024,No,2024–25,12,11,92%,176,2024,"$3,935",2022–23,,,,,,,,,,,,,,,,,,,,,,"Not considered for admission, even if submitted (Test Blind)",Required to be considered for admission,"Not considered for admission, even if submitted","Not considered for admission, even if submitted",Required to be considered for admission,"Not considered for admission, even if submitted",Required to be considered for admission,Required to be considered for admission,"Not considered for admission, even if submitted","Not considered for admission, even if submitted","Not considered for admission, even if submitted (Test Blind)",No,No,2024–25,,,,,,,,2024–25 provisional,"June 10, 2026"
maccormac-college,MacCormac College,146816,Generations College,Chicago,IL,Private not-for-profit,At least 2 but less than 4 years,"Chicago, Illinois","Private nonprofit, 2-year",,Yes,2024–25,,,,310,2024,"$19,164",2022–23,,,,,,,,,,,,,,,,,,,,,,,,,,,,,,,,,Yes,No,2024–25,,,,,,,,2024–25 provisional,"June 10, 2026"
maharishi-university-of-management,Maharishi University of Management,153861,Maharishi International University,Fairfield,IA,Private not-for-profit,Four or more years,"Fairfield, Iowa","Private nonprofit, 4-year",2024,No,2024–25,93,89,96%,922,2024,"$18,875",2022–23,,,,,,,,,,,,,,,,,,,,,,"Not considered for admission, even if submitted (Test Blind)",Required to be considered for admission,"Not considered for admission, even if submitted","Not considered for admission, even if submitted",Required to be considered for admission,"Not considered for admission, even if submitted",Required to be considered for admission,"Not required for admission, but considered if submitted","Not considered for admission, even if submitted","Not required for admission, but considered if submitted","Not considered for admission, even if submitted (Test Blind)",Yes,No,2024–25,,,,,,,,2024–25 provisional,"June 10, 2026"
maine-college-of-art,Maine College of Art,161509,Maine College of Art & Design,Portland,ME,Private not-for-profit,Four or more years,"Portland, Maine","Private nonprofit, 4-year",2024,No,2024–25,994,756,76%,417,2024,"$37,132",2022–23,,,,,,,,,,,,,,,,,,,,,,"Not considered for admission, even if submitted (Test Blind)",Required to be considered for admission,"Not required for admission, but considered if submitted","Not required for admission, but considered if submitted",Required to be considered for admission,Required to be considered for admission,Required to be considered for admission,Required to be considered for admission,"Not required for admission, but considered if submitted","Not required for admission, but considered if submitted","Not considered for admission, even if submitted (Test Blind)",Yes,No,2024–25,,,,,,,,2024–25 provisional,"June 10, 2026"
martin-methodist-college,Martin Methodist College,220701,The University of Tennessee Southern,Pulaski,TN,Public,Four or more years,"Pulaski, Tennessee","Public, 4-year",2024,No,2024–25,760,659,87%,"1,012",2024,"$15,642",2022–23,in-state,6%,90%,18-24,1083,College Scorecard,435,480,555,470,510,555,18,21,24,18,21,25,17,20,23,Required to be considered for admission,Required to be considered for admission,"Not considered for admission, even if submitted","Not considered for admission, even if submitted","Not considered for admission, even if submitted","Not considered for admission, even if submitted",Required to be considered for admission,"Not considered for admission, even if submitted","Not considered for admission, even if submitted","Not considered for admission, even if submitted","Not considered for admission, even if submitted (Test Blind)",Yes,Yes,2024–25,,,,,,,,2024–25 provisional,"June 10, 2026"
massachusetts-college-of-pharmacy-and-health-sciences,Massachusetts College of Pharmacy and Health Sciences,166656,MCPHS University,Boston,MA,Private not-for-profit,Four or more years,"Boston, Massachusetts","Private nonprofit, 4-year",2024,No,2024–25,6010,5121,85%,"3,469",2024,"$37,182",2022–23,,7%,1%,26-30,1269,College Scorecard,570,610,678,590,645,738,26,29,30,24,28,31,25,27,29,"Not required for admission, but considered if submitted (Test Optional)",Required to be considered for admission,"Not considered for admission, even if submitted",Required to be considered for admission,Required to be considered for admission,"Not considered for admission, even if submitted",Required to be considered for admission,Required to be considered for admission,"Not required for admission, but considered if submitted","Not required for admission, but considered if submitted","Not considered for admission, even if submitted (Test Blind)",Yes,No,2024–25,,,,,,,,2024–25 provisional,"June 10, 2026"
medix-school-fortis-college,Medix School Fortis College,460020,Fortis College-Columbia,Columbia,SC,Private for-profit,At least 2 but less than 4 years,"Columbia, South Carolina","Private for-profit, 2-year",,Yes,2024–25,,,,582,2024,"$27,031",2022–23,,,,,,,,,,,,,,,,,,,,,,,,,,,,,,,,,Yes,No,2024–25,,,,,,,,2024–25 provisional,"June 10, 2026"
medvance-institute-baton-rouge,Medvance Institute Baton Rouge,439738,Fortis College-Baton Rouge,Baton Rouge,LA,Private for-profit,At least 2 but less than 4 years,"Baton Rouge, Louisiana","Private for-profit, 2-year",,Yes,2024–25,,,,482,2024,"$23,406",2022–23,,,,,,,,,,,,,,,,,,,,,,,,,,,,,,,,,Yes,No,2024–25,,,,,,,,2024–25 provisional,"June 10, 2026"
memorial-hospital-school-of-nursing,Memorial Hospital School of Nursing,192961,St. Peter's Hospital College of Nursing,Albany,NY,Private not-for-profit,At least 2 but less than 4 years,"Albany, New York","Private nonprofit, 2-year",2024,No,2024–25,2,2,100%,123,2024,,,,,,,,,,,,,,,,,,,,,,,,"Not considered for admission, even if submitted (Test Blind)",Required to be considered for admission,"Not considered for admission, even if submitted","Not considered for admission, even if submitted","Not required for admission, but considered if submitted","Not required for admission, but considered if submitted",Required to be considered for admission,Required to be considered for admission,"Not considered for admission, even if submitted","Not required for admission, but considered if submitted",Required to be considered for admission,Yes,No,2024–25,,,,,,,,2024–25 provisional,"June 10, 2026"
mesivta-keser-torah,Mesivta Keser Torah,461847,Keser Torah-Mayan Hatalmud,Lakewood,NJ,Private not-for-profit,Four or more years,"Lakewood, New Jersey","Private nonprofit, 4-year",2024,No,2024–25,6,6,100%,57,2024,"$11,708",2022–23,,,,,,,,,,,,,,,,,,,,,,"Not considered for admission, even if submitted (Test Blind)","Not considered for admission, even if submitted","Not considered for admission, even if submitted",Required to be considered for admission,Required to be considered for admission,"Not required for admission, but considered if submitted","Not required for admission, but considered if submitted","Not required for admission, but considered if submitted","Not required for admission, but considered if submitted","Not considered for admission, even if submitted","Not considered for admission, even if submitted (Test Blind)",No,No,2024–25,,,,,,,,2024–25 provisional,"June 10, 2026"
messenger-college,Messenger College,417752,Messenger College,Bedford,TX,Private not-for-profit,Four or more years,"Bedford, Texas","Private nonprofit, 4-year",2024,No,2024–25,24,9,38%,24,2024,"$18,221",2022–23,,,,,,,,,,,,,,,,,,,,,,"Not considered for admission, even if submitted (Test Blind)",Required to be considered for admission,"Not considered for admission, even if submitted","Not considered for admission, even if submitted",Required to be considered for admission,"Not considered for admission, even if submitted",Required to be considered for admission,Required to be considered for admission,"Not considered for admission, even if submitted","Not considered for admission, even if submitted","Not considered for admission, even if submitted (Test Blind)",Yes,No,2024–25,,,,,,,,2024–25 provisional,"June 10, 2026"
messiah,Messiah College,213996,Messiah University,Mechanicsburg,PA,Private not-for-profit,Four or more years,"Mechanicsburg, Pennsylvania","Private nonprofit, 4-year",2024,No,2024–25,2458,1941,79%,"2,618",2024,"$29,882",2022–23,,52%,6%,26-31,1236,College Scorecard,570,620,680,540,610,670,26,27,31,24,29,33,24,26,30,"Not required for admission, but considered if submitted (Test Optional)",Required to be considered for admission,"Not required for admission, but considered if submitted",Required to be considered for admission,"Not required for admission, but considered if submitted","Not considered for admission, even if submitted",Required to be considered for admission,Required to be considered for admission,"Not considered for admission, even if submitted","Not required for admission, but considered if submitted","Not considered for admission, even if submitted (Test Blind)",Yes,Yes,2024–25,,,,,,,,2024–25 provisional,"June 10, 2026"
methodist-college-of-nursing,Methodist College of Nursing,147129,Methodist College,Peoria,IL,Private not-for-profit,Four or more years,"Peoria, Illinois","Private nonprofit, 4-year",2024,No,2024–25,18,7,39%,245,2024,"$35,461",2022–23,,50%,0%,,,,,,,,,,,,,,,,,,,"Not required for admission, but considered if submitted (Test Optional)",Required to be considered for admission,"Not considered for admission, even if submitted","Not considered for admission, even if submitted","Not required for admission, but considered if submitted","Not considered for admission, even if submitted",Required to be considered for admission,"Not required for admission, but considered if submitted","Not considered for admission, even if submitted","Not required for admission, but considered if submitted","Not considered for admission, even if submitted (Test Blind)",Yes,No,2024–25,,,,,,,,2024–25 provisional,"June 10, 2026"
metropolitan-career-center-computer-technology-institute,Metropolitan Career Center Computer Technology Institute,214023,ASPIRA City College,Philadelphia,PA,Private not-for-profit,At least 2 but less than 4 years,"Philadelphia, Pennsylvania","Private nonprofit, 2-year",2024,No,2024–25,6,3,50%,26,2024,"$15,727",2022–23,,,,,,,,,,,,,,,,,,,,,,"Not considered for admission, even if submitted (Test Blind)","Not considered for admission, even if submitted","Not considered for admission, even if submitted","Not considered for admission, even if submitted","Not considered for admission, even if submitted","Not considered for admission, even if submitted",Required to be considered for admission,"Not considered for admission, even if submitted","Not considered for admission, even if submitted","Not considered for admission, even if submitted",Required to be considered for admission,No,No,2024–25,,,,,,,,2024–25 provisional,"June 10, 2026"
miami-ad-school-miami-beach,Miami Ad School Miami Beach,428000,Miami Ad School,Miami,FL,Private for-profit,At least 2 but less than 4 years,"Miami, Florida","Private for-profit, 2-year",,Yes,2024–25,,,,32,2024,,,,,,,,,,,,,,,,,,,,,,,,,,,,,,,,,,,No,Yes,2024–25,,,,,,,,2024–25 provisional,"June 10, 2026"
miami-university,Miami University,204024,Miami University-Oxford,Oxford,OH,Public,Four or more years,"Oxford, Ohio","Public, 4-year",2024,No,2024–25,39580,29843,75%,"16,816",2024,"$27,928",2022–23,in-state,8%,24%,25-30,1317,College Scorecard,610,650,690,610,660,700,25,28,30,24,28,32,25,27,30,"Not required for admission, but considered if submitted (Test Optional)",Required to be considered for admission,"Not required for admission, but considered if submitted",Required to be considered for admission,Required to be considered for admission,"Not considered for admission, even if submitted",Required to be considered for admission,Required to be considered for admission,"Not considered for admission, even if submitted","Not required for admission, but considered if submitted","Not considered for admission, even if submitted (Test Blind)",Yes,Yes,2024–25,,,,,,,,2024–25 provisional,"June 10, 2026"
mid-south-community-college,Mid South Community College,107318,Arkansas State University Mid-South,West Memphis,AR,Public,At least 2 but less than 4 years,"West Memphis, Arkansas","Public, 2-year",,Yes,2024–25,,,,"1,022",2024,"$4,128",2022–23,in-state,,,,,,,,,,,,,,,,,,,,,,,,,,,,,,,,Yes,Yes,2024–25,,,,,,,,2024–25 provisional,"June 10, 2026"
middlesex-county-college,Middlesex County College,185536,Middlesex College,Edison,NJ,Public,At least 2 but less than 4 years,"Edison, New Jersey","Public, 2-year",,Yes,2024–25,,,,"12,044",2024,"$6,958",2022–23,in-state,,,,,,,,,,,,,,,,,,,,,,,,,,,,,,,,Yes,Yes,2024–25,,,,,,,,2024–25 provisional,"June 10, 2026"
miller-motte-technical-college-chattanooga,Miller Motte Technical College Chattanooga,443650,Miller-Motte College-Chattanooga,Chattanooga,TN,Private for-profit,Four or more years,"Chattanooga, Tennessee","Private for-profit, 4-year",,Yes,2024–25,,,,"4,462",2024,"$25,215",2022–23,,,,,,,,,,,,,,,,,,,,,,,,,,,,,,,,,No,No,2024–25,,,,,,,,2024–25 provisional,"June 10, 2026"
miller-motte-technical-college-columbus,Miller Motte Technical College Columbus,458441,Miller-Motte College-Columbus,Columbus,GA,Private for-profit,At least 2 but less than 4 years,"Columbus, Georgia","Private for-profit, 2-year",,Yes,2024–25,,,,190,2024,"$21,400",2022–23,,,,,,,,,,,,,,,,,,,,,,,,,,,,,,,,,No,No,2024–25,,,,,,,,2024–25 provisional,"June 10, 2026"
miller-motte-technical-college-ga,Miller Motte Technical College,460826,Miller-Motte College-Augusta,Augusta,GA,Private for-profit,At least 2 but less than 4 years,"Augusta, Georgia","Private for-profit, 2-year",,Yes,2024–25,,,,506,2024,"$22,173",2022–23,,,,,,,,,,,,,,,,,,,,,,,,,,,,,,,,,No,Yes,2024–25,,,,,,,,2024–25 provisional,"June 10, 2026"
miller-motte-technical-college-macon,Miller Motte Technical College Macon,475060,Miller-Motte College-Macon,Macon,GA,Private for-profit,At least 2 but less than 4 years,"Macon, Georgia","Private for-profit, 2-year",,Yes,2024–25,,,,230,2024,"$22,139",2022–23,,,,,,,,,,,,,,,,,,,,,,,,,,,,,,,,,No,No,2024–25,,,,,,,,2024–25 provisional,"June 10, 2026"
mills-college,Mills College,118888,Northeastern University Oakland,Oakland,CA,Private not-for-profit,Four or more years,"Oakland, California","Private nonprofit, 4-year",2024,No,2024–25,18030,3002,17%,464,2024,,,,20%,5%,32-33,1472,College Scorecard,690,720,740,730,760,780,32,32,33,32,34,35,29,31,32,"Not required for admission, but considered if submitted (Test Optional)",Required to be considered for admission,"Not required for admission, but considered if submitted","Not required for admission, but considered if submitted",Required to be considered for admission,"Not required for admission, but considered if submitted",Required to be considered for admission,Required to be considered for admission,"Not required for admission, but considered if submitted","Not required for admission, but considered if submitted","Not considered for admission, even if submitted (Test Blind)",Yes,Yes,2024–25,,,,,,,,2024–25 provisional,"June 10, 2026"
minnesota-state-college-southeast-technical,Minnesota State College Southeast Technical,175263,Minnesota State College Southeast,Winona,MN,Public,At least 2 but less than 4 years,"Winona, Minnesota","Public, 2-year",,Yes,2024–25,,,,"2,331",2024,"$14,441",2022–23,in-state,,,,,,,,,,,,,,,,,,,,,,,,,,,,,,,,Yes,Yes,2024–25,,,,,,,,2024–25 provisional,"June 10, 2026"
montana-tech-college-of-technology,Montana Tech College of Technology,180081,Highlands College of Montana Tech,Butte,MT,Public,At least 2 but less than 4 years,"Butte, Montana","Public, 2-year",,Yes,2024–25,,,,727,2024,"$11,206",2022–23,in-state,,,,,,,,,,,,,,,,,,,,,,,,,,,,,,,,Yes,Yes,2024–25,,,,,,,,2024–25 provisional,"June 10, 2026"
montana-tech-of-the-university-of-montana,Montana Tech of the University of Montana,180416,Montana Technological University,Butte,MT,Public,Four or more years,"Butte, Montana","Public, 4-year",2024,No,2024–25,1811,1649,91%,"1,497",2024,"$15,866",2022–23,in-state,13%,82%,19-25,1126,College Scorecard,510,585,630,530,580,630,19,22,25,17,21,24,18,23,26,"Not required for admission, but considered if submitted (Test Optional)",Required to be considered for admission,Required to be considered for admission,Required to be considered for admission,"Not considered for admission, even if submitted","Not considered for admission, even if submitted",Required to be considered for admission,"Not considered for admission, even if submitted","Not considered for admission, even if submitted","Not considered for admission, even if submitted","Not considered for admission, even if submitted (Test Blind)",Yes,Yes,2024–25,,,,,,,,2024–25 provisional,"June 10, 2026"
national-college-salem,National College Salem,232797,American National University,Salem,VA,Private for-profit,Four or more years,"Salem, Virginia","Private for-profit, 4-year",,Yes,2024–25,,,,630,2024,"$19,988",2022–23,,,,,,,,,,,,,,,,,,,,,,,,,,,,,,,,,Yes,Yes,2024–25,,,,,,,,2024–25 provisional,"June 10, 2026"
national-paralegal-college,National Paralegal College,461023,Crestpoint University,Phoenix,AZ,Private for-profit,Four or more years,"Phoenix, Arizona","Private for-profit, 4-year",,Yes,2024–25,,,,386,2024,"$14,359",2022–23,,,,,,,,,,,,,,,,,,,,,,,,,,,,,,,,,Yes,No,2024–25,,,,,,,,2024–25 provisional,"June 10, 2026"
new-hope-christian-college-hi,New Hope Christian College,457484,Pacific Rim Christian University,Honolulu,HI,Private not-for-profit,Four or more years,"Honolulu, Hawaii","Private nonprofit, 4-year",,Yes,2024–25,,,,129,2024,"$22,668",2022–23,,,,,,,,,,,,,,,,,,,,,,,,,,,,,,,,,Yes,Yes,2024–25,,,,,,,,2024–25 provisional,"June 10, 2026"
new-life-theological-seminary,New Life Theological Seminary,444778,Charlotte Christian College and Theological Seminary,Charlotte,NC,Private not-for-profit,Four or more years,"Charlotte, North Carolina","Private nonprofit, 4-year",,Yes,2024–25,,,,24,2024,,,,,,,,,,,,,,,,,,,,,,,,,,,,,,,,,,,Yes,No,2024–25,,,,,,,,2024–25 provisional,"June 10, 2026"
new-mexico-state-university-carlsbad,New Mexico State University Carlsbad,188003,Southeast New Mexico College,Carlsbad,NM,Public,At least 2 but less than 4 years,"Carlsbad, New Mexico","Public, 2-year",,Yes,2024–25,,,,"1,431",2024,"$8,126",2022–23,in-state,,,,,,,,,,,,,,,,,,,,,,,,,,,,,,,,Yes,Yes,2024–25,,,,,,,,2024–25 provisional,"June 10, 2026"
north-american-college,North American College,461795,North American University,Stafford,TX,Private not-for-profit,Four or more years,"Stafford, Texas","Private nonprofit, 4-year",,Yes,2024–25,,,,609,2024,"$13,702",2022–23,,,,,,,,,,,,,,,,,,,,,,,,,,,,,,,,,Yes,No,2024–25,,,,,,,,2024–25 provisional,"June 10, 2026"
north-central-kansas-technical-college,North Central Kansas Technical College,155593,Fort Hays Tech North Central,Beloit,KS,Public,At least 2 but less than 4 years,"Beloit, Kansas","Public, 2-year",,Yes,2024–25,,,,987,2024,"$16,785",2022–23,in-state,,,,,,,,,,,,,,,,,,,,,,,,,,,,,,,,Yes,Yes,2024–25,,,,,,,,2024–25 provisional,"June 10, 2026"
northwest-christian-university,Northwest Christian University,209409,Bushnell University,Eugene,OR,Private not-for-profit,Four or more years,"Eugene, Oregon","Private nonprofit, 4-year",2024,No,2024–25,871,586,67%,520,2024,"$22,534",2022–23,,4%,5%,18-20,1020,College Scorecard,,,,,,,18,19,20,18,18,19,15,16,16,"Not required for admission, but considered if submitted (Test Optional)",Required to be considered for admission,"Not required for admission, but considered if submitted","Not required for admission, but considered if submitted","Not required for admission, but considered if submitted","Not considered for admission, even if submitted",Required to be considered for admission,Required to be considered for admission,"Not required for admission, but considered if submitted","Not required for admission, but considered if submitted","Not considered for admission, even if submitted (Test Blind)",Yes,Yes,2024–25,,,,,,,,2024–25 provisional,"June 10, 2026"
northwest-college-of-art,Northwest College of Art,377546,Northwest College of Art & Design,Tacoma,WA,Private for-profit,Four or more years,"Tacoma, Washington","Private for-profit, 4-year",2024,No,2024–25,97,64,66%,139,2024,"$20,185",2022–23,,,,,,,,,,,,,,,,,,,,,,"Not considered for admission, even if submitted (Test Blind)",Required to be considered for admission,"Not considered for admission, even if submitted","Not required for admission, but considered if submitted","Not required for admission, but considered if submitted",Required to be considered for admission,Required to be considered for admission,Required to be considered for admission,"Not considered for admission, even if submitted","Not required for admission, but considered if submitted","Not considered for admission, even if submitted (Test Blind)",Yes,No,2024–25,,,,,,,,2024–25 provisional,"June 10, 2026"
northwest-kansas-technical-college,Northwest Kansas Technical College,155618,Fort Hays State University-Northwest Kansas Technical College,Goodland,KS,Public,At least 2 but less than 4 years,"Goodland, Kansas","Public, 2-year",,Yes,2024–25,,,,752,2024,"$13,884",2022–23,in-state,,,,,,,,,,,,,,,,,,,,,,,,,,,,,,,,Yes,Yes,2024–25,,,,,,,,2024–25 provisional,"June 10, 2026"
northwestern-college-mn,Northwestern College,174491,University of Northwestern-St Paul,Saint Paul,MN,Private not-for-profit,Four or more years,"Saint Paul, Minnesota","Private nonprofit, 4-year",2024,No,2024–25,1301,1216,93%,"3,163",2024,"$26,779",2022–23,,4%,35%,20-28,1173,College Scorecard,430,515,608,438,525,663,20,24,28,20,24,29,19,24,26,"Not required for admission, but considered if submitted (Test Optional)",Required to be considered for admission,"Not required for admission, but considered if submitted","Not considered for admission, even if submitted",Required to be considered for admission,"Not considered for admission, even if submitted",Required to be considered for admission,Required to be considered for admission,"Not considered for admission, even if submitted","Not considered for admission, even if submitted","Not required for admission, but considered if submitted (Test Optional)",Yes,Yes,2024–25,,,,,,,,2024–25 provisional,"June 10, 2026"
northwood-university-michigan,Northwood University Michigan,171492,Northwood University,Midland,MI,Private not-for-profit,Four or more years,"Midland, Michigan","Private nonprofit, 4-year",2024,No,2024–25,1851,1194,65%,"2,045",2024,"$26,429",2022–23,,,,,,,,,,,,,,,,,,,,,,"Not considered for admission, even if submitted (Test Blind)",Required to be considered for admission,"Not considered for admission, even if submitted","Not considered for admission, even if submitted","Not considered for admission, even if submitted","Not considered for admission, even if submitted",Required to be considered for admission,"Not considered for admission, even if submitted","Not considered for admission, even if submitted","Not considered for admission, even if submitted","Not considered for admission, even if submitted (Test Blind)",Yes,Yes,2024–25,,,,,,,,2024–25 provisional,"June 10, 2026"
nossi-college-of-art,Nossi College of Art,368452,Nossi College of Art and Design,Nashville,TN,Private for-profit,Four or more years,"Nashville, Tennessee","Private for-profit, 4-year",2024,No,2024–25,298,138,46%,247,2024,"$23,745",2022–23,,,,,,,,,,,,,,,,,,,,,,"Not considered for admission, even if submitted (Test Blind)",Required to be considered for admission,"Not considered for admission, even if submitted","Not required for admission, but considered if submitted","Not required for admission, but considered if submitted",Required to be considered for admission,Required to be considered for admission,Required to be considered for admission,"Not considered for admission, even if submitted","Not required for admission, but considered if submitted","Not considered for admission, even if submitted (Test Blind)",Yes,Yes,2024–25,,,,,,,,2024–25 provisional,"June 10, 2026"
ohio-valley-college-of-technology,Ohio Valley College of Technology,204884,East Ohio College,East Liverpool,OH,Private for-profit,At least 2 but less than 4 years,"East Liverpool, Ohio","Private for-profit, 2-year",,Yes,2024–25,,,,118,2024,"$16,597",2022–23,,,,,,,,,,,,,,,,,,,,,,,,,,,,,,,,,No,No,2024–25,,,,,,,,2024–25 provisional,"June 10, 2026"
our-lady-of-holy-cross-college,Our Lady of Holy Cross College,160065,University of Holy Cross,New Orleans,LA,Private not-for-profit,Four or more years,"New Orleans, Louisiana","Private nonprofit, 4-year",2024,No,2024–25,1116,822,74%,471,2024,"$14,476",2022–23,,,,,,,,,,,,,,,,,,,,,,"Not considered for admission, even if submitted (Test Blind)",Required to be considered for admission,"Not considered for admission, even if submitted","Not considered for admission, even if submitted","Not considered for admission, even if submitted","Not considered for admission, even if submitted",Required to be considered for admission,"Not considered for admission, even if submitted","Not considered for admission, even if submitted","Not considered for admission, even if submitted","Not considered for admission, even if submitted (Test Blind)",Yes,Yes,2024–25,,,,,,,,2024–25 provisional,"June 10, 2026"
our-lady-of-the-lake-college,Our Lady of the Lake College,160074,Franciscan Missionaries of Our Lady University,Baton Rouge,LA,Private not-for-profit,Four or more years,"Baton Rouge, Louisiana","Private nonprofit, 4-year",2024,No,2024–25,384,379,99%,861,2024,"$15,239",2022–23,,,,,,,,,,,,,,,,,,,,,,"Not considered for admission, even if submitted (Test Blind)",Required to be considered for admission,"Not considered for admission, even if submitted","Not required for admission, but considered if submitted","Not considered for admission, even if submitted","Not considered for admission, even if submitted",Required to be considered for admission,"Not required for admission, but considered if submitted","Not considered for admission, even if submitted","Not considered for admission, even if submitted","Not considered for admission, even if submitted (Test Blind)",Yes,Yes,2024–25,,,,,,,,2024–25 provisional,"June 10, 2026"
pace-university-new-york,Pace University New York,194310,Pace University,New York,NY,Private not-for-profit,Four or more years,"New York, New York","Private nonprofit, 4-year",2024,No,2024–25,30030,22798,76%,"8,038",2024,"$34,299",2022–23,,13%,3%,24-29,1266,College Scorecard,600,640,680,580,620,660,24,27,29,24,28,31,22,25,27,"Not required for admission, but considered if submitted (Test Optional)",Required to be considered for admission,"Not required for admission, but considered if submitted","Not considered for admission, even if submitted",Required to be considered for admission,"Not considered for admission, even if submitted",Required to be considered for admission,Required to be considered for admission,"Not considered for admission, even if submitted","Not considered for admission, even if submitted","Not considered for admission, even if submitted (Test Blind)",Yes,Yes,2024–25,,,,,,,,2024–25 provisional,"June 10, 2026"
pasco-hernando-community-college,Pasco Hernando Community College,136400,Pasco-Hernando State College,New Port Richey,FL,Public,Four or more years,"New Port Richey, Florida","Public, 4-year",,Yes,2024–25,,,,"9,410",2024,"$5,419",2022–23,in-state,,,,,,,,,,,,,,,,,,,,,,,,,,,,,,,,Yes,Yes,2024–25,,,,,,,,2024–25 provisional,"June 10, 2026"
pathways-college,Pathways College,495916,Pathways College,Phoenix,AZ,Private not-for-profit,Four or more years,"Phoenix, Arizona","Private nonprofit, 4-year",,,,,,,196,2024,,,,,,,,,,,,,,,,,,,,,,,,,,,,,,,,,,,Yes,Yes,2024–25,,,,,,,,2024–25 provisional,"June 10, 2026"
pennsylvania-college-of-health-sciences,Pennsylvania College of Health Sciences,442356,Saint Joseph's University - Lancaster,Lancaster,PA,Private not-for-profit,Four or more years,"Lancaster, Pennsylvania","Private nonprofit, 4-year",2024,No,2024–25,512,211,41%,"1,348",2024,"$33,565",2022–23,,1%,0%,,,,,,,,,,,,,,,,,,,"Not required for admission, but considered if submitted (Test Optional)",Required to be considered for admission,"Not considered for admission, even if submitted","Not required for admission, but considered if submitted","Not required for admission, but considered if submitted","Not considered for admission, even if submitted",Required to be considered for admission,"Not required for admission, but considered if submitted","Not considered for admission, even if submitted","Not considered for admission, even if submitted","Not considered for admission, even if submitted (Test Blind)",Yes,Yes,2024–25,,,,,,,,2024–25 provisional,"June 10, 2026"
pennsylvania-state-university-main-campus,Penn State Main Campus,214777,Pennsylvania State University-Main Campus,University Park,PA,Public,Four or more years,"University Park, Pennsylvania","Public, 4-year",2024,No,2024–25,88478,53579,61%,"42,604",2024,"$27,450",2022–23,in-state,31%,5%,27-32,1337,College Scorecard,620,660,700,620,670,720,27,30,32,26,30,33,26,28,31,"Not required for admission, but considered if submitted (Test Optional)",Required to be considered for admission,"Not considered for admission, even if submitted","Not required for admission, but considered if submitted","Not considered for admission, even if submitted","Not considered for admission, even if submitted",Required to be considered for admission,"Not required for admission, but considered if submitted","Not considered for admission, even if submitted","Not considered for admission, even if submitted","Not considered for admission, even if submitted (Test Blind)",Yes,Yes,2024–25,,,,,,,,2024–25 provisional,"June 10, 2026"
phillips-beth-israel-school-of-nursing,Phillips Beth Israel School of Nursing,189282,Mount Sinai Phillips School of Nursing,New York,NY,Private not-for-profit,Four or more years,"New York, New York","Private nonprofit, 4-year",,,,,,,311,2024,,,,,,,,,,,,,,,,,,,,,,,,,,,,,,,,,,,Yes,No,2024–25,,,,,,,,2024–25 provisional,"June 10, 2026"
pikes-peak-community-college,Pikes Peak Community College,127820,Pikes Peak State College,Colorado Springs,CO,Public,Four or more years,"Colorado Springs, Colorado","Public, 4-year",,Yes,2024–25,,,,"12,556",2024,"$9,311",2022–23,in-state,,,,,,,,,,,,,,,,,,,,,,,,,,,,,,,,Yes,Yes,2024–25,,,,,,,,2024–25 provisional,"June 10, 2026"
potomac-college-herndon,Potomac College Herndon,442639,University of the Potomac-VA Campus,FALLS CHURCH,VA,Private for-profit,Four or more years,"FALLS CHURCH, Virginia","Private for-profit, 4-year",,Yes,2024–25,,,,157,2024,,,,,,,,,,,,,,,,,,,,,,,,,,,,,,,,,,,Yes,Yes,2024–25,,,,,,,,2024–25 provisional,"June 10, 2026"
rabbinical-seminary-mkor-chaim,Rabbinical Seminary M'kor Chaim,194718,Rabbinical Seminary Mkor Chaim,Lakewood,NJ,Private not-for-profit,Four or more years,"Lakewood, New Jersey","Private nonprofit, 4-year",2024,No,2024–25,32,29,91%,96,2024,"$6,745",2022–23,,,,,,,,,,,,,,,,,,,,,,"Not considered for admission, even if submitted (Test Blind)","Not considered for admission, even if submitted","Not considered for admission, even if submitted",Required to be considered for admission,Required to be considered for admission,"Not required for admission, but considered if submitted","Not required for admission, but considered if submitted","Not required for admission, but considered if submitted","Not required for admission, but considered if submitted","Not considered for admission, even if submitted","Not considered for admission, even if submitted (Test Blind)",No,No,2024–25,,,,,,,,2024–25 provisional,"June 10, 2026"
redstone-college,Redstone College,126605,Spartan College of Aeronautics and Technology,Broomfield,CO,Private for-profit,At least 2 but less than 4 years,"Broomfield, Colorado","Private for-profit, 2-year",,Yes,2024–25,,,,397,2024,"$30,297",2022–23,,,,,,,,,,,,,,,,,,,,,,,,,,,,,,,,,No,No,2024–25,,,,,,,,2024–25 provisional,"June 10, 2026"
richard-bland-college-of-the-college-of-william-and-mary,Richard Bland College of the College of William and Mary,233338,Richard Bland College,South Prince George,VA,Public,At least 2 but less than 4 years,"South Prince George, Virginia","Public, 2-year",2024,No,2024–25,1602,1430,89%,"2,788",2024,"$8,242",2022–23,in-state,,,,,,,,,,,,,,,,,,,,,"Not considered for admission, even if submitted (Test Blind)",Required to be considered for admission,"Not considered for admission, even if submitted","Not considered for admission, even if submitted","Not required for admission, but considered if submitted","Not considered for admission, even if submitted",Required to be considered for admission,"Not required for admission, but considered if submitted","Not considered for admission, even if submitted","Not considered for admission, even if submitted","Not considered for admission, even if submitted (Test Blind)",Yes,Yes,2024–25,,,,,,,,2024–25 provisional,"June 10, 2026"
saint-augustines-college,Saint Augustines College,199582,Saint Augustine's University,Raleigh,NC,Private not-for-profit,Four or more years,"Raleigh, North Carolina","Private nonprofit, 4-year",2024,No,2024–25,2059,696,34%,173,2024,"$18,373",2022–23,,,,,,,,,,,,,,,,,,,,,,"Not considered for admission, even if submitted (Test Blind)",Required to be considered for admission,"Not considered for admission, even if submitted","Not considered for admission, even if submitted","Not considered for admission, even if submitted","Not considered for admission, even if submitted",Required to be considered for admission,"Not considered for admission, even if submitted","Not considered for admission, even if submitted","Not considered for admission, even if submitted","Not considered for admission, even if submitted (Test Blind)",Yes,No,2024–25,,,,,,,,2024–25 provisional,"June 10, 2026"
salem-international-university,Salem International University,237783,Salem University,Salem,WV,Private for-profit,Four or more years,"Salem, West Virginia","Private for-profit, 4-year",,Yes,2024–25,,,,892,2024,"$11,626",2022–23,,,,,,,,,,,,,,,,,,,,,,,,,,,,,,,,,Yes,Yes,2024–25,,,,,,,,2024–25 provisional,"June 10, 2026"
san-joaquin-delta-college,San Joaquin Delta College,122658,San Joaquin Delta College,Stockton,CA,Public,At least 2 but less than 4 years,"Stockton, California","Public, 2-year",,Yes,2024–25,,,,"20,969",2024,"$11,586",2022–23,in-state,,,,,,,,,,,,,,,,,,,,,,,,,,,,,,,,Yes,Yes,2024–25,,,,,,,,2024–25 provisional,"June 10, 2026"
san-joaquin-valley-college-fresno-aviation,San Joaquin Valley College Fresno Aviation,422020,San Joaquin Valley College-Trades Education Center,Fresno,CA,Private for-profit,At least 2 but less than 4 years,"Fresno, California","Private for-profit, 2-year",,Yes,2024–25,,,,364,2024,"$23,107",2022–23,,,,,,,,,,,,,,,,,,,,,,,,,,,,,,,,,Yes,No,2024–25,,,,,,,,2024–25 provisional,"June 10, 2026"
san-joaquin-valley-college-rancho-cucamonga,San Joaquin Valley College Rancho Cucamonga,442444,San Joaquin Valley College-Ontario,Ontario,CA,Private for-profit,At least 2 but less than 4 years,"Ontario, California","Private for-profit, 2-year",,Yes,2024–25,,,,941,2024,"$25,444",2022–23,,,,,,,,,,,,,,,,,,,,,,,,,,,,,,,,,Yes,No,2024–25,,,,,,,,2024–25 provisional,"June 10, 2026"
school-of-advertising-art-inc,School of Advertising Art Inc,205391,The Modern College of Design,Kettering,OH,Private for-profit,Four or more years,"Kettering, Ohio","Private for-profit, 4-year",2024,No,2024–25,265,243,92%,214,2024,"$34,709",2022–23,,,,,,,,,,,,,,,,,,,,,,"Not considered for admission, even if submitted (Test Blind)",Required to be considered for admission,"Not considered for admission, even if submitted","Not considered for admission, even if submitted","Not considered for admission, even if submitted",Required to be considered for admission,Required to be considered for admission,"Not required for admission, but considered if submitted","Not considered for admission, even if submitted","Not considered for admission, even if submitted","Not considered for admission, even if submitted (Test Blind)",Yes,No,2024–25,,,,,,,,2024–25 provisional,"June 10, 2026"
sewanee-the-university-of-the-south,Sewanee The University of the South,221519,The University of the South,Sewanee,TN,Private not-for-profit,Four or more years,"Sewanee, Tennessee","Private nonprofit, 4-year",2024,No,2024–25,4703,2676,57%,"1,644",2024,"$33,616",2022–23,,17%,37%,27-31,1344,College Scorecard,640,670,710,620,660,680,27,29,31,29,32,35,25,27,29,"Not required for admission, but considered if submitted (Test Optional)",Required to be considered for admission,"Not required for admission, but considered if submitted",Required to be considered for admission,Required to be considered for admission,"Not required for admission, but considered if submitted",Required to be considered for admission,Required to be considered for admission,"Not required for admission, but considered if submitted","Not required for admission, but considered if submitted","Not considered for admission, even if submitted (Test Blind)",Yes,No,2024–25,,,,,,,,2024–25 provisional,"June 10, 2026"
seward-county-community-college-and-area-technical-school,Seward County Community College and Area Technical School,155858,Seward County Community College,Liberal,KS,Public,At least 2 but less than 4 years,"Liberal, Kansas","Public, 2-year",,Yes,2024–25,,,,"2,092",2024,"$9,033",2022–23,in-state,,,,,,,,,,,,,,,,,,,,,,,,,,,,,,,,Yes,Yes,2024–25,,,,,,,,2024–25 provisional,"June 10, 2026"
somerset-christian-college,Somerset Christian College,440794,Pillar College,Newark,NJ,Private not-for-profit,Four or more years,"Newark, New Jersey","Private nonprofit, 4-year",,Yes,2024–25,,,,512,2024,"$5,842",2022–23,,,,,,,,,,,,,,,,,,,,,,,,,,,,,,,,,Yes,Yes,2024–25,,,,,,,,2024–25 provisional,"June 10, 2026"
south-florida-community-college,South Florida Community College,137315,South Florida State College,Avon Park,FL,Public,Four or more years,"Avon Park, Florida","Public, 4-year",,Yes,2024–25,,,,"2,880",2024,"$4,499",2022–23,in-state,,,,,,,,,,,,,,,,,,,,,,,,,,,,,,,,Yes,Yes,2024–25,,,,,,,,2024–25 provisional,"June 10, 2026"
south-university,South University,139579,South University-Savannah,Savannah,GA,Private for-profit,Four or more years,"Savannah, Georgia","Private for-profit, 4-year",,Yes,2024–25,,,,270,2024,"$24,116",2022–23,,,,,,,,,,,,,,,,,,,,,,,,,,,,,,,,,Yes,No,2024–25,,,,,,,,2024–25 provisional,"June 10, 2026"
southwest-career-college,Southwest Career College,451556,Southwest University at El Paso,El Paso,TX,Private for-profit,Four or more years,"El Paso, Texas","Private for-profit, 4-year",,Yes,2024–25,,,,"2,073",2024,"$17,365",2022–23,,,,,,,,,,,,,,,,,,,,,,,,,,,,,,,,,Yes,No,2024–25,,,,,,,,2024–25 provisional,"June 10, 2026"
southwest-collegiate-institute-for-the-deaf,Southwest Collegiate Institute for the Deaf,382911,Southwest College for the Deaf,Big Spring,TX,Public,At least 2 but less than 4 years,"Big Spring, Texas","Public, 2-year",,Yes,2024–25,,,,47,2024,"$5,214",2022–23,in-state,,,,,,,,,,,,,,,,,,,,,,,,,,,,,,,,Yes,No,2024–25,,,,,,,,2024–25 provisional,"June 10, 2026"
southwest-florida-college,Southwest Florida College,366553,Southern Technical College,Fort Myers,FL,Private for-profit,At least 2 but less than 4 years,"Fort Myers, Florida","Private for-profit, 2-year",,Yes,2024–25,,,,550,2024,"$22,016",2022–23,,,,,,,,,,,,,,,,,,,,,,,,,,,,,,,,,Yes,No,2024–25,,,,,,,,2024–25 provisional,"June 10, 2026"
southwest-texas-junior-college,Southwest Texas Junior College,228316,Southwest Texas College,Uvalde,TX,Public,At least 2 but less than 4 years,"Uvalde, Texas","Public, 2-year",,Yes,2024–25,,,,"6,525",2024,"$7,037",2022–23,in-state,,,,,,,,,,,,,,,,,,,,,,,,,,,,,,,,Yes,Yes,2024–25,,,,,,,,2024–25 provisional,"June 10, 2026"
southwestern-assemblies-of-god-university,Southwestern Assemblies of God University,228325,Nelson University,Waxahachie,TX,Private not-for-profit,Four or more years,"Waxahachie, Texas","Private nonprofit, 4-year",2024,No,2024–25,656,584,89%,"1,479",2024,"$19,834",2022–23,,99%,1%,,980,College Scorecard,460,500,550,430,480,540,,,,,,,,,,Required to be considered for admission,Required to be considered for admission,"Not considered for admission, even if submitted","Not considered for admission, even if submitted",Required to be considered for admission,"Not considered for admission, even if submitted",Required to be considered for admission,Required to be considered for admission,"Not considered for admission, even if submitted","Not considered for admission, even if submitted",Required to be considered for admission,Yes,Yes,2024–25,,,,,,,,2024–25 provisional,"June 10, 2026"
st-josephs-college-of-nursing-at-st-josephs-hospital-health-center,St Joseph's College of Nursing at St Joseph's Hospital Health Center,195191,St. Joseph's College of Nursing,Syracuse,NY,Private not-for-profit,At least 2 but less than 4 years,"Syracuse, New York","Private nonprofit, 2-year",2024,No,2024–25,1,1,100%,313,2024,"$25,611",2022–23,,,,,,,,,,,,,,,,,,,,,,"Not considered for admission, even if submitted (Test Blind)",Required to be considered for admission,"Not considered for admission, even if submitted","Not considered for admission, even if submitted",Required to be considered for admission,"Not considered for admission, even if submitted",Required to be considered for admission,Required to be considered for admission,"Not considered for admission, even if submitted","Not considered for admission, even if submitted","Not considered for admission, even if submitted (Test Blind)",Yes,No,2024–25,,,,,,,,2024–25 provisional,"June 10, 2026"
strayer-university,Strayer University,131803,Strayer University-District of Columbia,Washington,DC,Private for-profit,Four or more years,"Washington, District of Columbia","Private for-profit, 4-year",,Yes,2024–25,,,,156,2024,,,,,,,,,,,,,,,,,,,,,,,,,,,,,,,,,,,Yes,Yes,2024–25,,,,,,,,2024–25 provisional,"June 10, 2026"
suny-binghamton,SUNY at Binghamton,196079,Binghamton University,Vestal,NY,Public,Four or more years,"Vestal, New York","Public, 4-year",2024,No,2024–25,53007,20464,39%,"14,669",2024,"$18,860",2022–23,in-state,44%,9%,30-32,1415,College Scorecard,670,700,740,670,710,760,30,32,32,30,33,35,27,30,32,"Not required for admission, but considered if submitted (Test Optional)",Required to be considered for admission,"Not considered for admission, even if submitted","Not required for admission, but considered if submitted",Required to be considered for admission,"Not required for admission, but considered if submitted",Required to be considered for admission,Required to be considered for admission,"Not considered for admission, even if submitted","Not required for admission, but considered if submitted","Not considered for admission, even if submitted (Test Blind)",Yes,No,2024–25,,,,,,,,2024–25 provisional,"June 10, 2026"
suny-college-at-buffalo,SUNY College at Buffalo,196130,SUNY Buffalo State University,Buffalo,NY,Public,Four or more years,"Buffalo, New York","Public, 4-year",2024,No,2024–25,18219,13290,73%,"5,255",2024,"$13,735",2022–23,in-state,9%,0%,,1070,College Scorecard,490,560,630,490,510,610,,,,,,,,,,"Not required for admission, but considered if submitted (Test Optional)",Required to be considered for admission,"Not considered for admission, even if submitted",Required to be considered for admission,"Not required for admission, but considered if submitted",Required to be considered for admission,Required to be considered for admission,"Not required for admission, but considered if submitted","Not considered for admission, even if submitted","Not required for admission, but considered if submitted","Not considered for admission, even if submitted (Test Blind)",Yes,Yes,2024–25,,,,,,,,2024–25 provisional,"June 10, 2026"
suny-college-at-cortland,SUNY College at Cortland,196149,State University of New York at Cortland,Cortland,NY,Public,Four or more years,"Cortland, New York","Public, 4-year",2024,No,2024–25,17571,10505,60%,"5,911",2024,"$18,474",2022–23,in-state,,,,,,,,,,,,,,,,,,,,,"Not considered for admission, even if submitted (Test Blind)","Not required for admission, but considered if submitted","Not required for admission, but considered if submitted","Not required for admission, but considered if submitted",Required to be considered for admission,"Not considered for admission, even if submitted",Required to be considered for admission,Required to be considered for admission,"Not considered for admission, even if submitted","Not required for admission, but considered if submitted","Not considered for admission, even if submitted (Test Blind)",Yes,No,2024–25,,,,,,,,2024–25 provisional,"June 10, 2026"
suny-college-at-oswego,SUNY College at Oswego,196194,State University of New York at Oswego,Oswego,NY,Public,Four or more years,"Oswego, New York","Public, 4-year",2024,No,2024–25,15149,12202,81%,"5,517",2024,"$16,923",2022–23,in-state,23%,3%,23-29,1187,College Scorecard,530,580,630,540,600,640,23,26,29,,,,,,,"Not required for admission, but considered if submitted (Test Optional)",Required to be considered for admission,"Not required for admission, but considered if submitted",Required to be considered for admission,Required to be considered for admission,"Not required for admission, but considered if submitted",Required to be considered for admission,Required to be considered for admission,"Not considered for admission, even if submitted","Not required for admission, but considered if submitted","Not considered for admission, even if submitted (Test Blind)",Yes,Yes,2024–25,,,,,,,,2024–25 provisional,"June 10, 2026"
suny-college-at-plattsburgh,SUNY College at Plattsburgh,196246,State University of New York at Plattsburgh,Plattsburgh,NY,Public,Four or more years,"Plattsburgh, New York","Public, 4-year",2024,No,2024–25,8830,6924,78%,"3,825",2024,"$15,982",2022–23,in-state,6%,1%,22-28,1165,College Scorecard,540,590,640,540,570,610,22,24,28,20,21,28,16,18,24,"Not required for admission, but considered if submitted (Test Optional)",Required to be considered for admission,"Not required for admission, but considered if submitted",Required to be considered for admission,Required to be considered for admission,"Not considered for admission, even if submitted",Required to be considered for admission,Required to be considered for admission,"Not considered for admission, even if submitted","Not required for admission, but considered if submitted","Not considered for admission, even if submitted (Test Blind)",Yes,No,2024–25,,,,,,,,2024–25 provisional,"June 10, 2026"
suny-institute-of-technology-at-utica-rome,SUNY Institute of Technology at Utica Rome,196112,SUNY Polytechnic Institute,Utica,NY,Public,Four or more years,"Utica, New York","Public, 4-year",2024,No,2024–25,5329,4335,81%,"1,973",2024,"$14,646",2022–23,in-state,37%,3%,22-30,1201,College Scorecard,505,590,680,520,610,690,22,25,30,23,27,32,22,27,32,"Not required for admission, but considered if submitted (Test Optional)",Required to be considered for admission,"Not considered for admission, even if submitted",Required to be considered for admission,Required to be considered for admission,"Not considered for admission, even if submitted",Required to be considered for admission,"Not considered for admission, even if submitted","Not considered for admission, even if submitted","Not considered for admission, even if submitted","Not considered for admission, even if submitted (Test Blind)",Yes,No,2024–25,,,,,,,,2024–25 provisional,"June 10, 2026"
taft-university-system,Taft University System,454689,Taft University System,Denver,CO,Private for-profit,Four or more years,"Denver, Colorado","Private for-profit, 4-year",,,,,,,,,,,,,,,,,,,,,,,,,,,,,,,,,,,,,,,,,,,No,No,2024–25,,,,,,,,2024–25 provisional,"June 10, 2026"
tallahassee-community-college,Tallahassee Community College,137759,Tallahassee State College,Tallahassee,FL,Public,Four or more years,"Tallahassee, Florida","Public, 4-year",,Yes,2024–25,,,,"12,455",2024,"$7,841",2022–23,in-state,,,,,,,,,,,,,,,,,,,,,,,,,,,,,,,,Yes,Yes,2024–25,,,,,,,,2024–25 provisional,"June 10, 2026"
texas-a-m-university-commerce,Texas A &amp; M University Commerce,224554,East Texas A&M University,Commerce,TX,Public,Four or more years,"Commerce, Texas","Public, 4-year",2024,No,2024–25,10625,9801,92%,"9,992",2024,"$11,902",2022–23,in-state,35%,13%,18-24,1076,College Scorecard,480,540,580,430,520,570,18,22,24,16,20,23,16,19,24,"Not required for admission, but considered if submitted (Test Optional)",Required to be considered for admission,"Not required for admission, but considered if submitted",Required to be considered for admission,"Not considered for admission, even if submitted","Not considered for admission, even if submitted",Required to be considered for admission,"Not considered for admission, even if submitted","Not considered for admission, even if submitted","Not considered for admission, even if submitted","Not considered for admission, even if submitted (Test Blind)",Yes,No,2024–25,,,,,,,,2024–25 provisional,"June 10, 2026"
the-restaurant-school-at-walnut-hill-college,The Restaurant School at Walnut Hill College,215637,Walnut Hill College,Philadelphia,PA,Private for-profit,Four or more years,"Philadelphia, Pennsylvania","Private for-profit, 4-year",2024,No,2024–25,309,132,43%,175,2024,"$31,989",2022–23,,,,,,,,,,,,,,,,,,,,,,"Not considered for admission, even if submitted (Test Blind)",Required to be considered for admission,"Not considered for admission, even if submitted","Not considered for admission, even if submitted",Required to be considered for admission,"Not required for admission, but considered if submitted",Required to be considered for admission,"Not required for admission, but considered if submitted","Not considered for admission, even if submitted","Not required for admission, but considered if submitted","Not considered for admission, even if submitted (Test Blind)",No,No,2024–25,,,,,,,,2024–25 provisional,"June 10, 2026"
the-sage-colleges,The Sage Colleges,195128,Russell Sage College,Troy,NY,Private not-for-profit,Four or more years,"Troy, New York","Private nonprofit, 4-year",2024,No,2024–25,2471,1316,53%,"1,247",2024,"$23,588",2022–23,,,,,,,,,,,,,,,,,,,,,,"Not considered for admission, even if submitted (Test Blind)",Required to be considered for admission,"Not required for admission, but considered if submitted",Required to be considered for admission,Required to be considered for admission,"Not required for admission, but considered if submitted",Required to be considered for admission,Required to be considered for admission,"Not required for admission, but considered if submitted","Not considered for admission, even if submitted","Not considered for admission, even if submitted (Test Blind)",Yes,Yes,2024–25,,,,,,,,2024–25 provisional,"June 10, 2026"
the-university-of-tennessee,The University of Tennessee,221759,The University of Tennessee-Knoxville,Knoxville,TN,Public,Four or more years,"Knoxville, Tennessee","Public, 4-year",2024,No,2024–25,59764,24863,42%,"30,564",2024,"$20,885",2022–23,in-state,24%,81%,25-31,1311,College Scorecard,600,640,680,600,640,690,25,28,31,24,28,32,24,26,29,Required to be considered for admission,Required to be considered for admission,"Not considered for admission, even if submitted","Not required for admission, but considered if submitted","Not required for admission, but considered if submitted","Not required for admission, but considered if submitted",Required to be considered for admission,Required to be considered for admission,"Not considered for admission, even if submitted","Not required for admission, but considered if submitted","Not considered for admission, even if submitted (Test Blind)",Yes,No,2024–25,,,,,,,,2024–25 provisional,"June 10, 2026"
the-university-of-texas-pan-american,The University of Texas Pan American,227368,The University of Texas Rio Grande Valley,Edinburg,TX,Public,Four or more years,"Edinburg, Texas","Public, 4-year",2024,No,2024–25,18377,17310,94%,"28,674",2024,"$6,978",2022–23,in-state,27%,23%,15-21,985,College Scorecard,460,510,560,420,480,530,15,18,21,14,17,21,15,17,20,"Not required for admission, but considered if submitted (Test Optional)","Not required for admission, but considered if submitted","Not required for admission, but considered if submitted","Not required for admission, but considered if submitted","Not required for admission, but considered if submitted","Not considered for admission, even if submitted",Required to be considered for admission,"Not required for admission, but considered if submitted","Not considered for admission, even if submitted","Not considered for admission, even if submitted","Not considered for admission, even if submitted (Test Blind)",Yes,No,2024–25,,,,,,,,2024–25 provisional,"June 10, 2026"
touro-college-los-angeles,Touro College Los Angeles,459727,Touro University Worldwide,Los Alamitos,CA,Private not-for-profit,Four or more years,"Los Alamitos, California","Private nonprofit, 4-year",,Yes,2024–25,,,,469,2024,"$18,428",2022–23,,,,,,,,,,,,,,,,,,,,,,,,,,,,,,,,,Yes,No,2024–25,,,,,,,,2024–25 provisional,"June 10, 2026"
tri-state-institute,Tri State Institute,455628,Fortis Institute-Birmingham,Birmingham,AL,Private for-profit,At least 2 but less than 4 years,"Birmingham, Alabama","Private for-profit, 2-year",,Yes,2024–25,,,,613,2024,"$22,741",2022–23,,,,,,,,,,,,,,,,,,,,,,,,,,,,,,,,,Yes,No,2024–25,,,,,,,,2024–25 provisional,"June 10, 2026"
trinidad-state-junior-college,Trinidad State Junior College,128258,Trinidad State College,Trinidad,CO,Public,Four or more years,"Trinidad, Colorado","Public, 4-year",,Yes,2024–25,,,,"1,613",2024,"$11,323",2022–23,in-state,,,,,,,,,,,,,,,,,,,,,,,,,,,,,,,,Yes,Yes,2024–25,,,,,,,,2024–25 provisional,"June 10, 2026"
trinity-bible-college,Trinity Bible College,200484,Trinity Bible College and Graduate School,Ellendale,ND,Private not-for-profit,Four or more years,"Ellendale, North Dakota","Private nonprofit, 4-year",2024,No,2024–25,167,43,26%,160,2024,"$20,462",2022–23,,,,,,,,,,,,,,,,,,,,,,"Not considered for admission, even if submitted (Test Blind)",Required to be considered for admission,Required to be considered for admission,"Not considered for admission, even if submitted",Required to be considered for admission,"Not considered for admission, even if submitted",Required to be considered for admission,Required to be considered for admission,"Not considered for admission, even if submitted","Not considered for admission, even if submitted","Not considered for admission, even if submitted (Test Blind)",Yes,Yes,2024–25,,,,,,,,2024–25 provisional,"June 10, 2026"
union-college-ky,Union College,157863,Union Commonwealth University,Barbourville,KY,Private not-for-profit,Four or more years,"Barbourville, Kentucky","Private nonprofit, 4-year",2024,No,2024–25,996,629,63%,775,2024,"$19,223",2022–23,,0%,54%,15-22,980,College Scorecard,,,,,,,15,18,22,13,17,22,15,17,21,"Not required for admission, but considered if submitted (Test Optional)",Required to be considered for admission,"Not considered for admission, even if submitted","Not required for admission, but considered if submitted","Not required for admission, but considered if submitted","Not considered for admission, even if submitted",Required to be considered for admission,"Not required for admission, but considered if submitted","Not considered for admission, even if submitted","Not considered for admission, even if submitted","Not considered for admission, even if submitted (Test Blind)",Yes,Yes,2024–25,,,,,,,,2024–25 provisional,"June 10, 2026"
union-college-nb,Union College,181738,Union Adventist University,Lincoln,NE,Private not-for-profit,Four or more years,"Lincoln, Nebraska","Private nonprofit, 4-year",2024,No,2024–25,766,766,100%,625,2024,"$23,602",2022–23,,,,,,,,,,,,,,,,,,,,,,"Not considered for admission, even if submitted (Test Blind)",Required to be considered for admission,"Not considered for admission, even if submitted","Not considered for admission, even if submitted","Not considered for admission, even if submitted","Not considered for admission, even if submitted",Required to be considered for admission,"Not required for admission, but considered if submitted","Not required for admission, but considered if submitted","Not considered for admission, even if submitted",Required to be considered for admission,Yes,No,2024–25,,,,,,,,2024–25 provisional,"June 10, 2026"
union-county-college,Union County College,187198,"UCNJ Union College of Union County, New Jersey",Cranford,NJ,Public,At least 2 but less than 4 years,"Cranford, New Jersey","Public, 2-year",,Yes,2024–25,,,,"8,330",2024,"$7,469",2022–23,in-state,,,,,,,,,,,,,,,,,,,,,,,,,,,,,,,,Yes,Yes,2024–25,,,,,,,,2024–25 provisional,"June 10, 2026"
unity-college,Unity College,161572,Unity Environmental University,New Gloucester,ME,Private not-for-profit,Four or more years,"New Gloucester, Maine","Private nonprofit, 4-year",,Yes,2024–25,,,,"6,507",2024,"$17,734",2022–23,,,,,,,,,,,,,,,,,,,,,,,,,,,,,,,,,Yes,Yes,2024–25,,,,,,,,2024–25 provisional,"June 10, 2026"
university-of-arkansas-community-college-hope,University of Arkansas Community College Hope,107725,University of Arkansas Hope-Texarkana,Hope,AR,Public,At least 2 but less than 4 years,"Hope, Arkansas","Public, 2-year",,Yes,2024–25,,,,"1,305",2024,"$8,272",2022–23,in-state,,,,,,,,,,,,,,,,,,,,,,,,,,,,,,,,Yes,Yes,2024–25,,,,,,,,2024–25 provisional,"June 10, 2026"
university-of-cincinnati-raymond-walters-college,University of Cincinnati Raymond Walters College,201955,University of Cincinnati-Blue Ash College,Blue Ash,OH,Public,Four or more years,"Blue Ash, Ohio","Public, 4-year",,Yes,2024–25,,,,"7,787",2024,"$9,388",2022–23,in-state,,,,,,,,,,,,,,,,,,,,,,,,,,,,,,,,Yes,Yes,2024–25,,,,,,,,2024–25 provisional,"June 10, 2026"
university-of-colorado-denver,University of Colorado Denver,126562,University of Colorado Denver/Anschutz Medical Campus,Denver,CO,Public,Four or more years,"Denver, Colorado","Public, 4-year",2024,No,2024–25,14931,11151,75%,"13,921",2024,"$15,303",2022–23,in-state,23%,2%,23-32,1116,College Scorecard,490,560,620,490,540,600,23,27,32,22,26,34,21,25,29,"Not required for admission, but considered if submitted (Test Optional)",Required to be considered for admission,"Not considered for admission, even if submitted","Not required for admission, but considered if submitted","Not considered for admission, even if submitted","Not considered for admission, even if submitted",Required to be considered for admission,"Not required for admission, but considered if submitted","Not considered for admission, even if submitted","Not considered for admission, even if submitted","Not considered for admission, even if submitted (Test Blind)",Yes,No,2024–25,,,,,,,,2024–25 provisional,"June 10, 2026"
university-of-connecticut-tri-campus,University of Connecticut Tri Campus,436818,University of Connecticut-Waterbury Campus,Waterbury,CT,Public,Four or more years,"Waterbury, Connecticut","Public, 4-year",2024,No,2024–25,2166,1877,87%,745,2024,"$8,220",2022–23,in-state,38%,1%,,1060,College Scorecard,480,530,600,430,530,600,,,,,,,,,,Required to be considered for admission,Required to be considered for admission,"Not required for admission, but considered if submitted",Required to be considered for admission,"Not required for admission, but considered if submitted","Not considered for admission, even if submitted",Required to be considered for admission,Required to be considered for admission,"Not considered for admission, even if submitted","Not required for admission, but considered if submitted","Not considered for admission, even if submitted (Test Blind)",Yes,No,2024–25,,,,,,,,2024–25 provisional,"June 10, 2026"
university-of-great-falls,University of Great Falls,180258,University of Providence,Great Falls,MT,Private not-for-profit,Four or more years,"Great Falls, Montana","Private nonprofit, 4-year",2024,No,2024–25,352,177,50%,590,2024,"$21,175",2022–23,,5%,17%,15-23,980,College Scorecard,,,,,,,15,18,23,14,15,20,16,19,24,"Not required for admission, but considered if submitted (Test Optional)",Required to be considered for admission,"Not considered for admission, even if submitted","Not considered for admission, even if submitted","Not considered for admission, even if submitted","Not considered for admission, even if submitted",Required to be considered for admission,"Not considered for admission, even if submitted","Not considered for admission, even if submitted","Not considered for admission, even if submitted","Not considered for admission, even if submitted (Test Blind)",Yes,Yes,2024–25,,,,,,,,2024–25 provisional,"June 10, 2026"
university-of-maryland-university-college,University of Maryland University College,163204,University of Maryland Global Campus,Adelphi,MD,Public,Four or more years,"Adelphi, Maryland","Public, 4-year",,Yes,2024–25,,,,"52,187",2024,"$14,545",2022–23,in-state,,,,,,,,,,,,,,,,,,,,,,,,,,,,,,,,Yes,Yes,2024–25,,,,,,,,2024–25 provisional,"June 10, 2026"
university-of-montana-helena-college-of-technology,University of Montana Helena College of Technology,180276,Helena College University of Montana,Helena,MT,Public,At least 2 but less than 4 years,"Helena, Montana","Public, 2-year",,Yes,2024–25,,,,"1,554",2024,"$12,930",2022–23,in-state,,,,,,,,,,,,,,,,,,,,,,,,,,,,,,,,Yes,Yes,2024–25,,,,,,,,2024–25 provisional,"June 10, 2026"
virginia-wesleyan-college,Virginia Wesleyan College,234173,Virginia Wesleyan University,Virginia Beach,VA,Private not-for-profit,Four or more years,"Virginia Beach, Virginia","Private nonprofit, 4-year",2024,No,2024–25,3808,2775,73%,"1,749",2024,"$21,862",2022–23,,0%,0%,,,,,,,,,,,,,,,,,,,"Not required for admission, but considered if submitted (Test Optional)",Required to be considered for admission,"Not required for admission, but considered if submitted",Required to be considered for admission,"Not required for admission, but considered if submitted","Not required for admission, but considered if submitted",Required to be considered for admission,"Not required for admission, but considered if submitted","Not required for admission, but considered if submitted","Not required for admission, but considered if submitted","Not considered for admission, even if submitted (Test Blind)",Yes,Yes,2024–25,,,,,,,,2024–25 provisional,"June 10, 2026"
west-coast-ultrasound-institute,West Coast Ultrasound Institute,441229,Smith Chason College,Los Angeles,CA,Private for-profit,Four or more years,"Los Angeles, California","Private for-profit, 4-year",,Yes,2024–25,,,,"2,447",2024,"$33,522",2022–23,,,,,,,,,,,,,,,,,,,,,,,,,,,,,,,,,No,Yes,2024–25,,,,,,,,2024–25 provisional,"June 10, 2026"
west-coast-university-los-angeles,West Coast University Los Angeles,443331,West Coast University-Los Angeles,North Hollywood,CA,Private for-profit,Four or more years,"North Hollywood, California","Private for-profit, 4-year",,Yes,2024–25,,,,"2,673",2024,"$51,992",2022–23,,,,,,,,,,,,,,,,,,,,,,,,,,,,,,,,,Yes,Yes,2024–25,,,,,,,,2024–25 provisional,"June 10, 2026"
west-hills-college-coalinga,West Hills College Coalinga,125462,Coalinga College,Coalinga,CA,Public,At least 2 but less than 4 years,"Coalinga, California","Public, 2-year",,Yes,2024–25,,,,"4,175",2024,"$10,231",2022–23,in-state,,,,,,,,,,,,,,,,,,,,,,,,,,,,,,,,Yes,Yes,2024–25,,,,,,,,2024–25 provisional,"June 10, 2026"
west-hills-college-lemoore,West Hills College Lemoore,448594,Lemoore College,Lemoore,CA,Public,At least 2 but less than 4 years,"Lemoore, California","Public, 2-year",,Yes,2024–25,,,,"4,404",2024,"$10,537",2022–23,in-state,,,,,,,,,,,,,,,,,,,,,,,,,,,,,,,,Yes,Yes,2024–25,,,,,,,,2024–25 provisional,"June 10, 2026"
western-state-college-of-colorado,Western State Colorado University,128391,Western Colorado University,Gunnison,CO,Public,Four or more years,"Gunnison, Colorado","Public, 4-year",2024,No,2024–25,3119,3110,100%,"3,148",2024,"$17,709",2022–23,in-state,11%,8%,22-26,1230,College Scorecard,608,640,683,555,620,670,22,24,26,21,24,27,20,24,24,"Not required for admission, but considered if submitted (Test Optional)","Not required for admission, but considered if submitted","Not required for admission, but considered if submitted","Not required for admission, but considered if submitted","Not required for admission, but considered if submitted","Not required for admission, but considered if submitted","Not required for admission, but considered if submitted","Not required for admission, but considered if submitted","Not required for admission, but considered if submitted","Not required for admission, but considered if submitted","Not considered for admission, even if submitted (Test Blind)",Yes,No,2024–25,,,,,,,,2024–25 provisional,"June 10, 2026"
wheaton-college-ma,Wheaton College,168281,Wheaton College (Massachusetts),Norton,MA,Private not-for-profit,Four or more years,"Norton, Massachusetts","Private nonprofit, 4-year",2024,No,2024–25,5835,3952,68%,"1,785",2024,"$31,638",2022–23,,18%,2%,29-33,1308,College Scorecard,640,670,720,580,625,670,29,31,33,27,32,35,26,27,31,"Not required for admission, but considered if submitted (Test Optional)",Required to be considered for admission,"Not required for admission, but considered if submitted",Required to be considered for admission,Required to be considered for admission,"Not required for admission, but considered if submitted",Required to be considered for admission,Required to be considered for admission,"Not considered for admission, even if submitted","Not required for admission, but considered if submitted","Not considered for admission, even if submitted (Test Blind)",Yes,No,2024–25,,,,,,,,2024–25 provisional,"June 10, 2026"
wheeling-jesuit-university,Wheeling Jesuit University,238078,Wheeling University,Wheeling,WV,Private not-for-profit,Four or more years,"Wheeling, West Virginia","Private nonprofit, 4-year",2024,No,2024–25,2796,1766,63%,619,2024,"$19,164",2022–23,,,,,,,,,,,,,,,,,,,,,,"Not considered for admission, even if submitted (Test Blind)",Required to be considered for admission,"Not required for admission, but considered if submitted","Not required for admission, but considered if submitted","Not required for admission, but considered if submitted","Not required for admission, but considered if submitted","Not required for admission, but considered if submitted","Not required for admission, but considered if submitted","Not required for admission, but considered if submitted","Not required for admission, but considered if submitted","Not required for admission, but considered if submitted (Test Optional)",Yes,Yes,2024–25,,,,,,,,2024–25 provisional,"June 10, 2026"
william-moore-college-of-technology,William Moore College of Technology,222105,William R Moore College of Technology,Memphis,TN,Private not-for-profit,At least 2 but less than 4 years,"Memphis, Tennessee","Private nonprofit, 2-year",,Yes,2024–25,,,,468,2024,"$17,351",2022–23,,,,,,,,,,,,,,,,,,,,,,,,,,,,,,,,,No,Yes,2024–25,,,,,,,,2024–25 provisional,"June 10, 2026"
wisconsin-indianhead-technical-college,Wisconsin Indianhead Technical College,240198,Northwood Technical College,Rice Lake,WI,Public,At least 2 but less than 4 years,"Rice Lake, Wisconsin","Public, 2-year",,Yes,2024–25,,,,"2,940",2024,"$8,654",2022–23,in-state,,,,,,,,,,,,,,,,,,,,,,,,,,,,,,,,Yes,Yes,2024–25,,,,,,,,2024–25 provisional,"June 10, 2026"
yeshiva-shaar-hatorah,Yeshiva Shaar Hatorah,197692,Yeshivath Shaar Hatorah,Kew Gardens,NY,Private not-for-profit,Four or more years,"Kew Gardens, New York","Private nonprofit, 4-year",2024,No,2024–25,54,39,72%,76,2024,"$14,585",2022–23,,,,,,,,,,,,,,,,,,,,,,"Not considered for admission, even if submitted (Test Blind)","Not required for admission, but considered if submitted","Not considered for admission, even if submitted","Not required for admission, but considered if submitted",Required to be considered for admission,Required to be considered for admission,"Not required for admission, but considered if submitted","Not considered for admission, even if submitted","Not considered for admission, even if submitted","Not considered for admission, even if submitted","Not considered for admission, even if submitted (Test Blind)",No,No,2024–25,,,,,,,,2024–25 provisional,"June 10, 2026"
zion-bible-college,Zion Bible College,217606,Northpoint Bible College,Haverhill,MA,Private not-for-profit,Four or more years,"Haverhill, Massachusetts","Private nonprofit, 4-year",,Yes,2024–25,,,,89,2024,"$26,469",2022–23,,,,,,,,,,,,,,,,,,,,,,,,,,,,,,,,,Yes,Yes,2024–25,,,,,,,,2024–25 provisional,"June 10, 2026"
