page,clicks,impressions,position
https://gpacalculator.net/admission/,1163,333088,8.11
https://gpacalculator.net/admission/university-of-south-carolina-columbia/,77,8836,11.01
https://gpacalculator.net/admission/kingston-university/,43,798,9.0
https://gpacalculator.net/admission/university-of-st-augustine-for-health-sciences/,33,677,10.67
https://gpacalculator.net/admission/teachers-college-at-columbia-university/,18,1076,17.12
https://gpacalculator.net/admission/medical-university-of-south-carolina/,14,484,11.3
https://gpacalculator.net/admission/western-new-england-university/,12,625,11.66
https://gpacalculator.net/admission/southern-california-university-of-health-sciences/,11,204,10.64
https://gpacalculator.net/admission/auburn-university/,10,5097,19.04
https://gpacalculator.net/admission/kennesaw-state-university/,10,3107,20.82
https://gpacalculator.net/admission/california-state-university-chico/,9,4313,9.65
https://gpacalculator.net/admission/north-carolina-central-university/,9,1027,18.63
https://gpacalculator.net/admission/roger-williams-university-school-of-law/,9,634,13.68
https://gpacalculator.net/admission/stony-brook-university/,8,3816,22.44
https://gpacalculator.net/admission/university-of-north-carolina-at-chapel-hill/,8,3303,48.65
https://gpacalculator.net/admission/liu-post/,8,2190,12.22
https://gpacalculator.net/admission/southern-university-law-center/,8,1544,5.99
https://gpacalculator.net/admission/the-university-of-texas-health-science-center-at-houston/,8,1020,9.41
https://gpacalculator.net/admission/university-of-north-carolina-at-pembroke/,8,766,11.36
https://gpacalculator.net/admission/embry-riddle-aeronautical-uni-daytona-beach/,6,2651,12.64
https://gpacalculator.net/admission/the-university-of-texas-at-austin/,6,2184,45.69
https://gpacalculator.net/admission/california-polytechnic-state-university-san-luis-obispo/,6,2165,42.84
https://gpacalculator.net/admission/florida-atlantic-university/,6,2036,24.77
https://gpacalculator.net/admission/emory-university/,6,1988,25.49
https://gpacalculator.net/admission/southern-new-hampshire-university/,6,1806,14.42
https://gpacalculator.net/admission/sam-houston-state-university/,6,1584,18.65
https://gpacalculator.net/admission/texas-womans-university/,6,1530,14.14
https://gpacalculator.net/admission/rice-university/,6,1396,38.22
https://gpacalculator.net/admission/point-loma-nazarene-university/,6,1341,12.66
https://gpacalculator.net/admission/thomas-jefferson-university/,6,1176,12.48
https://gpacalculator.net/admission/the-university-of-texas-at-tyler/,6,311,16.32
https://gpacalculator.net/admission/hampton-university/,5,2913,16.52
https://gpacalculator.net/admission/university-of-michigan-ann-arbor/,5,2825,46.34
https://gpacalculator.net/admission/university-of-north-carolina-wilmington/,5,2600,26.69
https://gpacalculator.net/admission/university-of-central-florida/,5,1818,41.74
https://gpacalculator.net/admission/villanova-university/,5,1687,31.03
https://gpacalculator.net/admission/university-of-massachusetts-lowell/,5,910,19.27
https://gpacalculator.net/admission/southern-illinois-university-edwardsville/,5,828,10.46
https://gpacalculator.net/admission/university-of-texas-southwestern-medical-center/,5,402,35.47
https://gpacalculator.net/admission/university-of-mary-hardin-baylor/,5,370,25.07
https://gpacalculator.net/admission/uni-of-the-dc-david-a-clarke-school-of-law/,5,141,9.23
https://gpacalculator.net/admission/university-of-arkansas/,4,4575,12.22
https://gpacalculator.net/admission/the-university-of-tampa/,4,4532,26.68
https://gpacalculator.net/admission/university-of-missouri-kansas-city/,4,3231,9.57
https://gpacalculator.net/admission/liberty-university/,4,2912,20.82
https://gpacalculator.net/admission/oklahoma-state-university-main-campus/,4,2308,19.3
https://gpacalculator.net/admission/baylor-university/,4,2046,40.19
https://gpacalculator.net/admission/purdue-university-main-campus/,4,1763,32.56
https://gpacalculator.net/admission/case-western-reserve-university/,4,1517,40.7
https://gpacalculator.net/admission/university-of-cincinnati-main-campus/,4,1281,41.04
https://gpacalculator.net/admission/oglethorpe-university/,4,954,14.96
https://gpacalculator.net/admission/the-university-of-texas-at-san-antonio/,4,939,19.78
https://gpacalculator.net/admission/ecpi-university/,4,792,10.17
https://gpacalculator.net/admission/university-of-cincinnati-raymond-walters-college/,4,321,29.19
https://gpacalculator.net/admission/devry-universitys-keller-graduate-school-of-management-illinois/,4,228,12.15
https://gpacalculator.net/admission/olivet-nazarene-university/,4,136,19.13
https://gpacalculator.net/admissions/tyler-junior-college/,4,92,4.43
https://gpacalculator.net/admission/texas-tech-university/,3,4444,25.8
https://gpacalculator.net/admission/university-of-maryland-college-park/,3,3172,42.4
https://gpacalculator.net/admission/st-johns-university-new-york/,3,2769,17.41
https://gpacalculator.net/admission/university-of-new-mexico-main-campus/,3,2635,11.09
https://gpacalculator.net/admission/the-university-of-texas-at-arlington/,3,2560,20.15
https://gpacalculator.net/admission/university-of-delaware/,3,2345,24.24
https://gpacalculator.net/admission/florida-state-university/,3,2215,37.14
https://gpacalculator.net/admission/brigham-young-university-provo/,3,2210,38.03
https://gpacalculator.net/admission/syracuse-university/,3,2118,47.13
https://gpacalculator.net/admission/university-of-washington-seattle-campus/,3,2022,52.56
https://gpacalculator.net/admission/florida-gulf-coast-university/,3,1930,30.62
https://gpacalculator.net/admission/grand-valley-state-university/,3,1786,18.86
https://gpacalculator.net/admission/new-york-university/,3,1664,46.07
https://gpacalculator.net/admission/albany-state-university/,3,1580,21.03
https://gpacalculator.net/admission/santa-clara-university/,3,1443,26.02
https://gpacalculator.net/admission/bloomsburg-university-of-pennsylvania/,3,1411,12.83
https://gpacalculator.net/admission/university-of-louisville/,3,1065,15.97
https://gpacalculator.net/admission/university-of-richmond/,3,1051,24.52
https://gpacalculator.net/admission/university-of-akron-main-campus/,3,998,13.78
https://gpacalculator.net/admission/university-of-michigan-dearborn/,3,803,21.13
https://gpacalculator.net/admission/university-of-california-san-francisco/,3,678,31.4
https://gpacalculator.net/admission/texas-state-university-san-marcos/,3,649,18.69
https://gpacalculator.net/admission/hawaii-pacific-university/,3,583,20.67
https://gpacalculator.net/admission/vanguard-university-of-southern-california/,3,569,15.59
https://gpacalculator.net/admission/colorado-mesa-university/,3,539,17.91
https://gpacalculator.net/admission/university-of-nebraska-medical-center/,3,519,10.63
https://gpacalculator.net/admission/slippery-rock-university-of-pennsylvania/,3,406,13.91
https://gpacalculator.net/admissions/,3,359,17.69
https://gpacalculator.net/admission/university-of-the-cumberlands/,3,340,10.03
https://gpacalculator.net/admission/georgia-southwestern-state-university/,3,305,18.1
https://gpacalculator.net/admission/university-of-pittsburgh-bradford/,3,242,26.76
https://gpacalculator.net/admissions/university-of-colorado-boulder/,3,216,12.92
https://gpacalculator.net/admission/wilberforce-university/,3,210,11.31
https://gpacalculator.net/admission/northeast-ohio-medical-university/,3,207,23.09
https://gpacalculator.net/admissions/bryn-mawr/,3,188,7.31
https://gpacalculator.net/admission/georgia-college-and-state-university/,3,177,24.64
https://gpacalculator.net/admission/mid-america-christian-university/,3,171,12.95
https://gpacalculator.net/admissions/chaffey-college/,3,86,5.72
https://gpacalculator.net/admission/towson-university/,2,5176,15.96
https://gpacalculator.net/admission/miami-university-oxford/,2,3642,17.29
https://gpacalculator.net/admission/mississippi-state-university/,2,3122,12.59
https://gpacalculator.net/admission/ohio-state-university-main-campus/,2,3022,46.58
https://gpacalculator.net/admission/embry-riddle-aeronautical-university-daytona-beach/,2,2371,27.55
https://gpacalculator.net/admission/carnegie-mellon-university/,2,1938,46.35
https://gpacalculator.net/admission/tuskegee-university/,2,1924,13.51
https://gpacalculator.net/admission/clemson-university/,2,1835,44.77
https://gpacalculator.net/admission/san-jose-state-university/,2,1821,20.85
https://gpacalculator.net/admission/university-of-california-irvine/,2,1641,43.53
https://gpacalculator.net/admission/university-of-north-carolina-at-charlotte/,2,1633,31.73
https://gpacalculator.net/admission/marquette-university/,2,1571,33.74
https://gpacalculator.net/admission/loyola-marymount-university/,2,1523,27.75
https://gpacalculator.net/admission/lehigh-university/,2,1478,31.91
https://gpacalculator.net/admission/university-of-colorado-boulder/,2,1412,48.34
https://gpacalculator.net/admission/rutgers-university-new-brunswick/,2,1356,43.73
https://gpacalculator.net/admission/elon-university/,2,1346,23.53
https://gpacalculator.net/admission/johns-hopkins-university/,2,1332,49.23
https://gpacalculator.net/admission/nova-southeastern-university/,2,1324,13.95
https://gpacalculator.net/admission/bucknell-university/,2,1304,28.29
https://gpacalculator.net/admission/kutztown-university-of-pennsylvania/,2,1282,14.36
https://gpacalculator.net/admission/tufts-university/,2,1199,47.09
https://gpacalculator.net/admission/the-university-of-tennessee-knoxville/,2,1192,50.21
https://gpacalculator.net/admission/lock-haven-university/,2,1176,8.56
https://gpacalculator.net/admission/university-of-new-hampshire-main-campus/,2,1138,24.47
https://gpacalculator.net/admission/vanderbilt-university/,2,1134,51.35
https://gpacalculator.net/admission/utah-state-university/,2,1114,24.1
https://gpacalculator.net/admission/florida-international-university/,2,1076,27.26
https://gpacalculator.net/admission/morgan-state-university/,2,1066,24.86
https://gpacalculator.net/admission/university-of-new-haven/,2,1028,19.79
https://gpacalculator.net/admission/western-governors-university/,2,1005,16.01
https://gpacalculator.net/admission/wayne-state-university/,2,838,33.37
https://gpacalculator.net/admission/fitchburg-state-university/,2,811,10.67
https://gpacalculator.net/admissions/auburn/,2,797,8.48
https://gpacalculator.net/admission/southern-connecticut-state-university/,2,773,13.57
https://gpacalculator.net/admission/texas-a-m-university-college-station/,2,773,46.87
https://gpacalculator.net/admission/indiana-state-university/,2,741,18.88
https://gpacalculator.net/admission/southeast-missouri-state-university/,2,741,15.11
https://gpacalculator.net/admission/furman-university/,2,702,23.29
https://gpacalculator.net/admission/clark-atlanta-university/,2,701,33.76
https://gpacalculator.net/admission/boise-state-university/,2,687,22.76
https://gpacalculator.net/admission/salve-regina-university/,2,656,17.8
https://gpacalculator.net/admission/university-of-detroit-mercy/,2,654,15.76
https://gpacalculator.net/admission/michigan-state-university/,2,644,40.94
https://gpacalculator.net/admission/virginia-union-university/,2,638,11.26
https://gpacalculator.net/admission/robert-morris-university/,2,634,12.36
https://gpacalculator.net/admission/university-of-utah/,2,633,17.37
https://gpacalculator.net/admission/devry-university-washington/,2,614,15.21
https://gpacalculator.net/admission/mcneese-state-university/,2,602,15.48
https://gpacalculator.net/admission/pace-university-new-york/,2,598,28.16
https://gpacalculator.net/admission/sacred-heart-university/,2,598,13.63
https://gpacalculator.net/admission/west-virginia-university-institute-of-technology/,2,589,35.33
https://gpacalculator.net/admission/willamette-university/,2,583,15.83
https://gpacalculator.net/admission/university-of-minnesota-rochester/,2,580,18.46
https://gpacalculator.net/admission/neumann-university/,2,573,10.85
https://gpacalculator.net/admission/jacksonville-state-university/,2,566,23.12
https://gpacalculator.net/admission/pennsylvania-state-university-penn-state-altoona/,2,562,25.62
https://gpacalculator.net/admission/elizabeth-city-state-university/,2,543,12.7
https://gpacalculator.net/admission/saint-louis-university/,2,536,24.88
https://gpacalculator.net/admission/valparaiso-university/,2,529,13.42
https://gpacalculator.net/admission/arkansas-state-university-main-campus/,2,515,20.38
https://gpacalculator.net/admission/southeastern-university/,2,511,18.02
https://gpacalculator.net/admission/western-university-of-health-sciences/,2,496,35.14
https://gpacalculator.net/admission/cuny-graduate-school-and-university-center/,2,492,22.52
https://gpacalculator.net/admission/keiser-university-ft-lauderdale/,2,492,16.19
https://gpacalculator.net/admission/university-of-michigan-flint/,2,466,13.5
https://gpacalculator.net/admission/duquesne-university/,2,460,17.12
https://gpacalculator.net/admission/alabama-state-university/,2,445,35.65
https://gpacalculator.net/admission/university-of-mount-union/,2,423,16.59
https://gpacalculator.net/admission/pennsylvania-state-uni-penn-state-great-valley/,2,422,53.63
https://gpacalculator.net/admission/roger-williams-university/,2,419,22.34
https://gpacalculator.net/admission/worcester-state-university/,2,383,12.76
https://gpacalculator.net/admission/anderson-university/,2,366,13.28
https://gpacalculator.net/admission/bridgewater-state-university/,2,362,15.36
https://gpacalculator.net/admission/california-state-university-san-bernardino/,2,357,17.02
https://gpacalculator.net/admission/east-tennessee-state-university/,2,351,20.73
https://gpacalculator.net/admissions/university-of-utah/,2,350,8.49
https://gpacalculator.net/admissions/vincennes-university/,2,327,6.48
https://gpacalculator.net/admissions/merrimack-college/,2,326,7.27
https://gpacalculator.net/admission/illinois-wesleyan-university/,2,324,23.41
https://gpacalculator.net/admission/michigan-state-university-college-of-law/,2,312,36.79
https://gpacalculator.net/admission/truman-state-university/,2,304,17.45
https://gpacalculator.net/admission/university-of-wisconsin-platteville/,2,294,13.62
https://gpacalculator.net/admission/the-university-of-texas-medical-branch/,2,285,13.39
https://gpacalculator.net/admission/harrisburg-university-of-science-and-technology/,2,270,15.1
https://gpacalculator.net/admission/arkansas-state-university-beebe/,2,220,12.36
https://gpacalculator.net/admission/northwood-university-michigan/,2,217,12.99
https://gpacalculator.net/admission/campbellsville-university/,2,208,10.73
https://gpacalculator.net/admission/university-of-st-thomas-3/,2,199,19.62
https://gpacalculator.net/admissions/marquette-university/,2,199,9.62
https://gpacalculator.net/admission/clarion-university-of-pennsylvania/,2,195,9.45
https://gpacalculator.net/admissions/la-salle-university/,2,192,6.79
https://gpacalculator.net/admission/des-moines-university-osteopathic-medical-center/,2,191,32.32
https://gpacalculator.net/admissions/boston-college/,2,187,7.21
https://gpacalculator.net/admissions/gwinnett-technical-college/,2,183,8.13
https://gpacalculator.net/admission/brenau-university/,2,175,19.42
https://gpacalculator.net/admissions/valencia-college/,2,174,7.04
https://gpacalculator.net/admission/belhaven-university/,2,165,15.96
https://gpacalculator.net/admissions/purdue-university-main-campus/,2,163,10.26
https://gpacalculator.net/admission/university-of-california-hastings-college-of-law/,2,158,12.77
https://gpacalculator.net/admissions/john-carroll-university/,2,147,7.05
https://gpacalculator.net/admissions/curry-college/,2,146,5.63
https://gpacalculator.net/admission/midland-university/,2,135,15.12
https://gpacalculator.net/admissions/minerva-university/,2,133,6.81
https://gpacalculator.net/admissions/university-of-wisconsin-la-crosse/,2,131,7.63
https://gpacalculator.net/admissions/manchester-college/,2,128,5.62
https://gpacalculator.net/admissions/wofford-college/,2,123,7.46
https://gpacalculator.net/admission/malone-university/,2,122,12.51
https://gpacalculator.net/admissions/hillsdale/,2,122,7.27
https://gpacalculator.net/admission/strayer-university-georgia/,2,118,11.81
https://gpacalculator.net/admissions/grinnell/,2,112,6.75
https://gpacalculator.net/admissions/florida-polytechnic-university/,2,109,5.72
https://gpacalculator.net/admissions/mcdaniel-college/,2,104,7.59
https://gpacalculator.net/admission/kent-state-university-at-ashtabula/,2,101,26.49
https://gpacalculator.net/admissions/pacific-university/,2,99,7.33
https://gpacalculator.net/admissions/calvin/,2,96,7.04
https://gpacalculator.net/admission/devry-universitys-keller-graduate-school-of-management-michigan/,2,88,16.89
https://gpacalculator.net/admissions/sheridan-college/,2,83,5.63
https://gpacalculator.net/admissions/fresno-city-college/,2,62,4.97
https://gpacalculator.net/admission/devry-university-texas/,2,61,20.84
https://gpacalculator.net/admissions/golden-west-college/,2,52,4.33
https://gpacalculator.net/admissions/clovis-community-college-fresno-california/,2,41,5.44
https://gpacalculator.net/admissions/madison-area-technical-college/,2,38,5.16
https://gpacalculator.net/admissions/notre-dame-of-maryland-university/,2,38,12.21
https://gpacalculator.net/admission/antioch-university-new-england/,2,36,15.28
https://gpacalculator.net/admissions/south-plains-college/,2,34,5.44
https://gpacalculator.net/admissions/st-cloud-technical-and-community-college/,2,30,5.3
https://gpacalculator.net/admissions/barstow-community-college/,2,16,4.62
https://gpacalculator.net/admission/george-mason-university/,1,3139,30.46
https://gpacalculator.net/admission/southeastern-louisiana-university/,1,3002,9.37
https://gpacalculator.net/admission/stanford-university/,1,2987,48.05
https://gpacalculator.net/admission/harvard-university/,1,2945,55.26
https://gpacalculator.net/admission/georgia-state-university/,1,2680,33.47
https://gpacalculator.net/admission/james-madison-university/,1,2521,33.56
https://gpacalculator.net/admission/yale-university/,1,2449,56.15
https://gpacalculator.net/admission/grand-canyon-university/,1,2412,32.16
https://gpacalculator.net/admission/brigham-young-university-idaho/,1,2393,23.04
https://gpacalculator.net/admission/university-of-california-berkeley/,1,2238,55.77
https://gpacalculator.net/admission/university-of-notre-dame/,1,2058,53.75
https://gpacalculator.net/admission/boston-university/,1,1993,46.79
https://gpacalculator.net/admission/university-of-wisconsin-whitewater/,1,1979,8.95
https://gpacalculator.net/admission/university-of-houston/,1,1947,31.01
https://gpacalculator.net/admission/drexel-university/,1,1940,35.62
https://gpacalculator.net/admission/kean-university/,1,1896,21.06
https://gpacalculator.net/admission/university-of-arizona/,1,1848,32.21
https://gpacalculator.net/admission/northeastern-university/,1,1699,39.5
https://gpacalculator.net/admission/george-washington-university/,1,1685,34.74
https://gpacalculator.net/admission/chapman-university/,1,1662,28.45
https://gpacalculator.net/admission/mercer-university/,1,1642,20.04
https://gpacalculator.net/admission/university-of-miami/,1,1639,47.94
https://gpacalculator.net/admission/duke-university/,1,1623,41.14
https://gpacalculator.net/admission/university-of-california-santa-cruz/,1,1612,36.53
https://gpacalculator.net/admission/university-of-southern-california/,1,1610,50.14
https://gpacalculator.net/admission/university-of-minnesota-twin-cities/,1,1602,45.12
https://gpacalculator.net/admission/university-of-pittsburgh-pittsburgh-campus/,1,1580,42.6
https://gpacalculator.net/admission/university-of-kentucky/,1,1445,26.38
https://gpacalculator.net/admission/university-of-pennsylvania/,1,1412,48.2
https://gpacalculator.net/admission/california-state-university-fullerton/,1,1403,31.56
https://gpacalculator.net/admission/loyola-university-chicago/,1,1353,16.8
https://gpacalculator.net/admission/north-carolina-state-university-at-raleigh/,1,1325,50.45
https://gpacalculator.net/admission/rowan-university/,1,1307,21.93
https://gpacalculator.net/admission/university-of-nevada-reno/,1,1258,17.71
https://gpacalculator.net/admission/texas-state-university/,1,1237,31.09
https://gpacalculator.net/admission/virginia-state-university/,1,1167,14.38
https://gpacalculator.net/admission/bradley-university/,1,1147,13.9
https://gpacalculator.net/admission/university-of-redlands/,1,1119,12.41
https://gpacalculator.net/admission/east-carolina-university/,1,1089,28.32
https://gpacalculator.net/admission/cleveland-state-university/,1,1079,14.53
https://gpacalculator.net/admission/california-state-university-northridge/,1,1062,27.39
https://gpacalculator.net/admission/the-university-of-texas-at-dallas/,1,1035,33.66
https://gpacalculator.net/admission/ave-maria-university/,1,1024,14.3
https://gpacalculator.net/admission/university-of-hawaii-at-manoa/,1,1024,25.54
https://gpacalculator.net/admission/depaul-university/,1,1019,27.16
https://gpacalculator.net/admission/arizona-state-university/,1,1014,45.67
https://gpacalculator.net/admission/william-paterson-university-of-new-jersey/,1,976,12.0
https://gpacalculator.net/admission/university-of-iowa/,1,963,34.78
https://gpacalculator.net/admission/roosevelt-university/,1,937,11.36
https://gpacalculator.net/admission/embry-riddle-aeronautical-university-worldwide/,1,930,31.61
https://gpacalculator.net/admission/christopher-newport-university/,1,927,14.74
https://gpacalculator.net/admission/university-of-chicago/,1,925,43.15
https://gpacalculator.net/admission/indiana-university-bloomington/,1,905,38.26
https://gpacalculator.net/admission/university-of-kansas/,1,891,30.32
https://gpacalculator.net/admission/university-of-north-georgia/,1,870,20.53
https://gpacalculator.net/admission/pennsylvania-state-university-penn-state-harrisburg/,1,868,54.24
https://gpacalculator.net/admission/utah-valley-university/,1,868,13.12
https://gpacalculator.net/admission/university-of-rhode-island/,1,862,37.59
https://gpacalculator.net/admission/kent-state-university-at-geauga/,1,831,11.64
https://gpacalculator.net/admission/brandeis-university/,1,829,25.75
https://gpacalculator.net/admission/portland-state-university/,1,819,16.36
https://gpacalculator.net/admission/california-state-university-fresno/,1,812,16.09
https://gpacalculator.net/admission/northwestern-university/,1,785,45.02
https://gpacalculator.net/admission/texas-tech-university-health-sciences-center/,1,761,30.68
https://gpacalculator.net/admission/washington-university-in-st-louis/,1,760,47.12
https://gpacalculator.net/admissions/stony-brook/,1,754,7.69
https://gpacalculator.net/admission/louisiana-tech-university/,1,748,17.64
https://gpacalculator.net/admission/western-washington-university/,1,746,23.54
https://gpacalculator.net/admission/virginia-polytechnic-institute-and-state-university/,1,733,39.91
https://gpacalculator.net/admission/miami-university-middletown/,1,707,53.9
https://gpacalculator.net/admission/howard-university/,1,698,39.23
https://gpacalculator.net/admission/samford-university/,1,695,15.61
https://gpacalculator.net/admission/university-of-dayton/,1,691,15.99
https://gpacalculator.net/admission/university-of-mississippi/,1,664,27.11
https://gpacalculator.net/admission/university-of-toledo/,1,664,13.68
https://gpacalculator.net/admission/saginaw-valley-state-university/,1,661,12.63
https://gpacalculator.net/admission/washington-and-lee-university/,1,657,23.31
https://gpacalculator.net/admission/washington-state-university/,1,643,34.42
https://gpacalculator.net/admission/tulane-university-of-louisiana/,1,637,29.39
https://gpacalculator.net/admission/norfolk-state-university/,1,635,14.47
https://gpacalculator.net/admissions/university-of-oregon/,1,630,8.3
https://gpacalculator.net/admission/university-at-buffalo/,1,622,23.74
https://gpacalculator.net/admission/clark-university/,1,621,18.3
https://gpacalculator.net/admission/the-texas-am-university-system-office/,1,620,47.69
https://gpacalculator.net/admission/california-state-university-long-beach/,1,617,28.24
https://gpacalculator.net/admission/academy-of-art-university/,1,610,17.35
https://gpacalculator.net/admission/university-of-nevada-las-vegas/,1,594,14.12
https://gpacalculator.net/admissions/baylor-university/,1,583,7.94
https://gpacalculator.net/admission/bentley-university/,1,580,18.87
https://gpacalculator.net/admissions/bentley-university/,1,578,7.26
https://gpacalculator.net/admission/central-washington-university/,1,569,14.42
https://gpacalculator.net/admissions/the-university-of-tampa/,1,567,7.51
https://gpacalculator.net/admission/depauw-university/,1,564,19.49
https://gpacalculator.net/admissions/ohio-state/,1,561,8.75
https://gpacalculator.net/admission/western-michigan-university/,1,559,25.2
https://gpacalculator.net/admission/savannah-state-university/,1,553,19.4
https://gpacalculator.net/admissions/clemson/,1,553,10.07
https://gpacalculator.net/admission/northern-arizona-university/,1,551,17.35
https://gpacalculator.net/admission/western-connecticut-state-university/,1,550,21.16
https://gpacalculator.net/admission/middle-tennessee-state-university/,1,545,23.81
https://gpacalculator.net/admission/holy-family-university/,1,535,8.95
https://gpacalculator.net/admission/university-of-wisconsin-parkside/,1,533,12.08
https://gpacalculator.net/admission/palm-beach-atlantic-university/,1,529,28.91
https://gpacalculator.net/admission/georgia-southern-university/,1,524,36.06
https://gpacalculator.net/admission/notre-dame-of-maryland-university/,1,518,49.03
https://gpacalculator.net/admissions/rutgers-university-new-brunswick/,1,513,9.51
https://gpacalculator.net/admission/university-of-wisconsin-stout/,1,502,15.09
https://gpacalculator.net/admission/capella-university/,1,501,16.61
https://gpacalculator.net/admission/university-of-houston-clear-lake/,1,498,11.57
https://gpacalculator.net/admissions/university-of-hawaii-at-manoa/,1,492,8.34
https://gpacalculator.net/admission/shaw-university/,1,487,12.07
https://gpacalculator.net/admission/university-of-north-texas-health-science-center/,1,484,20.01
https://gpacalculator.net/admission/bowling-green-state-university-main-campus/,1,480,13.88
https://gpacalculator.net/admission/the-university-of-tennessee-chattanooga/,1,476,14.11
https://gpacalculator.net/admission/webster-university/,1,473,12.08
https://gpacalculator.net/admission/central-connecticut-state-university/,1,455,14.65
https://gpacalculator.net/admissions/georgetown/,1,449,8.35
https://gpacalculator.net/admission/university-of-north-alabama/,1,447,10.49
https://gpacalculator.net/admission/vincennes-university/,1,446,10.91
https://gpacalculator.net/admissions/tufts/,1,444,7.0
https://gpacalculator.net/admission/susquehanna-university/,1,442,13.19
https://gpacalculator.net/admission/fayetteville-state-university/,1,439,15.11
https://gpacalculator.net/admission/florida-agricultural-and-mechanical-university/,1,439,25.49
https://gpacalculator.net/admission/wingate-university/,1,436,14.0
https://gpacalculator.net/admission/husson-university/,1,431,10.32
https://gpacalculator.net/admission/the-university-of-texas-at-el-paso/,1,430,14.62
https://gpacalculator.net/admission/university-of-alabama-in-huntsville/,1,426,14.28
https://gpacalculator.net/admission/university-of-hawaii-west-oahu/,1,425,24.2
https://gpacalculator.net/admissions/college-of-charleston/,1,419,8.6
https://gpacalculator.net/admission/northern-kentucky-university/,1,418,12.46
https://gpacalculator.net/admission/university-of-illinois-at-chicago/,1,417,13.1
https://gpacalculator.net/admission/concordia-university-saint-paul/,1,410,19.5
https://gpacalculator.net/admission/prairie-view-a-m-university/,1,410,14.6
https://gpacalculator.net/admission/humboldt-state-university/,1,400,13.5
https://gpacalculator.net/admissions/cuny-hunter-college/,1,397,7.93
https://gpacalculator.net/admission/itt-technical-institute-university-park/,1,396,11.28
https://gpacalculator.net/admission/pennsylvania-state-university-penn-state-great-valley/,1,393,47.08
https://gpacalculator.net/admission/fairleigh-dickinson-university-college-at-florham/,1,391,15.04
https://gpacalculator.net/admission/brigham-young-university-hawaii/,1,390,17.75
https://gpacalculator.net/admissions/cuny-queens-college/,1,387,7.07
https://gpacalculator.net/admissions/hofstra-university/,1,384,7.09
https://gpacalculator.net/admission/taylor-university/,1,382,18.05
https://gpacalculator.net/admission/university-of-cincinnati-blue-ash-college/,1,381,48.28
https://gpacalculator.net/admission/alcorn-state-university/,1,380,17.55
https://gpacalculator.net/admission/university-of-wisconsin-la-crosse/,1,377,16.39
https://gpacalculator.net/admissions/delaware/,1,377,8.23
https://gpacalculator.net/admission/johnson-c-smith-university/,1,373,13.9
https://gpacalculator.net/admission/the-university-of-west-florida/,1,372,20.86
https://gpacalculator.net/admissions/emory/,1,372,8.12
https://gpacalculator.net/admission/franciscan-university-of-steubenville/,1,367,18.83
https://gpacalculator.net/admissions/villanova/,1,366,8.23
https://gpacalculator.net/admissions/morehouse-college/,1,363,7.32
https://gpacalculator.net/admissions/butler/,1,359,7.47
https://gpacalculator.net/admissions/indiana-university-bloomington/,1,358,8.52
https://gpacalculator.net/admission/fairleigh-dickinson-university-metropolitan-campus/,1,356,19.91
https://gpacalculator.net/admission/regent-university/,1,356,18.7
https://gpacalculator.net/admission/alliant-international-university/,1,355,10.36
https://gpacalculator.net/admissions/kean-university/,1,355,7.59
https://gpacalculator.net/admission/dominican-university/,1,345,19.39
https://gpacalculator.net/admissions/rice/,1,344,8.35
https://gpacalculator.net/admission/westfield-state-university/,1,337,10.97
https://gpacalculator.net/admission/heidelberg-university/,1,335,8.47
https://gpacalculator.net/admission/university-of-maine/,1,333,23.18
https://gpacalculator.net/admissions/vanderbilt/,1,325,6.86
https://gpacalculator.net/admissions/cuny-john-jay-college-of-criminal-justice/,1,323,8.23
https://gpacalculator.net/admission/california-baptist-university/,1,322,23.45
https://gpacalculator.net/admissions/mercer/,1,321,7.46
https://gpacalculator.net/admission/long-island-university-brooklyn-campus/,1,319,10.93
https://gpacalculator.net/admission/oregon-health-science-university/,1,317,15.41
https://gpacalculator.net/admission/marywood-university/,1,314,19.42
https://gpacalculator.net/admission/framingham-state-university/,1,312,10.32
https://gpacalculator.net/admission/university-of-louisiana-monroe/,1,308,12.94
https://gpacalculator.net/admission/west-coast-university-los-angeles/,1,308,13.8
https://gpacalculator.net/admissions/notre-dame/,1,306,8.91
https://gpacalculator.net/admission/university-of-south-florida-sarasota-manatee/,1,304,20.51
https://gpacalculator.net/admissions/sacred-heart-university/,1,304,7.69
https://gpacalculator.net/admissions/cuny-brooklyn-college/,1,303,7.89
https://gpacalculator.net/admission/hofstra-university/,1,295,13.6
https://gpacalculator.net/admission/the-university-of-tennessee-martin/,1,293,12.27
https://gpacalculator.net/admission/virginia-polytechnic-institute-and-state-uni/,1,290,32.83
https://gpacalculator.net/admission/eastern-oregon-university/,1,287,11.06
https://gpacalculator.net/admission/colorado-christian-university/,1,283,16.65
https://gpacalculator.net/admission/niagara-university/,1,281,13.47
https://gpacalculator.net/admission/california-university-of-pennsylvania/,1,279,11.68
https://gpacalculator.net/admission/texas-southern-university/,1,279,25.06
https://gpacalculator.net/admission/georgia-college-state-university/,1,278,20.83
https://gpacalculator.net/admissions/tarleton-state-university/,1,278,6.93
https://gpacalculator.net/admission/golden-gate-university-san-francisco/,1,277,16.53
https://gpacalculator.net/admission/university-of-arkansas-fort-smith/,1,275,11.61
https://gpacalculator.net/admission/university-of-south-carolina-beaufort/,1,275,22.57
https://gpacalculator.net/admission/central-michigan-university/,1,274,15.09
https://gpacalculator.net/admission/university-of-nebraska-at-kearney/,1,274,12.87
https://gpacalculator.net/admission/university-of-north-carolina-at-wilmington/,1,270,36.77
https://gpacalculator.net/admission/lesley-university/,1,269,12.13
https://gpacalculator.net/admission/university-of-alaska-anchorage/,1,266,11.51
https://gpacalculator.net/admission/abilene-christian-university/,1,265,14.83
https://gpacalculator.net/admission/north-greenville-university/,1,264,16.86
https://gpacalculator.net/admission/alvernia-university/,1,259,12.72
https://gpacalculator.net/admission/southern-nazarene-university/,1,255,22.14
https://gpacalculator.net/admission/the-university-of-texas-md-anderson-cancer-center/,1,247,10.02
https://gpacalculator.net/admission/everglades-university/,1,246,9.02
https://gpacalculator.net/admissions/california-state-university-san-marcos/,1,243,6.28
https://gpacalculator.net/admission/new-mexico-state-university-main-campus/,1,242,14.07
https://gpacalculator.net/admission/university-of-puget-sound/,1,242,15.22
https://gpacalculator.net/admission/northwestern-state-university-of-louisiana/,1,240,10.49
https://gpacalculator.net/admission/chicago-state-university/,1,238,16.33
https://gpacalculator.net/admission/gardner-webb-university/,1,238,13.98
https://gpacalculator.net/admission/warner-university/,1,234,11.13
https://gpacalculator.net/admission/university-of-the-district-of-columbia/,1,233,10.51
https://gpacalculator.net/admission/dakota-wesleyan-university/,1,231,11.06
https://gpacalculator.net/admissions/dayton/,1,231,6.41
https://gpacalculator.net/admission/national-louis-university/,1,228,11.05
https://gpacalculator.net/admission/ouachita-baptist-university/,1,227,13.58
https://gpacalculator.net/admissions/chapman-university/,1,227,10.47
https://gpacalculator.net/admission/pennsylvania-state-university-main-campus/,1,223,58.09
https://gpacalculator.net/admission/the-university-of-findlay/,1,217,13.7
https://gpacalculator.net/admission/university-of-north-carolina-school-of-the-arts/,1,212,17.73
https://gpacalculator.net/admission/jackson-state-university/,1,210,22.28
https://gpacalculator.net/admission/university-of-illinois-university-administration/,1,207,43.71
https://gpacalculator.net/admissions/university-of-redlands/,1,207,7.0
https://gpacalculator.net/admission/illinois-state-university/,1,206,22.36
https://gpacalculator.net/admission/southern-university-and-a-m-college/,1,205,27.28
https://gpacalculator.net/admissions/ut-dallas/,1,204,8.32
https://gpacalculator.net/admission/university-of-louisiana-at-lafayette/,1,201,21.65
https://gpacalculator.net/admission/arkansas-state-university-mountain-home/,1,199,16.72
https://gpacalculator.net/admission/university-of-dubuque/,1,199,12.77
https://gpacalculator.net/admission/university-of-new-mexico-gallup-campus/,1,199,25.79
https://gpacalculator.net/admission/kaplan-university-lincoln-campus/,1,197,12.65
https://gpacalculator.net/admission/university-of-south-carolina-lancaster/,1,195,36.59
https://gpacalculator.net/admissions/suny-at-geneseo/,1,195,8.22
https://gpacalculator.net/admission/trinity-washington-university/,1,194,13.41
https://gpacalculator.net/admission/university-of-maryland-eastern-shore/,1,192,16.45
https://gpacalculator.net/admissions/lamar-university/,1,188,7.65
https://gpacalculator.net/admissions/university-of-nebraska-lincoln/,1,188,8.81
https://gpacalculator.net/admission/texas-a-m-international-university/,1,187,15.29
https://gpacalculator.net/admission/university-of-montevallo/,1,187,13.47
https://gpacalculator.net/admission/chatham-university/,1,185,16.02
https://gpacalculator.net/admission/fort-hays-state-university/,1,185,13.26
https://gpacalculator.net/admissions/indiana-state-university/,1,185,6.72
https://gpacalculator.net/admission/millersville-university-of-pennsylvania/,1,184,21.63
https://gpacalculator.net/admission/mississippi-valley-state-university/,1,183,12.64
https://gpacalculator.net/admissions/texas-southern-university/,1,183,7.97
https://gpacalculator.net/admission/kentucky-christian-university/,1,181,17.1
https://gpacalculator.net/admissions/naval-academy/,1,181,8.12
https://gpacalculator.net/admission/american-intercontinental-university-online/,1,177,26.93
https://gpacalculator.net/admission/avila-university/,1,177,11.51
https://gpacalculator.net/admission/frostburg-state-university/,1,175,16.95
https://gpacalculator.net/admission/concordia-university-texas/,1,174,25.23
https://gpacalculator.net/admission/kettering-university/,1,174,26.21
https://gpacalculator.net/admissions/west-virginia-university/,1,174,8.76
https://gpacalculator.net/admissions/william-paterson-university-of-new-jersey/,1,174,6.94
https://gpacalculator.net/admission/indiana-university-of-pennsylvania-main-campus/,1,173,21.8
https://gpacalculator.net/admission/mount-mercy-university/,1,173,17.84
https://gpacalculator.net/admission/university-of-maine-at-presque-isle/,1,173,12.27
https://gpacalculator.net/admissions/california-state-university-long-beach/,1,172,9.55
https://gpacalculator.net/admissions/fullerton-college/,1,172,7.21
https://gpacalculator.net/admissions/vassar/,1,171,7.88
https://gpacalculator.net/admission/marymount-university/,1,169,15.38
https://gpacalculator.net/admission/oklahoma-panhandle-state-university/,1,169,16.77
https://gpacalculator.net/admission/university-of-south-carolina-upstate/,1,169,12.79
https://gpacalculator.net/admissions/full-sail-university/,1,169,9.01
https://gpacalculator.net/admissions/molloy-college/,1,168,7.13
https://gpacalculator.net/admission/university-of-south-florida-st-petersburg/,1,167,16.92
https://gpacalculator.net/admission/oklahoma-christian-university/,1,165,12.93
https://gpacalculator.net/admissions/appalachian-state/,1,162,9.81
https://gpacalculator.net/admission/arizona-christian-university/,1,161,16.15
https://gpacalculator.net/admission/university-of-arkansas-for-medical-sciences/,1,159,24.81
https://gpacalculator.net/admissions/marymount-university/,1,158,6.56
https://gpacalculator.net/admissions/northwestern/,1,158,9.44
https://gpacalculator.net/admission/cleary-university/,1,157,11.1
https://gpacalculator.net/admission/christian-brothers-university/,1,156,16.9
https://gpacalculator.net/admission/herzing-university-brookfield/,1,156,13.71
https://gpacalculator.net/admissions/blinn-college/,1,156,8.19
https://gpacalculator.net/admissions/roger-williams-university/,1,155,7.25
https://gpacalculator.net/admission/dominican-university-of-california/,1,152,28.56
https://gpacalculator.net/admissions/cypress-college/,1,152,4.67
https://gpacalculator.net/admissions/frostburg-state-university/,1,151,6.94
https://gpacalculator.net/admissions/harvey-mudd/,1,151,7.86
https://gpacalculator.net/admissions/florida-gulf-coast/,1,150,7.75
https://gpacalculator.net/admission/the-university-of-tennessee-at-chattanooga/,1,149,10.58
https://gpacalculator.net/admission/university-of-mississippi-medical-center/,1,149,17.28
https://gpacalculator.net/admission/palo-alto-university/,1,148,23.56
https://gpacalculator.net/admission/university-of-west-georgia/,1,146,16.68
https://gpacalculator.net/admissions/orange-coast-college/,1,146,4.66
https://gpacalculator.net/admission/roseman-university-of-health-sciences/,1,143,9.84
https://gpacalculator.net/admission/minnesota-state-university-moorhead/,1,142,13.74
https://gpacalculator.net/admissions/campbell-university/,1,142,7.41
https://gpacalculator.net/admission/stratford-university/,1,141,10.25
https://gpacalculator.net/admissions/indiana-university-purdue-university-indianapolis/,1,139,7.66
https://gpacalculator.net/admission/union-university/,1,137,19.7
https://gpacalculator.net/admission/drury-university/,1,133,12.25
https://gpacalculator.net/admissions/university-of-minnesota-duluth/,1,133,7.12
https://gpacalculator.net/admissions/reed/,1,132,8.31
https://gpacalculator.net/admissions/berklee-college-of-music/,1,131,8.43
https://gpacalculator.net/admission/herzing-university-atlanta/,1,129,12.11
https://gpacalculator.net/admission/university-of-south-carolina-aiken/,1,129,14.33
https://gpacalculator.net/admission/university-of-the-ozarks/,1,129,9.15
https://gpacalculator.net/admission/new-mexico-highlands-university/,1,128,11.68
https://gpacalculator.net/admissions/augsburg-college/,1,128,7.52
https://gpacalculator.net/admission/missouri-state-university-west-plains/,1,127,32.19
https://gpacalculator.net/admissions/california-state-university-fresno/,1,127,6.7
https://gpacalculator.net/admission/upper-iowa-university/,1,125,14.08
https://gpacalculator.net/admission/hannibal-lagrange-university/,1,122,15.17
https://gpacalculator.net/admission/park-university/,1,122,10.53
https://gpacalculator.net/admission/herzing-university-birmingham/,1,121,11.01
https://gpacalculator.net/admissions/whittier-college/,1,121,6.58
https://gpacalculator.net/admission/touro-university-california/,1,120,13.95
https://gpacalculator.net/admissions/loyola-marymount/,1,120,8.7
https://gpacalculator.net/admission/louisiana-state-university-shreveport/,1,119,12.4
https://gpacalculator.net/admission/soka-university-of-america/,1,119,22.29
https://gpacalculator.net/admissions/tulsa/,1,119,6.77
https://gpacalculator.net/admission/midwestern-university-glendale/,1,118,15.3
https://gpacalculator.net/admission/university-of-new-england/,1,116,17.91
https://gpacalculator.net/admissions/eastern-university/,1,116,7.03
https://gpacalculator.net/admission/waynesburg-university/,1,115,16.85
https://gpacalculator.net/admissions/willamette/,1,115,5.89
https://gpacalculator.net/admissions/berea-college/,1,114,7.16
https://gpacalculator.net/admissions/university-of-north-carolina-at-charlotte/,1,114,10.28
https://gpacalculator.net/admissions/wake-forest-university/,1,113,11.65
https://gpacalculator.net/admissions/san-diego-mesa-college/,1,111,5.98
https://gpacalculator.net/admission/ottawa-university-kansas-city/,1,107,23.69
https://gpacalculator.net/admission/university-of-connecticut-avery-point/,1,107,13.31
https://gpacalculator.net/admission/university-of-south-florida-st-petersburg-campus/,1,107,18.29
https://gpacalculator.net/admissions/florida-atlantic-university/,1,107,7.72
https://gpacalculator.net/admissions/georgia-college-and-state-university/,1,107,8.3
https://gpacalculator.net/admissions/morrisville-state-college/,1,107,5.46
https://gpacalculator.net/admissions/coast-guard-academy/,1,106,9.08
https://gpacalculator.net/admission/missouri-baptist-university/,1,104,12.88
https://gpacalculator.net/admissions/muhlenberg-college/,1,102,6.45
https://gpacalculator.net/admission/trident-university-international/,1,101,11.8
https://gpacalculator.net/admissions/kennesaw-state-university/,1,98,8.93
https://gpacalculator.net/admission/corban-university/,1,96,9.18
https://gpacalculator.net/admission/logan-university/,1,96,8.38
https://gpacalculator.net/admissions/simmons/,1,96,6.69
https://gpacalculator.net/admissions/bakersfield-college/,1,95,6.14
https://gpacalculator.net/admissions/le-moyne-college/,1,95,8.11
https://gpacalculator.net/admissions/washington-and-lee/,1,95,6.91
https://gpacalculator.net/admissions/western-new-england-university/,1,94,7.31
https://gpacalculator.net/admission/oklahoma-state-uni-center-for-health-sciences/,1,93,23.1
https://gpacalculator.net/admissions/university-of-rhode-island/,1,93,7.61
https://gpacalculator.net/admission/mount-vernon-nazarene-university/,1,92,11.74
https://gpacalculator.net/admission/valley-city-state-university/,1,92,17
https://gpacalculator.net/admission/utah-state-university-college-of-eastern-utah/,1,91,26.32
https://gpacalculator.net/admissions/cabrillo-college/,1,90,3.89
https://gpacalculator.net/admissions/george-fox-university/,1,90,7.18
https://gpacalculator.net/admission/clarke-university/,1,89,14.52
https://gpacalculator.net/admissions/lsu/,1,89,7.52
https://gpacalculator.net/admission/texas-a-m-university-commerce/,1,88,21.28
https://gpacalculator.net/admission/wittenberg-university/,1,87,12.17
https://gpacalculator.net/admissions/kettering/,1,87,7.31
https://gpacalculator.net/admissions/university-of-michigan-dearborn/,1,87,8.41
https://gpacalculator.net/admission/herzing-university-minneapolis/,1,86,12.7
https://gpacalculator.net/admissions/queens-university-of-charlotte/,1,84,6.27
https://gpacalculator.net/admissions/saddleback-college/,1,84,5.99
https://gpacalculator.net/admission/university-of-phoenix-phoenix-hohokam-campus/,1,81,14.99
https://gpacalculator.net/admissions/palomar-college/,1,80,4.14
https://gpacalculator.net/admissions/rhodes/,1,79,7.59
https://gpacalculator.net/admissions/southern-connecticut-state-university/,1,79,7.03
https://gpacalculator.net/admissions/delgado-community-college/,1,78,7.24
https://gpacalculator.net/admission/arkansas-state-university-newport/,1,76,23.18
https://gpacalculator.net/admission/eastern-new-mexico-university-ruidoso-campus/,1,75,15.71
https://gpacalculator.net/admissions/ringling-college-of-art-and-design/,1,75,6.36
https://gpacalculator.net/admission/john-paul-the-great-catholic-university/,1,74,10.35
https://gpacalculator.net/admissions/northwest-mississippi-community-college/,1,74,6.18
https://gpacalculator.net/admissions/hillsborough-community-college/,1,73,6.51
https://gpacalculator.net/admissions/oglethorpe-university/,1,73,7.15
https://gpacalculator.net/admissions/brookdale-community-college/,1,72,8.14
https://gpacalculator.net/admission/saybrook-university/,1,71,21.52
https://gpacalculator.net/admissions/georgia-highlands-college/,1,71,8.24
https://gpacalculator.net/admissions/ivy-tech-community-college-central-indiana/,1,71,3.55
https://gpacalculator.net/admission/northwestern-polytechnic-university/,1,70,9.9
https://gpacalculator.net/admissions/hennepin-technical-college/,1,69,4.87
https://gpacalculator.net/admissions/baker-university/,1,68,6.03
https://gpacalculator.net/admissions/whitworth-university/,1,68,6.62
https://gpacalculator.net/admissions/washington-state-university/,1,67,6.3
https://gpacalculator.net/admissions/dean-college/,1,66,11.24
https://gpacalculator.net/admissions/columbia-state-community-college/,1,65,6.94
https://gpacalculator.net/admissions/university-of-wisconsin-milwaukee/,1,65,7.49
https://gpacalculator.net/admissions/rose-state-college/,1,64,6.72
https://gpacalculator.net/admission/southwestern-assemblies-of-god-university/,1,63,10.21
https://gpacalculator.net/admissions/elizabethtown-college/,1,63,6.06
https://gpacalculator.net/admission/devry-university-georgia/,1,61,19.8
https://gpacalculator.net/admission/heritage-christian-university/,1,60,13.28
https://gpacalculator.net/admissions/chatham/,1,60,7.17
https://gpacalculator.net/admissions/gannon-university/,1,60,6.77
https://gpacalculator.net/admissions/kilgore-college/,1,60,5.02
https://gpacalculator.net/admissions/rush-university/,1,60,7.73
https://gpacalculator.net/admissions/wright-state-university-main-campus/,1,60,8.17
https://gpacalculator.net/admissions/caltech/,1,59,7.47
https://gpacalculator.net/admissions/hampden-sydney-college/,1,58,6.24
https://gpacalculator.net/admission/potomac-state-college-of-west-virginia-university/,1,57,19.09
https://gpacalculator.net/admission/concordia-university-ann-arbor/,1,56,25.96
https://gpacalculator.net/admissions/berkeley-city-college/,1,56,6.61
https://gpacalculator.net/admission/hardin-simmons-university/,1,55,15.85
https://gpacalculator.net/admission/national-university/,1,55,24.58
https://gpacalculator.net/admissions/montgomery-college/,1,51,7.25
https://gpacalculator.net/admission/antioch-university-los-angeles/,1,50,14.88
https://gpacalculator.net/admissions/emory-and-henry-college/,1,50,11.38
https://gpacalculator.net/admissions/holy-family-university/,1,49,6.22
https://gpacalculator.net/admissions/oral-roberts-university/,1,49,6.2
https://gpacalculator.net/admission/antioch-university-seattle/,1,48,19.9
https://gpacalculator.net/admissions/navarro-college/,1,48,5.71
https://gpacalculator.net/admissions/ohio-northern/,1,48,5.6
https://gpacalculator.net/admissions/webster-university/,1,48,7
https://gpacalculator.net/admissions/durham-technical-community-college/,1,47,5.23
https://gpacalculator.net/admissions/gustavus-adolphus-college/,1,46,6.24
https://gpacalculator.net/admissions/olivet-nazarene-university/,1,46,5.37
https://gpacalculator.net/admissions/texas-a-and-m-university-central-texas/,1,45,19.58
https://gpacalculator.net/admissions/athens-technical-college/,1,44,6.68
https://gpacalculator.net/admission/south-university-off-campus-programs/,1,43,15.42
https://gpacalculator.net/admissions/massachusetts-maritime-academy/,1,43,7.56
https://gpacalculator.net/admissions/northeast-mississippi-community-college/,1,42,6.07
https://gpacalculator.net/admissions/stark-state-college/,1,42,7.1
https://gpacalculator.net/admission/devry-unis-keller-graduate-school-of-management-missouri/,1,41,43.49
https://gpacalculator.net/admission/friends-university/,1,40,9.75
https://gpacalculator.net/admissions/santiago-canyon-college/,1,40,5.33
https://gpacalculator.net/admission/amridge-university/,1,39,10.59
https://gpacalculator.net/admission/the-dickinson-school-of-law-of-the-pennsylvania-state-university/,1,39,27.62
https://gpacalculator.net/admissions/andrew-college/,1,39,6.18
https://gpacalculator.net/admissions/presbyterian-college/,1,39,5.28
https://gpacalculator.net/admissions/las-positas-college/,1,38,5.47
https://gpacalculator.net/admission/northland-international-university/,1,37,31.86
https://gpacalculator.net/admission/sinte-gleska-university/,1,37,21.65
https://gpacalculator.net/admissions/napa-valley-college/,1,37,5.11
https://gpacalculator.net/admissions/saint-martins-university/,1,37,4.76
https://gpacalculator.net/admissions/huston-tillotson-university/,1,36,6
https://gpacalculator.net/admissions/university-of-dubuque/,1,36,5.64
https://gpacalculator.net/admission/broadview-university-orem/,1,35,26.86
https://gpacalculator.net/admission/cardinal-stritch-university/,1,35,7.71
https://gpacalculator.net/admissions/onondaga-community-college/,1,35,5.89
https://gpacalculator.net/admissions/college-of-saint-benedict/,1,34,6.35
https://gpacalculator.net/admissions/drury/,1,34,5.91
https://gpacalculator.net/admission/antioch-university-system-administration/,1,33,11.45
https://gpacalculator.net/admissions/harrisburg-university-of-science-and-technology/,1,33,6.61
https://gpacalculator.net/admissions/hawkeye-community-college/,1,33,5
https://gpacalculator.net/admissions/black-hawk-college/,1,32,4.78
https://gpacalculator.net/admissions/rogers-state-university/,1,31,8.58
https://gpacalculator.net/admissions/pitt-community-college/,1,30,5.73
https://gpacalculator.net/admission/marylhurst-university/,1,29,18.69
https://gpacalculator.net/admissions/butler-community-college/,1,29,11.83
https://gpacalculator.net/admissions/rockford-college/,1,29,6.45
https://gpacalculator.net/admissions/santa-ana-college/,1,29,4.79
https://gpacalculator.net/admissions/south-suburban-college/,1,28,5
https://gpacalculator.net/admission/mid-continent-university/,1,27,31.67
https://gpacalculator.net/admissions/central-college/,1,27,11.26
https://gpacalculator.net/admissions/salt-lake-community-college/,1,27,6.33
https://gpacalculator.net/admission/university-of-alaska-system-of-higher-education/,1,25,18.4
https://gpacalculator.net/admissions/brazosport-college/,1,25,6.68
https://gpacalculator.net/admissions/gupton-jones-college-of-funeral-service/,1,25,5.64
https://gpacalculator.net/admission/the-uni-of-texas-health-science-center-at-houston/,1,24,10.71
https://gpacalculator.net/admission/university-of-science-and-arts-of-oklahoma/,1,24,20.54
https://gpacalculator.net/admissions/colorado-technical-university-colorado-springs/,1,24,8.33
https://gpacalculator.net/admissions/ivy-tech-community-college-columbus/,1,24,4.88
https://gpacalculator.net/admissions/university-of-central-florida/,1,23,7.3
https://gpacalculator.net/admission/louisiana-state-university-health-sciences-center-new-orleans/,1,22,7.73
https://gpacalculator.net/admissions/buena-vista-university/,1,22,6.36
https://gpacalculator.net/admissions/canada-college/,1,22,7.77
https://gpacalculator.net/admissions/community-college-of-denver/,1,22,5.18
https://gpacalculator.net/admissions/gavilan-college/,1,22,4.82
https://gpacalculator.net/admission/university-of-phoenix-indianapolis-campus/,1,21,33.52
https://gpacalculator.net/admissions/virginia/,1,21,10.43
https://gpacalculator.net/admission/saint-gregorys-university/,1,20,4.65
https://gpacalculator.net/admissions/north-idaho-college/,1,20,4.05
https://gpacalculator.net/admission/southern-wesleyan-university/,1,19,14.26
https://gpacalculator.net/admissions/mount-carmel-college-of-nursing/,1,19,8.42
https://gpacalculator.net/admissions/pennsylvania-institute-of-technology/,1,19,6.37
https://gpacalculator.net/admissions/bastyr-university/,1,18,10
https://gpacalculator.net/admissions/kishwaukee-college/,1,18,4.89
https://gpacalculator.net/admissions/miller-motte-technical-college-ga/,1,18,6.61
https://gpacalculator.net/admissions/solano-community-college/,1,18,6.22
https://gpacalculator.net/admission/university-of-western-states/,1,17,19.53
https://gpacalculator.net/admissions/owens-community-college/,1,17,7.18
https://gpacalculator.net/admissions/brookhaven-college/,1,16,3.44
https://gpacalculator.net/admissions/naugatuck-valley-community-college/,1,16,4.12
https://gpacalculator.net/admissions/northeast-community-college/,1,16,7.06
https://gpacalculator.net/admission/devry-unis-keller-graduate-school-of-management-utah/,1,15,16.87
https://gpacalculator.net/admissions/miller-motte-technical-college-chattanooga/,1,15,8.73
https://gpacalculator.net/admissions/j-sargeant-reynolds-community-college/,1,14,6.43
https://gpacalculator.net/admissions/spokane-community-college/,1,14,6.29
https://gpacalculator.net/admissions/carver-bible-college/,1,12,4.33
https://gpacalculator.net/admissions/cuyahoga-community-college-district/,1,11,5.18
https://gpacalculator.net/admissions/central-wyoming-college/,1,10,3.7
https://gpacalculator.net/admissions/linn-benton-community-college/,1,10,3.7
https://gpacalculator.net/admissions/mount-marty-college/,1,10,5.6
https://gpacalculator.net/admissions/new-york-school-of-interior-design/,1,10,5.4
https://gpacalculator.net/admission/thomas-university/,1,9,5
https://gpacalculator.net/admissions/college-of-the-redwoods/,1,9,4.44
https://gpacalculator.net/admissions/dine-college/,1,9,5
https://gpacalculator.net/admissions/lincoln-college-of-technology-franklin-lct/,1,9,5.89
https://gpacalculator.net/admissions/cosumnes-river-college/,1,8,3.75
https://gpacalculator.net/admissions/gogebic-community-college/,1,8,5
https://gpacalculator.net/admissions/finger-lakes-community-college/,1,7,8.29
https://gpacalculator.net/admissions/north-central-state-college/,1,7,4.71
https://gpacalculator.net/admission/argosy-university-phoenix/,1,6,7.67
https://gpacalculator.net/admissions/luzerne-county-community-college/,1,6,7
https://gpacalculator.net/admissions/antioch-university/,1,5,4.8
https://gpacalculator.net/admissions/haven-university/,1,5,3.4
https://gpacalculator.net/admissions/ilisagvik-college/,1,5,8
https://gpacalculator.net/admissions/north-lake-college/,1,5,2.2
https://gpacalculator.net/admissions/cabrini-college/,1,4,7.5
https://gpacalculator.net/admissions/hesser-college/,1,4,1.25
https://gpacalculator.net/admissions/clatsop-community-college/,1,3,6.67
https://gpacalculator.net/admissions/morrison-university/,1,3,5
https://gpacalculator.net/admissions/brown-mackie-college-indianapolis/,1,2,5.5
https://gpacalculator.net/admissions/erie-institute-of-technology-inc/,1,2,4
https://gpacalculator.net/admissions/marian-court-college/,1,1,6
https://gpacalculator.net/admission/wake-forest-university/,0,2534,28.42
https://gpacalculator.net/admission/university-of-oregon/,0,2260,39.08
https://gpacalculator.net/admission/university-of-florida/,0,2208,44.44
https://gpacalculator.net/admission/princeton-university/,0,2028,46.82
https://gpacalculator.net/admission/university-of-georgia/,0,1940,44.21
https://gpacalculator.net/admission/montclair-state-university/,0,1901,24.5
https://gpacalculator.net/admission/seton-hall-university/,0,1880,16.94
https://gpacalculator.net/admission/university-of-scranton/,0,1825,11.28
https://gpacalculator.net/admission/the-university-of-alabama/,0,1786,42.39
https://gpacalculator.net/admission/university-of-california-santa-barbara/,0,1776,50.43
https://gpacalculator.net/admission/eastern-michigan-university/,0,1658,17.75
https://gpacalculator.net/admission/pennsylvania-state-university-penn-state-york/,0,1571,46.89
https://gpacalculator.net/admission/columbia-university-in-the-city-of-new-york/,0,1534,52.4
https://gpacalculator.net/admission/university-of-california-san-diego/,0,1516,58.67
https://gpacalculator.net/admission/rutgers-university-camden/,0,1507,39.08
https://gpacalculator.net/admission/saint-xavier-university/,0,1448,11.05
https://gpacalculator.net/admission/university-of-wisconsin-madison/,0,1430,49.92
https://gpacalculator.net/admission/brown-university/,0,1407,43.97
https://gpacalculator.net/admission/old-dominion-university/,0,1379,31.22
https://gpacalculator.net/admission/georgetown-university/,0,1350,49.76
https://gpacalculator.net/admission/colgate-university/,0,1347,44.14
https://gpacalculator.net/admission/appalachian-state-university/,0,1341,30.12
https://gpacalculator.net/admission/virginia-commonwealth-university/,0,1317,26.8
https://gpacalculator.net/admission/university-of-south-florida-main-campus/,0,1314,28.63
https://gpacalculator.net/admission/north-carolina-a-t-state-university/,0,1313,22.09
https://gpacalculator.net/admission/butler-university/,0,1252,20.29
https://gpacalculator.net/admission/oregon-state-university/,0,1248,36.14
https://gpacalculator.net/admission/fairfield-university/,0,1206,27.37
https://gpacalculator.net/admission/university-of-southern-mississippi/,0,1135,11.52
https://gpacalculator.net/admission/northern-illinois-university/,0,1076,12.1
https://gpacalculator.net/admission/miami-university-hamilton/,0,1044,40.99
https://gpacalculator.net/admission/san-francisco-state-university/,0,1035,30.34
https://gpacalculator.net/admission/ball-state-university/,0,991,22.15
https://gpacalculator.net/admission/coastal-carolina-university/,0,961,31.06
https://gpacalculator.net/admission/university-of-northwestern-ohio/,0,956,10.67
https://gpacalculator.net/admission/university-of-vermont/,0,945,41.78
https://gpacalculator.net/admission/coppin-state-university/,0,940,16.89
https://gpacalculator.net/admission/west-virginia-university/,0,929,31.17
https://gpacalculator.net/admissions/duke/,0,929,8.82
https://gpacalculator.net/admission/cornell-university/,0,920,44.92
https://gpacalculator.net/admission/fordham-university/,0,908,21.22
https://gpacalculator.net/admission/minnesota-state-university-mankato/,0,907,14.37
https://gpacalculator.net/admission/oakland-university/,0,889,17.8
https://gpacalculator.net/admission/temple-university/,0,878,32.53
https://gpacalculator.net/admission/university-of-illinois-at-urbana-champaign/,0,871,43.7
https://gpacalculator.net/admission/creighton-university/,0,867,16.15
https://gpacalculator.net/admission/belmont-university/,0,859,15.54
https://gpacalculator.net/admission/iowa-state-university/,0,837,38.35
https://gpacalculator.net/admissions/virginia-tech/,0,832,8.71
https://gpacalculator.net/admissions/clark-atlanta-university/,0,828,8.11
https://gpacalculator.net/admission/denison-university/,0,811,15.25
https://gpacalculator.net/admission/union-institute-university/,0,809,7.71
https://gpacalculator.net/admission/stetson-university/,0,790,18.04
https://gpacalculator.net/admission/delaware-state-university/,0,789,18.53
https://gpacalculator.net/admission/university-of-rochester/,0,781,34.95
https://gpacalculator.net/admission/austin-peay-state-university/,0,778,15.38
https://gpacalculator.net/admission/university-of-california-riverside/,0,768,35.09
https://gpacalculator.net/admission/university-of-california-davis/,0,747,52.4
https://gpacalculator.net/admission/xavier-university/,0,739,19.25
https://gpacalculator.net/admission/pepperdine-university/,0,732,36.82
https://gpacalculator.net/admission/alabama-a-m-university/,0,727,34.67
https://gpacalculator.net/admission/california-state-university-sacramento/,0,725,27.68
https://gpacalculator.net/admission/xavier-university-of-louisiana/,0,722,23.41
https://gpacalculator.net/admission/sewanee-the-university-of-the-south/,0,693,30.87
https://gpacalculator.net/admission/university-of-wisconsin-eau-claire/,0,683,12.31
https://gpacalculator.net/admissions/spelman/,0,676,8.49
https://gpacalculator.net/admission/california-polytechnic-state-uni-san-luis-obispo/,0,674,42.18
https://gpacalculator.net/admission/gonzaga-university/,0,673,15.34
https://gpacalculator.net/admission/radford-university/,0,668,17.33
https://gpacalculator.net/admission/university-of-north-florida/,0,667,35.53
https://gpacalculator.net/admissions/howard-university/,0,665,8.62
https://gpacalculator.net/admission/university-of-minnesota-duluth/,0,658,39.06
https://gpacalculator.net/admission/university-of-houston-downtown/,0,657,18.29
https://gpacalculator.net/admission/saint-josephs-university/,0,652,12.73
https://gpacalculator.net/admission/stevenson-university/,0,641,18.93
https://gpacalculator.net/admission/university-of-wisconsin-milwaukee/,0,632,27.91
https://gpacalculator.net/admission/winona-state-university/,0,615,9.69
https://gpacalculator.net/admission/university-of-wisconsin-river-falls/,0,601,9.66
https://gpacalculator.net/admission/pennsylvania-state-university-penn-state-berks/,0,600,57.61
https://gpacalculator.net/admission/san-diego-state-university/,0,598,46.27
https://gpacalculator.net/admission/kentucky-state-university/,0,593,16.36
https://gpacalculator.net/admission/texas-christian-university/,0,572,36.57
https://gpacalculator.net/admissions/hampton-university/,0,568,7.79
https://gpacalculator.net/admission/desales-university/,0,566,9.22
https://gpacalculator.net/admissions/loma-linda-university/,0,566,8.31
https://gpacalculator.net/admission/pennsylvania-state-university-penn-state-beaver/,0,565,53.13
https://gpacalculator.net/admission/west-chester-university-of-pennsylvania/,0,565,15.37
https://gpacalculator.net/admission/full-sail-university/,0,561,24.14
https://gpacalculator.net/admissions/csu-fullerton/,0,561,8.35
https://gpacalculator.net/admission/western-carolina-university/,0,552,23.73
https://gpacalculator.net/admission/indiana-wesleyan-university/,0,549,13.34
https://gpacalculator.net/admission/wesleyan-university/,0,545,25.76
https://gpacalculator.net/admission/florida-memorial-university/,0,544,10.95
https://gpacalculator.net/admission/university-of-maine-system-central-office/,0,537,12.19
https://gpacalculator.net/admission/loma-linda-university/,0,535,11.34
https://gpacalculator.net/admission/ohio-university-main-campus/,0,525,38.12
https://gpacalculator.net/admission/university-of-massachusetts-amherst/,0,525,43.24
https://gpacalculator.net/admission/walden-university/,0,516,12.59
https://gpacalculator.net/admission/university-of-nebraska-lincoln/,0,509,31.34
https://gpacalculator.net/admission/francis-marion-university/,0,507,8.15
https://gpacalculator.net/admissions/high-point-university/,0,507,8.87
https://gpacalculator.net/admissions/tuskegee-university/,0,506,6.94
https://gpacalculator.net/admission/lawrence-technological-university/,0,505,20.08
https://gpacalculator.net/admissions/coastal-carolina-university/,0,503,7.51
https://gpacalculator.net/admission/allen-university/,0,502,9.97
https://gpacalculator.net/admission/pennsylvania-state-university-penn-state-brandywine/,0,497,55.28
https://gpacalculator.net/admissions/temple-university/,0,497,8.32
https://gpacalculator.net/admission/university-of-phoenix-online-campus/,0,493,25.1
https://gpacalculator.net/admissions/university-at-buffalo/,0,489,7.75
https://gpacalculator.net/admission/biola-university/,0,488,20.01
https://gpacalculator.net/admission/johnson-wales-university-charlotte/,0,483,29.7
https://gpacalculator.net/admission/clayton-state-university/,0,482,11.03
https://gpacalculator.net/admission/pennsylvania-state-university-penn-state-mont-alto/,0,481,58.83
https://gpacalculator.net/admission/adelphi-university/,0,480,23.91
https://gpacalculator.net/admission/alfred-university/,0,480,11.86
https://gpacalculator.net/admission/southern-utah-university/,0,479,14.11
https://gpacalculator.net/admission/tarleton-state-university/,0,474,12.4
https://gpacalculator.net/admission/winston-salem-state-university/,0,470,17.88
https://gpacalculator.net/admissions/rowan-university/,0,466,7.07
https://gpacalculator.net/admission/marian-university/,0,453,12.4
https://gpacalculator.net/admission/shenandoah-university/,0,452,12.74
https://gpacalculator.net/admissions/texas-state-university/,0,451,7.42
https://gpacalculator.net/admission/st-bonaventure-university/,0,449,9.11
https://gpacalculator.net/admission/kent-state-university-at-kent/,0,445,12.38
https://gpacalculator.net/admission/central-state-university/,0,444,12.74
https://gpacalculator.net/admission/embry-riddle-aeronautical-university-prescott/,0,442,30.59
https://gpacalculator.net/admissions/texas-tech/,0,441,9.17
https://gpacalculator.net/admissions/cornell-college/,0,440,6.28
https://gpacalculator.net/admission/capital-university/,0,439,10.53
https://gpacalculator.net/admission/university-of-wisconsin-green-bay/,0,434,9.34
https://gpacalculator.net/admission/bryant-university/,0,433,13.42
https://gpacalculator.net/admission/southern-methodist-university/,0,432,34.79
https://gpacalculator.net/admission/university-of-south-alabama/,0,432,19.52
https://gpacalculator.net/admission/gannon-university/,0,431,10.46
https://gpacalculator.net/admission/huston-tillotson-university/,0,427,13.42
https://gpacalculator.net/admissions/berkeley-college-new-york/,0,426,7.36
https://gpacalculator.net/admission/loyola-university-maryland/,0,421,24.24
https://gpacalculator.net/admission/marshall-university/,0,418,11.39
https://gpacalculator.net/admission/plymouth-state-university/,0,416,15.19
https://gpacalculator.net/admission/stephen-f-austin-state-university/,0,415,21.63
https://gpacalculator.net/admission/university-of-memphis/,0,415,18.77
https://gpacalculator.net/admission/johnson-wales-university-providence/,0,412,22.59
https://gpacalculator.net/admission/bowie-state-university/,0,411,13.74
https://gpacalculator.net/admissions/uiuc/,0,410,9.7
https://gpacalculator.net/admission/la-salle-university/,0,403,14.27
https://gpacalculator.net/admission/nicholls-state-university/,0,402,11.99
https://gpacalculator.net/admission/southern-virginia-university/,0,402,10.98
https://gpacalculator.net/admission/university-of-massachusetts-boston/,0,402,18.35
https://gpacalculator.net/admission/loyola-university-new-orleans/,0,401,28.44
https://gpacalculator.net/admission/pennsylvania-state-university-penn-state-worthington-scranton/,0,400,48.37
https://gpacalculator.net/admissions/albany-state-university/,0,400,8.09
https://gpacalculator.net/admission/monmouth-university/,0,399,16.9
https://gpacalculator.net/admission/university-of-st-thomas/,0,397,23.99
https://gpacalculator.net/admissions/belmont/,0,392,7.39
https://gpacalculator.net/admission/rider-university/,0,390,14.55
https://gpacalculator.net/admission/ohio-state-university-marion-campus/,0,389,66.57
https://gpacalculator.net/admissions/northeastern/,0,389,8.12
https://gpacalculator.net/admissions/old-dominion-university/,0,388,7.24
https://gpacalculator.net/admission/murray-state-university/,0,382,16.29
https://gpacalculator.net/admission/oregon-state-university-cascades-campus/,0,381,51.03
https://gpacalculator.net/admissions/pace-university-new-york/,0,381,7.63
https://gpacalculator.net/admissions/pepperdine-university/,0,380,7.52
https://gpacalculator.net/admission/university-of-denver/,0,377,19.0
https://gpacalculator.net/admission/ferris-state-university/,0,376,11.39
https://gpacalculator.net/admission/transylvania-university/,0,376,11.19
https://gpacalculator.net/admission/lindenwood-university/,0,373,18.01
https://gpacalculator.net/admission/saint-thomas-university/,0,373,27.79
https://gpacalculator.net/admission/university-of-wisconsin-stevens-point/,0,372,23.07
https://gpacalculator.net/admission/eastern-kentucky-university/,0,370,14.6
https://gpacalculator.net/admission/lamar-university/,0,370,13.39
https://gpacalculator.net/admission/longwood-university/,0,368,12.77
https://gpacalculator.net/admission/university-of-california-los-angeles/,0,367,54.53
https://gpacalculator.net/admissions/colorado-technical-university-online/,0,366,6.57
https://gpacalculator.net/admissions/towson-university/,0,365,9.44
https://gpacalculator.net/admission/metropolitan-state-university/,0,364,11.9
https://gpacalculator.net/admission/winthrop-university/,0,364,17.83
https://gpacalculator.net/admissions/ball-state-university/,0,364,7.8
https://gpacalculator.net/admissions/university-of-miami/,0,364,9.25
https://gpacalculator.net/admission/st-thomas-university/,0,363,16.67
https://gpacalculator.net/admissions/embry-riddle/,0,363,8.26
https://gpacalculator.net/admission/university-of-alabama-at-birmingham/,0,362,17.7
https://gpacalculator.net/admission/troy-university/,0,361,13.9
https://gpacalculator.net/admission/tennessee-technological-university/,0,359,15.54
https://gpacalculator.net/admission/john-carroll-university/,0,358,12.97
https://gpacalculator.net/admission/lewis-university/,0,358,15.75
https://gpacalculator.net/admissions/university-of-kentucky/,0,358,8.18
https://gpacalculator.net/admission/new-jersey-city-university/,0,357,14.24
https://gpacalculator.net/admission/university-of-san-diego/,0,357,43.88
https://gpacalculator.net/admissions/montclair-state-university/,0,356,8.76
https://gpacalculator.net/admission/university-of-central-oklahoma/,0,355,18.51
https://gpacalculator.net/admission/barry-university/,0,351,14.58
https://gpacalculator.net/admission/colorado-state-university-fort-collins/,0,351,38.76
https://gpacalculator.net/admission/california-state-university-bakersfield/,0,349,24.8
https://gpacalculator.net/admission/california-state-university-channel-islands/,0,348,16.7
https://gpacalculator.net/admission/siena-heights-university/,0,347,10.43
https://gpacalculator.net/admission/youngstown-state-university/,0,347,14.93
https://gpacalculator.net/admissions/lehigh/,0,344,8.69
https://gpacalculator.net/admission/eastern-washington-university/,0,343,16.79
https://gpacalculator.net/admission/saint-bonaventure-university/,0,343,13.7
https://gpacalculator.net/admissions/georgia-southern-university/,0,342,9.08
https://gpacalculator.net/admissions/providence-college/,0,342,6.92
https://gpacalculator.net/admission/university-of-idaho/,0,338,19.05
https://gpacalculator.net/admission/jacksonville-university/,0,335,30.93
https://gpacalculator.net/admission/southern-oregon-university/,0,334,14.46
https://gpacalculator.net/admissions/fairfield-university/,0,334,8.08
https://gpacalculator.net/admission/louisiana-state-university-and-agricultural-mechanical-college/,0,328,46.4
https://gpacalculator.net/admission/yeshiva-university/,0,326,15.8
https://gpacalculator.net/admissions/radford-university/,0,325,6.99
https://gpacalculator.net/admission/california-state-university-stanislaus/,0,321,13.32
https://gpacalculator.net/admissions/st-johns-university-new-york/,0,321,7.79
https://gpacalculator.net/admission/charleston-southern-university/,0,320,22.09
https://gpacalculator.net/admission/rockefeller-university/,0,315,11.23
https://gpacalculator.net/admission/lynn-university/,0,314,16.37
https://gpacalculator.net/admission/university-of-phoenix-phoenix-campus/,0,314,19.99
https://gpacalculator.net/admissions/quinnipiac-university/,0,314,8.33
https://gpacalculator.net/admission/shippensburg-university-of-pennsylvania/,0,313,21.27
https://gpacalculator.net/admission/the-university-of-tennessee/,0,313,50.28
https://gpacalculator.net/admission/concordia-university-irvine/,0,311,31.36
https://gpacalculator.net/admissions/delaware-state-university/,0,310,7.86
https://gpacalculator.net/admissions/fordham-university/,0,309,9.73
https://gpacalculator.net/admission/california-state-university-dominguez-hills/,0,307,20.38
https://gpacalculator.net/admission/rutgers-university-newark/,0,307,37.05
https://gpacalculator.net/admission/bethune-cookman-university/,0,306,20.61
https://gpacalculator.net/admissions/tulane-university-of-louisiana/,0,306,8.32
https://gpacalculator.net/admission/rockhurst-university/,0,305,10.73
https://gpacalculator.net/admission/aurora-university/,0,302,12.21
https://gpacalculator.net/admission/carlow-university/,0,301,21.51
https://gpacalculator.net/admission/university-of-southern-maine/,0,299,12.06
https://gpacalculator.net/admission/point-park-university/,0,298,13.01
https://gpacalculator.net/admission/salem-state-university/,0,298,13.39
https://gpacalculator.net/admissions/stanford/,0,298,11.83
https://gpacalculator.net/admissions/wayne-state-university/,0,298,7.19
https://gpacalculator.net/admissions/norfolk-state-university/,0,297,7.49
https://gpacalculator.net/admissions/oregon-state-university/,0,296,8.89
https://gpacalculator.net/admission/ohio-state-university-newark-campus/,0,294,56.64
https://gpacalculator.net/admission/pennsylvania-state-university-penn-state-new-kensington/,0,294,65.84
https://gpacalculator.net/admission/university-of-nebraska-at-omaha/,0,293,12.77
https://gpacalculator.net/admission/university-of-north-carolina-at-greensboro/,0,292,21.45
https://gpacalculator.net/admission/william-carey-university/,0,291,14.16
https://gpacalculator.net/admission/rush-university/,0,290,11.77
https://gpacalculator.net/admission/north-park-university/,0,289,10.72
https://gpacalculator.net/admissions/middlebury/,0,287,6.61
https://gpacalculator.net/admission/idaho-state-university/,0,286,20.14
https://gpacalculator.net/admission/missouri-university-of-science-and-technology/,0,286,9.55
https://gpacalculator.net/admission/university-of-california-merced/,0,286,23
https://gpacalculator.net/admission/southern-illinois-university-carbondale/,0,285,23.46
https://gpacalculator.net/admission/university-of-alabama-system-office/,0,284,58.39
https://gpacalculator.net/admission/colorado-state-university-system-office/,0,283,48.8
https://gpacalculator.net/admission/kent-state-university-at-trumbull/,0,283,22.61
https://gpacalculator.net/admissions/adelphi-university/,0,283,6.83
https://gpacalculator.net/admissions/west-chester-university-of-pennsylvania/,0,283,7.95
https://gpacalculator.net/admissions/oakland-university/,0,282,7.74
https://gpacalculator.net/admission/university-of-minnesota-morris/,0,281,38.17
https://gpacalculator.net/admission/western-kentucky-university/,0,281,19.34
https://gpacalculator.net/admissions/california-state-university-chico/,0,280,7.52
https://gpacalculator.net/admission/eastern-connecticut-state-university/,0,279,13.47
https://gpacalculator.net/admission/marian-university-3/,0,279,11.57
https://gpacalculator.net/admission/saint-cloud-state-university/,0,279,19.63
https://gpacalculator.net/admission/washburn-university/,0,279,10.54
https://gpacalculator.net/admissions/harvard/,0,279,18.35
https://gpacalculator.net/admission/grambling-state-university/,0,278,15.27
https://gpacalculator.net/admission/saint-leo-university/,0,278,17.78
https://gpacalculator.net/admission/california-state-university-los-angeles/,0,277,27.5
https://gpacalculator.net/admission/palm-beach-atlantic-university-west-palm-beach/,0,277,18.68
https://gpacalculator.net/admission/saint-edwards-university/,0,276,18.26
https://gpacalculator.net/admission/san-diego-state-university-imperial-valley-campus/,0,276,53.19
https://gpacalculator.net/admission/la-sierra-university/,0,275,11.36
https://gpacalculator.net/admission/university-of-pittsburgh-greensburg/,0,275,19.69
https://gpacalculator.net/admission/william-jessup-university/,0,275,12.62
https://gpacalculator.net/admissions/coppin-state-university/,0,274,7.24
https://gpacalculator.net/admission/california-state-polytechnic-university-pomona/,0,273,50.14
https://gpacalculator.net/admission/chowan-university/,0,273,11.21
https://gpacalculator.net/admission/st-andrews-university/,0,273,18.27
https://gpacalculator.net/admissions/bryant-university/,0,273,7.51
https://gpacalculator.net/admissions/university-of-houston/,0,271,8.02
https://gpacalculator.net/admission/midwestern-university-downers-grove/,0,270,15.63
https://gpacalculator.net/admission/fort-valley-state-university/,0,268,15.63
https://gpacalculator.net/admissions/umass-amherst/,0,268,9.26
https://gpacalculator.net/admissions/university-of-louisville/,0,268,7.68
https://gpacalculator.net/admission/arizona-state-university-tempe/,0,267,42.69
https://gpacalculator.net/admission/southwestern-university/,0,267,16.63
https://gpacalculator.net/admissions/drexel-university/,0,267,10.0
https://gpacalculator.net/admissions/suffolk-university/,0,267,6.28
https://gpacalculator.net/admissions/liberty-university/,0,266,8.73
https://gpacalculator.net/admission/samuel-merritt-university/,0,265,9.85
https://gpacalculator.net/admissions/the-university-of-tennessee/,0,265,9.71
https://gpacalculator.net/admission/arcadia-university/,0,263,13.21
https://gpacalculator.net/admissions/lafayette-college/,0,263,7.06
https://gpacalculator.net/admission/saint-martins-university/,0,262,9.68
https://gpacalculator.net/admissions/university-of-rochester/,0,262,7.69
https://gpacalculator.net/admission/davenport-university/,0,261,15.93
https://gpacalculator.net/admissions/marist-college/,0,261,7.92
https://gpacalculator.net/admissions/air-force-academy/,0,260,8.58
https://gpacalculator.net/admissions/salisbury-university/,0,260,7.4
https://gpacalculator.net/admission/bellevue-university/,0,259,22.22
https://gpacalculator.net/admissions/san-francisco-state-university/,0,259,8.65
https://gpacalculator.net/admission/purdue-university-north-central-campus/,0,257,55.0
https://gpacalculator.net/admission/william-peace-university/,0,257,25.86
https://gpacalculator.net/admissions/western-michigan-university/,0,257,7.3
https://gpacalculator.net/admission/auburn-university-at-montgomery/,0,256,31.11
https://gpacalculator.net/admission/northeastern-illinois-university/,0,256,24.48
https://gpacalculator.net/admission/university-of-wisconsin-oshkosh/,0,256,10.58
https://gpacalculator.net/admissions/cuny-laguardia-community-college/,0,256,7.24
https://gpacalculator.net/admission/ohio-wesleyan-university/,0,255,11.13
https://gpacalculator.net/admissions/endicott-college/,0,255,6.85
https://gpacalculator.net/admission/missouri-state-university-springfield/,0,254,19.98
https://gpacalculator.net/admission/northern-michigan-university/,0,254,13.61
https://gpacalculator.net/admissions/boise-state-university/,0,254,8.44
https://gpacalculator.net/admissions/monmouth-university/,0,254,7.98
https://gpacalculator.net/admissions/santa-clara-university/,0,254,7.76
https://gpacalculator.net/admission/university-of-southern-indiana/,0,252,12.58
https://gpacalculator.net/admission/ashland-university/,0,251,14.85
https://gpacalculator.net/admission/pacific-university/,0,251,22.59
https://gpacalculator.net/admissions/amherst/,0,251,7.43
https://gpacalculator.net/admissions/cuny-city-college/,0,251,8.16
https://gpacalculator.net/admission/drake-university/,0,250,13.9
https://gpacalculator.net/admission/norwich-university/,0,250,19.08
https://gpacalculator.net/admission/lander-university/,0,249,10.99
https://gpacalculator.net/admission/immaculata-university/,0,248,17.09
https://gpacalculator.net/admission/pennsylvania-state-university-penn-state-abington/,0,248,28.82
https://gpacalculator.net/admission/edinboro-university-of-pennsylvania/,0,247,10.64
https://gpacalculator.net/admission/pittsburg-state-university/,0,247,17.44
https://gpacalculator.net/admission/lipscomb-university/,0,246,14.62
https://gpacalculator.net/admission/university-of-arkansas-at-little-rock/,0,246,10.44
https://gpacalculator.net/admission/california-state-university-east-bay/,0,244,20.65
https://gpacalculator.net/admission/lincoln-university-of-pennsylvania/,0,242,23.27
https://gpacalculator.net/admission/university-of-la-verne/,0,242,15.26
https://gpacalculator.net/admissions/elon-university/,0,242,8.95
https://gpacalculator.net/admissions/kent-state-university-at-kent/,0,241,9.13
https://gpacalculator.net/admission/george-fox-university/,0,240,17.57
https://gpacalculator.net/admission/university-of-wyoming/,0,240,13.95
https://gpacalculator.net/admissions/cuny-bernard-m-baruch-college/,0,240,7.65
https://gpacalculator.net/admission/fairleigh-dickinson-uni-metropolitan-campus/,0,239,17.71
https://gpacalculator.net/admission/queens-university-of-charlotte/,0,239,17.27
https://gpacalculator.net/admissions/the-richard-stockton-college-of-new-jersey/,0,239,6.17
https://gpacalculator.net/admission/california-state-university-san-marcos/,0,236,16.33
https://gpacalculator.net/admission/michigan-technological-university/,0,236,18.41
https://gpacalculator.net/admission/university-of-hawaii-maui-college/,0,236,9.47
https://gpacalculator.net/admission/weber-state-university/,0,235,17.08
https://gpacalculator.net/admissions/nova-southeastern/,0,235,8.11
https://gpacalculator.net/admissions/james-madison-university/,0,234,8.62
https://gpacalculator.net/admission/mansfield-university-of-pennsylvania/,0,233,12.96
https://gpacalculator.net/admission/quincy-university/,0,232,10.92
https://gpacalculator.net/admission/eastern-illinois-university/,0,231,12.19
https://gpacalculator.net/admission/trinity-university/,0,231,25.35
https://gpacalculator.net/admission/university-of-indianapolis/,0,231,19.62
https://gpacalculator.net/admissions/university-of-arkansas/,0,230,7.91
https://gpacalculator.net/admission/howard-payne-university/,0,229,26.57
https://gpacalculator.net/admission/liu-brooklyn/,0,229,22.59
https://gpacalculator.net/admission/university-of-alabama-at-huntsville/,0,229,21.1
https://gpacalculator.net/admission/university-of-oklahoma-norman-campus/,0,229,26.38
https://gpacalculator.net/admissions/iowa-state-university/,0,229,8.6
https://gpacalculator.net/admission/averett-university/,0,228,14.47
https://gpacalculator.net/admission/cedarville-university/,0,228,16.35
https://gpacalculator.net/admission/texas-a-m-university-kingsville/,0,228,17.01
https://gpacalculator.net/admissions/suny-college-at-cortland/,0,228,8.07
https://gpacalculator.net/admissions/syracuse-university/,0,227,9.23
https://gpacalculator.net/admission/charles-r-drew-university-of-medicine-and-science/,0,226,37.31
https://gpacalculator.net/admission/pennsylvania-state-university-penn-state-greater-allegheny/,0,226,68.06
https://gpacalculator.net/admission/texas-a-m-university-corpus-christi/,0,226,11.49
https://gpacalculator.net/admission/university-of-south-florida-polytechnic/,0,226,55.2
https://gpacalculator.net/admission/cornerstone-university/,0,225,13.37
https://gpacalculator.net/admission/salisbury-university/,0,225,21.97
https://gpacalculator.net/admission/university-of-colorado-denver/,0,225,27.72
https://gpacalculator.net/admission/university-of-north-carolina-at-asheville/,0,225,22.23
https://gpacalculator.net/admissions/university-of-richmond/,0,225,8.97
https://gpacalculator.net/admission/reinhardt-university/,0,224,9.61
https://gpacalculator.net/admission/california-state-university-monterey-bay/,0,223,16.52
https://gpacalculator.net/admission/muskingum-university/,0,223,10.22
https://gpacalculator.net/admission/rosalind-franklin-university-of-medicine-and-science/,0,223,35.75
https://gpacalculator.net/admissions/iona-college/,0,223,6.25
https://gpacalculator.net/admissions/university-of-arizona/,0,223,9.16
https://gpacalculator.net/admission/morehead-state-university/,0,221,8.73
https://gpacalculator.net/admission/university-of-connecticut/,0,221,40.02
https://gpacalculator.net/admission/buena-vista-university/,0,220,9.11
https://gpacalculator.net/admission/university-of-san-francisco/,0,220,27.04
https://gpacalculator.net/admission/seattle-pacific-university/,0,219,20.83
https://gpacalculator.net/admission/st-marys-university/,0,219,11.25
https://gpacalculator.net/admission/university-of-portland/,0,219,27.78
https://gpacalculator.net/admissions/augusta-university/,0,219,9.69
https://gpacalculator.net/admission/university-of-pittsburgh-johnstown/,0,218,20.99
https://gpacalculator.net/admissions/emerson-college/,0,218,6.93
https://gpacalculator.net/admissions/university-of-new-haven/,0,216,6.86
https://gpacalculator.net/admission/kansas-state-university/,0,214,21.45
https://gpacalculator.net/admission/university-of-phoenix-lafayette/,0,214,26.62
https://gpacalculator.net/admissions/denison/,0,214,7.28
https://gpacalculator.net/admissions/depaul/,0,214,8.59
https://gpacalculator.net/admission/concordia-university-seward/,0,213,35.98
https://gpacalculator.net/admission/university-of-northern-iowa/,0,213,13.64
https://gpacalculator.net/admissions/university-of-memphis/,0,213,7.43
https://gpacalculator.net/admission/viterbo-university/,0,212,8.14
https://gpacalculator.net/admissions/bucknell-university/,0,212,8.64
https://gpacalculator.net/admissions/the-juilliard-school/,0,212,9.62
https://gpacalculator.net/admissions/virginia-state-university/,0,212,7.15
https://gpacalculator.net/admission/angelo-state-university/,0,211,10.87
https://gpacalculator.net/admissions/rutgers-university-newark/,0,211,10.65
https://gpacalculator.net/admission/concordia-university-nebraska/,0,210,16.72
https://gpacalculator.net/admission/henderson-state-university/,0,210,11.38
https://gpacalculator.net/admission/houston-baptist-university/,0,210,15.15
https://gpacalculator.net/admission/dallas-baptist-university/,0,209,17.02
https://gpacalculator.net/admission/dillard-university/,0,208,10.68
https://gpacalculator.net/admissions/broward-college/,0,208,7.34
https://gpacalculator.net/admissions/loyola-university-chicago/,0,208,9.57
https://gpacalculator.net/admissions/seattle-university/,0,208,8.32
https://gpacalculator.net/admission/arkansas-tech-university/,0,207,12.95
https://gpacalculator.net/admissions/berry/,0,206,8.21
https://gpacalculator.net/admissions/davidson/,0,206,7.45
https://gpacalculator.net/admission/american-intercontinental-university-atlanta/,0,205,21.16
https://gpacalculator.net/admission/argosy-university-atlanta/,0,205,2.68
https://gpacalculator.net/admission/high-point-university/,0,205,24.54
https://gpacalculator.net/admission/virginia-university-of-lynchburg/,0,205,13.14
https://gpacalculator.net/admission/the-university-of-montana/,0,204,20.98
https://gpacalculator.net/admissions/university-of-san-francisco/,0,204,7.98
https://gpacalculator.net/admission/lawrence-university/,0,203,21.9
https://gpacalculator.net/admission/oakwood-university/,0,203,11.22
https://gpacalculator.net/admission/suffolk-university/,0,203,11.38
https://gpacalculator.net/admission/maryville-university-of-saint-louis/,0,202,12.43
https://gpacalculator.net/admission/sonoma-state-university/,0,202,15.44
https://gpacalculator.net/admissions/san-jose-state-university/,0,202,7.82
https://gpacalculator.net/admissions/wentworth-institute-of-technology/,0,202,7.09
https://gpacalculator.net/admission/indiana-university-southeast/,0,201,36.08
https://gpacalculator.net/admission/nebraska-wesleyan-university/,0,201,22.75
https://gpacalculator.net/admission/tiffin-university/,0,201,12.39
https://gpacalculator.net/admissions/babson/,0,201,7.55
https://gpacalculator.net/admissions/university-of-south-carolina-columbia/,0,200,7.77
https://gpacalculator.net/admissions/university-of-the-pacific/,0,200,7.38
https://gpacalculator.net/admission/philadelphia-university/,0,199,17.89
https://gpacalculator.net/admission/wright-state-university-main-campus/,0,199,13.77
https://gpacalculator.net/admission/augusta-state-university/,0,198,24.83
https://gpacalculator.net/admission/west-virginia-state-university/,0,198,24.05
https://gpacalculator.net/admission/university-of-maryland-baltimore-county/,0,197,10.78
https://gpacalculator.net/admission/university-of-new-mexico-los-alamos-campus/,0,197,29.72
https://gpacalculator.net/admissions/ferris-state-university/,0,197,8.02
https://gpacalculator.net/admissions/california-state-university-sacramento/,0,196,8.02
https://gpacalculator.net/admission/lenoir-rhyne-university/,0,195,12.49
https://gpacalculator.net/admission/tennessee-temple-university/,0,195,50.24
https://gpacalculator.net/admissions/alabama/,0,195,10.64
https://gpacalculator.net/admissions/pratt/,0,195,6.97
https://gpacalculator.net/admission/north-dakota-state-university-main-campus/,0,194,16.32
https://gpacalculator.net/admissions/boston-university/,0,194,8.08
https://gpacalculator.net/admissions/brown/,0,194,8.4
https://gpacalculator.net/admissions/winthrop/,0,194,7.56
https://gpacalculator.net/admission/catholic-university-of-america/,0,193,26.97
https://gpacalculator.net/admission/franklin-pierce-university/,0,193,14.53
https://gpacalculator.net/admissions/george-mason-university/,0,193,8.24
https://gpacalculator.net/admission/webber-international-university/,0,192,12.93
https://gpacalculator.net/admissions/stonehill-college/,0,192,7.3
https://gpacalculator.net/admissions/troy-university/,0,192,7.15
https://gpacalculator.net/admissions/umd/,0,192,10.55
https://gpacalculator.net/admission/university-of-advancing-technology/,0,191,23.12
https://gpacalculator.net/admission/mckendree-university/,0,190,10.06
https://gpacalculator.net/admission/pennsylvania-state-university-penn-state-wilkes-barre/,0,190,61.34
https://gpacalculator.net/admissions/culinary-institute-of-america/,0,190,6.51
https://gpacalculator.net/admissions/thomas-jefferson-university/,0,190,6.67
https://gpacalculator.net/admissions/winston-salem-state-university/,0,190,8.05
https://gpacalculator.net/admission/ohio-state-university-mansfield-campus/,0,189,61.31
https://gpacalculator.net/admission/university-of-central-arkansas/,0,189,12.92
https://gpacalculator.net/admission/city-university-of-seattle/,0,188,24.3
https://gpacalculator.net/admission/trine-university-south-bend-regional-campus/,0,188,10.77
https://gpacalculator.net/admission/south-carolina-state-university/,0,187,26.35
https://gpacalculator.net/admission/university-of-houston-victoria/,0,187,17.78
https://gpacalculator.net/admissions/central-michigan-university/,0,187,7.32
https://gpacalculator.net/admissions/loyola-university-maryland/,0,187,8.52
https://gpacalculator.net/admissions/trinity-university/,0,187,7.39
https://gpacalculator.net/admission/university-of-new-orleans/,0,186,14.35
https://gpacalculator.net/admission/western-illinois-university/,0,186,16.7
https://gpacalculator.net/admissions/south-texas-college/,0,186,6.33
https://gpacalculator.net/admissions/xavier-university/,0,186,9.6
https://gpacalculator.net/admissions/furman-university/,0,185,8.9
https://gpacalculator.net/admissions/kutztown-university-of-pennsylvania/,0,185,7.17
https://gpacalculator.net/admissions/salem-state-university/,0,185,6.82
https://gpacalculator.net/admission/ottawa-university-phoenix/,0,184,16.8
https://gpacalculator.net/admissions/bridgewater-state-university/,0,183,7.42
https://gpacalculator.net/admission/trine-university/,0,182,10.17
https://gpacalculator.net/admissions/west-point/,0,182,8.32
https://gpacalculator.net/admissions/suny-college-at-oswego/,0,181,6.99
https://gpacalculator.net/admission/american-university/,0,180,58.6
https://gpacalculator.net/admission/freed-hardeman-university/,0,180,13.21
https://gpacalculator.net/admission/hollins-university/,0,180,15.48
https://gpacalculator.net/admission/ohio-northern-university/,0,180,13.66
https://gpacalculator.net/admission/pennsylvania-state-university-penn-state-shenango/,0,180,62.68
https://gpacalculator.net/admission/bowling-green-state-university-firelands/,0,179,33.41
https://gpacalculator.net/admission/our-lady-of-the-lake-university-san-antonio/,0,179,9.4
https://gpacalculator.net/admissions/hope/,0,179,6.22
https://gpacalculator.net/admissions/western-carolina-university/,0,179,8.53
https://gpacalculator.net/admission/argosy-university-denver/,0,178,3.15
https://gpacalculator.net/admission/university-of-phoenix-raleigh-campus/,0,178,29.67
https://gpacalculator.net/admissions/saint-josephs-university/,0,178,7.03
https://gpacalculator.net/admission/kent-state-university-at-tuscarawas/,0,177,23.56
https://gpacalculator.net/admission/seattle-university/,0,176,28.62
https://gpacalculator.net/admission/south-dakota-state-university/,0,176,18.55
https://gpacalculator.net/admissions/creighton/,0,176,7.85
https://gpacalculator.net/admissions/yale/,0,176,10.43
https://gpacalculator.net/admission/university-of-missouri-st-louis/,0,175,13.87
https://gpacalculator.net/admission/university-of-maryland-baltimore/,0,174,29.11
https://gpacalculator.net/admissions/colby/,0,174,6.52
https://gpacalculator.net/admissions/trinity/,0,174,7.03
https://gpacalculator.net/admission/indiana-university-purdue-university-indianapolis/,0,173,43.61
https://gpacalculator.net/admission/university-of-mary-washington/,0,173,18.47
https://gpacalculator.net/admissions/samford/,0,173,7.05
https://gpacalculator.net/admissions/williams/,0,173,7.76
https://gpacalculator.net/admission/university-of-phoenix-augusta-campus/,0,172,60.06
https://gpacalculator.net/admissions/fayetteville-state-university/,0,172,6.77
https://gpacalculator.net/admissions/stevenson-university/,0,172,7.16
https://gpacalculator.net/admissions/university-of-cincinnati-main-campus/,0,172,8.55
https://gpacalculator.net/admission/drew-university/,0,171,21.01
https://gpacalculator.net/admission/university-of-bridgeport/,0,171,13.84
https://gpacalculator.net/admissions/colgate/,0,171,9.72
https://gpacalculator.net/admissions/university-of-denver/,0,171,8.08
https://gpacalculator.net/admission/east-stroudsburg-university-of-pennsylvania/,0,170,14.98
https://gpacalculator.net/admission/pennsylvania-state-university-penn-state-schuylkill/,0,170,59.17
https://gpacalculator.net/admission/west-coast-university-orange-county/,0,170,13.04
https://gpacalculator.net/admissions/murray-state-university/,0,170,6.72
https://gpacalculator.net/admissions/widener-university-main-campus/,0,170,6.31
https://gpacalculator.net/admission/oregon-university-system/,0,169,57.7
https://gpacalculator.net/admission/university-of-the-incarnate-word/,0,169,18.16
https://gpacalculator.net/admission/evangel-university/,0,168,20.17
https://gpacalculator.net/admission/pennsylvania-state-uni-penn-state-harrisburg/,0,167,30.54
https://gpacalculator.net/admissions/lynn-university/,0,167,6.53
https://gpacalculator.net/admissions/university-of-st-thomas/,0,167,8.68
https://gpacalculator.net/admissions/grand-valley-state-university/,0,166,8.11
https://gpacalculator.net/admissions/salve-regina-university/,0,166,7.69
https://gpacalculator.net/admissions/savannah-state-university/,0,166,7.52
https://gpacalculator.net/admissions/xavier-university-of-louisiana/,0,166,8.98
https://gpacalculator.net/admission/mcmurry-university/,0,165,9.79
https://gpacalculator.net/admissions/ut-austin/,0,165,12.87
https://gpacalculator.net/admission/university-of-south-carolina-union/,0,164,46.59
https://gpacalculator.net/admissions/holy-cross-college/,0,164,8.99
https://gpacalculator.net/admission/cheyney-university-of-pennsylvania/,0,163,20.18
https://gpacalculator.net/admission/claremont-graduate-university/,0,163,12.36
https://gpacalculator.net/admission/john-f-kennedy-university/,0,163,9.71
https://gpacalculator.net/admission/mount-st-marys-university/,0,163,20.41
https://gpacalculator.net/admissions/ohio-university-main-campus/,0,163,11.23
https://gpacalculator.net/admission/sullivan-university/,0,162,8.69
https://gpacalculator.net/admissions/marshall-university/,0,162,7.8
https://gpacalculator.net/admissions/point-loma-nazarene-university/,0,162,7.67
https://gpacalculator.net/admissions/skidmore-college/,0,161,7.78
https://gpacalculator.net/admissions/university-of-nevada-reno/,0,161,8.22
https://gpacalculator.net/admission/delta-state-university/,0,160,10.04
https://gpacalculator.net/admissions/claremont-mckenna/,0,160,8.79
https://gpacalculator.net/admissions/stetson-university/,0,160,7.44
https://gpacalculator.net/admissions/wingate-university/,0,159,6.75
https://gpacalculator.net/admission/bethel-university/,0,158,18.88
https://gpacalculator.net/admission/chaminade-university-of-honolulu/,0,158,10.8
https://gpacalculator.net/admission/texas-tech-university-system-administration/,0,158,56.5
https://gpacalculator.net/admissions/bethune-cookman-university/,0,158,7.86
https://gpacalculator.net/admissions/citadel/,0,158,7.53
https://gpacalculator.net/admission/johnson-wales-university-online/,0,157,32.26
https://gpacalculator.net/admission/university-of-cincinnati-clermont-college/,0,157,20.84
https://gpacalculator.net/admissions/siena-college/,0,157,7.2
https://gpacalculator.net/admissions/gettysburg-college/,0,156,8.6
https://gpacalculator.net/admission/university-of-charleston/,0,155,14.99
https://gpacalculator.net/admissions/brandeis/,0,155,8.43
https://gpacalculator.net/admissions/grambling-state-university/,0,155,7.23
https://gpacalculator.net/admissions/university-of-la-verne/,0,155,6.05
https://gpacalculator.net/admission/bemidji-state-university/,0,154,11.93
https://gpacalculator.net/admission/lincoln-university-3/,0,154,28.69
https://gpacalculator.net/admission/university-of-west-alabama/,0,154,14.9
https://gpacalculator.net/admission/whitworth-university/,0,154,12.08
https://gpacalculator.net/admission/fresno-pacific-university/,0,152,26.04
https://gpacalculator.net/admission/johnson-wales-university-north-miami/,0,152,22.01
https://gpacalculator.net/admission/benedictine-university/,0,151,16.95
https://gpacalculator.net/admission/clarkson-university/,0,151,18.87
https://gpacalculator.net/admission/columbia-southern-university/,0,151,13.54
https://gpacalculator.net/admission/frontier-nursing-university/,0,151,12.34
https://gpacalculator.net/admission/minot-state-university/,0,151,12.09
https://gpacalculator.net/admission/university-of-alaska-fairbanks/,0,151,18.78
https://gpacalculator.net/admissions/michigan-state-university/,0,151,11.19
https://gpacalculator.net/admissions/uc-riverside/,0,151,9.1
https://gpacalculator.net/admission/harris-stowe-state-university/,0,150,13.11
https://gpacalculator.net/admission/university-of-new-hampshire-at-manchester/,0,150,39.99
https://gpacalculator.net/admissions/miami-university/,0,150,12.72
https://gpacalculator.net/admissions/university-of-idaho/,0,150,6.95
https://gpacalculator.net/admission/bellarmine-university/,0,149,12.36
https://gpacalculator.net/admission/oakland-city-university/,0,149,22.72
https://gpacalculator.net/admission/ottawa-university-ottawa/,0,149,28.84
https://gpacalculator.net/admissions/tennessee-state-university/,0,149,9.09
https://gpacalculator.net/admission/otterbein-university/,0,148,13.63
https://gpacalculator.net/admissions/cal-poly-slo/,0,148,11.69
https://gpacalculator.net/admission/alaska-pacific-university/,0,147,13.43
https://gpacalculator.net/admission/campbell-university/,0,147,17.03
https://gpacalculator.net/admission/woodbury-university/,0,147,11.14
https://gpacalculator.net/admission/northcentral-university/,0,145,10.66
https://gpacalculator.net/admission/pennsylvania-state-uni-penn-state-brandywine/,0,145,40.31
https://gpacalculator.net/admission/university-of-illinois-at-springfield/,0,145,12.77
https://gpacalculator.net/admission/university-of-maryland-university-college/,0,145,65.76
https://gpacalculator.net/admissions/barnard/,0,145,7.83
https://gpacalculator.net/admissions/california-state-university-monterey-bay/,0,145,7.12
https://gpacalculator.net/admissions/south-carolina-state-university/,0,145,7.09
https://gpacalculator.net/admission/harding-university/,0,144,18.48
https://gpacalculator.net/admission/southern-university-at-new-orleans/,0,144,21.94
https://gpacalculator.net/admissions/bradley/,0,144,6.89
https://gpacalculator.net/admissions/christopher-newport/,0,144,7.51
https://gpacalculator.net/admissions/harper-college/,0,144,5.57
https://gpacalculator.net/admissions/occidental-college/,0,144,8.45
https://gpacalculator.net/admissions/shenandoah-university/,0,144,7.85
https://gpacalculator.net/admission/university-of-central-missouri/,0,143,13.32
https://gpacalculator.net/admission/university-of-phoenix-pittsburgh-campus/,0,143,40.62
https://gpacalculator.net/admissions/bowling-green-state-university-main-campus/,0,143,7.26
https://gpacalculator.net/admissions/lander-university/,0,143,6.22
https://gpacalculator.net/admissions/rose-hulman/,0,143,7.01
https://gpacalculator.net/admissions/university-of-akron-main-campus/,0,143,5.55
https://gpacalculator.net/admission/oklahoma-city-university/,0,142,19.63
https://gpacalculator.net/admissions/gonzaga-university/,0,142,8.01
https://gpacalculator.net/admissions/montana-state-university/,0,141,7.82
https://gpacalculator.net/admissions/roosevelt-university/,0,141,6.66
https://gpacalculator.net/admissions/weber-state-university/,0,141,6.33
https://gpacalculator.net/admission/devry-unis-keller-graduate-school-of-management-indiana/,0,140,24.71
https://gpacalculator.net/admissions/california-baptist-university/,0,140,8.22
https://gpacalculator.net/admissions/duquesne/,0,140,7.29
https://gpacalculator.net/admissions/mississippi-state-university/,0,140,7.56
https://gpacalculator.net/admissions/university-of-portland/,0,140,6.91
https://gpacalculator.net/admission/bob-jones-university/,0,139,12.17
https://gpacalculator.net/admission/northwest-nazarene-university/,0,139,14.55
https://gpacalculator.net/admission/university-of-phoenix-cheyenne-campus/,0,139,39.07
https://gpacalculator.net/admissions/california-state-university-los-angeles/,0,139,8.68
https://gpacalculator.net/admissions/cuny-lehman-college/,0,139,7.27
https://gpacalculator.net/admissions/drake-university/,0,139,6.14
https://gpacalculator.net/admissions/el-centro-college/,0,139,6.5
https://gpacalculator.net/admission/northwest-missouri-state-university/,0,138,12.09
https://gpacalculator.net/admission/university-of-north-texas-system/,0,138,44.88
https://gpacalculator.net/admissions/cuny-kingsborough-community-college/,0,138,5.33
https://gpacalculator.net/admissions/depauw/,0,138,6.37
https://gpacalculator.net/admission/oklahoma-baptist-university/,0,137,11.44
https://gpacalculator.net/admission/saint-louis-university-main-campus/,0,137,19.07
https://gpacalculator.net/admissions/macalester/,0,137,5.96
https://gpacalculator.net/admissions/scripps/,0,137,7.1
https://gpacalculator.net/admissions/seton-hall-university/,0,137,7.67
https://gpacalculator.net/admissions/university-of-scranton/,0,137,7.63
https://gpacalculator.net/admission/schreiner-university/,0,136,9.93
https://gpacalculator.net/admissions/minnesota-state-university-mankato/,0,136,7.61
https://gpacalculator.net/admissions/saint-peters-college/,0,136,5.94
https://gpacalculator.net/admissions/university-of-evansville/,0,136,6.5
https://gpacalculator.net/admissions/wake-technical-community-college/,0,136,7.65
https://gpacalculator.net/admission/shorter-university-college-of-adult-professional-programs/,0,135,10.62
https://gpacalculator.net/admission/university-of-baltimore/,0,135,11.27
https://gpacalculator.net/admission/university-of-louisiana-at-monroe/,0,135,16.06
https://gpacalculator.net/admissions/chemeketa-community-college/,0,135,5.79
https://gpacalculator.net/admissions/eckerd/,0,135,8.06
https://gpacalculator.net/admissions/university-of-st-thomas-tx/,0,135,7.63
https://gpacalculator.net/admission/georgia-southern-university,0,134,20.2
https://gpacalculator.net/admission/midamerica-nazarene-university/,0,134,18.59
https://gpacalculator.net/admission/seattle-university,0,134,13.69
https://gpacalculator.net/admissions/suny-binghamton/,0,134,7.13
https://gpacalculator.net/admissions/valparaiso/,0,134,6.56
https://gpacalculator.net/admission/newman-university/,0,133,9.53
https://gpacalculator.net/admission/tennessee-state-university/,0,133,31.5
https://gpacalculator.net/admission/university-of-wisconsin-superior/,0,133,13.05
https://gpacalculator.net/admissions/hawaii-pacific-university/,0,133,7.71
https://gpacalculator.net/admission/judson-university/,0,132,10.78
https://gpacalculator.net/admission/millikin-university/,0,132,13.77
https://gpacalculator.net/admissions/pennsylvania-state-university-main-campus/,0,132,15.87
https://gpacalculator.net/admissions/swarthmore/,0,132,8.4
https://gpacalculator.net/admission/athens-state-university/,0,131,10.53
https://gpacalculator.net/admission/pfeiffer-university/,0,131,10.52
https://gpacalculator.net/admissions/california-state-university-northridge/,0,131,7.55
https://gpacalculator.net/admissions/hamline-university/,0,131,5.05
https://gpacalculator.net/admissions/jacksonville-university/,0,130,6.52
https://gpacalculator.net/admissions/springfield-college/,0,130,6.35
https://gpacalculator.net/admissions/the-university-of-montana/,0,130,8.21
https://gpacalculator.net/admissions/university-of-maine/,0,130,7.5
https://gpacalculator.net/admission/azusa-pacific-online-university/,0,129,31.52
https://gpacalculator.net/admission/south-university-the-art-institute-of-dallas/,0,129,16.67
https://gpacalculator.net/admission/texas-a-m-university-galveston/,0,129,14.38
https://gpacalculator.net/admission/university-of-tulsa/,0,129,21.87
https://gpacalculator.net/admissions/monroe-college-main-campus/,0,129,7.64
https://gpacalculator.net/admissions/normandale-community-college/,0,129,7.92
https://gpacalculator.net/admission/wichita-state-university/,0,128,14.66
https://gpacalculator.net/admissions/chicago-state-university/,0,128,6.92
https://gpacalculator.net/admissions/linfield-college-mcminnville-campus/,0,128,6.9
https://gpacalculator.net/admissions/lipscomb-university/,0,128,6.8
https://gpacalculator.net/admission/amberton-university/,0,127,11.49
https://gpacalculator.net/admission/east-central-university/,0,127,9.3
https://gpacalculator.net/admission/governors-state-university/,0,127,15.32
https://gpacalculator.net/admission/johnson-wales-university-denver/,0,127,39.28
https://gpacalculator.net/admission/pennsylvania-state-uni-penn-state-erie-behrend-college/,0,127,10.8
https://gpacalculator.net/admission/university-of-maine-at-augusta/,0,127,13.98
https://gpacalculator.net/admission/university-of-saint-mary/,0,127,25.79
https://gpacalculator.net/admissions/arcadia-university/,0,127,6.92
https://gpacalculator.net/admissions/georgia-state-university/,0,127,11.45
https://gpacalculator.net/admissions/lock-haven-university/,0,127,7.57
https://gpacalculator.net/admission/parker-university/,0,126,14.91
https://gpacalculator.net/admission/post-university/,0,126,16.84
https://gpacalculator.net/admissions/alabama-state-university/,0,126,9.59
https://gpacalculator.net/admissions/florida-institute-of-technology/,0,126,8.31
https://gpacalculator.net/admissions/st-petersburg-college/,0,126,6.53
https://gpacalculator.net/admissions/dominican-university/,0,125,6.74
https://gpacalculator.net/admission/concordia-university-chicago/,0,124,26.28
https://gpacalculator.net/admission/long-island-university-university-center-campus/,0,124,15.21
https://gpacalculator.net/admissions/university-of-detroit-mercy/,0,124,7.09
https://gpacalculator.net/admission/pacific-lutheran-university/,0,123,11.71
https://gpacalculator.net/admission/wilkes-university/,0,123,14.2
https://gpacalculator.net/admissions/utah-valley-university/,0,123,7.13
https://gpacalculator.net/admission/montana-state-university/,0,122,15.54
https://gpacalculator.net/admissions/university-of-phoenix-online-campus/,0,122,5.38
https://gpacalculator.net/admissions/wellesley/,0,122,7.48
https://gpacalculator.net/admission/pennsylvania-state-university-penn-state-lehigh-valley/,0,121,47.66
https://gpacalculator.net/admissions/emmanuel-college/,0,121,7.98
https://gpacalculator.net/admissions/ithaca-college/,0,121,9.88
https://gpacalculator.net/admissions/suny-college-at-old-westbury/,0,121,7.41
https://gpacalculator.net/admissions/university-of-hartford/,0,121,6.77
https://gpacalculator.net/admissions/university-of-west-georgia/,0,121,7.83
https://gpacalculator.net/admission/kings-university/,0,120,17.6
https://gpacalculator.net/admission/western-new-mexico-university/,0,120,9.03
https://gpacalculator.net/admissions/angelo-state-university/,0,120,6.96
https://gpacalculator.net/admissions/keiser-university-ft-lauderdale/,0,120,9.07
https://gpacalculator.net/admissions/longwood-university/,0,120,6.92
https://gpacalculator.net/admissions/york-college/,0,120,8.18
https://gpacalculator.net/admission/dakota-state-university/,0,119,18.6
https://gpacalculator.net/admission/notre-dame-de-namur-university/,0,119,32.02
https://gpacalculator.net/admission/oklahoma-wesleyan-university/,0,119,19.49
https://gpacalculator.net/admission/william-penn-university/,0,119,17.95
https://gpacalculator.net/admissions/carleton/,0,119,8.84
https://gpacalculator.net/admissions/st-marys-university/,0,119,7.86
https://gpacalculator.net/admissions/wisconsin/,0,119,9.23
https://gpacalculator.net/admission/rogers-state-university/,0,118,15.9
https://gpacalculator.net/admission/the-university-of-texas-of-the-permian-basin/,0,118,14.48
https://gpacalculator.net/admission/university-of-mary/,0,118,10.21
https://gpacalculator.net/admission/widener-university-main-campus/,0,118,14.87
https://gpacalculator.net/admissions/alvernia-university/,0,118,6.53
https://gpacalculator.net/admissions/austin-college/,0,118,6.54
https://gpacalculator.net/admissions/kenyon/,0,118,6.72
https://gpacalculator.net/admissions/smith/,0,118,7.4
https://gpacalculator.net/admission/dickinson-state-university/,0,117,28.68
https://gpacalculator.net/admissions/trine-university/,0,117,6.87
https://gpacalculator.net/admission/rosalind-franklin-uni-of-medicine-and-science/,0,116,18.22
https://gpacalculator.net/admissions/alcorn-state-university/,0,116,6.97
https://gpacalculator.net/admissions/california-state-university-dominguez-hills/,0,116,6.97
https://gpacalculator.net/admissions/cornell/,0,116,10.88
https://gpacalculator.net/admissions/lenoir-rhyne-university/,0,116,6.7
https://gpacalculator.net/admissions/ramapo-college-of-new-jersey/,0,116,7.77
https://gpacalculator.net/admissions/sam-houston-state-university/,0,116,7.95
https://gpacalculator.net/admissions/university-of-north-dakota/,0,116,8.43
https://gpacalculator.net/admission/briar-cliff-university/,0,115,11.31
https://gpacalculator.net/admission/kent-state-university-at-stark/,0,115,23.59
https://gpacalculator.net/admission/strayer-university-texas/,0,115,16.24
https://gpacalculator.net/admission/wayland-baptist-university/,0,115,15.27
https://gpacalculator.net/admissions/bellarmine-university/,0,115,6.81
https://gpacalculator.net/admissions/colorado-state-university-fort-collins/,0,115,7.97
https://gpacalculator.net/admissions/manhattan-college/,0,115,7.03
https://gpacalculator.net/admissions/rollins-college/,0,115,7.47
https://gpacalculator.net/admissions/saint-edwards-university/,0,115,6.5
https://gpacalculator.net/admissions/st-olaf-college/,0,115,8.8
https://gpacalculator.net/admissions/university-of-massachusetts-boston/,0,115,7.72
https://gpacalculator.net/admission/grand-view-university/,0,114,9.66
https://gpacalculator.net/admission/herzing-university-winter-park/,0,114,10.72
https://gpacalculator.net/admission/university-of-arkansas-at-pine-bluff/,0,114,32.6
https://gpacalculator.net/admission/university-system-of-maryland/,0,114,54.67
https://gpacalculator.net/admissions/arkansas-state-university-main-campus/,0,114,9.59
https://gpacalculator.net/admission/north-central-university/,0,113,11.78
https://gpacalculator.net/admission/spring-arbor-university/,0,113,14.5
https://gpacalculator.net/admission/texas-wesleyan-university/,0,113,32.98
https://gpacalculator.net/admission/william-woods-university/,0,113,15.01
https://gpacalculator.net/admissions/dartmouth/,0,113,9.93
https://gpacalculator.net/admissions/daytona-state-college/,0,113,7.19
https://gpacalculator.net/admissions/foothill-college/,0,113,6.48
https://gpacalculator.net/admissions/purdue-university-northwest/,0,113,7.08
https://gpacalculator.net/admissions/suny-college-at-oneonta/,0,113,7.73
https://gpacalculator.net/admissions/triton-college/,0,113,7.34
https://gpacalculator.net/admission/american-public-university-system/,0,112,12.04
https://gpacalculator.net/admission/east-texas-baptist-university/,0,112,13.88
https://gpacalculator.net/admission/holy-names-university/,0,112,9.8
https://gpacalculator.net/admission/northeastern-state-university/,0,112,42.12
https://gpacalculator.net/admission/touro-university-nevada/,0,112,12.65
https://gpacalculator.net/admissions/eastern-washington-university/,0,112,7.1
https://gpacalculator.net/admissions/flagler-college-st-augustine/,0,112,7.11
https://gpacalculator.net/admissions/suny-at-purchase-college/,0,112,7.94
https://gpacalculator.net/admission/cumberland-university/,0,111,14.25
https://gpacalculator.net/admissions/carnegie-mellon/,0,111,9.24
https://gpacalculator.net/admissions/hanover/,0,111,7.41
https://gpacalculator.net/admissions/lindenwood-university/,0,111,7.16
https://gpacalculator.net/admissions/miller-motte-technical-college-macon/,0,111,8.33
https://gpacalculator.net/admissions/uab/,0,111,8.71
https://gpacalculator.net/admissions/university-of-mary-washington/,0,111,6.86
https://gpacalculator.net/admissions/whitman-college/,0,111,7.65
https://gpacalculator.net/admission/lee-university/,0,110,30.82
https://gpacalculator.net/admission/oklahoma-state-university-institute-of-technology/,0,110,18.93
https://gpacalculator.net/admissions/grand-canyon-university/,0,110,10.75
https://gpacalculator.net/admission/american-intercontinental-university-houston/,0,109,28.2
https://gpacalculator.net/admission/martin-university/,0,109,22.15
https://gpacalculator.net/admission/pennsylvania-state-uni-penn-state-schuylkill/,0,109,41.82
https://gpacalculator.net/admission/university-of-new-mexico-valencia-county-campus/,0,109,42.76
https://gpacalculator.net/admission/university-of-sioux-falls/,0,109,17.21
https://gpacalculator.net/admissions/case-western/,0,109,10.17
https://gpacalculator.net/admissions/charleston-southern-university/,0,109,6.71
https://gpacalculator.net/admissions/clark-university/,0,109,8.39
https://gpacalculator.net/admissions/columbia/,0,109,7.66
https://gpacalculator.net/admissions/haverford/,0,109,8.75
https://gpacalculator.net/admission/california-lutheran-university/,0,108,22.59
https://gpacalculator.net/admission/university-of-hawaii-at-hilo/,0,108,14.33
https://gpacalculator.net/admission/university-of-north-dakota/,0,108,22.24
https://gpacalculator.net/admissions/bridgewater-college/,0,108,6.29
https://gpacalculator.net/admissions/cerritos-college/,0,108,5.35
https://gpacalculator.net/admissions/san-diego/,0,108,9.1
https://gpacalculator.net/admissions/sonoma-state-university/,0,108,6.29
https://gpacalculator.net/admissions/utah-state-university/,0,108,6.61
https://gpacalculator.net/admission/florida,0,107,28.21
https://gpacalculator.net/admission/new-mexico-state-university-carlsbad/,0,107,18.79
https://gpacalculator.net/admission/wheeling-jesuit-university/,0,107,10.66
https://gpacalculator.net/admissions/edgewood-college/,0,107,8.04
https://gpacalculator.net/admissions/university-of-wisconsin-whitewater/,0,107,7.2
https://gpacalculator.net/admission/southern-polytechnic-state-university/,0,106,11.37
https://gpacalculator.net/admission/sul-ross-state-university/,0,106,10.79
https://gpacalculator.net/admissions/colorado-mesa-university/,0,106,8.33
https://gpacalculator.net/admissions/cooper-union-for-the-advancement-of-science-and-art/,0,106,7.52
https://gpacalculator.net/admissions/florida-college/,0,106,17.37
https://gpacalculator.net/admissions/illinois-state-university/,0,106,7.2
https://gpacalculator.net/admissions/saginaw-valley-state-university/,0,106,7.62
https://gpacalculator.net/admissions/saint-xavier-university/,0,106,7.37
https://gpacalculator.net/admissions/winona-state-university/,0,106,8.04
https://gpacalculator.net/admission/indiana-university-kokomo/,0,105,18.74
https://gpacalculator.net/admission/international-technological-university/,0,105,16.94
https://gpacalculator.net/admission/saint-johns-university/,0,105,38.66
https://gpacalculator.net/admission/widener-university-delaware-campus/,0,105,11.2
https://gpacalculator.net/admissions/austin-peay-state-university/,0,105,6.81
https://gpacalculator.net/admissions/rider-university/,0,105,7.83
https://gpacalculator.net/admissions/suny-at-albany/,0,105,8.88
https://gpacalculator.net/admissions/wagner-college/,0,105,7.5
https://gpacalculator.net/admission/concordia-university-portland/,0,104,35.68
https://gpacalculator.net/admission/concordia-university-wisconsin/,0,104,22.29
https://gpacalculator.net/admission/langston-university/,0,104,13.88
https://gpacalculator.net/admission/lincoln-university/,0,104,25.61
https://gpacalculator.net/admission/our-lady-of-the-lake-university/,0,104,10.26
https://gpacalculator.net/admission/university-of-northern-colorado/,0,104,10.7
https://gpacalculator.net/admissions/biola-university/,0,104,6.67
https://gpacalculator.net/admissions/chattahoochee-technical-college/,0,104,6.87
https://gpacalculator.net/admissions/university-of-charleston/,0,104,6.8
https://gpacalculator.net/admission/fisk-university/,0,103,19.15
https://gpacalculator.net/admission/university-of-the-pacific,0,103,22.48
https://gpacalculator.net/admissions/ave-maria-university/,0,103,6.5
https://gpacalculator.net/admissions/mercy-college/,0,103,5.54
https://gpacalculator.net/admissions/mount-holyoke/,0,103,8.67
https://gpacalculator.net/admissions/oklahoma-state-university-main-campus/,0,103,8.63
https://gpacalculator.net/admissions/slippery-rock-university-of-pennsylvania/,0,103,7.16
https://gpacalculator.net/admissions/suny-college-at-brockport/,0,103,8.49
https://gpacalculator.net/admission/baker-university/,0,102,11.23
https://gpacalculator.net/admission/university-of-phoenix-baton-rouge-campus/,0,102,38.4
https://gpacalculator.net/admission/university-of-phoenix-columbia-campus/,0,102,55.57
https://gpacalculator.net/admissions/harding-university/,0,102,6.17
https://gpacalculator.net/admissions/lewis-university/,0,102,6.79
https://gpacalculator.net/admissions/lynchburg-college/,0,102,5.69
https://gpacalculator.net/admissions/saint-leo-university/,0,102,6.09
https://gpacalculator.net/admissions/st-francis-college/,0,102,6.68
https://gpacalculator.net/admissions/university-of-wyoming/,0,102,8.13
https://gpacalculator.net/admission/andrews-university/,0,101,15.91
https://gpacalculator.net/admissions/columbia-college-chicago/,0,101,8.15
https://gpacalculator.net/admissions/moravian-college-and-moravian-theological-seminary/,0,101,6.1
https://gpacalculator.net/admissions/saint-anselm-college/,0,101,8.26
https://gpacalculator.net/admission/ottawa-university-jeffersonville/,0,100,31.45
https://gpacalculator.net/admission/south-university-west-palm-beach/,0,100,10.63
https://gpacalculator.net/admission/wilmington-university/,0,100,17.6
https://gpacalculator.net/admissions/city-colleges-of-chicago-malcolm-x-college/,0,100,5.17
https://gpacalculator.net/admissions/cuny-hostos-community-college/,0,100,6.67
https://gpacalculator.net/admissions/indiana-university-purdue-university-fort-wayne/,0,100,7.49
https://gpacalculator.net/admissions/ivy-tech-community-college-southwest/,0,100,7.58
https://gpacalculator.net/admissions/pitzer/,0,100,7.99
https://gpacalculator.net/admission/eastern-mennonite-university/,0,99,12.36
https://gpacalculator.net/admission/lincoln-memorial-university/,0,99,14.7
https://gpacalculator.net/admissions/embry-riddle-prescott/,0,99,6.97
https://gpacalculator.net/admissions/miami-dade-college/,0,99,7.72
https://gpacalculator.net/admissions/southeastern-university/,0,99,7.41
https://gpacalculator.net/admission/robert-morris-university-illinois/,0,98,15.74
https://gpacalculator.net/admission/seton-hill-university/,0,98,14.6
https://gpacalculator.net/admission/university-of-phoenix-richmond-campus/,0,98,29.43
https://gpacalculator.net/admissions/agnes-scott/,0,98,7.68
https://gpacalculator.net/admissions/cuny-queensborough-community-college/,0,98,7.42
https://gpacalculator.net/admissions/kansas-state/,0,98,9.69
https://gpacalculator.net/admissions/midlands-technical-college/,0,98,5.81
https://gpacalculator.net/admissions/northern-arizona-university/,0,98,9.33
https://gpacalculator.net/admissions/university-of-california-merced/,0,98,9.02
https://gpacalculator.net/admission/montana-tech-of-the-university-of-montana/,0,97,13.49
https://gpacalculator.net/admission/northwestern-oklahoma-state-university/,0,97,40.44
https://gpacalculator.net/admission/ohio-christian-university/,0,97,13.3
https://gpacalculator.net/admission/pennsylvania-state-university-penn-state-dubois/,0,97,51.2
https://gpacalculator.net/admission/university-of-missouri-columbia/,0,97,30.67
https://gpacalculator.net/admissions/regis-university/,0,97,7.98
https://gpacalculator.net/admissions/rhode-island-college/,0,97,6.2
https://gpacalculator.net/admissions/sewanee-the-university-of-the-south/,0,97,9.23
https://gpacalculator.net/admissions/shippensburg-university-of-pennsylvania/,0,97,7.03
https://gpacalculator.net/admissions/suny-college-at-plattsburgh/,0,97,7.56
https://gpacalculator.net/admissions/western-kentucky-university/,0,97,7.87
https://gpacalculator.net/admission/university-of-connecticut-tri-campus/,0,96,64.93
https://gpacalculator.net/admissions/assumption-college/,0,96,7.1
https://gpacalculator.net/admissions/claflin-university/,0,96,7.21
https://gpacalculator.net/admissions/sarah-lawrence-college/,0,96,7.43
https://gpacalculator.net/admissions/wpi/,0,96,8.72
https://gpacalculator.net/admission/selma-university/,0,95,7.45
https://gpacalculator.net/admission/state-university-of-new-york-at-new-paltz/,0,95,18.76
https://gpacalculator.net/admissions/lake-forest-college/,0,95,5.8
https://gpacalculator.net/admissions/southeastern-louisiana-university/,0,95,8.41
https://gpacalculator.net/admissions/taylor/,0,95,7.61
https://gpacalculator.net/admission/carroll-university/,0,94,37.41
https://gpacalculator.net/admission/pennsylvania-state-uni-penn-state-greater-allegheny/,0,94,44.15
https://gpacalculator.net/admission/schiller-international-university/,0,94,10.1
https://gpacalculator.net/admission/texas-a-m-university-system-office/,0,94,60.79
https://gpacalculator.net/admission/west-liberty-university/,0,94,23.36
https://gpacalculator.net/admissions/nazareth-college/,0,94,7.61
https://gpacalculator.net/admissions/point-park-university/,0,94,7.96
https://gpacalculator.net/admissions/st-catherine-university/,0,94,6.07
https://gpacalculator.net/admission/trevecca-nazarene-university/,0,93,15.19
https://gpacalculator.net/admissions/fisk-university/,0,93,8.04
https://gpacalculator.net/admissions/langston-university/,0,93,6.87
https://gpacalculator.net/admissions/lewis-clark/,0,93,7.16
https://gpacalculator.net/admissions/lim-college/,0,93,6.89
https://gpacalculator.net/admissions/regent-university/,0,93,7.29
https://gpacalculator.net/admissions/thaddeus-stevens-college-of-technology/,0,93,6.84
https://gpacalculator.net/admissions/university-of-southern-indiana/,0,93,6.94
https://gpacalculator.net/admissions/washu/,0,93,8.4
https://gpacalculator.net/admission/indiana-university-south-bend/,0,92,17.43
https://gpacalculator.net/admission/kaplan-university-cedar-rapids-campus/,0,92,18.29
https://gpacalculator.net/admission/university-of-phoenix-minneapolisst-paul-campus/,0,92,12.65
https://gpacalculator.net/admission/walsh-university/,0,92,12.25
https://gpacalculator.net/admissions/east-stroudsburg-university-of-pennsylvania/,0,92,7.46
https://gpacalculator.net/admissions/lincoln-university-mo/,0,92,7.34
https://gpacalculator.net/admissions/wabash-college/,0,92,6.11
https://gpacalculator.net/admission/eastern-new-mexico-university-roswell-campus/,0,91,11.18
https://gpacalculator.net/admissions/drew-university/,0,91,7.02
https://gpacalculator.net/admissions/suny-maritime-college/,0,91,6.8
https://gpacalculator.net/admissions/university-of-colorado-denver/,0,91,9.67
https://gpacalculator.net/admissions/university-of-vermont/,0,91,7.95
https://gpacalculator.net/admissions/university-of-wisconsin-eau-claire/,0,91,10.24
https://gpacalculator.net/admissions/wesleyan-university/,0,91,9.95
https://gpacalculator.net/admission/faulkner-university/,0,90,11.33
https://gpacalculator.net/admission/hope-international-university/,0,90,9.41
https://gpacalculator.net/admission/misericordia-university/,0,90,16.79
https://gpacalculator.net/admission/national-american-university-denver/,0,90,54.79
https://gpacalculator.net/admission/university-of-maine-at-fort-kent/,0,90,17.07
https://gpacalculator.net/admission/university-of-saint-francis-fort-wayne/,0,90,12.82
https://gpacalculator.net/admissions/aurora-university/,0,90,7.79
https://gpacalculator.net/admissions/benedict-college/,0,90,6.28
https://gpacalculator.net/admissions/catholic-university-of-america/,0,90,7.76
https://gpacalculator.net/admissions/chicago/,0,90,4.62
https://gpacalculator.net/admissions/franklin-college/,0,90,5.33
https://gpacalculator.net/admissions/grove-city-college/,0,90,6.6
https://gpacalculator.net/admissions/randolph-macon-college/,0,90,7.47
https://gpacalculator.net/admissions/utica-college/,0,90,6.34
https://gpacalculator.net/admissions/york-college-pennsylvania/,0,90,6.44
https://gpacalculator.net/admission/kaplan-university-davenport-campus/,0,89,26.33
https://gpacalculator.net/admissions/harcum-college/,0,89,7.2
https://gpacalculator.net/admissions/keene-state-college/,0,89,6.82
https://gpacalculator.net/admissions/roanoke-college/,0,89,7.6
https://gpacalculator.net/admissions/university-of-massachusetts-lowell/,0,89,8.66
https://gpacalculator.net/admissions/university-of-toledo/,0,89,8.07
https://gpacalculator.net/admissions/wesleyan-college/,0,89,8.34
https://gpacalculator.net/admission/university-of-phoenix-southern-arizona-campus/,0,88,75.16
https://gpacalculator.net/admission/university-of-south-carolina-sumter/,0,88,16.74
https://gpacalculator.net/admission/west-texas-a-m-university/,0,88,15.61
https://gpacalculator.net/admissions/cedarville/,0,88,7.25
https://gpacalculator.net/admissions/east-carolina-university/,0,88,8.7
https://gpacalculator.net/admissions/hinds-community-college/,0,88,6.42
https://gpacalculator.net/admissions/iit/,0,88,7.74
https://gpacalculator.net/admissions/lanier-technical-college/,0,88,6.52
https://gpacalculator.net/admissions/stevens/,0,88,9.22
https://gpacalculator.net/admissions/texas-state-technical-college/,0,88,5.57
https://gpacalculator.net/admissions/the-university-of-texas-at-el-paso/,0,88,6.39
https://gpacalculator.net/admissions/worcester-state-university/,0,88,6.66
https://gpacalculator.net/admission/southern-university-at-shreveport/,0,87,22.83
https://gpacalculator.net/admission/university-of-connecticut-stamford/,0,87,12.39
https://gpacalculator.net/admissions/alfred-university/,0,87,7.53
https://gpacalculator.net/admissions/bowdoin-college/,0,87,8.52
https://gpacalculator.net/admissions/california-lutheran-university/,0,87,8
https://gpacalculator.net/admissions/fitchburg-state-university/,0,87,5.72
https://gpacalculator.net/admissions/florida-southern-college/,0,87,6.93
https://gpacalculator.net/admissions/oberlin-college/,0,87,7.46
https://gpacalculator.net/admissions/the-university-of-findlay/,0,87,6.64
https://gpacalculator.net/admission/northwest-university/,0,86,10.02
https://gpacalculator.net/admission/university-of-dallas/,0,86,23.63
https://gpacalculator.net/admissions/california-state-university-stanislaus/,0,86,6.41
https://gpacalculator.net/admissions/carthage-college/,0,86,7.66
https://gpacalculator.net/admissions/st-lawrence-university/,0,86,6.94
https://gpacalculator.net/admissions/university-of-north-carolina-at-pembroke/,0,86,7.15
https://gpacalculator.net/admissions/valor-christian-college/,0,86,6.6
https://gpacalculator.net/admission/university-of-hartford/,0,85,17.84
https://gpacalculator.net/admission/washington-adventist-university/,0,85,11.74
https://gpacalculator.net/admissions/eastern-michigan-university/,0,85,9.18
https://gpacalculator.net/admissions/humboldt-state-university/,0,85,8.67
https://gpacalculator.net/admissions/iowa/,0,85,8.85
https://gpacalculator.net/admissions/kennesaw-state-university-kennesaw-georgia/,0,85,8.35
https://gpacalculator.net/admissions/suny-westchester-community-college/,0,85,6.12
https://gpacalculator.net/admission/bryan-university/,0,84,9.44
https://gpacalculator.net/admission/eastern-university/,0,84,23.58
https://gpacalculator.net/admission/great-falls-college-montana-state-university/,0,84,17.17
https://gpacalculator.net/admission/southwestern-oklahoma-state-university/,0,84,22.01
https://gpacalculator.net/admission/university-of-phoenix-chattanooga-campus/,0,84,40.29
https://gpacalculator.net/admission/university-of-virginia-main-campus/,0,84,45.06
https://gpacalculator.net/admission/utah-state-uni-regional-campuses-and-distance-education/,0,84,48.35
https://gpacalculator.net/admissions/american-university/,0,84,7.69
https://gpacalculator.net/admissions/cheyney-university-of-pennsylvania/,0,84,8.3
https://gpacalculator.net/admissions/clarkson/,0,84,6.74
https://gpacalculator.net/admissions/mercyhurst-college/,0,84,6.57
https://gpacalculator.net/admissions/pennsylvania-college-of-technology/,0,84,6.51
https://gpacalculator.net/admissions/texas-college/,0,84,6.02
https://gpacalculator.net/admissions/university-of-indianapolis/,0,84,7.93
https://gpacalculator.net/admissions/western-washington-university/,0,84,9.5
https://gpacalculator.net/admission/bluffton-university/,0,83,10.05
https://gpacalculator.net/admission/lake-superior-state-university/,0,83,15.17
https://gpacalculator.net/admission/the-uni-of-texas-m-d-anderson-cancer-center/,0,83,11.17
https://gpacalculator.net/admission/university-of-phoenix-harrisburg-campus/,0,83,60.08
https://gpacalculator.net/admissions/clayton-state-university/,0,83,7.19
https://gpacalculator.net/admissions/dallas/,0,83,7.7
https://gpacalculator.net/admissions/lawrence-university/,0,83,5.87
https://gpacalculator.net/admissions/livingstone-college/,0,83,6.27
https://gpacalculator.net/admissions/messiah/,0,83,7.34
https://gpacalculator.net/admissions/norwich-university/,0,83,5.84
https://gpacalculator.net/admissions/pomona/,0,83,8.66
https://gpacalculator.net/admissions/portland-state-university/,0,83,8.98
https://gpacalculator.net/admissions/the-chicago-school-of-professional-psychology-at-chicago/,0,83,8.33
https://gpacalculator.net/admissions/vanguard-university-of-southern-california/,0,83,8.36
https://gpacalculator.net/admission/madonna-university/,0,82,13.94
https://gpacalculator.net/admission/missouri-southern-state-university/,0,82,15.28
https://gpacalculator.net/admission/pennsylvania-state-uni-penn-state-wilkes-barre/,0,82,31.7
https://gpacalculator.net/admission/southeastern-oklahoma-state-university/,0,82,11.43
https://gpacalculator.net/admissions/fairleigh-dickinson-university-metropolitan-campus/,0,82,6.43
https://gpacalculator.net/admissions/jacksonville-state-university/,0,82,7
https://gpacalculator.net/admissions/miles-college/,0,82,6.18
https://gpacalculator.net/admissions/newberry-college/,0,82,6.18
https://gpacalculator.net/admissions/nichols-college/,0,82,6.49
https://gpacalculator.net/admissions/pitt/,0,82,11.09
https://gpacalculator.net/admissions/princeton/,0,82,12.38
https://gpacalculator.net/admission/st-marys-seminary-university/,0,81,26.1
https://gpacalculator.net/admission/university-of-north-carolina-system-office/,0,81,63.57
https://gpacalculator.net/admission/wright-state-university-lake-campus/,0,81,12.83
https://gpacalculator.net/admissions/carroll-university/,0,81,7.65
https://gpacalculator.net/admissions/central-connecticut-state-university/,0,81,7.09
https://gpacalculator.net/admissions/dallas-baptist-university/,0,81,8.63
https://gpacalculator.net/admissions/manhattanville-college/,0,81,6.46
https://gpacalculator.net/admissions/marian-university/,0,81,6.48
https://gpacalculator.net/admissions/school-of-the-art-institute-of-chicago/,0,81,7.14
https://gpacalculator.net/admissions/st-philips-college/,0,81,4.47
https://gpacalculator.net/admissions/university-of-north-texas/,0,81,7.79
https://gpacalculator.net/admissions/western-oregon-university/,0,81,7.62
https://gpacalculator.net/admission/colorado-technical-university-sioux-falls/,0,80,22.4
https://gpacalculator.net/admission/national-university-of-health-sciences/,0,80,8.91
https://gpacalculator.net/admission/saint-ambrose-university/,0,80,15.74
https://gpacalculator.net/admission/university-of-wisconsin-colleges/,0,80,51.52
https://gpacalculator.net/admissions/azusa-pacific-university/,0,80,6.45
https://gpacalculator.net/admissions/lackawanna-college/,0,80,7.38
https://gpacalculator.net/admissions/otterbein-university/,0,80,6.53
https://gpacalculator.net/admission/carlos-albizu-university-miami/,0,79,13.29
https://gpacalculator.net/admission/devry-unis-keller-graduate-school-of-management-nc/,0,79,23.23
https://gpacalculator.net/admission/louisiana-state-university-alexandria/,0,79,9.78
https://gpacalculator.net/admissions/cuny-college-of-staten-island/,0,79,8.43
https://gpacalculator.net/admissions/george-washington/,0,79,9.57
https://gpacalculator.net/admissions/macomb-community-college/,0,79,7.61
https://gpacalculator.net/admissions/michigan/,0,79,9.58
https://gpacalculator.net/admissions/north-florida/,0,79,10.16
https://gpacalculator.net/admissions/palm-beach-atlantic-university-west-palm-beach/,0,79,6.67
https://gpacalculator.net/admissions/palm-beach-state-college/,0,79,7.46
https://gpacalculator.net/admissions/robert-morris-university/,0,79,6.95
https://gpacalculator.net/admissions/saint-louis/,0,79,7.67
https://gpacalculator.net/admission/asbury-university/,0,78,17.33
https://gpacalculator.net/admission/montana-state-university-northern/,0,78,25.04
https://gpacalculator.net/admission/new-mexico-state-university-dona-ana/,0,78,20.09
https://gpacalculator.net/admission/oklahoma-state-university-oklahoma-city/,0,78,12.12
https://gpacalculator.net/admissions/central-state-university/,0,78,7.27
https://gpacalculator.net/admissions/eastern-kentucky-university/,0,78,7.24
https://gpacalculator.net/admissions/edinboro-university-of-pennsylvania/,0,78,6.53
https://gpacalculator.net/admissions/gaston-college/,0,78,5.33
https://gpacalculator.net/admissions/uc-davis/,0,78,12.86
https://gpacalculator.net/admissions/wooster/,0,78,7.13
https://gpacalculator.net/admission/emporia-state-university/,0,77,14.31
https://gpacalculator.net/admission/hodges-university/,0,77,27.34
https://gpacalculator.net/admission/saint-francis-university/,0,77,17.08
https://gpacalculator.net/admission/saint-marys-university-of-minnesota/,0,77,14.42
https://gpacalculator.net/admission/walla-walla-university/,0,77,10.01
https://gpacalculator.net/admissions/atlanta-technical-college/,0,77,6.66
https://gpacalculator.net/admissions/davenport-university/,0,77,6.22
https://gpacalculator.net/admissions/framingham-state-university/,0,77,6.57
https://gpacalculator.net/admissions/georgia-gwinnett-college/,0,77,9.26
https://gpacalculator.net/admissions/grace-college-and-theological-seminary/,0,77,6.56
https://gpacalculator.net/admissions/santa-fe-college/,0,77,6.18
https://gpacalculator.net/admissions/wichita-state-university/,0,77,7.25
https://gpacalculator.net/admission/argosy-university-washington-d-c/,0,76,25.97
https://gpacalculator.net/admission/colorado-state-university-pueblo/,0,76,30.72
https://gpacalculator.net/admission/methodist-university/,0,76,16.16
https://gpacalculator.net/admissions/albion-college/,0,76,6.55
https://gpacalculator.net/admissions/bergen-community-college/,0,76,7.43
https://gpacalculator.net/admissions/colorado-college/,0,76,7.74
https://gpacalculator.net/admissions/cumberland-university/,0,76,7.88
https://gpacalculator.net/admissions/cuny-borough-of-manhattan-community-college/,0,76,8.91
https://gpacalculator.net/admissions/menlo-college/,0,76,5.79
https://gpacalculator.net/admissions/southern-university-and-a-m-college/,0,76,8.75
https://gpacalculator.net/admissions/university-of-bridgeport/,0,76,6.11
https://gpacalculator.net/admission/huntington-university/,0,75,9.2
https://gpacalculator.net/admission/university-of-mobile/,0,75,9.32
https://gpacalculator.net/admissions/amarillo-college/,0,75,4.44
https://gpacalculator.net/admissions/hamilton/,0,75,6.69
https://gpacalculator.net/admissions/middlesex-county-college/,0,75,6.85
https://gpacalculator.net/admissions/north-central-college/,0,75,7.72
https://gpacalculator.net/admissions/st-thomas-university/,0,75,7.04
https://gpacalculator.net/admissions/university-of-houston-downtown/,0,75,7
https://gpacalculator.net/admissions/university-of-north-carolina-at-asheville/,0,75,8.63
https://gpacalculator.net/admissions/university-of-north-georgia/,0,75,8.72
https://gpacalculator.net/admissions/william-james-college/,0,75,7.49
https://gpacalculator.net/admissions/albright-college/,0,74,5.55
https://gpacalculator.net/admissions/catawba-college/,0,74,6.45
https://gpacalculator.net/admissions/centenary-college/,0,74,5.41
https://gpacalculator.net/admissions/ferrum-college/,0,74,6.45
https://gpacalculator.net/admissions/florida-state-university/,0,74,8.51
https://gpacalculator.net/admissions/hood-college/,0,74,7.65
https://gpacalculator.net/admissions/misericordia-university/,0,74,8.26
https://gpacalculator.net/admissions/pasadena-city-college/,0,74,5.09
https://gpacalculator.net/admissions/rio-hondo-college/,0,74,4.86
https://gpacalculator.net/admissions/texas-womans-university/,0,74,7.86
https://gpacalculator.net/admissions/the-university-of-texas-at-san-antonio/,0,74,7.07
https://gpacalculator.net/admission/everest-university-largo/,0,73,16.11
https://gpacalculator.net/admission/graceland-university-lamoni/,0,73,11.78
https://gpacalculator.net/admission/university-of-phoenix-dallas-campus/,0,73,43.47
https://gpacalculator.net/admission/university-of-south-carolina-salkehatchie/,0,73,18.93
https://gpacalculator.net/admission/university-of-st-francis/,0,73,21.86
https://gpacalculator.net/admissions/barry-university/,0,73,8.1
https://gpacalculator.net/admissions/bunker-hill-community-college/,0,73,7.56
https://gpacalculator.net/admissions/columbus-state-university/,0,73,7.55
https://gpacalculator.net/admissions/rutgers-university-camden/,0,73,10.45
https://gpacalculator.net/admissions/st-marys-college-of-maryland/,0,73,6.33
https://gpacalculator.net/admissions/suny-at-fredonia/,0,73,6.37
https://gpacalculator.net/admissions/university-of-michigan-flint/,0,73,6.42
https://gpacalculator.net/admissions/young-harris-college/,0,73,5.84
https://gpacalculator.net/admissions/eastern-connecticut-state-university/,0,72,7.17
https://gpacalculator.net/admissions/ohio-wesleyan-university/,0,72,7.39
https://gpacalculator.net/admissions/rpi/,0,72,7.88
https://gpacalculator.net/admissions/susquehanna-university/,0,72,6.71
https://gpacalculator.net/admissions/university-of-mary-hardin-baylor/,0,72,7
https://gpacalculator.net/admission/colorado-technical-university-online/,0,71,20.04
https://gpacalculator.net/admission/kansas-wesleyan-university/,0,71,10.9
https://gpacalculator.net/admission/southern-adventist-university/,0,71,15.18
https://gpacalculator.net/admission/university-of-arkansas-at-monticello/,0,71,10.41
https://gpacalculator.net/admission/university-of-colorado-colorado-springs/,0,71,14.01
https://gpacalculator.net/admission/university-of-north-texas/,0,71,47.72
https://gpacalculator.net/admission/university-of-rio-grande/,0,71,9.46
https://gpacalculator.net/admission/western-international-university/,0,71,48.69
https://gpacalculator.net/admissions/concordia-university-saint-paul/,0,71,11.13
https://gpacalculator.net/admissions/del-mar-college/,0,71,6.45
https://gpacalculator.net/admissions/illinois-wesleyan/,0,71,6.7
https://gpacalculator.net/admissions/miracosta-college/,0,71,6.3
https://gpacalculator.net/admissions/north-dakota-state-university-main-campus/,0,71,9.23
https://gpacalculator.net/admissions/northern-kentucky-university/,0,71,7.69
https://gpacalculator.net/admissions/northern-michigan-university/,0,71,8.2
https://gpacalculator.net/admissions/regis-college/,0,71,7.23
https://gpacalculator.net/admissions/sinclair-community-college/,0,71,4.93
https://gpacalculator.net/admissions/south-dakota-state-university/,0,71,7.58
https://gpacalculator.net/admissions/truman-state/,0,71,7.1
https://gpacalculator.net/admissions/university-of-louisiana-at-lafayette/,0,71,8.21
https://gpacalculator.net/admissions/westfield-state-university/,0,71,7.38
https://gpacalculator.net/admission/armstrong-atlantic-state-university/,0,70,16.8
https://gpacalculator.net/admission/grantham-university/,0,70,34.46
https://gpacalculator.net/admission/liu-brentwood/,0,70,50.81
https://gpacalculator.net/admissions/anderson-university/,0,70,7.37
https://gpacalculator.net/admissions/indiana-wesleyan-university/,0,70,7.06
https://gpacalculator.net/admissions/north-carolina-central-university/,0,70,8.49
https://gpacalculator.net/admissions/the-university-of-texas-at-arlington/,0,70,7.03
https://gpacalculator.net/admissions/the-university-of-west-florida/,0,70,7.74
https://gpacalculator.net/admission/american-jewish-university/,0,69,11.1
https://gpacalculator.net/admission/devry-university-oklahoma/,0,69,36.55
https://gpacalculator.net/admission/john-brown-university/,0,69,14.09
https://gpacalculator.net/admissions/bloomsburg-university-of-pennsylvania/,0,69,5.67
https://gpacalculator.net/admissions/cuny-bronx-community-college/,0,69,7.54
https://gpacalculator.net/admission/ohio-state-university-agricultural-technical-institute/,0,68,8.85
https://gpacalculator.net/admission/ohio-university-southern-campus/,0,68,45.62
https://gpacalculator.net/admission/texas-a-m-university-texarkana/,0,68,16.28
https://gpacalculator.net/admission/university-of-akron-wayne-college/,0,68,30.1
https://gpacalculator.net/admission/widener-university-harrisburg-campus/,0,68,23.66
https://gpacalculator.net/admissions/lees-mcrae-college/,0,68,7.65
https://gpacalculator.net/admissions/louisiana-tech-university/,0,68,9.16
https://gpacalculator.net/admissions/michigan-tech/,0,68,10.03
https://gpacalculator.net/admissions/middle-tennessee-state-university/,0,68,7.06
https://gpacalculator.net/admissions/palo-alto-college/,0,68,6.59
https://gpacalculator.net/admissions/suffolk-county-community-college/,0,68,6.1
https://gpacalculator.net/admissions/wilkes-university/,0,68,6.88
https://gpacalculator.net/admission/northwestern-health-sciences-university/,0,67,18.04
https://gpacalculator.net/admission/ohio-state-university-lima-campus/,0,67,68.1
https://gpacalculator.net/admission/texas-lutheran-university/,0,67,14.15
https://gpacalculator.net/admission/university-of-the-district-of-columbia-david-a-clarke-school-of-law/,0,67,21.85
https://gpacalculator.net/admission/urbana-university/,0,67,19.15
https://gpacalculator.net/admissions/bates-college/,0,67,7.21
https://gpacalculator.net/admissions/bellevue-college/,0,67,5.9
https://gpacalculator.net/admissions/georgia-tech/,0,67,8.75
https://gpacalculator.net/admissions/grand-rapids-community-college/,0,67,5.21
https://gpacalculator.net/admissions/ivy-tech-community-college-northeast/,0,67,7.96
https://gpacalculator.net/admissions/neumann-university/,0,67,6.3
https://gpacalculator.net/admissions/plymouth-state-university/,0,67,7.39
https://gpacalculator.net/admissions/schreiner-university/,0,67,7.97
https://gpacalculator.net/admissions/southern-oregon-university/,0,67,7.24
https://gpacalculator.net/admissions/unc/,0,67,14
https://gpacalculator.net/admissions/university-of-northern-colorado/,0,67,7.43
https://gpacalculator.net/admissions/virginia-western-community-college/,0,67,5.51
https://gpacalculator.net/admissions/washington-college/,0,67,7.91
https://gpacalculator.net/admission/southern-arkansas-university-main-campus/,0,66,14.94
https://gpacalculator.net/admission/southwest-baptist-university/,0,66,13.48
https://gpacalculator.net/admissions/augustana/,0,66,6.44
https://gpacalculator.net/admissions/fisher-college/,0,66,5.08
https://gpacalculator.net/admissions/franklin-and-marshall-college/,0,66,7.58
https://gpacalculator.net/admissions/gardner-webb-university/,0,66,7.45
https://gpacalculator.net/admissions/houston-community-college/,0,66,6.7
https://gpacalculator.net/admissions/marian-university-in/,0,66,6.77
https://gpacalculator.net/admissions/saint-vincent-college/,0,66,6.52
https://gpacalculator.net/admissions/valdosta-state-university/,0,66,7.58
https://gpacalculator.net/admissions/virginia-military-institute/,0,66,6.39
https://gpacalculator.net/admissions/westmont-college/,0,66,7.32
https://gpacalculator.net/admission/cincinnati-christian-university/,0,65,23.65
https://gpacalculator.net/admission/devry-universitys-keller-graduate-school-of-management-georgia/,0,65,9.8
https://gpacalculator.net/admission/everest-university-jacksonville/,0,65,14.75
https://gpacalculator.net/admission/point-university/,0,65,24.91
https://gpacalculator.net/admission/regis-university/,0,65,11.05
https://gpacalculator.net/admissions/the-university-of-tennessee-at-chattanooga/,0,65,6.82
https://gpacalculator.net/admissions/washburn-university/,0,65,7.92
https://gpacalculator.net/admission/kent-state-university-at-salem/,0,64,30.3
https://gpacalculator.net/admission/quinnipiac-university/,0,64,9.97
https://gpacalculator.net/admission/richmont-graduate-university/,0,64,13.95
https://gpacalculator.net/admission/trinity-international-university-florida/,0,64,55.88
https://gpacalculator.net/admission/university-of-phoenix-little-rock-campus/,0,64,56.08
https://gpacalculator.net/admissions/abilene-christian-university/,0,64,6.2
https://gpacalculator.net/admissions/arizona-state-university/,0,64,9.12
https://gpacalculator.net/admissions/chattanooga-state-community-college/,0,64,6.33
https://gpacalculator.net/admissions/gordon-college-ma/,0,64,5.52
https://gpacalculator.net/admissions/pennsylvania-state-university-penn-state-harrisburg/,0,64,7.45
https://gpacalculator.net/admissions/southeast-missouri-state-university/,0,64,7.45
https://gpacalculator.net/admissions/united-states-merchant-marine-academy/,0,64,8.81
https://gpacalculator.net/admission/columbia-international-university/,0,63,10.35
https://gpacalculator.net/admission/heritage-university/,0,63,9.4
https://gpacalculator.net/admissions/barton-college/,0,63,7.16
https://gpacalculator.net/admissions/columbia-southern-university/,0,63,8.43
https://gpacalculator.net/admissions/fashion-institute-of-design-and-merchandising-los-angeles/,0,63,6.76
https://gpacalculator.net/admissions/midwestern-state-university/,0,63,6.76
https://gpacalculator.net/admissions/palo-alto-university/,0,63,8.02
https://gpacalculator.net/admissions/saint-thomas-university/,0,63,5.81
https://gpacalculator.net/admissions/transylvania/,0,63,7.95
https://gpacalculator.net/admissions/university-of-kansas/,0,63,8.81
https://gpacalculator.net/admissions/university-of-puget-sound/,0,63,6.95
https://gpacalculator.net/admissions/virginia-commonwealth-university/,0,63,9.97
https://gpacalculator.net/admission/lubbock-christian-university/,0,62,12.45
https://gpacalculator.net/admissions/california-state-university-channel-islands/,0,62,7
https://gpacalculator.net/admissions/centre-college/,0,62,10.74
https://gpacalculator.net/admissions/massachusetts-college-of-pharmacy-and-health-sciences/,0,62,7.02
https://gpacalculator.net/admissions/saint-paul-college-a-community-and-technical-college/,0,62,7.26
https://gpacalculator.net/admissions/university-of-alaska-fairbanks/,0,62,6.37
https://gpacalculator.net/admissions/university-of-wisconsin-oshkosh/,0,62,7.1
https://gpacalculator.net/admission/indiana-university-purdue-university-fort-wayne/,0,61,25.15
https://gpacalculator.net/admission/pennsylvania-state-university-penn-state-erie-behrend-college/,0,61,21.59
https://gpacalculator.net/admission/university-of-pikeville/,0,61,11.02
https://gpacalculator.net/admission/world-mission-university/,0,61,16.51
https://gpacalculator.net/admissions/chestnut-hill-college/,0,61,6.1
https://gpacalculator.net/admissions/lee-university/,0,61,7.21
https://gpacalculator.net/admissions/northern-illinois-university/,0,61,7.75
https://gpacalculator.net/admission/herzing-university-kenosha/,0,60,21.43
https://gpacalculator.net/admission/liu-university-center-campus/,0,60,22.72
https://gpacalculator.net/admission/oral-roberts-university/,0,60,40.35
https://gpacalculator.net/admissions/california-state-university-east-bay/,0,60,8.62
https://gpacalculator.net/admissions/connecticut-college/,0,60,7.45
https://gpacalculator.net/admissions/juniata/,0,60,6.15
https://gpacalculator.net/admissions/maryville-college/,0,60,7.35
https://gpacalculator.net/admissions/oregon-institute-of-technology/,0,60,8.22
https://gpacalculator.net/admissions/pellissippi-state-community-college/,0,60,7.63
https://gpacalculator.net/admissions/ranger-college/,0,60,3.72
https://gpacalculator.net/admissions/sul-ross-state-university/,0,60,10.08
https://gpacalculator.net/admission/the-university-of-texas-health-science-center-at-san-antonio/,0,59,12
https://gpacalculator.net/admissions/cuny-medgar-evers-college/,0,59,9
https://gpacalculator.net/admissions/delta-college/,0,59,6.46
https://gpacalculator.net/admissions/el-camino-community-college-district/,0,59,7.31
https://gpacalculator.net/admissions/moorpark-college/,0,59,5.31
https://gpacalculator.net/admissions/san-jacinto-community-college/,0,59,7.86
https://gpacalculator.net/admissions/san-joaquin-delta-college/,0,59,5.22
https://gpacalculator.net/admissions/shepherd-university/,0,59,6.95
https://gpacalculator.net/admissions/touro-college/,0,59,5.69
https://gpacalculator.net/admissions/uc-irvine/,0,59,12.85
https://gpacalculator.net/admission/bastyr-university/,0,58,10.21
https://gpacalculator.net/admission/devry-unis-keller-graduate-school-of-management-pa/,0,58,12.6
https://gpacalculator.net/admission/ohio-university-eastern-campus/,0,58,36.43
https://gpacalculator.net/admission/upstate-medical-university/,0,58,22.66
https://gpacalculator.net/admissions/baldwin-wallace-college/,0,58,6.14
https://gpacalculator.net/admissions/canisius-college/,0,58,7.22
https://gpacalculator.net/admissions/central-washington-university/,0,58,8.1
https://gpacalculator.net/admissions/colorado-mines/,0,58,7.95
https://gpacalculator.net/admissions/florida/,0,58,11.88
https://gpacalculator.net/admissions/francis-marion/,0,58,6.17
https://gpacalculator.net/admissions/indiana-university-south-bend/,0,58,7.09
https://gpacalculator.net/admissions/johnson-c-smith-university/,0,58,7.47
https://gpacalculator.net/admissions/niagara-university/,0,58,7.38
https://gpacalculator.net/admissions/paul-quinn-college/,0,58,6.47
https://gpacalculator.net/admissions/stephen-f-austin-state-university/,0,58,6.47
https://gpacalculator.net/admission/harding-university//1000,0,57,11.11
https://gpacalculator.net/admission/southern-illinois-university-systems-office/,0,57,17.54
https://gpacalculator.net/admission/the-university-of-texas-at-brownsville/,0,57,15.81
https://gpacalculator.net/admission/university-of-fort-lauderdale/,0,57,11.19
https://gpacalculator.net/admission/university-of-new-mexico-taos-campus/,0,57,46.89
https://gpacalculator.net/admissions/daemen-college/,0,57,7.68
https://gpacalculator.net/admissions/east-texas-baptist-university/,0,57,8.04
https://gpacalculator.net/admissions/hartnell-college/,0,57,4.81
https://gpacalculator.net/admissions/savannah-technical-college/,0,57,6.86
https://gpacalculator.net/admissions/university-of-alaska-anchorage/,0,57,6.65
https://gpacalculator.net/admissions/university-of-maryland-eastern-shore/,0,57,8.6
https://gpacalculator.net/admissions/ursinus-college/,0,57,7.4
https://gpacalculator.net/admission/shepherd-university/,0,56,11.2
https://gpacalculator.net/admission/south-university%CB%86virginia-beach/,0,56,22.93
https://gpacalculator.net/admission/university-of-phoenix-richmond-virginia-beach-campus/,0,56,25.55
https://gpacalculator.net/admission/western-oregon-university/,0,56,30.57
https://gpacalculator.net/admissions/adams-state-college/,0,56,9.91
https://gpacalculator.net/admissions/college-of-dupage/,0,56,6.11
https://gpacalculator.net/admissions/concordia-university-chicago/,0,56,10.34
https://gpacalculator.net/admissions/eastwick-college/,0,56,6.21
https://gpacalculator.net/admissions/fresno-pacific-university/,0,56,8.16
https://gpacalculator.net/admissions/goshen-college/,0,56,6.68
https://gpacalculator.net/admissions/goucher-college/,0,56,6.96
https://gpacalculator.net/admissions/morehead-state-university/,0,56,5.91
https://gpacalculator.net/admissions/new-england-college/,0,56,9.79
https://gpacalculator.net/admissions/prairie-view-a-m-university/,0,56,9.52
https://gpacalculator.net/admissions/saint-marys/,0,56,7.55
https://gpacalculator.net/admissions/umbc/,0,56,7.82
https://gpacalculator.net/admissions/university-of-south-carolina-upstate/,0,56,7.12
https://gpacalculator.net/admissions/university-of-wisconsin-platteville/,0,56,6.41
https://gpacalculator.net/admissions/university-of-wisconsin-stout/,0,56,7.21
https://gpacalculator.net/admission/brescia-university/,0,55,8.42
https://gpacalculator.net/admission/claflin-university/,0,55,27.75
https://gpacalculator.net/admission/devry-universitys-keller-graduate-school-of-management-minnesota/,0,55,16.93
https://gpacalculator.net/admission/ohio-state-uni-agricultural-technical-institute/,0,55,31.73
https://gpacalculator.net/admission/university-of-arkansas-community-college-morrilton/,0,55,14.76
https://gpacalculator.net/admissions/allegheny-college/,0,55,8.22
https://gpacalculator.net/admissions/athens-state-university/,0,55,7.09
https://gpacalculator.net/admissions/california-university-of-pennsylvania/,0,55,7.15
https://gpacalculator.net/admissions/florida-memorial-university/,0,55,6.02
https://gpacalculator.net/admissions/harford-community-college/,0,55,5.35
https://gpacalculator.net/admissions/hocking-college/,0,55,5.31
https://gpacalculator.net/admissions/indiana-university-southeast/,0,55,15.45
https://gpacalculator.net/admissions/notre-dame-college/,0,55,13.13
https://gpacalculator.net/admissions/reedley-college/,0,55,4.8
https://gpacalculator.net/admissions/ripon-college/,0,55,5.33
https://gpacalculator.net/admissions/sc-beaufort/,0,55,6.87
https://gpacalculator.net/admissions/seton-hill-university/,0,55,7.62
https://gpacalculator.net/admissions/tiffin-university/,0,55,7.84
https://gpacalculator.net/admissions/vaughn-college-of-aeronautics-and-technology/,0,55,5.71
https://gpacalculator.net/admission/devry-university-california/,0,54,27.35
https://gpacalculator.net/admission/salem-international-university/,0,54,18.44
https://gpacalculator.net/admission/trine-university-regionalnon-traditional-campuses/,0,54,37.56
https://gpacalculator.net/admission/west-virginia-university-at-parkersburg/,0,54,56.61
https://gpacalculator.net/admissions/cambridge-college/,0,54,8.54
https://gpacalculator.net/admissions/capella-university/,0,54,9.13
https://gpacalculator.net/admissions/chaminade-university-of-honolulu/,0,54,6.93
https://gpacalculator.net/admissions/city-colleges-of-chicago-wilbur-wright-college/,0,54,4.37
https://gpacalculator.net/admissions/greenville-technical-college/,0,54,8.07
https://gpacalculator.net/admissions/hollins/,0,54,6.39
https://gpacalculator.net/admissions/mills-college/,0,54,7.59
https://gpacalculator.net/admissions/parker-university/,0,54,7.15
https://gpacalculator.net/admissions/polk-state-college/,0,54,7.65
https://gpacalculator.net/admissions/seattle-pacific-university/,0,54,6.59
https://gpacalculator.net/admissions/southern-utah-university/,0,54,7.02
https://gpacalculator.net/admissions/st-johns/,0,54,11.96
https://gpacalculator.net/admissions/uah/,0,54,8.8
https://gpacalculator.net/admissions/waubonsee-community-college/,0,54,7.31
https://gpacalculator.net/admissions/western-connecticut-state-university/,0,54,6.74
https://gpacalculator.net/admission/ashford-university/,0,53,15.89
https://gpacalculator.net/admission/bergin-university-of-canine-studies/,0,53,15.15
https://gpacalculator.net/admission/devry-unis-keller-graduate-school-of-management-colorado/,0,53,17.4
https://gpacalculator.net/admission/helena-college-university-of-montana/,0,53,7.57
https://gpacalculator.net/admission/university-of-phoenix-central-valley-campus/,0,53,33.51
https://gpacalculator.net/admission/university-of-phoenix-memphis-campus/,0,53,51.34
https://gpacalculator.net/admissions/cedar-crest-college/,0,53,7
https://gpacalculator.net/admissions/concordia-university-irvine/,0,53,10.75
https://gpacalculator.net/admissions/curtis-institute-of-music/,0,53,8.91
https://gpacalculator.net/admissions/desales-university/,0,53,6.66
https://gpacalculator.net/admissions/elizabeth-city-state-university/,0,53,7.04
https://gpacalculator.net/admissions/fort-valley-state-university/,0,53,7.51
https://gpacalculator.net/admissions/franklin-pierce-university/,0,53,4.98
https://gpacalculator.net/admissions/hendrix/,0,53,7.36
https://gpacalculator.net/admissions/nicholls-state-university/,0,53,6.98
https://gpacalculator.net/admissions/randolph-college/,0,53,6.47
https://gpacalculator.net/admissions/rhode-island-school-of-design/,0,53,6.83
https://gpacalculator.net/admissions/saint-cloud-state-university/,0,53,8
https://gpacalculator.net/admissions/southern-illinois-university-carbondale/,0,53,7.4
https://gpacalculator.net/admissions/university-of-northern-iowa/,0,53,8.25
https://gpacalculator.net/admissions/university-of-south-florida-main-campus/,0,53,9.75
https://gpacalculator.net/admissions/university-of-southern-mississippi/,0,53,7.3
https://gpacalculator.net/admission/argosy-university-phoenix-online-division/,0,52,41.65
https://gpacalculator.net/admission/south-university-virginia-beach/,0,52,14.87
https://gpacalculator.net/admission/university-of-evansville/,0,52,23.27
https://gpacalculator.net/admissions/augustana-college/,0,52,7.63
https://gpacalculator.net/admissions/bethel-university-mn/,0,52,7.9
https://gpacalculator.net/admissions/brenau-university/,0,52,7.29
https://gpacalculator.net/admissions/cornerstone-university/,0,52,6.06
https://gpacalculator.net/admissions/cuny-stella-and-charles-guttman-community-college/,0,52,5.4
https://gpacalculator.net/admissions/indiana-university-kokomo/,0,52,6.31
https://gpacalculator.net/admissions/laguna-college-of-art-and-design/,0,52,5.38
https://gpacalculator.net/admissions/mcmurry-university/,0,52,6.54
https://gpacalculator.net/admissions/mount-st-marys-university/,0,52,6.56
https://gpacalculator.net/admissions/northwest-vista-college/,0,52,5.58
https://gpacalculator.net/admissions/otis-college-of-art-and-design/,0,52,5.81
https://gpacalculator.net/admissions/pittsburg-state-university/,0,52,6.87
https://gpacalculator.net/admissions/southwestern-university/,0,52,6.54
https://gpacalculator.net/admissions/university-of-illinois-at-chicago/,0,52,8.63
https://gpacalculator.net/admissions/westminster-college-pa/,0,52,6.6
https://gpacalculator.net/admission/argosy-university-nashville/,0,51,27.78
https://gpacalculator.net/admission/devry-universitys-keller-graduate-school-of-management-maryland/,0,51,14.29
https://gpacalculator.net/admission/herzing-university-toledo/,0,51,23.04
https://gpacalculator.net/admission/life-university/,0,51,16.12
https://gpacalculator.net/admission/maharishi-university-of-management/,0,51,15.25
https://gpacalculator.net/admission/pennsylvania-state-uni-penn-state-lehigh-valley/,0,51,24.08
https://gpacalculator.net/admission/university-of-phoenix-san-antonio-campus/,0,51,41.63
https://gpacalculator.net/admissions/alma-college/,0,51,6.47
https://gpacalculator.net/admissions/belmont-abbey-college/,0,51,6.73
https://gpacalculator.net/admissions/cincinnati-state-technical-and-community-college/,0,51,8.82
https://gpacalculator.net/admissions/cuny-new-york-city-college-of-technology/,0,51,10.63
https://gpacalculator.net/admissions/delaware-valley-college/,0,51,7.08
https://gpacalculator.net/admissions/east-tennessee-state-university/,0,51,6.31
https://gpacalculator.net/admissions/fashion-institute-of-design-and-merchandising-san-francisco/,0,51,7.65
https://gpacalculator.net/admissions/guilford-college/,0,51,6.04
https://gpacalculator.net/admissions/lasell-college/,0,51,6.41
https://gpacalculator.net/admissions/lycoming-college/,0,51,7.14
https://gpacalculator.net/admissions/northwood-university-michigan/,0,51,8.37
https://gpacalculator.net/admissions/snead-state-community-college/,0,51,5.94
https://gpacalculator.net/admissions/st-andrews-university/,0,51,7.63
https://gpacalculator.net/admissions/the-evergreen-state-college/,0,51,6.61
https://gpacalculator.net/admissions/university-of-mississippi/,0,51,8.18
https://gpacalculator.net/admissions/university-of-north-alabama/,0,51,8.12
https://gpacalculator.net/admissions/university-of-wisconsin-stevens-point/,0,51,7.33
https://gpacalculator.net/admission/antioch-university-phd-program-in-leadership-and-change/,0,50,29.68
https://gpacalculator.net/admission/colorado-technical-university-colorado-springs/,0,50,17.38
https://gpacalculator.net/admission/devry-university-illinois/,0,50,24.34
https://gpacalculator.net/admission/herzing-university-madison/,0,50,18.74
https://gpacalculator.net/admission/polytechnic-university-of-puerto-rico-orlando/,0,50,9.04
https://gpacalculator.net/admission/the-university-of-virginias-college-at-wise/,0,50,8.98
https://gpacalculator.net/admissions/caldwell-college/,0,50,5.7
https://gpacalculator.net/admissions/california-state-university-san-bernardino/,0,50,6.62
https://gpacalculator.net/admissions/clarion-university-of-pennsylvania/,0,50,7.84
https://gpacalculator.net/admissions/grossmont-college/,0,50,5.64
https://gpacalculator.net/admissions/hartwick-college/,0,50,4.7
https://gpacalculator.net/admissions/hobart-william-smith-colleges/,0,50,7.02
https://gpacalculator.net/admissions/northeastern-illinois-university/,0,50,5.84
https://gpacalculator.net/admissions/northern-virginia-community-college/,0,50,10.06
https://gpacalculator.net/admissions/uc-berkeley/,0,50,19.9
https://gpacalculator.net/admissions/university-of-minnesota-rochester/,0,50,10.34
https://gpacalculator.net/admissions/wheaton-college-ma/,0,50,7.44
https://gpacalculator.net/admission/bethany-university/,0,49,14.24
https://gpacalculator.net/admission/devry-universitys-keller-graduate-school-of-management-utah/,0,49,18.22
https://gpacalculator.net/admission/indiana-university-northwest/,0,49,15.41
https://gpacalculator.net/admission/kaplan-university-des-moines-campus/,0,49,15.53
https://gpacalculator.net/admission/liu-riverhead/,0,49,55.86
https://gpacalculator.net/admission/long-island-university-rockland-campus/,0,49,33.92
https://gpacalculator.net/admission/southern-arkansas-university-tech/,0,49,9.98
https://gpacalculator.net/admission/university-of-phoenix-jersey-city-campus/,0,49,23.49
https://gpacalculator.net/admission/university-of-phoenix-shreveport-bossier/,0,49,15.76
https://gpacalculator.net/admission/university-of-phoenix-western-washington-campus/,0,49,31.57
https://gpacalculator.net/admission/whitworth-university-adult-degree-programs/,0,49,19.92
https://gpacalculator.net/admissions/cameron-university/,0,49,8.39
https://gpacalculator.net/admissions/covenant-college/,0,49,8.22
https://gpacalculator.net/admissions/el-camino-college-compton-center/,0,49,7.08
https://gpacalculator.net/admissions/hastings-college/,0,49,6.31
https://gpacalculator.net/admissions/lane-college/,0,49,5.92
https://gpacalculator.net/admissions/mcneese-state-university/,0,49,6.57
https://gpacalculator.net/admissions/saint-john-fisher-college/,0,49,6.53
https://gpacalculator.net/admissions/savannah-college-of-art-and-design/,0,49,6.67
https://gpacalculator.net/admissions/shawnee-state-university/,0,49,5.8
https://gpacalculator.net/admissions/union-institute-and-university/,0,49,6.29
https://gpacalculator.net/admissions/warren-wilson-college/,0,49,5.96
https://gpacalculator.net/admissions/william-peace-university/,0,49,6.63
https://gpacalculator.net/admission/argosy-university-seattle/,0,48,20.6
https://gpacalculator.net/admission/south-baylo-university/,0,48,44.15
https://gpacalculator.net/admission/university-of-phoenix-baton-rouge/,0,48,25.48
https://gpacalculator.net/admission/university-of-phoenix-northern-virginia-campus/,0,48,49.65
https://gpacalculator.net/admissions/allan-hancock-college/,0,48,5.25
https://gpacalculator.net/admissions/concordia-university-texas/,0,48,9.73
https://gpacalculator.net/admissions/delta-state-university/,0,48,6.35
https://gpacalculator.net/admissions/huntingdon-college/,0,48,6.17
https://gpacalculator.net/admissions/knox-college/,0,48,7.83
https://gpacalculator.net/admissions/lawrence-technological-university/,0,48,5.88
https://gpacalculator.net/admissions/marywood-university/,0,48,5.73
https://gpacalculator.net/admissions/new-college-florida/,0,48,5.9
https://gpacalculator.net/admissions/santa-monica-college/,0,48,6.58
https://gpacalculator.net/admissions/texas-wesleyan-university/,0,48,6.83
https://gpacalculator.net/admissions/thiel-college/,0,48,5.9
https://gpacalculator.net/admission/devry-unis-keller-graduate-school-of-management-minnesota/,0,47,16.81
https://gpacalculator.net/admission/fielding-graduate-university/,0,47,10.72
https://gpacalculator.net/admission/pennsylvania-state-uni-penn-state-mont-alto/,0,47,39.04
https://gpacalculator.net/admission/strayer-university-district-of-columbia/,0,47,14
https://gpacalculator.net/admission/university-of-management-and-technology-the/,0,47,19.89
https://gpacalculator.net/admission/university-of-phoenix-des-moines-campus/,0,47,42.32
https://gpacalculator.net/admissions/auburn-university-at-montgomery/,0,47,10.85
https://gpacalculator.net/admissions/dickinson-college/,0,47,10
https://gpacalculator.net/admissions/franklin-university/,0,47,8.34
https://gpacalculator.net/admissions/kapiolani-community-college/,0,47,5.13
https://gpacalculator.net/admissions/kentucky-state-university/,0,47,7.49
https://gpacalculator.net/admissions/minnesota-state-university-moorhead/,0,47,7.15
https://gpacalculator.net/admissions/motlow-state-community-college/,0,47,6.21
https://gpacalculator.net/admissions/pennsylvania-state-university-penn-state-erie-behrend-college/,0,47,6.4
https://gpacalculator.net/admissions/saint-thomas-aquinas-college/,0,47,5.64
https://gpacalculator.net/admissions/union-college/,0,47,6.68
https://gpacalculator.net/admissions/university-of-mount-union/,0,47,6.74
https://gpacalculator.net/admissions/virginia-union-university/,0,47,6.09
https://gpacalculator.net/admissions/weatherford-college/,0,47,5.87
https://gpacalculator.net/admission/a-t-still-university-of-health-sciences/,0,46,17.46
https://gpacalculator.net/admission/devry-universitys-keller-graduate-school-of-management-indiana/,0,46,20.46
https://gpacalculator.net/admission/devry-universitys-keller-graduate-school-of-management-north-carolina/,0,46,22.57
https://gpacalculator.net/admission/mountain-state-university/,0,46,10.72
https://gpacalculator.net/admission/neumont-university/,0,46,12.04
https://gpacalculator.net/admission/university-of-arkansas-community-college-batesville/,0,46,6.59
https://gpacalculator.net/admissions/bennington-college/,0,46,6.13
https://gpacalculator.net/admissions/bryant-and-stratton-college-wauwatosa/,0,46,6.98
https://gpacalculator.net/admissions/california-state-polytechnic-university-pomona/,0,46,10.46
https://gpacalculator.net/admissions/casper-college/,0,46,5.63
https://gpacalculator.net/admissions/elmhurst-college/,0,46,7.41
https://gpacalculator.net/admissions/heidelberg-university/,0,46,8.2
https://gpacalculator.net/admissions/hesston-college/,0,46,6.7
https://gpacalculator.net/admissions/honolulu-community-college/,0,46,5.63
https://gpacalculator.net/admissions/lagrange-college/,0,46,6.59
https://gpacalculator.net/admissions/long-island-university-brooklyn-campus/,0,46,7.87
https://gpacalculator.net/admissions/louisburg-college/,0,46,5.96
https://gpacalculator.net/admissions/luther-college/,0,46,7.3
https://gpacalculator.net/admissions/ottawa-university-ottawa/,0,46,6.85
https://gpacalculator.net/admissions/paul-smiths-college-of-arts-and-science/,0,46,5.87
https://gpacalculator.net/admissions/red-rocks-community-college/,0,46,6.54
https://gpacalculator.net/admissions/trident-technical-college/,0,46,6.98
https://gpacalculator.net/admissions/university-of-washington-tacoma-campus/,0,46,7.76
https://gpacalculator.net/admissions/wharton-county-junior-college/,0,46,5.96
https://gpacalculator.net/admission/devry-unis-keller-graduate-school-of-management-oklahoma/,0,45,37.71
https://gpacalculator.net/admission/johnson-university/,0,45,12.09
https://gpacalculator.net/admission/montana-state-uni-great-falls-college-of-technology/,0,45,31.76
https://gpacalculator.net/admission/southwest-minnesota-state-university/,0,45,14.2
https://gpacalculator.net/admission/strayer-university-south-carolina/,0,45,17.29
https://gpacalculator.net/admissions/albany-college-of-pharmacy-and-health-sciences/,0,45,7.18
https://gpacalculator.net/admissions/college-of-lake-county/,0,45,5.31
https://gpacalculator.net/admissions/colorado-technical-university-sioux-falls/,0,45,4.2
https://gpacalculator.net/admissions/crowder-college/,0,45,6.84
https://gpacalculator.net/admissions/greensboro-college/,0,45,9.09
https://gpacalculator.net/admissions/la-sierra-university/,0,45,6.56
https://gpacalculator.net/admissions/lesley-university/,0,45,5.56
https://gpacalculator.net/admissions/lincoln-university-of-pennsylvania/,0,45,6.09
https://gpacalculator.net/admissions/marian-university-wi/,0,45,6.42
https://gpacalculator.net/admissions/middle-georgia-state-university/,0,45,7.07
https://gpacalculator.net/admissions/rockhurst-university/,0,45,7.58
https://gpacalculator.net/admissions/saint-michaels-college/,0,45,5.82
https://gpacalculator.net/admissions/southern-university-and-a-and-m-college/,0,45,9.07
https://gpacalculator.net/admissions/tennessee-technological-university/,0,45,8.96
https://gpacalculator.net/admissions/university-of-massachusetts-dartmouth/,0,45,7.69
https://gpacalculator.net/admission/northwood-university-florida/,0,44,18.73
https://gpacalculator.net/admission/strayer-university-louisiana/,0,44,17.52
https://gpacalculator.net/admission/university-of-new-hampshire-school-of-law/,0,44,59.77
https://gpacalculator.net/admission/university-of-phoenix-las-vegas-campus/,0,44,34.16
https://gpacalculator.net/admission/university-of-washington-bothell-campus/,0,44,28.64
https://gpacalculator.net/admissions/adler-university/,0,44,6.82
https://gpacalculator.net/admissions/columbia-college-sc/,0,44,10.41
https://gpacalculator.net/admissions/eastern-illinois-university/,0,44,7.86
https://gpacalculator.net/admissions/indiana-university-northwest/,0,44,8.64
https://gpacalculator.net/admissions/johns-hopkins/,0,44,17.61
https://gpacalculator.net/admissions/meredith-college/,0,44,5.77
https://gpacalculator.net/admissions/morris-college/,0,44,6.61
https://gpacalculator.net/admissions/new-york-institute-of-technology/,0,44,6.59
https://gpacalculator.net/admissions/rock-valley-college/,0,44,6.36
https://gpacalculator.net/admissions/state-university-of-new-york-at-new-paltz/,0,44,7.7
https://gpacalculator.net/admissions/university-of-new-england/,0,44,6.2
https://gpacalculator.net/admission/argosy-university-san-francisco-bay-area/,0,43,27.44
https://gpacalculator.net/admission/cairn-university-langhorne/,0,43,9.28
https://gpacalculator.net/admission/colorado-technical-university-kansas-city/,0,43,16.35
https://gpacalculator.net/admission/devry-universitys-keller-graduate-school-of-management-new-jersey/,0,43,27.09
https://gpacalculator.net/admission/everest-university-lakeland/,0,43,14.58
https://gpacalculator.net/admission/globe-university%CB%86wausau/,0,43,10.21
https://gpacalculator.net/admission/long-island-university-c-w-post-campus/,0,43,9.14
https://gpacalculator.net/admission/university-of-houston-system-administration/,0,43,42.4
https://gpacalculator.net/admission/university-of-phoenix-kansas-city-campus/,0,43,50.28
https://gpacalculator.net/admissions/berkeley-college-woodland-park/,0,43,9.4
https://gpacalculator.net/admissions/cairn-university/,0,43,5.63
https://gpacalculator.net/admissions/edison-state-college/,0,43,7.05
https://gpacalculator.net/admissions/fort-lewis-college/,0,43,6.84
https://gpacalculator.net/admissions/huntington-university/,0,43,6.51
https://gpacalculator.net/admissions/husson-university-bangor-maine/,0,43,7.4
https://gpacalculator.net/admissions/immaculata-university/,0,43,9.65
https://gpacalculator.net/admissions/loyola-university-new-orleans/,0,43,8.14
https://gpacalculator.net/admissions/pennsylvania-state-university-penn-state-berks/,0,43,5.74
https://gpacalculator.net/admissions/san-diego-miramar-college/,0,43,4.77
https://gpacalculator.net/admission/american-intercontinental-university-south-florida/,0,42,27.55
https://gpacalculator.net/admission/azusa-pacific-university/,0,42,49.4
https://gpacalculator.net/admission/polytechnic-university-of-puerto-rico-miami/,0,42,9.71
https://gpacalculator.net/admission/uni-of-arkansas-community-college-batesville/,0,42,13.55
https://gpacalculator.net/admission/university-of-phoenix-jackson-campus/,0,42,63.76
https://gpacalculator.net/admission/university-of-phoenix-southern-california-campus/,0,42,62.02
https://gpacalculator.net/admissions/cape-fear-community-college/,0,42,6.62
https://gpacalculator.net/admissions/erskine-college-and-seminary/,0,42,5.83
https://gpacalculator.net/admissions/lawson-state-community-college-birmingham-campus/,0,42,5.9
https://gpacalculator.net/admissions/mott-community-college/,0,42,6.26
https://gpacalculator.net/admissions/nyu/,0,42,18.21
https://gpacalculator.net/admissions/paine-college/,0,42,6.14
https://gpacalculator.net/admissions/sandhills-community-college/,0,42,8.43
https://gpacalculator.net/admissions/simpson-college/,0,42,6.21
https://gpacalculator.net/admissions/snow-college/,0,42,6.83
https://gpacalculator.net/admissions/south-college/,0,42,8.33
https://gpacalculator.net/admissions/tarrant-county-college-district/,0,42,4.57
https://gpacalculator.net/admissions/union-college-ky/,0,42,7.24
https://gpacalculator.net/admissions/virginia-college-in-charleston/,0,42,4.19
https://gpacalculator.net/admissions/western-illinois-university/,0,42,9.33
https://gpacalculator.net/admission/ai-miami-international-uni-of-art-and-design/,0,41,9.85
https://gpacalculator.net/admission/devry-university-new-jersey/,0,41,39.29
https://gpacalculator.net/admission/fairmont-state-university/,0,41,11.66
https://gpacalculator.net/admission/university-of-phoenix-colorado-campus/,0,41,67.2
https://gpacalculator.net/admissions/anderson-university-in/,0,41,6.68
https://gpacalculator.net/admissions/anderson-university-sc/,0,41,7.37
https://gpacalculator.net/admissions/anne-arundel-community-college/,0,41,7.59
https://gpacalculator.net/admissions/carlow-university/,0,41,8.51
https://gpacalculator.net/admissions/dyouville-college/,0,41,7.66
https://gpacalculator.net/admissions/hudson-valley-community-college/,0,41,6.02
https://gpacalculator.net/admissions/lebanon-valley/,0,41,6.76
https://gpacalculator.net/admissions/millikin-university/,0,41,7.22
https://gpacalculator.net/admissions/nashville-state-community-college/,0,41,5.61
https://gpacalculator.net/admissions/national-louis-university/,0,41,7.17
https://gpacalculator.net/admissions/olin/,0,41,6.83
https://gpacalculator.net/admissions/pacific-lutheran-university/,0,41,7.02
https://gpacalculator.net/admissions/peru-state-college/,0,41,9.22
https://gpacalculator.net/admissions/suny-college-of-technology-at-delhi/,0,41,6.85
https://gpacalculator.net/admissions/university-of-southern-maine/,0,41,7.17
https://gpacalculator.net/admissions/university-of-wisconsin-river-falls/,0,41,7.27
https://gpacalculator.net/admissions/wheaton-college-il/,0,41,7.95
https://gpacalculator.net/admissions/william-penn-university/,0,41,5.12
https://gpacalculator.net/admission/university-of-pittsburgh-titusville/,0,40,61.98
https://gpacalculator.net/admissions/capital-university/,0,40,6.38
https://gpacalculator.net/admissions/citrus-college/,0,40,4.9
https://gpacalculator.net/admissions/indiana-university-east/,0,40,7.35
https://gpacalculator.net/admissions/iowa-western-community-college/,0,40,7.2
https://gpacalculator.net/admissions/kings-college-pa/,0,40,7.95
https://gpacalculator.net/admissions/mansfield-university-of-pennsylvania/,0,40,8.75
https://gpacalculator.net/admissions/north-park-university/,0,40,7.22
https://gpacalculator.net/admissions/parkland-college/,0,40,6.08
https://gpacalculator.net/admissions/san-bernardino-valley-college/,0,40,5.12
https://gpacalculator.net/admissions/st-pauls-school-of-nursing-queens/,0,40,10.47
https://gpacalculator.net/admissions/the-university-of-tennessee-martin/,0,40,7.38
https://gpacalculator.net/admissions/the-university-of-texas-at-tyler/,0,40,8.35
https://gpacalculator.net/admissions/western-state-college-of-colorado/,0,40,6.72
https://gpacalculator.net/admissions/youngstown-state-university/,0,40,6.62
https://gpacalculator.net/admission/argosy-university-twin-cities/,0,39,38.54
https://gpacalculator.net/admission/devry-unis-keller-graduate-school-of-management-oregon/,0,39,42.97
https://gpacalculator.net/admission/devry-university-pennsylvania/,0,39,22.51
https://gpacalculator.net/admission/fontbonne-university/,0,39,19.74
https://gpacalculator.net/admission/midwestern-state-university/,0,39,29.77
https://gpacalculator.net/admission/pennsylvania-state-uni-penn-state-fayette-eberly-campus/,0,39,24.54
https://gpacalculator.net/admission/south-university-savannah/,0,39,41.08
https://gpacalculator.net/admission/university-of-phoenix-columbus-ohio-campus/,0,39,62.67
https://gpacalculator.net/admissions/champlain-college/,0,39,7.03
https://gpacalculator.net/admissions/city-colleges-of-chicago-kennedy-king-college/,0,39,4.77
https://gpacalculator.net/admissions/dutchess-community-college/,0,39,5.69
https://gpacalculator.net/admissions/lee-college/,0,39,5.62
https://gpacalculator.net/admissions/mission-college/,0,39,5.92
https://gpacalculator.net/admissions/oklahoma-state-university-oklahoma-city/,0,39,10.36
https://gpacalculator.net/admissions/saint-bonaventure-university/,0,39,8.85
https://gpacalculator.net/admissions/san-antonio-college/,0,39,6.82
https://gpacalculator.net/admissions/shorter-university/,0,39,7.72
https://gpacalculator.net/admissions/suny-college-at-potsdam/,0,39,7.46
https://gpacalculator.net/admissions/texas-christian-university/,0,39,10.1
https://gpacalculator.net/admissions/university-of-hawaii-at-hilo/,0,39,7.41
https://gpacalculator.net/admissions/university-of-south-dakota/,0,39,6.62
https://gpacalculator.net/admissions/webb/,0,39,7.03
https://gpacalculator.net/admission/devry-universitys-keller-graduate-school-of-management-oklahoma/,0,38,26.97
https://gpacalculator.net/admission/ohio-university-chillicothe-campus/,0,38,37.74
https://gpacalculator.net/admission/oklahoma-state-university-center-for-health-sciences/,0,38,24.34
https://gpacalculator.net/admission/shawnee-state-university/,0,38,9.92
https://gpacalculator.net/admission/university-of-massachusetts-dartmouth/,0,38,30.66
https://gpacalculator.net/admissions/cleveland-state-university/,0,38,10.89
https://gpacalculator.net/admissions/crafton-hills-college/,0,38,5.66
https://gpacalculator.net/admissions/essex-county-college/,0,38,6.11
https://gpacalculator.net/admissions/georgia-piedmont-technical-college/,0,38,7.08
https://gpacalculator.net/admissions/harris-stowe-state-university/,0,38,8.11
https://gpacalculator.net/admissions/irvine-valley-college/,0,38,8.55
https://gpacalculator.net/admissions/jefferson-state-community-college/,0,38,6.16
https://gpacalculator.net/admissions/kalamazoo-college/,0,38,7.24
https://gpacalculator.net/admissions/lake-superior-state-university/,0,38,6.32
https://gpacalculator.net/admissions/maine-maritime-academy/,0,38,6.39
https://gpacalculator.net/admissions/manor-college/,0,38,4.89
https://gpacalculator.net/admissions/pennsylvania-state-university-penn-state-abington/,0,38,5.84
https://gpacalculator.net/admissions/sierra-college/,0,38,5.58
https://gpacalculator.net/admissions/victor-valley-college/,0,38,3.66
https://gpacalculator.net/admissions/york-technical-college/,0,38,4.89
https://gpacalculator.net/admission/kaplan-university-mason-city-campus/,0,37,42.59
https://gpacalculator.net/admission/montana-state-university-billings/,0,37,11.95
https://gpacalculator.net/admission/multnomah-university/,0,37,11.05
https://gpacalculator.net/admission/ohio-university-lancaster-campus/,0,37,31.54
https://gpacalculator.net/admission/spalding-university/,0,37,12.38
https://gpacalculator.net/admission/university-of-phoenix-charlotte-campus/,0,37,48.97
https://gpacalculator.net/admission/university-of-phoenix-omaha-campus/,0,37,57.43
https://gpacalculator.net/admission/western-state-college-of-law-at-argosy-university/,0,37,31.89
https://gpacalculator.net/admission/yo-san-university-of-traditional-chinese-medicine/,0,37,10.76
https://gpacalculator.net/admissions/benedictine-university/,0,37,7.19
https://gpacalculator.net/admissions/bon-secours-memorial-college-of-nursing/,0,37,7.24
https://gpacalculator.net/admissions/butte-college/,0,37,6.92
https://gpacalculator.net/admissions/city-colleges-of-chicago-richard-j-daley-college/,0,37,5.49
https://gpacalculator.net/admissions/colby-community-college/,0,37,5.76
https://gpacalculator.net/admissions/commonwealth-institute-of-funeral-service/,0,37,8.43
https://gpacalculator.net/admissions/galveston-college/,0,37,5.24
https://gpacalculator.net/admissions/iowa-central-community-college/,0,37,6.16
https://gpacalculator.net/admissions/millsaps-college/,0,37,6.95
https://gpacalculator.net/admissions/oakton-community-college/,0,37,7.59
https://gpacalculator.net/admissions/oxnard-college/,0,37,5.03
https://gpacalculator.net/admissions/pfeiffer-university/,0,37,6.11
https://gpacalculator.net/admissions/rochester-institute-of-technology/,0,37,8.49
https://gpacalculator.net/admissions/saint-francis-university/,0,37,7.14
https://gpacalculator.net/admissions/southern-university-at-new-orleans/,0,37,7.92
https://gpacalculator.net/admissions/stillman-college/,0,37,5.89
https://gpacalculator.net/admissions/talladega-college/,0,37,6.05
https://gpacalculator.net/admissions/university-of-northwestern-ohio/,0,37,16.97
https://gpacalculator.net/admissions/university-of-the-cumberlands/,0,37,9.03
https://gpacalculator.net/admission/beulah-heights-university/,0,36,21.81
https://gpacalculator.net/admission/broadview-university-boise/,0,36,28.11
https://gpacalculator.net/admission/devry-university-florida/,0,36,27.11
https://gpacalculator.net/admission/mayville-state-university/,0,36,13.5
https://gpacalculator.net/admission/the-university-of-texas-pan-american/,0,36,22.72
https://gpacalculator.net/admission/uni-of-montana-helena-college-of-technology/,0,36,10.5
https://gpacalculator.net/admission/university-of-washington-tacoma-campus/,0,36,55.17
https://gpacalculator.net/admissions/angelina-college/,0,36,4.14
https://gpacalculator.net/admissions/bloomfield-college/,0,36,6.58
https://gpacalculator.net/admissions/brevard-college/,0,36,8.36
https://gpacalculator.net/admissions/college-of-the-holy-cross/,0,36,11.06
https://gpacalculator.net/admissions/fayetteville-technical-community-college/,0,36,3.86
https://gpacalculator.net/admissions/grayson-county-college/,0,36,6.36
https://gpacalculator.net/admissions/hudson-county-community-college/,0,36,5.69
https://gpacalculator.net/admissions/ivy-tech-community-college-richmond/,0,36,4.53
https://gpacalculator.net/admissions/mchenry-county-college/,0,36,6.28
https://gpacalculator.net/admissions/moody-bible-institute/,0,36,9.31
https://gpacalculator.net/admissions/moraine-valley-community-college/,0,36,6.5
https://gpacalculator.net/admissions/newu-university/,0,36,6.94
https://gpacalculator.net/admissions/ogeechee-technical-college/,0,36,6.69
https://gpacalculator.net/admissions/ohlone-community-college/,0,36,7.89
https://gpacalculator.net/admissions/oklahoma-city/,0,36,7.67
https://gpacalculator.net/admissions/south-dakota-school-of-mines-and-technology/,0,36,9
https://gpacalculator.net/admissions/southern-methodist-university/,0,36,7
https://gpacalculator.net/admissions/southern-new-hampshire-university/,0,36,8.47
https://gpacalculator.net/admissions/suny-college-of-environmental-science-and-forestry/,0,36,7.47
https://gpacalculator.net/admissions/temple-college/,0,36,6.22
https://gpacalculator.net/admissions/the-college-of-new-jersey/,0,36,7.81
https://gpacalculator.net/admissions/union-institute-university/,0,36,5.5
https://gpacalculator.net/admissions/university-of-washington-bothell-campus/,0,36,7.69
https://gpacalculator.net/admissions/yeshiva-university/,0,36,7.78
https://gpacalculator.net/admission/aspen-university/,0,35,11.31
https://gpacalculator.net/admission/everest-university-orange-park/,0,35,16.63
https://gpacalculator.net/admission/letourneau-university/,0,35,23.83
https://gpacalculator.net/admission/liu-hudson-at-westchester/,0,35,35.74
https://gpacalculator.net/admission/strayer-university-kentucky/,0,35,26.34
https://gpacalculator.net/admissions/allen-university/,0,35,6.89
https://gpacalculator.net/admissions/beloit-college/,0,35,6.46
https://gpacalculator.net/admissions/de-anza-college/,0,35,5.63
https://gpacalculator.net/admissions/dillard-university/,0,35,6.31
https://gpacalculator.net/admissions/dunwoody-college-of-technology/,0,35,5.91
https://gpacalculator.net/admissions/fairmont-state-university/,0,35,6.11
https://gpacalculator.net/admissions/fort-hays-state-university/,0,35,6.83
https://gpacalculator.net/admissions/germanna-community-college/,0,35,6.34
https://gpacalculator.net/admissions/goldey-beacom-college/,0,35,5.97
https://gpacalculator.net/admissions/gwynedd-mercy-college/,0,35,5.63
https://gpacalculator.net/admissions/joliet-junior-college/,0,35,4.74
https://gpacalculator.net/admissions/lake-area-technical-institute/,0,35,5.34
https://gpacalculator.net/admissions/mary-baldwin-college/,0,35,6.43
https://gpacalculator.net/admissions/mckendree-university/,0,35,6.29
https://gpacalculator.net/admissions/norco-college/,0,35,5.34
https://gpacalculator.net/admissions/pima-community-college/,0,35,7.49
https://gpacalculator.net/admissions/ranken-technical-college/,0,35,6.11
https://gpacalculator.net/admissions/raritan-valley-community-college/,0,35,7.57
https://gpacalculator.net/admissions/reinhardt-university/,0,35,7.17
https://gpacalculator.net/admissions/roane-state-community-college/,0,35,7.2
https://gpacalculator.net/admissions/southern-maine-community-college/,0,35,8.74
https://gpacalculator.net/admissions/spring-hill-college/,0,35,11.57
https://gpacalculator.net/admissions/union/,0,35,7.8
https://gpacalculator.net/admissions/university-of-hawaii-maui-college/,0,35,6.29
https://gpacalculator.net/admissions/washington-and-jefferson-college/,0,35,5.66
https://gpacalculator.net/admissions/west-georgia-technical-college/,0,35,8.54
https://gpacalculator.net/admissions/wilberforce-university/,0,35,5.09
https://gpacalculator.net/admission/devry-unis-keller-graduate-school-of-management-washington/,0,34,50.59
https://gpacalculator.net/admission/northwood-university-texas/,0,34,26.15
https://gpacalculator.net/admission/south-university-columbia/,0,34,22.85
https://gpacalculator.net/admission/university-of-phoenix-minneapolis-st-paul-campus/,0,34,59.59
https://gpacalculator.net/admission/university-of-phoenix-northwest-indiana-campus/,0,34,14.21
https://gpacalculator.net/admission/west-coast-university-ontario/,0,34,23.56
https://gpacalculator.net/admissions/alaska-bible-college/,0,34,7
https://gpacalculator.net/admissions/anoka-ramsey-community-college/,0,34,6.26
https://gpacalculator.net/admissions/bucks-county-community-college/,0,34,7.06
https://gpacalculator.net/admissions/dominican-university-of-california/,0,34,8.24
https://gpacalculator.net/admissions/el-paso-community-college/,0,34,6.18
https://gpacalculator.net/admissions/eureka-college/,0,34,5.41
https://gpacalculator.net/admissions/long-island-university-c-w-post-campus/,0,34,6.71
https://gpacalculator.net/admissions/midland-college/,0,34,4.62
https://gpacalculator.net/admissions/montreat-college/,0,34,8.62
https://gpacalculator.net/admissions/nc-state/,0,34,11.68
https://gpacalculator.net/admissions/paris-junior-college/,0,34,4.18
https://gpacalculator.net/admissions/sacramento-city-college/,0,34,7.26
https://gpacalculator.net/admissions/salem-college/,0,34,6.91
https://gpacalculator.net/admissions/shelton-state-community-college/,0,34,6.35
https://gpacalculator.net/admissions/soka-university-of-america/,0,34,7.65
https://gpacalculator.net/admissions/spartanburg-community-college/,0,34,5.68
https://gpacalculator.net/admissions/the-kings-college/,0,34,7.21
https://gpacalculator.net/admissions/university-of-minnesota-morris/,0,34,7.79
https://gpacalculator.net/admissions/valley-forge-military-college/,0,34,6.38
https://gpacalculator.net/admissions/william-mary/,0,34,9.06
https://gpacalculator.net/admission/antioch-uni-phd-program-in-leadership-and-change/,0,33,34.88
https://gpacalculator.net/admission/devry-unis-keller-graduate-school-of-management-illinois/,0,33,23.48
https://gpacalculator.net/admission/ohio-dominican-university/,0,33,9.48
https://gpacalculator.net/admission/southern-university-board-and-system/,0,33,47.88
https://gpacalculator.net/admission/southwestern-adventist-university/,0,33,8.61
https://gpacalculator.net/admission/taft-university-system/,0,33,11.42
https://gpacalculator.net/admission/university-of-phoenix-fairfield-county-campus/,0,33,48.97
https://gpacalculator.net/admission/university-of-phoenix-lafayette-campus/,0,33,62
https://gpacalculator.net/admissions/ashland-university/,0,33,7.15
https://gpacalculator.net/admissions/augusta-technical-college/,0,33,6.88
https://gpacalculator.net/admissions/bismarck-state-college/,0,33,7.09
https://gpacalculator.net/admissions/briar-cliff-university/,0,33,7.79
https://gpacalculator.net/admissions/chowan-university/,0,33,5.48
https://gpacalculator.net/admissions/clark-college/,0,33,8.48
https://gpacalculator.net/admissions/crown-college/,0,33,6.91
https://gpacalculator.net/admissions/embry-riddle-aeronautical-university-worldwide/,0,33,19.36
https://gpacalculator.net/admissions/heritage-university/,0,33,7.97
https://gpacalculator.net/admissions/hill-college/,0,33,6.33
https://gpacalculator.net/admissions/lincoln-memorial-university/,0,33,7.33
https://gpacalculator.net/admissions/madonna-university/,0,33,6.3
https://gpacalculator.net/admissions/marietta-college/,0,33,6
https://gpacalculator.net/admissions/maryville-university-of-saint-louis/,0,33,7.88
https://gpacalculator.net/admissions/mitchell-college/,0,33,4.88
https://gpacalculator.net/admissions/mount-olive-college/,0,33,6.55
https://gpacalculator.net/admissions/northwest-missouri-state-university/,0,33,7.79
https://gpacalculator.net/admissions/pensacola-state-college/,0,33,6.39
https://gpacalculator.net/admissions/san-diego-city-college/,0,33,3.79
https://gpacalculator.net/admissions/san-diego-state/,0,33,10
https://gpacalculator.net/admissions/southern-union-state-community-college/,0,33,8.15
https://gpacalculator.net/admissions/texas-a-and-m-university-college-station/,0,33,7.3
https://gpacalculator.net/admissions/university-of-arkansas-at-little-rock/,0,33,6.88
https://gpacalculator.net/admissions/university-of-south-carolina-aiken/,0,33,7
https://gpacalculator.net/admissions/uthealth-houston/,0,33,6.7
https://gpacalculator.net/admissions/wartburg-college/,0,33,6.88
https://gpacalculator.net/admissions/william-jessup-university/,0,33,8.91
https://gpacalculator.net/admission/bakke-graduate-university/,0,32,31.94
https://gpacalculator.net/admission/itt-technical-institute-bradenton/,0,32,24.84
https://gpacalculator.net/admission/phillips-community-college-of-the-university-of-arkansas/,0,32,7.28
https://gpacalculator.net/admission/piedmont-international-university/,0,32,13.69
https://gpacalculator.net/admission/southern-california-university-soma/,0,32,18.91
https://gpacalculator.net/admission/strayer-university-utah/,0,32,16.28
https://gpacalculator.net/admission/strayer-university-virginia/,0,32,13.41
https://gpacalculator.net/admission/university-of-phoenix-delaware-campus/,0,32,39.88
https://gpacalculator.net/admissions/andrews-university/,0,32,6.31
https://gpacalculator.net/admissions/aquinas-college-mi/,0,32,5.97
https://gpacalculator.net/admissions/bemidji-state-university/,0,32,6.12
https://gpacalculator.net/admissions/colorado-christian/,0,32,7.09
https://gpacalculator.net/admissions/felician-college/,0,32,7.66
https://gpacalculator.net/admissions/howard-community-college/,0,32,7.72
https://gpacalculator.net/admissions/howard-payne-university/,0,32,7.22
https://gpacalculator.net/admissions/indiana-university-of-pennsylvania-main-campus/,0,32,8.62
https://gpacalculator.net/admissions/letourneau-university/,0,32,7.78
https://gpacalculator.net/admissions/los-angeles-harbor-college/,0,32,4.09
https://gpacalculator.net/admissions/massasoit-community-college/,0,32,8.44
https://gpacalculator.net/admissions/new-jersey-city-university/,0,32,6.34
https://gpacalculator.net/admissions/nhti-concords-community-college/,0,32,7.56
https://gpacalculator.net/admissions/notre-dame-de-namur-university/,0,32,8.19
https://gpacalculator.net/admissions/oklahoma-city-community-college/,0,32,6.69
https://gpacalculator.net/admissions/peninsula-college/,0,32,6.75
https://gpacalculator.net/admissions/saint-johns-university/,0,32,16.69
https://gpacalculator.net/admissions/saint-mary-of-the-woods-college/,0,32,7.28
https://gpacalculator.net/admissions/skyline-college/,0,32,4.97
https://gpacalculator.net/admissions/southwestern-michigan-college/,0,32,9.53
https://gpacalculator.net/admissions/uc-san-diego/,0,32,20.88
https://gpacalculator.net/admissions/union-college-nb/,0,32,7.59
https://gpacalculator.net/admissions/university-of-north-carolina-at-wilmington/,0,32,7.41
https://gpacalculator.net/admissions/university-of-the-incarnate-word/,0,32,7.34
https://gpacalculator.net/admissions/vet-tech-institute-of-houston/,0,32,6.94
https://gpacalculator.net/admission/kaplan-university-council-bluffs-campus/,0,31,53.65
https://gpacalculator.net/admission/patten-university/,0,31,16.06
https://gpacalculator.net/admission/southwest-university-of-visual-arts-tucson/,0,31,22.48
https://gpacalculator.net/admission/strayer-university-florida/,0,31,21.84
https://gpacalculator.net/admission/university-of-management-and-technology/,0,31,20.68
https://gpacalculator.net/admission/university-of-phoenix-bay-area-campus/,0,31,19.42
https://gpacalculator.net/admissions/alvin-community-college/,0,31,6.48
https://gpacalculator.net/admissions/arkansas-tech-university/,0,31,6.55
https://gpacalculator.net/admissions/california-maritime-academy/,0,31,6.48
https://gpacalculator.net/admissions/carson-newman-college/,0,31,6.77
https://gpacalculator.net/admissions/concord-university/,0,31,6.81
https://gpacalculator.net/admissions/devry-university-oregon/,0,31,21.35
https://gpacalculator.net/admissions/earlham-college/,0,31,6.03
https://gpacalculator.net/admissions/forsyth-technical-community-college/,0,31,6.74
https://gpacalculator.net/admissions/ivy-tech-community-college-wabash-valley/,0,31,9.45
https://gpacalculator.net/admissions/pennsylvania-state-university-penn-state-altoona/,0,31,6.29
https://gpacalculator.net/admissions/quincy-university/,0,31,7.71
https://gpacalculator.net/admissions/ridgewater-college/,0,31,5.77
https://gpacalculator.net/admissions/southern-arkansas-university-main-campus/,0,31,6.48
https://gpacalculator.net/admissions/suny-college-of-agriculture-and-technology-at-cobleskill/,0,31,8.32
https://gpacalculator.net/admissions/university-of-hawaii-west-oahu/,0,31,7.55
https://gpacalculator.net/admissions/woodbury-university/,0,31,6.32
https://gpacalculator.net/admission/black-hills-state-university/,0,30,9.37
https://gpacalculator.net/admission/georgia-christian-university/,0,30,29.47
https://gpacalculator.net/admission/hamline-university/,0,30,43.57
https://gpacalculator.net/admission/louisiana-state-university-eunice/,0,30,6.83
https://gpacalculator.net/admission/resurrection-university/,0,30,11.2
https://gpacalculator.net/admission/strayer-university-north-carolina/,0,30,19.3
https://gpacalculator.net/admission/trinity-international-university-illinois/,0,30,14.9
https://gpacalculator.net/admission/university-of-phoenix-metro-detroit-campus/,0,30,23.77
https://gpacalculator.net/admission/university-of-phoenix-san-diego-campus/,0,30,44.7
https://gpacalculator.net/admission/university-of-the-sciences/,0,30,14.27
https://gpacalculator.net/admissions/antelope-valley-college/,0,30,4.27
https://gpacalculator.net/admissions/asbury-university/,0,30,5.8
https://gpacalculator.net/admissions/colby-sawyer-college/,0,30,7.67
https://gpacalculator.net/admissions/college-of-the-ozarks/,0,30,6.43
https://gpacalculator.net/admissions/collins-college/,0,30,12.4
https://gpacalculator.net/admissions/dawson-community-college/,0,30,4.3
https://gpacalculator.net/admissions/doane-college-crete/,0,30,7.07
https://gpacalculator.net/admissions/elmira-college/,0,30,7.77
https://gpacalculator.net/admissions/franciscan/,0,30,11.13
https://gpacalculator.net/admissions/geneva-college/,0,30,9.3
https://gpacalculator.net/admissions/isothermal-community-college/,0,30,5.9
https://gpacalculator.net/admissions/kentucky-wesleyan-college/,0,30,4.9
https://gpacalculator.net/admissions/mars-hill-university/,0,30,5.07
https://gpacalculator.net/admissions/ocean-county-college/,0,30,5.37
https://gpacalculator.net/admissions/spring-arbor-university/,0,30,6.9
https://gpacalculator.net/admissions/toccoa-falls-college/,0,30,6.6
https://gpacalculator.net/admissions/umpqua-community-college/,0,30,5.97
https://gpacalculator.net/admissions/university-of-central-missouri/,0,30,6.67
https://gpacalculator.net/admissions/university-of-north-carolina-school-of-the-arts/,0,30,5.87
https://gpacalculator.net/admissions/university-of-wisconsin-parkside/,0,30,6.93
https://gpacalculator.net/admissions/walsh-university/,0,30,6
https://gpacalculator.net/admissions/wittenberg-university/,0,30,6.33
https://gpacalculator.net/admission/argosy-university-sarasota/,0,29,55
https://gpacalculator.net/admission/devry-universitys-keller-graduate-school-of-management-ohio/,0,29,37.72
https://gpacalculator.net/admission/millennia-atlantic-university/,0,29,9.14
https://gpacalculator.net/admission/south-university%CB%86savannah-online/,0,29,25.72
https://gpacalculator.net/admission/strayer-university-pennsylvania/,0,29,22.21
https://gpacalculator.net/admission/the-university-of-west-los-angeles/,0,29,10.86
https://gpacalculator.net/admission/university-of-antelope-valley/,0,29,9.1
https://gpacalculator.net/admission/university-of-medicine-and-dentistry-of-new-jersey/,0,29,8
https://gpacalculator.net/admission/university-of-phoenix-hawaii-campus/,0,29,18.03
https://gpacalculator.net/admissions/american-river-college/,0,29,5.97
https://gpacalculator.net/admissions/bard-college/,0,29,7.07
https://gpacalculator.net/admissions/benedictine-college/,0,29,8.31
https://gpacalculator.net/admissions/bishop-state-community-college/,0,29,6.59
https://gpacalculator.net/admissions/chadron-state-college/,0,29,8.41
https://gpacalculator.net/admissions/charles-r-drew-university-of-medicine-and-science/,0,29,9.9
https://gpacalculator.net/admissions/college-of-mount-saint-vincent/,0,29,7.24
https://gpacalculator.net/admissions/columbus-state-community-college/,0,29,8.48
https://gpacalculator.net/admissions/concordia-college-at-moorhead/,0,29,5.38
https://gpacalculator.net/admissions/concordia-university-wisconsin/,0,29,14.21
https://gpacalculator.net/admissions/faulkner-university/,0,29,7.17
https://gpacalculator.net/admissions/greenville-college/,0,29,7.34
https://gpacalculator.net/admissions/hult-international-business-school/,0,29,6.72
https://gpacalculator.net/admissions/mount-st-marys-college/,0,29,8.28
https://gpacalculator.net/admissions/pennsylvania-state-university-penn-state-brandywine/,0,29,12.28
https://gpacalculator.net/admissions/piedmont-college/,0,29,6.86
https://gpacalculator.net/admissions/saint-josephs-college-new-york/,0,29,6.59
https://gpacalculator.net/admissions/thomas-college/,0,29,7.97
https://gpacalculator.net/admissions/trevecca-nazarene-university/,0,29,6.31
https://gpacalculator.net/admissions/university-of-california-santa-cruz/,0,29,11
https://gpacalculator.net/admissions/university-of-montevallo/,0,29,7.03
https://gpacalculator.net/admissions/university-of-pittsburgh-johnstown/,0,29,7.62
https://gpacalculator.net/admissions/wayne-state-college/,0,29,9.62
https://gpacalculator.net/admission/antioch-university-santa-barbara/,0,28,11.82
https://gpacalculator.net/admission/argosy-university-salt-lake-city/,0,28,12.11
https://gpacalculator.net/admission/devry-unis-keller-graduate-school-of-management-texas/,0,28,23.25
https://gpacalculator.net/admission/devry-university-kentucky/,0,28,7.93
https://gpacalculator.net/admission/devry-university-virginia/,0,28,37.89
https://gpacalculator.net/admission/new-mexico-state-university-alamogordo/,0,28,17.14
https://gpacalculator.net/admission/university-of-missouri-columbia//1000,0,28,11
https://gpacalculator.net/admission/university-of-phoenix-delaware/,0,28,24.43
https://gpacalculator.net/admissions/aiken-technical-college/,0,28,5.79
https://gpacalculator.net/admissions/bates-technical-college/,0,28,4.75
https://gpacalculator.net/admissions/central-georgia-technical-college-macon-georgia/,0,28,6.46
https://gpacalculator.net/admissions/corban-university/,0,28,6.68
https://gpacalculator.net/admissions/digipen-institute-of-technology/,0,28,7.57
https://gpacalculator.net/admissions/edward-waters-college/,0,28,6.61
https://gpacalculator.net/admissions/hutchinson-community-college/,0,28,6.14
https://gpacalculator.net/admissions/marymount-manhattan-college/,0,28,4.93
https://gpacalculator.net/admissions/metropolitan-state-college-of-denver/,0,28,8.32
https://gpacalculator.net/admissions/northeastern-state-university/,0,28,9.04
https://gpacalculator.net/admissions/olympic-college/,0,28,7.32
https://gpacalculator.net/admissions/phoenix-college/,0,28,7.89
https://gpacalculator.net/admissions/uc-santa-barbara/,0,28,10.14
https://gpacalculator.net/admissions/university-of-colorado-colorado-springs/,0,28,6.61
https://gpacalculator.net/admissions/villa-maria-college/,0,28,5.71
https://gpacalculator.net/admissions/walters-state-community-college/,0,28,4.57
https://gpacalculator.net/admissions/west-virginia-state-university/,0,28,10.57
https://gpacalculator.net/admissions/westminster-college-mo/,0,28,6.43
https://gpacalculator.net/admission/allied-american-university/,0,27,12.48
https://gpacalculator.net/admission/broadview-university/,0,27,27.74
https://gpacalculator.net/admission/east-west-university/,0,27,9.81
https://gpacalculator.net/admission/globe-university-wausau/,0,27,7.52
https://gpacalculator.net/admission/south-university-the-art-institute-of-fort-worth/,0,27,21.22
https://gpacalculator.net/admissions/albertus-magnus-college/,0,27,7.26
https://gpacalculator.net/admissions/art-center-college-of-design/,0,27,8.93
https://gpacalculator.net/admissions/bethany-college-ks/,0,27,6.22
https://gpacalculator.net/admissions/city-colleges-of-chicago-harry-s-truman-college/,0,27,6.59
https://gpacalculator.net/admissions/columbus-technical-college/,0,27,9.59
https://gpacalculator.net/admissions/fashion-institute-of-technology/,0,27,10.22
https://gpacalculator.net/admissions/florida-international/,0,27,7.33
https://gpacalculator.net/admissions/georgetown-college/,0,27,14.41
https://gpacalculator.net/admissions/henry-ford-community-college/,0,27,7.52
https://gpacalculator.net/admissions/heritage-christian-university/,0,27,8.33
https://gpacalculator.net/admissions/horry-georgetown-technical-college/,0,27,7.26
https://gpacalculator.net/admissions/ivy-tech-community-college-northwest/,0,27,5.63
https://gpacalculator.net/admissions/kendall-college/,0,27,7.3
https://gpacalculator.net/admissions/kirkwood-community-college/,0,27,8.04
https://gpacalculator.net/admissions/lake-superior-college/,0,27,5.04
https://gpacalculator.net/admissions/massachusetts-college-of-art-and-design/,0,27,8.11
https://gpacalculator.net/admissions/mcpherson-college/,0,27,7.67
https://gpacalculator.net/admissions/miller-motte-college-raleigh/,0,27,5.48
https://gpacalculator.net/admissions/mount-saint-mary-college/,0,27,7.19
https://gpacalculator.net/admissions/muskingum-university/,0,27,6.93
https://gpacalculator.net/admissions/north-hennepin-community-college/,0,27,6.67
https://gpacalculator.net/admissions/panola-college/,0,27,5.63
https://gpacalculator.net/admissions/southeast-community-college-area/,0,27,6.15
https://gpacalculator.net/admissions/southwestern-oklahoma-state-university/,0,27,5.52
https://gpacalculator.net/admissions/st-josephs-college-of-nursing-at-st-josephs-hospital-health-center/,0,27,5.26
https://gpacalculator.net/admissions/the-new-school/,0,27,4.41
https://gpacalculator.net/admissions/tougaloo-college/,0,27,6.41
https://gpacalculator.net/admissions/trinity-valley-community-college/,0,27,5.78
https://gpacalculator.net/admissions/westminster-college-ut/,0,27,7.7
https://gpacalculator.net/admission/argosy-university-inland-empire/,0,26,24.96
https://gpacalculator.net/admission/averett-university-non-traditional-programs/,0,26,22.46
https://gpacalculator.net/admission/bethesda-university-of-california/,0,26,6.96
https://gpacalculator.net/admission/devry-universitys-keller-graduate-school-of-management-florida/,0,26,12.15
https://gpacalculator.net/admission/north-georgia-college-state-university/,0,26,11.96
https://gpacalculator.net/admission/united-states-university/,0,26,85.12
https://gpacalculator.net/admission/western-oregon-university,0,26,8.81
https://gpacalculator.net/admissions/city-colleges-of-chicago-olive-harvey-college/,0,26,4.85
https://gpacalculator.net/admissions/college-unbound/,0,26,5.85
https://gpacalculator.net/admissions/colorado-mountain-college/,0,26,5.27
https://gpacalculator.net/admissions/dakota-county-technical-college/,0,26,6.5
https://gpacalculator.net/admissions/dordt-college/,0,26,7.69
https://gpacalculator.net/admissions/fox-valley-technical-college/,0,26,5.12
https://gpacalculator.net/admissions/henderson-state-university/,0,26,5.73
https://gpacalculator.net/admissions/keystone-college/,0,26,5.38
https://gpacalculator.net/admissions/metropolitan-community-college-area/,0,26,5.81
https://gpacalculator.net/admissions/montgomery-county-community-college-central-campus/,0,26,7.12
https://gpacalculator.net/admissions/moore-college-of-art-and-design/,0,26,7.58
https://gpacalculator.net/admissions/north-carolina-wesleyan-college/,0,26,9.54
https://gpacalculator.net/admissions/oklahoma-christian-university/,0,26,7.27
https://gpacalculator.net/admissions/riverside-city-college/,0,26,3.19
https://gpacalculator.net/admissions/southern-nazarene-university/,0,26,6.08
https://gpacalculator.net/admissions/tennessee-wesleyan-college/,0,26,7.19
https://gpacalculator.net/admissions/thomas-more-college/,0,26,6.65
https://gpacalculator.net/admissions/university-of-central-arkansas/,0,26,8.31
https://gpacalculator.net/admissions/university-of-mary/,0,26,6.81
https://gpacalculator.net/admissions/university-of-the-ozarks/,0,26,5.65
https://gpacalculator.net/admissions/university-of-wisconsin-green-bay/,0,26,7.65
https://gpacalculator.net/admissions/wisconsin-lutheran-college/,0,26,6.42
https://gpacalculator.net/admission/argosy-university-washington-dc/,0,25,35.12
https://gpacalculator.net/admission/central-methodist-university-college-of-graduate-and-extended-studies/,0,25,11.96
https://gpacalculator.net/admission/cossatot-community-college-of-the-uni-of-arkansas/,0,25,7.44
https://gpacalculator.net/admission/devry-unis-keller-graduate-school-of-management-kentucky/,0,25,4.08
https://gpacalculator.net/admission/devry-unis-keller-graduate-school-of-management-maryland/,0,25,15.4
https://gpacalculator.net/admission/devry-university-north-carolina/,0,25,31.4
https://gpacalculator.net/admission/finlandia-university/,0,25,9.48
https://gpacalculator.net/admission/strayer-university-mississippi/,0,25,38.24
https://gpacalculator.net/admission/strayer-university-tennessee/,0,25,15.64
https://gpacalculator.net/admission/university-of-phoenix-austin-campus/,0,25,63.64
https://gpacalculator.net/admissions/alabama-a-m-university/,0,25,20.92
https://gpacalculator.net/admissions/averett-university/,0,25,6.72
https://gpacalculator.net/admissions/blackhawk-technical-college/,0,25,4.96
https://gpacalculator.net/admissions/college-of-coastal-georgia/,0,25,6.84
https://gpacalculator.net/admissions/college-of-the-desert/,0,25,6.96
https://gpacalculator.net/admissions/eastern-oregon-university/,0,25,7.44
https://gpacalculator.net/admissions/emmanuel-college-ga/,0,25,7
https://gpacalculator.net/admissions/florida-state-college-at-jacksonville/,0,25,5.72
https://gpacalculator.net/admissions/gallaudet-university/,0,25,6.8
https://gpacalculator.net/admissions/georgia-southwestern-state-university/,0,25,8.12
https://gpacalculator.net/admissions/governors-state/,0,25,6
https://gpacalculator.net/admissions/hilbert-college/,0,25,6.96
https://gpacalculator.net/admissions/hiram-college/,0,25,6.56
https://gpacalculator.net/admissions/howard-college/,0,25,13.72
https://gpacalculator.net/admissions/johnson-college/,0,25,5.8
https://gpacalculator.net/admissions/keuka-college/,0,25,6.32
https://gpacalculator.net/admissions/manhattan-school-of-music/,0,25,5.72
https://gpacalculator.net/admissions/mid-michigan-community-college/,0,25,6.24
https://gpacalculator.net/admissions/midway-college/,0,25,7.08
https://gpacalculator.net/admissions/miller-motte-college/,0,25,6.28
https://gpacalculator.net/admissions/mississippi-gulf-coast-community-college/,0,25,6.44
https://gpacalculator.net/admissions/morton-college/,0,25,4.56
https://gpacalculator.net/admissions/nevada-state-college/,0,25,6.24
https://gpacalculator.net/admissions/pierce-college-at-puyallup/,0,25,5.4
https://gpacalculator.net/admissions/prairie-state-college/,0,25,4.16
https://gpacalculator.net/admissions/prairie-view-a-and-m-university/,0,25,7.68
https://gpacalculator.net/admissions/simpson-university/,0,25,6.56
https://gpacalculator.net/admissions/suny-college-at-buffalo/,0,25,7
https://gpacalculator.net/admissions/texas-a-m-university-corpus-christi/,0,25,9.48
https://gpacalculator.net/admissions/the-university-of-virginias-college-at-wise/,0,25,8.84
https://gpacalculator.net/admissions/vance-granville-community-college/,0,25,5.96
https://gpacalculator.net/admissions/voorhees-college/,0,25,5.4
https://gpacalculator.net/admissions/wesley-college/,0,25,8.04
https://gpacalculator.net/admission/akron-institute-of-herzing-university/,0,24,31.08
https://gpacalculator.net/admission/everest-university-brandon/,0,24,7.67
https://gpacalculator.net/admission/phillips-community-college-of-the-uni-of-arkansas/,0,24,8.88
https://gpacalculator.net/admission/south-university-accelerated-graduate-programs/,0,24,9.12
https://gpacalculator.net/admission/strayer-university-maryland/,0,24,26.21
https://gpacalculator.net/admission/university-of-phoenix-boston-campus/,0,24,42.58
https://gpacalculator.net/admissions/aims-community-college/,0,24,8.25
https://gpacalculator.net/admissions/bethany-college-wv/,0,24,5.92
https://gpacalculator.net/admissions/bob-jones-university/,0,24,5.75
https://gpacalculator.net/admissions/bryan-college/,0,24,7.42
https://gpacalculator.net/admissions/christian-brothers-university/,0,24,6
https://gpacalculator.net/admissions/cisco-college/,0,24,5.58
https://gpacalculator.net/admissions/cuesta-college/,0,24,6.42
https://gpacalculator.net/admissions/gateway-community-and-technical-college/,0,24,6.88
https://gpacalculator.net/admissions/glendale-community-college-az/,0,24,5.5
https://gpacalculator.net/admissions/hope-international-university/,0,24,6.12
https://gpacalculator.net/admissions/jackson-state-community-college/,0,24,6.79
https://gpacalculator.net/admissions/jarvis-christian-college/,0,24,8.08
https://gpacalculator.net/admissions/loras-college/,0,24,7.38
https://gpacalculator.net/admissions/malone-university/,0,24,6.67
https://gpacalculator.net/admissions/miller-motte-college-fayetteville/,0,24,16.62
https://gpacalculator.net/admissions/milwaukee-school-of-engineering/,0,24,7.71
https://gpacalculator.net/admissions/quincy-college/,0,24,6.42
https://gpacalculator.net/admissions/roberts-wesleyan-college/,0,24,6.62
https://gpacalculator.net/admissions/saint-joseph-college/,0,24,11.83
https://gpacalculator.net/admissions/saint-norbert-college/,0,24,7.04
https://gpacalculator.net/admissions/stephens-college/,0,24,7.08
https://gpacalculator.net/admissions/sweet-briar-college/,0,24,5.62
https://gpacalculator.net/admissions/teachers-college-at-columbia-university/,0,24,8.17
https://gpacalculator.net/admissions/texas-lutheran/,0,24,7.08
https://gpacalculator.net/admissions/university-of-st-francis/,0,24,6.21
https://gpacalculator.net/admissions/warner-university/,0,24,7.21
https://gpacalculator.net/admissions/william-jewell-college/,0,24,7.17
https://gpacalculator.net/admission/coleman-university/,0,23,29.83
https://gpacalculator.net/admission/devry-universitys-keller-graduate-school-of-management-colorado/,0,23,15.13
https://gpacalculator.net/admission/globe-university-eau-claire/,0,23,17.61
https://gpacalculator.net/admission/kansas-city-uni-of-medicine-and-biosciences/,0,23,33.39
https://gpacalculator.net/admission/new-mexico-state-university-grants/,0,23,21.74
https://gpacalculator.net/admission/uni-of-arkansas-community-college-morrilton/,0,23,7.57
https://gpacalculator.net/admission/university-of-minnesota-crookston/,0,23,32.83
https://gpacalculator.net/admissions/blackburn-college/,0,23,5.83
https://gpacalculator.net/admissions/boston-architectural-college/,0,23,8
https://gpacalculator.net/admissions/coastal-pines-technical-college/,0,23,7.04
https://gpacalculator.net/admissions/coe-college/,0,23,7.04
https://gpacalculator.net/admissions/coker-college/,0,23,6
https://gpacalculator.net/admissions/college-of-san-mateo/,0,23,6.26
https://gpacalculator.net/admissions/corning-community-college/,0,23,5.48
https://gpacalculator.net/admissions/culinary-institute-inc/,0,23,12.17
https://gpacalculator.net/admissions/everglades-university/,0,23,7.3
https://gpacalculator.net/admissions/hagerstown-community-college/,0,23,6.04
https://gpacalculator.net/admissions/illinois-college/,0,23,6.65
https://gpacalculator.net/admissions/jones-county-junior-college/,0,23,6.96
https://gpacalculator.net/admissions/lamar-institute-of-technology/,0,23,10.65
https://gpacalculator.net/admissions/metropolitan-state-university/,0,23,7.35
https://gpacalculator.net/admissions/miami-university-middletown/,0,23,20.17
https://gpacalculator.net/admissions/milwaukee-area-technical-college/,0,23,5.61
https://gpacalculator.net/admissions/modesto-junior-college/,0,23,5.61
https://gpacalculator.net/admissions/montana-tech-of-the-university-of-montana/,0,23,9.7
https://gpacalculator.net/admissions/north-georgia-technical-college/,0,23,5.7
https://gpacalculator.net/admissions/north-greenville/,0,23,6.65
https://gpacalculator.net/admissions/ohio-state-university-newark-campus/,0,23,16.61
https://gpacalculator.net/admissions/shasta-college/,0,23,6.91
https://gpacalculator.net/admissions/spartan-college-of-aeronautics-and-technology/,0,23,6.65
https://gpacalculator.net/admissions/the-christ-college-of-nursing-and-health-sciences/,0,23,11.43
https://gpacalculator.net/admissions/thomas-university/,0,23,6.3
https://gpacalculator.net/admissions/united-states-university/,0,23,10
https://gpacalculator.net/admissions/university-of-rio-grande/,0,23,7.3
https://gpacalculator.net/admissions/university-of-west-alabama/,0,23,5.96
https://gpacalculator.net/admissions/victoria-college/,0,23,6.17
https://gpacalculator.net/admissions/webber-international-university/,0,23,7.83
https://gpacalculator.net/admissions/west-coast-university-los-angeles/,0,23,7.04
https://gpacalculator.net/admission/southwestern-christian-university/,0,22,14.32
https://gpacalculator.net/admission/strayer-university-global-region/,0,22,29
https://gpacalculator.net/admission/university-of-missouri-systems-office/,0,22,42.18
https://gpacalculator.net/admission/university-of-phoenix-madison-campus/,0,22,40.41
https://gpacalculator.net/admission/university-of-phoenix-northern-nevada-campus/,0,22,36.55
https://gpacalculator.net/admission/university-of-phoenix-st-louis-campus/,0,22,59.45
https://gpacalculator.net/admissions/baton-rouge-community-college/,0,22,2.27
https://gpacalculator.net/admissions/bethel-university-tn/,0,22,6.68
https://gpacalculator.net/admissions/carroll-college/,0,22,8.59
https://gpacalculator.net/admissions/centralia-college/,0,22,7.32
https://gpacalculator.net/admissions/college-of-the-mainland/,0,22,5.68
https://gpacalculator.net/admissions/davis-and-elkins-college/,0,22,5.59
https://gpacalculator.net/admissions/eastern-arizona-college/,0,22,4.77
https://gpacalculator.net/admissions/folsom-lake-college/,0,22,4.82
https://gpacalculator.net/admissions/georgia-military-college/,0,22,7.45
https://gpacalculator.net/admissions/glen-oaks-community-college/,0,22,5.77
https://gpacalculator.net/admissions/herkimer-county-community-college/,0,22,6.95
https://gpacalculator.net/admissions/holmes-community-college/,0,22,6.23
https://gpacalculator.net/admissions/homestead-schools/,0,22,5.64
https://gpacalculator.net/admissions/ivy-tech-community-college-south-central/,0,22,5.59
https://gpacalculator.net/admissions/johnson-wales-university-providence/,0,22,7.5
https://gpacalculator.net/admissions/los-angeles-pierce-college/,0,22,5.18
https://gpacalculator.net/admissions/minot-state-university/,0,22,8.73
https://gpacalculator.net/admissions/missouri-western-state-university/,0,22,8.27
https://gpacalculator.net/admissions/nassau-community-college/,0,22,7.32
https://gpacalculator.net/admissions/plaza-college/,0,22,5.82
https://gpacalculator.net/admissions/point-university/,0,22,7.41
https://gpacalculator.net/admissions/prince-georges-community-college/,0,22,6.5
https://gpacalculator.net/admissions/richland-college/,0,22,5.82
https://gpacalculator.net/admissions/samuel-merritt-university/,0,22,6.45
https://gpacalculator.net/admissions/seminole-state-college-of-florida/,0,22,7.59
https://gpacalculator.net/admissions/shoreline-community-college/,0,22,7.27
https://gpacalculator.net/admissions/southwestern-college-ca/,0,22,6.45
https://gpacalculator.net/admissions/spartanburg-methodist-college/,0,22,6.41
https://gpacalculator.net/admissions/texas-a-and-m-university-galveston/,0,22,6.36
https://gpacalculator.net/admissions/the-boston-conservatory/,0,22,7.59
https://gpacalculator.net/admissions/university-of-minnesota-crookston/,0,22,13.05
https://gpacalculator.net/admissions/university-of-saint-francis-fort-wayne/,0,22,6.32
https://gpacalculator.net/admissions/upenn/,0,22,17.95
https://gpacalculator.net/admissions/yeshiva-karlin-stolin/,0,22,4.77
https://gpacalculator.net/admission/baptist-university-of-the-americas/,0,21,8.62
https://gpacalculator.net/admission/devry-unis-keller-graduate-school-of-management-michigan/,0,21,28
https://gpacalculator.net/admission/devry-university-colorado/,0,21,59.86
https://gpacalculator.net/admission/devry-university-oregon/,0,21,43.1
https://gpacalculator.net/admission/louisiana-state-university-system-office/,0,21,10.33
https://gpacalculator.net/admission/pennsylvania-state-university-penn-state-hazleton/,0,21,10.43
https://gpacalculator.net/admission/uni-of-medicine-and-dentistry-of-new-jersey/,0,21,16.67
https://gpacalculator.net/admission/university-of-california-system-administration-central-office/,0,21,9.67
https://gpacalculator.net/admissions/benjamin-franklin-institute-of-technology/,0,21,6.24
https://gpacalculator.net/admissions/bossier-parish-community-college/,0,21,4.71
https://gpacalculator.net/admissions/brevard-community-college/,0,21,6.95
https://gpacalculator.net/admissions/central-piedmont-community-college/,0,21,5.62
https://gpacalculator.net/admissions/cleveland-institute-of-art/,0,21,4.48
https://gpacalculator.net/admissions/connors-state-college/,0,21,7
https://gpacalculator.net/admissions/copiah-lincoln-community-college/,0,21,6.67
https://gpacalculator.net/admissions/delaware-county-community-college/,0,21,6.52
https://gpacalculator.net/admissions/freed-hardeman-university/,0,21,6.05
https://gpacalculator.net/admissions/glendale-community-college-ca/,0,21,5.57
https://gpacalculator.net/admissions/hawaii-community-college/,0,21,4.05
https://gpacalculator.net/admissions/husson-university/,0,21,6.43
https://gpacalculator.net/admissions/indian-hills-community-college/,0,21,5.81
https://gpacalculator.net/admissions/lakeland-college/,0,21,7.19
https://gpacalculator.net/admissions/mit/,0,21,8.29
https://gpacalculator.net/admissions/oak-valley-college/,0,21,6.95
https://gpacalculator.net/admissions/oklahoma-panhandle-state-university/,0,21,9.29
https://gpacalculator.net/admissions/portland-community-college/,0,21,6.9
https://gpacalculator.net/admissions/rosemont-college/,0,21,7.14
https://gpacalculator.net/admissions/saint-marys-university-of-minnesota/,0,21,6.48
https://gpacalculator.net/admissions/san-juan-college/,0,21,4.48
https://gpacalculator.net/admissions/santa-barbara-city-college/,0,21,6.24
https://gpacalculator.net/admissions/southwestern-college-ks/,0,21,6.48
https://gpacalculator.net/admissions/university-of-fort-lauderdale/,0,21,6.52
https://gpacalculator.net/admissions/university-of-oklahoma-norman-campus/,0,21,7.48
https://gpacalculator.net/admissions/west-valley-college/,0,21,6.1
https://gpacalculator.net/admissions/wiley-college/,0,21,6.43
https://gpacalculator.net/admissions/william-carey-university/,0,21,8.81
https://gpacalculator.net/admissions/williston-state-college/,0,21,5.33
https://gpacalculator.net/admission/devry-unis-keller-graduate-school-of-management-new-jersey/,0,20,33.8
https://gpacalculator.net/admission/everest-university-tampa/,0,20,7.7
https://gpacalculator.net/admission/jose-maria-vargas-university/,0,20,29.9
https://gpacalculator.net/admission/kansas-city-university-of-medicine-and-biosciences/,0,20,16.05
https://gpacalculator.net/admission/laurel-university/,0,20,17.95
https://gpacalculator.net/admission/long-island-university-westchester-campus/,0,20,8.05
https://gpacalculator.net/admission/national-american-university-albuquerque/,0,20,7.65
https://gpacalculator.net/admission/northwest-christian-university/,0,20,6.9
https://gpacalculator.net/admission/shorter-uni-college-of-adult-professional-programs/,0,20,5.8
https://gpacalculator.net/admission/south-university-richmond/,0,20,28.45
https://gpacalculator.net/admission/southern-illinois-university-system-office/,0,20,40.05
https://gpacalculator.net/admission/strayer-university-west-virginia/,0,20,42
https://gpacalculator.net/admission/university-of-oklahoma-health-sciences-center/,0,20,7.55
https://gpacalculator.net/admission/university-of-the-southwest/,0,20,6.85
https://gpacalculator.net/admissions/campbellsville-university/,0,20,6.45
https://gpacalculator.net/admissions/castleton-state-college/,0,20,7.35
https://gpacalculator.net/admissions/city-colleges-of-chicago-harold-washington-college/,0,20,6
https://gpacalculator.net/admissions/cleary-university/,0,20,5.5
https://gpacalculator.net/admissions/colorado-state-university-pueblo/,0,20,5.95
https://gpacalculator.net/admissions/cowley-county-community-college/,0,20,5.05
https://gpacalculator.net/admissions/devry-university-maryland/,0,20,12.25
https://gpacalculator.net/admissions/dyersburg-state-community-college/,0,20,6.1
https://gpacalculator.net/admissions/fairleigh-dickinson-university-college-at-florham/,0,20,11.1
https://gpacalculator.net/admissions/frederick-community-college/,0,20,5.9
https://gpacalculator.net/admissions/gadsden-state-community-college/,0,20,8.2
https://gpacalculator.net/admissions/golden-gate-university/,0,20,6.55
https://gpacalculator.net/admissions/housatonic-community-college/,0,20,4.05
https://gpacalculator.net/admissions/imperial-valley-college/,0,20,5.05
https://gpacalculator.net/admissions/johnson-wales-university-charlotte/,0,20,5.35
https://gpacalculator.net/admissions/judson-university/,0,20,6.5
https://gpacalculator.net/admissions/life-university/,0,20,5.6
https://gpacalculator.net/admissions/lincoln-land-community-college/,0,20,7
https://gpacalculator.net/admissions/lindsey-wilson-college/,0,20,7.15
https://gpacalculator.net/admissions/louisiana-state-university-shreveport/,0,20,13.4
https://gpacalculator.net/admissions/miller-motte-technical-college-sc/,0,20,13.1
https://gpacalculator.net/admissions/milligan-university/,0,20,8.2
https://gpacalculator.net/admissions/milwaukee-institute-of-art-and-design/,0,20,4.75
https://gpacalculator.net/admissions/mt-hood-community-college/,0,20,4.95
https://gpacalculator.net/admissions/nebraska-wesleyan-university/,0,20,6.2
https://gpacalculator.net/admissions/newman-university/,0,20,6.65
https://gpacalculator.net/admissions/northern-oklahoma-college/,0,20,5.05
https://gpacalculator.net/admissions/pacific-union-college/,0,20,5.3
https://gpacalculator.net/admissions/patrick-henry/,0,20,7.85
https://gpacalculator.net/admissions/pennsylvania-state-university-penn-state-schuylkill/,0,20,14.15
https://gpacalculator.net/admissions/piedmont-technical-college/,0,20,6.15
https://gpacalculator.net/admissions/renton-technical-college/,0,20,6.6
https://gpacalculator.net/admissions/rivier-college/,0,20,6.65
https://gpacalculator.net/admissions/saint-marys-college-of-california/,0,20,6.55
https://gpacalculator.net/admissions/umass-chan-medical-school/,0,20,10.55
https://gpacalculator.net/admissions/university-of-arkansas-at-monticello/,0,20,7.8
https://gpacalculator.net/admissions/university-of-central-oklahoma/,0,20,6.75
https://gpacalculator.net/admissions/university-of-cincinnati-clermont-college/,0,20,6.5
https://gpacalculator.net/admissions/university-of-missouri-columbia/,0,20,7.35
https://gpacalculator.net/admissions/university-of-mobile/,0,20,7.6
https://gpacalculator.net/admissions/university-of-north-carolina-at-greensboro/,0,20,14.5
https://gpacalculator.net/admissions/university-of-pikeville/,0,20,6.05
https://gpacalculator.net/admissions/upper-iowa-university/,0,20,5.85
https://gpacalculator.net/admissions/vernon-college/,0,20,3.4
https://gpacalculator.net/admissions/wayne-county-community-college-district/,0,20,4.35
https://gpacalculator.net/admissions/waynesburg-university/,0,20,5.55
https://gpacalculator.net/admissions/wilmington-college/,0,20,9.5
https://gpacalculator.net/admission/devry-unis-keller-graduate-school-of-management-tennessee/,0,19,14.05
https://gpacalculator.net/admission/devry-universitys-keller-graduate-school-of-management-nevada/,0,19,52.16
https://gpacalculator.net/admission/national-american-university-roseville/,0,19,15.16
https://gpacalculator.net/admission/pennsylvania-state-uni-penn-state-worthington-scranton/,0,19,36.84
https://gpacalculator.net/admission/south-university-savannah-online/,0,19,10.58
https://gpacalculator.net/admission/university-of-phoenix-cleveland-campus/,0,19,81.47
https://gpacalculator.net/admission/university-of-phoenix-nashville-campus/,0,19,40.11
https://gpacalculator.net/admission/university-of-phoenix-savannah-campus/,0,19,43.47
https://gpacalculator.net/admission/university-of-phoenix-southern-colorado-campus/,0,19,64
https://gpacalculator.net/admissions/albany-technical-college/,0,19,8.37
https://gpacalculator.net/admissions/arapahoe-community-college/,0,19,7.11
https://gpacalculator.net/admissions/arizona-christian-university/,0,19,7.21
https://gpacalculator.net/admissions/bay-path-college/,0,19,4.95
https://gpacalculator.net/admissions/beacon-college/,0,19,9.63
https://gpacalculator.net/admissions/bristol-community-college/,0,19,7.79
https://gpacalculator.net/admissions/cecil-college/,0,19,5.26
https://gpacalculator.net/admissions/chamberlain-college-of-nursing-missouri/,0,19,20.47
https://gpacalculator.net/admissions/clark-state-community-college/,0,19,5.58
https://gpacalculator.net/admissions/community-college-of-philadelphia/,0,19,5.47
https://gpacalculator.net/admissions/dowling-college/,0,19,4.79
https://gpacalculator.net/admissions/eastern-mennonite-university/,0,19,7.63
https://gpacalculator.net/admissions/emporia-state-university/,0,19,8.11
https://gpacalculator.net/admissions/fashion-institute-of-design-and-merchandising-orange-county/,0,19,5.26
https://gpacalculator.net/admissions/heartland-community-college/,0,19,7.58
https://gpacalculator.net/admissions/ivy-tech-community-college-bloominton/,0,19,4.16
https://gpacalculator.net/admissions/johnson-university/,0,19,5.74
https://gpacalculator.net/admissions/kansas-wesleyan-university/,0,19,6.95
https://gpacalculator.net/admissions/lincoln-college-of-technology-columbus/,0,19,13.79
https://gpacalculator.net/admissions/lyon-college/,0,19,6.89
https://gpacalculator.net/admissions/marion-military-institute/,0,19,6.68
https://gpacalculator.net/admissions/mississippi-college/,0,19,7.37
https://gpacalculator.net/admissions/monmouth-college/,0,19,5.42
https://gpacalculator.net/admissions/nebraska-methodist-college-of-nursing-and-allied-health/,0,19,8.74
https://gpacalculator.net/admissions/north-carolina-a-and-t-state-university/,0,19,18.68
https://gpacalculator.net/admissions/norwalk-community-college/,0,19,4.53
https://gpacalculator.net/admissions/our-lady-of-the-lake-university-san-antonio/,0,19,6.84
https://gpacalculator.net/admissions/rochester-community-and-technical-college/,0,19,5.21
https://gpacalculator.net/admissions/rocky-mountain-college/,0,19,4.95
https://gpacalculator.net/admissions/sage-college/,0,19,6.05
https://gpacalculator.net/admissions/saint-ambrose-university/,0,19,6.68
https://gpacalculator.net/admissions/south-college-asheville/,0,19,5.47
https://gpacalculator.net/admissions/southwest-minnesota-state-university/,0,19,6.26
https://gpacalculator.net/admissions/sowela-technical-community-college/,0,19,7.16
https://gpacalculator.net/admissions/university-of-nevada-las-vegas/,0,19,8.47
https://gpacalculator.net/admissions/uta-mesivta-of-kiryas-joel/,0,19,4.05
https://gpacalculator.net/admissions/wiregrass-georgia-technical-college/,0,19,7.37
https://gpacalculator.net/admission/argosy-university-dallas/,0,18,48.61
https://gpacalculator.net/admission/devry-university-michigan/,0,18,27.89
https://gpacalculator.net/admission/devry-university-tennessee/,0,18,33.11
https://gpacalculator.net/admission/devry-university-wisconsin/,0,18,20.61
https://gpacalculator.net/admission/georgian-court-university/,0,18,35
https://gpacalculator.net/admission/haskell-indian-nations-university/,0,18,47.44
https://gpacalculator.net/admission/luther-rice-university-seminary/,0,18,11.17
https://gpacalculator.net/admission/south-university-novi/,0,18,17.56
https://gpacalculator.net/admission/southwest-university-of-visual-arts-albuquerque/,0,18,16.22
https://gpacalculator.net/admission/strayer-university-new-jersey/,0,18,19.06
https://gpacalculator.net/admission/strayer-university-ohio/,0,18,35.89
https://gpacalculator.net/admission/university-of-arkansas-community-college-hope/,0,18,47.94
https://gpacalculator.net/admission/university-of-phoenix-maryland-campus/,0,18,60.5
https://gpacalculator.net/admissions/allegany-college-of-maryland/,0,18,6.61
https://gpacalculator.net/admissions/american-international-college/,0,18,4.94
https://gpacalculator.net/admissions/beis-medrash-heichal-dovid/,0,18,5.89
https://gpacalculator.net/admissions/carl-albert-state-college/,0,18,7.11
https://gpacalculator.net/admissions/carolina-christian-college/,0,18,7.33
https://gpacalculator.net/admissions/carolina-university/,0,18,9.56
https://gpacalculator.net/admissions/central-lakes-college-brainerd/,0,18,6.33
https://gpacalculator.net/admissions/central-texas-college/,0,18,4.61
https://gpacalculator.net/admissions/converse/,0,18,7.17
https://gpacalculator.net/admissions/dallas-christian-college/,0,18,9.61
https://gpacalculator.net/admissions/evangel-university/,0,18,11.72
https://gpacalculator.net/admissions/everett-community-college/,0,18,5.94
https://gpacalculator.net/admissions/frank-phillips-college/,0,18,4.94
https://gpacalculator.net/admissions/georgia/,0,18,8.94
https://gpacalculator.net/admissions/georgian-court-university/,0,18,6.28
https://gpacalculator.net/admissions/hallmark-university/,0,18,5.61
https://gpacalculator.net/admissions/john-brown/,0,18,7.39
https://gpacalculator.net/admissions/la-roche-college/,0,18,8
https://gpacalculator.net/admissions/maryland-institute-college-of-art/,0,18,9.33
https://gpacalculator.net/admissions/merced-college/,0,18,2.83
https://gpacalculator.net/admissions/minneapolis-community-and-technical-college/,0,18,7.22
https://gpacalculator.net/admissions/mitchell-technical-institute/,0,18,8.22
https://gpacalculator.net/admissions/mount-mercy-university/,0,18,6.39
https://gpacalculator.net/admissions/new-mexico-highlands-university/,0,18,6.72
https://gpacalculator.net/admissions/northwestern-college-il/,0,18,12.33
https://gpacalculator.net/admissions/olivet-college/,0,18,6.22
https://gpacalculator.net/admissions/oregon-state-university-cascades-campus/,0,18,30.83
https://gpacalculator.net/admissions/prescott-college/,0,18,6.17
https://gpacalculator.net/admissions/rowan-cabarrus-community-college/,0,18,7.5
https://gpacalculator.net/admissions/rust-college/,0,18,6.56
https://gpacalculator.net/admissions/saint-josephs-college-of-maine/,0,18,8.5
https://gpacalculator.net/admissions/south-central-college/,0,18,5.17
https://gpacalculator.net/admissions/southern-crescent-technical-college/,0,18,7.11
https://gpacalculator.net/admissions/state-college-of-florida-manatee-sarasota/,0,18,6
https://gpacalculator.net/admissions/suny-college-of-technology-at-alfred/,0,18,9.56
https://gpacalculator.net/admissions/taft-university-system/,0,18,7.72
https://gpacalculator.net/admissions/tallahassee-community-college/,0,18,8.17
https://gpacalculator.net/admissions/the-southern-baptist-theological-seminary/,0,18,8.22
https://gpacalculator.net/admissions/tri-county-technical-college/,0,18,6.33
https://gpacalculator.net/admissions/trinity-washington-university/,0,18,6.39
https://gpacalculator.net/admissions/university-of-nebraska-at-omaha/,0,18,7.33
https://gpacalculator.net/admissions/university-of-new-hampshire-main-campus/,0,18,8.44
https://gpacalculator.net/admissions/windward-community-college/,0,18,4.56
https://gpacalculator.net/admissions/yuba-college/,0,18,5
https://gpacalculator.net/admission/california-university-of-management-and-sciences/,0,17,12.65
https://gpacalculator.net/admission/devry-university-missouri/,0,17,19.06
https://gpacalculator.net/admission/devry-university-ohio/,0,17,61.65
https://gpacalculator.net/admission/devry-universitys-keller-graduate-school-of-management-missouri/,0,17,29.41
https://gpacalculator.net/admission/indiana-university-east/,0,17,11.59
https://gpacalculator.net/admission/kent-state-university-at-east-liverpool/,0,17,61.82
https://gpacalculator.net/admission/university-of-massachusetts-medical-school-worcester/,0,17,43.71
https://gpacalculator.net/admissions/allen-college/,0,17,6.71
https://gpacalculator.net/admissions/alpena-community-college/,0,17,6.18
https://gpacalculator.net/admissions/bellevue-university/,0,17,7.71
https://gpacalculator.net/admissions/california-college-of-the-arts/,0,17,6.12
https://gpacalculator.net/admissions/camden-county-college/,0,17,7.18
https://gpacalculator.net/admissions/chippewa-valley-technical-college/,0,17,3.59
https://gpacalculator.net/admissions/clackamas-community-college/,0,17,7
https://gpacalculator.net/admissions/clarkson-college/,0,17,7.59
https://gpacalculator.net/admissions/columbia-college-ca/,0,17,7.65
https://gpacalculator.net/admissions/culver-stockton-college/,0,17,6
https://gpacalculator.net/admissions/gulf-coast-state-college/,0,17,6.94
https://gpacalculator.net/admissions/highland-community-college-ks/,0,17,5.53
https://gpacalculator.net/admissions/houghton-college/,0,17,5.76
https://gpacalculator.net/admissions/lake-sumter-community-college/,0,17,6.76
https://gpacalculator.net/admissions/lane-community-college/,0,17,5.29
https://gpacalculator.net/admissions/laramie-county-community-college/,0,17,5.47
https://gpacalculator.net/admissions/leeward-community-college/,0,17,5.47
https://gpacalculator.net/admissions/lubbock-christian-university/,0,17,7.65
https://gpacalculator.net/admissions/mclennan-community-college/,0,17,6.35
https://gpacalculator.net/admissions/mercer-county-community-college/,0,17,14.41
https://gpacalculator.net/admissions/miami-university-hamilton/,0,17,11.12
https://gpacalculator.net/admissions/minneapolis-college-of-art-and-design/,0,17,5.47
https://gpacalculator.net/admissions/monroe-community-college/,0,17,7.24
https://gpacalculator.net/admissions/morningside-college/,0,17,6.82
https://gpacalculator.net/admissions/new-jersey-institute-of-technology/,0,17,7.94
https://gpacalculator.net/admissions/new-mexico-state-university-main-campus/,0,17,6.53
https://gpacalculator.net/admissions/northampton-county-area-community-college/,0,17,8.71
https://gpacalculator.net/admissions/northeast-lakeview-college/,0,17,14.29
https://gpacalculator.net/admissions/nossi-college-of-art/,0,17,6.06
https://gpacalculator.net/admissions/pennsylvania-state-university-penn-state-lehigh-valley/,0,17,7.53
https://gpacalculator.net/admissions/remington-college-nashville-campus/,0,17,3.29
https://gpacalculator.net/admissions/richard-bland-college-of-the-college-of-william-and-mary/,0,17,5.94
https://gpacalculator.net/admissions/samaritan-hospital-school-of-nursing/,0,17,20.06
https://gpacalculator.net/admissions/southern-university-at-shreveport/,0,17,5.18
https://gpacalculator.net/admissions/southern-wesleyan/,0,17,7.35
https://gpacalculator.net/admissions/southwest-mississippi-community-college/,0,17,6.41
https://gpacalculator.net/admissions/swedish-institute-a-college-of-health-sciences/,0,17,5.29
https://gpacalculator.net/admissions/texas-a-and-m-university-corpus-christi/,0,17,8.18
https://gpacalculator.net/admissions/texas-state-technical-college-waco/,0,17,4.12
https://gpacalculator.net/admissions/the-college-of-saint-scholastica/,0,17,5.65
https://gpacalculator.net/admissions/the-university-of-america/,0,17,11.88
https://gpacalculator.net/admissions/the-university-of-texas-pan-american/,0,17,8.71
https://gpacalculator.net/admissions/truett-mcconnell-college/,0,17,7.18
https://gpacalculator.net/admissions/tusculum-college/,0,17,6.94
https://gpacalculator.net/admissions/university-of-arkansas-fort-smith/,0,17,5.94
https://gpacalculator.net/admissions/university-of-missouri-kansas-city/,0,17,5.71
https://gpacalculator.net/admissions/university-of-montana-helena-college-of-technology/,0,17,7.12
https://gpacalculator.net/admissions/university-of-new-mexico-main-campus/,0,17,6.88
https://gpacalculator.net/admissions/university-of-new-orleans/,0,17,4.35
https://gpacalculator.net/admissions/ursuline-college/,0,17,7.47
https://gpacalculator.net/admissions/usc/,0,17,9.53
https://gpacalculator.net/admissions/western-technical-college/,0,17,5.47
https://gpacalculator.net/admissions/william-woods-university/,0,17,7.47
https://gpacalculator.net/admissions/wilmington-university/,0,17,7.88
https://gpacalculator.net/admission/american-university-of-health-sciences/,0,16,9.75
https://gpacalculator.net/admission/central-methodist-university-college-of-liberal-arts-and-sciences/,0,16,17.56
https://gpacalculator.net/admission/colorado-heights-university/,0,16,15.12
https://gpacalculator.net/admission/devry-universitys-keller-graduate-school-of-management-wisconsin/,0,16,17.25
https://gpacalculator.net/admission/jones-international-university/,0,16,7.38
https://gpacalculator.net/admission/liu-hudson-at-rockland/,0,16,16
https://gpacalculator.net/admission/university-of-arkansas-system-office/,0,16,59.31
https://gpacalculator.net/admission/university-of-phoenix-houston-campus/,0,16,71.69
https://gpacalculator.net/admission/university-of-phoenix-sacramento-valley-campus/,0,16,2.94
https://gpacalculator.net/admission/university-of-saint-mary-of-the-lake/,0,16,6.38
https://gpacalculator.net/admission/university-system-of-maryland-research-centers/,0,16,22.25
https://gpacalculator.net/admissions/atlantic-cape-community-college/,0,16,7.25
https://gpacalculator.net/admissions/austin-community-college-district/,0,16,7.19
https://gpacalculator.net/admissions/avila-university/,0,16,7.38
https://gpacalculator.net/admissions/bellin-college/,0,16,8.12
https://gpacalculator.net/admissions/centenary-college-of-louisiana/,0,16,9.12
https://gpacalculator.net/admissions/city-college-of-san-francisco/,0,16,3.56
https://gpacalculator.net/admissions/coastal-carolina-community-college/,0,16,27.06
https://gpacalculator.net/admissions/columbus-college-of-art-and-design/,0,16,7.38
https://gpacalculator.net/admissions/concordia-college-new-york/,0,16,20.38
https://gpacalculator.net/admissions/denmark-technical-college/,0,16,6.19
https://gpacalculator.net/admissions/dickinson-state-university/,0,16,18.5
https://gpacalculator.net/admissions/florida-national-college-main-campus/,0,16,11.25
https://gpacalculator.net/admissions/fortis-institute-nashville/,0,16,4
https://gpacalculator.net/admissions/gateway-community-college-new-haven/,0,16,3.56
https://gpacalculator.net/admissions/guilford-technical-community-college/,0,16,3.88
https://gpacalculator.net/admissions/ivy-tech-community-college-northcentral/,0,16,7.75
https://gpacalculator.net/admissions/ivy-tech-community-college-southeast/,0,16,7.94
https://gpacalculator.net/admissions/j-f-drake-state-technical-college/,0,16,6.62
https://gpacalculator.net/admissions/johnston-community-college/,0,16,6.69
https://gpacalculator.net/admissions/landmark-college/,0,16,5.5
https://gpacalculator.net/admissions/long-beach-city-college/,0,16,6.5
https://gpacalculator.net/admissions/longy-school-of-music/,0,16,8.25
https://gpacalculator.net/admissions/los-angeles-trade-technical-college/,0,16,3.5
https://gpacalculator.net/admissions/mesa-community-college/,0,16,7.81
https://gpacalculator.net/admissions/middlesex-community-college-ma/,0,16,7.19
https://gpacalculator.net/admissions/mississippi-valley-state-university/,0,16,6.62
https://gpacalculator.net/admissions/musicians-institute/,0,16,6.25
https://gpacalculator.net/admissions/new-england-institute-of-technology/,0,16,5.94
https://gpacalculator.net/admissions/northwest-nazarene-university/,0,16,6.62
https://gpacalculator.net/admissions/northwest-shoals-community-college-muscle-shoals/,0,16,7.69
https://gpacalculator.net/admissions/palmer-college-of-chiropractic-davenport/,0,16,7.38
https://gpacalculator.net/admissions/pennsylvania-state-university-penn-state-beaver/,0,16,8.38
https://gpacalculator.net/admissions/san-diego-state-university-imperial-valley-campus/,0,16,7.12
https://gpacalculator.net/admissions/san-jose-city-college/,0,16,4.06
https://gpacalculator.net/admissions/southwestern-illinois-college/,0,16,7.19
https://gpacalculator.net/admissions/southwestern-oregon-community-college/,0,16,3.62
https://gpacalculator.net/admissions/st-charles-community-college/,0,16,6.06
https://gpacalculator.net/admissions/the-university-of-texas-health-science-center-at-san-antonio/,0,16,7.56
https://gpacalculator.net/admissions/tompkins-cortland-community-college/,0,16,13.25
https://gpacalculator.net/admissions/wayland-baptist-university/,0,16,6.56
https://gpacalculator.net/admissions/wells-college/,0,16,8.25
https://gpacalculator.net/admissions/west-virginia-wesleyan-college/,0,16,6.38
https://gpacalculator.net/admissions/western-texas-college/,0,16,5.56
https://gpacalculator.net/category/admission/,0,16,7.25
https://gpacalculator.net/admission/oklahoma-state-uni-institute-of-technology-okmulgee/,0,15,42.87
https://gpacalculator.net/admission/pacific-states-university/,0,15,38.13
https://gpacalculator.net/admission/santa-fe-university-of-art-and-design/,0,15,10.6
https://gpacalculator.net/admission/strayer-university-alabama/,0,15,12.4
https://gpacalculator.net/admission/the-dickinson-school-of-law-of-the-pennsylvania-state-uni/,0,15,13.6
https://gpacalculator.net/admissions/abraham-baldwin-agricultural-college/,0,15,6.4
https://gpacalculator.net/admissions/alverno-college/,0,15,6.6
https://gpacalculator.net/admissions/american-academy-of-art/,0,15,7.6
https://gpacalculator.net/admissions/antioch-college/,0,15,5
https://gpacalculator.net/admissions/arkansas-state-university-beebe/,0,15,5.6
https://gpacalculator.net/admissions/ata-college/,0,15,5.2
https://gpacalculator.net/admissions/becker-college/,0,15,8.4
https://gpacalculator.net/admissions/cincinnati-college-of-mortuary-science/,0,15,6.07
https://gpacalculator.net/admissions/college-of-the-canyons/,0,15,5.93
https://gpacalculator.net/admissions/columbia-college-mo/,0,15,6.27
https://gpacalculator.net/admissions/community-college-of-aurora/,0,15,5
https://gpacalculator.net/admissions/dakota-state-university/,0,15,5.93
https://gpacalculator.net/admissions/devry-university-california/,0,15,6.6
https://gpacalculator.net/admissions/excelsior-university/,0,15,8.4
https://gpacalculator.net/admissions/friends-university/,0,15,6.4
https://gpacalculator.net/admissions/garrett-college/,0,15,4.73
https://gpacalculator.net/admissions/genesee-community-college/,0,15,5.8
https://gpacalculator.net/admissions/gilbert-community-college/,0,15,6.2
https://gpacalculator.net/admissions/green-river-community-college/,0,15,9.2
https://gpacalculator.net/admissions/houston-baptist-university/,0,15,6.6
https://gpacalculator.net/admissions/inver-hills-community-college/,0,15,8.13
https://gpacalculator.net/admissions/ivy-tech-community-college-lafayette/,0,15,5.33
https://gpacalculator.net/admissions/kalamazoo-valley-community-college/,0,15,6.47
https://gpacalculator.net/admissions/kentucky-christian-university/,0,15,7
https://gpacalculator.net/admissions/lake-tahoe-community-college/,0,15,3.67
https://gpacalculator.net/admissions/marion-technical-college/,0,15,7.67
https://gpacalculator.net/admissions/metropolitan-college-of-new-york/,0,15,6
https://gpacalculator.net/admissions/monroe-college-new-rochelle/,0,15,8.07
https://gpacalculator.net/admissions/montserrat-college-of-art/,0,15,6.73
https://gpacalculator.net/admissions/moraine-park-technical-college/,0,15,6.73
https://gpacalculator.net/admissions/moreno-valley-college/,0,15,7.73
https://gpacalculator.net/admissions/mount-vernon-nazarene-university/,0,15,7.07
https://gpacalculator.net/admissions/mount-wachusett-community-college/,0,15,6.53
https://gpacalculator.net/admissions/muskegon-community-college/,0,15,4.47
https://gpacalculator.net/admissions/northwestern-state-university-of-louisiana/,0,15,5.4
https://gpacalculator.net/admissions/oakwood-university/,0,15,9.73
https://gpacalculator.net/admissions/oregon-health-and-science-university/,0,15,13.2
https://gpacalculator.net/admissions/ozark-christian-college/,0,15,4.87
https://gpacalculator.net/admissions/pennsylvania-state-university-penn-state-hazleton/,0,15,5.8
https://gpacalculator.net/admissions/pennsylvania-state-university-penn-state-york/,0,15,8.2
https://gpacalculator.net/admissions/platt-college-los-angeles/,0,15,10.6
https://gpacalculator.net/admissions/porterville-college/,0,15,6.27
https://gpacalculator.net/admissions/principia-college/,0,15,7.67
https://gpacalculator.net/admissions/riverland-community-college/,0,15,6.47
https://gpacalculator.net/admissions/san-francisco-bay-university/,0,15,17.73
https://gpacalculator.net/admissions/southern-illinois-university-edwardsville/,0,15,4.4
https://gpacalculator.net/admissions/southwest-tennessee-community-college/,0,15,6.73
https://gpacalculator.net/admissions/st-johns-college-nm/,0,15,13.6
https://gpacalculator.net/admissions/sussex-county-community-college/,0,15,6.53
https://gpacalculator.net/admissions/the-restaurant-school-at-walnut-hill-college/,0,15,5.2
https://gpacalculator.net/admissions/thomas-edison-state-college/,0,15,9.47
https://gpacalculator.net/admissions/three-rivers-community-college-mo/,0,15,5.4
https://gpacalculator.net/admissions/ucla/,0,15,17.67
https://gpacalculator.net/admissions/union-county-college/,0,15,6.47
https://gpacalculator.net/admissions/university-of-arkansas-at-pine-bluff/,0,15,6.47
https://gpacalculator.net/admissions/university-of-baltimore/,0,15,5.6
https://gpacalculator.net/admissions/university-of-illinois-at-springfield/,0,15,8.27
https://gpacalculator.net/admissions/university-of-north-texas-at-dallas/,0,15,6.73
https://gpacalculator.net/admissions/university-of-south-carolina-sumter/,0,15,5.93
https://gpacalculator.net/admissions/university-of-the-people/,0,15,6.4
https://gpacalculator.net/admissions/washington/,0,15,20.07
https://gpacalculator.net/admissions/wayne-community-college/,0,15,7.07
https://gpacalculator.net/admissions/west-liberty-university/,0,15,12.33
https://gpacalculator.net/admissions/west-virginia-northern-community-college/,0,15,7.2
https://gpacalculator.net/admissions/wilson-college/,0,15,8.27
https://gpacalculator.net/admission/devry-unis-keller-graduate-school-of-management-florida/,0,14,19.79
https://gpacalculator.net/admission/devry-universitys-keller-graduate-school-of-management-virginia/,0,14,18.64
https://gpacalculator.net/admission/national-american-university-rio-rancho/,0,14,49.14
https://gpacalculator.net/admission/omaha-school-of-massage-and-healthcare-of-herzing-university/,0,14,9.79
https://gpacalculator.net/admission/st-catherine-university/,0,14,30.43
https://gpacalculator.net/admission/uni-of-massachusetts-medical-school-worcester/,0,14,15.43
https://gpacalculator.net/admission/university-of-phoenix-knoxville/,0,14,4.71
https://gpacalculator.net/admission/university-of-phoenix-oregon-campus/,0,14,53.5
https://gpacalculator.net/admission/university-of-the-rockies/,0,14,7.14
https://gpacalculator.net/admissions/alice-lloyd-college/,0,14,6.07
https://gpacalculator.net/admissions/arkansas-baptist-college/,0,14,7.21
https://gpacalculator.net/admissions/augusta-state-university/,0,14,16.57
https://gpacalculator.net/admissions/baltimore-city-community-college/,0,14,7.21
https://gpacalculator.net/admissions/bethany-lutheran-college/,0,14,9.93
https://gpacalculator.net/admissions/bethel-college-mishawaka/,0,14,5.57
https://gpacalculator.net/admissions/bluefield-college/,0,14,6.71
https://gpacalculator.net/admissions/bluefield-state-college/,0,14,6
https://gpacalculator.net/admissions/brigham-young-university-hawaii/,0,14,5.36
https://gpacalculator.net/admissions/cabarrus-college-of-health-sciences/,0,14,7.07
https://gpacalculator.net/admissions/california-institute-of-the-arts/,0,14,9.29
https://gpacalculator.net/admissions/calumet-college-of-saint-joseph/,0,14,7.43
https://gpacalculator.net/admissions/centra-college/,0,14,12.5
https://gpacalculator.net/admissions/central-community-college/,0,14,5.14
https://gpacalculator.net/admissions/coffeyville-community-college/,0,14,5.36
https://gpacalculator.net/admissions/columbia-basin-college/,0,14,6.36
https://gpacalculator.net/admissions/delaware-technical-and-community-college-stanton-wilmington/,0,14,6.29
https://gpacalculator.net/admissions/dodge-city-community-college/,0,14,4
https://gpacalculator.net/admissions/estrella-mountain-community-college/,0,14,6.79
https://gpacalculator.net/admissions/gateway-technical-college/,0,14,7.14
https://gpacalculator.net/admissions/george-c-wallace-state-community-college-hanceville/,0,14,8.29
https://gpacalculator.net/admissions/grand-view-university/,0,14,7.07
https://gpacalculator.net/admissions/international-business-college/,0,14,13.07
https://gpacalculator.net/admissions/jamestown-community-college/,0,14,5.79
https://gpacalculator.net/admissions/johnson-and-wales-university-providence/,0,14,7.93
https://gpacalculator.net/admissions/kansas-city-art-institute/,0,14,7.93
https://gpacalculator.net/admissions/kaskaskia-college/,0,14,3.5
https://gpacalculator.net/admissions/kirtland-community-college/,0,14,7.64
https://gpacalculator.net/admissions/lake-erie-college/,0,14,4.93
https://gpacalculator.net/admissions/lake-region-state-college/,0,14,7.64
https://gpacalculator.net/admissions/lewis-clark-state-college/,0,14,6.07
https://gpacalculator.net/admissions/mesivta-torah-vodaath-rabbinical-seminary/,0,14,3.64
https://gpacalculator.net/admissions/metro-business-college-jefferson-city/,0,14,12.43
https://gpacalculator.net/admissions/montgomery-community-college/,0,14,5.86
https://gpacalculator.net/admissions/mount-aloysius-college/,0,14,7.36
https://gpacalculator.net/admissions/north-shore-community-college/,0,14,5.79
https://gpacalculator.net/admissions/northern-state-university/,0,14,7.07
https://gpacalculator.net/admissions/northshore-technical-community-college/,0,14,7
https://gpacalculator.net/admissions/northwest-arkansas-community-college/,0,14,7.93
https://gpacalculator.net/admissions/northwestern-college-ia/,0,14,11.43
https://gpacalculator.net/admissions/ohio-dominican-university/,0,14,7.29
https://gpacalculator.net/admissions/ohio-university-chillicothe-campus/,0,14,35
https://gpacalculator.net/admissions/ohio-university-lancaster-campus/,0,14,24.21
https://gpacalculator.net/admissions/ohio-university-southern-campus/,0,14,43.93
https://gpacalculator.net/admissions/oklahoma-baptist-university/,0,14,6.5
https://gpacalculator.net/admissions/ozarks-technical-community-college/,0,14,4.93
https://gpacalculator.net/admissions/pearl-river-community-college/,0,14,6.93
https://gpacalculator.net/admissions/pierpont-community-and-technical-college/,0,14,5.71
https://gpacalculator.net/admissions/pikes-peak-community-college/,0,14,7.71
https://gpacalculator.net/admissions/st-pauls-school-of-nursing-staten-island/,0,14,16.21
https://gpacalculator.net/admissions/texas-state-technical-college-marshall/,0,14,3.5
https://gpacalculator.net/admissions/the-college-of-idaho/,0,14,7.07
https://gpacalculator.net/admissions/the-university-of-montana-western/,0,14,4.93
https://gpacalculator.net/admissions/thomas-aquinas/,0,14,5.86
https://gpacalculator.net/admissions/tidewater-community-college/,0,14,6.21
https://gpacalculator.net/admissions/trinity-college-of-florida/,0,14,5.79
https://gpacalculator.net/admissions/tunxis-community-college/,0,14,3.71
https://gpacalculator.net/admissions/unity-college/,0,14,7
https://gpacalculator.net/admissions/university-of-connecticut-stamford/,0,14,6.07
https://gpacalculator.net/admissions/university-of-connecticut/,0,14,9.64
https://gpacalculator.net/admissions/volunteer-state-community-college/,0,14,7.14
https://gpacalculator.net/admissions/waldorf-college/,0,14,8.36
https://gpacalculator.net/admissions/west-hills-college-coalinga/,0,14,14.36
https://gpacalculator.net/admissions/west-kentucky-community-and-technical-college/,0,14,4.07
https://gpacalculator.net/admissions/westcliff-university/,0,14,7.64
https://gpacalculator.net/admissions/western-nebraska-community-college/,0,14,6.93
https://gpacalculator.net/admissions/western-wyoming-community-college/,0,14,6.36
https://gpacalculator.net/admissions/yeshiva-of-nitra-rabbinical-college/,0,14,3.86
https://gpacalculator.net/admission/broadview-university-west-jordan/,0,13,21.15
https://gpacalculator.net/admission/columbus-state-university/,0,13,10.92
https://gpacalculator.net/admission/devry-universitys-keller-graduate-school-of-management-arizona/,0,13,27.08
https://gpacalculator.net/admission/dongguk-university-los-angeles/,0,13,6.92
https://gpacalculator.net/admission/everest-university-north-orlando/,0,13,8.69
https://gpacalculator.net/admission/globe-university-green-bay/,0,13,11.54
https://gpacalculator.net/admission/national-american-university-rapid-city/,0,13,6.15
https://gpacalculator.net/admission/pacific-northwest-university-of-health-sciences/,0,13,7.38
https://gpacalculator.net/admission/strayer-university-delaware/,0,13,31
https://gpacalculator.net/admissions/ai-miami-international-university-of-art-and-design/,0,13,7.54
https://gpacalculator.net/admissions/bais-medrash-elyon/,0,13,4.08
https://gpacalculator.net/admissions/belhaven-university/,0,13,8.69
https://gpacalculator.net/admissions/berkeley-school-of-theology/,0,13,11.54
https://gpacalculator.net/admissions/black-hills-state-university/,0,13,6.46
https://gpacalculator.net/admissions/blue-cliff-college-gulfport/,0,13,5
https://gpacalculator.net/admissions/college-of-southern-nevada/,0,13,5.54
https://gpacalculator.net/admissions/concordia-university-seward/,0,13,19.85
https://gpacalculator.net/admissions/cornish-college-of-the-arts/,0,13,6
https://gpacalculator.net/admissions/cuny-graduate-school-and-university-center/,0,13,20.08
https://gpacalculator.net/admissions/dallas-institute-of-funeral-service/,0,13,8.92
https://gpacalculator.net/admissions/eastern-maine-community-college/,0,13,5.85
https://gpacalculator.net/admissions/enterprise-state-community-college/,0,13,4.23
https://gpacalculator.net/admissions/fort-scott-community-college/,0,13,4.85
https://gpacalculator.net/admissions/fortis-institute/,0,13,3.23
https://gpacalculator.net/admissions/georgia-northwestern-technical-college/,0,13,8.23
https://gpacalculator.net/admissions/highline-community-college/,0,13,5.77
https://gpacalculator.net/admissions/jefferson-college/,0,13,6.46
https://gpacalculator.net/admissions/kaplan-university-davenport-campus/,0,13,9.38
https://gpacalculator.net/admissions/le-moyne-owen-college/,0,13,7.77
https://gpacalculator.net/admissions/lehigh-carbon-community-college/,0,13,12.31
https://gpacalculator.net/admissions/mayville-state-university/,0,13,5.85
https://gpacalculator.net/admissions/mesivtha-tifereth-jerusalem-of-america/,0,13,2.77
https://gpacalculator.net/admissions/missouri-st/,0,13,7.08
https://gpacalculator.net/admissions/missouri-state-university-west-plains/,0,13,6
https://gpacalculator.net/admissions/northwest-state-community-college/,0,13,5.23
https://gpacalculator.net/admissions/ohio-state-university-marion-campus/,0,13,8.46
https://gpacalculator.net/admissions/ohio-university-eastern-campus/,0,13,52.92
https://gpacalculator.net/admissions/oklahoma-wesleyan-university/,0,13,6.69
https://gpacalculator.net/admissions/ouachita-baptist-university/,0,13,7.69
https://gpacalculator.net/admissions/polytechnic-institute-of-new-york-university/,0,13,14.08
https://gpacalculator.net/admissions/rockford-career-college/,0,13,5.08
https://gpacalculator.net/admissions/rockland-community-college/,0,13,6.85
https://gpacalculator.net/admissions/rocky-mountain-college-of-art-and-design/,0,13,5.62
https://gpacalculator.net/admissions/salem-community-college/,0,13,6.69
https://gpacalculator.net/admissions/scottsdale-community-college/,0,13,7.69
https://gpacalculator.net/admissions/southern-regional-technical-college/,0,13,6.15
https://gpacalculator.net/admissions/state-fair-community-college/,0,13,5
https://gpacalculator.net/admissions/stratford-university/,0,13,4.69
https://gpacalculator.net/admissions/texas-a-m-university-galveston/,0,13,7
https://gpacalculator.net/admissions/the-illinois-institute-of-art-schaumburg/,0,13,4.46
https://gpacalculator.net/admissions/the-new-england-conservatory-of-music/,0,13,6
https://gpacalculator.net/admissions/tulsa-community-college/,0,13,6.69
https://gpacalculator.net/admissions/university-of-nebraska-at-kearney/,0,13,7.08
https://gpacalculator.net/admissions/university-of-wisconsin-superior/,0,13,6.54
https://gpacalculator.net/admissions/ventura-college/,0,13,5.85
https://gpacalculator.net/admissions/viterbo-university/,0,13,7.23
https://gpacalculator.net/admissions/western-governors-university/,0,13,11.15
https://gpacalculator.net/admissions/western-new-mexico-university/,0,13,5.85
https://gpacalculator.net/admissions/westmoreland-county-community-college/,0,13,5.15
https://gpacalculator.net/admissions/yeshiva-toras-chaim/,0,13,3.85
https://gpacalculator.net/admission/argosy-university-san-diego/,0,12,27.83
https://gpacalculator.net/admission/devry-university-administrative-office/,0,12,8.58
https://gpacalculator.net/admission/lincoln-christian-university/,0,12,13.33
https://gpacalculator.net/admission/morrison-university/,0,12,12.25
https://gpacalculator.net/admission/national-american-university-colorado-springs-south/,0,12,14.67
https://gpacalculator.net/admission/new-layout-test-page/,0,12,8.5
https://gpacalculator.net/admission/university-of-the-west/,0,12,5.67
https://gpacalculator.net/admissions/alabama-a-and-m-university/,0,12,16.83
https://gpacalculator.net/admissions/atlanta-metropolitan-college/,0,12,8.5
https://gpacalculator.net/admissions/baker-college-center-for-graduate-studies/,0,12,21.75
https://gpacalculator.net/admissions/beckfield-college-florence/,0,12,4.75
https://gpacalculator.net/admissions/bluffton-university/,0,12,5.33
https://gpacalculator.net/admissions/cape-cod-community-college/,0,12,6.5
https://gpacalculator.net/admissions/carroll-community-college/,0,12,6
https://gpacalculator.net/admissions/central-baptist-college/,0,12,7.08
https://gpacalculator.net/admissions/central-yeshiva-tomchei-tmimim-lubavitz/,0,12,4
https://gpacalculator.net/admissions/clarke-university/,0,12,7
https://gpacalculator.net/admissions/cleveland-chiropractic-college/,0,12,7.33
https://gpacalculator.net/admissions/cochise-college/,0,12,6.42
https://gpacalculator.net/admissions/cottey-college/,0,12,5.17
https://gpacalculator.net/admissions/cuyamaca-college/,0,12,4.08
https://gpacalculator.net/admissions/defiance-college/,0,12,5.25
https://gpacalculator.net/admissions/diablo-valley-college/,0,12,5.25
https://gpacalculator.net/admissions/east-mississippi-community-college/,0,12,4.58
https://gpacalculator.net/admissions/edmonds-community-college/,0,12,7.17
https://gpacalculator.net/admissions/elgin-community-college/,0,12,7.08
https://gpacalculator.net/admissions/erie-community-college/,0,12,5.58
https://gpacalculator.net/admissions/feather-river-community-college-district/,0,12,5.42
https://gpacalculator.net/admissions/florence-darlington-technical-college/,0,12,6.25
https://gpacalculator.net/admissions/garden-city-community-college/,0,12,5.67
https://gpacalculator.net/admissions/georgia-perimeter-college/,0,12,5.58
https://gpacalculator.net/admissions/haskell-indian-nations-university/,0,12,8.67
https://gpacalculator.net/admissions/indian-river-state-college/,0,12,4.5
https://gpacalculator.net/admissions/jefferson-community-and-technical-college/,0,12,6.67
https://gpacalculator.net/admissions/kairos-university/,0,12,6.58
https://gpacalculator.net/admissions/kehilath-yakov-rabbinical-seminary/,0,12,2.08
https://gpacalculator.net/admissions/kenrick-glennon-seminary/,0,12,7.42
https://gpacalculator.net/admissions/lakeland-community-college/,0,12,6.25
https://gpacalculator.net/admissions/lakeshore-technical-college/,0,12,4.08
https://gpacalculator.net/admissions/lamar-community-college/,0,12,6.75
https://gpacalculator.net/admissions/lancaster-bible-college/,0,12,6.33
https://gpacalculator.net/admissions/lincoln-college-of-technology-dayton/,0,12,17.08
https://gpacalculator.net/admissions/los-angeles-city-college/,0,12,3.17
https://gpacalculator.net/admissions/louisiana-college/,0,12,16
https://gpacalculator.net/admissions/luther-rice-university/,0,12,6.83
https://gpacalculator.net/admissions/lyndon-state-college/,0,12,5.75
https://gpacalculator.net/admissions/miller-motte-technical-college-gulfport/,0,12,9.42
https://gpacalculator.net/admissions/minnesota-west-community-and-technical-college/,0,12,5
https://gpacalculator.net/admissions/montana-state-university-great-falls-college-of-technology/,0,12,8.67
https://gpacalculator.net/admissions/montana-tech-college-of-technology/,0,12,7.33
https://gpacalculator.net/admissions/nash-community-college/,0,12,4.08
https://gpacalculator.net/admissions/northwood-university-florida/,0,12,12.5
https://gpacalculator.net/admissions/ohio-state-university-lima-campus/,0,12,7.83
https://gpacalculator.net/admissions/paradise-valley-community-college/,0,12,5.92
https://gpacalculator.net/admissions/park-university/,0,12,8.08
https://gpacalculator.net/admissions/saint-augustine-college/,0,12,6.92
https://gpacalculator.net/admissions/santa-rosa-junior-college/,0,12,6.58
https://gpacalculator.net/admissions/shor-yoshuv-rabbinical-college/,0,12,4
https://gpacalculator.net/admissions/sioux-falls/,0,12,5.83
https://gpacalculator.net/admissions/southeastern-baptist-theological-seminary/,0,12,7.17
https://gpacalculator.net/admissions/southern-california-institute-of-architecture/,0,12,7.5
https://gpacalculator.net/admissions/spalding/,0,12,8.42
https://gpacalculator.net/admissions/suny-upstate-medical-university/,0,12,8.25
https://gpacalculator.net/admissions/telshe-yeshiva-chicago/,0,12,3
https://gpacalculator.net/admissions/texas-a-and-m-university-kingsville/,0,12,6.08
https://gpacalculator.net/admissions/texas-a-m-university-kingsville/,0,12,6.5
https://gpacalculator.net/admissions/the-sage-colleges/,0,12,4.58
https://gpacalculator.net/admissions/university-of-louisiana-monroe/,0,12,8.08
https://gpacalculator.net/admissions/university-of-missouri-st-louis/,0,12,6.83
https://gpacalculator.net/admissions/university-of-phoenix-phoenix-hohokam-campus/,0,12,8.25
https://gpacalculator.net/admissions/university-of-south-carolina-lancaster/,0,12,5.83
https://gpacalculator.net/admissions/virginia-wesleyan-college/,0,12,6
https://gpacalculator.net/admissions/western-iowa-tech-community-college/,0,12,7.17
https://gpacalculator.net/admissions/western-oklahoma-state-college/,0,12,6.5
https://gpacalculator.net/admissions/yakima-valley-community-college/,0,12,5.5
https://gpacalculator.net/admission/devry-unis-keller-graduate-school-of-management-wisconsin/,0,11,59.36
https://gpacalculator.net/admission/devry-university-maryland/,0,11,10.55
https://gpacalculator.net/admission/mississippi-university-for-women/,0,11,30.91
https://gpacalculator.net/admission/missouri-western-state-university/,0,11,18.27
https://gpacalculator.net/admission/national-american-university-lees-summit/,0,11,5.36
https://gpacalculator.net/admission/pennsylvania-state-uni-penn-state-new-kensington/,0,11,27.36
https://gpacalculator.net/admission/purdue-university-calumet-campus/,0,11,46.64
https://gpacalculator.net/admission/university-of-alaska-southeast/,0,11,34.73
https://gpacalculator.net/admission/university-of-phoenix-shreveport-bossier-campus/,0,11,34.73
https://gpacalculator.net/admission/university-system-of-new-hampshire-system-office/,0,11,26.18
https://gpacalculator.net/admissions/baker-college-of-auburn-hills/,0,11,11.73
https://gpacalculator.net/admissions/baker-college-of-muskegon/,0,11,23.55
https://gpacalculator.net/admissions/brescia-university/,0,11,5.18
https://gpacalculator.net/admissions/california-institute-of-integral-studies/,0,11,7.55
https://gpacalculator.net/admissions/casa-loma-college-los-angeles/,0,11,7.45
https://gpacalculator.net/admissions/charter-oak-state-college/,0,11,6.82
https://gpacalculator.net/admissions/clinton-community-college/,0,11,6.91
https://gpacalculator.net/admissions/college-for-creative-studies/,0,11,6.36
https://gpacalculator.net/admissions/college-of-the-atlantic/,0,11,6.82
https://gpacalculator.net/admissions/cox-college/,0,11,9.18
https://gpacalculator.net/admissions/georgia-military-college-milledgeville-campus/,0,11,11
https://gpacalculator.net/admissions/grace-university/,0,11,6.45
https://gpacalculator.net/admissions/herzing-university-kenner/,0,11,7.09
https://gpacalculator.net/admissions/highland-community-college-il/,0,11,8.27
https://gpacalculator.net/admissions/holy-names-university/,0,11,13.82
https://gpacalculator.net/admissions/ivy-tech-community-college-kokomo/,0,11,2.36
https://gpacalculator.net/admissions/jackson-community-college/,0,11,5.82
https://gpacalculator.net/admissions/johnson-and-wales-university-charlotte/,0,11,7.27
https://gpacalculator.net/admissions/kings-university/,0,11,6.45
https://gpacalculator.net/admissions/louisiana-delta-community-college/,0,11,6.36
https://gpacalculator.net/admissions/mid-atlantic-christian-university/,0,11,5.82
https://gpacalculator.net/admissions/mineral-area-college/,0,11,5.82
https://gpacalculator.net/admissions/minnesota-state-community-and-technical-college/,0,11,7.18
https://gpacalculator.net/admissions/mississippi-delta-community-college/,0,11,5.73
https://gpacalculator.net/admissions/new-saint-andrews-college/,0,11,6.27
https://gpacalculator.net/admissions/north-american-college/,0,11,8.09
https://gpacalculator.net/admissions/northern-marianas-college/,0,11,6.09
https://gpacalculator.net/admissions/northwestern-college-mn/,0,11,5.27
https://gpacalculator.net/admissions/pennsylvania-state-university-penn-state-worthington-scranton/,0,11,10.09
https://gpacalculator.net/admissions/pierce-college-at-fort-steilacoom/,0,11,5.82
https://gpacalculator.net/admissions/potomac-state-college-of-west-virginia-university/,0,11,6.73
https://gpacalculator.net/admissions/southeastern-oklahoma-state-university/,0,11,5.91
https://gpacalculator.net/admissions/sullivan-university/,0,11,7.36
https://gpacalculator.net/admissions/terra-state-community-college/,0,11,6.82
https://gpacalculator.net/admissions/texas-a-and-m-international-university/,0,11,14.82
https://gpacalculator.net/admissions/texas-state-technical-college-harlingen/,0,11,4.73
https://gpacalculator.net/admissions/the-university-of-texas-of-the-permian-basin/,0,11,6.27
https://gpacalculator.net/admissions/trocaire-college/,0,11,6.18
https://gpacalculator.net/admissions/university-of-houston-clear-lake/,0,11,5.91
https://gpacalculator.net/admissions/university-of-the-district-of-columbia/,0,11,6.55
https://gpacalculator.net/admissions/virginia-university-of-lynchburg/,0,11,6.55
https://gpacalculator.net/admissions/walla-walla-university/,0,11,5.55
https://gpacalculator.net/admissions/whatcom-community-college/,0,11,6.91
https://gpacalculator.net/admissions/wilson-community-college/,0,11,3.36
https://gpacalculator.net/admission/american-intercontinental-uni-south-florida/,0,10,6.7
https://gpacalculator.net/admission/broadview-entertainment-arts-university/,0,10,23.6
https://gpacalculator.net/admission/devry-unis-keller-graduate-school-of-management-california/,0,10,7.9
https://gpacalculator.net/admission/eastern-mennonite-university,0,10,8.5
https://gpacalculator.net/admission/globe-university%CB%86green-bay/,0,10,51.3
https://gpacalculator.net/admission/louisiana-state-uni-and-agricultural-mechanical-college/,0,10,6
https://gpacalculator.net/admission/national-american-university-sioux-falls/,0,10,33.4
https://gpacalculator.net/admission/shorter-university/,0,10,35.1
https://gpacalculator.net/admission/st-luke-university/,0,10,11.7
https://gpacalculator.net/admission/university-of-maine-at-farmington/,0,10,45.3
https://gpacalculator.net/admission/university-of-nebraska-central-administration-system-office/,0,10,40.1
https://gpacalculator.net/admissions/amberton-university/,0,10,4.7
https://gpacalculator.net/admissions/american-academy-mcallister-institute-of-funeral-service/,0,10,5.2
https://gpacalculator.net/admissions/baker-college-of-allen-park/,0,10,6.3
https://gpacalculator.net/admissions/barton-county-community-college/,0,10,7.9
https://gpacalculator.net/admissions/big-sandy-community-and-technical-college/,0,10,4.9
https://gpacalculator.net/admissions/broome-community-college/,0,10,5.1
https://gpacalculator.net/admissions/bryant-and-stratton-college-albany/,0,10,5
https://gpacalculator.net/admissions/bryant-and-stratton-college-main-syracuse/,0,10,6.1
https://gpacalculator.net/admissions/carteret-community-college/,0,10,6.8
https://gpacalculator.net/admissions/central-carolina-community-college/,0,10,4.8
https://gpacalculator.net/admissions/central-methodist-university-college-of-liberal-arts-and-sciences/,0,10,10.1
https://gpacalculator.net/admissions/coahoma-community-college/,0,10,5.4
https://gpacalculator.net/admissions/college-of-saint-elizabeth/,0,10,6.4
https://gpacalculator.net/admissions/community-college-of-allegheny-county/,0,10,4.1
https://gpacalculator.net/admissions/concordia-university-portland/,0,10,25.5
https://gpacalculator.net/admissions/donnelly-college/,0,10,7.8
https://gpacalculator.net/admissions/east-west-university/,0,10,6.1
https://gpacalculator.net/admissions/fine-mortuary-college-llc/,0,10,6.9
https://gpacalculator.net/admissions/five-towns-college/,0,10,5.8
https://gpacalculator.net/admissions/florida-gateway-college/,0,10,4.7
https://gpacalculator.net/admissions/goodwin-college/,0,10,5.3
https://gpacalculator.net/admissions/graceland-university-lamoni/,0,10,7.8
https://gpacalculator.net/admissions/great-lakes-christian-college/,0,10,8.7
https://gpacalculator.net/admissions/hellenic-college-holy-cross-greek-orthodox-school-of-theology/,0,10,8.2
https://gpacalculator.net/admissions/herzing-university-minneapolis/,0,10,6.9
https://gpacalculator.net/admissions/indian-bible-college/,0,10,5.4
https://gpacalculator.net/admissions/james-a-rhodes-state-college/,0,10,8.8
https://gpacalculator.net/admissions/john-a-gupton-college/,0,10,8
https://gpacalculator.net/admissions/john-a-logan-college/,0,10,4.6
https://gpacalculator.net/admissions/kettering-college-of-medical-arts/,0,10,7.9
https://gpacalculator.net/admissions/king-college/,0,10,7.4
https://gpacalculator.net/admissions/lake-michigan-college/,0,10,4.4
https://gpacalculator.net/admissions/landing-school-of-boat-building-and-design/,0,10,6.1
https://gpacalculator.net/admissions/lenoir-community-college/,0,10,5
https://gpacalculator.net/admissions/merritt-college/,0,10,7.5
https://gpacalculator.net/admissions/midland-university/,0,10,6.8
https://gpacalculator.net/admissions/millennia-atlantic-university/,0,10,7
https://gpacalculator.net/admissions/mohawk-valley-community-college-utica-branch/,0,10,7.4
https://gpacalculator.net/admissions/new-mexico-military-institute/,0,10,6.6
https://gpacalculator.net/admissions/northwestern-michigan-college/,0,10,6.9
https://gpacalculator.net/admissions/ohio-state-university-mansfield-campus/,0,10,15
https://gpacalculator.net/admissions/otero-junior-college/,0,10,6.3
https://gpacalculator.net/admissions/passaic-county-community-college/,0,10,7.5
https://gpacalculator.net/admissions/paul-d-camp-community-college/,0,10,6.8
https://gpacalculator.net/admissions/piedmont-virginia-community-college/,0,10,6.3
https://gpacalculator.net/admissions/pratt-community-college/,0,10,6
https://gpacalculator.net/admissions/pueblo-community-college/,0,10,5.8
https://gpacalculator.net/admissions/rockefeller-university/,0,10,6.6
https://gpacalculator.net/admissions/rosedale-technical-institute/,0,10,5.3
https://gpacalculator.net/admissions/salina-area-technical-college/,0,10,5.7
https://gpacalculator.net/admissions/southcentral-kentucky-community-and-technical-college/,0,10,5.5
https://gpacalculator.net/admissions/southeastern-college/,0,10,6.1
https://gpacalculator.net/admissions/southwest-collegiate-institute-for-the-deaf/,0,10,5.2
https://gpacalculator.net/admissions/spokane-falls-community-college/,0,10,6.4
https://gpacalculator.net/admissions/st-vincents-college/,0,10,10.9
https://gpacalculator.net/admissions/sterling-college-ks/,0,10,7.8
https://gpacalculator.net/admissions/talmudical-yeshiva-of-philadelphia/,0,10,3.1
https://gpacalculator.net/admissions/the-college-of-saint-rose/,0,10,11.1
https://gpacalculator.net/admissions/university-of-maryland-university-college/,0,10,21.4
https://gpacalculator.net/admissions/university-of-the-southwest/,0,10,6.4
https://gpacalculator.net/admissions/washtenaw-community-college/,0,10,6.9
https://gpacalculator.net/admissions/wenatchee-valley-college/,0,10,6.2
https://gpacalculator.net/admissions/white-mountains-community-college/,0,10,2.5
https://gpacalculator.net/admissions/widener-university-delaware-campus/,0,10,12.2
https://gpacalculator.net/admissions/wor-wic-community-college/,0,10,5
https://gpacalculator.net/admissions/yeshiva-of-machzikai-hadas/,0,10,1.2
https://gpacalculator.net/admissions/yeshiva-of-the-telshe-alumni/,0,10,6.6
https://gpacalculator.net/admissions/zane-state-college/,0,10,4.6
https://gpacalculator.net/admission/devry-universitys-keller-graduate-school-of-management-oregon/,0,9,5.89
https://gpacalculator.net/admission/globe-university-woodbury/,0,9,33.22
https://gpacalculator.net/admission/long-island-university-brentwood-campus/,0,9,62.78
https://gpacalculator.net/admission/national-american-university-colorado-springs/,0,9,9.11
https://gpacalculator.net/admission/national-american-university-wichita/,0,9,23.67
https://gpacalculator.net/admission/south-university-montgomery/,0,9,21.78
https://gpacalculator.net/admission/university-of-phoenix-philadelphia-campus/,0,9,8.11
https://gpacalculator.net/admission/university-of-phoenix-washington-dc-campus/,0,9,9.44
https://gpacalculator.net/admission/university-of-wisconsin-system-administration/,0,9,59.78
https://gpacalculator.net/admission/western-state-university-college-of-law-argosy/,0,9,16.22
https://gpacalculator.net/admissions/alamance-community-college/,0,9,6.89
https://gpacalculator.net/admissions/american-musical-and-dramatic-academy/,0,9,7.11
https://gpacalculator.net/admissions/bellingham-technical-college/,0,9,7.11
https://gpacalculator.net/admissions/berkshire-community-college/,0,9,5.56
https://gpacalculator.net/admissions/brigham-young-university-idaho/,0,9,6.22
https://gpacalculator.net/admissions/brunswick-community-college/,0,9,6.11
https://gpacalculator.net/admissions/carlos-albizu-university-miami/,0,9,14.11
https://gpacalculator.net/admissions/central-alabama-community-college/,0,9,8.67
https://gpacalculator.net/admissions/central-arizona-college/,0,9,3.78
https://gpacalculator.net/admissions/central-christian-college-of-kansas/,0,9,5.78
https://gpacalculator.net/admissions/cerro-coso-community-college/,0,9,5.44
https://gpacalculator.net/admissions/chesapeake-college/,0,9,6.56
https://gpacalculator.net/admissions/cleveland-community-college/,0,9,7
https://gpacalculator.net/admissions/clover-park-technical-college/,0,9,5.22
https://gpacalculator.net/admissions/clovis-community-college-clovis-new-mexico/,0,9,5.33
https://gpacalculator.net/admissions/coastal-bend-college/,0,9,5.33
https://gpacalculator.net/admissions/college-of-alameda/,0,9,4.44
https://gpacalculator.net/admissions/college-of-marin/,0,9,4.78
https://gpacalculator.net/admissions/contra-costa-college/,0,9,4.22
https://gpacalculator.net/admissions/dellarte-international-school-of-physical-theatre/,0,9,3.44
https://gpacalculator.net/admissions/devry-university-florida/,0,9,23.56
https://gpacalculator.net/admissions/devry-university-minnesota/,0,9,14.11
https://gpacalculator.net/admissions/divine-word-college/,0,9,7
https://gpacalculator.net/admissions/eagle-gate-college-layton/,0,9,6.44
https://gpacalculator.net/admissions/epic-bible-college/,0,9,5.11
https://gpacalculator.net/admissions/fashion-institute-of-design-and-merchandising-san-diego/,0,9,6.44
https://gpacalculator.net/admissions/fortis-institute-forty-fort/,0,9,5.22
https://gpacalculator.net/admissions/fulton-montgomery-community-college/,0,9,5
https://gpacalculator.net/admissions/grace-mission-university/,0,9,4.78
https://gpacalculator.net/admissions/great-basin-college/,0,9,5.89
https://gpacalculator.net/admissions/indiana-institute-of-technology/,0,9,9.33
https://gpacalculator.net/admissions/iowa-lakes-community-college/,0,9,6.56
https://gpacalculator.net/admissions/jacksonville-college-main-campus/,0,9,8.22
https://gpacalculator.net/admissions/jamestown-college/,0,9,5.33
https://gpacalculator.net/admissions/john-c-calhoun-state-community-college/,0,9,6.89
https://gpacalculator.net/admissions/labette-community-college/,0,9,6.11
https://gpacalculator.net/admissions/lake-washington-institute-of-technology/,0,9,3.56
https://gpacalculator.net/admissions/lincoln-university-ca/,0,9,7.89
https://gpacalculator.net/admissions/meridian-community-college/,0,9,7.89
https://gpacalculator.net/admissions/midwestern-baptist-theological-seminary/,0,9,8.22
https://gpacalculator.net/admissions/miller-motte-college-cary/,0,9,2
https://gpacalculator.net/admissions/miller-motte-technical-college-columbus/,0,9,5.11
https://gpacalculator.net/admissions/mississippi-university-for-women/,0,9,12.22
https://gpacalculator.net/admissions/missouri-state-university-springfield/,0,9,6.67
https://gpacalculator.net/admissions/missouri-valley-college/,0,9,8.44
https://gpacalculator.net/admissions/monterey-peninsula-college/,0,9,4
https://gpacalculator.net/admissions/national-american-university-lees-summit/,0,9,8.89
https://gpacalculator.net/admissions/neumont-university/,0,9,4.89
https://gpacalculator.net/admissions/north-central-texas-college/,0,9,6.44
https://gpacalculator.net/admissions/north-georgia-college-and-state-university/,0,9,14.78
https://gpacalculator.net/admissions/northwestern-oklahoma-state-university/,0,9,7.67
https://gpacalculator.net/admissions/nunez-community-college/,0,9,3.78
https://gpacalculator.net/admissions/orange-county-community-college/,0,9,9
https://gpacalculator.net/admissions/ottawa-university-phoenix/,0,9,6.56
https://gpacalculator.net/admissions/pacific-college-of-oriental-medicine-llc-san-diego/,0,9,4.78
https://gpacalculator.net/admissions/pennsylvania-state-university-penn-state-shenango/,0,9,17.33
https://gpacalculator.net/admissions/piedmont-community-college/,0,9,5.44
https://gpacalculator.net/admissions/purdue-university-north-central-campus/,0,9,20
https://gpacalculator.net/admissions/rabbinical-college-bobover-yeshiva-bnei-zion/,0,9,4.11
https://gpacalculator.net/admissions/rabbinical-college-of-ohr-shimon-yisroel/,0,9,2.78
https://gpacalculator.net/admissions/randolph-community-college/,0,9,19.67
https://gpacalculator.net/admissions/remington-college/,0,9,1.11
https://gpacalculator.net/admissions/rend-lake-college/,0,9,4.56
https://gpacalculator.net/admissions/rockingham-community-college/,0,9,9.11
https://gpacalculator.net/admissions/selma-university/,0,9,4.33
https://gpacalculator.net/admissions/southeastern-baptist-college/,0,9,4.67
https://gpacalculator.net/admissions/st-joseph-school-of-nursing/,0,9,13.44
https://gpacalculator.net/admissions/texarkana-college/,0,9,5.78
https://gpacalculator.net/admissions/texas-a-and-m-university-texarkana/,0,9,6.11
https://gpacalculator.net/admissions/university-of-maine-at-farmington/,0,9,9.89
https://gpacalculator.net/admissions/university-of-pittsburgh-bradford/,0,9,6.67
https://gpacalculator.net/admissions/utah-state-university-college-of-eastern-utah/,0,9,5.78
https://gpacalculator.net/admissions/vet-tech-institute/,0,9,5.33
https://gpacalculator.net/admissions/wade-college/,0,9,5
https://gpacalculator.net/admissions/walsh-college/,0,9,4.56
https://gpacalculator.net/admissions/washington-county-community-college/,0,9,7
https://gpacalculator.net/admissions/west-coast-university-orange-county/,0,9,7.22
https://gpacalculator.net/admissions/west-hills-college-lemoore/,0,9,5.56
https://gpacalculator.net/admissions/west-virginia-junior-college-morgantown/,0,9,5.33
https://gpacalculator.net/admissions/west-virginia-university-institute-of-technology/,0,9,10.56
https://gpacalculator.net/admissions/western-international-university/,0,9,4.56
https://gpacalculator.net/admissions/yavapai-college/,0,9,5.22
https://gpacalculator.net/admissions/yeshiva-gedolah-of-greater-detroit/,0,9,8.33
https://gpacalculator.net/admission/american-sentinel-university/,0,8,9.75
https://gpacalculator.net/admission/argosy-university-los-angeles/,0,8,19.88
https://gpacalculator.net/admission/ashland-uni-dwight-schar-college-of-nursing/,0,8,6.88
https://gpacalculator.net/admission/cameron-university/,0,8,32.62
https://gpacalculator.net/admission/devry-unis-keller-graduate-school-of-management-ohio/,0,8,10.88
https://gpacalculator.net/admission/devry-unis-keller-graduate-school-of-management-virginia/,0,8,8.88
https://gpacalculator.net/admission/globe-university-madison-west/,0,8,21.12
https://gpacalculator.net/admission/globe-university-sioux-falls/,0,8,6.62
https://gpacalculator.net/admission/kaplan-university-cedar-falls-campus/,0,8,10.75
https://gpacalculator.net/admission/polytechnic-institute-of-new-york-university/,0,8,10
https://gpacalculator.net/admission/university-of-phoenix-detroit-campus/,0,8,7.12
https://gpacalculator.net/admission/university-of-phoenix-idaho-campus/,0,8,78.25
https://gpacalculator.net/admission/university-of-phoenix-south-florida-campus/,0,8,18.88
https://gpacalculator.net/admission/university-of-phoenix-springfield-campus/,0,8,36
https://gpacalculator.net/admission/university-of-wisconsin-extension/,0,8,23.12
https://gpacalculator.net/admissions/akron-institute-of-herzing-university/,0,8,26.5
https://gpacalculator.net/admissions/allegheny-wesleyan-college/,0,8,7.12
https://gpacalculator.net/admissions/american-baptist-college/,0,8,4.5
https://gpacalculator.net/admissions/american-jewish-university/,0,8,8.62
https://gpacalculator.net/admissions/antioch-university-santa-barbara/,0,8,14.38
https://gpacalculator.net/admissions/asa-institute-of-business-and-computer-technology/,0,8,4.88
https://gpacalculator.net/admissions/baker-college-of-flint/,0,8,7.5
https://gpacalculator.net/admissions/birmingham-southern-college/,0,8,10.38
https://gpacalculator.net/admissions/black-river-technical-college/,0,8,6.62
https://gpacalculator.net/admissions/blue-cliff-college-metairie/,0,8,5.38
https://gpacalculator.net/admissions/blue-mountain-college/,0,8,6.75
https://gpacalculator.net/admissions/blue-ridge-community-college-va/,0,8,6.88
https://gpacalculator.net/admissions/boulder-college-of-massage-therapy/,0,8,12.5
https://gpacalculator.net/admissions/brown-mackie-college-akron/,0,8,4.5
https://gpacalculator.net/admissions/catawba-valley-community-college/,0,8,3.62
https://gpacalculator.net/admissions/cedar-valley-college/,0,8,4.62
https://gpacalculator.net/admissions/chamberlain-college-of-nursing-texas/,0,8,11.75
https://gpacalculator.net/admissions/clarendon-college/,0,8,4.88
https://gpacalculator.net/admissions/colorado-academy-of-veterinary-technology/,0,8,4.25
https://gpacalculator.net/admissions/colorado-northwestern-community-college/,0,8,6.62
https://gpacalculator.net/admissions/columbia-international-university/,0,8,9.25
https://gpacalculator.net/admissions/dakota-wesleyan-university/,0,8,7.5
https://gpacalculator.net/admissions/fairfax-university-of-america/,0,8,5.38
https://gpacalculator.net/admissions/fortis-college-montgomery/,0,8,5.12
https://gpacalculator.net/admissions/great-northern-university/,0,8,4.62
https://gpacalculator.net/admissions/hardin-simmons-university/,0,8,7.38
https://gpacalculator.net/admissions/herzing-university-atlanta/,0,8,6.62
https://gpacalculator.net/admissions/interactive-college-of-technology-chamblee/,0,8,6
https://gpacalculator.net/admissions/ivy-tech-community-college-east-central/,0,8,7.5
https://gpacalculator.net/admissions/kent-state-university-at-ashtabula/,0,8,17
https://gpacalculator.net/admissions/kent-state-university-at-salem/,0,8,21.5
https://gpacalculator.net/admissions/l-e-fletcher-technical-community-college/,0,8,10
https://gpacalculator.net/admissions/lewis-and-clark-community-college/,0,8,4.88
https://gpacalculator.net/admissions/lincoln-college-of-technology-florence/,0,8,7.25
https://gpacalculator.net/admissions/lower-columbia-college/,0,8,7
https://gpacalculator.net/admissions/lurleen-b-wallace-community-college/,0,8,6.62
https://gpacalculator.net/admissions/madera-community-college/,0,8,4.75
https://gpacalculator.net/admissions/mandl-the-college-of-allied-health/,0,8,4.75
https://gpacalculator.net/admissions/maranatha-baptist-bible-college/,0,8,9.25
https://gpacalculator.net/admissions/maria-college-of-albany/,0,8,7.12
https://gpacalculator.net/admissions/martin-luther-college/,0,8,7.25
https://gpacalculator.net/admissions/marymount-college/,0,8,5.25
https://gpacalculator.net/admissions/mercy-college-of-health-sciences/,0,8,5.25
https://gpacalculator.net/admissions/metro-business-college-cape-girardeau/,0,8,5.88
https://gpacalculator.net/admissions/milligan-college/,0,8,7.88
https://gpacalculator.net/admissions/minnesota-school-of-business-blaine/,0,8,4.12
https://gpacalculator.net/admissions/missouri-baptist-university/,0,8,5.75
https://gpacalculator.net/admissions/missouri-southern-state-university/,0,8,7.25
https://gpacalculator.net/admissions/mitchell-community-college/,0,8,9.75
https://gpacalculator.net/admissions/montana-state-university-billings/,0,8,5.62
https://gpacalculator.net/admissions/montcalm-community-college/,0,8,5.5
https://gpacalculator.net/admissions/mount-mary-college/,0,8,6
https://gpacalculator.net/admissions/nebraska-college-of-technical-agriculture/,0,8,7.25
https://gpacalculator.net/admissions/neosho-county-community-college/,0,8,4.25
https://gpacalculator.net/admissions/north-arkansas-college/,0,8,5.12
https://gpacalculator.net/admissions/north-central-missouri-college/,0,8,7
https://gpacalculator.net/admissions/north-central-university/,0,8,5.38
https://gpacalculator.net/admissions/northeast-texas-community-college/,0,8,4.38
https://gpacalculator.net/admissions/northeastern-oklahoma-aandm-college/,0,8,8.5
https://gpacalculator.net/admissions/northwest-college-of-art/,0,8,7.62
https://gpacalculator.net/admissions/ohio-university-zanesville-campus/,0,8,31.62
https://gpacalculator.net/admissions/oregon-coast-community-college/,0,8,6.25
https://gpacalculator.net/admissions/pathways-college/,0,8,7.62
https://gpacalculator.net/admissions/pennsylvania-college-of-art-and-design/,0,8,7.12
https://gpacalculator.net/admissions/philander-smith-college/,0,8,9.25
https://gpacalculator.net/admissions/provo-college-provo/,0,8,5.88
https://gpacalculator.net/admissions/pulaski-technical-college/,0,8,11.5
https://gpacalculator.net/admissions/purdue-university-calumet-campus/,0,8,12.38
https://gpacalculator.net/admissions/quinsigamond-community-college/,0,8,6
https://gpacalculator.net/admissions/rabbinical-seminary-mkor-chaim/,0,8,5
https://gpacalculator.net/admissions/rappahannock-community-college/,0,8,7
https://gpacalculator.net/admissions/rogue-community-college/,0,8,4.12
https://gpacalculator.net/admissions/roxbury-community-college/,0,8,7.5
https://gpacalculator.net/admissions/san-joaquin-valley-college-rancho-cucamonga/,0,8,6.75
https://gpacalculator.net/admissions/seward-county-community-college-and-area-technical-school/,0,8,5
https://gpacalculator.net/admissions/somerset-community-college/,0,8,7.75
https://gpacalculator.net/admissions/south-georgia-technical-college/,0,8,5.38
https://gpacalculator.net/admissions/south-hills-school-of-business-and-technology/,0,8,6.12
https://gpacalculator.net/admissions/southern-adventist-university/,0,8,9
https://gpacalculator.net/admissions/southern-california-institute-of-technology/,0,8,8.62
https://gpacalculator.net/admissions/springfield-technical-community-college/,0,8,4.38
https://gpacalculator.net/admissions/technical-college-of-the-lowcountry/,0,8,3.38
https://gpacalculator.net/admissions/touro-university-nevada/,0,8,7.12
https://gpacalculator.net/admissions/triangle-tech-inc-dubois/,0,8,2
https://gpacalculator.net/admissions/turtle-mountain-community-college/,0,8,7.12
https://gpacalculator.net/admissions/university-of-maryland-baltimore/,0,8,14.12
https://gpacalculator.net/admissions/university-of-phoenix-maryland-campus/,0,8,7
https://gpacalculator.net/admissions/university-of-pittsburgh-greensburg/,0,8,6.5
https://gpacalculator.net/admissions/university-of-saint-mary/,0,8,4.88
https://gpacalculator.net/admissions/university-of-south-alabama/,0,8,8.25
https://gpacalculator.net/admissions/university-of-south-carolina-union/,0,8,4.38
https://gpacalculator.net/admissions/urshan-college/,0,8,7.25
https://gpacalculator.net/admissions/virginia-highlands-community-college/,0,8,5.38
https://gpacalculator.net/admissions/walla-walla-community-college/,0,8,4.62
https://gpacalculator.net/admissions/warner-pacific-college/,0,8,8.62
https://gpacalculator.net/admissions/west-virginia-junior-college-charleston/,0,8,10
https://gpacalculator.net/admissions/woodland-community-college/,0,8,4
https://gpacalculator.net/admissions/wright-state-university-lake-campus/,0,8,10
https://gpacalculator.net/admission/argosy-university-hawaii/,0,7,14.29
https://gpacalculator.net/admission/devry-universitys-keller-graduate-school-of-management-tennessee/,0,7,7.43
https://gpacalculator.net/admission/naropa-university/,0,7,38.29
https://gpacalculator.net/admission/the-university-of-montana-western/,0,7,57
https://gpacalculator.net/admissions/alabama-southern-community-college/,0,7,8.71
https://gpacalculator.net/admissions/allen-county-community-college/,0,7,4.71
https://gpacalculator.net/admissions/american-academy-of-dramatic-arts-new-york/,0,7,5.57
https://gpacalculator.net/admissions/antonelli-college-jackson/,0,7,6.14
https://gpacalculator.net/admissions/arizona-college-of-allied-health/,0,7,7.29
https://gpacalculator.net/admissions/arkansas-state-university-mountain-home/,0,7,12.86
https://gpacalculator.net/admissions/ats-institute-of-technology/,0,7,8
https://gpacalculator.net/admissions/aviation-institute-of-maintenance-manassas/,0,7,4.71
https://gpacalculator.net/admissions/boricua-college/,0,7,8.86
https://gpacalculator.net/admissions/bryant-and-stratton-college-hampton/,0,7,16.14
https://gpacalculator.net/admissions/central-carolina-technical-college/,0,7,7.43
https://gpacalculator.net/admissions/chamberlain-college-of-nursing-florida/,0,7,7
https://gpacalculator.net/admissions/chamberlain-college-of-nursing-illinois/,0,7,7.29
https://gpacalculator.net/admissions/claremont-lincoln-university/,0,7,6.29
https://gpacalculator.net/admissions/college-of-biblical-studies-houston/,0,7,6.57
https://gpacalculator.net/admissions/college-of-mount-st-joseph/,0,7,7.43
https://gpacalculator.net/admissions/college-of-western-idaho/,0,7,4.29
https://gpacalculator.net/admissions/columbia-greene-community-college/,0,7,6.43
https://gpacalculator.net/admissions/conception-seminary-college/,0,7,8.86
https://gpacalculator.net/admissions/craven-community-college/,0,7,6.29
https://gpacalculator.net/admissions/dakota-college-at-bottineau/,0,7,5.14
https://gpacalculator.net/admissions/daniel-webster-college/,0,7,7.14
https://gpacalculator.net/admissions/east-georgia-college/,0,7,6.14
https://gpacalculator.net/admissions/eastern-new-mexico-university-main-campus/,0,7,29
https://gpacalculator.net/admissions/eastern-oklahoma-state-college/,0,7,9.29
https://gpacalculator.net/admissions/edison-state-community-college/,0,7,7.14
https://gpacalculator.net/admissions/eti-technical-college/,0,7,5.14
https://gpacalculator.net/admissions/fashion-careers-college/,0,7,5.71
https://gpacalculator.net/admissions/flint-hills-technical-college/,0,7,3.86
https://gpacalculator.net/admissions/florida-career-college-miami/,0,7,18
https://gpacalculator.net/admissions/fontbonne-university/,0,7,8.57
https://gpacalculator.net/admissions/fortis-college-fl/,0,7,2.43
https://gpacalculator.net/admissions/holy-apostles/,0,7,6.57
https://gpacalculator.net/admissions/huntsville-bible-college/,0,7,6.71
https://gpacalculator.net/admissions/illinois-eastern-community-colleges-wabash-valley-college/,0,7,7.57
https://gpacalculator.net/admissions/jose-maria-vargas-university/,0,7,3.14
https://gpacalculator.net/admissions/kaplan-university-lincoln-campus/,0,7,8.57
https://gpacalculator.net/admissions/kauai-community-college/,0,7,7.29
https://gpacalculator.net/admissions/kd-college-conservatory-of-film-and-dramatic-arts/,0,7,10.86
https://gpacalculator.net/admissions/kent-state-university-at-stark/,0,7,10.29
https://gpacalculator.net/admissions/kent-state-university-at-trumbull/,0,7,9.14
https://gpacalculator.net/admissions/lassen-community-college/,0,7,4.71
https://gpacalculator.net/admissions/lincoln-college-of-technology-vine-street/,0,7,8.43
https://gpacalculator.net/admissions/lincoln-college/,0,7,8.29
https://gpacalculator.net/admissions/lorain-county-community-college/,0,7,3.71
https://gpacalculator.net/admissions/los-medanos-college/,0,7,5.14
https://gpacalculator.net/admissions/manchester-community-college-nh/,0,7,3
https://gpacalculator.net/admissions/marlboro-college/,0,7,8.14
https://gpacalculator.net/admissions/massachusetts-college-of-liberal-arts/,0,7,7.57
https://gpacalculator.net/admissions/messenger-college/,0,7,5.43
https://gpacalculator.net/admissions/metropolitan-community-college-penn-valley/,0,7,7.57
https://gpacalculator.net/admissions/miami-ad-school-miami-beach/,0,7,6.86
https://gpacalculator.net/admissions/mildred-elley-school-albany-campus/,0,7,6.43
https://gpacalculator.net/admissions/miles-community-college/,0,7,5.86
https://gpacalculator.net/admissions/miller-motte-technical-college-clarksville/,0,7,12.71
https://gpacalculator.net/admissions/minnesota-state-college-southeast-technical/,0,7,7.57
https://gpacalculator.net/admissions/moberly-area-community-college/,0,7,4.43
https://gpacalculator.net/admissions/montana-bible-college/,0,7,7.86
https://gpacalculator.net/admissions/north-central-michigan-college/,0,7,8.29
https://gpacalculator.net/admissions/northland-community-and-technical-college/,0,7,6.86
https://gpacalculator.net/admissions/northwest-florida-state-college/,0,7,2.86
https://gpacalculator.net/admissions/northwest-technical-college/,0,7,5.57
https://gpacalculator.net/admissions/oakland-city-university/,0,7,7.14
https://gpacalculator.net/admissions/oklahoma-state-university-institute-of-technology-okmulgee/,0,7,5.71
https://gpacalculator.net/admissions/pennsylvania-state-university-penn-state-new-kensington/,0,7,5.14
https://gpacalculator.net/admissions/pine-technical-college/,0,7,5.29
https://gpacalculator.net/admissions/pittsburgh-institute-of-aeronautics/,0,7,5.57
https://gpacalculator.net/admissions/rabbinical-academy-mesivta-rabbi-chaim-berlin/,0,7,21.57
https://gpacalculator.net/admissions/rabbinical-college-telshe/,0,7,2.14
https://gpacalculator.net/admissions/saint-elizabeth-college-of-nursing/,0,7,6
https://gpacalculator.net/admissions/salish-kootenai-college/,0,7,4.71
https://gpacalculator.net/admissions/san-francisco-conservatory-of-music/,0,7,7.43
https://gpacalculator.net/admissions/san-joaquin-valley-college-visalia/,0,7,4.29
https://gpacalculator.net/admissions/southeast-missouri-hospital-college-of-nursing-and-health-sciences/,0,7,6.14
https://gpacalculator.net/admissions/southwest-baptist-university/,0,7,5
https://gpacalculator.net/admissions/southwestern-community-college-ia/,0,7,4
https://gpacalculator.net/admissions/st-louis-college-of-pharmacy/,0,7,5.57
https://gpacalculator.net/admissions/surry-community-college/,0,7,7.14
https://gpacalculator.net/admissions/the-college-of-new-rochelle/,0,7,8.57
https://gpacalculator.net/admissions/tri-county-community-college/,0,7,4.86
https://gpacalculator.net/admissions/university-of-alaska-southeast/,0,7,9.43
https://gpacalculator.net/admissions/university-of-houston-victoria/,0,7,5.71
https://gpacalculator.net/admissions/university-of-phoenix-little-rock-campus/,0,7,9.57
https://gpacalculator.net/admissions/university-of-science-and-arts-of-oklahoma/,0,7,7.43
https://gpacalculator.net/admissions/warren-county-community-college/,0,7,7.43
https://gpacalculator.net/admissions/west-texas-a-and-m-university/,0,7,7.43
https://gpacalculator.net/admissions/yeshivas-beer-yitzchok/,0,7,3.14
https://gpacalculator.net/admissions/yeshivat-mikdash-melech/,0,7,14.86
https://gpacalculator.net/admission/devry-university-arizona/,0,6,53.67
https://gpacalculator.net/admission/devry-university-minnesota/,0,6,36
https://gpacalculator.net/admission/devry-universitys-keller-graduate-school-of-management-california/,0,6,5.5
https://gpacalculator.net/admission/ellis-university/,0,6,4.67
https://gpacalculator.net/admission/globe-university-madison-east/,0,6,7.5
https://gpacalculator.net/admission/grace-university/,0,6,10
https://gpacalculator.net/admission/louisiana-state-university-health-sciences-center-shreveport/,0,6,65.67
https://gpacalculator.net/admission/national-american-uni-colorado-springs-south/,0,6,8.83
https://gpacalculator.net/admission/national-american-university-zona-rosa/,0,6,8.5
https://gpacalculator.net/admission/ottawa-university-milwaukee/,0,6,57.67
https://gpacalculator.net/admission/philadelphia-biblical-university-langhorne/,0,6,1.5
https://gpacalculator.net/admission/polytechnic-uni-of-puerto-rico-miami-campus/,0,6,22.67
https://gpacalculator.net/admission/siena-heights-university//1000,0,6,26.5
https://gpacalculator.net/admission/south-university-tampa//1000,0,6,15.67
https://gpacalculator.net/admission/university-of-phoenix-oklahoma-city-campus/,0,6,9.17
https://gpacalculator.net/admissions/american-conservatory-theater/,0,6,5.67
https://gpacalculator.net/admissions/american-intercontinental-university-houston/,0,6,11.67
https://gpacalculator.net/admissions/amridge-university/,0,6,6.33
https://gpacalculator.net/admissions/antioch-university-seattle/,0,6,9.67
https://gpacalculator.net/admissions/big-bend-community-college/,0,6,4.33
https://gpacalculator.net/admissions/blue-ridge-community-and-technical-college/,0,6,6.17
https://gpacalculator.net/admissions/bluegrass-community-and-technical-college/,0,6,6.5
https://gpacalculator.net/admissions/brown-mackie-college-cincinnati/,0,6,4.33
https://gpacalculator.net/admissions/bryant-and-stratton-college-richmond/,0,6,7.67
https://gpacalculator.net/admissions/caldwell-community-college-and-technical-institute/,0,6,5.5
https://gpacalculator.net/admissions/cascadia-community-college/,0,6,7.67
https://gpacalculator.net/admissions/city-college-fort-lauderdale/,0,6,9.17
https://gpacalculator.net/admissions/city-university-of-seattle/,0,6,49.33
https://gpacalculator.net/admissions/cleveland-state-community-college/,0,6,23.83
https://gpacalculator.net/admissions/college-of-central-florida/,0,6,8.67
https://gpacalculator.net/admissions/college-of-southern-idaho/,0,6,6.33
https://gpacalculator.net/admissions/delaware-technical-and-community-college-terry/,0,6,4.83
https://gpacalculator.net/admissions/denver-school-of-nursing/,0,6,11.17
https://gpacalculator.net/admissions/dixie-state-college-of-utah/,0,6,10.83
https://gpacalculator.net/admissions/douglas-education-center/,0,6,5.67
https://gpacalculator.net/admissions/eagle-gate-college-murray/,0,6,8.83
https://gpacalculator.net/admissions/eagle-gate-college-salt-lake-city/,0,6,6.17
https://gpacalculator.net/admissions/eastfield-college/,0,6,4.67
https://gpacalculator.net/admissions/ellis-school-of-nursing/,0,6,4.67
https://gpacalculator.net/admissions/evergreen-valley-college/,0,6,5
https://gpacalculator.net/admissions/florida-hospital-college-of-health-sciences/,0,6,3.67
https://gpacalculator.net/admissions/fortis-college-ga/,0,6,3.33
https://gpacalculator.net/admissions/fortis-college-richmond/,0,6,4.33
https://gpacalculator.net/admissions/golf-academy-of-america-myrtle-beach/,0,6,22.33
https://gpacalculator.net/admissions/good-samaritan-college-of-nursing-and-health-science/,0,6,6.17
https://gpacalculator.net/admissions/grays-harbor-college/,0,6,6
https://gpacalculator.net/admissions/h-councill-trenholm-state-technical-college/,0,6,12.17
https://gpacalculator.net/admissions/hands-on-medical-massage-school/,0,6,4.5
https://gpacalculator.net/admissions/haywood-community-college/,0,6,6
https://gpacalculator.net/admissions/herzing-university-birmingham/,0,6,6.5
https://gpacalculator.net/admissions/herzing-university-kenosha/,0,6,6.33
https://gpacalculator.net/admissions/illinois-eastern-community-colleges-lincoln-trail-college/,0,6,5.5
https://gpacalculator.net/admissions/international-business-college-indianapolis/,0,6,7
https://gpacalculator.net/admissions/johnson-state-college/,0,6,6.67
https://gpacalculator.net/admissions/jones-international-university/,0,6,10.33
https://gpacalculator.net/admissions/kansas-christian-college/,0,6,5.5
https://gpacalculator.net/admissions/kellogg-community-college/,0,6,3.83
https://gpacalculator.net/admissions/klamath-community-college/,0,6,7.33
https://gpacalculator.net/admissions/laredo-community-college/,0,6,5.5
https://gpacalculator.net/admissions/laurel-technical-institute/,0,6,7.33
https://gpacalculator.net/admissions/lebanon-college/,0,6,7.83
https://gpacalculator.net/admissions/lincoln-college-of-new-england-southington/,0,6,6.33
https://gpacalculator.net/admissions/logan-university/,0,6,4
https://gpacalculator.net/admissions/los-angeles-mission-college/,0,6,4
https://gpacalculator.net/admissions/los-angeles-music-academy/,0,6,7
https://gpacalculator.net/admissions/los-angeles-valley-college/,0,6,7.17
https://gpacalculator.net/admissions/louisiana-state-university-alexandria/,0,6,4.17
https://gpacalculator.net/admissions/macon-state-college/,0,6,5.83
https://gpacalculator.net/admissions/medvance-institute-miami/,0,6,5
https://gpacalculator.net/admissions/mid-state-technical-college/,0,6,7.33
https://gpacalculator.net/admissions/midamerica-nazarene-university/,0,6,5.83
https://gpacalculator.net/admissions/middle-georgia-technical-college/,0,6,5.83
https://gpacalculator.net/admissions/morrison-institute-of-technology/,0,6,6.67
https://gpacalculator.net/admissions/naropa-university/,0,6,6.5
https://gpacalculator.net/admissions/national-university/,0,6,20.5
https://gpacalculator.net/admissions/ner-israel-rabbinical-college/,0,6,4.5
https://gpacalculator.net/admissions/new-mexico-institute-of-mining-and-technology/,0,6,4.17
https://gpacalculator.net/admissions/northeast-state-community-college/,0,6,7.17
https://gpacalculator.net/admissions/northern-essex-community-college/,0,6,6.83
https://gpacalculator.net/admissions/northwest-college/,0,6,7.33
https://gpacalculator.net/admissions/northwest-indian-college/,0,6,6.67
https://gpacalculator.net/admissions/northwestern-connecticut-community-college/,0,6,7.83
https://gpacalculator.net/admissions/oglala-lakota-college/,0,6,7
https://gpacalculator.net/admissions/owensboro-community-and-technical-college/,0,6,8.17
https://gpacalculator.net/admissions/pacific-college-of-oriental-medicine-new-york/,0,6,7.5
https://gpacalculator.net/admissions/pacific-northwest-college-of-art/,0,6,4.67
https://gpacalculator.net/admissions/pennsylvania-state-university-penn-state-wilkes-barre/,0,6,7.67
https://gpacalculator.net/admissions/polytechnic-university-of-puerto-rico-miami-campus/,0,6,7.33
https://gpacalculator.net/admissions/presbyterian-theological-seminary-in-america/,0,6,2.83
https://gpacalculator.net/admissions/reid-state-technical-college/,0,6,6.67
https://gpacalculator.net/admissions/saint-john-vianney-college-seminary/,0,6,5.83
https://gpacalculator.net/admissions/sampson-community-college/,0,6,4.33
https://gpacalculator.net/admissions/schiller-international-university/,0,6,10
https://gpacalculator.net/admissions/seattle-community-college-north-campus/,0,6,10.33
https://gpacalculator.net/admissions/seminole-state-college/,0,6,5.83
https://gpacalculator.net/admissions/skagit-valley-college/,0,6,5.33
https://gpacalculator.net/admissions/south-georgia-college/,0,6,15.67
https://gpacalculator.net/admissions/south-piedmont-community-college/,0,6,3.5
https://gpacalculator.net/admissions/southeastern-community-college-nc/,0,6,8.83
https://gpacalculator.net/admissions/southern-arkansas-university-tech/,0,6,6.83
https://gpacalculator.net/admissions/southside-virginia-community-college/,0,6,6.17
https://gpacalculator.net/admissions/spoon-river-college/,0,6,9.5
https://gpacalculator.net/admissions/st-clair-county-community-college/,0,6,6.83
https://gpacalculator.net/admissions/st-lukes-college/,0,6,6.33
https://gpacalculator.net/admissions/taft-college/,0,6,5
https://gpacalculator.net/admissions/texas-a-m-university-commerce/,0,6,6.67
https://gpacalculator.net/admissions/texas-state-technical-college-west-texas/,0,6,28.17
https://gpacalculator.net/admissions/the-chicago-school-of-professional-psychology-at-los-angeles/,0,6,5.33
https://gpacalculator.net/admissions/the-chicago-school-of-professional-psychology-at-san-diego/,0,6,18.67
https://gpacalculator.net/admissions/three-rivers-community-college-ct/,0,6,5.83
https://gpacalculator.net/admissions/university-of-cincinnati-raymond-walters-college/,0,6,5.67
https://gpacalculator.net/admissions/university-of-connecticut-hartford-campus/,0,6,17.83
https://gpacalculator.net/admissions/university-of-maine-at-augusta/,0,6,6.83
https://gpacalculator.net/admissions/university-of-maine-at-fort-kent/,0,6,4.17
https://gpacalculator.net/admissions/university-of-new-mexico-gallup-campus/,0,6,24.67
https://gpacalculator.net/admissions/university-of-phoenix-louisville-campus/,0,6,12
https://gpacalculator.net/admissions/university-of-phoenix-richmond-campus/,0,6,10.17
https://gpacalculator.net/admissions/university-of-south-florida-st-petersburg-campus/,0,6,15.17
https://gpacalculator.net/admissions/university-of-valley-forge/,0,6,11.5
https://gpacalculator.net/admissions/university-of-wisconsin-colleges/,0,6,9
https://gpacalculator.net/admissions/washington-adventist-university/,0,6,5.67
https://gpacalculator.net/admissions/west-los-angeles-college/,0,6,26.17
https://gpacalculator.net/admissions/western-dakota-technical-institute/,0,6,5
https://gpacalculator.net/admissions/williamson-christian-college/,0,6,8.5
https://gpacalculator.net/admissions/world-mission-university/,0,6,6.5
https://gpacalculator.net/admissions/yeshivas-novominsk/,0,6,17.17
https://gpacalculator.net/admission/ai-miami-international-university-of-art-and-design/,0,5,13.2
https://gpacalculator.net/admission/argosy-university-schaumburg/,0,5,7.2
https://gpacalculator.net/admission/cossatot-community-college-of-the-university-of-arkansas/,0,5,21
https://gpacalculator.net/admission/devry-universitys-keller-graduate-school-of-management-texas/,0,5,15
https://gpacalculator.net/admission/gallaudet-university/,0,5,27.8
https://gpacalculator.net/admission/herzing-university-kenner/,0,5,27.8
https://gpacalculator.net/admission/high-school-gpa-guide/,0,5,5.6
https://gpacalculator.net/admission/strayer-university-arkansas/,0,5,8.2
https://gpacalculator.net/admission/texas-southern-university,0,5,31.6
https://gpacalculator.net/admission/uni-of-nebraska-central-administration-system-office/,0,5,10.2
https://gpacalculator.net/admissions/agape-college-of-business-and-science/,0,5,3.6
https://gpacalculator.net/admissions/american-college-of-financial-services/,0,5,5.6
https://gpacalculator.net/admissions/american-sentinel-university/,0,5,5.8
https://gpacalculator.net/admissions/anna-maria-college/,0,5,5
https://gpacalculator.net/admissions/antioch-university-los-angeles/,0,5,4.4
https://gpacalculator.net/admissions/aquinas-college-tn/,0,5,10.2
https://gpacalculator.net/admissions/bacone-college/,0,5,6.4
https://gpacalculator.net/admissions/baptist-missionary-association-theological-seminary/,0,5,5
https://gpacalculator.net/admissions/bethesda-university-of-california/,0,5,8
https://gpacalculator.net/admissions/blue-ridge-community-college-nc/,0,5,4.2
https://gpacalculator.net/admissions/boise-bible-college/,0,5,6
https://gpacalculator.net/admissions/bryan-university/,0,5,5
https://gpacalculator.net/admissions/cazenovia-college/,0,5,5.4
https://gpacalculator.net/admissions/centura-college-virginia-beach/,0,5,8.2
https://gpacalculator.net/admissions/champion-christian-college/,0,5,9.8
https://gpacalculator.net/admissions/coastline-community-college/,0,5,5
https://gpacalculator.net/admissions/college-of-the-siskiyous/,0,5,5.2
https://gpacalculator.net/admissions/columbia-college-hollywood/,0,5,7.6
https://gpacalculator.net/admissions/corcoran-college-of-art-and-design/,0,5,24.8
https://gpacalculator.net/admissions/crossroads-college/,0,5,4.8
https://gpacalculator.net/admissions/crouse-hospital-college-of-nursing/,0,5,6
https://gpacalculator.net/admissions/danville-community-college/,0,5,7.4
https://gpacalculator.net/admissions/daymar-institute-clarksville/,0,5,7
https://gpacalculator.net/admissions/devry-college-of-new-york/,0,5,11.8
https://gpacalculator.net/admissions/devry-university-indiana/,0,5,9.8
https://gpacalculator.net/admissions/devry-university-texas/,0,5,8.8
https://gpacalculator.net/admissions/devry-university-washington/,0,5,11.8
https://gpacalculator.net/admissions/east-central-community-college/,0,5,4.4
https://gpacalculator.net/admissions/edgecombe-community-college/,0,5,6.4
https://gpacalculator.net/admissions/elizabethtown-community-and-technical-college/,0,5,1.2
https://gpacalculator.net/admissions/erie-business-center-new-castle/,0,5,5.6
https://gpacalculator.net/admissions/faith-baptist-bible-college-and-theological-seminary/,0,5,4.8
https://gpacalculator.net/admissions/faith-evangelical-college-and-seminary/,0,5,4.4
https://gpacalculator.net/admissions/fond-du-lac-tribal-and-community-college/,0,5,6.8
https://gpacalculator.net/admissions/fortis-college-landover/,0,5,2.8
https://gpacalculator.net/admissions/fortis-institute-erie/,0,5,25.2
https://gpacalculator.net/admissions/fortis-institute-scranton/,0,5,6
https://gpacalculator.net/admissions/golf-academy-of-america-altamonte-springs/,0,5,9.8
https://gpacalculator.net/admissions/hazard-community-and-technical-college/,0,5,3.2
https://gpacalculator.net/admissions/herzing-university-winter-park/,0,5,6.6
https://gpacalculator.net/admissions/illinois-central-college/,0,5,7
https://gpacalculator.net/admissions/james-h-faulkner-state-community-college/,0,5,2
https://gpacalculator.net/admissions/john-paul-the-great-catholic-university/,0,5,5.8
https://gpacalculator.net/admissions/judson-college/,0,5,5.8
https://gpacalculator.net/admissions/kaplan-university-council-bluffs-campus/,0,5,1.4
https://gpacalculator.net/admissions/kaplan-university-des-moines-campus/,0,5,7.6
https://gpacalculator.net/admissions/kaplan-university-maine-campus/,0,5,29.8
https://gpacalculator.net/admissions/lourdes-university/,0,5,9.4
https://gpacalculator.net/admissions/luna-community-college/,0,5,5.6
https://gpacalculator.net/admissions/manhattan-area-technical-college/,0,5,5.2
https://gpacalculator.net/admissions/marshalltown-community-college/,0,5,3.8
https://gpacalculator.net/admissions/martin-university/,0,5,6.2
https://gpacalculator.net/admissions/medical-university-of-south-carolina/,0,5,10.8
https://gpacalculator.net/admissions/memorial-hospital-school-of-nursing/,0,5,14.4
https://gpacalculator.net/admissions/mendocino-college/,0,5,5.6
https://gpacalculator.net/admissions/metropolitan-community-college-maple-woods/,0,5,4.8
https://gpacalculator.net/admissions/miami-jacobs-career-college-columbus/,0,5,16
https://gpacalculator.net/admissions/miami-jacobs-career-college-springboro/,0,5,7.2
https://gpacalculator.net/admissions/midwestern-university/,0,5,7.4
https://gpacalculator.net/admissions/mirrer-yeshiva-cent-institute/,0,5,1.8
https://gpacalculator.net/admissions/mountain-empire-community-college/,0,5,5.4
https://gpacalculator.net/admissions/mt-san-jacinto-community-college-district/,0,5,4.6
https://gpacalculator.net/admissions/mt-sierra-college/,0,5,5.6
https://gpacalculator.net/admissions/national-park-community-college/,0,5,6
https://gpacalculator.net/admissions/navajo-technical-college/,0,5,6.6
https://gpacalculator.net/admissions/new-mexico-junior-college/,0,5,4.8
https://gpacalculator.net/admissions/new-orleans-baptist-theological-seminary/,0,5,12.8
https://gpacalculator.net/admissions/new-york-college-of-health-professions/,0,5,6.4
https://gpacalculator.net/admissions/newbury-college-brookline/,0,5,7.4
https://gpacalculator.net/admissions/north-georgia-college-state-university/,0,5,6
https://gpacalculator.net/admissions/northeast-alabama-community-college/,0,5,9.6
https://gpacalculator.net/admissions/northern-new-mexico-college/,0,5,4
https://gpacalculator.net/admissions/northwestern-health-sciences-university/,0,5,5.6
https://gpacalculator.net/admissions/nyack-college/,0,5,6.2
https://gpacalculator.net/admissions/ohio-christian-university/,0,5,7.4
https://gpacalculator.net/admissions/ohio-state-university-agricultural-technical-institute/,0,5,9.6
https://gpacalculator.net/admissions/pacific-college-of-oriental-medicine-chicago/,0,5,7.4
https://gpacalculator.net/admissions/pacific-oaks-college/,0,5,3.8
https://gpacalculator.net/admissions/paier-college-of-art-inc/,0,5,6
https://gpacalculator.net/admissions/pasco-hernando-community-college/,0,5,5.4
https://gpacalculator.net/admissions/pittsburgh-technical-institute/,0,5,4.6
https://gpacalculator.net/admissions/potomac-college-washington/,0,5,10.2
https://gpacalculator.net/admissions/providence-christian-college/,0,5,6.8
https://gpacalculator.net/admissions/redlands-community-college/,0,5,2.4
https://gpacalculator.net/admissions/remington-college-memphis-campus/,0,5,7.4
https://gpacalculator.net/admissions/robert-morris-university-illinois/,0,5,12.4
https://gpacalculator.net/admissions/rochester-college/,0,5,9
https://gpacalculator.net/admissions/rosalind-franklin-university/,0,5,5
https://gpacalculator.net/admissions/saint-joseph-seminary-college/,0,5,8
https://gpacalculator.net/admissions/san-francisco-art-institute/,0,5,30.2
https://gpacalculator.net/admissions/sauk-valley-community-college/,0,5,5.2
https://gpacalculator.net/admissions/siena-heights-university/,0,5,15
https://gpacalculator.net/admissions/south-georgia-state-college/,0,5,12.6
https://gpacalculator.net/admissions/southeastern-free-will-baptist-bible-college/,0,5,5.6
https://gpacalculator.net/admissions/southwest-texas-junior-college/,0,5,5.6
https://gpacalculator.net/admissions/southwest-virginia-community-college/,0,5,7.4
https://gpacalculator.net/admissions/southwest-wisconsin-technical-college/,0,5,5
https://gpacalculator.net/admissions/southwestern-christian-university/,0,5,9.6
https://gpacalculator.net/admissions/suny-institute-of-technology-at-utica-rome/,0,5,4.4
https://gpacalculator.net/admissions/tacoma-community-college/,0,5,7.6
https://gpacalculator.net/admissions/talmudical-seminary-of-bobov/,0,5,4.6
https://gpacalculator.net/admissions/the-college-of-westchester/,0,5,6
https://gpacalculator.net/admissions/torah-temimah-talmudical-seminary/,0,5,6.2
https://gpacalculator.net/admissions/tri-state-bible-college/,0,5,6.2
https://gpacalculator.net/admissions/trinity-bible-college/,0,5,5
https://gpacalculator.net/admissions/university-of-phoenix-oregon-campus/,0,5,11
https://gpacalculator.net/admissions/university-of-phoenix-washington-dc-campus/,0,5,5.8
https://gpacalculator.net/admissions/university-of-the-west/,0,5,7
https://gpacalculator.net/admissions/vermont-technical-college/,0,5,9.8
https://gpacalculator.net/admissions/west-coast-university-ontario/,0,5,8.4
https://gpacalculator.net/admissions/west-shore-community-college/,0,5,7.2
https://gpacalculator.net/admissions/west-virginia-university-at-parkersburg/,0,5,56.8
https://gpacalculator.net/admissions/wheelock-college/,0,5,7.2
https://gpacalculator.net/admissions/wilkes-community-college/,0,5,5.8
https://gpacalculator.net/admissions/yeshiva-shaarei-torah-of-rockland/,0,5,6.8
https://gpacalculator.net/admission/argosy-university-orange-county/,0,4,12.5
https://gpacalculator.net/admission/brandman-university/,0,4,11.75
https://gpacalculator.net/admission/broadview-university-layton/,0,4,8
https://gpacalculator.net/admission/devry-university-nevada/,0,4,40.75
https://gpacalculator.net/admission/eastern-new-mexico-university-main-campus/,0,4,8.75
https://gpacalculator.net/admission/georgia-health-sciences-university/,0,4,3.75
https://gpacalculator.net/admission/globe-university-appleton/,0,4,5.75
https://gpacalculator.net/admission/kaplan-university-hagerstown-campus/,0,4,17.75
https://gpacalculator.net/admission/kaplan-university-maine-campus/,0,4,58.25
https://gpacalculator.net/admission/louisiana-state-uni-health-sciences-center-shreveport/,0,4,8.25
https://gpacalculator.net/admission/lourdes-university/,0,4,65.5
https://gpacalculator.net/admission/mid-atlantic-christian-university/,0,4,41
https://gpacalculator.net/admission/national-american-uni-ellsworth-afb-extension/,0,4,5.25
https://gpacalculator.net/admission/national-american-university-ellsworth-afb-extension/,0,4,77.5
https://gpacalculator.net/admission/national-american-university-independence/,0,4,12
https://gpacalculator.net/admission/northern-state-university/,0,4,27.75
https://gpacalculator.net/admission/south-university%CB%86richmond/,0,4,24.5
https://gpacalculator.net/admission/southwestern-university,0,4,11.75
https://gpacalculator.net/admission/trine-uni-regionalnon-traditional-campuses/,0,4,25.5
https://gpacalculator.net/admission/university-of-hawaii-system-office/,0,4,62.25
https://gpacalculator.net/admission/university-of-louisiana-system-administration/,0,4,8.5
https://gpacalculator.net/admission/university-of-phoenix-birmingham-campus/,0,4,19
https://gpacalculator.net/admission/university-of-phoenix-central-florida-campus/,0,4,5
https://gpacalculator.net/admission/university-of-phoenix-knoxville-campus/,0,4,7.25
https://gpacalculator.net/admission/university-of-phoenix-louisville-campus/,0,4,59.5
https://gpacalculator.net/admission/university-of-phoenix-northwest-arkansas-campus/,0,4,8.5
https://gpacalculator.net/admissions/academy-college/,0,4,6.5
https://gpacalculator.net/admissions/advanced-technology-institute/,0,4,4.5
https://gpacalculator.net/admissions/alaska-pacific-university/,0,4,6.5
https://gpacalculator.net/admissions/american-academy-of-dramatic-arts-los-angeles/,0,4,12.75
https://gpacalculator.net/admissions/ana-g-mendez-university/,0,4,7.25
https://gpacalculator.net/admissions/arkansas-state-university-newport/,0,4,12.5
https://gpacalculator.net/admissions/arlington-baptist-college/,0,4,9.5
https://gpacalculator.net/admissions/armstrong-state-university/,0,4,6.75
https://gpacalculator.net/admissions/asheville-buncombe-technical-community-college/,0,4,4
https://gpacalculator.net/admissions/ashland-community-and-technical-college/,0,4,6.75
https://gpacalculator.net/admissions/azusa-pacific-online-university/,0,4,6.5
https://gpacalculator.net/admissions/baptist-bible-college-and-seminary/,0,4,4.5
https://gpacalculator.net/admissions/baptist-memorial-college-of-health-sciences/,0,4,12
https://gpacalculator.net/admissions/bard-college-at-simons-rock/,0,4,11.25
https://gpacalculator.net/admissions/baton-rouge-college/,0,4,7.75
https://gpacalculator.net/admissions/bay-mills-community-college/,0,4,4.5
https://gpacalculator.net/admissions/bergin-college-of-canine-studies/,0,4,5.25
https://gpacalculator.net/admissions/bethel-college-north-newton/,0,4,7.75
https://gpacalculator.net/admissions/bethlehem-college-and-seminary/,0,4,10.5
https://gpacalculator.net/admissions/bevill-state-community-college/,0,4,6.5
https://gpacalculator.net/admissions/bowling-green-state-university-firelands/,0,4,7.75
https://gpacalculator.net/admissions/brewton-parker-college/,0,4,6.5
https://gpacalculator.net/admissions/broadview-university/,0,4,1.75
https://gpacalculator.net/admissions/brown-mackie-college-miami/,0,4,7.75
https://gpacalculator.net/admissions/bryant-and-stratton-college-amherst/,0,4,7.5
https://gpacalculator.net/admissions/bryant-and-stratton-college-southtowns/,0,4,7.5
https://gpacalculator.net/admissions/bryant-and-stratton-college-syracuse-north/,0,4,3.5
https://gpacalculator.net/admissions/california-jazz-conservatory/,0,4,4
https://gpacalculator.net/admissions/carl-sandburg-college/,0,4,5.5
https://gpacalculator.net/admissions/cayuga-county-community-college/,0,4,6.5
https://gpacalculator.net/admissions/central-bible-college/,0,4,8.75
https://gpacalculator.net/admissions/central-maine-community-college/,0,4,6
https://gpacalculator.net/admissions/central-oregon-community-college/,0,4,9
https://gpacalculator.net/admissions/chamberlain-college-of-nursing-ohio/,0,4,7.25
https://gpacalculator.net/admissions/cincinnati-christian-university/,0,4,19
https://gpacalculator.net/admissions/claremont-graduate-university/,0,4,5
https://gpacalculator.net/admissions/clear-creek-baptist-bible-college/,0,4,11
https://gpacalculator.net/admissions/cleveland-institute-of-music/,0,4,7.5
https://gpacalculator.net/admissions/clinton-junior-college/,0,4,6.5
https://gpacalculator.net/admissions/college-america-colorado-springs/,0,4,19.75
https://gpacalculator.net/admissions/college-of-business-and-technology-flagler/,0,4,7.75
https://gpacalculator.net/admissions/college-of-our-lady-of-the-elms/,0,4,6.5
https://gpacalculator.net/admissions/colorado-school-of-healing-arts/,0,4,8
https://gpacalculator.net/admissions/columbia-gorge-community-college/,0,4,5.25
https://gpacalculator.net/admissions/community-christian-college/,0,4,5
https://gpacalculator.net/admissions/community-college-of-beaver-county/,0,4,8.5
https://gpacalculator.net/admissions/crowleys-ridge-college/,0,4,8.75
https://gpacalculator.net/admissions/darton-college/,0,4,3
https://gpacalculator.net/admissions/davidson-county-community-college/,0,4,3
https://gpacalculator.net/admissions/delaware-technical-and-community-college-owens/,0,4,2.75
https://gpacalculator.net/admissions/devry-university-michigan/,0,4,22
https://gpacalculator.net/admissions/devry-university-missouri/,0,4,15.25
https://gpacalculator.net/admissions/devry-university-new-jersey/,0,4,8.5
https://gpacalculator.net/admissions/devry-university-virginia/,0,4,16.5
https://gpacalculator.net/admissions/digital-media-arts-college/,0,4,5.25
https://gpacalculator.net/admissions/dominican-college-of-blauvelt/,0,4,5.25
https://gpacalculator.net/admissions/ecclesia-college/,0,4,7.25
https://gpacalculator.net/admissions/emmaus-bible-college/,0,4,10.25
https://gpacalculator.net/admissions/family-of-faith-college/,0,4,5
https://gpacalculator.net/admissions/florida-christian-college/,0,4,35
https://gpacalculator.net/admissions/florida-keys-community-college/,0,4,11
https://gpacalculator.net/admissions/fortis-college-columbus/,0,4,8
https://gpacalculator.net/admissions/fortis-college-cuyahoga-falls/,0,4,5.25
https://gpacalculator.net/admissions/georgia-military-college-valdosta-campus/,0,4,7.75
https://gpacalculator.net/admissions/globe-university-la-crosse/,0,4,9.5
https://gpacalculator.net/admissions/granite-state-college/,0,4,4.75
https://gpacalculator.net/admissions/gratz-college/,0,4,2.5
https://gpacalculator.net/admissions/hillsdale-free-will-baptist-college/,0,4,8.75
https://gpacalculator.net/admissions/hobe-sound-bible-college/,0,4,7.25
https://gpacalculator.net/admissions/humphreys-college-stockton-and-modesto-campuses/,0,4,6.75
https://gpacalculator.net/admissions/independence-university/,0,4,10
https://gpacalculator.net/admissions/johnson-wales-university-north-miami/,0,4,8.5
https://gpacalculator.net/admissions/lake-land-college/,0,4,8
https://gpacalculator.net/admissions/lakewood-university/,0,4,6
https://gpacalculator.net/admissions/lamar-state-college-port-arthur/,0,4,7.25
https://gpacalculator.net/admissions/latin-american-bible-institute/,0,4,9.75
https://gpacalculator.net/admissions/limestone-college/,0,4,6.5
https://gpacalculator.net/admissions/los-angeles-southwest-college/,0,4,7
https://gpacalculator.net/admissions/louisiana-state-university-eunice/,0,4,6.5
https://gpacalculator.net/admissions/lyme-academy-college-of-fine-arts/,0,4,6
https://gpacalculator.net/admissions/maine-college-of-art/,0,4,8.5
https://gpacalculator.net/admissions/manchester-community-college-ct/,0,4,5
https://gpacalculator.net/admissions/manhattan-christian-college/,0,4,7
https://gpacalculator.net/admissions/marygrove-college/,0,4,6.25
https://gpacalculator.net/admissions/maysville-community-and-technical-college/,0,4,8
https://gpacalculator.net/admissions/medaille-college/,0,4,4.75
https://gpacalculator.net/admissions/medix-school-fortis-college/,0,4,6.5
https://gpacalculator.net/admissions/mesivta-of-eastern-parkway-yeshiva-zichron-meilech/,0,4,3.75
https://gpacalculator.net/admissions/methodist-college-of-nursing/,0,4,7.75
https://gpacalculator.net/admissions/mid-plains-community-college/,0,4,5.5
https://gpacalculator.net/admissions/miller-motte-technical-college-lynchburg/,0,4,4.75
https://gpacalculator.net/admissions/minnesota-school-of-business-richfield/,0,4,7.5
https://gpacalculator.net/admissions/minnesota-school-of-business-shakopee/,0,4,6.5
https://gpacalculator.net/admissions/missouri-tech/,0,4,6
https://gpacalculator.net/admissions/mount-ida-college/,0,4,6
https://gpacalculator.net/admissions/murray-state-college/,0,4,7.5
https://gpacalculator.net/admissions/myotherapy-institute/,0,4,6
https://gpacalculator.net/admissions/national-american-university-austin/,0,4,19.5
https://gpacalculator.net/admissions/national-american-university-denver/,0,4,14
https://gpacalculator.net/admissions/newschool-of-architecture-and-design/,0,4,7
https://gpacalculator.net/admissions/nicolet-area-technical-college/,0,4,4.75
https://gpacalculator.net/admissions/northwest-christian-university/,0,4,3.5
https://gpacalculator.net/admissions/northwest-iowa-community-college/,0,4,4.25
https://gpacalculator.net/admissions/northwood-university-texas/,0,4,21.25
https://gpacalculator.net/admissions/ohio-valley-university/,0,4,7.25
https://gpacalculator.net/admissions/ottawa-university-milwaukee/,0,4,7
https://gpacalculator.net/admissions/ozarka-college/,0,4,4
https://gpacalculator.net/admissions/patrick-henry-community-college/,0,4,3.75
https://gpacalculator.net/admissions/pennsylvania-academy-of-the-fine-arts/,0,4,8.75
https://gpacalculator.net/admissions/pennsylvania-college-of-health-sciences/,0,4,4.5
https://gpacalculator.net/admissions/post-university/,0,4,9.25
https://gpacalculator.net/admissions/prince-institute-of-professional-studies-inc/,0,4,6.75
https://gpacalculator.net/admissions/professional-golfers-career-college/,0,4,4.25
https://gpacalculator.net/admissions/rabbinical-college-of-america/,0,4,6
https://gpacalculator.net/admissions/remington-college-dallas-campus/,0,4,7.5
https://gpacalculator.net/admissions/richmont-graduate-university/,0,4,9.5
https://gpacalculator.net/admissions/rio-salado-college/,0,4,5.75
https://gpacalculator.net/admissions/robeson-community-college/,0,4,7.5
https://gpacalculator.net/admissions/roseman-university-of-health-sciences/,0,4,7.75
https://gpacalculator.net/admissions/saginaw-chippewa-tribal-college/,0,4,7.75
https://gpacalculator.net/admissions/san-joaquin-valley-college-temecula/,0,4,4.25
https://gpacalculator.net/admissions/santa-barbara-business-college-bakersfield/,0,4,10.5
https://gpacalculator.net/admissions/santa-fe-community-college/,0,4,6.25
https://gpacalculator.net/admissions/school-of-the-museum-of-fine-arts-boston/,0,4,4.25
https://gpacalculator.net/admissions/sisseton-wahpeton-college/,0,4,4.25
https://gpacalculator.net/admissions/south-florida-bible-college-and-theological-seminary/,0,4,7.25
https://gpacalculator.net/admissions/south-florida-community-college/,0,4,5
https://gpacalculator.net/admissions/south-louisiana-community-college/,0,4,5.25
https://gpacalculator.net/admissions/southeast-kentucky-community-and-technical-college/,0,4,5.5
https://gpacalculator.net/admissions/southern-polytechnic-state-university/,0,4,7
https://gpacalculator.net/admissions/southwestern-adventist-university/,0,4,6
https://gpacalculator.net/admissions/stautzenberger-college-maumee/,0,4,6.5
https://gpacalculator.net/admissions/tennessee-temple-university/,0,4,22
https://gpacalculator.net/admissions/the-college-of-saint-thomas-more/,0,4,5.25
https://gpacalculator.net/admissions/the-new-england-institute-of-art/,0,4,4.5
https://gpacalculator.net/admissions/the-university-of-texas-at-brownsville/,0,4,10
https://gpacalculator.net/admissions/thomas-nelson-community-college/,0,4,3.5
https://gpacalculator.net/admissions/triangle-tech-inc-greensburg/,0,4,3.75
https://gpacalculator.net/admissions/triangle-tech-inc-sunbury/,0,4,11.5
https://gpacalculator.net/admissions/trinity-international-university-florida/,0,4,36.75
https://gpacalculator.net/admissions/union-bible-college/,0,4,7
https://gpacalculator.net/admissions/university-of-advancing-technology/,0,4,9.25
https://gpacalculator.net/admissions/university-of-connecticut-avery-point/,0,4,4.25
https://gpacalculator.net/admissions/university-of-phoenix-chicago-campus/,0,4,5.25
https://gpacalculator.net/admissions/university-of-phoenix-cincinnati-campus/,0,4,47.25
https://gpacalculator.net/admissions/university-of-phoenix-delaware/,0,4,15.25
https://gpacalculator.net/admissions/university-of-phoenix-pittsburgh-campus/,0,4,12
https://gpacalculator.net/admissions/university-of-phoenix-southern-arizona-campus/,0,4,14
https://gpacalculator.net/admissions/university-of-western-states/,0,4,21.5
https://gpacalculator.net/admissions/urbana-university/,0,4,7.5
https://gpacalculator.net/admissions/virginia-college-sc/,0,4,14
https://gpacalculator.net/admissions/waukesha-county-technical-college/,0,4,2.75
https://gpacalculator.net/admissions/williams-baptist-college/,0,4,4.25
https://gpacalculator.net/admissions/wood-tobe-coburn-school/,0,4,6
https://gpacalculator.net/admissions/yeshiva-gedolah-imrei-yosef-dspinka/,0,4,4.75
https://gpacalculator.net/admissions/yeshiva-ohr-elchonon-chabad-west-coast-talmudical-seminary/,0,4,2.25
https://gpacalculator.net/admission/argosy-university-chicago/,0,3,52
https://gpacalculator.net/admission/colorado-technical-university-greenwood-village/,0,3,30.33
https://gpacalculator.net/admission/devry-university-indiana/,0,3,80.33
https://gpacalculator.net/admission/duluth-business-university/,0,3,8
https://gpacalculator.net/admission/five-branches-university/,0,3,26
https://gpacalculator.net/admission/globe-university-la-crosse/,0,3,4.67
https://gpacalculator.net/admission/kaplan-university-omaha-campus/,0,3,5.67
https://gpacalculator.net/admission/louisiana-state-uni-health-sciences-center-new-orleans/,0,3,8.67
https://gpacalculator.net/admission/luther-rice-university/,0,3,42
https://gpacalculator.net/admission/national-american-university-centennial/,0,3,16.33
https://gpacalculator.net/admission/pennsylvania-state-university-college-of-medicine/,0,3,57.67
https://gpacalculator.net/admission/the-national-hispanic-university/,0,3,7
https://gpacalculator.net/admission/the-university-of-the-arts/,0,3,6.33
https://gpacalculator.net/admission/university-of-colorado-system-office/,0,3,8.33
https://gpacalculator.net/admission/university-of-phoenix-tulsa-campus/,0,3,19.33
https://gpacalculator.net/admission/university-of-phoenix-utah-campus/,0,3,11.67
https://gpacalculator.net/admissions/adirondack-community-college/,0,3,6.33
https://gpacalculator.net/admissions/aib-college-of-business/,0,3,3
https://gpacalculator.net/admissions/american-university-of-health-sciences/,0,3,4
https://gpacalculator.net/admissions/antonelli-college-cincinnati/,0,3,5
https://gpacalculator.net/admissions/appalachian-bible-college/,0,3,4.33
https://gpacalculator.net/admissions/art-academy-of-cincinnati/,0,3,11
https://gpacalculator.net/admissions/asnuntuck-community-college/,0,3,4.33
https://gpacalculator.net/admissions/bainbridge-college/,0,3,6.33
https://gpacalculator.net/admissions/bais-medrash-toras-chesed/,0,3,3
https://gpacalculator.net/admissions/baker-college-of-clinton-township/,0,3,10
https://gpacalculator.net/admissions/baker-college-of-owosso/,0,3,5.67
https://gpacalculator.net/admissions/baptist-bible-college-and-graduate-school/,0,3,6.67
https://gpacalculator.net/admissions/bay-de-noc-community-college/,0,3,4
https://gpacalculator.net/admissions/bel-rea-institute-of-animal-technology/,0,3,6.33
https://gpacalculator.net/admissions/berks-technical-institute/,0,3,6
https://gpacalculator.net/admissions/blue-mountain-community-college/,0,3,4.33
https://gpacalculator.net/admissions/bolivar-technical-college/,0,3,11.33
https://gpacalculator.net/admissions/boston-baptist-college/,0,3,6.67
https://gpacalculator.net/admissions/brown-mackie-college-albuquerque/,0,3,8
https://gpacalculator.net/admissions/brown-mackie-college-merrillville/,0,3,9
https://gpacalculator.net/admissions/brown-mackie-college-north-canton/,0,3,38.67
https://gpacalculator.net/admissions/bryant-and-stratton-college-buffalo/,0,3,32
https://gpacalculator.net/admissions/bryant-and-stratton-college-greece/,0,3,3.33
https://gpacalculator.net/admissions/bryant-and-stratton-college-virginia-beach/,0,3,3
https://gpacalculator.net/admissions/bryn-athyn-college-of-the-new-church/,0,3,5
https://gpacalculator.net/admissions/butler-county-community-college/,0,3,54.67
https://gpacalculator.net/admissions/california-christian-college/,0,3,13.67
https://gpacalculator.net/admissions/calvary-bible-college-and-theological-seminary/,0,3,12.33
https://gpacalculator.net/admissions/central-new-mexico-community-college/,0,3,3.33
https://gpacalculator.net/admissions/central-pennsylvania-institute-of-science-and-technology/,0,3,36.67
https://gpacalculator.net/admissions/central-virginia-community-college/,0,3,3.67
https://gpacalculator.net/admissions/centura-college-chesapeake/,0,3,7.33
https://gpacalculator.net/admissions/centura-college-richmond-main/,0,3,3.67
https://gpacalculator.net/admissions/century-community-and-technical-college/,0,3,4.33
https://gpacalculator.net/admissions/chamberlain-college-of-nursing-virginia/,0,3,5.67
https://gpacalculator.net/admissions/chancellor-university/,0,3,2.67
https://gpacalculator.net/admissions/charter-college-anchorage/,0,3,6.67
https://gpacalculator.net/admissions/chattahoochee-valley-community-college/,0,3,7
https://gpacalculator.net/admissions/chief-dull-knife-college/,0,3,6
https://gpacalculator.net/admissions/city-college-altamonte-springs/,0,3,1.33
https://gpacalculator.net/admissions/college-of-court-reporting-inc/,0,3,6.67
https://gpacalculator.net/admissions/college-of-saint-mary/,0,3,6.67
https://gpacalculator.net/admissions/community-college-of-vermont/,0,3,7.67
https://gpacalculator.net/admissions/compass-college-of-cinematic-arts/,0,3,3.67
https://gpacalculator.net/admissions/county-college-of-morris/,0,3,5.67
https://gpacalculator.net/admissions/daymar-college-chillicothe/,0,3,6.33
https://gpacalculator.net/admissions/daymar-college-jackson/,0,3,5
https://gpacalculator.net/admissions/dean-institute-of-technology/,0,3,78
https://gpacalculator.net/admissions/delaware-college-of-art-and-design/,0,3,7
https://gpacalculator.net/admissions/devry-university-georgia/,0,3,7.33
https://gpacalculator.net/admissions/devry-university-ohio/,0,3,4
https://gpacalculator.net/admissions/devry-university-pennsylvania/,0,3,17.67
https://gpacalculator.net/admissions/devry-university-wisconsin/,0,3,8
https://gpacalculator.net/admissions/east-los-angeles-college/,0,3,4
https://gpacalculator.net/admissions/eastern-iowa-community-college-district/,0,3,31.33
https://gpacalculator.net/admissions/eastern-wyoming-college/,0,3,5.33
https://gpacalculator.net/admissions/florida-agricultural-and-mechanical-university/,0,3,8
https://gpacalculator.net/admissions/fort-peck-community-college/,0,3,6
https://gpacalculator.net/admissions/fortis-college-indianapolis/,0,3,3.67
https://gpacalculator.net/admissions/fortis-college-mobile/,0,3,1.67
https://gpacalculator.net/admissions/fortis-college-norfolk/,0,3,6.67
https://gpacalculator.net/admissions/fountainhead-college-of-technology/,0,3,21
https://gpacalculator.net/admissions/george-c-wallace-state-community-college-selma/,0,3,8
https://gpacalculator.net/admissions/georgia-military-college-atlanta-campus/,0,3,13.33
https://gpacalculator.net/admissions/globe-university-appleton/,0,3,6.33
https://gpacalculator.net/admissions/globe-university-eau-claire/,0,3,7.67
https://gpacalculator.net/admissions/globe-university-sioux-falls/,0,3,7.33
https://gpacalculator.net/admissions/goddard-college/,0,3,8
https://gpacalculator.net/admissions/gordon-college-ga/,0,3,7.33
https://gpacalculator.net/admissions/harrisburg-area-community-college-harrisburg/,0,3,8.67
https://gpacalculator.net/admissions/harrison-college/,0,3,5.33
https://gpacalculator.net/admissions/henderson-community-college/,0,3,15.33
https://gpacalculator.net/admissions/heritage-bible-college/,0,3,4.33
https://gpacalculator.net/admissions/hodges-university/,0,3,4.33
https://gpacalculator.net/admissions/hondros-college/,0,3,5.67
https://gpacalculator.net/admissions/illinois-eastern-community-colleges-frontier-community-coll/,0,3,5.67
https://gpacalculator.net/admissions/illinois-eastern-community-colleges-olney-central-college/,0,3,4.33
https://gpacalculator.net/admissions/independence-community-college/,0,3,3.67
https://gpacalculator.net/admissions/institute-of-business-and-medical-careers/,0,3,33.67
https://gpacalculator.net/admissions/iowa-wesleyan-college/,0,3,6
https://gpacalculator.net/admissions/james-sprunt-community-college/,0,3,6
https://gpacalculator.net/admissions/jewish-theological-seminary-of-america/,0,3,16.67
https://gpacalculator.net/admissions/johnson-and-wales-university-denver/,0,3,11.67
https://gpacalculator.net/admissions/johnson-and-wales-university-north-miami/,0,3,5
https://gpacalculator.net/admissions/kankakee-community-college/,0,3,4.67
https://gpacalculator.net/admissions/kansas-city-kansas-community-college/,0,3,3.67
https://gpacalculator.net/admissions/kaplan-university-cedar-falls-campus/,0,3,57
https://gpacalculator.net/admissions/kaplan-university-cedar-rapids-campus/,0,3,7.67
https://gpacalculator.net/admissions/kent-state-university-at-east-liverpool/,0,3,6.67
https://gpacalculator.net/admissions/kent-state-university-at-geauga/,0,3,37.33
https://gpacalculator.net/admissions/kings-college-nc/,0,3,6
https://gpacalculator.net/admissions/lansdale-school-of-business/,0,3,21
https://gpacalculator.net/admissions/laurel-business-institute/,0,3,6.33
https://gpacalculator.net/admissions/laurel-university/,0,3,33.33
https://gpacalculator.net/admissions/lawrence-memorial-hospital-school-of-nursing/,0,3,8.67
https://gpacalculator.net/admissions/life-pacific-college/,0,3,8
https://gpacalculator.net/admissions/lincoln-college-of-technology-tri-county/,0,3,6
https://gpacalculator.net/admissions/linn-state-technical-college/,0,3,7.33
https://gpacalculator.net/admissions/little-big-horn-college/,0,3,7
https://gpacalculator.net/admissions/lsu-health-new-orleans/,0,3,21.67
https://gpacalculator.net/admissions/machzikei-hadath-rabbinical-college/,0,3,9
https://gpacalculator.net/admissions/maple-springs-baptist-bible-college-and-seminary/,0,3,4
https://gpacalculator.net/admissions/mercy-college-of-ohio/,0,3,6.67
https://gpacalculator.net/admissions/metropolitan-community-college-longview/,0,3,5
https://gpacalculator.net/admissions/mid-america-christian-university/,0,3,8
https://gpacalculator.net/admissions/mid-america-college-of-funeral-service/,0,3,7.67
https://gpacalculator.net/admissions/mid-continent-university/,0,3,5.67
https://gpacalculator.net/admissions/miller-motte-college-greenville/,0,3,29.67
https://gpacalculator.net/admissions/miller-motte-college-wilmington/,0,3,9
https://gpacalculator.net/admissions/minnesota-school-of-business-moorhead/,0,3,4.67
https://gpacalculator.net/admissions/minnesota-school-of-business-waite-park/,0,3,2.67
https://gpacalculator.net/admissions/mountain-view-college/,0,3,4
https://gpacalculator.net/admissions/nashua-community-college/,0,3,7.67
https://gpacalculator.net/admissions/national-american-university-bloomington/,0,3,5.67
https://gpacalculator.net/admissions/national-american-university-tulsa/,0,3,15.67
https://gpacalculator.net/admissions/new-england-college-of-business/,0,3,2.67
https://gpacalculator.net/admissions/new-river-community-college/,0,3,8.33
https://gpacalculator.net/admissions/niagara-county-community-college/,0,3,2.33
https://gpacalculator.net/admissions/north-dakota-state-college-of-science/,0,3,4.67
https://gpacalculator.net/admissions/northeast-iowa-community-college-calmar/,0,3,3.67
https://gpacalculator.net/admissions/northeast-ohio-medical-university/,0,3,7.67
https://gpacalculator.net/admissions/northeastern-junior-college/,0,3,7.33
https://gpacalculator.net/admissions/northland-college/,0,3,8
https://gpacalculator.net/admissions/northland-international-university/,0,3,4.67
https://gpacalculator.net/admissions/northland-pioneer-college/,0,3,8.67
https://gpacalculator.net/admissions/northwest-louisiana-technical-college/,0,3,6
https://gpacalculator.net/admissions/northwest-university/,0,3,6.67
https://gpacalculator.net/admissions/oak-point-university/,0,3,3
https://gpacalculator.net/admissions/oregon-college-of-art-and-craft/,0,3,6.33
https://gpacalculator.net/admissions/ottawa-university-surprise/,0,3,8.33
https://gpacalculator.net/admissions/our-lady-of-holy-cross-college/,0,3,32.67
https://gpacalculator.net/admissions/our-lady-of-the-lake-college/,0,3,5.67
https://gpacalculator.net/admissions/palo-verde-college/,0,3,9
https://gpacalculator.net/admissions/peirce-college/,0,3,7.33
https://gpacalculator.net/admissions/pennsylvania-highlands-community-college/,0,3,5
https://gpacalculator.net/admissions/pennsylvania-state-university-penn-state-fayette-eberly-campus/,0,3,8
https://gpacalculator.net/admissions/platt-college-ontario/,0,3,6.33
https://gpacalculator.net/admissions/platt-college-san-diego/,0,3,3.33
https://gpacalculator.net/admissions/presentation-college/,0,3,8
https://gpacalculator.net/admissions/prince-william-sound-community-college/,0,3,6.67
https://gpacalculator.net/admissions/red-lake-nation-college/,0,3,2.33
https://gpacalculator.net/admissions/reformed-university/,0,3,1.67
https://gpacalculator.net/admissions/richland-community-college/,0,3,7
https://gpacalculator.net/admissions/richmond-community-college/,0,3,8.67
https://gpacalculator.net/admissions/santa-barbara-business-college-ventura/,0,3,15
https://gpacalculator.net/admissions/schenectady-county-community-college/,0,3,3.33
https://gpacalculator.net/admissions/shasta-bible-college-and-graduate-school/,0,3,19.67
https://gpacalculator.net/admissions/silver-lake-college-of-the-holy-family/,0,3,4.67
https://gpacalculator.net/admissions/sinte-gleska-university/,0,3,6.67
https://gpacalculator.net/admissions/southeast-arkansas-college/,0,3,15.67
https://gpacalculator.net/admissions/southeast-technical-institute/,0,3,8
https://gpacalculator.net/admissions/southeastern-illinois-college/,0,3,4.67
https://gpacalculator.net/admissions/southern-vermont-college/,0,3,4.33
https://gpacalculator.net/admissions/southern-west-virginia-community-and-technical-college/,0,3,1.33
https://gpacalculator.net/admissions/southwest-career-college/,0,3,7.33
https://gpacalculator.net/admissions/southwestern-community-college-nc/,0,3,5.33
https://gpacalculator.net/admissions/stanly-community-college/,0,3,6.67
https://gpacalculator.net/admissions/stevens-institute-of-business-and-arts/,0,3,44.33
https://gpacalculator.net/admissions/stone-child-college/,0,3,36
https://gpacalculator.net/admissions/taylor-college/,0,3,7.33
https://gpacalculator.net/admissions/trinity-christian-college/,0,3,5.33
https://gpacalculator.net/admissions/trinity-college-of-nursing-and-health-sciences/,0,3,3
https://gpacalculator.net/admissions/truckee-meadows-community-college/,0,3,3.33
https://gpacalculator.net/admissions/trumbull-business-college/,0,3,13.33
https://gpacalculator.net/admissions/uc-law-san-francisco/,0,3,15.67
https://gpacalculator.net/admissions/ulster-county-community-college/,0,3,8
https://gpacalculator.net/admissions/united-talmudical-seminary/,0,3,7.33
https://gpacalculator.net/admissions/united-tribes-technical-college/,0,3,5
https://gpacalculator.net/admissions/university-of-arkansas-community-college-batesville/,0,3,7.67
https://gpacalculator.net/admissions/university-of-arkansas-community-college-morrilton/,0,3,7.33
https://gpacalculator.net/admissions/university-of-new-mexico-los-alamos-campus/,0,3,7.67
https://gpacalculator.net/admissions/university-of-phoenix-albuquerque-campus/,0,3,8.33
https://gpacalculator.net/admissions/university-of-phoenix-central-valley-campus/,0,3,10.67
https://gpacalculator.net/admissions/university-of-phoenix-colorado-campus/,0,3,34.33
https://gpacalculator.net/admissions/university-of-phoenix-knoxville/,0,3,46.33
https://gpacalculator.net/admissions/university-of-phoenix-shreveport-bossier/,0,3,3.33
https://gpacalculator.net/admissions/university-of-pittsburgh-titusville/,0,3,7.67
https://gpacalculator.net/admissions/urban-college-of-boston/,0,3,5.33
https://gpacalculator.net/admissions/valley-city-state-university/,0,3,6.33
https://gpacalculator.net/admissions/vatterott-college-kansas-city/,0,3,8.33
https://gpacalculator.net/admissions/vatterott-college-tulsa/,0,3,6.67
https://gpacalculator.net/admissions/virginia-college-la/,0,3,5.67
https://gpacalculator.net/admissions/w-l-bonner-college/,0,3,8.33
https://gpacalculator.net/admissions/waycross-college/,0,3,5.33
https://gpacalculator.net/admissions/wentworth-military-academy-and-junior-college/,0,3,11
https://gpacalculator.net/admissions/west-virginia-junior-college-bridgeport/,0,3,8.67
https://gpacalculator.net/admissions/western-piedmont-community-college/,0,3,6
https://gpacalculator.net/admissions/wheeling-jesuit-university/,0,3,7
https://gpacalculator.net/admissions/wytheville-community-college/,0,3,6
https://gpacalculator.net/admissions/yeshiva-dmonsey-rabbinical-college/,0,3,4
https://gpacalculator.net/admission/california-state-university-chancellors-office/,0,2,61.5
https://gpacalculator.net/admission/central-methodist-uni-college-of-graduate-studies/,0,2,8
https://gpacalculator.net/admission/devry-unis-keller-graduate-school-of-management-arizona/,0,2,72
https://gpacalculator.net/admission/devry-unis-keller-graduate-school-of-management-georgia/,0,2,7.5
https://gpacalculator.net/admission/devry-universitys-keller-graduate-school-of-management-kentucky/,0,2,28
https://gpacalculator.net/admission/franklin-university,0,2,11.5
https://gpacalculator.net/admission/globe-university%CB%86madison-west/,0,2,9.5
https://gpacalculator.net/admission/independence-university/,0,2,8
https://gpacalculator.net/admission/national-american-university-austin/,0,2,8.5
https://gpacalculator.net/admission/national-american-university-overland-park/,0,2,8
https://gpacalculator.net/admission/omaha-school-of-massage-and-healthcare-of-herzing-uni/,0,2,67.5
https://gpacalculator.net/admission/the-university-of-america/,0,2,44.5
https://gpacalculator.net/admission/university-of-maine-at-machias/,0,2,7
https://gpacalculator.net/admission/university-of-missouri-system-office/,0,2,61.5
https://gpacalculator.net/admission/university-of-phoenix-atlanta-campus/,0,2,10
https://gpacalculator.net/admission/university-of-phoenix-louisiana-campus/,0,2,11.5
https://gpacalculator.net/admission/university-of-phoenix-milwaukee-campus/,0,2,5.5
https://gpacalculator.net/admission/university-of-phoenix-north-florida-campus/,0,2,90.5
https://gpacalculator.net/admission/university-of-phoenix-wichita-campus/,0,2,9.5
https://gpacalculator.net/admissions/alderson-broaddus-college/,0,2,7
https://gpacalculator.net/admissions/america-evangelical-university/,0,2,6.5
https://gpacalculator.net/admissions/american-indian-college-of-the-assemblies-of-god-inc/,0,2,6.5
https://gpacalculator.net/admissions/american-institute-of-alternative-medicine/,0,2,2.5
https://gpacalculator.net/admissions/american-intercontinental-university-atlanta/,0,2,4
https://gpacalculator.net/admissions/ameritech-college-draper/,0,2,6.5
https://gpacalculator.net/admissions/antonelli-institute/,0,2,11.5
https://gpacalculator.net/admissions/arkansas-northeastern-college/,0,2,14.5
https://gpacalculator.net/admissions/aultman-college-of-nursing-and-health-sciences/,0,2,7.5
https://gpacalculator.net/admissions/aviation-institute-of-maintenance-chesapeake/,0,2,6
https://gpacalculator.net/admissions/baker-college-of-port-huron/,0,2,9.5
https://gpacalculator.net/admissions/belmont-technical-college/,0,2,14.5
https://gpacalculator.net/admissions/blackfeet-community-college/,0,2,3
https://gpacalculator.net/admissions/blue-cliff-college-shreveport/,0,2,1
https://gpacalculator.net/admissions/brown-mackie-college-atlanta/,0,2,7
https://gpacalculator.net/admissions/brown-mackie-college-fort-wayne/,0,2,9.5
https://gpacalculator.net/admissions/brown-mackie-college-kansas-city/,0,2,45
https://gpacalculator.net/admissions/brown-mackie-college-louisville/,0,2,18.5
https://gpacalculator.net/admissions/brown-mackie-college-michigan-city/,0,2,23.5
https://gpacalculator.net/admissions/brown-mackie-college-quad-cities/,0,2,7
https://gpacalculator.net/admissions/bryant-and-stratton-college-milwaukee/,0,2,9.5
https://gpacalculator.net/admissions/capitol-college/,0,2,7
https://gpacalculator.net/admissions/cbt-college-cutler-bay/,0,2,1
https://gpacalculator.net/admissions/central-baptist-theological-seminary/,0,2,9.5
https://gpacalculator.net/admissions/central-christian-college-of-the-bible/,0,2,4.5
https://gpacalculator.net/admissions/central-ohio-technical-college/,0,2,5.5
https://gpacalculator.net/admissions/chamberlain-college-of-nursing-arizona/,0,2,10
https://gpacalculator.net/admissions/chattanooga-college-medical-dental-and-technical-careers/,0,2,7
https://gpacalculator.net/admissions/christ-mission-college/,0,2,6.5
https://gpacalculator.net/admissions/city-college-gainesville/,0,2,5.5
https://gpacalculator.net/admissions/city-college-miami/,0,2,11
https://gpacalculator.net/admissions/cloud-county-community-college/,0,2,3
https://gpacalculator.net/admissions/coleman-university/,0,2,6
https://gpacalculator.net/admissions/college-of-the-albemarle/,0,2,10
https://gpacalculator.net/admissions/college-of-the-sequoias/,0,2,1.5
https://gpacalculator.net/admissions/colorado-technical-university-kansas-city/,0,2,6
https://gpacalculator.net/admissions/commonwealth-technical-institute/,0,2,3.5
https://gpacalculator.net/admissions/community-college-of-rhode-island/,0,2,8.5
https://gpacalculator.net/admissions/copper-mountain-community-college/,0,2,1.5
https://gpacalculator.net/admissions/cossatot-community-college-of-the-university-of-arkansas/,0,2,5.5
https://gpacalculator.net/admissions/criswell-college/,0,2,8.5
https://gpacalculator.net/admissions/crossroads-bible-college/,0,2,3
https://gpacalculator.net/admissions/danville-area-community-college/,0,2,7
https://gpacalculator.net/admissions/davis-college-oh/,0,2,6
https://gpacalculator.net/admissions/daymar-college-bowling-green/,0,2,9.5
https://gpacalculator.net/admissions/delta-school-of-business-and-technology/,0,2,22
https://gpacalculator.net/admissions/devry-university-arizona/,0,2,19
https://gpacalculator.net/admissions/devry-university-illinois/,0,2,4.5
https://gpacalculator.net/admissions/devry-university-north-carolina/,0,2,26.5
https://gpacalculator.net/admissions/east-central-college/,0,2,13
https://gpacalculator.net/admissions/east-san-gabriel-valley-regional-occupational-program/,0,2,4.5
https://gpacalculator.net/admissions/eastern-idaho-technical-college/,0,2,8.5
https://gpacalculator.net/admissions/eastern-new-mexico-university-roswell-campus/,0,2,7
https://gpacalculator.net/admissions/eastern-shore-community-college/,0,2,6.5
https://gpacalculator.net/admissions/eastern-west-virginia-community-and-technical-college/,0,2,8.5
https://gpacalculator.net/admissions/ecotech-institute/,0,2,33.5
https://gpacalculator.net/admissions/ellsworth-community-college/,0,2,6.5
https://gpacalculator.net/admissions/expression-college-for-digital-arts/,0,2,7
https://gpacalculator.net/admissions/five-branches-university/,0,2,11
https://gpacalculator.net/admissions/flathead-valley-community-college/,0,2,3
https://gpacalculator.net/admissions/fortis-college-ravenna/,0,2,1
https://gpacalculator.net/admissions/fortis-college-tampa/,0,2,7
https://gpacalculator.net/admissions/fortis-institute-pensacola/,0,2,2.5
https://gpacalculator.net/admissions/fox-college-inc/,0,2,8
https://gpacalculator.net/admissions/george-c-wallace-state-community-college-dothan/,0,2,6.5
https://gpacalculator.net/admissions/georgia-christian-university/,0,2,14.5
https://gpacalculator.net/admissions/georgia-military-college-columbus-campus/,0,2,7.5
https://gpacalculator.net/admissions/georgia-military-college-warner-robins-campus/,0,2,9.5
https://gpacalculator.net/admissions/grace-bible-college/,0,2,7.5
https://gpacalculator.net/admissions/grace-school-of-theology/,0,2,7.5
https://gpacalculator.net/admissions/great-bay-community-college/,0,2,6.5
https://gpacalculator.net/admissions/halifax-community-college/,0,2,6
https://gpacalculator.net/admissions/harrison-college-elkhart/,0,2,9.5
https://gpacalculator.net/admissions/harrison-college-evansville/,0,2,2.5
https://gpacalculator.net/admissions/holyoke-community-college/,0,2,3
https://gpacalculator.net/admissions/illinois-valley-community-college/,0,2,5
https://gpacalculator.net/admissions/island-drafting-and-technical-institute/,0,2,5
https://gpacalculator.net/admissions/jefferson-davis-community-college/,0,2,2.5
https://gpacalculator.net/admissions/jf-ingram-state-technical-college/,0,2,7.5
https://gpacalculator.net/admissions/jna-institute-of-culinary-arts/,0,2,2.5
https://gpacalculator.net/admissions/john-tyler-community-college/,0,2,6
https://gpacalculator.net/admissions/john-wood-community-college/,0,2,8.5
https://gpacalculator.net/admissions/kansas-city-university/,0,2,9.5
https://gpacalculator.net/admissions/kaplan-university-hagerstown-campus/,0,2,4
https://gpacalculator.net/admissions/kaplan-university-mason-city-campus/,0,2,6
https://gpacalculator.net/admissions/kentucky-mountain-bible-college/,0,2,11.5
https://gpacalculator.net/admissions/keweenaw-bay-ojibwa-community-college/,0,2,6.5
https://gpacalculator.net/admissions/key-college/,0,2,7.5
https://gpacalculator.net/admissions/kuyper-college/,0,2,5.5
https://gpacalculator.net/admissions/lincoln-college-of-technology-cleveland/,0,2,6.5
https://gpacalculator.net/admissions/lincoln-college-of-technology-toledo/,0,2,4
https://gpacalculator.net/admissions/lord-fairfax-community-college/,0,2,9.5
https://gpacalculator.net/admissions/louisiana-delta-community-college-monroe-campus/,0,2,12
https://gpacalculator.net/admissions/marylhurst-university/,0,2,1.5
https://gpacalculator.net/admissions/mccann-school-of-business-and-technology/,0,2,33.5
https://gpacalculator.net/admissions/mcnally-smith-college-of-music/,0,2,26
https://gpacalculator.net/admissions/medvance-institute-west-palm/,0,2,8.5
https://gpacalculator.net/admissions/methodist-university/,0,2,9
https://gpacalculator.net/admissions/metro-business-college-rolla/,0,2,3
https://gpacalculator.net/admissions/middlesex-community-college-ct/,0,2,10
https://gpacalculator.net/admissions/midstate-college/,0,2,7
https://gpacalculator.net/admissions/miller-motte-technical-college-madison/,0,2,10
https://gpacalculator.net/admissions/miller-motte-technical-college-north-charleston/,0,2,5
https://gpacalculator.net/admissions/minnesota-school-of-business-lakeville/,0,2,5
https://gpacalculator.net/admissions/minnesota-school-of-business-plymouth/,0,2,7.5
https://gpacalculator.net/admissions/mohave-community-college/,0,2,7.5
https://gpacalculator.net/admissions/mountwest-community-and-technical-college/,0,2,5
https://gpacalculator.net/admissions/national-american-university-independence/,0,2,9
https://gpacalculator.net/admissions/national-american-university-rapid-city/,0,2,6
https://gpacalculator.net/admissions/national-american-university-roseville/,0,2,16.5
https://gpacalculator.net/admissions/national-college-youngstown/,0,2,4
https://gpacalculator.net/admissions/new-mexico-state-university-alamogordo/,0,2,10.5
https://gpacalculator.net/admissions/new-mexico-state-university-carlsbad/,0,2,6.5
https://gpacalculator.net/admissions/non-traditional-campuses/,0,2,8.5
https://gpacalculator.net/admissions/north-country-community-college/,0,2,9.5
https://gpacalculator.net/admissions/north-florida-community-college/,0,2,3
https://gpacalculator.net/admissions/northcentral-technical-college/,0,2,6.5
https://gpacalculator.net/admissions/northeastern-technical-college/,0,2,7
https://gpacalculator.net/admissions/northern-maine-community-college/,0,2,7
https://gpacalculator.net/admissions/northwest-kansas-technical-college/,0,2,7.5
https://gpacalculator.net/admissions/northwest-technical-institute/,0,2,4.5
https://gpacalculator.net/admissions/northwestern-college-southwestern-campus/,0,2,14
https://gpacalculator.net/admissions/oconee-fall-line-technical-college/,0,2,3.5
https://gpacalculator.net/admissions/ohio-business-college-sandusky/,0,2,5
https://gpacalculator.net/admissions/ohio-business-college-sheffield/,0,2,4
https://gpacalculator.net/admissions/ohio-valley-college-of-technology/,0,2,1.5
https://gpacalculator.net/admissions/pennsylvania-state-university-penn-state-greater-allegheny/,0,2,6
https://gpacalculator.net/admissions/pentecostal-theological-seminary/,0,2,5.5
https://gpacalculator.net/admissions/phillips-community-college-of-the-university-of-arkansas/,0,2,16
https://gpacalculator.net/admissions/platt-college-aurora/,0,2,9
https://gpacalculator.net/admissions/polytechnic-university-of-puerto-rico-orlando/,0,2,8
https://gpacalculator.net/admissions/pontifical-college-josephinum/,0,2,5.5
https://gpacalculator.net/admissions/quinebaug-valley-community-college/,0,2,4.5
https://gpacalculator.net/admissions/rabbi-jacob-joseph-school/,0,2,4
https://gpacalculator.net/admissions/reading-area-community-college/,0,2,10
https://gpacalculator.net/admissions/redstone-college/,0,2,10
https://gpacalculator.net/admissions/remington-college-lafayette-campus/,0,2,7.5
https://gpacalculator.net/admissions/remington-college-little-rock-campus/,0,2,3
https://gpacalculator.net/admissions/research-college-of-nursing/,0,2,9.5
https://gpacalculator.net/admissions/river-valley-community-college/,0,2,3.5
https://gpacalculator.net/admissions/rosedale-bible-college/,0,2,5
https://gpacalculator.net/admissions/saint-johns-river-state-college/,0,2,8.5
https://gpacalculator.net/admissions/saint-johns-seminary/,0,2,7
https://gpacalculator.net/admissions/salem-international-university/,0,2,3.5
https://gpacalculator.net/admissions/san-diego-christian-college/,0,2,4.5
https://gpacalculator.net/admissions/san-joaquin-valley-college-fresno/,0,2,4.5
https://gpacalculator.net/admissions/seattle-community-college-central-campus/,0,2,7
https://gpacalculator.net/admissions/seattle-community-college-south-campus/,0,2,11
https://gpacalculator.net/admissions/shawnee-community-college/,0,2,8
https://gpacalculator.net/admissions/shepherds-theological-seminary/,0,2,7
https://gpacalculator.net/admissions/south-arkansas-community-college/,0,2,3
https://gpacalculator.net/admissions/south-mountain-community-college/,0,2,2.5
https://gpacalculator.net/admissions/south-puget-sound-community-college/,0,2,4.5
https://gpacalculator.net/admissions/southeastern-technical-college/,0,2,9.5
https://gpacalculator.net/admissions/stevens-henager-college-murray/,0,2,11.5
https://gpacalculator.net/admissions/sullivan-county-community-college/,0,2,5
https://gpacalculator.net/admissions/talmudic-college-of-florida/,0,2,5.5
https://gpacalculator.net/admissions/talmudical-seminary-oholei-torah/,0,2,5.5
https://gpacalculator.net/admissions/technical-school/,0,2,7
https://gpacalculator.net/admissions/texas-a-and-m-university-commerce/,0,2,8
https://gpacalculator.net/admissions/texas-a-m-university-texarkana/,0,2,4
https://gpacalculator.net/admissions/the-baptist-college-of-florida/,0,2,6
https://gpacalculator.net/admissions/the-continents-states-university/,0,2,10
https://gpacalculator.net/admissions/the-university-of-the-arts/,0,2,3
https://gpacalculator.net/admissions/thomas-more-college-of-liberal-arts/,0,2,4.5
https://gpacalculator.net/admissions/triangle-tech-inc-bethlehem/,0,2,4
https://gpacalculator.net/admissions/triangle-tech-inc-erie/,0,2,8
https://gpacalculator.net/admissions/triangle-tech-inc-pittsburgh/,0,2,2
https://gpacalculator.net/admissions/trinity-international-university-illinois/,0,2,7
https://gpacalculator.net/admissions/universal-college-of-healing-arts/,0,2,7
https://gpacalculator.net/admissions/university-of-akron-wayne-college/,0,2,4
https://gpacalculator.net/admissions/university-of-arkansas-for-medical-sciences/,0,2,8
https://gpacalculator.net/admissions/university-of-great-falls/,0,2,15.5
https://gpacalculator.net/admissions/university-of-maine-at-presque-isle/,0,2,5.5
https://gpacalculator.net/admissions/university-of-new-hampshire-at-manchester/,0,2,10
https://gpacalculator.net/admissions/university-of-phoenix-bay-area-campus/,0,2,1.5
https://gpacalculator.net/admissions/university-of-phoenix-harrisburg-campus/,0,2,1.5
https://gpacalculator.net/admissions/university-of-phoenix-memphis-campus/,0,2,9.5
https://gpacalculator.net/admissions/university-of-phoenix-metro-detroit-campus/,0,2,4
https://gpacalculator.net/admissions/university-of-phoenix-north-florida-campus/,0,2,9
https://gpacalculator.net/admissions/university-of-phoenix-northern-nevada-campus/,0,2,17.5
https://gpacalculator.net/admissions/university-of-phoenix-san-diego-campus/,0,2,2
https://gpacalculator.net/admissions/university-of-phoenix-south-florida-campus/,0,2,4
https://gpacalculator.net/admissions/university-of-phoenix-west-florida-campus/,0,2,1
https://gpacalculator.net/admissions/university-of-saint-mary-of-the-lake/,0,2,4
https://gpacalculator.net/admissions/university-of-texas-medical-branch/,0,2,23.5
https://gpacalculator.net/admissions/vatterott-college-berkeley/,0,2,7
https://gpacalculator.net/admissions/vatterott-college-saint-joseph/,0,2,17
https://gpacalculator.net/admissions/vatterott-college-springfield/,0,2,5.5
https://gpacalculator.net/admissions/vatterott-college-sunset-hills/,0,2,9
https://gpacalculator.net/admissions/vatterott-college-wichita/,0,2,17.5
https://gpacalculator.net/admissions/vermilion-community-college/,0,2,2.5
https://gpacalculator.net/admissions/virginia-college-biloxi/,0,2,12
https://gpacalculator.net/admissions/virginia-college-birmingham/,0,2,6.5
https://gpacalculator.net/admissions/virginia-college-jacksonville/,0,2,10
https://gpacalculator.net/admissions/virginia-college-montgomery/,0,2,6.5
https://gpacalculator.net/admissions/washington-state-community-college/,0,2,9
https://gpacalculator.net/admissions/western-nevada-college/,0,2,4.5
https://gpacalculator.net/admissions/yeshiva-derech-chaim/,0,2,7.5
https://gpacalculator.net/admissions/yeshiva-shaar-hatorah/,0,2,6
https://gpacalculator.net/admissions/yeshivath-viznitz/,0,2,9.5
https://gpacalculator.net/admissions/york-county-community-college/,0,2,10
https://gpacalculator.net/admission/argosy-university-tampa/,0,1,6
https://gpacalculator.net/admission/central-methodist-uni-college-of-liberal-arts-sciences/,0,1,8
https://gpacalculator.net/admission/chancellor-university/,0,1,6
https://gpacalculator.net/admission/concord-university/,0,1,51
https://gpacalculator.net/admission/devry-unis-keller-graduate-school-of-management-nevada/,0,1,4
https://gpacalculator.net/admission/devry-universitys-keller-graduate-school-of-management-pennsylvania/,0,1,7
https://gpacalculator.net/admission/devry-universitys-keller-graduate-school-of-management-washington/,0,1,6
https://gpacalculator.net/admission/national-american-university-brooklyn-center/,0,1,7
https://gpacalculator.net/admission/national-american-university-tulsa/,0,1,11
https://gpacalculator.net/admission/ohio-university-zanesville-campus/,0,1,85
https://gpacalculator.net/admission/the-uni-of-texas-health-science-center-at-san-antonio/,0,1,25
https://gpacalculator.net/admission/university-of-massachusetts-central-office/,0,1,7
https://gpacalculator.net/admission/university-of-phoenix-albuquerque-campus/,0,1,11
https://gpacalculator.net/admission/university-of-phoenix-west-michigan-campus/,0,1,10
https://gpacalculator.net/admissions/a-t-still-university/,0,1,1
https://gpacalculator.net/admissions/acadiana-technical-college-lafayette-campus/,0,1,2
https://gpacalculator.net/admissions/acupuncture-and-massage-college/,0,1,1
https://gpacalculator.net/admissions/altamaha-technical-college/,0,1,18
https://gpacalculator.net/admissions/american-islamic-college/,0,1,1
https://gpacalculator.net/admissions/american-public-university-system/,0,1,1
https://gpacalculator.net/admissions/apex-school-of-theology/,0,1,11
https://gpacalculator.net/admissions/athenaeum-of-ohio/,0,1,6
https://gpacalculator.net/admissions/baker-college-of-cadillac/,0,1,1
https://gpacalculator.net/admissions/barclay-college/,0,1,9
https://gpacalculator.net/admissions/bay-state-college/,0,1,6
https://gpacalculator.net/admissions/baylor-university/d,0,1,1
https://gpacalculator.net/admissions/beaufort-county-community-college/,0,1,5
https://gpacalculator.net/admissions/bethel-college/,0,1,6
https://gpacalculator.net/admissions/blue-cliff-college-alexandria/,0,1,11
https://gpacalculator.net/admissions/blue-cliff-college-houma/,0,1,9
https://gpacalculator.net/admissions/broadview-university-orem/,0,1,5
https://gpacalculator.net/admissions/broadview-university-west-jordan/,0,1,4
https://gpacalculator.net/admissions/brown-mackie-college-birmingham/,0,1,4
https://gpacalculator.net/admissions/brown-mackie-college-findlay/,0,1,5
https://gpacalculator.net/admissions/brown-mackie-college-salina/,0,1,3
https://gpacalculator.net/admissions/brown-mackie-college-san-antonio/,0,1,73
https://gpacalculator.net/admissions/brown-mackie-college-tucson/,0,1,13
https://gpacalculator.net/admissions/brown-mackie-college-tulsa/,0,1,6
https://gpacalculator.net/admissions/bryan-university-rogers/,0,1,8
https://gpacalculator.net/admissions/bryan-university-springfield/,0,1,6
https://gpacalculator.net/admissions/bryan-university-topeka/,0,1,7
https://gpacalculator.net/admissions/bryanlgh-college-of-health-sciences/,0,1,10
https://gpacalculator.net/admissions/bryant-and-stratton-college-cleveland/,0,1,11
https://gpacalculator.net/admissions/bryant-and-stratton-college-eastlake/,0,1,3
https://gpacalculator.net/admissions/bryant-and-stratton-college-glendale/,0,1,14
https://gpacalculator.net/admissions/bryant-and-stratton-college-parma/,0,1,5
https://gpacalculator.net/admissions/burlington-county-college/,0,1,11
https://gpacalculator.net/admissions/business-informatics-center-inc/,0,1,11
https://gpacalculator.net/admissions/california-arts-university/,0,1,12
https://gpacalculator.net/admissions/california-indian-nations-college/,0,1,7
https://gpacalculator.net/admissions/capital-community-college/,0,1,11
https://gpacalculator.net/admissions/cardinal-stritch-university/,0,1,6
https://gpacalculator.net/admissions/career-point-college-ok/,0,1,11
https://gpacalculator.net/admissions/carolina-bible-college/,0,1,10
https://gpacalculator.net/admissions/central-maine-medical-center-college-of-nursing-and-health-professions/,0,1,6
https://gpacalculator.net/admissions/centura-college-newport-news/,0,1,7
https://gpacalculator.net/admissions/centura-college-norfolk/,0,1,9
https://gpacalculator.net/admissions/centura-college-richmond-westend/,0,1,34
https://gpacalculator.net/admissions/christian-life-college/,0,1,8
https://gpacalculator.net/admissions/cogswell-college/,0,1,5
https://gpacalculator.net/admissions/college-america-cheyenne/,0,1,6
https://gpacalculator.net/admissions/college-america-denver/,0,1,10
https://gpacalculator.net/admissions/college-of-menominee-nation/,0,1,2
https://gpacalculator.net/admissions/college-of-the-muscogee-nation/,0,1,8
https://gpacalculator.net/admissions/court-reporting-institute-wheeler-institute-of-texas/,0,1,9
https://gpacalculator.net/admissions/cumberland-county-college/,0,1,11
https://gpacalculator.net/admissions/daymar-college-lancaster/,0,1,6
https://gpacalculator.net/admissions/daymar-college-online/,0,1,2
https://gpacalculator.net/admissions/des-moines-area-community-college/,0,1,11
https://gpacalculator.net/admissions/design-institute-of-san-diego/,0,1,1
https://gpacalculator.net/admissions/devry-university-utah/,0,1,29
https://gpacalculator.net/admissions/duluth-business-university/,0,1,6
https://gpacalculator.net/admissions/eastern-gateway-community-college/,0,1,1
https://gpacalculator.net/admissions/eastern-new-mexico-university-ruidoso-campus/,0,1,39
https://gpacalculator.net/admissions/ecumenical-theological-seminary/,0,1,10
https://gpacalculator.net/admissions/finlandia-university/,0,1,8
https://gpacalculator.net/admissions/florida-career-college-clearwater/,0,1,11
https://gpacalculator.net/admissions/forrest-college/,0,1,9
https://gpacalculator.net/admissions/fortis-college-centeville/,0,1,11
https://gpacalculator.net/admissions/fortis-college-cincinnati/,0,1,9
https://gpacalculator.net/admissions/fortis-college-phoenix/,0,1,10
https://gpacalculator.net/admissions/fortis-college-salt-lake-city/,0,1,10
https://gpacalculator.net/admissions/free-will-baptist-bible-college/,0,1,7
https://gpacalculator.net/admissions/gallipolis-career-college/,0,1,2
https://gpacalculator.net/admissions/globe-institute-of-technology/,0,1,98
https://gpacalculator.net/admissions/globe-university-wausau/,0,1,36
https://gpacalculator.net/admissions/golf-academy-of-america-chandler/,0,1,26
https://gpacalculator.net/admissions/grace-college-of-divinity/,0,1,6
https://gpacalculator.net/admissions/green-mountain-college/,0,1,6
https://gpacalculator.net/admissions/gwinnett-college-lilburn/,0,1,5
https://gpacalculator.net/admissions/hamilton-technical-college/,0,1,13
https://gpacalculator.net/admissions/hannibal-lagrange-university/,0,1,6
https://gpacalculator.net/admissions/harrison-college-columbus/,0,1,9
https://gpacalculator.net/admissions/harrison-college-indianapolis-east/,0,1,11
https://gpacalculator.net/admissions/harrison-college-lafayette/,0,1,7
https://gpacalculator.net/admissions/harrison-college-terre-haute/,0,1,10
https://gpacalculator.net/admissions/hebrew-theological-college/,0,1,7
https://gpacalculator.net/admissions/hibbing-community-college-a-technical-and-community-college/,0,1,5
https://gpacalculator.net/admissions/horizon-college-san-diego/,0,1,6
https://gpacalculator.net/admissions/institute-of-design-and-construction/,0,1,5
https://gpacalculator.net/admissions/institute-of-lutheran-theology/,0,1,5
https://gpacalculator.net/admissions/international-college-of-broadcasting/,0,1,4
https://gpacalculator.net/admissions/keiser-career-college-jacksonville/,0,1,1
https://gpacalculator.net/admissions/kennebec-valley-community-college/,0,1,1
https://gpacalculator.net/admissions/kilian-community-college/,0,1,1
https://gpacalculator.net/admissions/lac-courte-oreilles-ojibwa-community-college/,0,1,5
https://gpacalculator.net/admissions/lakes-region-community-college/,0,1,9
https://gpacalculator.net/admissions/lamar-state-college-orange/,0,1,11
https://gpacalculator.net/admissions/lecole-culinaire-mo/,0,1,3
https://gpacalculator.net/admissions/lincoln-college-of-new-england-hartford/,0,1,2
https://gpacalculator.net/admissions/lincoln-college-of-new-england-suffield/,0,1,10
https://gpacalculator.net/admissions/lincoln-college-of-technology-west-palm-beach/,0,1,9
https://gpacalculator.net/admissions/lon-morris-college/,0,1,27
https://gpacalculator.net/admissions/long-island-business-institute/,0,1,6
https://gpacalculator.net/admissions/macmurray-college/,0,1,10
https://gpacalculator.net/admissions/madisonville-community-college/,0,1,1
https://gpacalculator.net/admissions/martin-community-college/,0,1,10
https://gpacalculator.net/admissions/mayland-community-college/,0,1,1
https://gpacalculator.net/admissions/mccann-monroe-career-training/,0,1,10
https://gpacalculator.net/admissions/mcdowell-technical-community-college/,0,1,7
https://gpacalculator.net/admissions/medtech-college-ft-wayne-campus/,0,1,2
https://gpacalculator.net/admissions/medtech-college-greenwood-campus/,0,1,9
https://gpacalculator.net/admissions/memphis-college-of-art/,0,1,14
https://gpacalculator.net/admissions/mesabi-range-community-and-technical-college/,0,1,5
https://gpacalculator.net/admissions/mesalands-community-college/,0,1,2
https://gpacalculator.net/admissions/metropolitan-community-college-business-and-technology/,0,1,8
https://gpacalculator.net/admissions/miami-jacobs-career-college-dayton/,0,1,9
https://gpacalculator.net/admissions/miami-jacobs-career-college/,0,1,10
https://gpacalculator.net/admissions/mid-south-community-college/,0,1,7
https://gpacalculator.net/admissions/middle-georgia-college/,0,1,10
https://gpacalculator.net/admissions/minnesota-school-of-business-rochester/,0,1,1
https://gpacalculator.net/admissions/monroe-county-community-college/,0,1,10
https://gpacalculator.net/admissions/montgomery-county-community-college-west-campus/,0,1,1
https://gpacalculator.net/admissions/moultrie-technical-college/,0,1,7
https://gpacalculator.net/admissions/mount-angel-seminary/,0,1,2
https://gpacalculator.net/admissions/multnomah-university/,0,1,7
https://gpacalculator.net/admissions/national-american-university-brooklyn-center/,0,1,7
https://gpacalculator.net/admissions/national-american-university-colorado-springs-south/,0,1,5
https://gpacalculator.net/admissions/national-american-university-colorado-springs/,0,1,5
https://gpacalculator.net/admissions/national-american-university-ellsworth-afb-extension/,0,1,4
https://gpacalculator.net/admissions/national-american-university-overland-park/,0,1,12
https://gpacalculator.net/admissions/national-american-university-wichita/,0,1,10
https://gpacalculator.net/admissions/national-college-cincinnati/,0,1,5
https://gpacalculator.net/admissions/national-college-dayton/,0,1,3
https://gpacalculator.net/admissions/national-college-of-business-and-technology-nashville/,0,1,10
https://gpacalculator.net/admissions/new-hope-christian-college-or/,0,1,37
https://gpacalculator.net/admissions/new-mexico-state-university-dona-ana/,0,1,11
https://gpacalculator.net/admissions/new-mexico-state-university-grants/,0,1,11
https://gpacalculator.net/admissions/new-york-career-institute/,0,1,5
https://gpacalculator.net/admissions/north-iowa-area-community-college/,0,1,8
https://gpacalculator.net/admissions/northern-pennsylvania-regional-college/,0,1,5
https://gpacalculator.net/admissions/northwest-school-of-wooden-boat-building/,0,1,5
https://gpacalculator.net/admissions/ohio-college-of-massotherapy-inc/,0,1,9
https://gpacalculator.net/admissions/pacific-bible-college/,0,1,10
https://gpacalculator.net/admissions/pamlico-community-college/,0,1,5
https://gpacalculator.net/admissions/pennsylvania-institute-of-health-and-technology/,0,1,23
https://gpacalculator.net/admissions/pennsylvania-state-university-penn-state-dubois/,0,1,4
https://gpacalculator.net/admissions/phillips-beth-israel-school-of-nursing/,0,1,6
https://gpacalculator.net/admissions/piedmont-international-university/,0,1,11
https://gpacalculator.net/admissions/pinnacle-career-institute-lawrence/,0,1,10
https://gpacalculator.net/admissions/pinnacle-career-institute-north-kansas-city/,0,1,11
https://gpacalculator.net/admissions/pioneer-pacific-college/,0,1,6
https://gpacalculator.net/admissions/potomac-college-herndon/,0,1,11
https://gpacalculator.net/admissions/prince-institute-rocky-mountains/,0,1,9
https://gpacalculator.net/admissions/rabbinical-college-beth-shraga/,0,1,10
https://gpacalculator.net/admissions/rabbinical-college-of-chsan-sofer-new-york/,0,1,2
https://gpacalculator.net/admissions/rabbinical-seminary-of-america/,0,1,8
https://gpacalculator.net/admissions/rainy-river-community-college/,0,1,6
https://gpacalculator.net/admissions/remington-college-colorado-springs-campus/,0,1,1
https://gpacalculator.net/admissions/remington-college-fort-worth-campus/,0,1,9
https://gpacalculator.net/admissions/remington-college-knoxville/,0,1,2
https://gpacalculator.net/admissions/remington-college-mobile-campus/,0,1,8
https://gpacalculator.net/admissions/river-parishes-community-college/,0,1,10
https://gpacalculator.net/admissions/roanoke-chowan-community-college/,0,1,72
https://gpacalculator.net/admissions/saint-augustines-college/,0,1,6
https://gpacalculator.net/admissions/saint-charles-borromeo-seminary-overbrook/,0,1,5
https://gpacalculator.net/admissions/saint-josephs-college/,0,1,1
https://gpacalculator.net/admissions/saint-louis-christian-college/,0,1,48
https://gpacalculator.net/admissions/saint-louis-community-college/,0,1,8
https://gpacalculator.net/admissions/san-joaquin-valley-college-hesperia/,0,1,2
https://gpacalculator.net/admissions/san-joaquin-valley-college-online/,0,1,9
https://gpacalculator.net/admissions/san-joaquin-valley-college-rancho-cordova/,0,1,6
https://gpacalculator.net/admissions/school-of-advertising-art-inc/,0,1,4
https://gpacalculator.net/admissions/sierra-nevada-college/,0,1,9
https://gpacalculator.net/admissions/simmons-college-of-kentucky/,0,1,5
https://gpacalculator.net/admissions/sojourner-douglass-college/,0,1,4
https://gpacalculator.net/admissions/somerset-christian-college/,0,1,7
https://gpacalculator.net/admissions/south-baylo-university/,0,1,13
https://gpacalculator.net/admissions/south-central-louisiana-technical-college-young-memorial-campus/,0,1,11
https://gpacalculator.net/admissions/southwest-university-of-visual-arts-albuquerque/,0,1,69
https://gpacalculator.net/admissions/southwestern-christian-college/,0,1,10
https://gpacalculator.net/admissions/stautzenberger-college-brecksville/,0,1,2
https://gpacalculator.net/admissions/sterling-college-vt/,0,1,2
https://gpacalculator.net/admissions/stevens-henager-college-of-business-provo/,0,1,65
https://gpacalculator.net/admissions/stevens-henager-college-ogden/,0,1,6
https://gpacalculator.net/admissions/stevens-henager-college/,0,1,7
https://gpacalculator.net/admissions/sum-bible-college-and-theological-seminary/,0,1,4
https://gpacalculator.net/admissions/summit-christian-college/,0,1,1
https://gpacalculator.net/admissions/talmudical-institute-of-upstate-new-york/,0,1,1
https://gpacalculator.net/admissions/texas-a-m-university-kingsville,0,1,1
https://gpacalculator.net/admissions/texas-county-technical-college/,0,1,9
https://gpacalculator.net/admissions/the-community-college-of-baltimore-county/,0,1,2
https://gpacalculator.net/admissions/the-creative-center/,0,1,10
https://gpacalculator.net/admissions/the-national-hispanic-university/,0,1,1
https://gpacalculator.net/admissions/touro-college-los-angeles/,0,1,1
https://gpacalculator.net/admissions/tri-state-institute/,0,1,2
https://gpacalculator.net/admissions/trident-university-international/,0,1,11
https://gpacalculator.net/admissions/trinity-baptist-college/,0,1,7
https://gpacalculator.net/admissions/united-states-sports-academy/,0,1,6
https://gpacalculator.net/admissions/university-of-akron-main-campus/admission/,0,1,1
https://gpacalculator.net/admissions/university-of-arkansas-community-college-hope/,0,1,1
https://gpacalculator.net/admissions/university-of-connecticut-tri-campus/,0,1,13
https://gpacalculator.net/admissions/university-of-maine-at-machias/,0,1,5
https://gpacalculator.net/admissions/university-of-management-and-technology-the/,0,1,9
https://gpacalculator.net/admissions/university-of-new-mexico-taos-campus/,0,1,4
https://gpacalculator.net/admissions/university-of-phoenix-atlanta-campus/,0,1,2
https://gpacalculator.net/admissions/university-of-phoenix-birmingham-campus/,0,1,16
https://gpacalculator.net/admissions/university-of-phoenix-central-florida-campus/,0,1,1
https://gpacalculator.net/admissions/university-of-phoenix-charlotte-campus/,0,1,4
https://gpacalculator.net/admissions/university-of-phoenix-columbia-campus/,0,1,82
https://gpacalculator.net/admissions/university-of-phoenix-dallas-campus/,0,1,57
https://gpacalculator.net/admissions/university-of-phoenix-des-moines-campus/,0,1,2
https://gpacalculator.net/admissions/university-of-phoenix-fairfield-county-campus/,0,1,12
https://gpacalculator.net/admissions/university-of-phoenix-hawaii-campus/,0,1,11
https://gpacalculator.net/admissions/university-of-phoenix-houston-campus/,0,1,16
https://gpacalculator.net/admissions/university-of-phoenix-las-vegas-campus/,0,1,10
https://gpacalculator.net/admissions/university-of-phoenix-northwest-indiana-campus/,0,1,2
https://gpacalculator.net/admissions/university-of-phoenix-oklahoma-city-campus/,0,1,6
https://gpacalculator.net/admissions/university-of-phoenix-omaha-campus/,0,1,10
https://gpacalculator.net/admissions/university-of-phoenix-raleigh-campus/,0,1,8
https://gpacalculator.net/admissions/university-of-phoenix-st-louis-campus/,0,1,4
https://gpacalculator.net/admissions/university-of-phoenix-tulsa-campus/,0,1,5
https://gpacalculator.net/admissions/university-of-phoenix-utah-campus/,0,1,17
https://gpacalculator.net/admissions/university-of-phoenix-west-michigan-campus/,0,1,5
https://gpacalculator.net/admissions/university-of-phoenix-western-washington-campus/,0,1,7
https://gpacalculator.net/admissions/university-of-phoenix-wichita-campus/,0,1,11
https://gpacalculator.net/admissions/university-of-south-carolina-salkehatchie/,0,1,2
https://gpacalculator.net/admissions/university-of-the-sciences/,0,1,8
https://gpacalculator.net/admissions/university-of-west-los-angeles/,0,1,23
https://gpacalculator.net/admissions/valley-college-beckley/,0,1,12
https://gpacalculator.net/admissions/valley-college-princeton/,0,1,2
https://gpacalculator.net/admissions/vatterott-college-des-moines/,0,1,9
https://gpacalculator.net/admissions/vatterott-college-joplin/,0,1,26
https://gpacalculator.net/admissions/vatterott-college-quincy/,0,1,11
https://gpacalculator.net/admissions/victory-university/,0,1,11
https://gpacalculator.net/admissions/virginia-college-augusta/,0,1,2
https://gpacalculator.net/admissions/virginia-college-austin/,0,1,7
https://gpacalculator.net/admissions/virginia-college-mobile/,0,1,10
https://gpacalculator.net/admissions/virginia-college-va/,0,1,10
https://gpacalculator.net/admissions/virginia-intermont-college/,0,1,11
https://gpacalculator.net/admissions/visible-music-college/,0,1,6
https://gpacalculator.net/admissions/watkins-college-of-art-design-and-film/,0,1,3
https://gpacalculator.net/admissions/wesley-biblical-seminary/,0,1,11
https://gpacalculator.net/admissions/west-coast-ultrasound-institute/,0,1,2
https://gpacalculator.net/admissions/wichita-area-technical-college/,0,1,11
https://gpacalculator.net/admissions/william-moore-college-of-technology/,0,1,8
https://gpacalculator.net/admissions/williamsburg-technical-college/,0,1,7
https://gpacalculator.net/admissions/wright-career-college/,0,1,80
https://gpacalculator.net/admissions/yeshivah-gedolah-rabbinical-college/,0,1,2
https://gpacalculator.net/admissions/yeshivath-zichron-moshe/,0,1,8
https://gpacalculator.net/admissions/yo-san-university-of-traditional-chinese-medicine/,0,1,10
https://gpacalculator.net/admissions/zion-bible-college/,0,1,10
