unitid	kind	url	site	tier	slug
177834	admissions	http://www.atsu.edu/student-affairs/admissions	atsu.edu	C	a-t-still-university
177834	website	http://www.atsu.edu/	atsu.edu	C	a-t-still-university
180203	website	http://www.ancollege.edu/	ancollege.edu	C	aaniiih-nakoda-college
222178	admissions	http://www.acu.edu/admissions	acu.edu	B	abilene-christian-university
222178	website	http://www.acu.edu/	acu.edu	B	abilene-christian-university
138558	admissions	https://www.abac.edu/admissions/	abac.edu	B	abraham-baldwin-agricultural-college
138558	website	https://www.abac.edu/	abac.edu	B	abraham-baldwin-agricultural-college
172866	admissions	http://academycollege.edu/admissions	academycollege.edu	C	academy-college
172866	website	http://www.academycollege.edu/	academycollege.edu	C	academy-college
108232	admissions	http://www.academyart.edu/admissions	academyart.edu	C	academy-of-art-university
108232	website	http://www.academyart.edu/	academyart.edu	C	academy-of-art-university
126182	admissions	http://www.adams.edu/admissions/	adams.edu	C	adams-state-university
126182	website	http://www.adams.edu/	adams.edu	C	adams-state-university
188429	admissions	http://admissions.adelphi.edu/	adelphi.edu	B	adelphi-university
188429	website	http://www.adelphi.edu/	adelphi.edu	B	adelphi-university
142832	admissions	https://www.adler.edu/admission-aid/	adler.edu	C	adler-university
142832	website	https://www.adler.edu/	adler.edu	C	adler-university
168528	admissions	http://www.adrian.edu/admissions/	adrian.edu	B	adrian-college
168528	website	http://www.adrian.edu/	adrian.edu	B	adrian-college
231411	admissions	http://www.auto.edu/	auto.edu	B	advanced-technology-institute
231411	website	http://www.auto.edu/	auto.edu	B	advanced-technology-institute
133872	admissions	http://www.ahu.edu/admissions	ahu.edu	C	adventhealth-university
133872	website	http://www.ahu.edu/	ahu.edu	C	adventhealth-university
496399	website	https://www.acbscollege.org/	acbscollege.org	C	agape-college-of-business-and-science
138600	admissions	http://www.agnesscott.edu/admission/	agnesscott.edu	A	agnes-scott
138600	website	http://www.agnesscott.edu/	agnesscott.edu	A	agnes-scott
217615	admissions	https://www.atc.edu/Apply/Academic-Admissions	atc.edu	C	aiken-technical-college
217615	website	https://www.atc.edu/	atc.edu	C	aiken-technical-college
126207	admissions	http://www.aims.edu/admissions	aims.edu	C	aims-community-college
126207	website	http://www.aims.edu/	aims.edu	C	aims-community-college
128328	admissions	http://academyadmissions.com/	usafa.edu	B	air-force-academy
128328	website	http://www.usafa.edu/	usafa.edu	B	air-force-academy
100751	admissions	http://gobama.ua.edu/	ua.edu	A	alabama
100751	website	http://www.ua.edu/	ua.edu	A	alabama
100654	admissions	https://www.aamu.edu/admissions-aid/index.html	aamu.edu	B	alabama-a-m-university
100654	website	http://www.aamu.edu/	aamu.edu	B	alabama-a-m-university
100724	admissions	http://www.alasu.edu/admissions/index.aspx	alasu.edu	B	alabama-state-university
100724	website	http://www.alasu.edu/	alasu.edu	B	alabama-state-university
199786	admissions	https://www.alamancecc.edu/admissions/type_of_student/index.php	alamancecc.edu	C	alamance-community-college
199786	website	http://www.alamancecc.edu/	alamancecc.edu	C	alamance-community-college
102580	admissions	https://www.akbible.edu/admissions/	akbible.edu	C	alaska-bible-college
102580	website	https://www.akbible.edu/	akbible.edu	C	alaska-bible-college
102669	admissions	http://www.alaskapacific.edu/admissions/	alaskapacific.edu	B	alaska-pacific-university
102669	website	http://www.alaskapacific.edu/	alaskapacific.edu	B	alaska-pacific-university
188526	admissions	http://www.acphs.edu/Admissions	acphs.edu	B	albany-college-of-pharmacy-and-health-sciences
188526	website	http://www.acphs.edu/	acphs.edu	B	albany-college-of-pharmacy-and-health-sciences
138716	admissions	https://www.asurams.edu/admissions/	asurams.edu	C	albany-state-university
138716	website	https://www.asurams.edu/	asurams.edu	C	albany-state-university
138682	website	http://www.albanytech.edu/	albanytech.edu	C	albany-technical-college
128498	admissions	https://www.albertus.edu/undergraduate-degrees/	albertus.edu	A	albertus-magnus-college
128498	website	https://www.albertus.edu/	albertus.edu	A	albertus-magnus-college
168546	admissions	http://www.albion.edu/admission	albion.edu	A	albion-college
168546	website	http://www.albion.edu/	albion.edu	A	albion-college
132842	admissions	https://www.albizu.edu/admissions/miami	albizu.edu	B	albizu-university-miami
132842	website	https://www.albizu.edu/	albizu.edu	B	albizu-university-miami
210571	admissions	http://www.albright.edu/admission-aid/	albright.edu	B	albright-college
210571	website	http://www.albright.edu/home/	albright.edu	B	albright-college
175342	admissions	http://www.alcorn.edu/admissions	alcorn.edu	B	alcorn-state-university
175342	website	http://www.alcorn.edu/	alcorn.edu	B	alcorn-state-university
172918	admissions	http://www.alextech.edu/admissions	alextech.edu	C	alexandria-technical-and-community-college
172918	website	http://www.alextech.edu/	alextech.edu	C	alexandria-technical-and-community-college
188641	admissions	http://www.alfred.edu/admissions/	alfred.edu	B	alfred-university
188641	website	http://www.alfred.edu/	alfred.edu	B	alfred-university
156189	admissions	https://www.alc.edu/admissions/	alc.edu	B	alice-lloyd-college
156189	website	http://www.alc.edu/	alc.edu	B	alice-lloyd-college
108807	admissions	http://www.hancockcollege.edu/admissions/index.php	hancockcollege.edu	C	allan-hancock-college
108807	website	http://www.hancockcollege.edu/	hancockcollege.edu	C	allan-hancock-college
161688	admissions	http://www.allegany.edu/admissions/	allegany.edu	C	allegany-college-of-maryland
161688	website	http://www.allegany.edu/	allegany.edu	C	allegany-college-of-maryland
210669	admissions	https://sites.allegheny.edu/admissions/	allegheny.edu	A	allegheny-college
210669	website	https://allegheny.edu/	allegheny.edu	A	allegheny-college
200873	admissions	http://awc.edu/	awc.edu	C	allegheny-wesleyan-college
200873	website	http://awc.edu/	awc.edu	C	allegheny-wesleyan-college
152798	admissions	http://www.allencollege.edu/future-students.aspx	allencollege.edu	C	allen-college
152798	website	http://www.allencollege.edu/	allencollege.edu	C	allen-college
154642	admissions	https://www.allencc.edu/admissions-financial-aid/admissions	allencc.edu	C	allen-county-community-college
154642	website	https://www.allencc.edu/	allencc.edu	C	allen-county-community-college
217624	admissions	https://www.allenuniversity.edu/admissions/	allenuniversity.edu	B	allen-university
217624	website	https://www.allenuniversity.edu/	allenuniversity.edu	B	allen-university
110468	admissions	https://www.alliant.edu/admissions/	alliant.edu	C	alliant-international-university
110468	website	https://www.alliant.edu/	alliant.edu	C	alliant-international-university
168591	admissions	http://www.alma.edu/admissions/	alma.edu	B	alma-college
168591	website	http://www.alma.edu/	alma.edu	B	alma-college
168607	admissions	http://www.alpenacc.edu/	alpenacc.edu	C	alpena-community-college
168607	website	http://www.alpenacc.edu/	alpenacc.edu	C	alpena-community-college
210775	admissions	https://www.alvernia.edu/admissions-aid	alvernia.edu	B	alvernia-university
210775	website	https://www.alvernia.edu/	alvernia.edu	B	alvernia-university
238193	admissions	https://www.alverno.edu/High-School-Admisisons	alverno.edu	B	alverno-college
238193	website	https://www.alverno.edu/	alverno.edu	B	alverno-college
222567	admissions	http://www.alvincollege.edu/admissions/	alvincollege.edu	C	alvin-community-college
222567	website	http://www.alvincollege.edu/	alvincollege.edu	C	alvin-community-college
222576	admissions	https://www.actx.edu/admission/	actx.edu	C	amarillo-college
222576	website	https://www.actx.edu/	actx.edu	C	amarillo-college
222628	admissions	http://www.amberton.edu/	amberton.edu	C	amberton-university
222628	website	http://www.amberton.edu/	amberton.edu	C	amberton-university
490081	admissions	http://www.aeu.edu/	aeu.edu	C	america-evangelical-university
490081	website	http://www.aeu.edu/	aeu.edu	C	america-evangelical-university
188687	website	http://www.funeraleducation.org/	funeraleducation.org	C	american-academy-mcallister-institute-of-funeral-service
188678	admissions	http://www.aada.edu/admissions/introduction.html	aada.edu	B	american-academy-of-dramatic-arts-new-york
188678	website	http://www.aada.edu/	aada.edu	B	american-academy-of-dramatic-arts-new-york
219505	admissions	http://www.abcnash.edu/	abcnash.edu	C	american-baptist-college
219505	website	http://www.abcnash.edu/	abcnash.edu	C	american-baptist-college
210809	admissions	https://www.theamericancollege.edu/enrollment/select	theamericancollege.edu	C	american-college-of-financial-services
210809	website	https://www.theamericancollege.edu/	theamericancollege.edu	C	american-college-of-financial-services
441636	admissions	http://www.aiam.edu/	aiam.edu	B	american-institute-of-alternative-medicine
441636	website	http://www.aiam.edu/	aiam.edu	B	american-institute-of-alternative-medicine
438586	admissions	http://www.aiuniv.edu/admissions-financial-aid/admissions/campus	aiuniv.edu	C	american-intercontinental-university-atlanta
438586	website	http://www.aiuniv.edu/online-campus/campus-locations/atlanta	aiuniv.edu	C	american-intercontinental-university-atlanta
445133	admissions	http://www.aiuniv.edu/admissions-financial-aid/admissions/campus	aiuniv.edu	C	american-intercontinental-university-houston
445133	website	http://www.aiuniv.edu/online-campus/campus-locations/houston	aiuniv.edu	C	american-intercontinental-university-houston
445027	admissions	https://www.aius.education/about-aius/institutions	aius.education	C	american-intercontinental-university-online
445027	website	https://www.aius.education/	aius.education	C	american-intercontinental-university-online
164447	admissions	http://www.aic.edu/admissions/	aic.edu	B	american-international-college
164447	website	http://www.aic.edu/	aic.edu	B	american-international-college
142957	admissions	http://aicusa.edu/admissions	aicusa.edu	B	american-islamic-college
142957	website	http://aicusa.edu/	aicusa.edu	B	american-islamic-college
116846	admissions	http://www.college.aju.edu/undergraduate/admissions/	aju.edu	C	american-jewish-university
116846	website	http://www.aju.edu/	aju.edu	C	american-jewish-university
188854	admissions	http://www.amda.edu/	amda.edu	B	american-musical-and-dramatic-academy
188854	website	http://www.amda.edu/	amda.edu	B	american-musical-and-dramatic-academy
232797	admissions	https://www.an.edu/admissions/	an.edu	C	american-national-university
232797	website	https://www.an.edu/locations/	an.edu	C	american-national-university
449339	admissions	https://www.apu.apus.edu/admissions/	apus.edu	C	american-public-university-system
449339	website	https://www.apus.edu/	apus.edu	C	american-public-university-system
109208	admissions	https://www.arc.losrios.edu/admissions	losrios.edu	C	american-river-college
109208	website	https://www.arc.losrios.edu/	losrios.edu	C	american-river-college
131159	admissions	http://www.american.edu/admissions/	american.edu	B	american-university
131159	website	http://www.american.edu/	american.edu	B	american-university
433004	admissions	https://www.auhs.edu/admissions/	auhs.edu	B	american-university-of-health-sciences
433004	website	https://www.auhs.edu/	auhs.edu	B	american-university-of-health-sciences
164465	admissions	http://www.amherst.edu/admission/	amherst.edu	B	amherst
164465	website	http://www.amherst.edu/	amherst.edu	B	amherst
100690	admissions	https://www.amridgeuniversity.edu/admissions/	amridgeuniversity.edu	C	amridge-university
100690	website	https://www.amridgeuniversity.edu/	amridgeuniversity.edu	C	amridge-university
483595	admissions	http://www.agmu.edu/en/content/admission-requirements	agmu.edu	C	ana-g-mendez-university
483595	website	http://www.agmu.edu/	agmu.edu	C	ana-g-mendez-university
150066	admissions	https://anderson.edu/entry	anderson.edu	B	anderson-university
150066	website	https://anderson.edu/	anderson.edu	B	anderson-university
217633	admissions	https://andersonuniversity.edu/admission-enrollment/	andersonuniversity.edu	B	anderson-university-sc
217633	website	https://www.andersonuniversity.edu/	andersonuniversity.edu	B	anderson-university-sc
138761	admissions	http://www.andrewcollege.edu/admission/	andrewcollege.edu	B	andrew-college
138761	website	http://www.andrewcollege.edu/	andrewcollege.edu	B	andrew-college
168740	admissions	https://www.andrews.edu/admissions/	andrews.edu	B	andrews-university
168740	website	https://www.andrews.edu/	andrews.edu	B	andrews-university
222822	admissions	http://www.angelina.edu/admissions	angelina.edu	C	angelina-college
222822	website	http://www.angelina.edu/	angelina.edu	C	angelina-college
222831	admissions	http://www.angelo.edu/dept/admissions/	angelo.edu	B	angelo-state-university
222831	website	http://www.angelo.edu/	angelo.edu	B	angelo-state-university
164492	admissions	http://www.annamaria.edu/admission/	annamaria.edu	B	anna-maria-college
164492	website	http://www.annamaria.edu/	annamaria.edu	B	anna-maria-college
161767	admissions	http://www.aacc.edu/about/administrative-offices/admissions/	aacc.edu	C	anne-arundel-community-college
161767	website	http://www.aacc.edu/	aacc.edu	C	anne-arundel-community-college
172963	admissions	http://www.anokaramsey.edu/admissions/	anokaramsey.edu	C	anoka-ramsey-community-college
172963	website	http://www.anokaramsey.edu/	anokaramsey.edu	C	anoka-ramsey-community-college
172954	admissions	http://www.anokatech.edu/admissions/	anokatech.edu	C	anoka-technical-college
172954	website	http://www.anokatech.edu/	anokatech.edu	C	anoka-technical-college
109350	admissions	http://www.avc.edu/studentservices/adminrec/	avc.edu	C	antelope-valley-college
109350	website	http://www.avc.edu/	avc.edu	C	antelope-valley-college
483018	admissions	http://antiochcollege.edu/admission	antiochcollege.edu	B	antioch-college
483018	website	http://antiochcollege.edu/	antiochcollege.edu	B	antioch-college
245892	admissions	http://www.antioch.edu/admission-aid/admissions/	antioch.edu	C	antioch-university
245892	website	http://www.antioch.edu/	antioch.edu	C	antioch-university
245838	admissions	http://www.antiochla.edu/admissions	antiochla.edu	C	antioch-university-los-angeles
245838	website	http://www.antiochla.edu/	antiochla.edu	C	antioch-university-los-angeles
245847	admissions	http://www.antiochsb.edu/admissions/contact-admissions/	antiochsb.edu	C	antioch-university-santa-barbara
245847	website	http://www.antiochsb.edu/	antiochsb.edu	C	antioch-university-santa-barbara
245883	admissions	http://www.antiochseattle.edu/admissions/	antiochseattle.edu	C	antioch-university-seattle
245883	website	http://www.antiochseattle.edu/	antiochseattle.edu	C	antioch-university-seattle
237136	admissions	https://abc.edu/undergraduate/admissions/	abc.edu	B	appalachian-bible-college
237136	website	https://abc.edu/	abc.edu	B	appalachian-bible-college
197869	admissions	https://www.appstate.edu/admissions/	appstate.edu	B	appalachian-state
197869	website	https://www.appstate.edu/	appstate.edu	B	appalachian-state
168786	admissions	https://www.aquinas.edu/undergraduate-admissions	aquinas.edu	A	aquinas-college-mi
168786	website	https://www.aquinas.edu/	aquinas.edu	A	aquinas-college-mi
126289	admissions	http://www.arapahoe.edu/admissions	arapahoe.edu	C	arapahoe-community-college
126289	website	http://www.arapahoe.edu/	arapahoe.edu	C	arapahoe-community-college
211088	admissions	https://www.arcadia.edu/admissions/	arcadia.edu	A	arcadia-university
211088	website	https://www.arcadia.edu/	arcadia.edu	A	arcadia-university
105899	admissions	https://arizonachristian.edu/admissions/	arizonachristian.edu	B	arizona-christian-university
105899	website	https://arizonachristian.edu/	arizonachristian.edu	B	arizona-christian-university
104151	admissions	https://admission.asu.edu/contact	asu.edu	B	arizona-state-university
104151	website	http://www.asu.edu/	asu.edu	B	arizona-state-university
104160	admissions	https://www.azwestern.edu/admissions	azwestern.edu	C	arizona-western-college
104160	website	https://www.azwestern.edu/	azwestern.edu	C	arizona-western-college
106306	admissions	https://www.arkansasbaptist.edu/admissions/	arkansasbaptist.edu	C	arkansas-baptist-college
106306	website	https://www.arkansasbaptist.edu/	arkansasbaptist.edu	C	arkansas-baptist-college
107327	admissions	http://www.anc.edu/	anc.edu	C	arkansas-northeastern-college
107327	website	http://www.anc.edu/	anc.edu	C	arkansas-northeastern-college
106449	admissions	http://www.asub.edu/admissions/	asub.edu	C	arkansas-state-university-beebe
106449	website	http://www.asub.edu/	asub.edu	C	arkansas-state-university-beebe
106458	admissions	http://www.astate.edu/admissions	astate.edu	B	arkansas-state-university-main-campus
106458	website	http://www.astate.edu/	astate.edu	B	arkansas-state-university-main-campus
107318	website	http://www.asumidsouth.edu/	asumidsouth.edu	C	arkansas-state-university-mid-south
420538	admissions	https://asumh.edu/pages/main/295/admissions/	asumh.edu	C	arkansas-state-university-mountain-home
420538	website	http://www.asumh.edu/	asumh.edu	C	arkansas-state-university-mountain-home
440402	admissions	https://www.asun.edu/getstarted	asun.edu	C	arkansas-state-university-newport
440402	website	https://www.asun.edu/	asun.edu	C	arkansas-state-university-newport
107521	admissions	https://www.asutr.edu/page/admissions	asutr.edu	C	arkansas-state-university-three-rivers
107521	website	http://www.asutr.edu/	asutr.edu	C	arkansas-state-university-three-rivers
106467	admissions	https://www.atu.edu/admissions/	atu.edu	B	arkansas-tech-university
106467	website	https://www.atu.edu/	atu.edu	B	arkansas-tech-university
222877	admissions	https://abu.edu/admissions	abu.edu	C	arlington-baptist-university
222877	website	https://abu.edu/	abu.edu	C	arlington-baptist-university
201061	admissions	https://www.artacademy.edu/admissions/	artacademy.edu	B	art-academy-of-cincinnati
201061	website	https://www.artacademy.edu/	artacademy.edu	B	art-academy-of-cincinnati
109651	admissions	http://www.artcenter.edu/admissions/overview.html	artcenter.edu	B	art-center-college-of-design
109651	website	http://www.artcenter.edu/	artcenter.edu	B	art-center-college-of-design
156213	admissions	https://www.asbury.edu/admissions-aid/	asbury.edu	B	asbury-university
156213	website	https://www.asbury.edu/	asbury.edu	B	asbury-university
197887	admissions	http://www.abtech.edu/admissions/admissions-overview	abtech.edu	C	asheville-buncombe-technical-community-college
197887	website	http://www.abtech.edu/	abtech.edu	C	asheville-buncombe-technical-community-college
156231	admissions	https://ashland.kctcs.edu/admissions	kctcs.edu	C	ashland-community-and-technical-college
156231	website	https://ashland.kctcs.edu/	kctcs.edu	C	ashland-community-and-technical-college
201104	admissions	https://www.ashland.edu/admissions	ashland.edu	A	ashland-university
201104	website	https://www.ashland.edu/	ashland.edu	A	ashland-university
214023	admissions	https://aspiracitycollege.edu/admissions/	aspiracitycollege.edu	B	aspira-city-college
214023	website	https://aspiracitycollege.edu/	aspiracitycollege.edu	B	aspira-city-college
164562	admissions	https://www.assumption.edu/admissions-financial-aid/undergraduate-admissions-and-financial-aid	assumption.edu	B	assumption-university
164562	website	https://www.assumption.edu/	assumption.edu	B	assumption-university
447935	website	http://www.ata.edu/	ata.edu	C	ata-college
201140	admissions	https://www.athenaeum.edu/school-of-theology/apply-and-enroll/	athenaeum.edu	C	athenaeum-of-ohio
201140	website	https://www.athenaeum.edu/	athenaeum.edu	C	athenaeum-of-ohio
100812	admissions	https://www.athens.edu/admissions/	athens.edu	C	athens-state-university
100812	website	https://www.athens.edu/	athens.edu	C	athens-state-university
246813	admissions	http://www.athenstech.edu/apply-now/	athenstech.edu	C	athens-technical-college
246813	website	http://www.athenstech.edu/	athenstech.edu	C	athens-technical-college
138901	admissions	https://www.atlm.edu/students/admissions.aspx	atlm.edu	C	atlanta-metropolitan-college
138901	website	https://www.atlm.edu/	atlm.edu	C	atlanta-metropolitan-college
138840	admissions	https://atlantatech.edu/welcome-to-enrollment-services/	atlantatech.edu	C	atlanta-technical-college
138840	website	https://atlantatech.edu/	atlantatech.edu	C	atlanta-technical-college
183655	admissions	http://atlanticcape.edu/admission/index.php	atlanticcape.edu	C	atlantic-cape-community-college
183655	website	http://atlanticcape.edu/	atlanticcape.edu	C	atlantic-cape-community-college
100858	admissions	http://www.auburn.edu/admissions/	auburn.edu	B	auburn
100858	website	http://www.auburn.edu/	auburn.edu	B	auburn
100830	admissions	http://www.aum.edu/admissions	aum.edu	A	auburn-university-at-montgomery
100830	website	http://www.aum.edu/	aum.edu	A	auburn-university-at-montgomery
173045	admissions	http://www.augsburg.edu/firstyear	augsburg.edu	B	augsburg-university
173045	website	http://www.augsburg.edu/	augsburg.edu	B	augsburg-university
138956	admissions	https://www.augustatech.edu/admissions-and-registration/admissions.cms	augustatech.edu	C	augusta-technical-college
138956	website	https://www.augustatech.edu/	augustatech.edu	C	augusta-technical-college
482149	admissions	http://www.augusta.edu/admissions	augusta.edu	B	augusta-university
482149	website	http://www.augusta.edu/	augusta.edu	B	augusta-university
219000	admissions	http://www.augie.edu/admission	augie.edu	A	augustana
219000	website	http://www.augie.edu/	augie.edu	A	augustana
143084	admissions	http://www.augustana.edu/admissions	augustana.edu	A	augustana-college
143084	website	http://www.augustana.edu/	augustana.edu	A	augustana-college
201177	admissions	https://www.aultmancollege.edu/admissions	aultmancollege.edu	B	aultman-college-of-nursing-and-health-sciences
201177	website	https://www.aultmancollege.edu/	aultmancollege.edu	B	aultman-college-of-nursing-and-health-sciences
143118	admissions	https://aurora.edu/admission	aurora.edu	A	aurora-university
143118	website	https://aurora.edu/	aurora.edu	A	aurora-university
222983	admissions	https://www.austincollege.edu/admission	austincollege.edu	B	austin-college
222983	website	http://www.austincollege.edu/	austincollege.edu	B	austin-college
222992	admissions	http://www.austincc.edu/admissions	austincc.edu	C	austin-community-college-district
222992	website	http://www.austincc.edu/	austincc.edu	C	austin-community-college-district
219602	admissions	http://www.apsu.edu/admissions	apsu.edu	A	austin-peay-state-university
219602	website	http://www.apsu.edu/	apsu.edu	A	austin-peay-state-university
446048	admissions	http://www.avemaria.edu/admissions/	avemaria.edu	B	ave-maria-university
446048	website	http://www.avemaria.edu/	avemaria.edu	B	ave-maria-university
231420	admissions	https://admissions.averett.edu/	averett.edu	B	averett-university
231420	website	https://www.averett.edu/	averett.edu	B	averett-university
445762	admissions	https://aviationmaintenance.edu/	aviationmaintenance.edu	C	aviation-institute-of-maintenance-manassas
445762	website	https://aviationmaintenance.edu/campuses/nova	aviationmaintenance.edu	C	aviation-institute-of-maintenance-manassas
427973	admissions	https://aviationmaintenance.edu/	aviationmaintenance.edu	C	aviation-institute-of-maintenance-norfolk
427973	website	https://aviationmaintenance.edu/campuses/norfolk-va	aviationmaintenance.edu	C	aviation-institute-of-maintenance-norfolk
447847	admissions	http://www.aviator.edu/admissions-requirements	aviator.edu	C	aviator-college-of-aeronautical-science-and-technology
447847	website	http://www.aviator.edu/	aviator.edu	C	aviator-college-of-aeronautical-science-and-technology
176628	admissions	https://www.avila.edu/admissions/	avila.edu	B	avila-university
176628	website	https://www.avila.edu/	avila.edu	B	avila-university
109785	admissions	http://www.apu.edu/admissions/	apu.edu	B	azusa-pacific-university
109785	website	http://www.apu.edu/	apu.edu	B	azusa-pacific-university
164580	admissions	http://www.babson.edu/undergraduate/admission/	babson.edu	B	babson
164580	website	http://www.babson.edu/	babson.edu	B	babson
245777	admissions	http://baismedroshelyon.com/	baismedroshelyon.com	B	bais-medrash-elyon
245777	website	http://baismedroshelyon.com/	baismedroshelyon.com	B	bais-medrash-elyon
449658	website	http://www.bmtc.edu/	bmtc.edu	B	bais-medrash-toras-chesed
168847	admissions	http://www.baker.edu/admissions-and-aid/admissions/	baker.edu	B	baker-college
168847	website	http://www.baker.edu/	baker.edu	B	baker-college
154688	admissions	https://www.bakeru.edu/apply/	bakeru.edu	B	baker-university
154688	website	https://www.bakeru.edu/	bakeru.edu	B	baker-university
109819	admissions	https://www.bakersfieldcollege.edu/services-and-resources/admissions/index.html	bakersfieldcollege.edu	C	bakersfield-college
109819	website	https://www.bakersfieldcollege.edu/	bakersfieldcollege.edu	C	bakersfield-college
420705	admissions	https://www.bgu.edu/?s=admissions	bgu.edu	C	bakke-graduate-university
420705	website	https://www.bgu.edu/	bgu.edu	C	bakke-graduate-university
201195	admissions	https://www.bw.edu/admission/	bw.edu	A	baldwin-wallace-university
201195	website	https://www.bw.edu/	bw.edu	A	baldwin-wallace-university
150136	admissions	https://www.bsu.edu/web/admissions/	bsu.edu	B	ball-state-university
150136	website	https://www.bsu.edu/	bsu.edu	B	ball-state-university
161864	admissions	http://www.bccc.edu/admissions	bccc.edu	C	baltimore-city-community-college
161864	website	http://www.bccc.edu/	bccc.edu	C	baltimore-city-community-college
219639	admissions	http://www.baptistu.edu/admissions	baptistu.edu	B	baptist-health-sciences-university
219639	website	http://www.baptistu.edu/	baptistu.edu	B	baptist-health-sciences-university
223117	website	http://www.bmats.edu/	bmats.edu	B	baptist-missionary-association-theological-seminary
132408	website	http://www.buf.edu/	buf.edu	B	baptist-university-of-florida
444398	admissions	http://www.bua.edu/en/admissions/	bua.edu	C	baptist-university-of-the-americas
444398	website	http://www.bua.edu/	bua.edu	C	baptist-university-of-the-americas
155070	admissions	http://www.barclaycollege.edu/admissions/	barclaycollege.edu	B	barclay-college
155070	website	http://www.barclaycollege.edu/	barclaycollege.edu	B	barclay-college
189088	admissions	http://www.bard.edu/admission/	bard.edu	B	bard-college
189088	website	http://www.bard.edu/	bard.edu	B	bard-college
167792	admissions	http://www.simons-rock.edu/admission	simons-rock.edu	B	bard-college-at-simons-rock
167792	website	http://www.simons-rock.edu/	simons-rock.edu	B	bard-college-at-simons-rock
189097	admissions	http://admissions.barnard.edu/	barnard.edu	B	barnard
189097	website	http://www.barnard.edu/	barnard.edu	B	barnard
132471	admissions	http://www.barry.edu/future-students/	barry.edu	B	barry-university
132471	website	http://www.barry.edu/	barry.edu	B	barry-university
109907	admissions	http://www.barstow.edu/Admission-and-Records.html	barstow.edu	C	barstow-community-college
109907	website	http://www.barstow.edu/	barstow.edu	C	barstow-community-college
197911	admissions	https://www.barton.edu/admissions/	barton.edu	B	barton-college
197911	website	https://www.barton.edu/	barton.edu	B	barton-college
154697	admissions	https://bartonccc.edu/admission	bartonccc.edu	C	barton-county-community-college
154697	website	https://www.bartonccc.edu/	bartonccc.edu	C	barton-county-community-college
235547	admissions	http://www.bastyr.edu/admissions/	bastyr.edu	C	bastyr-university
235547	website	http://www.bastyr.edu/	bastyr.edu	C	bastyr-university
160977	admissions	http://www.bates.edu/admission/	bates.edu	B	bates-college
160977	website	http://www.bates.edu/	bates.edu	B	bates-college
235671	admissions	https://www.batestech.edu/getting-started/	batestech.edu	C	bates-technical-college
235671	website	https://www.batestech.edu/	batestech.edu	C	bates-technical-college
437103	admissions	http://www.mybrcc.edu/enrollment/index.php	mybrcc.edu	C	baton-rouge-community-college
437103	website	http://www.mybrcc.edu/	mybrcc.edu	C	baton-rouge-community-college
168883	admissions	https://www.baycollege.edu/admissions/index.php	baycollege.edu	C	bay-de-noc-community-college
168883	website	https://www.baycollege.edu/	baycollege.edu	C	bay-de-noc-community-college
380359	admissions	https://bmcc.edu/admissions/index.html	bmcc.edu	C	bay-mills-community-college
380359	website	http://bmcc.edu/	bmcc.edu	C	bay-mills-community-college
164632	admissions	http://www.baypath.edu/admissions-aid/	baypath.edu	B	bay-path-university
164632	website	http://www.baypath.edu/	baypath.edu	B	bay-path-university
223232	admissions	http://admissions.web.baylor.edu/	baylor.edu	B	baylor-university
223232	website	http://www.baylor.edu/	baylor.edu	B	baylor-university
384254	admissions	https://www.beaconcollege.edu/admissions/	beaconcollege.edu	B	beacon-college
384254	website	https://www.beaconcollege.edu/	beaconcollege.edu	B	beacon-college
197966	admissions	http://www.beaufortccc.edu/admissions	beaufortccc.edu	C	beaufort-county-community-college
197966	website	http://www.beaufortccc.edu/	beaufortccc.edu	C	beaufort-county-community-college
247065	admissions	http://www.beckfield.edu/admissions-financial-aid/admissions/	beckfield.edu	C	beckfield-college-florence
247065	website	http://www.beckfield.edu/	beckfield.edu	C	beckfield-college-florence
444413	website	http://www.heichaldovid.org/	heichaldovid.org	B	beis-medrash-heichal-dovid
126359	admissions	http://www.belrea.edu/	belrea.edu	C	bel-rea-institute-of-animal-technology
126359	website	http://www.belrea.edu/	belrea.edu	C	bel-rea-institute-of-animal-technology
190956	admissions	http://www.ellismedicine.org/school-of-nursing/admissions-introduction.aspx	ellismedicine.org	C	belanger-school-of-nursing
190956	website	http://www.ellismedicine.org/school-of-nursing/	ellismedicine.org	C	belanger-school-of-nursing
175421	admissions	https://www.belhaven.edu/admission/	belhaven.edu	B	belhaven-university
175421	website	https://www.belhaven.edu/	belhaven.edu	B	belhaven-university
156286	admissions	https://www.bellarmine.edu/admissions/	bellarmine.edu	B	bellarmine-university
156286	website	https://www.bellarmine.edu/	bellarmine.edu	B	bellarmine-university
234669	admissions	https://bellevuecollege.edu/admissions-aid/	bellevuecollege.edu	C	bellevue-college
234669	website	https://bellevuecollege.edu/	bellevuecollege.edu	C	bellevue-college
180814	admissions	https://www.bellevue.edu/admissions-tuition/admission-requirements/	bellevue.edu	C	bellevue-university
180814	website	https://www.bellevue.edu/	bellevue.edu	C	bellevue-university
238324	admissions	https://www.bellincollege.edu/admissions	bellincollege.edu	B	bellin-college
238324	website	https://www.bellincollege.edu/	bellincollege.edu	B	bellin-college
234696	admissions	https://www.btc.edu/Admissions	btc.edu	C	bellingham-technical-college
234696	website	https://www.btc.edu/	btc.edu	C	bellingham-technical-college
219709	admissions	https://www.belmont.edu/admissions/	belmont.edu	A	belmont
219709	website	https://www.belmont.edu/	belmont.edu	A	belmont
197984	admissions	http://belmontabbeycollege.edu/admissions/	belmontabbeycollege.edu	B	belmont-abbey-college
197984	website	http://www.belmontabbeycollege.edu/	belmontabbeycollege.edu	B	belmont-abbey-college
201283	admissions	http://www.belmontcollege.edu/admissions-and-aid/	belmontcollege.edu	C	belmont-college
201283	website	http://www.belmontcollege.edu/	belmontcollege.edu	C	belmont-college
238333	admissions	http://www.beloit.edu/admission	beloit.edu	A	beloit-college
238333	website	http://www.beloit.edu/	beloit.edu	A	beloit-college
173124	admissions	https://www.bemidjistate.edu/admissions/	bemidjistate.edu	B	bemidji-state-university
173124	website	https://www.bemidjistate.edu/	bemidjistate.edu	B	bemidji-state-university
217721	admissions	https://www.benedict.edu/office-of-admissions-and-recruitment/	benedict.edu	B	benedict-college
217721	website	http://www.benedict.edu/	benedict.edu	B	benedict-college
154712	admissions	http://www.benedictine.edu/apply	benedictine.edu	B	benedictine-college
154712	website	http://www.benedictine.edu/	benedictine.edu	B	benedictine-college
145619	admissions	https://ben.edu/admissions/	ben.edu	B	benedictine-university
145619	website	https://ben.edu/	ben.edu	B	benedictine-university
165884	admissions	http://www.bfit.edu/admissions	bfit.edu	C	benjamin-franklin-institute-of-technology
165884	website	http://www.bfit.edu/	bfit.edu	C	benjamin-franklin-institute-of-technology
197993	admissions	https://www.bennett.edu/admissions/	bennett.edu	B	bennett-college
197993	website	https://www.bennett.edu/	bennett.edu	B	bennett-college
230816	admissions	https://www.bennington.edu/admissions-and-financial-aid	bennington.edu	A	bennington-college
230816	website	https://www.bennington.edu/	bennington.edu	A	bennington-college
164739	admissions	http://www.bentley.edu/undergraduate	bentley.edu	B	bentley-university
164739	website	http://www.bentley.edu/	bentley.edu	B	bentley-university
156295	admissions	https://www.berea.edu/admissions/	berea.edu	B	berea-college
156295	website	https://www.berea.edu/	berea.edu	B	berea-college
183743	admissions	https://www.bergen.edu/new-students	bergen.edu	C	bergen-community-college
183743	website	https://www.bergen.edu/	bergen.edu	C	bergen-community-college
125170	admissions	http://www.berkeleycitycollege.edu/admissions	berkeleycitycollege.edu	C	berkeley-city-college
125170	website	http://www.berkeleycitycollege.edu/	berkeleycitycollege.edu	C	berkeley-city-college
189228	admissions	https://berkeleycollege.edu/admissions/index.html	berkeleycollege.edu	C	berkeley-college-new-york
189228	website	https://berkeleycollege.edu/	berkeleycollege.edu	C	berkeley-college-new-york
183789	admissions	https://berkeleycollege.edu/admissions/index.html	berkeleycollege.edu	C	berkeley-college-woodland-park
183789	website	https://berkeleycollege.edu/	berkeleycollege.edu	C	berkeley-college-woodland-park
108861	admissions	http://www.bst.edu/?s=Admissions	bst.edu	B	berkeley-school-of-theology
108861	website	http://www.bst.edu/	bst.edu	B	berkeley-school-of-theology
164748	admissions	http://www.berklee.edu/admissions/	berklee.edu	B	berklee-college-of-music
164748	website	http://www.berklee.edu/	berklee.edu	B	berklee-college-of-music
213534	admissions	https://www.berks.edu/admissions/	berks.edu	C	berks-technical-institute
213534	website	https://www.berks.edu/	berks.edu	C	berks-technical-institute
164775	admissions	http://www.berkshirecc.edu/admissions/admissions.php	berkshirecc.edu	C	berkshire-community-college
164775	website	http://www.berkshirecc.edu/	berkshirecc.edu	C	berkshire-community-college
139144	admissions	https://www.berry.edu/admission	berry.edu	B	berry
139144	website	https://www.berry.edu/	berry.edu	B	berry
189273	admissions	http://bhsy.edu/	bhsy.edu	B	beth-hamedrash-shaarei-yosher-institute
189273	website	http://bhsy.edu/	bhsy.edu	B	beth-hamedrash-shaarei-yosher-institute
154721	admissions	https://www.bethanylb.edu/admissions	bethanylb.edu	B	bethany-college-ks
154721	website	https://www.bethanylb.edu/	bethanylb.edu	B	bethany-college-ks
237181	admissions	http://www.bethanywv.edu/admissions-aid/	bethanywv.edu	B	bethany-college-wv
237181	website	http://www.bethanywv.edu/	bethanywv.edu	B	bethany-college-wv
173142	admissions	https://www.blc.edu/admissions	blc.edu	B	bethany-lutheran-college
173142	website	https://www.blc.edu/	blc.edu	B	bethany-lutheran-college
154749	admissions	http://www.bethelks.edu/admissions/	bethelks.edu	B	bethel-college-north-newton
154749	website	http://www.bethelks.edu/	bethelks.edu	B	bethel-college-north-newton
150145	admissions	https://betheluniversity.edu/admissions-aid	betheluniversity.edu	B	bethel-university-in
150145	website	https://betheluniversity.edu/	betheluniversity.edu	B	bethel-university-in
173160	admissions	https://www.bethel.edu/admissions/	bethel.edu	A	bethel-university-mn
173160	website	https://www.bethel.edu/	bethel.edu	A	bethel-university-mn
219718	admissions	http://www.bethelu.edu/admissions	bethelu.edu	B	bethel-university-tn
219718	website	http://www.bethelu.edu/	bethelu.edu	B	bethel-university-tn
110060	admissions	http://www.buc.edu/admissions	buc.edu	C	bethesda-university-of-california
110060	website	http://www.buc.edu/	buc.edu	C	bethesda-university-of-california
486053	admissions	http://bcsmn.edu/index.php/admissions	bcsmn.edu	C	bethlehem-college-and-seminary
486053	website	http://bcsmn.edu/	bcsmn.edu	C	bethlehem-college-and-seminary
132602	admissions	https://www.cookman.edu/admissionsaid/index.html	cookman.edu	B	bethune-cookman-university
132602	website	https://www.cookman.edu/	cookman.edu	B	bethune-cookman-university
139153	admissions	http://www.beulah.edu/admissions/	beulah.edu	C	beulah-heights-university
139153	website	http://www.beulah.edu/	beulah.edu	C	beulah-heights-university
102429	admissions	http://www.bscc.edu/students	bscc.edu	C	bevill-state-community-college
102429	website	http://www.bscc.edu/	bscc.edu	C	bevill-state-community-college
234711	admissions	https://www.bigbend.edu/i-am/new-student/	bigbend.edu	C	big-bend-community-college
234711	website	https://www.bigbend.edu/	bigbend.edu	C	big-bend-community-college
157553	admissions	https://bigsandy.kctcs.edu/admissions/	kctcs.edu	C	big-sandy-community-and-technical-college
157553	website	https://bigsandy.kctcs.edu/	kctcs.edu	C	big-sandy-community-and-technical-college
110097	admissions	https://www.biola.edu/admissions/undergrad	biola.edu	B	biola-university
110097	website	https://www.biola.edu/	biola.edu	B	biola-university
102030	admissions	https://www.bishop.edu/admissions/	bishop.edu	C	bishop-state-community-college
102030	website	http://www.bishop.edu/	bishop.edu	C	bishop-state-community-college
200022	admissions	https://bismarckstate.edu/admissions/	bismarckstate.edu	C	bismarck-state-college
200022	website	https://bismarckstate.edu/	bismarckstate.edu	C	bismarck-state-college
143279	admissions	http://www.bhc.edu/admissions/	bhc.edu	C	black-hawk-college
143279	website	http://www.bhc.edu/	bhc.edu	C	black-hawk-college
219046	admissions	http://www.bhsu.edu/Admissions	bhsu.edu	B	black-hills-state-university
219046	website	http://www.bhsu.edu/	bhsu.edu	B	black-hills-state-university
106625	admissions	http://www.blackrivertech.org/admission-registration-enrollment	blackrivertech.edu	C	black-river-technical-college
106625	website	http://www.blackrivertech.edu/	blackrivertech.edu	C	black-river-technical-college
143288	admissions	https://blackburn.edu/admissions-aid/	blackburn.edu	B	blackburn-college
143288	website	http://www.blackburn.edu/	blackburn.edu	B	blackburn-college
180054	website	http://bfcc.edu/	bfcc.edu	C	blackfeet-community-college
238397	admissions	http://www.blackhawk.edu/Admissions	blackhawk.edu	C	blackhawk-technical-college
238397	website	http://www.blackhawk.edu/	blackhawk.edu	C	blackhawk-technical-college
198011	admissions	https://bladencc.edu/apply/steps-to-apply/	bladencc.edu	C	bladen-community-college
198011	website	https://bladencc.edu/	bladencc.edu	C	bladen-community-college
223427	admissions	http://www.blinn.edu/admissions/index.html	blinn.edu	C	blinn-college
223427	website	http://www.blinn.edu/	blinn.edu	C	blinn-college
183822	admissions	http://www.bloomfield.edu/admissions/	bloomfield.edu	B	bloomfield-college
183822	website	http://www.bloomfield.edu/	bloomfield.edu	B	bloomfield-college
450128	admissions	http://www.bluecliffcollege.edu/admissions/	bluecliffcollege.edu	C	blue-cliff-college-alexandria
450128	website	http://bluecliffcollege.edu/	bluecliffcollege.edu	C	blue-cliff-college-alexandria
441502	admissions	http://www.bluecliffcollege.edu/admissions/	bluecliffcollege.edu	C	blue-cliff-college-gulfport
441502	website	http://bluecliffcollege.edu/	bluecliffcollege.edu	C	blue-cliff-college-gulfport
434821	admissions	http://bluecliffcollege.edu/admissions/	bluecliffcollege.edu	C	blue-cliff-college-metairie
434821	website	http://www.bluecliffcollege.edu/	bluecliffcollege.edu	C	blue-cliff-college-metairie
175430	admissions	https://bmc.edu/admissions	bmc.edu	B	blue-mountain-christian-university
175430	website	http://www.bmc.edu/	bmc.edu	B	blue-mountain-christian-university
208275	admissions	https://www.bluecc.edu/apply/	bluecc.edu	C	blue-mountain-community-college
208275	website	https://www.bluecc.edu/	bluecc.edu	C	blue-mountain-community-college
446774	admissions	https://www.blueridgectc.edu/audience/new-student/degree-certificate-seeking-student/	blueridgectc.edu	C	blue-ridge-community-and-technical-college
446774	website	https://www.blueridgectc.edu/	blueridgectc.edu	C	blue-ridge-community-and-technical-college
198039	admissions	http://www.blueridge.edu/admissions	blueridge.edu	C	blue-ridge-community-college-nc
198039	website	http://www.blueridge.edu/	blueridge.edu	C	blue-ridge-community-college-nc
231536	admissions	https://www.brcc.edu/admissions/	brcc.edu	C	blue-ridge-community-college-va
231536	website	https://www.brcc.edu/	brcc.edu	C	blue-ridge-community-college-va
237215	admissions	https://bluefieldstate.edu/admissions/	bluefieldstate.edu	B	bluefield-state-university
237215	website	https://bluefieldstate.edu/	bluefieldstate.edu	B	bluefield-state-university
231554	admissions	http://www.bluefield.edu/admissions/	bluefield.edu	B	bluefield-university
231554	website	http://www.bluefield.edu/	bluefield.edu	B	bluefield-university
156392	admissions	https://bluegrass.kctcs.edu/admissions/index.aspx	kctcs.edu	C	bluegrass-community-and-technical-college
156392	website	https://bluegrass.kctcs.edu/	kctcs.edu	C	bluegrass-community-and-technical-college
201371	admissions	http://www.bluffton.edu/admission	bluffton.edu	B	bluffton-university
201371	website	http://www.bluffton.edu/	bluffton.edu	B	bluffton-university
217749	admissions	http://www.bju.edu/admission/	bju.edu	C	bob-jones-university
217749	website	http://www.bju.edu/	bju.edu	C	bob-jones-university
142090	admissions	https://www.boisebible.edu/admissions	boisebible.edu	B	boise-bible-college
142090	website	https://www.boisebible.edu/	boisebible.edu	B	boise-bible-college
142115	admissions	https://www.boisestate.edu/admissions/	boisestate.edu	B	boise-state-university
142115	website	https://www.boisestate.edu/	boisestate.edu	B	boise-state-university
490203	admissions	http://www.bolivarcollege.edu/how-to-apply/	bolivarcollege.edu	B	bolivar-technical-college
490203	website	http://www.bolivarcollege.edu/	bolivarcollege.edu	B	bolivar-technical-college
233356	admissions	https://www.bsmcon.edu/admissions	bsmcon.edu	C	bon-secours-memorial-college-of-nursing
233356	website	https://www.bsmcon.edu/	bsmcon.edu	C	bon-secours-memorial-college-of-nursing
189413	admissions	https://www.boricuacollege.edu/admissions	boricuacollege.edu	C	boricua-college
189413	website	https://www.boricuacollege.edu/	boricuacollege.edu	C	boricua-college
158431	admissions	https://www.bpcc.edu/admissions/index	bpcc.edu	C	bossier-parish-community-college
158431	website	https://www.bpcc.edu/	bpcc.edu	C	bossier-parish-community-college
164872	admissions	http://www.the-bac.edu/search?terms=admissions	the-bac.edu	C	boston-architectural-college
164872	website	http://www.the-bac.edu/	the-bac.edu	C	boston-architectural-college
164614	admissions	https://www.boston.edu/admissions/overview	boston.edu	B	boston-baptist-college
164614	website	http://www.boston.edu/	boston.edu	B	boston-baptist-college
164924	admissions	https://www.bc.edu/content/bc-web/admission.html	bc.edu	B	boston-college
164924	website	http://www.bc.edu/	bc.edu	B	boston-college
164988	admissions	http://www.bu.edu/admissions	bu.edu	A	boston-university
164988	website	http://www.bu.edu/	bu.edu	A	boston-university
161004	admissions	https://www.bowdoin.edu/admissions/	bowdoin.edu	B	bowdoin-college
161004	website	https://www.bowdoin.edu/	bowdoin.edu	B	bowdoin-college
162007	admissions	https://www.bowiestate.edu/admissions-and-aid/	bowiestate.edu	B	bowie-state-university
162007	website	http://www.bowiestate.edu/	bowiestate.edu	B	bowie-state-university
201432	admissions	https://www.firelands.bgsu.edu/admissions.html	bgsu.edu	C	bowling-green-state-university-firelands
201432	website	https://www.firelands.bgsu.edu/	bgsu.edu	C	bowling-green-state-university-firelands
201441	admissions	http://choose.bgsu.edu/	bgsu.edu	B	bowling-green-state-university-main-campus
201441	website	http://www.bgsu.edu/	bgsu.edu	B	bowling-green-state-university-main-campus
143358	admissions	http://www.bradley.edu/admissions/freshman	bradley.edu	B	bradley
143358	website	http://www.bradley.edu/	bradley.edu	B	bradley
165015	admissions	https://www.brandeis.edu/admissions/	brandeis.edu	A	brandeis
165015	website	https://www.brandeis.edu/	brandeis.edu	A	brandeis
223506	admissions	http://www.brazosport.edu/admissions-and-registration/	brazosport.edu	C	brazosport-college
223506	website	http://www.brazosport.edu/	brazosport.edu	C	brazosport-college
139199	admissions	https://www.brenau.edu/admissions/	brenau.edu	B	brenau-university
139199	website	https://www.brenau.edu/	brenau.edu	B	brenau-university
156356	admissions	http://www.brescia.edu/admissions	brescia.edu	B	brescia-university
156356	website	http://www.brescia.edu/	brescia.edu	B	brescia-university
198066	admissions	https://brevard.edu/apply-for-admission/	brevard.edu	B	brevard-college
198066	website	https://www.brevard.edu/	brevard.edu	B	brevard-college
139205	admissions	https://www.bpc.edu/admissions-aid/information/admissions-process/	bpc.edu	B	brewton-parker-college
139205	website	https://www.bpc.edu/	bpc.edu	B	brewton-parker-college
152992	admissions	http://www.briarcliff.edu/future-chargers/admissions	briarcliff.edu	C	briar-cliff-university
152992	website	http://www.briarcliff.edu/	briarcliff.edu	C	briar-cliff-university
231581	admissions	https://www.bridgewater.edu/admissions-aid/	bridgewater.edu	B	bridgewater-college
231581	website	https://www.bridgewater.edu/	bridgewater.edu	B	bridgewater-college
165024	admissions	http://www.bridgew.edu/admissions	bridgew.edu	B	bridgewater-state-university
165024	website	http://www.bridgew.edu/	bridgew.edu	B	bridgewater-state-university
230047	admissions	http://admissions.byuh.edu/	byuh.edu	B	brigham-young-university-hawaii
230047	website	http://www.byuh.edu/	byuh.edu	B	brigham-young-university-hawaii
142522	admissions	https://www.byui.edu/Admissions/	byui.edu	B	brigham-young-university-idaho
142522	website	https://www.byui.edu/	byui.edu	B	brigham-young-university-idaho
232450	admissions	https://www.brightpoint.edu/admissions	brightpoint.edu	C	brightpoint-community-college
232450	website	https://www.brightpoint.edu/	brightpoint.edu	C	brightpoint-community-college
165033	admissions	http://www.bristolcc.edu/getstartedatbristol/admissions/	bristolcc.edu	C	bristol-community-college
165033	website	http://www.bristolcc.edu/	bristolcc.edu	C	bristol-community-college
183859	admissions	https://www.brookdalecc.edu/admissions/	brookdalecc.edu	C	brookdale-community-college
183859	website	https://www.brookdalecc.edu/	brookdalecc.edu	C	brookdale-community-college
189547	admissions	http://www.sunybroome.edu/admissions	sunybroome.edu	C	broome-community-college
189547	website	http://www.sunybroome.edu/	sunybroome.edu	C	broome-community-college
132709	admissions	http://www.broward.edu/admissions/Pages/default.aspx	broward.edu	C	broward-college
132709	website	http://www.broward.edu/	broward.edu	C	broward-college
217156	admissions	https://www.brown.edu/admission	brown.edu	B	brown
217156	website	http://www.brown.edu/	brown.edu	B	brown
198084	admissions	http://www.brunswickcc.edu/bcc-admissions/	brunswickcc.edu	C	brunswick-community-college
198084	website	http://www.brunswickcc.edu/	brunswickcc.edu	C	brunswick-community-college
219790	admissions	http://www.bryan.edu/admissions	bryan.edu	C	bryan-college
219790	website	http://www.bryan.edu/	bryan.edu	C	bryan-college
180878	admissions	https://www.bryanhealthcollege.edu/bcohs/admission/	bryanhealthcollege.edu	B	bryan-college-of-health-sciences
180878	website	https://www.bryanhealthcollege.edu/bcohs/	bryanhealthcollege.edu	B	bryan-college-of-health-sciences
110219	admissions	http://bryanuniversity.edu/	bryanuniversity.edu	C	bryan-university
110219	website	http://bryanuniversity.edu/	bryanuniversity.edu	C	bryan-university
369516	admissions	http://www.bryanu.edu/	bryanu.edu	C	bryan-university-springfield
369516	website	http://www.bryanu.edu/	bryanu.edu	C	bryan-university-springfield
188517	admissions	https://www.bryantstratton.edu/admissions	bryantstratton.edu	C	bryant-and-stratton-college-albany
188517	website	https://www.bryantstratton.edu/	bryantstratton.edu	C	bryant-and-stratton-college-albany
189583	admissions	https://www.bryantstratton.edu/admissions	bryantstratton.edu	C	bryant-and-stratton-college-buffalo
189583	website	https://www.bryantstratton.edu/	bryantstratton.edu	C	bryant-and-stratton-college-buffalo
189592	admissions	https://www.bryantstratton.edu/admissions	bryantstratton.edu	C	bryant-and-stratton-college-greece
189592	website	https://www.bryantstratton.edu/	bryantstratton.edu	C	bryant-and-stratton-college-greece
201469	admissions	https://www.bryantstratton.edu/Admissions	bryantstratton.edu	C	bryant-and-stratton-college-parma
201469	website	https://www.bryantstratton.edu/	bryantstratton.edu	C	bryant-and-stratton-college-parma
189565	admissions	https://www.bryantstratton.edu/admissions	bryantstratton.edu	C	bryant-and-stratton-college-syracuse-north
189565	website	https://www.bryantstratton.edu/	bryantstratton.edu	C	bryant-and-stratton-college-syracuse-north
231785	admissions	https://www.bryantstratton.edu/Admissions	bryantstratton.edu	C	bryant-and-stratton-college-virginia-beach
231785	website	https://www.bryantstratton.edu/	bryantstratton.edu	C	bryant-and-stratton-college-virginia-beach
451750	admissions	https://www.bryantstratton.edu/Admissions	bryantstratton.edu	C	bryant-and-stratton-college-wauwatosa
451750	website	https://www.bryantstratton.edu/	bryantstratton.edu	C	bryant-and-stratton-college-wauwatosa
217165	admissions	https://www.bryant.edu/admission-bryant	bryant.edu	B	bryant-university
217165	website	https://www.bryant.edu/	bryant.edu	B	bryant-university
210492	admissions	http://www.brynathyn.edu/admissions	brynathyn.edu	B	bryn-athyn-college-of-the-new-church
210492	website	http://www.brynathyn.edu/	brynathyn.edu	B	bryn-athyn-college-of-the-new-church
211273	admissions	http://www.brynmawr.edu/admissions-aid	brynmawr.edu	B	bryn-mawr
211273	website	http://www.brynmawr.edu/	brynmawr.edu	B	bryn-mawr
211291	admissions	https://www.bucknell.edu/admissions-aid	bucknell.edu	A	bucknell-university
211291	website	http://www.bucknell.edu/	bucknell.edu	A	bucknell-university
211307	admissions	http://www.bucks.edu/admissions	bucks.edu	C	bucks-county-community-college
211307	website	http://www.bucks.edu/	bucks.edu	C	bucks-county-community-college
153001	admissions	https://www.bvu.edu/admissions	bvu.edu	B	buena-vista-university
153001	website	https://www.bvu.edu/	bvu.edu	B	buena-vista-university
165112	admissions	http://www.bhcc.edu/admissions/	bhcc.edu	C	bunker-hill-community-college
165112	website	http://www.bhcc.edu/	bhcc.edu	C	bunker-hill-community-college
183877	admissions	http://www.rcbc.edu/admissions	rcbc.edu	C	burlington-county-college
183877	website	http://www.rcbc.edu/	rcbc.edu	C	burlington-county-college
209409	admissions	http://www.bushnell.edu/admissions/	bushnell.edu	B	bushnell-university
209409	website	http://www.bushnell.edu/	bushnell.edu	B	bushnell-university
150163	admissions	https://www.butler.edu/admission-aid	butler.edu	B	butler
150163	website	http://www.butler.edu/	butler.edu	B	butler
154800	admissions	http://www.butlercc.edu/admissions	butlercc.edu	C	butler-community-college
154800	website	http://www.butlercc.edu/	butlercc.edu	C	butler-community-college
211343	admissions	https://www.bc3.edu/admission/	bc3.edu	C	butler-county-community-college
211343	website	https://www.bc3.edu/	bc3.edu	C	butler-county-community-college
110246	admissions	http://www.butte.edu/admissions/	butte.edu	C	butte-college
110246	website	http://www.butte.edu/	butte.edu	C	butte-college
230038	admissions	https://enrollment.byu.edu/admissions	byu.edu	A	byu
230038	website	https://byu.edu/	byu.edu	A	byu
198109	admissions	https://cabarruscollege.edu/admissions	cabarruscollege.edu	B	cabarrus-college-of-health-sciences
198109	website	https://cabarruscollege.edu/	cabarruscollege.edu	B	cabarrus-college-of-health-sciences
110334	admissions	https://www.cabrillo.edu/admissions-and-records/	cabrillo.edu	C	cabrillo-college
110334	website	https://www.cabrillo.edu/	cabrillo.edu	C	cabrillo-college
215114	admissions	http://www.cairn.edu/admissions/	cairn.edu	B	cairn-university
215114	website	http://www.cairn.edu/	cairn.edu	B	cairn-university
110422	admissions	https://www.calpoly.edu/admissions	calpoly.edu	A	cal-poly-slo
110422	website	http://calpoly.edu/	calpoly.edu	A	cal-poly-slo
198118	admissions	https://cccti.edu/admissions/	cccti.edu	C	caldwell-community-college-and-technical-institute
198118	website	https://cccti.edu/	cccti.edu	C	caldwell-community-college-and-technical-institute
183910	admissions	https://www.caldwell.edu/admissions/	caldwell.edu	B	caldwell-university
183910	website	https://www.caldwell.edu/	caldwell.edu	B	caldwell-university
110361	admissions	http://www.calbaptist.edu/admissions	calbaptist.edu	B	california-baptist-university
110361	website	http://www.calbaptist.edu/	calbaptist.edu	B	california-baptist-university
110370	admissions	http://www.cca.edu/admissions	cca.edu	B	california-college-of-the-arts
110370	website	http://www.cca.edu/	cca.edu	B	california-college-of-the-arts
495271	admissions	https://cincollege.org/admissions/	cincollege.org	C	california-indian-nations-college
495271	website	https://cincollege.org/	cincollege.org	C	california-indian-nations-college
110316	admissions	https://www.ciis.edu/apply	ciis.edu	C	california-institute-of-integral-studies
110316	website	https://www.ciis.edu/	ciis.edu	C	california-institute-of-integral-studies
111081	admissions	https://calarts.edu/admissions	calarts.edu	B	california-institute-of-the-arts
111081	website	https://www.calarts.edu/	calarts.edu	B	california-institute-of-the-arts
110413	admissions	http://www.callutheran.edu/admission/	callutheran.edu	A	california-lutheran-university
110413	website	http://www.callutheran.edu/	callutheran.edu	A	california-lutheran-university
111188	admissions	https://www.csum.edu/about/mission.html	csum.edu	B	california-maritime-academy
111188	website	https://www.csum.edu/	csum.edu	B	california-maritime-academy
110529	admissions	http://www.cpp.edu/admissions/	cpp.edu	B	california-state-polytechnic-university-pomona
110529	website	http://www.cpp.edu/	cpp.edu	B	california-state-polytechnic-university-pomona
110486	admissions	http://www.csub.edu/Admissions/	csub.edu	B	california-state-university-bakersfield
110486	website	http://www.csub.edu/	csub.edu	B	california-state-university-bakersfield
441937	admissions	http://www.csuci.edu/admissions/index.htm	csuci.edu	B	california-state-university-channel-islands
441937	website	http://www.csuci.edu/	csuci.edu	B	california-state-university-channel-islands
110538	admissions	http://www.csuchico.edu/admissions/	csuchico.edu	A	california-state-university-chico
110538	website	http://www.csuchico.edu/	csuchico.edu	A	california-state-university-chico
110547	admissions	https://www.csudh.edu/future-students/explore/	csudh.edu	B	california-state-university-dominguez-hills
110547	website	https://www.csudh.edu/	csudh.edu	B	california-state-university-dominguez-hills
110574	admissions	https://www.csueastbay.edu/futurestudents/	csueastbay.edu	B	california-state-university-east-bay
110574	website	https://www.csueastbay.edu/	csueastbay.edu	B	california-state-university-east-bay
110556	admissions	https://studentaffairs.fresnostate.edu/are/	fresnostate.edu	B	california-state-university-fresno
110556	website	http://www.fresnostate.edu/	fresnostate.edu	B	california-state-university-fresno
110583	admissions	http://www.csulb.edu/admissions	csulb.edu	B	california-state-university-long-beach
110583	website	http://www.csulb.edu/	csulb.edu	B	california-state-university-long-beach
110592	admissions	https://www.calstatela.edu/admissions	calstatela.edu	B	california-state-university-los-angeles
110592	website	https://www.calstatela.edu/	calstatela.edu	B	california-state-university-los-angeles
409698	admissions	https://csumb.edu/admissions	csumb.edu	B	california-state-university-monterey-bay
409698	website	https://csumb.edu/	csumb.edu	B	california-state-university-monterey-bay
110608	admissions	https://www.csun.edu/admissions-financial-aid	csun.edu	A	california-state-university-northridge
110608	website	https://www.csun.edu/	csun.edu	A	california-state-university-northridge
110617	admissions	https://www.csus.edu/apply/admissions/	csus.edu	A	california-state-university-sacramento
110617	website	https://www.csus.edu/	csus.edu	A	california-state-university-sacramento
110510	admissions	http://www.csusb.edu/admissions	csusb.edu	A	california-state-university-san-bernardino
110510	website	http://www.csusb.edu/	csusb.edu	A	california-state-university-san-bernardino
366711	admissions	http://www.csusm.edu/admissions/	csusm.edu	A	california-state-university-san-marcos
366711	website	http://www.csusm.edu/	csusm.edu	A	california-state-university-san-marcos
110495	admissions	https://www.csustan.edu/undergrad	csustan.edu	B	california-state-university-stanislaus
110495	website	https://www.csustan.edu/	csustan.edu	B	california-state-university-stanislaus
110404	admissions	http://www.admissions.caltech.edu/	caltech.edu	B	caltech
110404	website	http://www.caltech.edu/	caltech.edu	B	caltech
150172	admissions	http://www.ccsj.edu/admissions/overview/	ccsj.edu	C	calumet-college-of-saint-joseph
150172	website	http://www.ccsj.edu/	ccsj.edu	C	calumet-college-of-saint-joseph
176789	admissions	http://www.calvary.edu/admissions/	calvary.edu	B	calvary-university
176789	website	http://www.calvary.edu/	calvary.edu	B	calvary-university
169080	admissions	http://www.calvin.edu/admissions/	calvin.edu	B	calvin
169080	website	http://www.calvin.edu/	calvin.edu	B	calvin
165167	admissions	http://www.cambridgecollege.edu/admissions-0	cambridgecollege.edu	C	cambridge-college
165167	website	http://www.cambridgecollege.edu/	cambridgecollege.edu	C	cambridge-college
183938	admissions	https://www.camdencc.edu/admissions-financial-aid/	camdencc.edu	C	camden-county-college
183938	website	https://www.camdencc.edu/	camdencc.edu	C	camden-county-college
206914	admissions	https://www.cameron.edu/admissions	cameron.edu	C	cameron-university
206914	website	https://www.cameron.edu/	cameron.edu	C	cameron-university
198136	admissions	https://www.campbell.edu/admissions/	campbell.edu	B	campbell-university
198136	website	https://www.campbell.edu/	campbell.edu	B	campbell-university
156365	admissions	https://www.campbellsville.edu/admission-and-aid/index.html	campbellsville.edu	B	campbellsville-university
156365	website	https://www.campbellsville.edu/	campbellsville.edu	B	campbellsville-university
111434	admissions	http://canadacollege.edu/admissions	canadacollege.edu	C	canada-college
111434	website	http://canadacollege.edu/	canadacollege.edu	C	canada-college
189705	admissions	https://www.canisius.edu/admissions/undergraduate-admissions	canisius.edu	B	canisius-university
189705	website	https://www.canisius.edu/	canisius.edu	B	canisius-university
200208	website	http://www.littlehoop.edu/	littlehoop.edu	C	cankdeska-cikana-community-college
165194	admissions	http://www.capecod.edu/admissions/index.html	capecod.edu	C	cape-cod-community-college
165194	website	http://www.capecod.edu/	capecod.edu	C	cape-cod-community-college
198154	admissions	http://cfcc.edu/admissions/	cfcc.edu	C	cape-fear-community-college
198154	website	http://www.cfcc.edu/	cfcc.edu	C	cape-fear-community-college
413413	admissions	http://www.capella.edu/admissions/	capella.edu	C	capella-university
413413	website	http://www.capella.edu/	capella.edu	C	capella-university
201548	admissions	https://www.capital.edu/admission-aid/	capital.edu	B	capital-university
201548	website	https://www.capital.edu/	capital.edu	B	capital-university
162061	admissions	https://mycapitol.captechu.edu/ICS/Admissions/Home.jnz	captechu.edu	B	capitol-technology-university
162061	website	http://www.captechu.edu/	captechu.edu	B	capitol-technology-university
206923	admissions	https://www.carlalbert.edu/admissions	carlalbert.edu	C	carl-albert-state-college
206923	website	https://www.carlalbert.edu/	carlalbert.edu	C	carl-albert-state-college
143613	admissions	http://www.sandburg.edu/admissions-aid/admissions/index.html	sandburg.edu	C	carl-sandburg-college
143613	website	http://www.sandburg.edu/	sandburg.edu	C	carl-sandburg-college
173258	admissions	https://www.carleton.edu/admissions/	carleton.edu	B	carleton
173258	website	https://www.carleton.edu/	carleton.edu	B	carleton
211431	admissions	http://www.carlow.edu/admissions-aid/admissions/	carlow.edu	B	carlow-university
211431	website	http://www.carlow.edu/	carlow.edu	B	carlow-university
211440	admissions	http://admission.enrollment.cmu.edu/	cmu.edu	A	carnegie-mellon
211440	website	http://www.cmu.edu/	cmu.edu	A	carnegie-mellon
199971	website	http://www.carolina.edu/	carolina.edu	C	carolina-christian-college
461032	admissions	http://ccbs.edu/admissions-aid	ccbs.edu	C	carolina-college-of-biblical-studies
461032	website	http://ccbs.edu/	ccbs.edu	C	carolina-college-of-biblical-studies
489937	admissions	http://carolinau.edu/admissions/undergraduate	carolinau.edu	B	carolina-university
489937	website	https://www.carolinau.edu/	carolinau.edu	B	carolina-university
180106	admissions	http://www.carroll.edu/admission-aid	carroll.edu	B	carroll-college
180106	website	http://www.carroll.edu/	carroll.edu	B	carroll-college
405872	admissions	https://www.carrollcc.edu/admissions-aid/	carrollcc.edu	C	carroll-community-college
405872	website	https://www.carrollcc.edu/	carrollcc.edu	C	carroll-community-college
238458	admissions	https://www.carrollu.edu/admission	carrollu.edu	B	carroll-university
238458	website	https://www.carrollu.edu/	carrollu.edu	B	carroll-university
219806	admissions	http://www.cn.edu/admissions	cn.edu	B	carson-newman-university
219806	website	http://www.cn.edu/	cn.edu	B	carson-newman-university
198206	admissions	https://carteret.edu/admissions/	carteret.edu	C	carteret-community-college
198206	website	https://carteret.edu/	carteret.edu	C	carteret-community-college
238476	admissions	http://www.carthage.edu/admissions/	carthage.edu	B	carthage-college
238476	website	http://www.carthage.edu/	carthage.edu	B	carthage-college
111638	admissions	https://casalomacollege.edu/admissions/	casalomacollege.edu	B	casa-loma-college-los-angeles
111638	website	https://www.casalomacollege.edu/	casalomacollege.edu	B	casa-loma-college-los-angeles
439190	admissions	http://www.cascadia.edu/get-started/default.aspx	cascadia.edu	C	cascadia-college
439190	website	http://www.cascadia.edu/	cascadia.edu	C	cascadia-college
201645	admissions	http://admission.case.edu/	case.edu	A	case-western
201645	website	http://www.case.edu/	case.edu	A	case-western
240505	admissions	https://www.caspercollege.edu/admissions	caspercollege.edu	C	casper-college
240505	website	https://www.caspercollege.edu/	caspercollege.edu	C	casper-college
198215	admissions	http://www.catawba.edu/admissions	catawba.edu	B	catawba-college
198215	website	http://www.catawba.edu/	catawba.edu	B	catawba-college
198233	admissions	http://www.cvcc.edu/Student_Services/Admissions/index.cfm	cvcc.edu	C	catawba-valley-community-college
198233	website	http://www.cvcc.edu/	cvcc.edu	C	catawba-valley-community-college
131283	admissions	https://www.catholic.edu/admission	catholic.edu	B	catholic-university-of-america
131283	website	https://www.catholic.edu/	catholic.edu	B	catholic-university-of-america
189839	admissions	https://www.cayuga-cc.edu/admissions/	cayuga-cc.edu	C	cayuga-county-community-college
189839	website	https://www.cayuga-cc.edu/	cayuga-cc.edu	C	cayuga-county-community-college
449083	admissions	http://www.cbt.edu/admissions/	cbt.edu	C	cbt-technology-institute
449083	website	http://www.cbt.edu/	cbt.edu	C	cbt-technology-institute
456977	admissions	http://www.cbt.edu/admissions/	cbt.edu	C	cbt-technology-institute-cutler-bay
456977	website	http://www.cbt.edu/	cbt.edu	C	cbt-technology-institute-cutler-bay
449092	admissions	http://www.cbt.edu/admissions	cbt.edu	C	cbt-technology-institute-hialeah
449092	website	http://www.cbt.edu/	cbt.edu	C	cbt-technology-institute-hialeah
162104	admissions	http://www.cecil.edu/Admissions-and-Aid/Pages/default.aspx	cecil.edu	C	cecil-college
162104	website	http://www.cecil.edu/	cecil.edu	C	cecil-college
211468	admissions	http://www.cedarcrest.edu/traditional/index.shtm	cedarcrest.edu	B	cedar-crest-college
211468	website	http://www.cedarcrest.edu/	cedarcrest.edu	B	cedar-crest-college
201654	admissions	https://www.cedarville.edu/Admissions	cedarville.edu	B	cedarville
201654	website	https://www.cedarville.edu/	cedarville.edu	B	cedarville
158477	admissions	http://www.centenary.edu/admission	centenary.edu	B	centenary-college-of-louisiana
158477	website	http://www.centenary.edu/	centenary.edu	B	centenary-college-of-louisiana
183974	admissions	http://www.centenaryuniversity.edu/admission-aid/freshmen/	centenaryuniversity.edu	B	centenary-university
183974	website	http://www.centenaryuniversity.edu/	centenaryuniversity.edu	B	centenary-university
232618	admissions	https://www.centrahealth.com/college/programs-admissions	centrahealth.com	B	centra-college
232618	website	https://www.centrahealth.com/college	centrahealth.com	B	centra-college
100760	admissions	https://www.cacc.edu/admissions/	cacc.edu	C	central-alabama-community-college
100760	website	http://www.cacc.edu/	cacc.edu	C	central-alabama-community-college
104346	admissions	http://centralaz.edu/find-your-path/	centralaz.edu	C	central-arizona-college
104346	website	http://www.centralaz.edu/	centralaz.edu	C	central-arizona-college
106713	admissions	https://www.cbc.edu/admissions	cbc.edu	B	central-baptist-college
106713	website	http://www.cbc.edu/	cbc.edu	B	central-baptist-college
198251	admissions	http://www.cccc.edu/admissions/	cccc.edu	C	central-carolina-community-college
198251	website	http://www.cccc.edu/	cccc.edu	C	central-carolina-community-college
218858	admissions	http://www.cctech.edu/admissions/	cctech.edu	C	central-carolina-technical-college
218858	website	http://www.cctech.edu/	cctech.edu	C	central-carolina-technical-college
154855	admissions	https://www.centralchristian.edu/admissions	centralchristian.edu	B	central-christian-college-of-kansas
154855	website	https://www.centralchristian.edu/	centralchristian.edu	B	central-christian-college-of-kansas
176910	admissions	https://cccb.edu/admissions-aid	cccb.edu	C	central-christian-college-of-the-bible
176910	website	https://www.cccb.edu/	cccb.edu	C	central-christian-college-of-the-bible
153108	admissions	http://www.central.edu/admission/	central.edu	B	central-college
153108	website	http://www.central.edu/	central.edu	B	central-college
180902	admissions	https://www.cccneb.edu/admissions/	cccneb.edu	C	central-community-college
180902	website	https://www.cccneb.edu/	cccneb.edu	C	central-community-college
128771	admissions	http://www.ccsu.edu/admissions	ccsu.edu	A	central-connecticut-state-university
128771	website	http://www.ccsu.edu/	ccsu.edu	A	central-connecticut-state-university
483045	admissions	http://www.centralgatech.edu/admissions-financial-aid/	centralgatech.edu	C	central-georgia-technical-college-macon-georgia
483045	website	http://www.centralgatech.edu/	centralgatech.edu	C	central-georgia-technical-college-macon-georgia
173203	admissions	http://www.clcmn.edu/admissions/	clcmn.edu	C	central-lakes-college-brainerd
173203	website	http://www.clcmn.edu/	clcmn.edu	C	central-lakes-college-brainerd
158088	admissions	https://www.cltcc.edu/apply/index	cltcc.edu	C	central-louisiana-technical-community-college
158088	website	http://www.cltcc.edu/	cltcc.edu	C	central-louisiana-technical-community-college
161077	admissions	https://www.cmcc.edu/admissions-aid/	cmcc.edu	C	central-maine-community-college
161077	website	https://www.cmcc.edu/	cmcc.edu	C	central-maine-community-college
176947	admissions	http://www.centralmethodist.edu/admissions/	centralmethodist.edu	B	central-methodist-university-college-of-liberal-arts-and-sciences
176947	website	http://www.centralmethodist.edu/	centralmethodist.edu	B	central-methodist-university-college-of-liberal-arts-and-sciences
169248	admissions	https://www.cmich.edu/admissions-aid	cmich.edu	B	central-michigan-university
169248	website	https://www.cmich.edu/	cmich.edu	B	central-michigan-university
187532	admissions	https://www.cnm.edu/depts/enrollment/admissions	cnm.edu	C	central-new-mexico-community-college
187532	website	https://www.cnm.edu/	cnm.edu	C	central-new-mexico-community-college
201672	admissions	http://www.cotc.edu/Admissions	cotc.edu	C	central-ohio-technical-college
201672	website	http://www.cotc.edu/	cotc.edu	C	central-ohio-technical-college
208318	admissions	http://www.cocc.edu/departments/admissions/future-students/default.aspx	cocc.edu	C	central-oregon-community-college
208318	website	http://www.cocc.edu/	cocc.edu	C	central-oregon-community-college
369668	website	http://www.cpi.edu/	cpi.edu	B	central-pennsylvania-institute-of-science-and-technology
198260	admissions	https://www.cpcc.edu/admissions	cpcc.edu	C	central-piedmont-community-college
198260	website	http://www.cpcc.edu/	cpcc.edu	C	central-piedmont-community-college
201690	admissions	https://www.centralstate.edu/admissions	centralstate.edu	B	central-state-university
201690	website	https://www.centralstate.edu/	centralstate.edu	B	central-state-university
223816	admissions	https://www.ctcd.edu/students/prospective-students/getting-started/apply-for-admission/	ctcd.edu	C	central-texas-college
223816	website	https://www.ctcd.edu/	ctcd.edu	C	central-texas-college
231697	admissions	http://www.centralvirginia.edu/admissions	centralvirginia.edu	C	central-virginia-community-college
231697	website	http://www.centralvirginia.edu/	centralvirginia.edu	C	central-virginia-community-college
234827	admissions	http://www.cwu.edu/admissions-aid/	cwu.edu	B	central-washington-university
234827	website	http://www.cwu.edu/	cwu.edu	B	central-washington-university
240514	admissions	https://www.cwc.edu/admissions	cwc.edu	C	central-wyoming-college
240514	website	https://www.cwc.edu/	cwc.edu	C	central-wyoming-college
189857	admissions	https://cyttl.edu/	cyttl.edu	B	central-yeshiva-tomchei-tmimim-lubavitz
189857	website	https://cyttl.edu/	cyttl.edu	B	central-yeshiva-tomchei-tmimim-lubavitz
234845	admissions	http://www.centralia.edu/admissions/default.aspx	centralia.edu	C	centralia-college
234845	website	http://www.centralia.edu/	centralia.edu	C	centralia-college
156408	admissions	https://www.centre.edu/admission	centre.edu	A	centre-college
156408	website	https://www.centre.edu/	centre.edu	A	centre-college
377449	admissions	https://www.centuracollege.edu/	centuracollege.edu	C	centura-college-newport-news
377449	website	https://www.centuracollege.edu/campuses/newport-news	centuracollege.edu	C	centura-college-newport-news
377458	admissions	https://www.centuracollege.edu/	centuracollege.edu	C	centura-college-norfolk
377458	website	https://www.centuracollege.edu/campuses/norfolk	centuracollege.edu	C	centura-college-norfolk
232016	admissions	https://www.centuracollege.edu/admissions	centuracollege.edu	C	centura-college-virginia-beach
232016	website	https://www.centuracollege.edu/campuses/virginia-beach	centuracollege.edu	C	centura-college-virginia-beach
175315	admissions	https://www.century.edu/admissions	century.edu	C	century-college
175315	website	https://www.century.edu/	century.edu	C	century-college
111887	admissions	http://www.cerritos.edu/admissions-and-records	cerritos.edu	C	cerritos-college
111887	website	http://www.cerritos.edu/	cerritos.edu	C	cerritos-college
111896	admissions	https://www.cerrocoso.edu/services-and-resources/admissions/index.html	cerrocoso.edu	C	cerro-coso-community-college
111896	website	https://cerrocoso.edu/	cerrocoso.edu	C	cerro-coso-community-college
111920	admissions	http://www.chabotcollege.edu/Admissions/	chabotcollege.edu	C	chabot-college
111920	website	http://www.chabotcollege.edu/	chabotcollege.edu	C	chabot-college
180948	admissions	http://www.csc.edu/admissions/	csc.edu	C	chadron-state-college
180948	website	http://www.csc.edu/	csc.edu	C	chadron-state-college
111939	admissions	https://www.chaffey.edu/admissions/index.php	chaffey.edu	C	chaffey-college
111939	website	https://www.chaffey.edu/	chaffey.edu	C	chaffey-college
454245	website	https://www.chamberlain.edu/	chamberlain.edu	B	chamberlain-university-arizona
457129	website	https://www.chamberlain.edu/	chamberlain.edu	B	chamberlain-university-florida
454227	website	https://www.chamberlain.edu/	chamberlain.edu	B	chamberlain-university-illinois
466921	website	https://www.chamberlain.edu/	chamberlain.edu	B	chamberlain-university-missouri
454236	website	https://www.chamberlain.edu/	chamberlain.edu	B	chamberlain-university-ohio
466930	website	https://www.chamberlain.edu/	chamberlain.edu	B	chamberlain-university-texas
460871	website	https://www.chamberlain.edu/	chamberlain.edu	B	chamberlain-university-virginia
141486	admissions	https://www.chaminade.edu/admissions	chaminade.edu	B	chaminade-university-of-honolulu
141486	website	https://www.chaminade.edu/	chaminade.edu	B	chaminade-university-of-honolulu
492069	admissions	http://champion.edu/admissions/	champion.edu	C	champion-christian-college
492069	website	http://champion.edu/	champion.edu	C	champion-christian-college
230852	admissions	https://www.champlain.edu/admissions/	champlain.edu	B	champlain-college
230852	website	https://www.champlain.edu/	champlain.edu	B	champlain-college
111948	admissions	https://www.chapman.edu/admission/index.aspx	chapman.edu	B	chapman-university
111948	website	https://www.chapman.edu/	chapman.edu	B	chapman-university
111966	admissions	http://www.cdrewu.edu/admissions	cdrewu.edu	B	charles-r-drew-university-of-medicine-and-science
111966	website	http://www.cdrewu.edu/	cdrewu.edu	B	charles-r-drew-university-of-medicine-and-science
217688	admissions	https://www.charlestonsouthern.edu/admissions/	charlestonsouthern.edu	B	charleston-southern-university
217688	website	https://www.charlestonsouthern.edu/	charlestonsouthern.edu	B	charleston-southern-university
444778	admissions	http://www.charlottechristian.edu/admissions/	charlottechristian.edu	C	charlotte-christian-college-and-theological-seminary
444778	website	http://www.charlottechristian.edu/	charlottechristian.edu	C	charlotte-christian-college-and-theological-seminary
102845	admissions	https://chartercollege.edu/admissions/	chartercollege.edu	C	charter-college-anchorage
102845	website	https://chartercollege.edu/	chartercollege.edu	C	charter-college-anchorage
128780	admissions	https://www.charteroak.edu/prospective/admissions	charteroak.edu	C	charter-oak-state-college
128780	website	https://www.charteroak.edu/	charteroak.edu	C	charter-oak-state-college
211556	admissions	https://www.chatham.edu/admission/	chatham.edu	A	chatham
211556	website	http://www.chatham.edu/	chatham.edu	A	chatham
140331	admissions	http://www.chattahoocheetech.edu/admissions/	chattahoocheetech.edu	C	chattahoochee-technical-college
140331	website	http://www.chattahoocheetech.edu/	chattahoocheetech.edu	C	chattahoochee-technical-college
101028	admissions	https://www.cv.edu/apply/	cv.edu	C	chattahoochee-valley-community-college
101028	website	https://www.cv.edu/	cv.edu	C	chattahoochee-valley-community-college
220118	admissions	http://www.chattanoogacollege.edu/	chattanoogacollege.edu	C	chattanooga-college-medical-dental-and-technical-careers
220118	website	http://www.chattanoogacollege.edu/	chattanoogacollege.edu	C	chattanooga-college-medical-dental-and-technical-careers
219824	admissions	https://www.chattanoogastate.edu/admissions/	chattanoogastate.edu	C	chattanooga-state-community-college
219824	website	https://www.chattanoogastate.edu/	chattanoogastate.edu	C	chattanooga-state-community-college
208390	admissions	https://www.chemeketa.edu/admission/	chemeketa.edu	C	chemeketa-community-college
208390	website	http://www.chemeketa.edu/	chemeketa.edu	C	chemeketa-community-college
162168	admissions	https://www.chesapeake.edu/admissions	chesapeake.edu	C	chesapeake-college
162168	website	https://www.chesapeake.edu/	chesapeake.edu	C	chesapeake-college
211583	admissions	http://www.chc.edu/apply	chc.edu	B	chestnut-hill-college
211583	website	http://www.chc.edu/	chc.edu	B	chestnut-hill-college
211608	admissions	https://cheyney.edu/admissions/	cheyney.edu	C	cheyney-university-of-pennsylvania
211608	website	https://www.cheyney.edu/	cheyney.edu	C	cheyney-university-of-pennsylvania
144050	admissions	http://collegeadmissions.uchicago.edu/	uchicago.edu	B	chicago
144050	website	http://www.uchicago.edu/	uchicago.edu	B	chicago
144005	admissions	http://www.csu.edu/admissions/	csu.edu	B	chicago-state-university
144005	website	http://www.csu.edu/	csu.edu	B	chicago-state-university
180160	website	http://cdkc.edu/	cdkc.edu	C	chief-dull-knife-college
133021	admissions	https://www.chipola.edu/admissions/	chipola.edu	C	chipola-college
133021	website	https://www.chipola.edu/	chipola.edu	C	chipola-college
240116	admissions	http://www.cvtc.edu/admissions	cvtc.edu	C	chippewa-valley-technical-college
240116	website	http://www.cvtc.edu/	cvtc.edu	C	chippewa-valley-technical-college
198303	admissions	https://www.chowan.edu/admissions	chowan.edu	B	chowan-university
198303	website	https://www.chowan.edu/	chowan.edu	B	chowan-university
494630	website	http://cmctx.edu/	cmctx.edu	B	christ-mission-college
219833	admissions	https://www.cbu.edu/admissions-aid/	cbu.edu	B	christian-brothers-university
219833	website	https://www.cbu.edu/	cbu.edu	B	christian-brothers-university
231712	admissions	https://cnu.edu/admission/	cnu.edu	A	christopher-newport
231712	website	https://cnu.edu/	cnu.edu	A	christopher-newport
201867	admissions	https://www.ccms.edu/admissions/	ccms.edu	C	cincinnati-college-of-mortuary-science
201867	website	http://www.ccms.edu/	ccms.edu	C	cincinnati-college-of-mortuary-science
201928	admissions	http://www.cincinnatistate.edu/admissions-aid/	cincinnatistate.edu	C	cincinnati-state-technical-and-community-college
201928	website	http://www.cincinnatistate.edu/	cincinnatistate.edu	C	cincinnati-state-technical-and-community-college
223898	admissions	https://www.cisco.edu/admissions	cisco.edu	C	cisco-college
223898	website	https://www.cisco.edu/	cisco.edu	C	cisco-college
217864	admissions	https://citadel.edu/corps/	citadel.edu	A	citadel
217864	website	https://citadel.edu/	citadel.edu	A	citadel
112172	admissions	https://www.citruscollege.edu/ar/Pages/default.aspx	citruscollege.edu	C	citrus-college
112172	website	https://www.citruscollege.edu/	citruscollege.edu	C	citrus-college
112190	admissions	http://www.ccsf.edu/admissions-recordsregistration	ccsf.edu	C	city-college-of-san-francisco
112190	website	http://www.ccsf.edu/	ccsf.edu	C	city-college-of-san-francisco
144209	admissions	http://www.ccc.edu/colleges/washington/departments/Pages/Admissions.aspx	ccc.edu	C	city-colleges-of-chicago-harold-washington-college
144209	website	http://www.ccc.edu/colleges/washington/Pages/default.aspx	ccc.edu	C	city-colleges-of-chicago-harold-washington-college
144184	admissions	http://www.ccc.edu/colleges/truman/departments/pages/admissions.aspx	ccc.edu	C	city-colleges-of-chicago-harry-s-truman-college
144184	website	http://www.ccc.edu/colleges/truman/Pages/default.aspx	ccc.edu	C	city-colleges-of-chicago-harry-s-truman-college
144157	admissions	http://www.ccc.edu/colleges/kennedy/departments/Pages/Admissions.aspx	ccc.edu	C	city-colleges-of-chicago-kennedy-king-college
144157	website	http://www.ccc.edu/colleges/kennedy/pages/default.aspx	ccc.edu	C	city-colleges-of-chicago-kennedy-king-college
144166	admissions	http://www.ccc.edu/colleges/malcolm-x/departments/Pages/Admissions.aspx	ccc.edu	C	city-colleges-of-chicago-malcolm-x-college
144166	website	http://www.ccc.edu/colleges/malcolm-x/pages/default.aspx	ccc.edu	C	city-colleges-of-chicago-malcolm-x-college
144175	admissions	http://www.ccc.edu/colleges/olive-harvey/departments/Pages/Admissions.aspx	ccc.edu	C	city-colleges-of-chicago-olive-harvey-college
144175	website	http://www.ccc.edu/colleges/olive-harvey/Pages/default.aspx	ccc.edu	C	city-colleges-of-chicago-olive-harvey-college
144193	admissions	http://www.ccc.edu/colleges/daley/departments/Pages/Admissions.aspx	ccc.edu	C	city-colleges-of-chicago-richard-j-daley-college
144193	website	http://www.ccc.edu/colleges/daley/pages/default.aspx	ccc.edu	C	city-colleges-of-chicago-richard-j-daley-college
144218	admissions	http://www.ccc.edu/colleges/wright/departments/Pages/Admissions.aspx	ccc.edu	C	city-colleges-of-chicago-wilbur-wright-college
144218	website	http://www.ccc.edu/colleges/wright/pages/default.aspx	ccc.edu	C	city-colleges-of-chicago-wilbur-wright-college
234915	admissions	http://www.cityu.edu/admissions-us/	cityu.edu	C	city-university-of-seattle
234915	website	http://www.cityu.edu/	cityu.edu	C	city-university-of-seattle
457697	admissions	https://www.cityvision.edu/admissions-instructions/	cityvision.edu	C	city-vision-university
457697	website	https://www.cityvision.edu/	cityvision.edu	C	city-vision-university
208406	admissions	http://www.clackamas.edu/admissions-financial-aid/getting-started	clackamas.edu	C	clackamas-community-college
208406	website	http://www.clackamas.edu/	clackamas.edu	C	clackamas-community-college
217873	admissions	http://www.claflin.edu/admissions-aid	claflin.edu	B	claflin-university
217873	website	http://www.claflin.edu/	claflin.edu	B	claflin-university
112251	admissions	http://www.cgu.edu/admissions/	cgu.edu	C	claremont-graduate-university
112251	website	http://www.cgu.edu/	cgu.edu	C	claremont-graduate-university
488387	admissions	https://claremontlincoln.edu/admission/	claremontlincoln.edu	C	claremont-lincoln-university
488387	website	https://claremontlincoln.edu/	claremontlincoln.edu	C	claremont-lincoln-university
112260	admissions	http://www.cmc.edu/admission	cmc.edu	B	claremont-mckenna
112260	website	http://www.cmc.edu/	cmc.edu	B	claremont-mckenna
223922	website	http://www.clarendoncollege.edu/	clarendoncollege.edu	C	clarendon-college
138947	admissions	http://www.cau.edu/apply-to-cau/	cau.edu	B	clark-atlanta-university
138947	website	http://www.cau.edu/	cau.edu	B	clark-atlanta-university
234933	admissions	https://www.clark.edu/enroll/admissions/	clark.edu	C	clark-college
234933	website	https://www.clark.edu/	clark.edu	C	clark-college
201973	admissions	https://www.clarkstate.edu/admissions/general-admissions/	clarkstate.edu	C	clark-state-college
201973	website	https://www.clarkstate.edu/	clarkstate.edu	C	clark-state-college
165334	admissions	http://www.clarku.edu/undergraduate-admissions/	clarku.edu	A	clark-university
165334	website	http://www.clarku.edu/	clarku.edu	A	clark-university
153126	admissions	http://www.clarke.edu/admission-aid	clarke.edu	B	clarke-university
153126	website	http://www.clarke.edu/	clarke.edu	B	clarke-university
190044	admissions	https://www.clarkson.edu/admissions	clarkson.edu	B	clarkson
190044	website	https://www.clarkson.edu/	clarkson.edu	B	clarkson
180832	admissions	https://www.clarksoncollege.edu/enrollment/index	clarksoncollege.edu	B	clarkson-college
180832	website	http://www.clarksoncollege.edu/	clarksoncollege.edu	B	clarkson-college
208415	admissions	http://www.clatsopcc.edu/getting-started/admissions	clatsopcc.edu	C	clatsop-community-college
208415	website	http://www.clatsopcc.edu/	clatsopcc.edu	C	clatsop-community-college
139311	admissions	https://www.clayton.edu/admissions/	clayton.edu	B	clayton-state-university
139311	website	http://www.clayton.edu/	clayton.edu	B	clayton-state-university
156417	admissions	https://ccbbc.edu/admissions	ccbbc.edu	C	clear-creek-baptist-bible-college
156417	website	https://ccbbc.edu/	ccbbc.edu	C	clear-creek-baptist-bible-college
169327	admissions	http://www.cleary.edu/admissions/	cleary.edu	B	cleary-university
169327	website	http://www.cleary.edu/	cleary.edu	B	cleary-university
217882	admissions	http://www.clemson.edu/admissions/index.html	clemson.edu	B	clemson
217882	website	http://www.clemson.edu/	clemson.edu	B	clemson
198321	admissions	http://clevelandcc.edu/programs/how-to-apply/	clevelandcc.edu	C	cleveland-community-college
198321	website	http://www.clevelandcc.edu/	clevelandcc.edu	C	cleveland-community-college
202046	admissions	http://www.cia.edu/admissions/	cia.edu	B	cleveland-institute-of-art
202046	website	http://www.cia.edu/	cia.edu	B	cleveland-institute-of-art
202073	admissions	http://www.cim.edu/admissions	cim.edu	B	cleveland-institute-of-music
202073	website	http://www.cim.edu/	cim.edu	B	cleveland-institute-of-music
219879	admissions	http://www.clevelandstatecc.edu/admissions/	clevelandstatecc.edu	C	cleveland-state-community-college
219879	website	http://www.clevelandstatecc.edu/	clevelandstatecc.edu	C	cleveland-state-community-college
202134	admissions	http://www.csuohio.edu/admissions/	csuohio.edu	B	cleveland-state-university
202134	website	http://www.csuohio.edu/	csuohio.edu	B	cleveland-state-university
177038	admissions	http://www.cleveland.edu/admissions	cleveland.edu	B	cleveland-university-kansas-city
177038	website	http://www.cleveland.edu/	cleveland.edu	B	cleveland-university-kansas-city
217891	admissions	http://www.clintoncollege.edu/	clintoncollege.edu	C	clinton-college
217891	website	http://www.clintoncollege.edu/	clintoncollege.edu	C	clinton-college
190053	admissions	https://www.clinton.edu/Admissions/default.aspx	clinton.edu	C	clinton-community-college
190053	website	https://www.clinton.edu/	clinton.edu	C	clinton-community-college
154907	admissions	https://www.cloud.edu/Admissions/Admissions	cloud.edu	C	cloud-county-community-college
154907	website	https://www.cloud.edu/	cloud.edu	C	cloud-county-community-college
234951	admissions	http://www.cptc.edu/apply	cptc.edu	C	clover-park-technical-college
234951	website	http://www.cptc.edu/	cptc.edu	C	clover-park-technical-college
187639	admissions	http://www.clovis.edu/admissions	clovis.edu	C	clovis-community-college-clovis-new-mexico
187639	website	http://www.clovis.edu/	clovis.edu	C	clovis-community-college-clovis-new-mexico
489201	admissions	http://www.cloviscollege.edu/admissions-and-aid/index.html	cloviscollege.edu	C	clovis-community-college-fresno-california
489201	website	http://www.cloviscollege.edu/	cloviscollege.edu	C	clovis-community-college-fresno-california
175519	admissions	http://www.coahomacc.edu/admissions/index.html	coahomacc.edu	C	coahoma-community-college
175519	website	http://www.coahomacc.edu/	coahomacc.edu	C	coahoma-community-college
125462	admissions	https://www.westhillscollege.com/coalinga/admissions/	westhillscollege.com	C	coalinga-college
125462	website	https://www.westhillscollege.com/coalinga/	westhillscollege.com	C	coalinga-college
130624	admissions	https://www.uscga.edu/admissions/	uscga.edu	B	coast-guard-academy
130624	website	https://www.uscga.edu/	uscga.edu	B	coast-guard-academy
101161	admissions	http://www.coastalalabama.edu/apply/	coastalalabama.edu	C	coastal-alabama-community-college
101161	website	http://www.coastalalabama.edu/	coastalalabama.edu	C	coastal-alabama-community-college
223320	admissions	http://www.coastalbend.edu/student_success_engagement/admissions_registrar/index.html	coastalbend.edu	C	coastal-bend-college
223320	website	http://www.coastalbend.edu/	coastalbend.edu	C	coastal-bend-college
198330	admissions	http://www.coastalcarolina.edu/admissions/	coastalcarolina.edu	C	coastal-carolina-community-college
198330	website	http://www.coastalcarolina.edu/	coastalcarolina.edu	C	coastal-carolina-community-college
218724	admissions	https://www.coastal.edu/admissions/	coastal.edu	B	coastal-carolina-university
218724	website	https://www.coastal.edu/	coastal.edu	B	coastal-carolina-university
485458	admissions	https://coastalpines.edu/admissions	coastalpines.edu	C	coastal-pines-technical-college
485458	website	https://www.coastalpines.edu/	coastalpines.edu	C	coastal-pines-technical-college
112385	admissions	https://www.coastline.edu/admissions/	coastline.edu	C	coastline-community-college
112385	website	https://www.coastline.edu/	coastline.edu	C	coastline-community-college
104425	admissions	https://www.cochise.edu/admissions	cochise.edu	C	cochise-college
104425	website	https://www.cochise.edu/	cochise.edu	C	cochise-college
404426	admissions	https://www.coconino.edu/apply-now	coconino.edu	C	coconino-community-college
404426	website	https://www.coconino.edu/	coconino.edu	C	coconino-community-college
153144	admissions	http://www.coe.edu/admission	coe.edu	B	coe-college
153144	website	http://www.coe.edu/	coe.edu	B	coe-college
154925	admissions	http://www.coffeyville.edu/student-services/admissions	coffeyville.edu	C	coffeyville-community-college
154925	website	http://www.coffeyville.edu/	coffeyville.edu	C	coffeyville-community-college
217907	admissions	https://coker.edu/admissions/	coker.edu	B	coker-university
217907	website	https://coker.edu/	coker.edu	B	coker-university
161086	admissions	http://afa.colby.edu/	colby.edu	B	colby
161086	website	http://www.colby.edu/	colby.edu	B	colby
154934	admissions	http://www.colbycc.edu/admissions/index	colbycc.edu	C	colby-community-college
154934	website	http://www.colbycc.edu/	colbycc.edu	C	colby-community-college
182634	admissions	http://www.colby-sawyer.edu/admissions/	colby-sawyer.edu	B	colby-sawyer-college
182634	website	http://www.colby-sawyer.edu/	colby-sawyer.edu	B	colby-sawyer-college
190099	admissions	https://www.colgate.edu/admission-aid	colgate.edu	A	colgate
190099	website	https://www.colgate.edu/	colgate.edu	A	colgate
169442	admissions	https://www.ccsdetroit.edu/admissions/	ccsdetroit.edu	B	college-for-creative-studies
169442	website	https://www.ccsdetroit.edu/	ccsdetroit.edu	B	college-for-creative-studies
108667	admissions	https://alameda.edu/students/admissions-and-records/	alameda.edu	C	college-of-alameda
108667	website	https://alameda.edu/	alameda.edu	C	college-of-alameda
388520	admissions	https://www.cbshouston.edu/admissions	cbshouston.edu	C	college-of-biblical-studies-houston
388520	website	https://cbshouston.edu/	cbshouston.edu	C	college-of-biblical-studies-houston
132851	admissions	http://www.cf.edu/admissions/	cf.edu	C	college-of-central-florida
132851	website	http://www.cf.edu/	cf.edu	C	college-of-central-florida
217819	admissions	https://charleston.edu/admission/index.php	charleston.edu	B	college-of-charleston
217819	website	https://www.charleston.edu/	charleston.edu	B	college-of-charleston
139250	admissions	https://www.ccga.edu/admissions	ccga.edu	A	college-of-coastal-georgia
139250	website	https://www.ccga.edu/	ccga.edu	A	college-of-coastal-georgia
150251	admissions	http://www.ccr.edu/index.php/registration/college-admissions	ccr.edu	C	college-of-court-reporting-inc
150251	website	http://www.ccr.edu/	ccr.edu	C	college-of-court-reporting-inc
144865	admissions	http://www.cod.edu/admission/index.aspx	cod.edu	C	college-of-dupage
144865	website	http://www.cod.edu/	cod.edu	C	college-of-dupage
142179	admissions	http://www.cei.edu/admissions	cei.edu	C	college-of-eastern-idaho
142179	website	http://www.cei.edu/	cei.edu	C	college-of-eastern-idaho
146472	admissions	https://www.clcillinois.edu/get-started	clcillinois.edu	C	college-of-lake-county
146472	website	https://www.clcillinois.edu/	clcillinois.edu	C	college-of-lake-county
118347	admissions	http://www.marin.edu/Admissions	marin.edu	C	college-of-marin
118347	website	http://www.marin.edu/	marin.edu	C	college-of-marin
413617	admissions	https://www.menominee.edu/admission-aid	menominee.edu	C	college-of-menominee-nation
413617	website	https://www.menominee.edu/	menominee.edu	C	college-of-menominee-nation
167394	admissions	https://www.elms.edu/academics/undergraduate-admission/	elms.edu	B	college-of-our-lady-of-the-elms
167394	website	https://www.elms.edu/	elms.edu	B	college-of-our-lady-of-the-elms
174747	admissions	https://csbsju.edu/admission/	csbsju.edu	B	college-of-saint-benedict
174747	website	https://csbsju.edu/	csbsju.edu	B	college-of-saint-benedict
181604	admissions	https://www.csm.edu/admissions	csm.edu	B	college-of-saint-mary
181604	website	https://www.csm.edu/	csm.edu	B	college-of-saint-mary
122791	admissions	http://collegeofsanmateo.edu/admissions/	collegeofsanmateo.edu	C	college-of-san-mateo
122791	website	http://www.collegeofsanmateo.edu/	collegeofsanmateo.edu	C	college-of-san-mateo
142559	admissions	https://www.csi.edu/admissions/	csi.edu	C	college-of-southern-idaho
142559	website	https://www.csi.edu/	csi.edu	C	college-of-southern-idaho
162122	admissions	https://www.csmd.edu/apply-register/	csmd.edu	C	college-of-southern-maryland
162122	website	http://www.csmd.edu/	csmd.edu	C	college-of-southern-maryland
182005	admissions	https://www.csn.edu/admissions	csn.edu	C	college-of-southern-nevada
182005	website	http://www.csn.edu/	csn.edu	C	college-of-southern-nevada
197814	admissions	http://www.albemarle.edu/apply-register/	albemarle.edu	C	college-of-the-albemarle
197814	website	http://www.albemarle.edu/	albemarle.edu	C	college-of-the-albemarle
160959	admissions	https://www.coa.edu/admissions/	coa.edu	B	college-of-the-atlantic
160959	website	https://www.coa.edu/	coa.edu	B	college-of-the-atlantic
111461	admissions	http://www.canyons.edu/studentservices/admissions/index.php	canyons.edu	C	college-of-the-canyons
111461	website	http://www.canyons.edu/	canyons.edu	C	college-of-the-canyons
113573	admissions	http://www.collegeofthedesert.edu/students/admissions/	collegeofthedesert.edu	C	college-of-the-desert
113573	website	http://www.collegeofthedesert.edu/	collegeofthedesert.edu	C	college-of-the-desert
166124	admissions	http://www.holycross.edu/admissions-aid	holycross.edu	B	college-of-the-holy-cross
166124	website	http://www.holycross.edu/	holycross.edu	B	college-of-the-holy-cross
226408	admissions	http://www.com.edu/admissions/	com.edu	C	college-of-the-mainland
226408	website	http://www.com.edu/	com.edu	C	college-of-the-mainland
480967	admissions	https://cmn.edu/admissions/	cmn.edu	C	college-of-the-muscogee-nation
480967	website	https://cmn.edu/	cmn.edu	C	college-of-the-muscogee-nation
178697	admissions	http://www.cofo.edu/Admissions	cofo.edu	B	college-of-the-ozarks
178697	website	http://www.cofo.edu/	cofo.edu	B	college-of-the-ozarks
121707	admissions	https://www.redwoods.edu/services/admissions/index.php	redwoods.edu	C	college-of-the-redwoods
121707	website	https://www.redwoods.edu/	redwoods.edu	C	college-of-the-redwoods
123217	admissions	https://www.cos.edu/en-us/admissions/getting-started	cos.edu	C	college-of-the-sequoias
123217	website	https://www.cos.edu/	cos.edu	C	college-of-the-sequoias
123484	admissions	http://www.siskiyous.edu/admissions/	siskiyous.edu	C	college-of-the-siskiyous
123484	website	http://www.siskiyous.edu/	siskiyous.edu	C	college-of-the-siskiyous
455114	admissions	https://cwi.edu/apply-cwi	cwi.edu	C	college-of-western-idaho
455114	website	https://cwi.edu/	cwi.edu	C	college-of-western-idaho
493822	admissions	http://www.collegeunbound.edu/apps/pages/applytocu	collegeunbound.edu	C	college-unbound
493822	website	http://collegeunbound.edu/	collegeunbound.edu	C	college-unbound
247834	admissions	https://www.collin.edu/admissions/index.html	collin.edu	C	collin-county-community-college-district
247834	website	https://www.collin.edu/	collin.edu	C	collin-county-community-college-district
126669	admissions	https://www.ccu.edu/admissions/	ccu.edu	C	colorado-christian
126669	website	https://www.ccu.edu/	ccu.edu	C	colorado-christian
126678	admissions	http://www.coloradocollege.edu/admission/	coloradocollege.edu	B	colorado-college
126678	website	http://www.coloradocollege.edu/	coloradocollege.edu	B	colorado-college
127556	admissions	https://www.coloradomesa.edu/future.html	coloradomesa.edu	B	colorado-mesa-university
127556	website	http://www.coloradomesa.edu/	coloradomesa.edu	B	colorado-mesa-university
126775	admissions	http://www.mines.edu/undergraduate-admissions/	mines.edu	B	colorado-mines
126775	website	http://www.mines.edu/	mines.edu	B	colorado-mines
126711	admissions	http://coloradomtn.edu/admissions/	coloradomtn.edu	C	colorado-mountain-college
126711	website	http://coloradomtn.edu/	coloradomtn.edu	C	colorado-mountain-college
126748	admissions	https://www.cncc.edu/admissions/admissions-more	cncc.edu	C	colorado-northwestern-community-college
126748	website	http://www.cncc.edu/	cncc.edu	C	colorado-northwestern-community-college
381732	website	http://www.csha.net/	csha.net	C	colorado-school-of-healing-arts
126818	admissions	http://admissions.colostate.edu/	colostate.edu	B	colorado-state-university-fort-collins
126818	website	http://colostate.edu/	colostate.edu	B	colorado-state-university-fort-collins
128106	admissions	https://www.csupueblo.edu/admissions/index.html	csupueblo.edu	B	colorado-state-university-pueblo
128106	website	https://www.csupueblo.edu/	csupueblo.edu	B	colorado-state-university-pueblo
126827	admissions	http://www.coloradotech.edu/Admissions	coloradotech.edu	C	colorado-technical-university-colorado-springs
126827	website	http://www.coloradotech.edu/Colorado-Springs	coloradotech.edu	C	colorado-technical-university-colorado-springs
190150	admissions	http://www.columbia.edu/content/admissions	columbia.edu	B	columbia
190150	website	http://www.columbia.edu/	columbia.edu	B	columbia
234979	admissions	http://www.columbiabasin.edu/index.aspx?page=239	columbiabasin.edu	C	columbia-basin-college
234979	website	http://www.columbiabasin.edu/	columbiabasin.edu	C	columbia-basin-college
112561	admissions	https://www.gocolumbia.edu/admissions/	gocolumbia.edu	C	columbia-college-ca
112561	website	https://www.gocolumbia.edu/	gocolumbia.edu	C	columbia-college-ca
144281	admissions	http://www.colum.edu/admissions/	colum.edu	A	columbia-college-chicago
144281	website	http://www.colum.edu/	colum.edu	A	columbia-college-chicago
177065	admissions	https://www.ccis.edu/admissions/why-columbia-college	ccis.edu	C	columbia-college-mo
177065	website	https://www.ccis.edu/	ccis.edu	C	columbia-college-mo
217934	admissions	http://www.columbiasc.edu/admissions	columbiasc.edu	B	columbia-college-sc
217934	website	http://www.columbiasc.edu/	columbiasc.edu	B	columbia-college-sc
420556	admissions	https://www.cgcc.edu/admissions	cgcc.edu	C	columbia-gorge-community-college
420556	website	https://www.cgcc.edu/	cgcc.edu	C	columbia-gorge-community-college
190169	admissions	https://www.columbiagreene.edu/admissions/admissions-options-for-every-student/	columbiagreene.edu	C	columbia-greene-community-college
190169	website	https://www.columbiagreene.edu/	columbiagreene.edu	C	columbia-greene-community-college
217925	admissions	http://www.ciu.edu/admissions	ciu.edu	B	columbia-international-university
217925	website	http://www.ciu.edu/	ciu.edu	B	columbia-international-university
450933	admissions	http://www.columbiasouthern.edu/admissions	columbiasouthern.edu	C	columbia-southern-university
450933	website	http://www.columbiasouthern.edu/	columbiasouthern.edu	C	columbia-southern-university
219888	admissions	https://www.columbiastate.edu/admissions	columbiastate.edu	C	columbia-state-community-college
219888	website	https://www.columbiastate.edu/	columbiastate.edu	C	columbia-state-community-college
202170	admissions	http://www.ccad.edu/admissions/apply-ccad	ccad.edu	B	columbus-college-of-art-and-design
202170	website	http://www.ccad.edu/	ccad.edu	B	columbus-college-of-art-and-design
202222	admissions	https://www.cscc.edu/admissions/	cscc.edu	C	columbus-state-community-college
202222	website	https://www.cscc.edu/	cscc.edu	C	columbus-state-community-college
139366	admissions	http://columbusstate.edu/admissions/	columbusstate.edu	B	columbus-state-university
139366	website	http://www.columbusstate.edu/	columbusstate.edu	B	columbus-state-university
139357	admissions	https://www.columbustech.edu/students/admissions/	columbustech.edu	C	columbus-technical-college
139357	website	http://www.columbustech.edu/	columbustech.edu	C	columbus-technical-college
366261	admissions	https://www.commonwealth.edu/	commonwealth.edu	B	commonwealth-institute-of-funeral-service
366261	website	https://www.commonwealth.edu/	commonwealth.edu	B	commonwealth-institute-of-funeral-service
212975	admissions	https://www.dli.pa.gov/Individuals/Disability-Services/CTI-HGAC/Pages/Admissions.aspx	dli.pa.gov	C	commonwealth-technical-institute
212975	website	http://www.dli.pa.gov/Individuals/Disability-Services/CTI-HGAC/Pages/Home.aspx	dli.pa.gov	C	commonwealth-technical-institute
498562	admissions	https://www.commonwealthu.edu/cu-admissions	commonwealthu.edu	B	commonwealth-university-of-pennsylvania
498562	website	https://www.commonwealthu.edu/	commonwealthu.edu	B	commonwealth-university-of-pennsylvania
446163	admissions	https://www.cccollege.edu/admission	cccollege.edu	C	community-christian-college
446163	website	https://www.cccollege.edu/	cccollege.edu	C	community-christian-college
210605	admissions	https://www.ccac.edu/admissions/enrollment-services.php	ccac.edu	C	community-college-of-allegheny-county
210605	website	https://www.ccac.edu/	ccac.edu	C	community-college-of-allegheny-county
126863	admissions	https://ccaurora.edu/academics/getting-started/	ccaurora.edu	C	community-college-of-aurora
126863	website	https://www.ccaurora.edu/	ccaurora.edu	C	community-college-of-aurora
211079	admissions	https://www.ccbc.edu/Admissions	ccbc.edu	C	community-college-of-beaver-county
211079	website	https://www.ccbc.edu/	ccbc.edu	C	community-college-of-beaver-county
126942	admissions	https://www.ccd.edu/office-registration-records	ccd.edu	C	community-college-of-denver
126942	website	http://www.ccd.edu/	ccd.edu	C	community-college-of-denver
215239	admissions	https://www.ccp.edu/admission-aid/admissions/admissions-process	ccp.edu	C	community-college-of-philadelphia
215239	website	https://www.ccp.edu/	ccp.edu	C	community-college-of-philadelphia
217475	admissions	https://www.ccri.edu/oes/admissions/	ccri.edu	C	community-college-of-rhode-island
217475	website	http://www.ccri.edu/	ccri.edu	C	community-college-of-rhode-island
230861	admissions	http://ccv.edu/apply/	ccv.edu	C	community-college-of-vermont
230861	website	http://www.ccv.edu/	ccv.edu	C	community-college-of-vermont
112686	admissions	https://www.compton.edu/admissions-aid/admissions-records/index.aspx	compton.edu	C	compton-college
112686	website	http://www.compton.edu/	compton.edu	C	compton-college
177083	admissions	http://www.conception.edu/	conception.edu	B	conception-seminary-college
177083	website	http://www.conception.edu/	conception.edu	B	conception-seminary-college
237330	admissions	https://www.concord.edu/admissions	concord.edu	A	concord-university
237330	website	https://www.concord.edu/	concord.edu	A	concord-university
173300	admissions	https://www.concordiacollege.edu/admission/apply/	concordiacollege.edu	B	concordia-college-at-moorhead
173300	website	https://www.concordiacollege.edu/	concordiacollege.edu	B	concordia-college-at-moorhead
169363	admissions	https://www.cuaa.edu/admissions	cuaa.edu	B	concordia-university-ann-arbor
169363	website	https://www.cuaa.edu/	cuaa.edu	B	concordia-university-ann-arbor
144351	admissions	https://www.cuchicago.edu/admission-aid/	cuchicago.edu	B	concordia-university-chicago
144351	website	https://www.cuchicago.edu/	cuchicago.edu	B	concordia-university-chicago
112075	admissions	http://www.cui.edu/admissions/	cui.edu	B	concordia-university-irvine
112075	website	http://www.cui.edu/	cui.edu	B	concordia-university-irvine
173328	admissions	https://www.csp.edu/admissions/	csp.edu	B	concordia-university-saint-paul
173328	website	https://www.csp.edu/	csp.edu	B	concordia-university-saint-paul
180984	admissions	http://www.cune.edu/admissions	cune.edu	B	concordia-university-seward
180984	website	http://www.cune.edu/	cune.edu	B	concordia-university-seward
224004	admissions	https://www.concordia.edu/admissions/	concordia.edu	B	concordia-university-texas
224004	website	https://www.concordia.edu/	concordia.edu	B	concordia-university-texas
238616	admissions	https://www.cuw.edu/admissions	cuw.edu	B	concordia-university-wisconsin
238616	website	https://www.cuw.edu/	cuw.edu	B	concordia-university-wisconsin
128902	admissions	http://www.conncoll.edu/admission/	conncoll.edu	B	connecticut-college
128902	website	http://www.conncoll.edu/	conncoll.edu	B	connecticut-college
129367	admissions	https://ctstate.edu/admissions-registration	ctstate.edu	C	connecticut-state-community-college
129367	website	https://ctstate.edu/	ctstate.edu	C	connecticut-state-community-college
206996	admissions	http://connorsstate.edu/aar/	connorsstate.edu	C	connors-state-college
206996	website	http://connorsstate.edu/	connorsstate.edu	C	connors-state-college
112826	admissions	https://www.contracosta.edu/admissions/	contracosta.edu	C	contra-costa-college
112826	website	https://www.contracosta.edu/	contracosta.edu	C	contra-costa-college
217961	admissions	https://www.converse.edu/admissions/	converse.edu	B	converse
217961	website	https://www.converse.edu/	converse.edu	B	converse
190372	admissions	https://cooper.edu/admissions	cooper.edu	B	cooper-union-for-the-advancement-of-science-and-art
190372	website	https://www.cooper.edu/	cooper.edu	B	cooper-union-for-the-advancement-of-science-and-art
175573	admissions	http://www.colin.edu/future-students/enrollment-services	colin.edu	C	copiah-lincoln-community-college
175573	website	http://www.colin.edu/	colin.edu	C	copiah-lincoln-community-college
395362	admissions	http://www.cmccd.edu/admissions/enroll/office/	cmccd.edu	C	copper-mountain-community-college
395362	website	http://www.cmccd.edu/	cmccd.edu	C	copper-mountain-community-college
162283	admissions	https://www.coppin.edu/admissions	coppin.edu	B	coppin-state-university
162283	website	http://www.coppin.edu/	coppin.edu	B	coppin-state-university
210331	admissions	https://www.corban.edu/admissions-aid/	corban.edu	B	corban-university
210331	website	https://www.corban.edu/	corban.edu	B	corban-university
190415	admissions	https://admissions.cornell.edu/	cornell.edu	B	cornell
190415	website	http://www.cornell.edu/	cornell.edu	B	cornell
153162	admissions	https://www.cornellcollege.edu/admissions/index.shtml	cornellcollege.edu	B	cornell-college
153162	website	https://www.cornellcollege.edu/	cornellcollege.edu	B	cornell-college
170037	admissions	http://www.cornerstone.edu/quick-links-admissions/	cornerstone.edu	B	cornerstone-university
170037	website	http://www.cornerstone.edu/	cornerstone.edu	B	cornerstone-university
190442	admissions	https://www.corning-cc.edu/admissions-future-students/start-here.php	corning-cc.edu	C	corning-community-college
190442	website	https://www.corning-cc.edu/	corning-cc.edu	C	corning-community-college
106795	admissions	http://www.cccua.edu/apply-enroll/index.html	cccua.edu	C	cossatot-community-college-of-the-university-of-arkansas
106795	website	http://www.cccua.edu/index.html	cccua.edu	C	cossatot-community-college-of-the-university-of-arkansas
113096	admissions	https://www.crc.losrios.edu/admissions	losrios.edu	C	cosumnes-river-college
113096	website	https://www.crc.losrios.edu/	losrios.edu	C	cosumnes-river-college
177117	admissions	https://www.cottey.edu/admission/	cottey.edu	B	cottey-college
177117	website	https://www.cottey.edu/	cottey.edu	B	cottey-college
184180	admissions	http://www.ccm.edu/admissions	ccm.edu	C	county-college-of-morris
184180	website	http://www.ccm.edu/	ccm.edu	C	county-college-of-morris
139393	admissions	http://www.covenant.edu/admissions	covenant.edu	B	covenant-college
139393	website	http://www.covenant.edu/	covenant.edu	B	covenant-college
154952	admissions	http://cowley.edu/apply-and-pay/get-in-touch/index.html	cowley.edu	C	cowley-county-community-college
154952	website	http://www.cowley.edu/	cowley.edu	C	cowley-county-community-college
176770	admissions	https://coxcollege.edu/admissions/	coxcollege.edu	B	cox-college
176770	website	https://coxcollege.edu/	coxcollege.edu	B	cox-college
113111	admissions	http://www.craftonhills.edu/admissions-and-records/index.php	craftonhills.edu	C	crafton-hills-college
113111	website	http://www.craftonhills.edu/	craftonhills.edu	C	crafton-hills-college
198367	admissions	https://cravencc.edu/applying-craven/how-apply/admissions	cravencc.edu	C	craven-community-college
198367	website	https://cravencc.edu/	cravencc.edu	C	craven-community-college
181002	admissions	https://www.creighton.edu/admissions	creighton.edu	B	creighton
181002	website	https://www.creighton.edu/	creighton.edu	B	creighton
461023	admissions	https://www.crestpoint.edu/	crestpoint.edu	C	crestpoint-university
461023	website	https://www.crestpoint.edu/	crestpoint.edu	C	crestpoint-university
475608	admissions	http://www.criswell.edu/admissions/	criswell.edu	B	criswell-college
475608	website	http://www.criswell.edu/	criswell.edu	B	criswell-college
190451	admissions	http://www.crouse.org/nursing/admissions/	crouse.org	B	crouse-hospital-college-of-nursing
190451	website	http://www.crouse.org/nursing	crouse.org	B	crouse-hospital-college-of-nursing
177135	admissions	http://www.crowder.edu/admissions/	crowder.edu	C	crowder-college
177135	website	http://www.crowder.edu/	crowder.edu	C	crowder-college
106810	website	http://www.crc.edu/	crc.edu	C	crowleys-ridge-college
174862	admissions	http://www.crown.edu/admissions/	crown.edu	B	crown-college
174862	website	http://www.crown.edu/	crown.edu	B	crown-college
110565	admissions	http://admissions.fullerton.edu/	fullerton.edu	A	csu-fullerton
110565	website	http://www.fullerton.edu/	fullerton.edu	A	csu-fullerton
113193	admissions	https://www.cuesta.edu/admissionsaid/index.html	cuesta.edu	C	cuesta-college
113193	website	https://www.cuesta.edu/	cuesta.edu	C	cuesta-college
444565	admissions	http://culinaryinstitute.edu/admissions-financial-aid/admissions/	culinaryinstitute.edu	C	culinary-institute-inc
444565	website	http://www.culinaryinstitute.edu/	culinaryinstitute.edu	C	culinary-institute-inc
190503	admissions	http://www.ciachef.edu/cia-admissions/	ciachef.edu	B	culinary-institute-of-america
190503	website	http://www.ciachef.edu/	ciachef.edu	B	culinary-institute-of-america
177144	admissions	https://www.culver.edu/admission/	culver.edu	B	culver-stockton-college
177144	website	https://www.culver.edu/	culver.edu	B	culver-stockton-college
219949	admissions	http://www.cumberland.edu/admissions	cumberland.edu	B	cumberland-university
219949	website	http://www.cumberland.edu/	cumberland.edu	B	cumberland-university
190512	admissions	http://www.baruch.cuny.edu/admission/	cuny.edu	A	cuny-bernard-m-baruch-college
190512	website	http://www.baruch.cuny.edu/	cuny.edu	A	cuny-bernard-m-baruch-college
190521	admissions	http://www.bmcc.cuny.edu/admissions/index.jsp	cuny.edu	C	cuny-borough-of-manhattan-community-college
190521	website	http://www.bmcc.cuny.edu/	cuny.edu	C	cuny-borough-of-manhattan-community-college
190530	admissions	http://www.bcc.cuny.edu/admission-financial-aid/admissions/	cuny.edu	C	cuny-bronx-community-college
190530	website	http://www.bcc.cuny.edu/	cuny.edu	C	cuny-bronx-community-college
190549	admissions	http://www.brooklyn.edu/admissions-aid/	brooklyn.edu	B	cuny-brooklyn-college
190549	website	http://www.brooklyn.edu/	brooklyn.edu	B	cuny-brooklyn-college
190567	admissions	http://www.ccny.cuny.edu/admissions/freshman-students	cuny.edu	A	cuny-city-college
190567	website	http://www.ccny.cuny.edu/	cuny.edu	A	cuny-city-college
190558	admissions	http://www.csi.cuny.edu/admissions/	cuny.edu	B	cuny-college-of-staten-island
190558	website	http://www.csi.cuny.edu/	cuny.edu	B	cuny-college-of-staten-island
190576	admissions	http://www.gc.cuny.edu/Admissions	cuny.edu	B	cuny-graduate-school-and-university-center
190576	website	http://www.gc.cuny.edu/	cuny.edu	B	cuny-graduate-school-and-university-center
190585	admissions	http://www.hostos.cuny.edu/ooa/	cuny.edu	C	cuny-hostos-community-college
190585	website	http://www.hostos.cuny.edu/	cuny.edu	C	cuny-hostos-community-college
190594	admissions	http://www.hunter.cuny.edu/admissions	cuny.edu	B	cuny-hunter-college
190594	website	http://www.hunter.cuny.edu/	cuny.edu	B	cuny-hunter-college
190600	admissions	http://www.jjay.cuny.edu/admissions	cuny.edu	A	cuny-john-jay-college-of-criminal-justice
190600	website	http://www.jjay.cuny.edu/	cuny.edu	A	cuny-john-jay-college-of-criminal-justice
190619	admissions	https://inside.kingsborough.edu/admission/	cuny.edu	C	cuny-kingsborough-community-college
190619	website	http://www.kbcc.cuny.edu/	cuny.edu	C	cuny-kingsborough-community-college
190628	admissions	http://www.laguardia.edu/Admissions/	cuny.edu	C	cuny-laguardia-community-college
190628	website	http://www.lagcc.cuny.edu/	cuny.edu	C	cuny-laguardia-community-college
190637	admissions	http://www.lehman.edu/admissions/	lehman.edu	B	cuny-lehman-college
190637	website	http://www.lehman.edu/	lehman.edu	B	cuny-lehman-college
190646	admissions	https://www.mec.cuny.edu/admissions/admissions/	cuny.edu	B	cuny-medgar-evers-college
190646	website	https://www.mec.cuny.edu/	cuny.edu	B	cuny-medgar-evers-college
190655	admissions	http://www.citytech.cuny.edu/admissions/	cuny.edu	B	cuny-new-york-city-college-of-technology
190655	website	http://www.citytech.cuny.edu/	cuny.edu	B	cuny-new-york-city-college-of-technology
190664	admissions	https://www.qc.cuny.edu/admissions/	cuny.edu	B	cuny-queens-college
190664	website	https://www.qc.cuny.edu/	cuny.edu	B	cuny-queens-college
190673	admissions	http://www.qcc.cuny.edu/admissions	cuny.edu	C	cuny-queensborough-community-college
190673	website	http://www.qcc.cuny.edu/	cuny.edu	C	cuny-queensborough-community-college
475565	admissions	https://guttman.cuny.edu/admissions/	cuny.edu	C	cuny-stella-and-charles-guttman-community-college
475565	website	https://guttman.cuny.edu/	cuny.edu	C	cuny-stella-and-charles-guttman-community-college
190691	admissions	http://www.york.cuny.edu/admissions	cuny.edu	B	cuny-york-college
190691	website	http://www.york.cuny.edu/	cuny.edu	B	cuny-york-college
165529	admissions	https://www.curry.edu/future-students	curry.edu	B	curry-college
165529	website	https://www.curry.edu/	curry.edu	B	curry-college
211893	admissions	http://www.curtis.edu/apply/	curtis.edu	B	curtis-institute-of-music
211893	website	http://www.curtis.edu/	curtis.edu	B	curtis-institute-of-music
202356	website	http://www.tri-c.edu/	tri-c.edu	C	cuyahoga-community-college-district
113218	admissions	https://www.cuyamaca.edu/admissions/index.php	cuyamaca.edu	C	cuyamaca-college
113218	website	https://www.cuyamaca.edu/	cuyamaca.edu	C	cuyamaca-college
113236	admissions	http://www.cypresscollege.edu/admissions	cypresscollege.edu	C	cypress-college
113236	website	http://www.cypresscollege.edu/	cypresscollege.edu	C	cypress-college
190725	admissions	http://www.daemen.edu/admissions	daemen.edu	B	daemen-university
190725	website	http://www.daemen.edu/	daemen.edu	B	daemen-university
200314	admissions	http://www.dakotacollege.edu/admissions-financial-aid/how-apply	dakotacollege.edu	C	dakota-college-at-bottineau
200314	website	http://www.dakotacollege.edu/	dakotacollege.edu	C	dakota-college-at-bottineau
173416	admissions	http://www.dctc.edu/admissions/	dctc.edu	C	dakota-county-technical-college
173416	website	http://www.dctc.edu/	dctc.edu	C	dakota-county-technical-college
219082	admissions	https://dsu.edu/admissions/index.html	dsu.edu	A	dakota-state-university
219082	website	https://dsu.edu/	dsu.edu	A	dakota-state-university
219091	admissions	http://www.dwu.edu/admission-requirements	dwu.edu	B	dakota-wesleyan-university
219091	website	http://www.dwu.edu/	dwu.edu	B	dakota-wesleyan-university
224323	admissions	https://udallas.edu/admissions	udallas.edu	B	dallas
224323	website	https://udallas.edu/	udallas.edu	B	dallas
224226	admissions	https://www.dbu.edu/admissions	dbu.edu	B	dallas-baptist-university
224226	website	https://www.dbu.edu/	dbu.edu	B	dallas-baptist-university
224244	admissions	http://www.dallas.edu/Admissions	dallas.edu	B	dallas-christian-college
224244	website	http://www.dallas.edu/	dallas.edu	B	dallas-christian-college
224615	admissions	http://www.dallascollege.edu/admissions/pages/default.aspx	dallascollege.edu	C	dallas-college
224615	website	http://www.dallascollege.edu/pages/default.aspx	dallascollege.edu	C	dallas-college
224271	admissions	https://www.dallasinstitute.edu/admissions	dallasinstitute.edu	C	dallas-institute-of-funeral-service
224271	website	https://www.dallasinstitute.edu/	dallasinstitute.edu	C	dallas-institute-of-funeral-service
139463	admissions	https://www.daltonstate.edu/admissions/	daltonstate.edu	C	dalton-state-college
139463	website	https://www.daltonstate.edu/	daltonstate.edu	C	dalton-state-college
144564	admissions	https://dacc.edu/ar/admissions	dacc.edu	C	danville-area-community-college
144564	website	https://dacc.edu/	dacc.edu	C	danville-area-community-college
231882	admissions	https://www.danville.edu/admissions-aid	danville.edu	C	danville-community-college
231882	website	https://www.danville.edu/	danville.edu	C	danville-community-college
182670	admissions	https://admissions.dartmouth.edu/	dartmouth.edu	B	dartmouth
182670	website	https://dartmouth.edu/	dartmouth.edu	B	dartmouth
169479	admissions	http://www.davenport.edu/admissions	davenport.edu	B	davenport-university
169479	website	http://www.davenport.edu/	davenport.edu	B	davenport-university
198385	admissions	https://davidson.edu/admission-and-financial-aid	davidson.edu	A	davidson
198385	website	https://davidson.edu/	davidson.edu	A	davidson
198376	admissions	https://www.davidsondavie.edu/admissions/	davidsondavie.edu	C	davidson-davie-community-college
198376	website	https://www.davidsondavie.edu/	davidsondavie.edu	C	davidson-davie-community-college
237358	admissions	http://www.dewv.edu/admissions/	dewv.edu	B	davis-and-elkins-college
237358	website	http://www.dewv.edu/	dewv.edu	B	davis-and-elkins-college
194569	admissions	https://davisny.edu/admissions/	davisny.edu	B	davis-college-ny
194569	website	https://davisny.edu/	davisny.edu	B	davis-college-ny
202435	admissions	http://www.davisuniversity.edu/admissions/	davisuniversity.edu	C	davis-college-oh
202435	website	http://www.davisuniversity.edu/	davisuniversity.edu	C	davis-college-oh
180151	admissions	http://www.dawson.edu/future-students/	dawson.edu	C	dawson-community-college
180151	website	http://www.dawson.edu/	dawson.edu	C	dawson-community-college
202480	admissions	https://udayton.edu/apply/	udayton.edu	B	dayton
202480	website	https://udayton.edu/	udayton.edu	B	dayton
133386	admissions	http://www.daytonastate.edu/admissions.html	daytonastate.edu	C	daytona-state-college
133386	website	http://www.daytonastate.edu/	daytonastate.edu	C	daytona-state-college
113333	admissions	https://www.deanza.edu/admissions/index.html	deanza.edu	C	de-anza-college
113333	website	https://www.deanza.edu/	deanza.edu	C	de-anza-college
165574	admissions	http://www.dean.edu/admissions	dean.edu	B	dean-college
165574	website	http://www.dean.edu/	dean.edu	B	dean-college
202514	admissions	http://www.defiance.edu/admissions/	defiance.edu	B	defiance-college
202514	website	http://www.defiance.edu/	defiance.edu	B	defiance-college
224350	admissions	http://www.delmar.edu/becoming-a-viking/apply/	delmar.edu	C	del-mar-college
224350	website	http://www.delmar.edu/	delmar.edu	C	del-mar-college
130943	admissions	http://www.udel.edu/apply/undergraduate-admissions/	udel.edu	B	delaware
130943	website	http://www.udel.edu/	udel.edu	B	delaware
211927	admissions	http://www.dccc.edu/admissions-financial-aid/admissions/admissions-office	dccc.edu	C	delaware-county-community-college
211927	website	http://www.dccc.edu/	dccc.edu	C	delaware-county-community-college
130934	admissions	http://www.desu.edu/admissions	desu.edu	A	delaware-state-university
130934	website	http://www.desu.edu/	desu.edu	A	delaware-state-university
130907	admissions	https://www.dtcc.edu/admissions-financial-aid	dtcc.edu	C	delaware-technical-and-community-college-terry
130907	website	https://www.dtcc.edu/	dtcc.edu	C	delaware-technical-and-community-college-terry
211981	admissions	http://www.delval.edu/admission-aid	delval.edu	B	delaware-valley-university
211981	website	http://www.delval.edu/	delval.edu	B	delaware-valley-university
158662	admissions	https://www.dcc.edu/admissions/default.aspx	dcc.edu	C	delgado-community-college
158662	website	https://www.dcc.edu/	dcc.edu	C	delgado-community-college
169521	admissions	https://www.delta.edu/admissions/index.html	delta.edu	C	delta-college
169521	website	https://www.delta.edu/	delta.edu	C	delta-college
175616	admissions	https://www.deltastate.edu/admissions/	deltastate.edu	B	delta-state-university
175616	website	https://www.deltastate.edu/	deltastate.edu	B	delta-state-university
202523	admissions	https://www.denison.edu/admission/	denison.edu	B	denison
202523	website	https://www.denison.edu/	denison.edu	B	denison
217989	admissions	http://www.denmarktech.edu/steps-for-enrollment/	denmarktech.edu	C	denmark-technical-college
217989	website	http://www.denmarktech.edu/	denmarktech.edu	C	denmark-technical-college
454856	admissions	https://www.denvercollegeofnursing.edu/admissions.html	denvercollegeofnursing.edu	C	denver-college-of-nursing
454856	website	http://www.denvercollegeofnursing.edu/	denvercollegeofnursing.edu	C	denver-college-of-nursing
144740	admissions	https://www.depaul.edu/admission-and-aid/types-of-admission/Pages/default.aspx	depaul.edu	B	depaul
144740	website	https://www.depaul.edu/	depaul.edu	B	depaul
150400	admissions	http://www.depauw.edu/admission-aid/	depauw.edu	B	depauw
150400	website	http://www.depauw.edu/	depauw.edu	B	depauw
153214	admissions	https://www.dmacc.edu/admissions/index.html	dmacc.edu	C	des-moines-area-community-college
153214	website	https://www.dmacc.edu/	dmacc.edu	C	des-moines-area-community-college
154156	admissions	http://www.dmu.edu/admission	dmu.edu	C	des-moines-university
154156	website	http://www.dmu.edu/	dmu.edu	C	des-moines-university
210739	admissions	http://www.desales.edu/admissions-financial-aid	desales.edu	A	desales-university
210739	website	http://www.desales.edu/	desales.edu	A	desales-university
113582	admissions	http://www.disd.edu/admissions.php	disd.edu	B	design-institute-of-san-diego
113582	website	http://www.disd.edu/	disd.edu	B	design-institute-of-san-diego
482413	admissions	https://www.devry.edu/admissions.html	devry.edu	B	devry-college-of-new-york
482413	website	https://www.devry.edu/	devry.edu	B	devry-college-of-new-york
482422	admissions	https://www.devry.edu/admissions.html	devry.edu	C	devry-university-arizona
482422	website	https://www.devry.edu/	devry.edu	C	devry-university-arizona
482431	admissions	https://www.devry.edu/admissions.html	devry.edu	B	devry-university-california
482431	website	https://www.devry.edu/	devry.edu	B	devry-university-california
482459	admissions	https://www.devry.edu/admissions.html	devry.edu	C	devry-university-florida
482459	website	https://www.devry.edu/	devry.edu	C	devry-university-florida
482468	admissions	https://www.devry.edu/admissions.html	devry.edu	B	devry-university-georgia
482468	website	https://www.devry.edu/	devry.edu	B	devry-university-georgia
482477	admissions	https://www.devry.edu/admissions.html	devry.edu	B	devry-university-illinois
482477	website	https://www.devry.edu/	devry.edu	B	devry-university-illinois
482547	admissions	https://www.devry.edu/admissions.html	devry.edu	C	devry-university-nevada
482547	website	https://www.devry.edu/	devry.edu	C	devry-university-nevada
482556	admissions	https://www.devry.edu/admissions.html	devry.edu	B	devry-university-new-jersey
482556	website	https://www.devry.edu/	devry.edu	B	devry-university-new-jersey
482574	admissions	https://www.devry.edu/admissions.html	devry.edu	B	devry-university-ohio
482574	website	https://www.devry.edu/	devry.edu	B	devry-university-ohio
482635	admissions	https://www.devry.edu/admissions.html	devry.edu	C	devry-university-texas
482635	website	https://www.devry.edu/	devry.edu	C	devry-university-texas
482653	admissions	https://www.devry.edu/admissions.html	devry.edu	C	devry-university-virginia
482653	website	https://www.devry.edu/	devry.edu	C	devry-university-virginia
113634	admissions	https://www.dvc.edu/enrollment/admissions-records/index.html	dvc.edu	C	diablo-valley-college
113634	website	https://www.dvc.edu/	dvc.edu	C	diablo-valley-college
212009	admissions	https://www.dickinson.edu/homepage/287/admissions	dickinson.edu	B	dickinson-college
212009	website	https://www.dickinson.edu/	dickinson.edu	B	dickinson-college
200059	admissions	http://www.dickinsonstate.edu/admissions	dickinsonstate.edu	B	dickinson-state-university
200059	website	http://www.dickinsonstate.edu/	dickinsonstate.edu	B	dickinson-state-university
443410	admissions	https://www.digipen.edu/admissions	digipen.edu	B	digipen-institute-of-technology
443410	website	https://www.digipen.edu/	digipen.edu	B	digipen-institute-of-technology
158802	admissions	https://www.dillard.edu/admissions-aid/	dillard.edu	B	dillard-university
158802	website	https://www.dillard.edu/	dillard.edu	B	dillard-university
105297	admissions	https://www.dinecollege.edu/admissions/admissions/	dinecollege.edu	C	dine-college
105297	website	https://www.dinecollege.edu/	dinecollege.edu	C	dine-college
153241	admissions	https://www.dwci.edu/admissions	dwci.edu	C	divine-word-college
153241	website	http://www.dwci.edu/	dwci.edu	C	divine-word-college
181020	admissions	http://www.doane.edu/admissions	doane.edu	B	doane-university
181020	website	http://www.doane.edu/	doane.edu	B	doane-university
154998	admissions	https://dc3.edu/admissions/	dc3.edu	C	dodge-city-community-college
154998	website	https://dc3.edu/	dc3.edu	C	dodge-city-community-college
148496	admissions	https://www.dom.edu/admission	dom.edu	A	dominican-university
148496	website	https://www.dom.edu/	dom.edu	A	dominican-university
190761	admissions	http://www.duny.edu/admissions/	duny.edu	B	dominican-university-new-york
190761	website	http://www.duny.edu/	duny.edu	B	dominican-university-new-york
113698	admissions	https://www.dominican.edu/admissions	dominican.edu	A	dominican-university-of-california
113698	website	https://www.dominican.edu/	dominican.edu	A	dominican-university-of-california
122117	admissions	http://www.dula.edu/msom-choose/	dula.edu	C	dongguk-university-los-angeles
122117	website	http://www.dula.edu/	dula.edu	C	dongguk-university-los-angeles
155007	admissions	http://www.donnelly.edu/admissions	donnelly.edu	C	donnelly-college
155007	website	http://www.donnelly.edu/	donnelly.edu	C	donnelly-college
153250	admissions	https://www.dordt.edu/admissions-and-aid	dordt.edu	B	dordt-university
153250	website	https://www.dordt.edu/	dordt.edu	B	dordt-university
212045	admissions	http://www.dec.edu/admissions/	dec.edu	C	douglas-education-center
212045	website	http://www.dec.edu/	dec.edu	C	douglas-education-center
153269	admissions	http://www.drake.edu/admission	drake.edu	B	drake-university
153269	website	http://www.drake.edu/	drake.edu	B	drake-university
184348	admissions	http://www.drew.edu/admissions-aid/	drew.edu	B	drew-university
184348	website	http://www.drew.edu/	drew.edu	B	drew-university
212054	admissions	https://drexel.edu/admissions/overview/	drexel.edu	B	drexel-university
212054	website	https://drexel.edu/	drexel.edu	B	drexel-university
177214	admissions	http://www.drury.edu/admission/	drury.edu	A	drury
177214	website	http://www.drury.edu/	drury.edu	A	drury
198419	admissions	http://www.admissions.duke.edu/	duke.edu	B	duke
198419	website	http://www.duke.edu/	duke.edu	B	duke
175227	admissions	http://www.dunwoody.edu/admission-aid/admissions/	dunwoody.edu	B	dunwoody-college-of-technology
175227	website	http://www.dunwoody.edu/	dunwoody.edu	B	dunwoody-college-of-technology
212106	admissions	http://www.duq.edu/admissions-and-aid/undergraduate-admissions	duq.edu	A	duquesne
212106	website	http://www.duq.edu/	duq.edu	A	duquesne
198455	admissions	http://www.durhamtech.edu/admissions-and-enrollment	durhamtech.edu	C	durham-technical-community-college
198455	website	http://www.durhamtech.edu/	durhamtech.edu	C	durham-technical-community-college
190840	admissions	https://www.sunydutchess.edu/admissions/	sunydutchess.edu	C	dutchess-community-college
190840	website	https://www.sunydutchess.edu/	sunydutchess.edu	C	dutchess-community-college
220057	admissions	http://www.dscc.edu/future-students/how-to-apply	dscc.edu	C	dyersburg-state-community-college
220057	website	http://www.dscc.edu/	dscc.edu	C	dyersburg-state-community-college
190716	admissions	http://www.dyu.edu/admissions	dyu.edu	B	dyouville-university
190716	website	http://www.dyu.edu/	dyu.edu	B	dyouville-university
447421	admissions	https://www.eaglegatecollege.edu/admissions/	eaglegatecollege.edu	C	eagle-gate-college-layton
447421	website	http://www.eaglegatecollege.edu/	eaglegatecollege.edu	C	eagle-gate-college-layton
230366	admissions	https://www.eaglegatecollege.edu/admissions/	eaglegatecollege.edu	C	eagle-gate-college-murray
230366	website	http://eaglegatecollege.edu/	eaglegatecollege.edu	C	eagle-gate-college-murray
150455	admissions	https://earlham.edu/admissions/	earlham.edu	A	earlham-college
150455	website	https://earlham.edu/	earlham.edu	A	earlham-college
106883	admissions	https://www.eacc.edu/admission-and-registration	eacc.edu	C	east-arkansas-community-college
106883	website	https://www.eacc.edu/	eacc.edu	C	east-arkansas-community-college
198464	admissions	https://admissions.ecu.edu/	ecu.edu	B	east-carolina-university
198464	website	https://www.ecu.edu/	ecu.edu	B	east-carolina-university
177250	admissions	http://www.eastcentral.edu/admissions/	eastcentral.edu	C	east-central-college
177250	website	http://www.eastcentral.edu/	eastcentral.edu	C	east-central-college
175643	admissions	https://www.eccc.edu/admissions	eccc.edu	C	east-central-community-college
175643	website	https://www.eccc.edu/	eccc.edu	C	east-central-community-college
207041	admissions	https://www.ecok.edu/admissions	ecok.edu	B	east-central-university
207041	website	https://www.ecok.edu/	ecok.edu	B	east-central-university
139621	admissions	https://www.ega.edu/admissions/start-here/index.html	ega.edu	C	east-georgia-college
139621	website	https://www.ega.edu/	ega.edu	C	east-georgia-college
113856	admissions	https://www.elac.edu/Student-Services/Admissions	elac.edu	C	east-los-angeles-college
113856	website	http://www.elac.edu/	elac.edu	C	east-los-angeles-college
175652	admissions	http://www.eastms.edu/admissions/index.html	eastms.edu	C	east-mississippi-community-college
175652	website	http://www.eastms.edu/	eastms.edu	C	east-mississippi-community-college
204884	admissions	http://eastohio.edu/	eastohio.edu	C	east-ohio-college
204884	website	http://eastohio.edu/	eastohio.edu	C	east-ohio-college
212115	admissions	https://www.esu.edu/admissions/index.cfm	esu.edu	B	east-stroudsburg-university-of-pennsylvania
212115	website	https://www.esu.edu/	esu.edu	B	east-stroudsburg-university-of-pennsylvania
220075	admissions	https://www.etsu.edu/admissions/	etsu.edu	B	east-tennessee-state-university
220075	website	https://www.etsu.edu/	etsu.edu	B	east-tennessee-state-university
224554	admissions	http://www.tamuc.edu/admissions/	tamuc.edu	B	east-texas-a-m-university
224554	website	http://www.tamuc.edu/	tamuc.edu	B	east-texas-a-m-university
224527	admissions	https://www.etbu.edu/admissions	etbu.edu	B	east-texas-baptist-university
224527	website	https://www.etbu.edu/	etbu.edu	B	east-texas-baptist-university
144883	admissions	https://www.eastwest.edu/admissions/	eastwest.edu	C	east-west-university
144883	website	http://www.eastwest.edu/	eastwest.edu	C	east-west-university
104577	admissions	http://www.eac.edu/Admissions/	eac.edu	C	eastern-arizona-college
104577	website	http://www.eac.edu/	eac.edu	C	eastern-arizona-college
129215	admissions	https://www.easternct.edu/admissions/	easternct.edu	B	eastern-connecticut-state-university
129215	website	https://www.easternct.edu/	easternct.edu	B	eastern-connecticut-state-university
132693	admissions	https://www.easternflorida.edu/admissions/	easternflorida.edu	C	eastern-florida-state-college
132693	website	https://www.easternflorida.edu/	easternflorida.edu	C	eastern-florida-state-college
144892	admissions	https://www.eiu.edu/admissions.php	eiu.edu	B	eastern-illinois-university
144892	website	https://www.eiu.edu/	eiu.edu	B	eastern-illinois-university
153311	admissions	http://www.eicc.edu/admission-aid/applying-enrolling/	eicc.edu	C	eastern-iowa-community-college-district
153311	website	http://www.eicc.edu/	eicc.edu	C	eastern-iowa-community-college-district
156620	admissions	https://www.eku.edu/admissions/	eku.edu	B	eastern-kentucky-university
156620	website	https://www.eku.edu/	eku.edu	B	eastern-kentucky-university
161138	admissions	https://www.emcc.edu/admissions/	emcc.edu	C	eastern-maine-community-college
161138	website	https://www.emcc.edu/	emcc.edu	C	eastern-maine-community-college
232043	admissions	https://emu.edu/admissions/	emu.edu	A	eastern-mennonite-university
232043	website	https://emu.edu/	emu.edu	A	eastern-mennonite-university
169798	admissions	http://www.emich.edu/admissions/	emich.edu	A	eastern-michigan-university
169798	website	http://www.emich.edu/	emich.edu	A	eastern-michigan-university
187648	admissions	http://enmu.edu/future-students/	enmu.edu	B	eastern-new-mexico-university-main-campus
187648	website	http://www.enmu.edu/	enmu.edu	B	eastern-new-mexico-university-main-campus
187666	admissions	http://www.roswell.enmu.edu/admissions/	enmu.edu	C	eastern-new-mexico-university-roswell-campus
187666	website	http://www.roswell.enmu.edu/	enmu.edu	C	eastern-new-mexico-university-roswell-campus
383996	admissions	http://www.ruidoso.enmu.edu/	enmu.edu	C	eastern-new-mexico-university-ruidoso-campus
383996	website	http://www.ruidoso.enmu.edu/	enmu.edu	C	eastern-new-mexico-university-ruidoso-campus
207050	admissions	https://www.eosc.edu/admissions-aid/apply-now	eosc.edu	C	eastern-oklahoma-state-college
207050	website	http://www.eosc.edu/	eosc.edu	C	eastern-oklahoma-state-college
208646	admissions	http://www.eou.edu/admissions/	eou.edu	A	eastern-oregon-university
208646	website	http://www.eou.edu/	eou.edu	A	eastern-oregon-university
232052	admissions	https://www.es.vccs.edu/admissions-aid/how-to-apply/	vccs.edu	C	eastern-shore-community-college
232052	website	http://www.es.vccs.edu/	vccs.edu	C	eastern-shore-community-college
212133	admissions	https://www.eastern.edu/admissions	eastern.edu	B	eastern-university
212133	website	https://www.eastern.edu/about/student-consumer-information	eastern.edu	B	eastern-university
235097	admissions	http://www.ewu.edu/apply/	ewu.edu	A	eastern-washington-university
235097	website	http://www.ewu.edu/	ewu.edu	A	eastern-washington-university
438708	admissions	http://www.easternwv.edu/	easternwv.edu	C	eastern-west-virginia-community-and-technical-college
438708	website	http://www.easternwv.edu/	easternwv.edu	C	eastern-west-virginia-community-and-technical-college
240596	admissions	https://ewc.wy.edu/admissions-financial-aid/admissions/	wy.edu	C	eastern-wyoming-college
240596	website	https://ewc.wy.edu/	wy.edu	C	eastern-wyoming-college
184959	admissions	http://www.eastwickcollege.edu/	eastwickcollege.edu	C	eastwick-college
184959	website	http://www.eastwickcollege.edu/	eastwickcollege.edu	C	eastwick-college
446233	admissions	http://ecollege.edu/admissions/	ecollege.edu	B	ecclesia-college
446233	website	http://ecollege.edu/	ecollege.edu	B	ecclesia-college
133492	admissions	https://www.eckerd.edu/admissions/	eckerd.edu	A	eckerd
133492	website	https://www.eckerd.edu/	eckerd.edu	A	eckerd
248934	admissions	http://www.ecpi.edu/admissions	ecpi.edu	B	ecpi-university
248934	website	http://www.ecpi.edu/	ecpi.edu	B	ecpi-university
247162	admissions	http://www.etseminary.edu/	etseminary.edu	C	ecumenical-theological-seminary
247162	website	http://www.etseminary.edu/	etseminary.edu	C	ecumenical-theological-seminary
198491	admissions	https://www.edgecombe.edu/become-a-student/	edgecombe.edu	C	edgecombe-community-college
198491	website	http://www.edgecombe.edu/	edgecombe.edu	C	edgecombe-community-college
238661	admissions	http://www.edgewood.edu/admissions/freshman-students	edgewood.edu	B	edgewood-college
238661	website	http://www.edgewood.edu/	edgewood.edu	B	edgewood-college
202648	admissions	https://www.edisonohio.edu/admissions	edisonohio.edu	C	edison-state-community-college
202648	website	https://www.edisonohio.edu/	edisonohio.edu	C	edison-state-community-college
235103	admissions	http://www.edmonds.edu/admission-and-tuition/apply/steps-to-apply.html	edmonds.edu	C	edmonds-college
235103	website	http://www.edmonds.edu/	edmonds.edu	C	edmonds-college
133526	admissions	https://www.ew.edu/admissions/	ew.edu	B	edward-waters-university
133526	website	http://www.ew.edu/	ew.edu	B	edward-waters-university
113980	admissions	http://www.elcamino.edu/admissions/	elcamino.edu	C	el-camino-community-college-district
113980	website	http://www.elcamino.edu/	elcamino.edu	C	el-camino-community-college-district
224642	admissions	http://www.epcc.edu/Admissions	epcc.edu	C	el-paso-community-college
224642	website	http://www.epcc.edu/	epcc.edu	C	el-paso-community-college
144944	admissions	http://elgin.edu/admissions	elgin.edu	C	elgin-community-college
144944	website	http://www.elgin.edu/	elgin.edu	C	elgin-community-college
198507	admissions	https://www.ecsu.edu/admissions/index.php	ecsu.edu	B	elizabeth-city-state-university
198507	website	https://www.ecsu.edu/	ecsu.edu	B	elizabeth-city-state-university
212197	admissions	http://www.etown.edu/admissions	etown.edu	B	elizabethtown-college
212197	website	http://www.etown.edu/	etown.edu	B	elizabethtown-college
156648	admissions	https://elizabethtown.kctcs.edu/admissions/index.aspx	kctcs.edu	C	elizabethtown-community-and-technical-college
156648	website	https://elizabethtown.kctcs.edu/	kctcs.edu	C	elizabethtown-community-and-technical-college
153296	admissions	https://ecc.iavalley.edu/admissions/	iavalley.edu	C	ellsworth-community-college
153296	website	https://ecc.iavalley.edu/	iavalley.edu	C	ellsworth-community-college
144962	admissions	http://www.elmhurst.edu/admission/	elmhurst.edu	B	elmhurst-university
144962	website	http://www.elmhurst.edu/	elmhurst.edu	B	elmhurst-university
190983	admissions	https://www.elmira.edu/admissions	elmira.edu	B	elmira-college
190983	website	https://www.elmira.edu/	elmira.edu	B	elmira-college
198516	admissions	https://www.elon.edu/u/admissions/undergraduate/	elon.edu	A	elon-university
198516	website	https://www.elon.edu/	elon.edu	A	elon-university
133553	admissions	http://daytonabeach.erau.edu/admissions	erau.edu	B	embry-riddle
133553	website	http://daytonabeach.erau.edu/	erau.edu	B	embry-riddle
426314	admissions	http://worldwide.erau.edu/admissions	erau.edu	B	embry-riddle-aeronautical-university-worldwide
426314	website	http://worldwide.erau.edu/	erau.edu	B	embry-riddle-aeronautical-university-worldwide
104586	admissions	http://prescott.erau.edu/admissions	erau.edu	B	embry-riddle-prescott
104586	website	http://prescott.erau.edu/	erau.edu	B	embry-riddle-prescott
165662	admissions	http://www.emerson.edu/admissions-aid	emerson.edu	B	emerson-college
165662	website	http://www.emerson.edu/	emerson.edu	B	emerson-college
165671	admissions	http://www.emmanuel.edu/admissions-aid/undergraduate/undergraduate-admissions	emmanuel.edu	B	emmanuel-college
165671	website	http://www.emmanuel.edu/	emmanuel.edu	B	emmanuel-college
139630	admissions	http://www.ec.edu/admissions	ec.edu	B	emmanuel-university
139630	website	http://www.ec.edu/	ec.edu	B	emmanuel-university
153302	admissions	https://www.emmaus.edu/admissions	emmaus.edu	B	emmaus-bible-college
153302	website	https://www.emmaus.edu/	emmaus.edu	B	emmaus-bible-college
139658	admissions	https://apply.emory.edu/	emory.edu	A	emory
139658	website	http://www.emory.edu/	emory.edu	A	emory
232025	admissions	http://www.emoryhenry.edu/admission	emoryhenry.edu	B	emory-henry-university
232025	website	http://www.emoryhenry.edu/	emoryhenry.edu	B	emory-henry-university
196264	admissions	http://www.sunyempire.edu/admissions/	sunyempire.edu	C	empire-state-university
196264	website	http://www.sunyempire.edu/	sunyempire.edu	C	empire-state-university
155025	admissions	http://www.emporia.edu/admissions/	emporia.edu	B	emporia-state-university
155025	website	http://www.emporia.edu/	emporia.edu	B	emporia-state-university
165699	admissions	http://www.endicott.edu/admission	endicott.edu	B	endicott-college
165699	website	http://www.endicott.edu/	endicott.edu	B	endicott-college
230418	admissions	https://www.ensign.edu/admissions	ensign.edu	C	ensign-college
230418	website	http://www.ensign.edu/	ensign.edu	C	ensign-college
101143	admissions	https://www.escc.edu/admissions/	escc.edu	C	enterprise-state-community-college
101143	website	http://www.escc.edu/	escc.edu	C	enterprise-state-community-college
124487	admissions	http://www.epic.edu/	epic.edu	C	epic-bible-college
124487	website	http://epic.edu/	epic.edu	C	epic-bible-college
191083	admissions	http://www.ecc.edu/admissions	ecc.edu	C	erie-community-college
191083	website	http://www.ecc.edu/	ecc.edu	C	erie-community-college
212434	admissions	http://www.erieit.edu/	erieit.edu	C	erie-institute-of-technology-inc
212434	website	http://www.erieit.edu/	erieit.edu	C	erie-institute-of-technology-inc
217998	admissions	http://visit.erskine.edu/	erskine.edu	B	erskine-college
217998	website	http://www.erskine.edu/	erskine.edu	B	erskine-college
184481	admissions	http://www.essex.edu/admissions/	essex.edu	C	essex-county-college
184481	website	http://www.essex.edu/	essex.edu	C	essex-county-college
384333	admissions	https://www.estrellamountain.edu/students/admissions	estrellamountain.edu	C	estrella-mountain-community-college
384333	website	http://www.estrellamountain.edu/	estrellamountain.edu	C	estrella-mountain-community-college
200590	admissions	https://eticollege.edu/admissions/	eticollege.edu	C	eti-technical-college
200590	website	https://eticollege.edu/	eticollege.edu	C	eti-technical-college
144971	admissions	https://www.eureka.edu/admissions-and-financial-aid/apply-today	eureka.edu	B	eureka-college
144971	website	http://www.eureka.edu/	eureka.edu	B	eureka-college
177339	admissions	https://www.evangel.edu/future-students/office-of-admissions/	evangel.edu	B	evangel-university
177339	website	http://www.evangel.edu/	evangel.edu	B	evangel-university
235149	admissions	http://www.everettcc.edu/enrollment/	everettcc.edu	C	everett-community-college
235149	website	http://www.everettcc.edu/	everettcc.edu	C	everett-community-college
385619	admissions	https://www.evergladesuniversity.edu/admissions/	evergladesuniversity.edu	B	everglades-university
385619	website	https://www.evergladesuniversity.edu/	evergladesuniversity.edu	B	everglades-university
114266	admissions	https://www.evc.edu/attend-evc/admissions-records	evc.edu	C	evergreen-valley-college
114266	website	https://www.evc.edu/	evc.edu	C	evergreen-valley-college
196680	admissions	https://www.excelsior.edu/admissions	excelsior.edu	C	excelsior-university
196680	website	http://www.excelsior.edu/	excelsior.edu	C	excelsior-university
129242	admissions	http://fairfield.edu/undergraduate/admission/	fairfield.edu	B	fairfield-university
129242	website	http://fairfield.edu/	fairfield.edu	B	fairfield-university
184694	admissions	https://www.fdu.edu/admissions/	fdu.edu	B	fairleigh-dickinson-university-florham-campus
184694	website	https://www.fdu.edu/	fdu.edu	B	fairleigh-dickinson-university-florham-campus
184603	admissions	https://www.fdu.edu/admissions/	fdu.edu	B	fairleigh-dickinson-university-metropolitan-campus
184603	website	https://www.fdu.edu/	fdu.edu	B	fairleigh-dickinson-university-metropolitan-campus
237367	admissions	https://www.fairmontstate.edu/admissions	fairmontstate.edu	B	fairmont-state-university
237367	website	https://www.fairmontstate.edu/	fairmontstate.edu	B	fairmont-state-university
153320	admissions	https://faith.edu/admissions	faith.edu	B	faith-baptist-bible-college-and-theological-seminary
153320	website	https://faith.edu/	faith.edu	B	faith-baptist-bible-college-and-theological-seminary
443049	admissions	https://www.faithiu.edu/admissions/	faithiu.edu	C	faith-international-university
443049	website	https://www.faithiu.edu/	faithiu.edu	C	faith-international-university
443058	admissions	http://familyoffaith.edu/admissions/	familyoffaith.edu	B	family-of-faith-christian-university
443058	website	http://www.familyoffaith.edu/	familyoffaith.edu	B	family-of-faith-christian-university
196042	admissions	http://www.farmingdale.edu/admissions/index.shtml	farmingdale.edu	A	farmingdale-state-college
196042	website	http://www.farmingdale.edu/	farmingdale.edu	A	farmingdale-state-college
191126	admissions	http://www.fitnyc.edu/admissions	fitnyc.edu	B	fashion-institute-of-technology
191126	website	http://www.fitnyc.edu/	fitnyc.edu	B	fashion-institute-of-technology
101189	admissions	http://www.faulkner.edu/undergrad/admissions/	faulkner.edu	B	faulkner-university
101189	website	http://www.faulkner.edu/	faulkner.edu	B	faulkner-university
198543	admissions	https://www.uncfsu.edu/fsu-admissions	uncfsu.edu	B	fayetteville-state-university
198543	website	https://www.uncfsu.edu/	uncfsu.edu	B	fayetteville-state-university
198534	admissions	https://www.faytechcc.edu/apply-now/ftcc-admissions/	faytechcc.edu	C	fayetteville-technical-community-college
198534	website	https://www.faytechcc.edu/	faytechcc.edu	C	fayetteville-technical-community-college
114433	admissions	http://www.frc.edu/admissions/index.cfm	frc.edu	C	feather-river-community-college-district
114433	website	http://www.frc.edu/	frc.edu	C	feather-river-community-college-district
184612	admissions	https://felician.edu/admissions/undergraduate-admissions/undergraduate-admissions-process	felician.edu	C	felician-university
184612	website	https://www.felician.edu/	felician.edu	C	felician-university
169910	admissions	http://www.ferris.edu/admissions/	ferris.edu	A	ferris-state-university
169910	website	http://www.ferris.edu/	ferris.edu	A	ferris-state-university
232089	admissions	http://www.ferrum.edu/admission/	ferrum.edu	B	ferrum-college
232089	website	http://www.ferrum.edu/	ferrum.edu	B	ferrum-college
114549	admissions	http://www.fielding.edu/office-of-admissions/	fielding.edu	C	fielding-graduate-university
114549	website	http://www.fielding.edu/	fielding.edu	C	fielding-graduate-university
436599	admissions	http://www.fmc.edu/	fmc.edu	C	fine-mortuary-college-llc
436599	website	http://www.fmc.edu/	fmc.edu	C	fine-mortuary-college-llc
191199	admissions	http://www.flcc.edu/admissions	flcc.edu	C	finger-lakes-community-college
191199	website	http://www.flcc.edu/	flcc.edu	C	finger-lakes-community-college
165802	admissions	https://www.fisher.edu/admissions-aid	fisher.edu	B	fisher-college
165802	website	https://www.fisher.edu/	fisher.edu	B	fisher-college
220181	admissions	http://www.fisk.edu/admissions	fisk.edu	B	fisk-university
220181	website	http://www.fisk.edu/	fisk.edu	B	fisk-university
165820	admissions	http://www.fitchburgstate.edu/admissions	fitchburgstate.edu	A	fitchburg-state-university
165820	website	http://www.fitchburgstate.edu/	fitchburgstate.edu	A	fitchburg-state-university
114585	admissions	http://www.fivebranches.edu/dtcm-mtcm/admissions-masters/	fivebranches.edu	C	five-branches-university
114585	website	http://www.fivebranches.edu/	fivebranches.edu	C	five-branches-university
191205	admissions	http://www.ftc.edu/apply-undergraduate/	ftc.edu	B	five-towns-college
191205	website	http://www.ftc.edu/	ftc.edu	B	five-towns-college
133711	admissions	https://www.flagler.edu/admissions--aid/	flagler.edu	B	flagler-college-st-augustine
133711	website	https://www.flagler.edu/	flagler.edu	B	flagler-college-st-augustine
180197	admissions	http://www.fvcc.edu/admissions	fvcc.edu	C	flathead-valley-community-college
180197	website	http://www.fvcc.edu/	fvcc.edu	C	flathead-valley-community-college
155052	admissions	https://www.fhtc.edu/admissions/	fhtc.edu	C	flint-hills-technical-college
155052	website	http://www.fhtc.edu/	fhtc.edu	C	flint-hills-technical-college
218025	admissions	https://www.fdtc.edu/admissions/	fdtc.edu	C	florence-darlington-technical-college
218025	website	https://www.fdtc.edu/	fdtc.edu	C	florence-darlington-technical-college
134130	admissions	https://www.admissions.ufl.edu/	ufl.edu	A	florida
134130	website	https://www.ufl.edu/	ufl.edu	A	florida
133650	admissions	http://admissions.famu.edu/	famu.edu	A	florida-agricultural-and-mechanical-university
133650	website	http://www.famu.edu/	famu.edu	A	florida-agricultural-and-mechanical-university
133669	admissions	http://www.fau.edu/admissions/	fau.edu	A	florida-atlantic-university
133669	website	http://www.fau.edu/	fau.edu	A	florida-atlantic-university
133809	admissions	http://www.floridacollege.edu/admissions	floridacollege.edu	B	florida-college
133809	website	http://www.floridacollege.edu/	floridacollege.edu	B	florida-college
135160	admissions	https://www.fgc.edu/admissions-information/	fgc.edu	C	florida-gateway-college
135160	website	https://www.fgc.edu/	fgc.edu	C	florida-gateway-college
433660	admissions	https://www.fgcu.edu/admissionsandaid/undergraduateadmissions/	fgcu.edu	A	florida-gulf-coast
433660	website	http://www.fgcu.edu/	fgcu.edu	A	florida-gulf-coast
133881	admissions	https://www.fit.edu/admissions/	fit.edu	B	florida-institute-of-technology
133881	website	https://www.fit.edu/	fit.edu	B	florida-institute-of-technology
133951	admissions	http://onestop.fiu.edu/	fiu.edu	A	florida-international
133951	website	http://www.fiu.edu/	fiu.edu	A	florida-international
133979	admissions	http://www.fmuniv.edu/home/admissions	fmuniv.edu	B	florida-memorial-university
133979	website	http://www.fmuniv.edu/	fmuniv.edu	B	florida-memorial-university
408844	admissions	http://www.fnu.edu/prospective-students/admissions/	fnu.edu	C	florida-national-university
408844	website	http://www.fnu.edu/	fnu.edu	C	florida-national-university
482936	admissions	http://floridapoly.edu/admissions/	floridapoly.edu	A	florida-polytechnic-university
482936	website	http://floridapoly.edu/	floridapoly.edu	A	florida-polytechnic-university
134079	admissions	http://www.flsouthern.edu/admissions	flsouthern.edu	B	florida-southern-college
134079	website	http://www.flsouthern.edu/	flsouthern.edu	B	florida-southern-college
133508	admissions	http://www.fsw.edu/admissions	fsw.edu	C	florida-southwestern-state-college
133508	website	https://www.fsw.edu/	fsw.edu	C	florida-southwestern-state-college
133702	admissions	http://www.fscj.edu/admissions-aid/admissions	fscj.edu	C	florida-state-college-at-jacksonville
133702	website	http://www.fscj.edu/	fscj.edu	C	florida-state-college-at-jacksonville
134097	admissions	https://admissions.fsu.edu/	fsu.edu	B	florida-state-university
134097	website	https://www.fsu.edu/	fsu.edu	B	florida-state-university
444219	admissions	https://www.flc.losrios.edu/admissions/get-started-and-apply/admissions-and-records	losrios.edu	C	folsom-lake-college
444219	website	https://www.flc.losrios.edu/	losrios.edu	C	folsom-lake-college
380368	admissions	http://fdltcc.edu/admissions/	fdltcc.edu	C	fond-du-lac-tribal-and-community-college
380368	website	http://www.fdltcc.edu/	fdltcc.edu	C	fond-du-lac-tribal-and-community-college
114716	admissions	https://foothill.edu/reg/admission/index.html	foothill.edu	C	foothill-college
114716	website	https://foothill.edu/	foothill.edu	C	foothill-college
191241	admissions	https://www.fordham.edu/admissions/	fordham.edu	B	fordham-university
191241	website	https://www.fordham.edu/	fordham.edu	B	fordham-university
198552	admissions	https://www.forsythtech.edu/students/apply/	forsythtech.edu	C	forsyth-technical-community-college
198552	website	https://www.forsythtech.edu/	forsythtech.edu	C	forsyth-technical-community-college
155061	admissions	http://www.fhsu.edu/admissions/	fhsu.edu	B	fort-hays-state-university
155061	website	http://www.fhsu.edu/	fhsu.edu	B	fort-hays-state-university
155593	admissions	http://www.fhtechnc.edu/admissions	fhtechnc.edu	C	fort-hays-tech-north-central
155593	website	http://www.fhtechnc.edu/	fhtechnc.edu	C	fort-hays-tech-north-central
127185	admissions	http://www.fortlewis.edu/admission/	fortlewis.edu	B	fort-lewis-college
127185	website	http://fortlewis.edu/	fortlewis.edu	B	fort-lewis-college
180212	admissions	http://www.fpcc.edu/	fpcc.edu	C	fort-peck-community-college
180212	website	http://www.fpcc.edu/	fpcc.edu	C	fort-peck-community-college
155098	admissions	http://www.fortscott.edu/admissions	fortscott.edu	C	fort-scott-community-college
155098	website	http://www.fortscott.edu/	fortscott.edu	C	fort-scott-community-college
139719	admissions	http://www.fvsu.edu/admissions	fvsu.edu	B	fort-valley-state-university
139719	website	http://www.fvsu.edu/	fvsu.edu	B	fort-valley-state-university
439738	admissions	http://www.fortis.edu/admissions.aspx	fortis.edu	C	fortis-college-baton-rouge
439738	website	http://www.fortis.edu/	fortis.edu	C	fortis-college-baton-rouge
205179	admissions	https://www.fortis.edu/admissions.html	fortiscollege.edu	C	fortis-college-centeville
205179	website	https://www.fortiscollege.edu/	fortiscollege.edu	C	fortis-college-centeville
450067	admissions	https://www.fortis.edu/admissions.html	fortis.edu	C	fortis-college-cincinnati
450067	website	https://www.fortis.edu/	fortis.edu	C	fortis-college-cincinnati
460020	admissions	https://www.fortis.edu/admissions.html	fortis.edu	C	fortis-college-columbia
460020	website	https://www.fortis.edu/	fortis.edu	C	fortis-college-columbia
450058	admissions	https://www.fortis.edu/admissions.html	fortis.edu	C	fortis-college-columbus
450058	website	https://www.fortis.edu/	fortis.edu	C	fortis-college-columbus
487302	admissions	https://www.fortis.edu/admissions.html	fortis.edu	C	fortis-college-cuyahoga-falls
487302	website	https://www.fortis.edu/	fortis.edu	C	fortis-college-cuyahoga-falls
439792	admissions	https://www.fortis.edu/admissions.html	fortis.edu	C	fortis-college-fl
439792	website	https://fortis.edu/	fortis.edu	C	fortis-college-fl
372921	admissions	https://www.fortis.edu/admissions.html	fortis.edu	C	fortis-college-ga
372921	website	https://fortis.edu/	fortis.edu	C	fortis-college-ga
458681	admissions	https://www.fortis.edu/admissions.html	fortis.edu	C	fortis-college-indianapolis
458681	website	https://www.fortis.edu/	fortis.edu	C	fortis-college-indianapolis
494843	admissions	http://www.fortis.edu/admissions.html	fortis.edu	C	fortis-college-landover
494843	website	http://www.fortis.edu/	fortis.edu	C	fortis-college-landover
371052	admissions	https://www.fortis.edu/admissions.html	fortis.edu	C	fortis-college-mobile
371052	website	https://www.fortis.edu/	fortis.edu	C	fortis-college-mobile
455488	admissions	https://www.fortis.edu/admissions.html	fortis.edu	C	fortis-college-montgomery
455488	website	https://www.fortis.edu/	fortis.edu	C	fortis-college-montgomery
233329	admissions	https://www.fortis.edu/admissions.html	fortis.edu	C	fortis-college-norfolk
233329	website	https://www.fortis.edu/	fortis.edu	C	fortis-college-norfolk
382957	admissions	https://www.fortis.edu/admissions.html	fortis.edu	C	fortis-college-richmond
382957	website	https://www.fortis.edu/	fortis.edu	C	fortis-college-richmond
456454	admissions	https://www.fortis.edu/admissions.html	fortis.edu	C	fortis-college-salt-lake-city
456454	website	https://www.fortis.edu/	fortis.edu	C	fortis-college-salt-lake-city
494436	admissions	https://www.fortis.edu/admissions.html	fortis.edu	C	fortis-institute
494436	website	https://www.fortis.edu/	fortis.edu	C	fortis-institute
455628	admissions	http://www.fortis.edu/admissions.html	fortis.edu	C	fortis-institute-birmingham
455628	website	http://www.fortis.edu/	fortis.edu	C	fortis-institute-birmingham
249609	admissions	https://www.fortis.edu/admissions.html	fortis.edu	C	fortis-institute-forty-fort
249609	website	http://www.fortis.edu/	fortis.edu	C	fortis-institute-forty-fort
452124	admissions	https://www.fortis.edu/admissions.html	fortis.edu	C	fortis-institute-nashville
452124	website	http://www.fortis.edu/	fortis.edu	C	fortis-institute-nashville
455479	admissions	https://www.fortis.edu/admissions.html	fortis.edu	C	fortis-institute-pensacola
455479	website	https://www.fortis.edu/	fortis.edu	C	fortis-institute-pensacola
385503	admissions	https://www.fortis.edu/admissions.html	fortis.edu	C	fortis-institute-scranton
385503	website	https://www.fortis.edu/	fortis.edu	C	fortis-institute-scranton
145239	admissions	http://www.foxcollege.edu/admissions	foxcollege.edu	B	fox-college-inc
145239	website	http://www.foxcollege.edu/	foxcollege.edu	B	fox-college-inc
238722	admissions	https://www.fvtc.edu/admissions	fvtc.edu	C	fox-valley-technical-college
238722	website	https://www.fvtc.edu/	fvtc.edu	C	fox-valley-technical-college
165866	admissions	http://www.framingham.edu/admissions-and-aid/admissions/index	framingham.edu	B	framingham-state-university
165866	website	http://www.framingham.edu/	framingham.edu	B	framingham-state-university
218061	admissions	http://www.fmarion.edu/fmuadmissions	fmarion.edu	B	francis-marion
218061	website	http://www.fmarion.edu/	fmarion.edu	B	francis-marion
205957	admissions	http://www.franciscan.edu/undergraduate/	franciscan.edu	B	franciscan
205957	website	http://www.franciscan.edu/	franciscan.edu	B	franciscan
160074	admissions	http://www.franu.edu/admissions	franu.edu	B	franciscan-missionaries-of-our-lady-university
160074	website	http://www.franu.edu/	franu.edu	B	franciscan-missionaries-of-our-lady-university
224891	admissions	http://fpctx.edu/admissions/	fpctx.edu	C	frank-phillips-college
224891	website	http://www.fpctx.edu/	fpctx.edu	C	frank-phillips-college
212577	admissions	https://www.fandm.edu/admission	fandm.edu	B	franklin-and-marshall-college
212577	website	https://www.fandm.edu/	fandm.edu	B	franklin-and-marshall-college
150604	admissions	http://www.franklincollege.edu/admissions-aid/	franklincollege.edu	B	franklin-college
150604	website	http://www.franklincollege.edu/	franklincollege.edu	B	franklin-college
182795	admissions	https://www.franklinpierce.edu/admissions/	franklinpierce.edu	B	franklin-pierce-university
182795	website	https://www.franklinpierce.edu/	franklinpierce.edu	B	franklin-pierce-university
202806	admissions	http://www.franklin.edu/future-student	franklin.edu	C	franklin-university
202806	website	http://www.franklin.edu/	franklin.edu	C	franklin-university
162557	admissions	https://www.frederick.edu/admissions.aspx?cid=Admissions-Top-Link	frederick.edu	C	frederick-community-college
162557	website	https://www.frederick.edu/	frederick.edu	C	frederick-community-college
220215	admissions	http://www.fhu.edu/admissions-aid	fhu.edu	B	freed-hardeman-university
220215	website	http://www.fhu.edu/	fhu.edu	B	freed-hardeman-university
114789	admissions	http://www.fresnocitycollege.edu/admissions-aid/admissions-and-records-office/admissions/index.html	fresnocitycollege.edu	C	fresno-city-college
114789	website	http://www.fresnocitycollege.edu/	fresnocitycollege.edu	C	fresno-city-college
114813	admissions	http://www.fresno.edu/admissions/	fresno.edu	B	fresno-pacific-university
114813	website	http://www.fresno.edu/	fresno.edu	B	fresno-pacific-university
155089	admissions	http://www.friends.edu/admissions	friends.edu	B	friends-university
155089	website	http://www.friends.edu/	friends.edu	B	friends-university
127200	admissions	https://www.frontrange.edu/getting-in/admissions	frontrange.edu	C	front-range-community-college
127200	website	https://www.frontrange.edu/	frontrange.edu	C	front-range-community-college
156727	admissions	http://www.frontier.edu/admissions	frontier.edu	C	frontier-nursing-university
156727	website	http://www.frontier.edu/	frontier.edu	C	frontier-nursing-university
162584	admissions	http://www.frostburg.edu/admissions-and-cost/undergraduate/index.php	frostburg.edu	B	frostburg-state-university
162584	website	http://www.frostburg.edu/	frostburg.edu	B	frostburg-state-university
134237	admissions	http://www.fullsail.edu/admissions	fullsail.edu	C	full-sail-university
134237	website	http://www.fullsail.edu/	fullsail.edu	C	full-sail-university
114859	admissions	http://admissions.fullcoll.edu/	fullcoll.edu	C	fullerton-college
114859	website	http://www.fullcoll.edu/	fullcoll.edu	C	fullerton-college
191302	admissions	http://www.fmcc.edu/admissions/	fmcc.edu	C	fulton-montgomery-community-college
191302	website	http://www.fmcc.edu/	fmcc.edu	C	fulton-montgomery-community-college
218070	admissions	http://www.furman.edu/admissions-aid/	furman.edu	B	furman-university
218070	website	http://www.furman.edu/	furman.edu	B	furman-university
101240	admissions	http://www.gadsdenstate.edu/admissions-aid/welcome.cms	gadsdenstate.edu	C	gadsden-state-community-college
101240	website	http://www.gadsdenstate.edu/	gadsdenstate.edu	C	gadsden-state-community-college
131450	admissions	https://gallaudet.edu/admissions/	gallaudet.edu	B	gallaudet-university
131450	website	https://gallaudet.edu/	gallaudet.edu	B	gallaudet-university
224961	admissions	https://www.gc.edu/admissions	gc.edu	C	galveston-college
224961	website	https://www.gc.edu/	gc.edu	C	galveston-college
212601	admissions	http://www.gannon.edu/Admissions/	gannon.edu	B	gannon-university
212601	website	http://www.gannon.edu/	gannon.edu	B	gannon-university
155104	admissions	http://www.gcccks.edu/Admissions/default.aspx	gcccks.edu	C	garden-city-community-college
155104	website	http://www.gcccks.edu/	gcccks.edu	C	garden-city-community-college
198561	admissions	http://www.gardner-webb.edu/admissions	gardner-webb.edu	B	gardner-webb-university
198561	website	http://www.gardner-webb.edu/	gardner-webb.edu	B	gardner-webb-university
162609	admissions	http://www.garrettcollege.edu/admissions.php	garrettcollege.edu	C	garrett-college
162609	website	http://www.garrettcollege.edu/index.php	garrettcollege.edu	C	garrett-college
198570	website	http://www.gaston.edu/	gaston.edu	C	gaston-college
157438	admissions	https://gateway.kctcs.edu/admissions/index.aspx	kctcs.edu	C	gateway-community-and-technical-college
157438	website	https://gateway.kctcs.edu/index.aspx	kctcs.edu	C	gateway-community-and-technical-college
105145	website	http://www.gatewaycc.edu/	gatewaycc.edu	C	gateway-community-college-phoenix
238759	admissions	https://www.gtc.edu/admissions	gtc.edu	C	gateway-technical-college
238759	website	https://www.gtc.edu/	gtc.edu	C	gateway-technical-college
114938	admissions	https://www.gavilan.edu/admit/index.php	gavilan.edu	C	gavilan-college
114938	website	https://www.gavilan.edu/	gavilan.edu	C	gavilan-college
146816	admissions	http://www.generations.edu/academics	generations.edu	C	generations-college
146816	website	http://www.generations.edu/	generations.edu	C	generations-college
191339	admissions	https://www.genesee.edu/admissions/	genesee.edu	C	genesee-community-college
191339	website	https://www.genesee.edu/	genesee.edu	C	genesee-community-college
212656	admissions	http://www.geneva.edu/admissions/	geneva.edu	C	geneva-college
212656	website	http://www.geneva.edu/	geneva.edu	C	geneva-college
101286	admissions	http://www.wallace.edu/admissions/	wallace.edu	C	george-c-wallace-community-college-dothan
101286	website	http://www.wallace.edu/	wallace.edu	C	george-c-wallace-community-college-dothan
101295	admissions	https://www.wallacestate.edu/admissions/index.html	wallacestate.edu	C	george-c-wallace-state-community-college-hanceville
101295	website	https://www.wallacestate.edu/	wallacestate.edu	C	george-c-wallace-state-community-college-hanceville
101301	admissions	https://www.wccs.edu/admissions/student-admissions	wccs.edu	C	george-c-wallace-state-community-college-selma
101301	website	https://www.wccs.edu/	wccs.edu	C	george-c-wallace-state-community-college-selma
208822	admissions	https://www.georgefox.edu/admission/index.html	georgefox.edu	B	george-fox-university
208822	website	https://www.georgefox.edu/	georgefox.edu	B	george-fox-university
232186	admissions	https://www.gmu.edu/admissions-aid	gmu.edu	A	george-mason-university
232186	website	https://www.gmu.edu/	gmu.edu	A	george-mason-university
131469	admissions	https://www.gwu.edu/admissions-aid	gwu.edu	B	george-washington
131469	website	https://www.gwu.edu/	gwu.edu	B	george-washington
131496	admissions	https://uadmissions.georgetown.edu/	georgetown.edu	B	georgetown
131496	website	https://www.georgetown.edu/	georgetown.edu	B	georgetown
156745	admissions	http://www.georgetowncollege.edu/admissions/	georgetowncollege.edu	B	georgetown-college
156745	website	http://www.georgetowncollege.edu/	georgetowncollege.edu	B	georgetown-college
139959	admissions	https://www.admissions.uga.edu/	uga.edu	A	georgia
139959	website	http://www.uga.edu/	uga.edu	A	georgia
139861	admissions	http://www.gcsu.edu/admissions/	gcsu.edu	B	georgia-college-and-state-university
139861	website	http://www.gcsu.edu/	gcsu.edu	B	georgia-college-and-state-university
447689	admissions	http://www.ggc.edu/admissions	ggc.edu	A	georgia-gwinnett-college
447689	website	http://www.ggc.edu/	ggc.edu	A	georgia-gwinnett-college
139700	admissions	http://www.highlands.edu/admissions	highlands.edu	C	georgia-highlands-college
139700	website	http://www.highlands.edu/	highlands.edu	C	georgia-highlands-college
485111	admissions	https://www.gmc.edu/admissions-overview/	gmc.edu	C	georgia-military-college
485111	website	https://www.gmc.edu/	gmc.edu	C	georgia-military-college
139384	admissions	http://www.gntc.edu/admissions/	gntc.edu	C	georgia-northwestern-technical-college
139384	website	http://www.gntc.edu/	gntc.edu	C	georgia-northwestern-technical-college
244437	admissions	http://perimeter.gsu.edu/admissions/	gsu.edu	B	georgia-perimeter-college
244437	website	http://perimeter.gsu.edu/	gsu.edu	B	georgia-perimeter-college
244446	admissions	http://www.gptc.edu/admissions	gptc.edu	C	georgia-piedmont-technical-college
244446	website	http://www.gptc.edu/	gptc.edu	C	georgia-piedmont-technical-college
139931	admissions	http://admissions.georgiasouthern.edu/	georgiasouthern.edu	B	georgia-southern-university
139931	website	http://www.georgiasouthern.edu/	georgiasouthern.edu	B	georgia-southern-university
139764	admissions	https://gsw.edu/admissions	gsw.edu	B	georgia-southwestern-state-university
139764	website	https://gsw.edu/	gsw.edu	B	georgia-southwestern-state-university
139940	admissions	http://admissions.gsu.edu/	gsu.edu	B	georgia-state-university
139940	website	http://www.gsu.edu/	gsu.edu	B	georgia-state-university
139755	admissions	http://www.admission.gatech.edu/	gatech.edu	A	georgia-tech
139755	website	http://www.gatech.edu/	gatech.edu	A	georgia-tech
184773	admissions	https://georgian.edu/admissions/	georgian.edu	B	georgian-court-university
184773	website	https://georgian.edu/	georgian.edu	B	georgian-court-university
232195	admissions	http://www.germanna.edu/admissions/	germanna.edu	C	germanna-community-college
232195	website	http://www.germanna.edu/	germanna.edu	C	germanna-community-college
212674	admissions	https://www.gettysburg.edu/admissions-aid	gettysburg.edu	B	gettysburg-college
212674	website	https://www.gettysburg.edu/	gettysburg.edu	B	gettysburg-college
364025	website	http://www.cgc.maricopa.edu/	maricopa.edu	C	gilbert-community-college
169974	admissions	http://www.glenoaks.edu/admissions/	glenoaks.edu	C	glen-oaks-community-college
169974	website	http://www.glenoaks.edu/	glenoaks.edu	C	glen-oaks-community-college
104708	website	http://www.gccaz.edu/	gccaz.edu	C	glendale-community-college-az
115001	admissions	https://www.glendale.edu/students/admissions-records	glendale.edu	C	glendale-community-college-ca
115001	website	https://www.glendale.edu/	glendale.edu	C	glendale-community-college-ca
237385	admissions	http://www.glenville.edu/admissions	glenville.edu	C	glenville-state-university
237385	website	http://www.glenville.edu/	glenville.edu	C	glenville-state-university
202903	admissions	https://www.gbs.edu/admissions	gbs.edu	B	gods-bible-school-and-college
202903	website	https://www.gbs.edu/	gbs.edu	B	gods-bible-school-and-college
169992	admissions	http://gogebic.edu/admissions/index.html	gogebic.edu	C	gogebic-community-college
169992	website	http://gogebic.edu/	gogebic.edu	C	gogebic-community-college
115083	admissions	http://ggu.edu/admissions/	ggu.edu	C	golden-gate-university
115083	website	http://www.ggu.edu/	ggu.edu	C	golden-gate-university
115126	admissions	https://www.goldenwestcollege.edu/enrollment/admissions/index.html	goldenwestcollege.edu	C	golden-west-college
115126	website	https://www.goldenwestcollege.edu/	goldenwestcollege.edu	C	golden-west-college
130989	admissions	http://www.gbc.edu/admissions/apply/undergraduate-admissions.html	gbc.edu	B	goldey-beacom-college
130989	website	http://www.gbc.edu/	gbc.edu	B	goldey-beacom-college
235316	admissions	https://www.gonzaga.edu/admission	gonzaga.edu	B	gonzaga-university
235316	website	https://www.gonzaga.edu/	gonzaga.edu	B	gonzaga-university
202912	admissions	http://www.gscollege.edu/admissions/	gscollege.edu	B	good-samaritan-college-of-nursing-and-health-science
202912	website	http://www.gscollege.edu/	gscollege.edu	B	good-samaritan-college-of-nursing-and-health-science
129154	admissions	http://www.goodwin.edu/admissions/	goodwin.edu	C	goodwin-university
129154	website	http://www.goodwin.edu/	goodwin.edu	C	goodwin-university
139968	admissions	https://www.gordonstate.edu/admissions/	gordonstate.edu	B	gordon-college-ga
139968	website	https://www.gordonstate.edu/	gordonstate.edu	B	gordon-college-ga
165936	admissions	http://www.gordon.edu/admissions	gordon.edu	B	gordon-college-ma
165936	website	http://www.gordon.edu/	gordon.edu	B	gordon-college-ma
150668	admissions	http://www.goshen.edu/admissions	goshen.edu	B	goshen-college
150668	website	http://www.goshen.edu/	goshen.edu	B	goshen-college
162654	admissions	http://www.goucher.edu/become	goucher.edu	B	goucher-college
162654	website	http://www.goucher.edu/	goucher.edu	B	goucher-college
145336	admissions	https://www.govst.edu/admissions/	govst.edu	B	governors-state
145336	website	https://www.govst.edu/	govst.edu	B	governors-state
170000	admissions	https://gracechristian.edu/admissions-aid/on-campus-admissions/	gracechristian.edu	B	grace-christian-university
170000	website	https://www.gracechristian.edu/	gracechristian.edu	B	grace-christian-university
150677	admissions	http://www.grace.edu/admissions	grace.edu	B	grace-college-and-theological-seminary
150677	website	http://www.grace.edu/	grace.edu	B	grace-college-and-theological-seminary
481058	admissions	http://www.gm.edu/	gm.edu	C	grace-mission-university
481058	website	http://www.gm.edu/	gm.edu	C	grace-mission-university
481401	admissions	http://www.gsot.edu/admissions/	gsot.edu	C	grace-school-of-theology
481401	website	http://www.gsot.edu/	gsot.edu	C	grace-school-of-theology
153366	admissions	http://www.graceland.edu/admissions	graceland.edu	B	graceland-university-lamoni
153366	website	http://www.graceland.edu/	graceland.edu	B	graceland-university-lamoni
159009	admissions	http://www.gram.edu/admissions/	gram.edu	B	grambling-state-university
159009	website	http://www.gram.edu/	gram.edu	B	grambling-state-university
104717	admissions	https://www.gcu.edu/admissions	gcu.edu	B	grand-canyon-university
104717	website	http://www.gcu.edu/	gcu.edu	B	grand-canyon-university
170055	admissions	https://www.grcc.edu/students-resources/admissions-enrollment	grcc.edu	C	grand-rapids-community-college
170055	website	https://www.grcc.edu/	grcc.edu	C	grand-rapids-community-college
170082	admissions	http://www.gvsu.edu/admissions/	gvsu.edu	A	grand-valley-state-university
170082	website	http://www.gvsu.edu/	gvsu.edu	A	grand-valley-state-university
153375	admissions	http://www.grandview.edu/	grandview.edu	B	grand-view-university
153375	website	http://www.grandview.edu/	grandview.edu	B	grand-view-university
442569	admissions	https://www.uagrantham.edu/online-college-admissions/	uagrantham.edu	C	grantham-university
442569	website	https://www.uagrantham.edu/	uagrantham.edu	C	grantham-university
212771	admissions	https://www.gratz.edu/admission-aid	gratz.edu	C	gratz-college
212771	website	https://www.gratz.edu/	gratz.edu	C	gratz-college
235334	admissions	http://www.ghc.edu/admissions	ghc.edu	C	grays-harbor-college
235334	website	http://www.ghc.edu/	ghc.edu	C	grays-harbor-college
225070	admissions	https://grayson.edu/apply/enrollment-steps.html	grayson.edu	C	grayson-college
225070	website	http://grayson.edu/	grayson.edu	C	grayson-college
182306	admissions	http://www.gbcnv.edu/admissions	gbcnv.edu	C	great-basin-college
182306	website	http://www.gbcnv.edu/	gbcnv.edu	C	great-basin-college
183150	admissions	https://www.greatbay.edu/admissions/admissions-overview/	greatbay.edu	C	great-bay-community-college
183150	website	https://www.greatbay.edu/	greatbay.edu	C	great-bay-community-college
180249	admissions	https://admissions.gfcmsu.edu/	gfcmsu.edu	C	great-falls-college-msu
180249	website	https://www.gfcmsu.edu/	gfcmsu.edu	C	great-falls-college-msu
170091	admissions	http://www.glcc.edu/admissions/	glcc.edu	C	great-lakes-christian-college
170091	website	http://www.glcc.edu/	glcc.edu	C	great-lakes-christian-college
497213	admissions	https://www.greatnorthernu.org/admissions	greatnorthernu.org	B	great-northern-university
497213	website	https://www.greatnorthernu.org/	greatnorthernu.org	B	great-northern-university
235343	admissions	https://www.greenriver.edu/students/academics/getting-started/	greenriver.edu	C	green-river-college
235343	website	https://www.greenriver.edu/	greenriver.edu	C	green-river-college
165981	admissions	http://www.gcc.mass.edu/admissions	mass.edu	C	greenfield-community-college
165981	website	http://www.gcc.mass.edu/	mass.edu	C	greenfield-community-college
198598	admissions	https://www.greensboro.edu/admissions/	greensboro.edu	B	greensboro-college
198598	website	https://www.greensboro.edu/	greensboro.edu	B	greensboro-college
218113	admissions	http://www.gvltec.edu/admissions_aid/index.html	gvltec.edu	C	greenville-technical-college
218113	website	http://www.gvltec.edu/	gvltec.edu	C	greenville-technical-college
145372	admissions	http://www.greenville.edu/admissions	greenville.edu	B	greenville-university
145372	website	http://www.greenville.edu/	greenville.edu	B	greenville-university
153384	admissions	http://www.grinnell.edu/admission	grinnell.edu	B	grinnell
153384	website	http://www.grinnell.edu/	grinnell.edu	B	grinnell
115296	admissions	https://www.grossmont.edu/admissions/index.php	grossmont.edu	C	grossmont-college
115296	website	https://www.grossmont.edu/	grossmont.edu	C	grossmont-college
212805	admissions	http://www.gcc.edu/futurestudents	gcc.edu	B	grove-city-college
212805	website	http://www.gcc.edu/	gcc.edu	B	grove-city-college
198613	admissions	https://www.guilford.edu/admissions	guilford.edu	B	guilford-college
198613	website	https://www.guilford.edu/	guilford.edu	B	guilford-college
198622	admissions	https://www.gtcc.edu/admissions-and-aid/	gtcc.edu	C	guilford-technical-community-college
198622	website	http://www.gtcc.edu/	gtcc.edu	C	guilford-technical-community-college
134343	admissions	https://www.gulfcoast.edu/admissions/	gulfcoast.edu	C	gulf-coast-state-college
134343	website	https://gulfcoast.edu/	gulfcoast.edu	C	gulf-coast-state-college
139995	website	http://www.gupton-jones.edu/	gupton-jones.edu	C	gupton-jones-college-of-funeral-service
173647	admissions	http://gustavus.edu/admission/	gustavus.edu	B	gustavus-adolphus-college
173647	website	http://gustavus.edu/	gustavus.edu	B	gustavus-adolphus-college
140003	admissions	http://www.gwinnettcollege.edu/	gwinnettcollege.edu	C	gwinnett-college-lilburn
140003	website	http://www.gwinnettcollege.edu/	gwinnettcollege.edu	C	gwinnett-college-lilburn
140012	admissions	https://www.gwinnetttech.edu/enrollment/	gwinnetttech.edu	C	gwinnett-technical-college
140012	website	https://www.gwinnetttech.edu/	gwinnetttech.edu	C	gwinnett-technical-college
212832	admissions	https://www.gmercyu.edu/admissions-aid	gmercyu.edu	A	gwynedd-mercy-university
212832	website	https://www.gmercyu.edu/	gmercyu.edu	A	gwynedd-mercy-university
102313	admissions	http://www.trenholmstate.edu/admissions/apply-now/	trenholmstate.edu	C	h-councill-trenholm-state-community-college
102313	website	http://www.trenholmstate.edu/	trenholmstate.edu	C	h-councill-trenholm-state-community-college
162690	admissions	https://www.hagerstowncc.edu/admissions	hagerstowncc.edu	C	hagerstown-community-college
162690	website	https://www.hagerstowncc.edu/	hagerstowncc.edu	C	hagerstown-community-college
198640	admissions	http://halifaxcc.edu/getting-started/	halifaxcc.edu	C	halifax-community-college
198640	website	http://halifaxcc.edu/	halifaxcc.edu	C	halifax-community-college
225201	admissions	https://www.hallmarkuniversity.edu/admissions/	hallmarkuniversity.edu	B	hallmark-university
225201	website	https://www.hallmarkuniversity.edu/	hallmarkuniversity.edu	B	hallmark-university
191515	admissions	https://www.hamilton.edu/admission	hamilton.edu	B	hamilton
191515	website	https://www.hamilton.edu/	hamilton.edu	B	hamilton
173665	admissions	https://www.hamline.edu/admission-aid/admission	hamline.edu	B	hamline-university
173665	website	https://www.hamline.edu/	hamline.edu	B	hamline-university
232256	admissions	http://www.hsc.edu/admissions-and-financial-aid	hsc.edu	B	hampden-sydney-college
232256	website	http://www.hsc.edu/	hsc.edu	B	hampden-sydney-college
166018	admissions	https://www.hampshire.edu/admissions	hampshire.edu	B	hampshire-college
166018	website	https://www.hampshire.edu/	hampshire.edu	B	hampshire-college
232265	admissions	http://www.hamptonu.edu/studentservices/admissions	hamptonu.edu	B	hampton-university
232265	website	http://www.hamptonu.edu/	hamptonu.edu	B	hampton-university
177542	admissions	https://www.hlg.edu/admissions/	hlg.edu	B	hannibal-lagrange-university
177542	website	http://www.hlg.edu/	hlg.edu	B	hannibal-lagrange-university
150756	admissions	http://www.hanover.edu/admission/	hanover.edu	B	hanover
150756	website	http://www.hanover.edu/	hanover.edu	B	hanover
212869	admissions	https://www.harcum.edu/s/1044/edu/index.aspx?sid=1044&gid=1&pgid=1033	harcum.edu	C	harcum-college
212869	website	https://www.harcum.edu/s/1044/edu/start.aspx	harcum.edu	C	harcum-college
225247	admissions	https://www.hsutx.edu/admissions	hsutx.edu	B	hardin-simmons-university
225247	website	https://www.hsutx.edu/	hsutx.edu	B	hardin-simmons-university
107044	admissions	http://www.harding.edu/admissions/	harding.edu	B	harding-university
107044	website	http://www.harding.edu/	harding.edu	B	harding-university
162706	admissions	https://www.harford.edu/admissions/index.php	harford.edu	C	harford-community-college
162706	website	https://www.harford.edu/	harford.edu	C	harford-community-college
149842	admissions	https://www.harpercollege.edu/start/index.php	harpercollege.edu	C	harper-college
149842	website	https://www.harpercollege.edu/index.php	harpercollege.edu	C	harper-college
177551	admissions	https://go.hssu.edu/rsp_content.html?wid=2&pid=2201	hssu.edu	C	harris-stowe-state-university
177551	website	https://www.hssu.edu/	hssu.edu	C	harris-stowe-state-university
212878	admissions	https://www.hacc.edu/Admissions/index.cfm	hacc.edu	C	harrisburg-area-community-college-harrisburg
212878	website	https://www.hacc.edu/	hacc.edu	C	harrisburg-area-community-college-harrisburg
446640	admissions	http://www.harrisburgu.edu/admissions/	harrisburgu.edu	B	harrisburg-university-of-science-and-technology
446640	website	http://www.harrisburgu.edu/	harrisburgu.edu	B	harrisburg-university-of-science-and-technology
115393	admissions	http://www.hartnell.edu/students/admissions/	hartnell.edu	C	hartnell-college
115393	website	http://www.hartnell.edu/	hartnell.edu	C	hartnell-college
191533	admissions	http://www.hartwick.edu/admissions	hartwick.edu	B	hartwick-college
191533	website	http://www.hartwick.edu/	hartwick.edu	B	hartwick-college
166027	admissions	http://college.harvard.edu/admissions	harvard.edu	A	harvard
166027	website	http://www.harvard.edu/	harvard.edu	A	harvard
115409	admissions	https://www.hmc.edu/admission.html	hmc.edu	B	harvey-mudd
115409	website	https://www.hmc.edu/	hmc.edu	B	harvey-mudd
155140	admissions	http://www.haskell.edu/admissions/new-students/	haskell.edu	B	haskell-indian-nations-university
155140	website	http://www.haskell.edu/	haskell.edu	B	haskell-indian-nations-university
181127	admissions	http://www.hastings.edu/admissions/	hastings.edu	B	hastings-college
181127	website	http://www.hastings.edu/	hastings.edu	B	hastings-college
111045	admissions	http://www.haven.edu/	haven.edu	C	haven-university
111045	website	http://www.haven.edu/	haven.edu	C	haven-university
212911	admissions	https://www.haverford.edu/admission/	haverford.edu	B	haverford
212911	website	https://www.haverford.edu/	haverford.edu	B	haverford
383190	admissions	http://www.hawaii.hawaii.edu/admissions	hawaii.edu	C	hawaii-community-college
383190	website	http://www.hawaii.hawaii.edu/	hawaii.edu	C	hawaii-community-college
141644	admissions	https://www.hpu.edu/admissions/	hpu.edu	B	hawaii-pacific-university
141644	website	https://www.hpu.edu/	hpu.edu	B	hawaii-pacific-university
153445	admissions	http://www.hawkeyecollege.edu/admissions	hawkeyecollege.edu	C	hawkeye-community-college
153445	website	http://www.hawkeyecollege.edu/	hawkeyecollege.edu	C	hawkeye-community-college
198668	admissions	https://www.haywood.edu/enrollment-management/index.php	haywood.edu	C	haywood-community-college
198668	website	https://www.haywood.edu/	haywood.edu	C	haywood-community-college
156790	admissions	https://hazard.kctcs.edu/Admissions	kctcs.edu	C	hazard-community-and-technical-college
156790	website	https://hazard.kctcs.edu/	kctcs.edu	C	hazard-community-and-technical-college
384342	admissions	https://www.heartland.edu/application/	heartland.edu	C	heartland-community-college
384342	website	https://www.heartland.edu/	heartland.edu	C	heartland-community-college
145497	admissions	https://www.htc.edu/	htc.edu	B	hebrew-theological-college
145497	website	https://www.htc.edu/	htc.edu	B	hebrew-theological-college
203085	admissions	https://www.heidelberg.edu/admission-aid	heidelberg.edu	B	heidelberg-university
203085	website	https://www.heidelberg.edu/	heidelberg.edu	B	heidelberg-university
180276	admissions	https://helenacollege.edu/admissions_enrollment/applyonline.aspx	helenacollege.edu	C	helena-college-university-of-montana
180276	website	https://www.helenacollege.edu/	helenacollege.edu	C	helena-college-university-of-montana
166054	admissions	https://www.hchc.edu/admissions-apply/	hchc.edu	B	hellenic-college-holy-cross-greek-orthodox-school-of-theology
166054	website	http://www.hchc.edu/	hchc.edu	B	hellenic-college-holy-cross-greek-orthodox-school-of-theology
156851	admissions	https://henderson.kctcs.edu/admissions/index.aspx	kctcs.edu	C	henderson-community-college
156851	website	https://henderson.kctcs.edu/	kctcs.edu	C	henderson-community-college
107071	admissions	https://www.hsu.edu/pages/future-students/admissions/	hsu.edu	C	henderson-state-university
107071	website	https://www.hsu.edu/	hsu.edu	C	henderson-state-university
107080	admissions	https://www.hendrix.edu/admission	hendrix.edu	B	hendrix
107080	website	https://www.hendrix.edu/	hendrix.edu	B	hendrix
173708	admissions	https://www.hennepintech.edu/future-students/admissions/index.html	hennepintech.edu	C	hennepin-technical-college
173708	website	http://www.hennepintech.edu/	hennepintech.edu	C	hennepin-technical-college
170240	admissions	https://www.hfcc.edu/apply	hfcc.edu	C	henry-ford-college
170240	website	https://www.hfcc.edu/	hfcc.edu	C	henry-ford-college
198677	admissions	http://www.heritagebiblecollege.edu/	heritagebiblecollege.edu	C	heritage-bible-college
198677	website	http://www.heritagebiblecollege.edu/	heritagebiblecollege.edu	C	heritage-bible-college
101453	admissions	http://www.hcu.edu/admissions/	hcu.edu	B	heritage-christian-university
101453	website	http://www.hcu.edu/	hcu.edu	B	heritage-christian-university
235422	admissions	http://www.heritage.edu/admissions/	heritage.edu	C	heritage-university
235422	website	http://www.heritage.edu/	heritage.edu	C	heritage-university
191612	admissions	http://www.herkimer.edu/admissions/	herkimer.edu	C	herkimer-county-community-college
191612	website	http://www.herkimer.edu/	herkimer.edu	C	herkimer-county-community-college
200785	admissions	https://www.herzing.edu/	herzing.edu	B	herzing-university-akron-campus
200785	website	https://www.herzing.edu/	herzing.edu	B	herzing-university-akron-campus
140340	admissions	https://www.herzing.edu/	herzing.edu	B	herzing-university-atlanta
140340	website	https://www.herzing.edu/	herzing.edu	B	herzing-university-atlanta
101365	admissions	https://www.herzing.edu/	herzing.edu	B	herzing-university-birmingham
101365	website	https://www.herzing.edu/	herzing.edu	B	herzing-university-birmingham
459851	admissions	https://www.herzing.edu/	herzing.edu	B	herzing-university-brookfield
459851	website	https://www.herzing.edu/	herzing.edu	B	herzing-university-brookfield
459842	admissions	https://www.herzing.edu/	herzing.edu	B	herzing-university-kenosha
459842	website	https://www.herzing.edu/	herzing.edu	B	herzing-university-kenosha
240392	admissions	https://www.herzing.edu/	herzing.edu	B	herzing-university-madison
240392	website	https://www.herzing.edu/	herzing.edu	B	herzing-university-madison
174154	admissions	https://www.herzing.edu/	herzing.edu	B	herzing-university-minneapolis
174154	website	https://www.herzing.edu/	herzing.edu	B	herzing-university-minneapolis
433536	admissions	https://www.herzing.edu/	herzing.edu	B	herzing-university-new-orleans
433536	website	https://www.herzing.edu/	herzing.edu	B	herzing-university-new-orleans
386472	admissions	https://www.herzing.edu/	herzing.edu	B	herzing-university-winter-park
386472	website	https://www.herzing.edu/	herzing.edu	B	herzing-university-winter-park
155177	admissions	http://www.hesston.edu/admissions/	hesston.edu	C	hesston-college
155177	website	http://www.hesston.edu/	hesston.edu	C	hesston-college
198695	admissions	http://www.highpoint.edu/admissions/	highpoint.edu	B	high-point-university
198695	website	http://www.highpoint.edu/	highpoint.edu	B	high-point-university
145521	admissions	http://www.highland.edu/admissions	highland.edu	C	highland-community-college-il
145521	website	http://www.highland.edu/	highland.edu	C	highland-community-college-il
155186	admissions	https://highlandcc.edu/pages/admissions	highlandcc.edu	C	highland-community-college-ks
155186	website	http://www.highlandcc.edu/	highlandcc.edu	C	highland-community-college-ks
180081	admissions	https://www.mtech.edu/admissions-aid/	mtech.edu	C	highlands-college-of-montana-tech
180081	website	https://www.mtech.edu/	mtech.edu	C	highlands-college-of-montana-tech
235431	admissions	http://admissions.highline.edu/	highline.edu	C	highline-college
235431	website	http://www.highline.edu/	highline.edu	C	highline-college
191621	admissions	http://www.hilbert.edu/admissions-financial-aid/admissions	hilbert.edu	B	hilbert-college
191621	website	http://www.hilbert.edu/	hilbert.edu	B	hilbert-college
225371	admissions	https://www.hillcollege.edu/Admissions_Aid/ApplyNow/Index.html	hillcollege.edu	C	hill-college
225371	website	https://www.hillcollege.edu/	hillcollege.edu	C	hill-college
134495	admissions	https://www.hccfl.edu/admissions	hccfl.edu	C	hillsborough-community-college
134495	website	https://www.hccfl.edu/	hccfl.edu	C	hillsborough-community-college
170286	admissions	https://www.hillsdale.edu/admissions-aid/admissions-2/	hillsdale.edu	B	hillsdale
170286	website	https://www.hillsdale.edu/	hillsdale.edu	B	hillsdale
175786	admissions	https://www.hindscc.edu/admissions	hindscc.edu	C	hinds-community-college
175786	website	http://www.hindscc.edu/	hindscc.edu	C	hinds-community-college
203128	admissions	http://www.hiram.edu/admissions-aid/	hiram.edu	A	hiram-college
203128	website	http://www.hiram.edu/	hiram.edu	A	hiram-college
191630	admissions	http://www.hws.edu/admissions/default.aspx	hws.edu	A	hobart-william-smith-colleges
191630	website	http://www.hws.edu/	hws.edu	A	hobart-william-smith-colleges
134510	admissions	https://hsbc.edu/academics/admissions-office/	hsbc.edu	C	hobe-sound-bible-college
134510	website	https://hsbc.edu/	hsbc.edu	C	hobe-sound-bible-college
203155	admissions	http://www.hocking.edu/the-admissions-process	hocking.edu	C	hocking-college
203155	website	http://www.hocking.edu/	hocking.edu	C	hocking-college
191649	admissions	http://www.hofstra.edu/admission	hofstra.edu	B	hofstra-university
191649	website	http://www.hofstra.edu/	hofstra.edu	B	hofstra-university
232308	admissions	https://www.hollins.edu/admission/	hollins.edu	A	hollins
232308	website	http://www.hollins.edu/	hollins.edu	A	hollins
175810	admissions	http://www.holmescc.edu/admissions/	holmescc.edu	C	holmes-community-college
175810	website	http://www.holmescc.edu/	holmescc.edu	C	holmes-community-college
129534	admissions	http://www.holyapostles.edu/college/admissions/	holyapostles.edu	C	holy-apostles
129534	website	http://www.holyapostles.edu/	holyapostles.edu	C	holy-apostles
150774	admissions	http://www.hcc-nd.edu/section/admissions/	hcc-nd.edu	B	holy-cross-college
150774	website	http://www.hcc-nd.edu/	hcc-nd.edu	B	holy-cross-college
212984	admissions	https://www.holyfamily.edu/admissions-aid/undergraduate-admissions	holyfamily.edu	B	holy-family-university
212984	website	https://www.holyfamily.edu/	holyfamily.edu	B	holy-family-university
166133	admissions	http://www.hcc.edu/admission	hcc.edu	C	holyoke-community-college
166133	website	http://www.hcc.edu/	hcc.edu	C	holyoke-community-college
457086	admissions	http://www.homesteadschools.net/	homesteadschools.net	C	homestead-schools
457086	website	http://www.homesteadschools.net/	homesteadschools.net	C	homestead-schools
203386	admissions	http://www.hondros.edu/enroll/index.html	hondros.edu	B	hondros-college
203386	website	http://www.hondros.edu/	hondros.edu	B	hondros-college
141680	admissions	https://www.honolulu.hawaii.edu/admissions/admission-overview/	hawaii.edu	C	honolulu-community-college
141680	website	https://www.honolulu.hawaii.edu/	hawaii.edu	C	honolulu-community-college
162760	admissions	http://www.hood.edu/admission-aid	hood.edu	B	hood-college
162760	website	http://www.hood.edu/	hood.edu	B	hood-college
170301	admissions	https://hope.edu/admissions	hope.edu	B	hope
170301	website	https://hope.edu/	hope.edu	B	hope
120537	admissions	http://www.hiu.edu/admissions/	hiu.edu	B	hope-international-university
120537	website	http://www.hiu.edu/	hiu.edu	B	hope-international-university
156860	admissions	https://hopkinsville.kctcs.edu/admissions/index.aspx	kctcs.edu	C	hopkinsville-community-college
156860	website	https://hopkinsville.kctcs.edu/index.aspx	kctcs.edu	C	hopkinsville-community-college
218140	admissions	https://www.hgtc.edu/admissions/index.html	hgtc.edu	C	horry-georgetown-technical-college
218140	website	http://www.hgtc.edu/	hgtc.edu	C	horry-georgetown-technical-college
191676	admissions	http://www.houghton.edu/admission/	houghton.edu	B	houghton-university
191676	website	http://www.houghton.edu/	houghton.edu	B	houghton-university
225399	admissions	https://www.hc.edu/admissions	hc.edu	B	houston-christian-university
225399	website	https://www.hc.edu/	hc.edu	B	houston-christian-university
225423	admissions	http://www.hccs.edu/applying-and-paying/	hccs.edu	C	houston-community-college
225423	website	http://www.hccs.edu/	hccs.edu	C	houston-community-college
225520	admissions	https://howardcollege.edu/futurehawk-admissions/	howardcollege.edu	C	howard-college
225520	website	https://www.howardcollege.edu/	howardcollege.edu	C	howard-college
162779	admissions	http://www.howardcc.edu/admissions-aid/apply-for-admission/	howardcc.edu	C	howard-community-college
162779	website	http://www.howardcc.edu/	howardcc.edu	C	howard-community-college
225548	admissions	http://www.hputx.edu/admissions/	hputx.edu	B	howard-payne-university
225548	website	http://www.hputx.edu/	hputx.edu	B	howard-payne-university
131520	admissions	http://www2.howard.edu/admission	howard.edu	A	howard-university
131520	website	http://www.howard.edu/	howard.edu	A	howard-university
184995	admissions	http://www.hccc.edu/admissions/applyinghccc/	hccc.edu	C	hudson-county-community-college
184995	website	http://www.hccc.edu/	hccc.edu	C	hudson-county-community-college
191719	admissions	http://www.hvcc.edu/adm.html	hvcc.edu	C	hudson-valley-community-college
191719	website	http://www.hvcc.edu/	hvcc.edu	C	hudson-valley-community-college
164368	admissions	http://www.hult.edu/	hult.edu	B	hult-international-business-school
164368	website	http://www.hult.edu/	hult.edu	B	hult-international-business-school
115755	admissions	http://www.humboldt.edu/admission-aid	humboldt.edu	B	humboldt-state-university
115755	website	http://www.humboldt.edu/	humboldt.edu	B	humboldt-state-university
115773	admissions	https://www.humphreys.edu/admissions-aid/	humphreys.edu	C	humphreys-university-stockton-and-modesto-campuses
115773	website	http://www.humphreys.edu/	humphreys.edu	C	humphreys-university-stockton-and-modesto-campuses
101435	admissions	https://www.huntingdon.edu/admission-aid/	huntingdon.edu	B	huntingdon-college
101435	website	https://www.huntingdon.edu/	huntingdon.edu	B	huntingdon-college
237437	admissions	http://www.hjc.edu/admissions-aid/admission-requirements/	hjc.edu	C	huntington-junior-college
237437	website	http://www.hjc.edu/	hjc.edu	C	huntington-junior-college
150941	admissions	http://www.huntington.edu/admissions/	huntington.edu	B	huntington-university
150941	website	http://www.huntington.edu/	huntington.edu	B	huntington-university
449348	admissions	http://www.huntsvillebiblecollege.org/admissions/	huntsvillebiblecollege.org	C	huntsville-bible-college
449348	website	http://www.huntsvillebiblecollege.org/	huntsvillebiblecollege.org	C	huntsville-bible-college
487524	admissions	http://www.husson.edu/admissions	husson.edu	B	husson-university
487524	website	http://www.husson.edu/	husson.edu	B	husson-university
225575	admissions	http://www.htu.edu/	htu.edu	B	huston-tillotson-university
225575	website	http://www.htu.edu/	htu.edu	B	huston-tillotson-university
155195	admissions	http://www.hutchcc.edu/admissions	hutchcc.edu	C	hutchinson-community-college
155195	website	http://www.hutchcc.edu/	hutchcc.edu	C	hutchinson-community-college
372329	admissions	http://www.ibmc.edu/	ibmc.edu	C	ibmc-college
372329	website	http://www.ibmc.edu/	ibmc.edu	C	ibmc-college
142276	admissions	https://www.isu.edu/future/	isu.edu	C	idaho-state-university
142276	website	http://www.isu.edu/	isu.edu	C	idaho-state-university
145725	admissions	https://www.iit.edu/admissions-aid	iit.edu	A	iit
145725	website	https://www.iit.edu/	iit.edu	A	iit
434584	admissions	http://www.ilisagvik.edu/apply/	ilisagvik.edu	C	ilisagvik-college
434584	website	http://www.ilisagvik.edu/	ilisagvik.edu	C	ilisagvik-college
145682	admissions	http://icc.edu/admissions/	icc.edu	C	illinois-central-college
145682	website	http://icc.edu/	icc.edu	C	illinois-central-college
145691	admissions	http://www.ic.edu/admission	ic.edu	B	illinois-college
145691	website	http://www.ic.edu/	ic.edu	B	illinois-college
145707	admissions	https://www.iecc.edu/admissions	iecc.edu	C	illinois-eastern-community-colleges
145707	website	https://www.iecc.edu/	iecc.edu	C	illinois-eastern-community-colleges
145813	admissions	http://www.admissions.illinoisstate.edu/	illinoisstate.edu	A	illinois-state-university
145813	website	http://illinoisstate.edu/	illinoisstate.edu	A	illinois-state-university
145831	admissions	https://www.ivcc.edu/admissions/	ivcc.edu	C	illinois-valley-community-college
145831	website	https://www.ivcc.edu/	ivcc.edu	C	illinois-valley-community-college
145646	admissions	http://www.iwu.edu/admissions/	iwu.edu	A	illinois-wesleyan
145646	website	http://www.iwu.edu/	iwu.edu	A	illinois-wesleyan
213011	admissions	http://www.immaculata.edu/admissions	immaculata.edu	A	immaculata-university
213011	website	http://www.immaculata.edu/	immaculata.edu	A	immaculata-university
115861	admissions	http://www.imperial.edu/students/admissions-and-records/	imperial.edu	C	imperial-valley-college
115861	website	http://www.imperial.edu/	imperial.edu	C	imperial-valley-college
155201	admissions	http://www.indycc.edu/admissions/index	indycc.edu	C	independence-community-college
155201	website	http://www.indycc.edu/	indycc.edu	C	independence-community-college
495280	admissions	https://www.indianbible.org/admissions/	indianbible.org	C	indian-bible-college
495280	website	https://www.indianbible.org/	indianbible.org	C	indian-bible-college
153472	admissions	https://www.indianhills.edu/admissions/index.php	indianhills.edu	C	indian-hills-community-college
153472	website	https://www.indianhills.edu/	indianhills.edu	C	indian-hills-community-college
134608	admissions	https://www.irsc.edu/admissions/index.html	irsc.edu	C	indian-river-state-college
134608	website	http://www.irsc.edu/	irsc.edu	C	indian-river-state-college
151290	admissions	http://admissions.indianatech.edu/	indianatech.edu	B	indiana-institute-of-technology
151290	website	http://www.indianatech.edu/	indianatech.edu	B	indiana-institute-of-technology
151324	admissions	https://indianastate.edu/admissions	indianastate.edu	B	indiana-state-university
151324	website	https://indianastate.edu/	indianastate.edu	B	indiana-state-university
151351	admissions	https://bloomington.iu.edu/admissions/	iu.edu	B	indiana-university-bloomington
151351	website	https://bloomington.iu.edu/	iu.edu	B	indiana-university-bloomington
151388	admissions	https://east.iu.edu/admissions/	iu.edu	B	indiana-university-east
151388	website	https://east.iu.edu/	iu.edu	B	indiana-university-east
151111	admissions	https://indianapolis.iu.edu/admissions	iu.edu	B	indiana-university-indianapolis
151111	website	https://indianapolis.iu.edu/	iu.edu	B	indiana-university-indianapolis
151333	admissions	https://kokomo.iu.edu/admissions/	iu.edu	B	indiana-university-kokomo
151333	website	https://kokomo.iu.edu/	iu.edu	B	indiana-university-kokomo
151360	admissions	https://northwest.iu.edu/admissions/	iu.edu	B	indiana-university-northwest
151360	website	https://northwest.iu.edu/	iu.edu	B	indiana-university-northwest
213020	admissions	http://www.iup.edu/admissions/index.html	iup.edu	A	indiana-university-of-pennsylvania-main-campus
213020	website	http://www.iup.edu/	iup.edu	A	indiana-university-of-pennsylvania-main-campus
151342	admissions	https://admissions.iusb.edu/	iu.edu	B	indiana-university-south-bend
151342	website	https://southbend.iu.edu/	iu.edu	B	indiana-university-south-bend
151379	admissions	https://southeast.iu.edu/admissions/	iu.edu	B	indiana-university-southeast
151379	website	https://southeast.iu.edu/	iu.edu	B	indiana-university-southeast
151801	admissions	https://www.indwes.edu/Admissions/	indwes.edu	B	indiana-wesleyan-university
151801	website	https://www.indwes.edu/	indwes.edu	B	indiana-wesleyan-university
187745	admissions	https://iaia.edu/admissions/	iaia.edu	B	institute-of-american-indian-and-alaska-native-culture
187745	website	https://iaia.edu/	iaia.edu	B	institute-of-american-indian-and-alaska-native-culture
138655	admissions	http://www.ict.edu/admissions	ict.edu	C	interactive-college-of-technology-chamblee
138655	website	http://www.ict.edu/	ict.edu	C	interactive-college-of-technology-chamblee
436614	admissions	https://www.ibcs.edu/admissions/	ibcs.edu	C	international-baptist-college
436614	website	https://www.ibcs.edu/	ibcs.edu	C	international-baptist-college
151467	website	http://www.ibcindianapolis.edu/	ibcindianapolis.edu	B	international-business-college-indianapolis
173799	admissions	https://www.inverhills.edu/admissions/index.aspx	inverhills.edu	C	inver-hills-community-college
173799	website	https://www.inverhills.edu/	inverhills.edu	C	inver-hills-community-college
191931	admissions	https://www.iona.edu/admissions-financial-aid	iona.edu	B	iona-university
191931	website	http://www.iona.edu/	iona.edu	B	iona-university
153658	admissions	https://admissions.uiowa.edu/	uiowa.edu	A	iowa
153658	website	https://uiowa.edu/	uiowa.edu	A	iowa
153524	admissions	http://www.iowacentral.edu/admissions/index.asp	iowacentral.edu	C	iowa-central-community-college
153524	website	http://www.iowacentral.edu/	iowacentral.edu	C	iowa-central-community-college
153533	admissions	http://www.iowalakes.edu/admissions/	iowalakes.edu	C	iowa-lakes-community-college
153533	website	http://www.iowalakes.edu/	iowalakes.edu	C	iowa-lakes-community-college
153603	admissions	https://www.iastate.edu/admission-and-aid/admissions	iastate.edu	B	iowa-state-university
153603	website	https://www.iastate.edu/	iastate.edu	B	iowa-state-university
153630	admissions	http://www.iwcc.edu/admissions/	iwcc.edu	C	iowa-western-community-college
153630	website	http://www.iwcc.edu/	iwcc.edu	C	iowa-western-community-college
116439	admissions	https://www.ivc.edu/admissions	ivc.edu	C	irvine-valley-college
116439	website	https://www.ivc.edu/	ivc.edu	C	irvine-valley-college
198710	admissions	https://www.isothermal.edu/admissions	isothermal.edu	C	isothermal-community-college
198710	website	https://www.isothermal.edu/	isothermal.edu	C	isothermal-community-college
175829	admissions	http://www.iccms.edu/Admissions	iccms.edu	C	itawamba-community-college
175829	website	http://www.iccms.edu/	iccms.edu	C	itawamba-community-college
191968	admissions	https://www.ithaca.edu/admission/	ithaca.edu	B	ithaca-college
191968	website	https://www.ithaca.edu/	ithaca.edu	B	ithaca-college
150987	admissions	http://www.ivytech.edu/admissions/	ivytech.edu	C	ivy-tech-community-college
150987	website	http://www.ivytech.edu/	ivytech.edu	C	ivy-tech-community-college
101462	admissions	https://drakestate.edu/admissions/	drakestate.edu	C	j-f-drake-state-technical-college
101462	website	https://drakestate.edu/	drakestate.edu	C	j-f-drake-state-technical-college
232414	admissions	http://www.reynolds.edu/register_for_classes/steps_to_register/default.aspx	reynolds.edu	C	j-sargeant-reynolds-community-college
232414	website	http://www.reynolds.edu/	reynolds.edu	C	j-sargeant-reynolds-community-college
170444	admissions	http://www.jccmi.edu/studentservices/admissions/index.htm	jccmi.edu	C	jackson-college
170444	website	http://www.jccmi.edu/	jccmi.edu	C	jackson-college
220400	admissions	http://www.jscc.edu/admissions/	jscc.edu	C	jackson-state-community-college
220400	website	http://www.jscc.edu/	jscc.edu	C	jackson-state-community-college
175856	admissions	https://www.jsums.edu/admissions/	jsums.edu	B	jackson-state-university
175856	website	https://www.jsums.edu/	jsums.edu	B	jackson-state-university
225876	admissions	http://jacksonvillecollege.edu/admissions/	jacksonvillecollege.edu	C	jacksonville-college-main-campus
225876	website	http://jacksonvillecollege.edu/	jacksonvillecollege.edu	C	jacksonville-college-main-campus
101480	admissions	https://www.jsu.edu/admissions/	jsu.edu	B	jacksonville-state-university
101480	website	https://www.jsu.edu/	jsu.edu	B	jacksonville-state-university
134945	admissions	https://www.ju.edu/admissions/index.php	ju.edu	A	jacksonville-university
134945	website	https://www.ju.edu/index.php	ju.edu	A	jacksonville-university
203678	admissions	http://www.rhodesstate.edu/admissions/index.html	rhodesstate.edu	C	james-a-rhodes-state-college
203678	website	http://www.rhodesstate.edu/	rhodesstate.edu	C	james-a-rhodes-state-college
232423	admissions	http://www.jmu.edu/index.shtml	jmu.edu	B	james-madison-university
232423	website	http://www.jmu.edu/index.shtml	jmu.edu	B	james-madison-university
198729	admissions	http://jamessprunt.edu/admissions-aid/steps-to-apply/	jamessprunt.edu	C	james-sprunt-community-college
198729	website	http://jamessprunt.edu/	jamessprunt.edu	C	james-sprunt-community-college
191986	admissions	https://www.sunyjcc.edu/admissions	sunyjcc.edu	C	jamestown-community-college
191986	website	https://www.sunyjcc.edu/	sunyjcc.edu	C	jamestown-community-college
225885	admissions	http://www.jarvis.edu/prospective-students/admissions/	jarvis.edu	C	jarvis-christian-university
225885	website	http://www.jarvis.edu/	jarvis.edu	C	jarvis-christian-university
177676	admissions	https://www.jeffco.edu/departments/admissions/	jeffco.edu	C	jefferson-college
177676	website	https://www.jeffco.edu/	jeffco.edu	C	jefferson-college
156921	admissions	https://jefferson.kctcs.edu/Admissions	kctcs.edu	C	jefferson-community-and-technical-college
156921	website	https://jefferson.kctcs.edu/	kctcs.edu	C	jefferson-community-and-technical-college
192022	admissions	https://www.sunyjefferson.edu/admissions/	sunyjefferson.edu	C	jefferson-community-college
192022	website	https://www.sunyjefferson.edu/	sunyjefferson.edu	C	jefferson-community-college
101505	admissions	http://www.jeffersonstate.edu/admissions/	jeffersonstate.edu	C	jefferson-state-community-college
101505	website	http://www.jeffersonstate.edu/	jeffersonstate.edu	C	jefferson-state-community-college
192040	admissions	http://www.jtsa.edu/admissions	jtsa.edu	B	jewish-theological-seminary-of-america
192040	website	http://www.jtsa.edu/	jtsa.edu	B	jewish-theological-seminary-of-america
101471	website	http://www.istc.edu/	istc.edu	C	jf-ingram-state-technical-college
419341	admissions	https://www.culinaryarts.edu/	culinaryarts.edu	C	jna-institute-of-culinary-arts
419341	website	https://www.culinaryarts.edu/	culinaryarts.edu	C	jna-institute-of-culinary-arts
220464	admissions	https://guptoncollege.edu/academics/admissions/	guptoncollege.edu	B	john-a-gupton-college
220464	website	http://www.guptoncollege.edu/	guptoncollege.edu	B	john-a-gupton-college
146205	admissions	https://www.jalc.edu/admissions/	jalc.edu	C	john-a-logan-college
146205	website	https://www.jalc.edu/	jalc.edu	C	john-a-logan-college
107141	admissions	https://www.jbu.edu/admissions/	jbu.edu	B	john-brown
107141	website	https://www.jbu.edu/	jbu.edu	B	john-brown
101514	admissions	https://calhoun.edu/student-services/calhoun-admissions-records	calhoun.edu	C	john-c-calhoun-state-community-college
101514	website	https://calhoun.edu/	calhoun.edu	C	john-c-calhoun-state-community-college
203368	admissions	http://jcu.edu/admission	jcu.edu	A	john-carroll-university
203368	website	http://jcu.edu/	jcu.edu	A	john-carroll-university
462354	admissions	https://jpcatholic.edu/admission/index.php	jpcatholic.edu	B	john-paul-the-great-catholic-university
462354	website	https://jpcatholic.edu/	jpcatholic.edu	B	john-paul-the-great-catholic-university
146278	admissions	http://www.jwcc.edu/admissions/	jwcc.edu	C	john-wood-community-college
146278	website	http://www.jwcc.edu/	jwcc.edu	C	john-wood-community-college
162928	admissions	https://apply.jhu.edu/	jhu.edu	A	johns-hopkins
162928	website	http://www.jhu.edu/	jhu.edu	A	johns-hopkins
198756	admissions	https://www.jcsu.edu/admissions	jcsu.edu	B	johnson-c-smith-university
198756	website	https://www.jcsu.edu/	jcsu.edu	B	johnson-c-smith-university
213233	admissions	https://johnson.edu/future-students/enrollment/	johnson.edu	B	johnson-college
213233	website	http://www.johnson.edu/	johnson.edu	B	johnson-college
155210	admissions	http://www.jccc.edu/admissions/	jccc.edu	C	johnson-county-community-college
155210	website	http://www.jccc.edu/	jccc.edu	C	johnson-county-community-college
220473	admissions	https://johnsonu.edu/admissions/	johnsonu.edu	B	johnson-university
220473	website	http://johnsonu.edu/	johnsonu.edu	B	johnson-university
445708	admissions	https://www.jwu.edu/admissions/visit-jwu/charlotte/index.html	jwu.edu	B	johnson-wales-university-charlotte
445708	website	https://www.jwu.edu/campuses/charlotte/	jwu.edu	B	johnson-wales-university-charlotte
217235	admissions	https://www.jwu.edu/admissions/index.html	jwu.edu	B	johnson-wales-university-providence
217235	website	https://www.jwu.edu/campuses/providence/	jwu.edu	B	johnson-wales-university-providence
198774	admissions	https://www.johnstoncc.edu/_future-students/admissions/index.aspx	johnstoncc.edu	C	johnston-community-college
198774	website	https://www.johnstoncc.edu/	johnstoncc.edu	C	johnston-community-college
146296	admissions	https://www.jjc.edu/admissions/pages/default.aspx	jjc.edu	C	joliet-junior-college
146296	website	https://www.jjc.edu/	jjc.edu	C	joliet-junior-college
175883	admissions	http://www.jcjc.edu/admissions/	jcjc.edu	C	jones-county-junior-college
175883	website	http://www.jcjc.edu/	jcjc.edu	C	jones-county-junior-college
461281	website	http://www.jmvu.edu/	jmvu.edu	C	jose-maria-vargas-university
447263	website	http://www.joyce.edu/	joyce.edu	B	joyce-university-of-nursing-and-health-sciences
146339	admissions	http://www.judsonu.edu/admissions-aid/	judsonu.edu	B	judson-university
146339	website	http://www.judsonu.edu/	judsonu.edu	B	judson-university
213251	admissions	http://www.juniata.edu/admission/	juniata.edu	B	juniata
213251	website	http://www.juniata.edu/	juniata.edu	B	juniata
219240	admissions	http://www.kairos.edu/academics/programs/	kairos.edu	B	kairos-university
219240	website	http://www.kairos.edu/	kairos.edu	B	kairos-university
170532	admissions	https://admission.kzoo.edu/	kzoo.edu	B	kalamazoo-college
170532	website	https://www.kzoo.edu/	kzoo.edu	B	kalamazoo-college
170541	admissions	https://www.kvcc.edu/admissions/	kvcc.edu	C	kalamazoo-valley-community-college
170541	website	https://www.kvcc.edu/	kvcc.edu	C	kalamazoo-valley-community-college
146348	admissions	https://www.kcc.edu/admissions/	kcc.edu	C	kankakee-community-college
146348	website	https://www.kcc.edu/	kcc.edu	C	kankakee-community-college
155308	admissions	https://kansaschristian.edu/admissions-overview/	kansaschristian.edu	C	kansas-christian-college
155308	website	https://www.kansaschristian.edu/	kansaschristian.edu	C	kansas-christian-college
177746	admissions	http://www.kcai.edu/admissions/	kcai.edu	B	kansas-city-art-institute
177746	website	http://www.kcai.edu/	kcai.edu	B	kansas-city-art-institute
155292	admissions	http://www.kckcc.edu/admissions	kckcc.edu	C	kansas-city-kansas-community-college
155292	website	http://www.kckcc.edu/	kckcc.edu	C	kansas-city-kansas-community-college
179812	admissions	https://www.kansascity.edu/admissions	kansascity.edu	C	kansas-city-university
179812	website	https://www.kansascity.edu/	kansascity.edu	C	kansas-city-university
155399	admissions	http://www.k-state.edu/admissions/	k-state.edu	A	kansas-state
155399	website	http://www.k-state.edu/	k-state.edu	A	kansas-state
155414	admissions	http://www.kwu.edu/admissions	kwu.edu	B	kansas-wesleyan-university
155414	website	http://www.kwu.edu/	kwu.edu	B	kansas-wesleyan-university
141796	admissions	https://www.kapiolani.hawaii.edu/admissions/	hawaii.edu	C	kapiolani-community-college
141796	website	https://www.kapiolani.hawaii.edu/	hawaii.edu	C	kapiolani-community-college
146366	admissions	https://www.kaskaskia.edu/admissions/	kaskaskia.edu	C	kaskaskia-college
146366	website	https://www.kaskaskia.edu/	kaskaskia.edu	C	kaskaskia-college
141802	admissions	https://www.kauai.hawaii.edu/admissions-and-records	hawaii.edu	C	kauai-community-college
141802	website	https://www.kauai.hawaii.edu/	hawaii.edu	C	kauai-community-college
225991	admissions	https://kdstudio.com/admissions/	kdstudio.com	B	kd-college-conservatory-of-film-and-dramatic-arts
225991	website	https://www.kdstudio.com/	kdstudio.com	B	kd-college-conservatory-of-film-and-dramatic-arts
185262	admissions	https://www.kean.edu/offices/admissions	kean.edu	B	kean-university
185262	website	https://www.kean.edu/	kean.edu	B	kean-university
183062	admissions	http://www.keene.edu/admissions/	keene.edu	A	keene-state-college
183062	website	http://www.keene.edu/	keene.edu	A	keene-state-college
192165	website	http://kehilathyakov.com/	kehilathyakov.com	C	kehilath-yakov-rabbinical-seminary
135081	admissions	http://www.keiseruniversity.edu/admissions/	keiseruniversity.edu	B	keiser-university-ft-lauderdale
135081	website	http://www.keiseruniversity.edu/	keiseruniversity.edu	B	keiser-university-ft-lauderdale
170550	admissions	http://www.kellogg.edu/admissions/	kellogg.edu	C	kellogg-community-college
170550	website	http://www.kellogg.edu/	kellogg.edu	C	kellogg-community-college
161192	admissions	http://www.kvcc.me.edu/Pages/Admissions/Admissions-Home	me.edu	C	kennebec-valley-community-college
161192	website	http://www.kvcc.me.edu/	me.edu	C	kennebec-valley-community-college
486840	admissions	http://www.kennesaw.edu/admissions.php	kennesaw.edu	A	kennesaw-state-university
486840	website	http://www.kennesaw.edu/	kennesaw.edu	A	kennesaw-state-university
177816	admissions	http://www.kenrick.edu/	kenrick.edu	C	kenrick-glennon-seminary
177816	website	http://www.kenrick.edu/	kenrick.edu	C	kenrick-glennon-seminary
203447	admissions	http://www.kent.edu/ashtabula/admissions	kent.edu	C	kent-state-university-at-ashtabula
203447	website	http://www.kent.edu/ashtabula	kent.edu	C	kent-state-university-at-ashtabula
203456	admissions	http://www.kent.edu/columbiana/admissions-tuition-aid	kent.edu	C	kent-state-university-at-east-liverpool
203456	website	http://www.kent.edu/columbiana	kent.edu	C	kent-state-university-at-east-liverpool
203526	admissions	https://www.kent.edu/geauga/admissions	kent.edu	C	kent-state-university-at-geauga
203526	website	http://www.kent.edu/geauga	kent.edu	C	kent-state-university-at-geauga
203517	admissions	http://www.kent.edu/admissions	kent.edu	B	kent-state-university-at-kent
203517	website	http://www.kent.edu/	kent.edu	B	kent-state-university-at-kent
203492	admissions	http://www.kent.edu/columbiana/admissions-tuition-aid	kent.edu	C	kent-state-university-at-salem
203492	website	http://www.kent.edu/columbiana	kent.edu	C	kent-state-university-at-salem
203465	admissions	https://www.kent.edu/stark/admissions	kent.edu	C	kent-state-university-at-stark
203465	website	http://www.kent.edu/stark	kent.edu	C	kent-state-university-at-stark
203474	admissions	http://www.kent.edu/trumbull/admissions-tuition-aid	kent.edu	C	kent-state-university-at-trumbull
203474	website	http://www.kent.edu/trumbull	kent.edu	C	kent-state-university-at-trumbull
203483	admissions	https://www.kent.edu/tusc/admissions-financial-aid	kent.edu	C	kent-state-university-at-tuscarawas
203483	website	http://www.kent.edu/tusc	kent.edu	C	kent-state-university-at-tuscarawas
157100	admissions	https://www.kcu.edu/admissions/	kcu.edu	B	kentucky-christian-university
157100	website	http://www.kcu.edu/	kcu.edu	B	kentucky-christian-university
157030	admissions	https://www.kmbc.edu/admissions/	kmbc.edu	B	kentucky-mountain-bible-college
157030	website	https://www.kmbc.edu/	kmbc.edu	B	kentucky-mountain-bible-college
157058	admissions	https://www.kysu.edu/student-success-and-retention/breds-office/index.php	kysu.edu	B	kentucky-state-university
157058	website	http://www.kysu.edu/	kysu.edu	B	kentucky-state-university
157076	admissions	https://kwc.edu/admissions/	kwc.edu	B	kentucky-wesleyan-college
157076	website	https://kwc.edu/	kwc.edu	B	kentucky-wesleyan-college
203535	admissions	https://www.kenyon.edu/admissions-aid/	kenyon.edu	A	kenyon
203535	website	https://www.kenyon.edu/	kenyon.edu	A	kenyon
461847	admissions	http://www.mayanhatalmud.org/	mayanhatalmud.org	B	keser-torah-mayan-hatalmud
461847	website	http://www.mayanhatalmud.org/	mayanhatalmud.org	B	keser-torah-mayan-hatalmud
169983	admissions	https://www.kettering.edu/admissions	kettering.edu	B	kettering
169983	website	https://www.kettering.edu/	kettering.edu	B	kettering
203544	admissions	http://kc.edu/Admissions/	kc.edu	B	kettering-college
203544	website	http://kc.edu/	kc.edu	B	kettering-college
192192	admissions	https://www.keuka.edu/admissions/freshman	keuka.edu	B	keuka-college
192192	website	https://www.keuka.edu/	keuka.edu	B	keuka-college
461315	admissions	http://www.kbocc.edu/admissions/	kbocc.edu	C	keweenaw-bay-ojibwa-community-college
461315	website	http://www.kbocc.edu/	kbocc.edu	C	keweenaw-bay-ojibwa-community-college
213303	admissions	https://www.keystone.edu/admissions/	keystone.edu	B	keystone-college
213303	website	https://www.keystone.edu/	keystone.edu	B	keystone-college
226019	admissions	https://www.kilgore.edu/future-students/new-students-start-here	kilgore.edu	C	kilgore-college
226019	website	https://www.kilgore.edu/	kilgore.edu	C	kilgore-college
220516	admissions	https://www.king.edu/admissions/	king.edu	B	king-university
220516	website	https://www.king.edu/	king.edu	B	king-university
213321	admissions	http://www.kings.edu/Admissions	kings.edu	B	kings-college-pa
213321	website	http://www.kings.edu/	kings.edu	B	kings-college-pa
439701	admissions	https://www.tku.edu/admissions/	tku.edu	B	kings-university
439701	website	https://www.tku.edu/	tku.edu	B	kings-university
153737	admissions	http://www.kirkwood.edu/admissions	kirkwood.edu	C	kirkwood-community-college
153737	website	http://www.kirkwood.edu/	kirkwood.edu	C	kirkwood-community-college
170587	admissions	https://kirtland.edu/admissions	kirtland.edu	C	kirtland-community-college
170587	website	https://www.kirtland.edu/	kirtland.edu	C	kirtland-community-college
146418	admissions	https://www.kish.edu/get-started/apply/index.php	kish.edu	C	kishwaukee-college
146418	website	http://www.kish.edu/	kish.edu	C	kishwaukee-college
428392	admissions	https://www.klamathcc.edu/en-US/admissions/index.html	klamathcc.edu	C	klamath-community-college
428392	website	https://www.klamathcc.edu/	klamathcc.edu	C	klamath-community-college
146427	admissions	https://www.knox.edu/admission	knox.edu	B	knox-college
146427	website	https://www.knox.edu/	knox.edu	B	knox-college
213349	admissions	https://www.kutztown.edu/admissions.html	kutztown.edu	A	kutztown-university-of-pennsylvania
213349	website	https://www.kutztown.edu/	kutztown.edu	A	kutztown-university-of-pennsylvania
171881	admissions	https://www.kuyper.edu/admissions/	kuyper.edu	B	kuyper-college
171881	website	https://www.kuyper.edu/	kuyper.edu	B	kuyper-college
160481	admissions	http://www.fletcher.edu/apply	fletcher.edu	C	l-e-fletcher-technical-community-college
160481	website	http://www.fletcher.edu/	fletcher.edu	C	l-e-fletcher-technical-community-college
213358	admissions	http://www.laroche.edu/Admissions/	laroche.edu	B	la-roche-university
213358	website	http://www.laroche.edu/	laroche.edu	B	la-roche-university
213367	admissions	http://www.lasalle.edu/admissions	lasalle.edu	B	la-salle-university
213367	website	http://www.lasalle.edu/	lasalle.edu	B	la-salle-university
117627	admissions	https://admissions.lasierra.edu/	lasierra.edu	B	la-sierra-university
117627	website	https://lasierra.edu/	lasierra.edu	B	la-sierra-university
155450	admissions	http://www.labette.edu/admissions/index.html	labette.edu	C	labette-community-college
155450	website	http://www.labette.edu/	labette.edu	C	labette-community-college
165264	admissions	https://www.laboure.edu/admissions/criteria-requirements	laboure.edu	B	laboure-college
165264	website	https://www.laboure.edu/	laboure.edu	B	laboure-college
260372	admissions	https://www.lco.edu/admissions	lco.edu	C	lac-courte-oreilles-ojibwe-university
260372	website	http://www.lco.edu/	lco.edu	C	lac-courte-oreilles-ojibwe-university
213376	admissions	https://www.lackawanna.edu/offices-and-departments/admissions/	lackawanna.edu	C	lackawanna-college
213376	website	https://www.lackawanna.edu/	lackawanna.edu	C	lackawanna-college
213385	admissions	https://admissions.lafayette.edu/	lafayette.edu	A	lafayette-college
213385	website	https://www.lafayette.edu/	lafayette.edu	A	lafayette-college
140234	admissions	http://www.lagrange.edu/ADMISSIONS/index.html	lagrange.edu	B	lagrange-college
140234	website	http://www.lagrange.edu/	lagrange.edu	B	lagrange-college
117168	admissions	http://www.lcad.edu/admissions/	lcad.edu	B	laguna-college-of-art-and-design
117168	website	http://www.lcad.edu/	lcad.edu	B	laguna-college-of-art-and-design
219143	admissions	http://www.lakeareatech.edu/getting-started/admissions/	lakeareatech.edu	C	lake-area-technical-college
219143	website	http://www.lakeareatech.edu/	lakeareatech.edu	C	lake-area-technical-college
203580	admissions	http://www.lec.edu/admissions	lec.edu	B	lake-erie-college
203580	website	http://www.lec.edu/	lec.edu	B	lake-erie-college
146481	admissions	http://www.lakeforest.edu/admissions/	lakeforest.edu	B	lake-forest-college
146481	website	http://www.lakeforest.edu/	lakeforest.edu	B	lake-forest-college
146506	admissions	http://www.lakelandcollege.edu/admissions/	lakelandcollege.edu	C	lake-land-college
146506	website	http://www.lakelandcollege.edu/	lakelandcollege.edu	C	lake-land-college
170620	admissions	https://www.lakemichigancollege.edu/mylmc/admissions-office	lakemichigancollege.edu	C	lake-michigan-college
170620	website	https://www.lakemichigancollege.edu/	lakemichigancollege.edu	C	lake-michigan-college
200192	admissions	http://www.lrsc.edu/	lrsc.edu	C	lake-region-state-college
200192	website	http://www.lrsc.edu/	lrsc.edu	C	lake-region-state-college
135188	admissions	http://www.lssc.edu/future-students/admissions/	lssc.edu	C	lake-sumter-state-college
135188	website	http://www.lssc.edu/	lssc.edu	C	lake-sumter-state-college
173461	admissions	http://www.lsc.edu/become-a-student/	lsc.edu	C	lake-superior-college
173461	website	http://www.lsc.edu/	lsc.edu	C	lake-superior-college
170639	admissions	http://www.lssu.edu/admissions/	lssu.edu	C	lake-superior-state-university
170639	website	http://www.lssu.edu/	lssu.edu	C	lake-superior-state-university
117195	admissions	http://www.ltcc.edu/admissions/	ltcc.edu	C	lake-tahoe-community-college
117195	website	http://www.ltcc.edu/	ltcc.edu	C	lake-tahoe-community-college
235699	admissions	https://www.lwtech.edu/admissions/	lwtech.edu	C	lake-washington-institute-of-technology
235699	website	https://www.lwtech.edu/	lwtech.edu	C	lake-washington-institute-of-technology
203599	admissions	http://www.lakelandcc.edu/web/about/admissions-departments	lakelandcc.edu	C	lakeland-community-college
203599	website	http://www.lakelandcc.edu/	lakelandcc.edu	C	lakeland-community-college
238980	admissions	http://lakeland.edu/admissions	lakeland.edu	B	lakeland-university
238980	website	http://www.lakeland.edu/	lakeland.edu	B	lakeland-university
183123	admissions	http://www.lrcc.edu/lrcc-admissions/	lrcc.edu	C	lakes-region-community-college
183123	website	http://www.lrcc.edu/	lrcc.edu	C	lakes-region-community-college
239008	admissions	http://gotoltc.edu/admissions	gotoltc.edu	C	lakeshore-technical-college
239008	website	http://gotoltc.edu/	gotoltc.edu	C	lakeshore-technical-college
127389	admissions	https://www.lamarcc.edu/admission/	lamarcc.edu	C	lamar-community-college
127389	website	https://www.lamarcc.edu/	lamarcc.edu	C	lamar-community-college
441760	admissions	https://www.lit.edu/admissions/Admissions.aspx	lit.edu	C	lamar-institute-of-technology
441760	website	https://www.lit.edu/	lit.edu	C	lamar-institute-of-technology
226107	admissions	https://www.lsco.edu/admissions/admission-requirements.asp	lsco.edu	C	lamar-state-college-orange
226107	website	https://www.lsco.edu/	lsco.edu	C	lamar-state-college-orange
226116	admissions	http://www.lamarpa.edu/Future-Students/Admission-Information	lamarpa.edu	C	lamar-state-college-port-arthur
226116	website	http://www.lamarpa.edu/	lamarpa.edu	C	lamar-state-college-port-arthur
226091	admissions	http://www.lamar.edu/admissions/	lamar.edu	B	lamar-university
226091	website	http://www.lamar.edu/	lamar.edu	B	lamar-university
213400	admissions	https://www.lbc.edu/undergraduate/admissions/	lbc.edu	B	lancaster-bible-college
213400	website	https://www.lbc.edu/	lbc.edu	B	lancaster-bible-college
218229	admissions	https://www.lander.edu/admissions/index.html	lander.edu	B	lander-university
218229	website	https://www.lander.edu/	lander.edu	B	lander-university
247649	admissions	http://www.landmark.edu/admissions/	landmark.edu	B	landmark-college
247649	website	http://www.landmark.edu/	landmark.edu	B	landmark-college
220598	admissions	http://www.lanecollege.edu/admissions	lanecollege.edu	C	lane-college
220598	website	http://www.lanecollege.edu/	lanecollege.edu	C	lane-college
209038	admissions	https://www.lanecc.edu/esfs/admissions	lanecc.edu	C	lane-community-college
209038	website	https://www.lanecc.edu/	lanecc.edu	C	lane-community-college
117247	admissions	http://laney.edu/admission_records/	laney.edu	C	laney-college
117247	website	http://laney.edu/	laney.edu	C	laney-college
207209	admissions	http://www.langston.edu/admissions-aid/admission/	langston.edu	C	langston-university
207209	website	http://www.langston.edu/	langston.edu	C	langston-university
140243	admissions	https://www.laniertech.edu/admissions	laniertech.edu	C	lanier-technical-college
140243	website	https://www.laniertech.edu/	laniertech.edu	C	lanier-technical-college
213473	admissions	http://www.lsb.edu/	lsb.edu	C	lansdale-school-of-business
213473	website	http://www.lsb.edu/	lsb.edu	C	lansdale-school-of-business
170657	admissions	https://www.lcc.edu/admissions-financial-aid/	lcc.edu	C	lansing-community-college
170657	website	https://www.lcc.edu/	lcc.edu	C	lansing-community-college
240620	admissions	https://www.lccc.wy.edu/admissions/	wy.edu	C	laramie-county-community-college
240620	website	https://www.lccc.wy.edu/	wy.edu	C	laramie-county-community-college
226134	admissions	https://www.laredo.edu/admissions/index.html	laredo.edu	C	laredo-college
226134	website	https://www.laredo.edu/index.html	laredo.edu	C	laredo-college
366401	admissions	http://www.laspositascollege.edu/admissions/index.php	laspositascollege.edu	C	las-positas-college
366401	website	http://www.laspositascollege.edu/	laspositascollege.edu	C	las-positas-college
166391	admissions	http://www.lasell.edu/Admissions.html	lasell.edu	B	lasell-university
166391	website	http://www.lasell.edu/	lasell.edu	B	lasell-university
117274	admissions	https://www.lassencollege.edu/student-services/admissions/	lassencollege.edu	C	lassen-community-college
117274	website	https://www.lassencollege.edu/	lassencollege.edu	C	lassen-community-college
117283	admissions	https://labi.edu/admissions	labi.edu	B	latin-american-bible-institute
117283	website	http://labi.edu/	labi.edu	B	latin-american-bible-institute
250027	admissions	http://www.laurel.edu/admissions	laurel.edu	B	laurel-business-institute
250027	website	http://laurel.edu/	laurel.edu	B	laurel-business-institute
232575	admissions	https://laurelridge.edu/admissions-and-course-prerequisites/	laurelridge.edu	C	laurel-ridge-community-college
232575	website	https://www.laurelridge.edu/	laurelridge.edu	C	laurel-ridge-community-college
215992	admissions	http://www.laurel.edu/admissions	laurel.edu	B	laurel-technical-institute
215992	website	http://www.laurel.edu/	laurel.edu	B	laurel-technical-institute
166407	admissions	http://www.lmregis.org/	lmregis.org	C	lawrence-memorial-hospital-school-of-nursing
166407	website	http://www.lmregis.org/	lmregis.org	C	lawrence-memorial-hospital-school-of-nursing
170675	admissions	http://www.ltu.edu/futurestudents/	ltu.edu	A	lawrence-technological-university
170675	website	http://www.ltu.edu/	ltu.edu	A	lawrence-technological-university
239017	admissions	https://www.lawrence.edu/admissions-aid	lawrence.edu	A	lawrence-university
239017	website	https://www.lawrence.edu/	lawrence.edu	A	lawrence-university
101569	admissions	http://www.lawsonstate.edu/how_to_apply/default.aspx	lawsonstate.edu	C	lawson-state-community-college-birmingham-campus
101569	website	http://www.lawsonstate.edu/	lawsonstate.edu	C	lawson-state-community-college-birmingham-campus
192323	admissions	http://www.lemoyne.edu/admission-financial-aid/visit-us/	lemoyne.edu	B	le-moyne-college
192323	website	http://www.lemoyne.edu/	lemoyne.edu	B	le-moyne-college
220604	admissions	https://www.loc.edu/admissions/	loc.edu	B	le-moyne-owen-college
220604	website	http://www.loc.edu/	loc.edu	B	le-moyne-owen-college
213507	admissions	http://www.lvc.edu/admission/	lvc.edu	B	lebanon-valley
213507	website	http://www.lvc.edu/	lvc.edu	B	lebanon-valley
226204	admissions	http://www.lee.edu/admissions/	lee.edu	C	lee-college
226204	website	http://www.lee.edu/	lee.edu	C	lee-college
220613	admissions	http://www.leeuniversity.edu/admissions	leeuniversity.edu	A	lee-university
220613	website	http://www.leeuniversity.edu/	leeuniversity.edu	A	lee-university
413626	admissions	https://www.lltc.edu/office-of-admissions	lltc.edu	C	leech-lake-tribal-college
413626	website	http://www.lltc.edu/	lltc.edu	C	leech-lake-tribal-college
198808	admissions	http://www.lmc.edu/admissions/index.htm	lmc.edu	B	lees-mcrae-college
198808	website	http://www.lmc.edu/	lmc.edu	B	lees-mcrae-college
141811	admissions	http://www.leeward.hawaii.edu/admissions-records	hawaii.edu	C	leeward-community-college
141811	website	http://www.leeward.hawaii.edu/	hawaii.edu	C	leeward-community-college
213543	admissions	http://www.lehigh.edu/admissions	lehigh.edu	B	lehigh
213543	website	http://www.lehigh.edu/	lehigh.edu	B	lehigh
213525	admissions	https://www.lccc.edu/admissions	lccc.edu	C	lehigh-carbon-community-college
213525	website	http://www.lccc.edu/	lccc.edu	C	lehigh-carbon-community-college
448594	admissions	https://www.westhillscollege.com/lemoore/admissions/	westhillscollege.com	C	lemoore-college
448594	website	https://www.westhillscollege.com/lemoore/	westhillscollege.com	C	lemoore-college
198817	admissions	https://www.lenoircc.edu/future/	lenoircc.edu	C	lenoir-community-college
198817	website	https://www.lenoircc.edu/	lenoircc.edu	C	lenoir-community-college
198835	admissions	http://www.lr.edu/admission/undergraduate	lr.edu	A	lenoir-rhyne-university
198835	website	http://www.lr.edu/	lr.edu	A	lenoir-rhyne-university
166452	admissions	http://www.lesley.edu/admissions-aid	lesley.edu	B	lesley-university
166452	website	http://www.lesley.edu/	lesley.edu	B	lesley-university
226231	admissions	http://www.letu.edu/admissions/index.html	letu.edu	B	letourneau-university
226231	website	http://www.letu.edu/	letu.edu	B	letourneau-university
146603	admissions	http://www.lc.edu/admissions	lc.edu	C	lewis-and-clark-community-college
146603	website	http://www.lc.edu/	lc.edu	C	lewis-and-clark-community-college
209056	admissions	http://college.lclark.edu/offices/admissions/	lclark.edu	B	lewis-clark
209056	website	http://www.lclark.edu/	lclark.edu	B	lewis-clark
142328	admissions	https://www.lcsc.edu/admissions/	lcsc.edu	A	lewis-clark-state-college
142328	website	https://www.lcsc.edu/	lcsc.edu	A	lewis-clark-state-college
146612	admissions	http://www.lewisu.edu/admissions/index.htm	lewisu.edu	B	lewis-university
146612	website	http://www.lewisu.edu/	lewisu.edu	B	lewis-university
232557	admissions	https://www.liberty.edu/admissions	liberty.edu	B	liberty-university
232557	website	https://www.liberty.edu/	liberty.edu	B	liberty-university
117104	admissions	https://lifepacific.edu/admissions/	lifepacific.edu	B	life-pacific-university
117104	website	https://lifepacific.edu/	lifepacific.edu	B	life-pacific-university
140252	admissions	http://www.life.edu/enrollment/enrollment-home	life.edu	A	life-university
140252	website	http://www.life.edu/	life.edu	A	life-university
192271	admissions	http://www.limcollege.edu/admissions	limcollege.edu	B	lim-college
192271	website	http://www.limcollege.edu/	limcollege.edu	B	lim-college
146685	admissions	http://www.llcc.edu/student-services/admission/	llcc.edu	C	lincoln-land-community-college
146685	website	http://www.llcc.edu/	llcc.edu	C	lincoln-land-community-college
220631	admissions	http://www.lmunet.edu/admissions-aid/index	lmunet.edu	B	lincoln-memorial-university
220631	website	http://www.lmunet.edu/	lmunet.edu	B	lincoln-memorial-university
117557	admissions	https://admissions.lincolnuca.edu/	lincolnuca.edu	C	lincoln-university-ca
117557	website	https://lincolnuca.edu/	lincolnuca.edu	C	lincoln-university-ca
177940	admissions	https://www.lincolnu.edu/admissions/index.html	lincolnu.edu	C	lincoln-university-mo
177940	website	https://www.lincolnu.edu/	lincolnu.edu	C	lincoln-university-mo
213598	admissions	http://www.lincoln.edu/admissions	lincoln.edu	B	lincoln-university-of-pennsylvania
213598	website	http://www.lincoln.edu/	lincoln.edu	B	lincoln-university-of-pennsylvania
177968	admissions	https://www.lindenwood.edu/admissions/	lindenwood.edu	A	lindenwood-university
177968	website	https://www.lindenwood.edu/	lindenwood.edu	A	lindenwood-university
157216	admissions	https://www.lindsey.edu/admissions	lindsey.edu	C	lindsey-wilson-college
157216	website	https://www.lindsey.edu/	lindsey.edu	C	lindsey-wilson-college
209065	admissions	https://www.linfield.edu/admission/index.html	linfield.edu	A	linfield-university
209065	website	https://www.linfield.edu/	linfield.edu	A	linfield-university
209074	admissions	https://www.linnbenton.edu/tuition-and-admission/	linnbenton.edu	C	linn-benton-community-college
209074	website	https://www.linnbenton.edu/	linnbenton.edu	C	linn-benton-community-college
219976	admissions	https://www.lipscomb.edu/admissions	lipscomb.edu	A	lipscomb-university
219976	website	https://www.lipscomb.edu/	lipscomb.edu	A	lipscomb-university
180328	admissions	http://www.lbhc.edu/admissions/	lbhc.edu	C	little-big-horn-college
180328	website	http://www.lbhc.edu/	lbhc.edu	C	little-big-horn-college
434016	admissions	https://www.littlepriest.edu/admissions/	littlepriest.edu	C	little-priest-tribal-college
434016	website	https://www.littlepriest.edu/	littlepriest.edu	C	little-priest-tribal-college
198862	admissions	http://livingstone.edu/admissions/	livingstone.edu	B	livingstone-college
198862	website	http://livingstone.edu/	livingstone.edu	B	livingstone-college
177986	admissions	https://www.logan.edu/admissions/	logan.edu	B	logan-university
177986	website	https://www.logan.edu/	logan.edu	B	logan-university
117636	admissions	http://www.llu.edu/explore/	llu.edu	C	loma-linda-university
117636	website	http://www.llu.edu/index.html	llu.edu	C	loma-linda-university
227182	admissions	http://www.lonestar.edu/admissions.htm	lonestar.edu	C	lone-star-college-system
227182	website	http://www.lonestar.edu/	lonestar.edu	C	lone-star-college-system
117645	admissions	http://www.lbcc.edu/admissions-aid	lbcc.edu	C	long-beach-city-college
117645	website	http://www.lbcc.edu/	lbcc.edu	C	long-beach-city-college
192448	admissions	https://www.liu.edu/post/admissions	liu.edu	B	long-island-university
192448	website	http://www.liu.edu/	liu.edu	B	long-island-university
232566	admissions	http://www.longwood.edu/admissions/	longwood.edu	B	longwood-university
232566	website	http://www.longwood.edu/	longwood.edu	B	longwood-university
166489	admissions	http://longy.edu/admissions/	longy.edu	C	longy-school-of-music
166489	website	http://longy.edu/	longy.edu	C	longy-school-of-music
203748	admissions	https://www.lorainccc.edu/admissions-and-enrollment/	lorainccc.edu	C	lorain-county-community-college
203748	website	https://www.lorainccc.edu/	lorainccc.edu	C	lorain-county-community-college
153825	admissions	http://www.loras.edu/admission	loras.edu	B	loras-college
153825	website	http://www.loras.edu/	loras.edu	B	loras-college
117788	admissions	http://www.lacc.edu/admissions	lacc.edu	C	los-angeles-city-college
117788	website	http://www.lacc.edu/	lacc.edu	C	los-angeles-city-college
446385	admissions	http://www.lacm.edu/admissions/	lacm.edu	B	los-angeles-college-of-music
446385	website	http://www.lacm.edu/	lacm.edu	B	los-angeles-college-of-music
117690	admissions	https://www.lahc.edu/admissions	lahc.edu	C	los-angeles-harbor-college
117690	website	https://www.lahc.edu/	lahc.edu	C	los-angeles-harbor-college
117867	admissions	https://www.lamission.edu/admissions	lamission.edu	C	los-angeles-mission-college
117867	website	https://www.lamission.edu/	lamission.edu	C	los-angeles-mission-college
474863	admissions	https://www.lapu.edu/admissions/	lapu.edu	C	los-angeles-pacific-university
474863	website	https://www.lapu.edu/	lapu.edu	C	los-angeles-pacific-university
117706	admissions	http://www.lapc.edu/admissions/	lapc.edu	C	los-angeles-pierce-college
117706	website	http://www.lapc.edu/	lapc.edu	C	los-angeles-pierce-college
117715	admissions	https://www.lasc.edu/become-a-student/index	lasc.edu	C	los-angeles-southwest-college
117715	website	https://www.lasc.edu/	lasc.edu	C	los-angeles-southwest-college
117724	admissions	http://www.lattc.edu/services/ar	lattc.edu	C	los-angeles-trade-technical-college
117724	website	http://www.lattc.edu/	lattc.edu	C	los-angeles-trade-technical-college
117733	admissions	https://www.lavc.edu/admissions	lavc.edu	C	los-angeles-valley-college
117733	website	http://www.lavc.edu/	lavc.edu	C	los-angeles-valley-college
117894	admissions	https://www.losmedanos.edu/admissions/	losmedanos.edu	C	los-medanos-college
117894	website	https://www.losmedanos.edu/	losmedanos.edu	C	los-medanos-college
198871	admissions	http://www.louisburg.edu/admissions/how-to-apply/	louisburg.edu	B	louisburg-college
198871	website	http://www.louisburg.edu/	louisburg.edu	B	louisburg-college
159568	admissions	http://www.lcuniversity.edu/admission	lcuniversity.edu	B	louisiana-christian-university
159568	website	http://www.lcuniversity.edu/	lcuniversity.edu	B	louisiana-christian-university
483212	admissions	https://www.ladelta.edu/admissions	ladelta.edu	C	louisiana-delta-community-college
483212	website	https://www.ladelta.edu/	ladelta.edu	C	louisiana-delta-community-college
159382	admissions	http://www.lsua.edu/admissions	lsua.edu	B	louisiana-state-university-alexandria
159382	website	http://www.lsua.edu/	lsua.edu	B	louisiana-state-university-alexandria
159407	admissions	https://www.lsue.edu/admissions	lsue.edu	C	louisiana-state-university-eunice
159407	website	https://www.lsue.edu/	lsue.edu	C	louisiana-state-university-eunice
159416	admissions	http://www.lsus.edu/undergraduate-admissions	lsus.edu	B	louisiana-state-university-shreveport
159416	website	http://www.lsus.edu/	lsus.edu	B	louisiana-state-university-shreveport
159647	admissions	https://www.latech.edu/admissions/	latech.edu	B	louisiana-tech-university
159647	website	https://www.latech.edu/	latech.edu	B	louisiana-tech-university
203757	admissions	http://www.lourdes.edu/admissions	lourdes.edu	B	lourdes-university
203757	website	http://www.lourdes.edu/	lourdes.edu	B	lourdes-university
235750	admissions	https://lowercolumbia.edu/registration/	lowercolumbia.edu	C	lower-columbia-college
235750	website	https://lowercolumbia.edu/	lowercolumbia.edu	C	lower-columbia-college
117946	admissions	https://admission.lmu.edu/	lmu.edu	B	loyola-marymount
117946	website	https://www.lmu.edu/	lmu.edu	B	loyola-marymount
146719	admissions	https://www.luc.edu/undergrad/	luc.edu	A	loyola-university-chicago
146719	website	https://www.luc.edu/	luc.edu	A	loyola-university-chicago
163046	admissions	https://www.loyola.edu/admission	loyola.edu	A	loyola-university-maryland
163046	website	https://www.loyola.edu/	loyola.edu	A	loyola-university-maryland
159656	admissions	http://www.loyno.edu/admissions	loyno.edu	B	loyola-university-new-orleans
159656	website	http://www.loyno.edu/	loyno.edu	B	loyola-university-new-orleans
159391	admissions	https://www.lsu.edu/admissions/index.php	lsu.edu	A	lsu
159391	website	http://www.lsu.edu/	lsu.edu	A	lsu
159373	admissions	http://catalog.lsuhsc.edu/	lsuhsc.edu	C	lsu-health-new-orleans
159373	website	http://www.lsuhsc.edu/	lsuhsc.edu	C	lsu-health-new-orleans
435000	admissions	https://www.lsuhs.edu/admissions	lsuhs.edu	C	lsu-health-shreveport
435000	website	https://www.lsuhs.edu/	lsuhs.edu	C	lsu-health-shreveport
226383	admissions	https://lcu.edu/admissions	lcu.edu	B	lubbock-christian-university
226383	website	https://lcu.edu/	lcu.edu	B	lubbock-christian-university
363633	admissions	http://www.luna.edu/admissions/	luna.edu	C	luna-community-college
363633	website	http://www.luna.edu/	luna.edu	C	luna-community-college
101602	admissions	https://www.lbwcc.edu/future-students/admissions	lbwcc.edu	C	lurleen-b-wallace-community-college
101602	website	https://www.lbwcc.edu/	lbwcc.edu	C	lurleen-b-wallace-community-college
153834	admissions	https://luther.edu/admission-aid	luther.edu	B	luther-college
153834	website	https://www.luther.edu/	luther.edu	B	luther-college
135364	admissions	http://www.lutherrice.edu/admissions/	lutherrice.edu	B	luther-rice-college-seminary
135364	website	http://www.lutherrice.edu/	lutherrice.edu	B	luther-rice-college-seminary
213659	admissions	http://www.luzerne.edu/admissions/	luzerne.edu	C	luzerne-county-community-college
213659	website	http://www.luzerne.edu/	luzerne.edu	C	luzerne-county-community-college
213668	admissions	https://www.lycoming.edu/admissions/	lycoming.edu	A	lycoming-college
213668	website	https://www.lycoming.edu/	lycoming.edu	A	lycoming-college
132657	admissions	https://www.lynn.edu/admissions	lynn.edu	A	lynn-university
132657	website	https://www.lynn.edu/	lynn.edu	A	lynn-university
106342	admissions	http://www.lyon.edu/admission	lyon.edu	B	lyon-college
106342	website	http://www.lyon.edu/	lyon.edu	B	lyon-college
173902	admissions	http://www.macalester.edu/admissions/	macalester.edu	B	macalester
173902	website	http://www.macalester.edu/	macalester.edu	B	macalester
192624	admissions	https://mhrc.edu/	mhrc.edu	B	machzikei-hadath-rabbinical-college
192624	website	https://mhrc.edu/	mhrc.edu	B	machzikei-hadath-rabbinical-college
170790	admissions	http://www.macomb.edu/admissions-aid/index.html	macomb.edu	C	macomb-community-college
170790	website	http://www.macomb.edu/	macomb.edu	C	macomb-community-college
497046	admissions	https://www.maderacollege.edu/admissions-aid/index.html	maderacollege.edu	C	madera-community-college
497046	website	https://www.maderacollege.edu/	maderacollege.edu	C	madera-community-college
238263	admissions	http://madisoncollege.edu/apply	madisoncollege.edu	C	madison-area-technical-college
238263	website	http://madisoncollege.edu/	madisoncollege.edu	C	madison-area-technical-college
157304	admissions	https://madisonville.kctcs.edu/admissions/	kctcs.edu	C	madisonville-community-college
157304	website	https://madisonville.kctcs.edu/	kctcs.edu	C	madisonville-community-college
170806	admissions	https://www.madonna.edu/admissions/	madonna.edu	B	madonna-university
170806	website	https://www.madonna.edu/	madonna.edu	B	madonna-university
153861	admissions	https://www.miu.edu/admissions/	miu.edu	B	maharishi-international-university
153861	website	https://www.miu.edu/	miu.edu	B	maharishi-international-university
161509	admissions	http://meca.edu/admissions/	meca.edu	B	maine-college-of-art
161509	website	http://www.meca.edu/	meca.edu	B	maine-college-of-art
161022	admissions	http://www.mchp.edu/admissions/admission-requirements	mchp.edu	B	maine-college-of-health-professions
161022	website	http://www.mchp.edu/	mchp.edu	B	maine-college-of-health-professions
161299	admissions	https://mainemaritime.edu/admissions	mainemaritime.edu	B	maine-maritime-academy
161299	website	https://mainemaritime.edu/	mainemaritime.edu	B	maine-maritime-academy
203775	admissions	https://www.malone.edu/admissions-aid/	malone.edu	B	malone-university
203775	website	https://www.malone.edu/	malone.edu	B	malone-university
183132	admissions	http://www.mccnh.edu/admissions	mccnh.edu	C	manchester-community-college-nh
183132	website	http://www.mccnh.edu/	mccnh.edu	C	manchester-community-college-nh
151777	admissions	https://www.manchester.edu/admissions	manchester.edu	B	manchester-university
151777	website	https://www.manchester.edu/	manchester.edu	B	manchester-university
192688	admissions	http://www.mandl.edu/	mandl.edu	C	mandl-the-college-of-allied-health
192688	website	http://www.mandl.edu/	mandl.edu	C	mandl-the-college-of-allied-health
155487	admissions	https://manhattantech.edu/admissions	manhattantech.edu	C	manhattan-area-technical-college
155487	website	https://manhattantech.edu/	manhattantech.edu	C	manhattan-area-technical-college
155496	admissions	http://mccks.edu/admissions/	mccks.edu	B	manhattan-christian-college
155496	website	http://www.mccks.edu/	mccks.edu	B	manhattan-christian-college
192712	admissions	https://www.msmnyc.edu/Admission	msmnyc.edu	B	manhattan-school-of-music
192712	website	https://www.msmnyc.edu/	msmnyc.edu	B	manhattan-school-of-music
192703	admissions	http://www.manhattan.edu/admissions	manhattan.edu	A	manhattan-university
192703	website	http://www.manhattan.edu/	manhattan.edu	A	manhattan-university
192749	admissions	https://www.mville.edu/admissions-and-aid/admissions/	mville.edu	B	manhattanville-university
192749	website	https://www.mville.edu/	mville.edu	B	manhattanville-university
461528	admissions	https://manna.edu/admissions/	manna.edu	B	manna-university
461528	website	https://www.manna.edu/	manna.edu	B	manna-university
213774	admissions	https://www.manor.edu/admissions/	manor.edu	B	manor-college
213774	website	http://www.manor.edu/	manor.edu	B	manor-college
239071	admissions	http://www.mbu.edu/mbu-admissions/faq/	mbu.edu	B	maranatha-baptist-university
239071	website	http://www.mbu.edu/	mbu.edu	B	maranatha-baptist-university
192785	admissions	http://www.mariacollege.edu/admissions/	mariacollege.edu	B	maria-college-of-albany
192785	website	http://www.mariacollege.edu/	mariacollege.edu	B	maria-college-of-albany
239080	admissions	https://www.marianuniversity.edu/admission/	marianuniversity.edu	B	marian-university
239080	website	https://www.marianuniversity.edu/	marianuniversity.edu	B	marian-university
151786	admissions	http://www.marian.edu/Admissions	marian.edu	B	marian-university-in
151786	website	http://www.marian.edu/	marian.edu	B	marian-university-in
203845	admissions	https://www.marietta.edu/future-students		B	marietta-college
101648	admissions	http://www.marionmilitary.edu/admissions/	marionmilitary.edu	B	marion-military-institute
101648	website	http://www.marionmilitary.edu/	marionmilitary.edu	B	marion-military-institute
203881	admissions	https://www.mtc.edu/admissions/index.html	mtc.edu	C	marion-technical-college
203881	website	http://www.mtc.edu/	mtc.edu	C	marion-technical-college
192819	admissions	http://www.marist.edu/admission-financial-aid	marist.edu	B	marist-university
192819	website	http://www.marist.edu/	marist.edu	B	marist-university
239105	admissions	http://www.marquette.edu/admissions	marquette.edu	B	marquette-university
239105	website	http://www.marquette.edu/	marquette.edu	B	marquette-university
198899	admissions	http://www.mhu.edu/future-students/admissions/	mhu.edu	B	mars-hill-university
198899	website	http://www.mhu.edu/	mhu.edu	B	mars-hill-university
237525	admissions	https://www.marshall.edu/admissions/	marshall.edu	A	marshall-university
237525	website	https://www.marshall.edu/	marshall.edu	A	marshall-university
153922	admissions	https://mcc.iavalley.edu/admissions/	iavalley.edu	C	marshalltown-community-college
153922	website	https://mcc.iavalley.edu/	iavalley.edu	C	marshalltown-community-college
198905	admissions	https://www.martincc.edu/admissions	martincc.edu	C	martin-community-college
198905	website	http://www.martincc.edu/	martincc.edu	C	martin-community-college
173452	admissions	https://mlc-wels.edu/admissions/	mlc-wels.edu	B	martin-luther-college
173452	website	http://www.mlc-wels.edu/	mlc-wels.edu	B	martin-luther-college
232672	admissions	https://marybaldwin.edu/admissions/	marybaldwin.edu	C	mary-baldwin-university
232672	website	https://www.marybaldwin.edu/	marybaldwin.edu	C	mary-baldwin-university
163295	admissions	http://www.mica.edu/admissions	mica.edu	B	maryland-institute-college-of-art
163295	website	http://www.mica.edu/	mica.edu	B	maryland-institute-college-of-art
192864	admissions	http://www.mmm.edu/admissions/	mmm.edu	B	marymount-manhattan-college
192864	website	http://www.mmm.edu/	mmm.edu	B	marymount-manhattan-college
232706	admissions	https://www.marymount.edu/Admissions	marymount.edu	A	marymount-university
232706	website	https://www.marymount.edu/	marymount.edu	A	marymount-university
220710	admissions	http://www.maryvillecollege.edu/admissions/	maryvillecollege.edu	B	maryville-college
220710	website	http://www.maryvillecollege.edu/	maryvillecollege.edu	B	maryville-college
178059	admissions	https://www.maryville.edu/admissions	maryville.edu	B	maryville-university-of-saint-louis
178059	website	https://www.maryville.edu/	maryville.edu	B	maryville-university-of-saint-louis
213826	admissions	https://www.marywood.edu/admissions/	marywood.edu	B	marywood-university
213826	website	https://www.marywood.edu/	marywood.edu	B	marywood-university
166647	admissions	https://www.massbay.edu/admissions	massbay.edu	C	massachusetts-bay-community-college
166647	website	https://www.massbay.edu/	massbay.edu	C	massachusetts-bay-community-college
166674	admissions	http://massart.edu/admissions	massart.edu	B	massachusetts-college-of-art-and-design
166674	website	https://massart.edu/	massart.edu	B	massachusetts-college-of-art-and-design
167288	admissions	https://www.mcla.edu/admission-aid/index.php	mcla.edu	A	massachusetts-college-of-liberal-arts
167288	website	https://www.mcla.edu/	mcla.edu	A	massachusetts-college-of-liberal-arts
166692	admissions	https://www.maritime.edu/undergraduate-admissions	maritime.edu	A	massachusetts-maritime-academy
166692	website	https://www.maritime.edu/	maritime.edu	A	massachusetts-maritime-academy
166823	admissions	https://massasoit.edu/enrollment/admissions/	massasoit.edu	C	massasoit-community-college
166823	website	https://www.massasoit.edu/	massasoit.edu	C	massasoit-community-college
198914	admissions	https://www.mayland.edu/future-students/admissions/	mayland.edu	C	mayland-community-college
198914	website	https://www.mayland.edu/	mayland.edu	C	mayland-community-college
157331	admissions	https://maysville.kctcs.edu/admissions/	kctcs.edu	C	maysville-community-and-technical-college
157331	website	https://maysville.kctcs.edu/	kctcs.edu	C	maysville-community-and-technical-college
200226	admissions	https://www.mayvillestate.edu/prospective-students/admissions/	mayvillestate.edu	C	mayville-state-university
200226	website	http://www.mayvillestate.edu/	mayvillestate.edu	C	mayville-state-university
164270	admissions	http://www.mcdaniel.edu/admissions-cost/undergraduate-admissions	mcdaniel.edu	B	mcdaniel-college
164270	website	http://www.mcdaniel.edu/	mcdaniel.edu	B	mcdaniel-college
198923	admissions	https://www.mcdowelltech.edu/apply-today/	mcdowelltech.edu	C	mcdowell-technical-community-college
198923	website	https://www.mcdowelltech.edu/	mcdowelltech.edu	C	mcdowell-technical-community-college
147004	admissions	http://www.mchenry.edu/admissions	mchenry.edu	C	mchenry-county-college
147004	website	http://www.mchenry.edu/	mchenry.edu	C	mchenry-county-college
147013	admissions	https://www.mckendree.edu/admission/	mckendree.edu	B	mckendree-university
147013	website	https://www.mckendree.edu/	mckendree.edu	B	mckendree-university
226578	admissions	http://www.mclennan.edu/admissions-and-recruitment/	mclennan.edu	C	mclennan-community-college
226578	website	http://www.mclennan.edu/	mclennan.edu	C	mclennan-community-college
226587	admissions	https://mcm.edu/admissions-overview/	mcm.edu	B	mcmurry-university
226587	website	https://mcm.edu/	mcm.edu	B	mcmurry-university
159717	admissions	http://www.mcneese.edu/admissions	mcneese.edu	B	mcneese-state-university
159717	website	http://www.mcneese.edu/	mcneese.edu	B	mcneese-state-university
155511	admissions	http://www.mcpherson.edu/admissions/	mcpherson.edu	B	mcpherson-college
155511	website	http://www.mcpherson.edu/	mcpherson.edu	B	mcpherson-college
166656	admissions	http://www.mcphs.edu/admission-and-aid	mcphs.edu	B	mcphs-university
166656	website	http://www.mcphs.edu/	mcphs.edu	B	mcphs-university
416801	admissions	http://www.uth.edu/registrar/applicants/admissions.htm	mdanderson.org	C	md-anderson-cancer-center
416801	website	http://www.mdanderson.org/	mdanderson.org	C	md-anderson-cancer-center
218335	admissions	https://education.musc.edu/admissions	musc.edu	C	medical-university-of-south-carolina
218335	website	https://web.musc.edu/	musc.edu	C	medical-university-of-south-carolina
118684	admissions	http://www.mendocino.edu/admissions	mendocino.edu	C	mendocino-college
118684	website	http://www.mendocino.edu/	mendocino.edu	C	mendocino-college
118693	admissions	http://www.menlo.edu/admissions/	menlo.edu	B	menlo-college
118693	website	http://www.menlo.edu/	menlo.edu	B	menlo-college
118718	admissions	http://www.mccd.edu/enroll-at-merced-college/admissions-records/	mccd.edu	C	merced-college
118718	website	http://www.mccd.edu/	mccd.edu	C	merced-college
140447	admissions	https://www.mercer.edu/admissions/	mercer.edu	B	mercer
140447	website	https://www.mercer.edu/	mercer.edu	B	mercer
185509	admissions	http://www.mccc.edu/admissions.shtml	mccc.edu	C	mercer-county-community-college
185509	website	http://www.mccc.edu/	mccc.edu	C	mercer-county-community-college
153977	admissions	https://www.mchs.edu/start	mchs.edu	B	mercy-college-of-health-sciences
153977	website	https://www.mchs.edu/	mchs.edu	B	mercy-college-of-health-sciences
203960	admissions	http://www.mercycollege.edu/admissions	mercycollege.edu	B	mercy-college-of-ohio
203960	website	http://www.mercycollege.edu/	mercycollege.edu	B	mercy-college-of-ohio
193016	admissions	https://www.mercy.edu/admissions	mercy.edu	B	mercy-university
193016	website	https://www.mercy.edu/	mercy.edu	B	mercy-university
213987	admissions	http://www.mercyhurst.edu/admissions	mercyhurst.edu	B	mercyhurst-university
213987	website	http://www.mercyhurst.edu/	mercyhurst.edu	B	mercyhurst-university
198950	admissions	http://www.meredith.edu/admissions	meredith.edu	B	meredith-college
198950	website	http://www.meredith.edu/	meredith.edu	B	meredith-college
175935	admissions	http://meridiancc.edu/become_an_eagle/admissions/index.html	meridiancc.edu	C	meridian-community-college
175935	website	http://www.meridiancc.edu/	meridiancc.edu	C	meridian-community-college
166850	admissions	https://www.merrimack.edu/admission/	merrimack.edu	B	merrimack-college
166850	website	https://www.merrimack.edu/	merrimack.edu	B	merrimack-college
118772	admissions	http://www.merritt.edu/wp/admissions/	merritt.edu	C	merritt-college
118772	website	http://www.merritt.edu/	merritt.edu	C	merritt-college
105154	admissions	https://www.mesacc.edu/admissions-records	mesacc.edu	C	mesa-community-college
105154	website	http://www.mesacc.edu/	mesacc.edu	C	mesa-community-college
188261	website	http://www.mesalands.edu/	mesalands.edu	C	mesalands-community-college
193061	admissions	https://mesivtaofeasternparkway.com/	mesivtaofeasternparkway.com	B	mesivta-of-eastern-parkway-yeshiva-zichron-meilech
193061	website	https://mesivtaofeasternparkway.com/	mesivtaofeasternparkway.com	B	mesivta-of-eastern-parkway-yeshiva-zichron-meilech
193052	website	http://independentrabbinicalcolleges.org/index.html	independentrabbinicalcolleges.org	B	mesivta-torah-vodaath-rabbinical-seminary
193070	website	http://mtj.edu/	mtj.edu	B	mesivtha-tifereth-jerusalem-of-america
417752	admissions	http://www.messengercollege.edu/apply	messengercollege.edu	B	messenger-college
417752	website	http://www.messengercollege.edu/	messengercollege.edu	B	messenger-college
213996	admissions	http://www.messiah.edu/info/20007/admissions	messiah.edu	B	messiah
213996	website	http://www.messiah.edu/	messiah.edu	B	messiah
147129	admissions	http://www.methodistcol.edu/methodistcollege/Future/admissions/	methodistcol.edu	B	methodist-college
147129	website	http://www.methodistcol.edu/	methodistcol.edu	B	methodist-college
198969	admissions	http://www.methodist.edu/admissions	methodist.edu	B	methodist-university
198969	website	http://www.methodist.edu/	methodist.edu	B	methodist-university
190114	admissions	https://www.mcny.edu/admissions-aid/	mcny.edu	B	metropolitan-college-of-new-york
190114	website	https://www.mcny.edu/	mcny.edu	B	metropolitan-college-of-new-york
181303	admissions	https://www.mccneb.edu/Prospective-Students.aspx	mccneb.edu	C	metropolitan-community-college-area
181303	website	https://www.mccneb.edu/	mccneb.edu	C	metropolitan-community-college-area
177995	admissions	http://www.mcckc.edu/apply-now	mcckc.edu	C	metropolitan-community-college-kansas-city
177995	website	http://www.mcckc.edu/	mcckc.edu	C	metropolitan-community-college-kansas-city
174020	admissions	http://www.metrostate.edu/about/departments/admissions	metrostate.edu	B	metropolitan-state-university
174020	website	http://www.metrostate.edu/	metrostate.edu	B	metropolitan-state-university
127565	admissions	http://www.msudenver.edu/admissions/	msudenver.edu	B	metropolitan-state-university-of-denver
127565	website	http://www.msudenver.edu/	msudenver.edu	B	metropolitan-state-university-of-denver
428000	admissions	http://miamiadschool.com/admissions/	miamiadschool.com	C	miami-ad-school
428000	website	http://miamiadschool.com/	miamiadschool.com	C	miami-ad-school
135717	admissions	http://www.mdc.edu/admissions	mdc.edu	C	miami-dade-college
135717	website	http://www.mdc.edu/	mdc.edu	C	miami-dade-college
204024	admissions	http://miamioh.edu/admission/	miamioh.edu	B	miami-university
204024	website	http://miamioh.edu/	miamioh.edu	B	miami-university
204006	admissions	http://miamioh.edu/regionals/admission/	miamioh.edu	C	miami-university-hamilton
204006	website	http://miamioh.edu/regionals/	miamioh.edu	C	miami-university-hamilton
204015	admissions	http://miamioh.edu/regionals/admission/	miamioh.edu	C	miami-university-middletown
204015	website	http://miamioh.edu/regionals/	miamioh.edu	C	miami-university-middletown
170976	admissions	https://admissions.umich.edu/	umich.edu	A	michigan
170976	website	https://umich.edu/	umich.edu	A	michigan
171100	admissions	https://admissions.msu.edu/	msu.edu	A	michigan-state-university
171100	website	https://www.msu.edu/	msu.edu	A	michigan-state-university
171128	admissions	https://www.mtu.edu/admissions/	mtu.edu	A	michigan-tech
171128	website	https://www.mtu.edu/	mtu.edu	A	michigan-tech
245953	admissions	https://www.macu.edu/admissions/	macu.edu	B	mid-america-christian-university
245953	website	https://www.macu.edu/	macu.edu	B	mid-america-christian-university
151962	admissions	http://www.mid-america.edu/admissions	mid-america.edu	C	mid-america-college-of-funeral-service
151962	website	http://www.mid-america.edu/	mid-america.edu	C	mid-america-college-of-funeral-service
199458	admissions	http://www.macuniversity.edu/admissions	macuniversity.edu	B	mid-atlantic-christian-university
199458	website	http://www.macuniversity.edu/	macuniversity.edu	B	mid-atlantic-christian-university
171155	admissions	http://www.midmich.edu/admissions	midmich.edu	C	mid-michigan-college
171155	website	http://www.midmich.edu/	midmich.edu	C	mid-michigan-college
181312	admissions	http://www.mpcc.edu/admissions/index.php	mpcc.edu	C	mid-plains-community-college
181312	website	http://www.mpcc.edu/	mpcc.edu	C	mid-plains-community-college
481225	admissions	https://www.midsouthchristian.edu/admissions	midsouthchristian.edu	B	mid-south-christian-college
481225	website	https://www.midsouthchristian.edu/	midsouthchristian.edu	B	mid-south-christian-college
239220	admissions	https://www.mstc.edu/admissions	mstc.edu	C	mid-state-technical-college
239220	website	https://www.mstc.edu/	mstc.edu	C	mid-state-technical-college
155520	admissions	https://www.mnu.edu/admissions/	mnu.edu	B	midamerica-nazarene-university
155520	website	https://www.mnu.edu/	mnu.edu	B	midamerica-nazarene-university
482158	admissions	https://www.mga.edu/admissions/	mga.edu	B	middle-georgia-state-university
482158	website	https://www.mga.edu/	mga.edu	B	middle-georgia-state-university
220978	admissions	http://www.mtsu.edu/admissn/	mtsu.edu	A	middle-tennessee-state-university
220978	website	http://www.mtsu.edu/	mtsu.edu	A	middle-tennessee-state-university
230959	admissions	https://www.middlebury.edu/college/admissions	middlebury.edu	B	middlebury
230959	website	https://www.middlebury.edu/college/	middlebury.edu	B	middlebury
185536	admissions	https://www.middlesexcollege.edu/admissions/	middlesexcollege.edu	C	middlesex-college
185536	website	http://www.middlesexcollege.edu/	middlesexcollege.edu	C	middlesex-college
166887	admissions	https://www.middlesex.mass.edu/admissions/	mass.edu	C	middlesex-community-college-ma
166887	website	https://www.middlesex.mass.edu/	mass.edu	C	middlesex-community-college-ma
226806	admissions	http://www.midland.edu/enroll	midland.edu	C	midland-college
226806	website	http://www.midland.edu/	midland.edu	C	midland-college
181330	admissions	https://www.midlandu.edu/admissions/	midlandu.edu	B	midland-university
181330	website	https://www.midlandu.edu/	midlandu.edu	B	midland-university
218353	admissions	https://www.midlandstech.edu/admissions	midlandstech.edu	C	midlands-technical-college
218353	website	https://www.midlandstech.edu/	midlandstech.edu	C	midlands-technical-college
157377	admissions	http://www.midway.edu/admissions-aid/why-midway-university/	midway.edu	B	midway-university
157377	website	http://www.midway.edu/	midway.edu	B	midway-university
178208	admissions	https://www.mbts.edu/future-students/	mbts.edu	B	midwestern-baptist-theological-seminary
178208	website	https://www.mbts.edu/	mbts.edu	B	midwestern-baptist-theological-seminary
226833	admissions	http://www.msutexas.edu/admissions/index	msutexas.edu	B	midwestern-state-university
226833	website	http://www.msutexas.edu/	msutexas.edu	B	midwestern-state-university
193201	admissions	http://www.mildred-elley.edu/admissions	mildred-elley.edu	C	mildred-elley-school-albany-campus
193201	website	http://www.mildred-elley.edu/	mildred-elley.edu	C	mildred-elley-school-albany-campus
101675	admissions	https://www.miles.edu/we-are-miles/admissions-and-enrollment	miles.edu	C	miles-college
101675	website	https://www.miles.edu/	miles.edu	C	miles-college
180373	admissions	http://www.milescc.edu/CampusServices/Admissions/	milescc.edu	C	miles-community-college
180373	website	http://www.milescc.edu/	milescc.edu	C	miles-community-college
461883	admissions	http://www.maufl.edu/en/admissions	maufl.edu	C	millennia-atlantic-university
461883	website	http://www.maufl.edu/en/home	maufl.edu	C	millennia-atlantic-university
460826	admissions	https://www.miller-motte.edu/admissions/	miller-motte.edu	C	miller-motte-college-augusta
460826	website	https://www.miller-motte.edu/	miller-motte.edu	C	miller-motte-college-augusta
443650	admissions	https://www.miller-motte.edu/admissions/	miller-motte.edu	C	miller-motte-college-chattanooga
443650	website	https://www.miller-motte.edu/	miller-motte.edu	C	miller-motte-college-chattanooga
458441	admissions	https://www.miller-motte.edu/admissions/	miller-motte.edu	C	miller-motte-college-columbus
458441	website	https://www.miller-motte.edu/	miller-motte.edu	C	miller-motte-college-columbus
458405	admissions	https://www.miller-motte.edu/admissions/	miller-motte.edu	C	miller-motte-college-fayetteville
458405	website	https://www.miller-motte.edu/	miller-motte.edu	C	miller-motte-college-fayetteville
475060	admissions	https://www.miller-motte.edu/admissions/	miller-motte.edu	C	miller-motte-college-macon
475060	website	https://www.miller-motte.edu/	miller-motte.edu	C	miller-motte-college-macon
456205	admissions	https://www.miller-motte.edu/admissions/	miller-motte.edu	C	miller-motte-college-raleigh
456205	website	https://www.miller-motte.edu/	miller-motte.edu	C	miller-motte-college-raleigh
214041	admissions	http://www.millersville.edu/admissions/	millersville.edu	A	millersville-university-of-pennsylvania
214041	website	http://www.millersville.edu/	millersville.edu	A	millersville-university-of-pennsylvania
486901	admissions	https://www.milligan.edu/admission	milligan.edu	B	milligan-university
486901	website	http://www.milligan.edu/	milligan.edu	B	milligan-university
147244	admissions	https://millikin.edu/admission/admission-information	millikin.edu	B	millikin-university
147244	website	https://millikin.edu/	millikin.edu	B	millikin-university
175980	admissions	http://www.millsaps.edu/admissions	millsaps.edu	B	millsaps-college
175980	website	http://www.millsaps.edu/	millsaps.edu	B	millsaps-college
239248	admissions	https://www.matc.edu/admissions-registration/	matc.edu	C	milwaukee-area-technical-college
239248	website	https://www.matc.edu/	matc.edu	C	milwaukee-area-technical-college
239309	admissions	http://www.miad.edu/admissions/admissions-staff	miad.edu	B	milwaukee-institute-of-art-and-design
239309	website	http://www.miad.edu/	miad.edu	B	milwaukee-institute-of-art-and-design
239318	admissions	http://www.msoe.edu/admissions-aid/	msoe.edu	A	milwaukee-school-of-engineering
239318	website	http://www.msoe.edu/	msoe.edu	A	milwaukee-school-of-engineering
178217	admissions	https://mineralarea.edu/future-students/how-to-apply/	mineralarea.edu	C	mineral-area-college
178217	website	https://mineralarea.edu/	mineralarea.edu	C	mineral-area-college
484844	admissions	https://minerva.edu/undergraduate-program/admissions/	minerva.edu	B	minerva-university
484844	website	https://minerva.edu/	minerva.edu	B	minerva-university
174127	admissions	https://mcad.edu/admissions-aid	mcad.edu	B	minneapolis-college-of-art-and-design
174127	website	https://mcad.edu/	mcad.edu	B	minneapolis-college-of-art-and-design
174136	admissions	http://www.minneapolis.edu/Admissions/	minneapolis.edu	C	minneapolis-community-and-technical-college
174136	website	http://www.minneapolis.edu/	minneapolis.edu	C	minneapolis-community-and-technical-college
173735	admissions	https://minnesotanorth.edu/admissions-aid/	minnesotanorth.edu	C	minnesota-north-college
173735	website	https://minnesotanorth.edu/	minnesotanorth.edu	C	minnesota-north-college
175263	admissions	http://www.southeastmn.edu/become_a_student/index.aspx	southeastmn.edu	C	minnesota-state-college-southeast
175263	website	http://www.southeastmn.edu/	southeastmn.edu	C	minnesota-state-college-southeast
173559	admissions	http://www.minnesota.edu/admissions/	minnesota.edu	C	minnesota-state-community-and-technical-college
173559	website	http://www.minnesota.edu/	minnesota.edu	C	minnesota-state-community-and-technical-college
173920	admissions	https://mnsu.edu/future-students/	mnsu.edu	B	minnesota-state-university-mankato
173920	website	https://mnsu.edu/	mnsu.edu	B	minnesota-state-university-mankato
174358	admissions	https://www.mnstate.edu/Admissions/	mnstate.edu	B	minnesota-state-university-moorhead
174358	website	https://www.mnstate.edu/	mnstate.edu	B	minnesota-state-university-moorhead
173638	admissions	http://www.mnwest.edu/get-started	mnwest.edu	C	minnesota-west-community-and-technical-college
173638	website	http://www.mnwest.edu/	mnwest.edu	C	minnesota-west-community-and-technical-college
200253	admissions	http://www.minotstateu.edu/enroll/	minotstateu.edu	B	minot-state-university
200253	website	http://www.minotstateu.edu/	minotstateu.edu	B	minot-state-university
118912	admissions	http://www.miracosta.edu/admissions-and-aid/index.html	miracosta.edu	C	miracosta-college
118912	website	http://www.miracosta.edu/	miracosta.edu	C	miracosta-college
193247	website	http://www.mirreryeshiva.com/	mirreryeshiva.com	B	mirrer-yeshiva-cent-institute
214069	admissions	http://admissions.misericordia.edu/	misericordia.edu	B	misericordia-university
214069	website	http://www.misericordia.edu/	misericordia.edu	B	misericordia-university
118930	admissions	http://missioncollege.edu/admissions/	missioncollege.edu	C	mission-college
118930	website	http://www.missioncollege.edu/	missioncollege.edu	C	mission-college
176664	admissions	http://www.mission.edu/	mission.edu	C	mission-university
176664	website	http://www.mission.edu/	mission.edu	C	mission-university
176053	admissions	http://www.mc.edu/admissions/	mc.edu	B	mississippi-college
176053	website	http://www.mc.edu/	mc.edu	B	mississippi-college
176008	admissions	https://www.msdelta.edu/admissions/index.php	msdelta.edu	C	mississippi-delta-community-college
176008	website	https://www.msdelta.edu/	msdelta.edu	C	mississippi-delta-community-college
176071	admissions	https://mgccc.edu/enroll/apply-now/	mgccc.edu	C	mississippi-gulf-coast-community-college
176071	website	https://www.mgccc.edu/	mgccc.edu	C	mississippi-gulf-coast-community-college
176080	admissions	https://www.admissions.msstate.edu/	msstate.edu	B	mississippi-state-university
176080	website	https://www.msstate.edu/	msstate.edu	B	mississippi-state-university
176035	admissions	https://www.muw.edu/admissions	muw.edu	B	mississippi-university-for-women
176035	website	https://www.muw.edu/	muw.edu	B	mississippi-university-for-women
176044	admissions	https://www.mvsu.edu/prospective-students/admissions	mvsu.edu	B	mississippi-valley-state-university
176044	website	http://www.mvsu.edu/	mvsu.edu	B	mississippi-valley-state-university
178244	admissions	http://www.mobap.edu/admissions/	mobap.edu	B	missouri-baptist-university
178244	website	http://www.mobap.edu/	mobap.edu	B	missouri-baptist-university
178341	admissions	http://admissions.mssu.edu/	mssu.edu	A	missouri-southern-state-university
178341	website	http://www.mssu.edu/	mssu.edu	A	missouri-southern-state-university
178411	admissions	https://futurestudents.mst.edu/	mst.edu	A	missouri-st
178411	website	https://www.mst.edu/	mst.edu	A	missouri-st
179566	admissions	http://www.missouristate.edu/admissions/	missouristate.edu	B	missouri-state-university-springfield
179566	website	http://www.missouristate.edu/	missouristate.edu	B	missouri-state-university-springfield
179344	admissions	http://wp.missouristate.edu/admissions/	missouristate.edu	C	missouri-state-university-west-plains
179344	website	http://wp.missouristate.edu/	missouristate.edu	C	missouri-state-university-west-plains
178369	admissions	https://www.moval.edu/admissions-financial-aid	moval.edu	B	missouri-valley-college
178369	website	https://www.moval.edu/	moval.edu	B	missouri-valley-college
178387	admissions	https://www.missouriwestern.edu/admissions/	missouriwestern.edu	C	missouri-western-state-university
178387	website	https://www.missouriwestern.edu/	missouriwestern.edu	C	missouri-western-state-university
166683	admissions	https://mitadmissions.org/	mit.edu	B	mit
166683	website	http://web.mit.edu/	mit.edu	B	mit
129774	admissions	https://mitchell.edu/Admissions	mitchell.edu	B	mitchell-college
129774	website	https://www.mitchell.edu/	mitchell.edu	B	mitchell-college
198987	admissions	https://www.mitchellcc.edu/admissions-info/	mitchellcc.edu	C	mitchell-community-college
198987	website	https://www.mitchellcc.edu/	mitchellcc.edu	C	mitchell-community-college
219189	admissions	https://www.mitchelltech.edu/admissions/	mitchelltech.edu	C	mitchell-technical-college
219189	website	https://www.mitchelltech.edu/	mitchelltech.edu	C	mitchell-technical-college
178448	admissions	http://www.macc.edu/admissions-advising/	macc.edu	C	moberly-area-community-college
178448	website	http://www.macc.edu/	macc.edu	C	moberly-area-community-college
118976	admissions	https://www.mjc.edu/studentservices/enrollment/	mjc.edu	C	modesto-junior-college
118976	website	https://www.mjc.edu/	mjc.edu	C	modesto-junior-college
105206	admissions	https://www.mohave.edu/admission-to-mcc/	mohave.edu	C	mohave-community-college
105206	website	https://www.mohave.edu/	mohave.edu	C	mohave-community-college
193283	admissions	http://www.mvcc.edu/admissions	mvcc.edu	C	mohawk-valley-community-college-utica-branch
193283	website	http://www.mvcc.edu/	mvcc.edu	C	mohawk-valley-community-college-utica-branch
193292	admissions	http://www.molloy.edu/admissions	molloy.edu	B	molloy-university
193292	website	http://www.molloy.edu/	molloy.edu	B	molloy-university
147341	admissions	https://www.monmouthcollege.edu/admission/	monmouthcollege.edu	B	monmouth-college
147341	website	https://www.monmouthcollege.edu/	monmouthcollege.edu	B	monmouth-college
185572	admissions	https://www.monmouth.edu/admission/	monmouth.edu	B	monmouth-university
185572	website	https://www.monmouth.edu/	monmouth.edu	B	monmouth-university
193326	admissions	http://www.monroecc.edu/admissions/	monroecc.edu	C	monroe-community-college
193326	website	http://www.monroecc.edu/	monroecc.edu	C	monroe-community-college
171225	admissions	http://www.monroeccc.edu/admissions/admsindx.htm	monroeccc.edu	C	monroe-county-community-college
171225	website	http://www.monroeccc.edu/	monroeccc.edu	C	monroe-county-community-college
193308	admissions	http://www.monroecollege.edu/	monroecollege.edu	B	monroe-university
193308	website	http://www.monroecollege.edu/	monroecollege.edu	B	monroe-university
262165	admissions	https://montanabiblecollege.edu/admissions/	montanabiblecollege.edu	C	montana-bible-college
262165	website	https://montanabiblecollege.edu/	montanabiblecollege.edu	C	montana-bible-college
180461	admissions	https://www.montana.edu/admissions/	montana.edu	A	montana-state-university
180461	website	https://www.montana.edu/	montana.edu	A	montana-state-university
180179	admissions	https://www.msubillings.edu/future/apply/	msubillings.edu	C	montana-state-university-billings
180179	website	https://www.msubillings.edu/	msubillings.edu	C	montana-state-university-billings
180522	admissions	http://www.msun.edu/stuaffairs/admissions/index.htm	msun.edu	C	montana-state-university-northern
180522	website	http://www.msun.edu/	msun.edu	C	montana-state-university-northern
180416	admissions	https://www.mtech.edu/admissions-aid/	mtech.edu	B	montana-technological-university
180416	website	https://www.mtech.edu/	mtech.edu	B	montana-technological-university
171234	admissions	http://www.montcalm.edu/admissions	montcalm.edu	C	montcalm-community-college
171234	website	http://www.montcalm.edu/	montcalm.edu	C	montcalm-community-college
185590	admissions	http://www.montclair.edu/university-admissions/	montclair.edu	A	montclair-state-university
185590	website	http://www.montclair.edu/	montclair.edu	A	montclair-state-university
119067	admissions	http://www.mpc.edu/admissions	mpc.edu	C	monterey-peninsula-college
119067	website	http://www.mpc.edu/	mpc.edu	C	monterey-peninsula-college
163426	admissions	http://www.montgomerycollege.edu/admissions-registration/	montgomerycollege.edu	C	montgomery-college
163426	website	http://www.montgomerycollege.edu/	montgomerycollege.edu	C	montgomery-college
199023	admissions	http://www.montgomery.edu/futurestudents/admissions	montgomery.edu	C	montgomery-community-college
199023	website	http://www.montgomery.edu/	montgomery.edu	C	montgomery-community-college
214111	admissions	http://www.mc3.edu/admissions	mc3.edu	C	montgomery-county-community-college
214111	website	http://www.mc3.edu/	mc3.edu	C	montgomery-county-community-college
199032	admissions	https://www.montreat.edu/admissions/	montreat.edu	B	montreat-college
199032	website	https://www.montreat.edu/	montreat.edu	B	montreat-college
166911	admissions	https://www.montserrat.edu/admissions/	montserrat.edu	C	montserrat-college-of-art
166911	website	https://www.montserrat.edu/	montserrat.edu	C	montserrat-college-of-art
147369	admissions	https://www.moody.edu/admissions/undergrad/	moody.edu	B	moody-bible-institute
147369	website	https://www.moody.edu/	moody.edu	B	moody-bible-institute
214148	admissions	http://moore.edu/admissions-aid/	moore.edu	B	moore-college-of-art-and-design
214148	website	http://www.moore.edu/	moore.edu	B	moore-college-of-art-and-design
119137	admissions	http://www.moorparkcollege.edu/apply_and_enroll/apply_for_admission/index.shtml	moorparkcollege.edu	C	moorpark-college
119137	website	http://www.moorparkcollege.edu/index.shtml	moorparkcollege.edu	C	moorpark-college
239372	admissions	http://www.morainepark.edu/admissions/new-student/how-to-apply-for-admissions/	morainepark.edu	C	moraine-park-technical-college
239372	website	http://www.morainepark.edu/	morainepark.edu	C	moraine-park-technical-college
147378	admissions	http://www.morainevalley.edu/admissions	morainevalley.edu	C	moraine-valley-community-college
147378	website	http://www.morainevalley.edu/	morainevalley.edu	C	moraine-valley-community-college
214157	admissions	http://www.moravian.edu/admissions	moravian.edu	B	moravian-university
214157	website	http://www.moravian.edu/	moravian.edu	B	moravian-university
157386	admissions	https://www.moreheadstate.edu/admissions/	moreheadstate.edu	B	morehead-state-university
157386	website	https://www.moreheadstate.edu/	moreheadstate.edu	B	morehead-state-university
140553	admissions	http://www.morehouse.edu/admissions/	morehouse.edu	B	morehouse-college
140553	website	http://www.morehouse.edu/	morehouse.edu	B	morehouse-college
460394	admissions	http://www.mvc.edu/admissions-aid/index.php	mvc.edu	C	moreno-valley-college
460394	website	http://www.mvc.edu/	mvc.edu	C	moreno-valley-college
127617	admissions	https://www.morgancc.edu/getting-started/advising/	morgancc.edu	C	morgan-community-college
127617	website	https://www.morgancc.edu/	morgancc.edu	C	morgan-community-college
163453	admissions	https://morgan.edu/undergradadmissions	morgan.edu	B	morgan-state-university
163453	website	https://www.morgan.edu/	morgan.edu	B	morgan-state-university
154004	admissions	https://www.morningside.edu/admissions/	morningside.edu	B	morningside-university
154004	website	https://www.morningside.edu/	morningside.edu	B	morningside-university
218399	admissions	https://www.morris.edu/admissions	morris.edu	C	morris-college
218399	website	https://www.morris.edu/	morris.edu	C	morris-college
147396	admissions	http://www.morrisontech.edu/	morrisontech.edu	C	morrison-institute-of-technology
147396	website	http://www.morrisontech.edu/	morrisontech.edu	C	morrison-institute-of-technology
147411	admissions	http://www.morton.edu/Admissions-Registration/	morton.edu	C	morton-college
147411	website	http://www.morton.edu/	morton.edu	C	morton-college
221096	admissions	http://www.mscc.edu/admissions	mscc.edu	C	motlow-state-community-college
221096	website	http://www.mscc.edu/	mscc.edu	C	motlow-state-community-college
169275	admissions	https://www.mcc.edu/admissions/	mcc.edu	C	mott-community-college
169275	website	https://www.mcc.edu/	mcc.edu	C	mott-community-college
214166	admissions	http://www.mtaloy.edu/future-students/	mtaloy.edu	B	mount-aloysius-college
214166	website	http://www.mtaloy.edu/	mtaloy.edu	B	mount-aloysius-college
209241	admissions	https://www.mountangelabbey.org/seminary/admissions/	mountangelabbey.org	B	mount-angel-seminary
209241	website	https://www.mountangelabbey.org/seminary	mountangelabbey.org	B	mount-angel-seminary
204176	admissions	http://www.mccn.edu/admissions	mccn.edu	B	mount-carmel-college-of-nursing
204176	website	http://www.mccn.edu/	mccn.edu	B	mount-carmel-college-of-nursing
166939	admissions	https://www.mtholyoke.edu/admission	mtholyoke.edu	B	mount-holyoke
166939	website	https://www.mtholyoke.edu/	mtholyoke.edu	B	mount-holyoke
219198	admissions	http://www.mountmarty.edu/admission	mountmarty.edu	B	mount-marty-university
219198	website	http://www.mountmarty.edu/	mountmarty.edu	B	mount-marty-university
239390	admissions	http://www.mtmary.edu/admissions/index.html	mtmary.edu	B	mount-mary-university
239390	website	http://www.mtmary.edu/	mtmary.edu	B	mount-mary-university
154013	admissions	http://www.mtmercy.edu/undergraduate/admissions/index	mtmercy.edu	B	mount-mercy-university
154013	website	http://www.mtmercy.edu/	mtmercy.edu	B	mount-mercy-university
193353	admissions	http://www.msmc.edu/admissions-aid/	msmc.edu	B	mount-saint-mary-college
193353	website	http://www.msmc.edu/	msmc.edu	B	mount-saint-mary-college
119173	admissions	https://www.msmu.edu/admission/	msmu.edu	B	mount-saint-marys-university
119173	website	https://www.msmu.edu/	msmu.edu	B	mount-saint-marys-university
189282	admissions	http://www.mountsinai.org/locations/beth-israel/pson/admissions	pson.edu	C	mount-sinai-phillips-school-of-nursing
189282	website	http://www.pson.edu/	pson.edu	C	mount-sinai-phillips-school-of-nursing
204200	admissions	http://www.msj.edu/admission/	msj.edu	B	mount-st-joseph-university
204200	website	http://www.msj.edu/	msj.edu	B	mount-st-joseph-university
163462	admissions	https://msmary.edu/admissions/	msmary.edu	B	mount-st-marys-university
163462	website	https://msmary.edu/	msmary.edu	B	mount-st-marys-university
204194	admissions	https://mvnu.edu/admissions/	mvnu.edu	B	mount-vernon-nazarene-university
204194	website	http://mvnu.edu/	mvnu.edu	B	mount-vernon-nazarene-university
166957	admissions	http://mwcc.edu/enroll/admissions/	mwcc.edu	C	mount-wachusett-community-college
166957	website	http://mwcc.edu/	mwcc.edu	C	mount-wachusett-community-college
232788	admissions	http://www.mecc.edu/step1/	mecc.edu	C	mountain-empire-community-college
232788	website	http://www.mecc.edu/	mecc.edu	C	mountain-empire-community-college
231873	admissions	https://www.mgcc.edu/student-support	mgcc.edu	C	mountain-gateway-community-college
231873	website	http://www.mgcc.edu/	mgcc.edu	C	mountain-gateway-community-college
444954	admissions	http://www.mctc.edu/admissions/	mctc.edu	C	mountwest-community-and-technical-college
444954	website	http://www.mctc.edu/	mctc.edu	C	mountwest-community-and-technical-college
209250	admissions	http://www.mhcc.edu/admissions	mhcc.edu	C	mt-hood-community-college
209250	website	http://www.mhcc.edu/	mhcc.edu	C	mt-hood-community-college
119164	admissions	http://www.mtsac.edu/admissions/	mtsac.edu	C	mt-san-antonio-college
119164	website	http://www.mtsac.edu/	mtsac.edu	C	mt-san-antonio-college
119216	website	http://www.msjc.edu/	msjc.edu	C	mt-san-jacinto-community-college-district
214175	admissions	http://www.muhlenberg.edu/main/admissions/	muhlenberg.edu	B	muhlenberg-college
214175	website	http://www.muhlenberg.edu/	muhlenberg.edu	B	muhlenberg-college
207236	admissions	https://www.mscok.edu/admissions/Admissions	mscok.edu	C	murray-state-college
207236	website	https://www.mscok.edu/	mscok.edu	C	murray-state-college
157401	admissions	http://www.murraystate.edu/Admissions	murraystate.edu	B	murray-state-university
157401	website	http://www.murraystate.edu/	murraystate.edu	B	murray-state-university
119270	admissions	https://www.mi.edu/admissions	mi.edu	B	musicians-institute
119270	website	http://www.mi.edu/	mi.edu	B	musicians-institute
171304	admissions	http://www.muskegoncc.edu/admissions/	muskegoncc.edu	C	muskegon-community-college
171304	website	http://www.muskegoncc.edu/	muskegoncc.edu	C	muskegon-community-college
204264	admissions	https://www.muskingum.edu/admission	muskingum.edu	B	muskingum-university
204264	website	http://www.muskingum.edu/	muskingum.edu	B	muskingum-university
434432	admissions	http://www.myotherapy.edu/	myotherapy.edu	C	myotherapy-institute
434432	website	http://www.myotherapy.edu/	myotherapy.edu	C	myotherapy-institute
119331	admissions	https://www.napavalley.edu/admissions-and-aid/admissions-and-records/index.html	napavalley.edu	C	napa-valley-college
119331	website	https://www.napavalley.edu/	napavalley.edu	C	napa-valley-college
127653	admissions	https://www.naropa.edu/admissions-aid/	naropa.edu	B	naropa-university
127653	website	https://www.naropa.edu/	naropa.edu	B	naropa-university
199087	admissions	https://www.nashcc.edu/admissions	nashcc.edu	C	nash-community-college
199087	website	https://www.nashcc.edu/	nashcc.edu	C	nash-community-college
183141	admissions	http://nashuacc.edu/admissions	nashuacc.edu	C	nashua-community-college
183141	website	http://nashuacc.edu/	nashuacc.edu	C	nashua-community-college
221184	admissions	https://www.nscc.edu/admissions/	nscc.edu	C	nashville-state-community-college
221184	website	https://www.nscc.edu/	nscc.edu	C	nashville-state-community-college
193478	admissions	http://www.ncc.edu/Admissions	ncc.edu	C	nassau-community-college
193478	website	http://www.ncc.edu/	ncc.edu	C	nassau-community-college
219204	website	http://www.national.edu/locations/campuses/rapid-city/	national.edu	C	national-american-university-rapid-city
147536	admissions	http://www.nl.edu/admissions/	nl.edu	B	national-louis-university
147536	website	http://www.nl.edu/	nl.edu	B	national-louis-university
106980	admissions	http://www.np.edu/admissions	np.edu	C	national-park-college
106980	website	http://www.np.edu/	np.edu	C	national-park-college
119605	admissions	http://www.nu.edu/Admissions.html	nu.edu	C	national-university
119605	website	http://www.nu.edu/	nu.edu	C	national-university
147590	admissions	https://www.nuhs.edu/admissions/	nuhs.edu	C	national-university-of-health-sciences
147590	website	https://www.nuhs.edu/	nuhs.edu	C	national-university-of-health-sciences
187596	admissions	http://www.navajotech.edu/future-students/admissions	navajotech.edu	C	navajo-technical-university
187596	website	http://www.navajotech.edu/	navajotech.edu	C	navajo-technical-university
164155	admissions	http://www.usna.edu/Admissions	usna.edu	B	naval-academy
164155	website	http://www.usna.edu/	usna.edu	B	naval-academy
227146	admissions	http://www.navarrocollege.edu/admissions/	navarrocollege.edu	C	navarro-college
227146	website	http://www.navarrocollege.edu/	navarrocollege.edu	C	navarro-college
127714	admissions	http://www.nbc.edu/	nbc.edu	C	nazarene-bible-college
127714	website	http://www.nbc.edu/	nbc.edu	C	nazarene-bible-college
193584	admissions	https://www2.naz.edu/admissions	naz.edu	B	nazareth-university
193584	website	https://www2.naz.edu/	naz.edu	B	nazareth-university
199193	admissions	http://admissions.ncsu.edu/	ncsu.edu	B	nc-state
199193	website	http://www.ncsu.edu/	ncsu.edu	B	nc-state
181765	website	https://ncta.unl.edu/	unl.edu	C	nebraska-college-of-technical-agriculture
181419	admissions	http://www.thenicc.edu/index.php/en/admissions/admission-policies	thenicc.edu	C	nebraska-indian-community-college
181419	website	http://www.thenicc.edu/	thenicc.edu	C	nebraska-indian-community-college
181297	admissions	http://www.methodistcollege.edu/admissions	methodistcollege.edu	B	nebraska-methodist-college-of-nursing-and-allied-health
181297	website	http://www.methodistcollege.edu/	methodistcollege.edu	B	nebraska-methodist-college-of-nursing-and-allied-health
181446	admissions	https://www.nebrwesleyan.edu/admissions	nebrwesleyan.edu	B	nebraska-wesleyan-university
181446	website	https://www.nebrwesleyan.edu/	nebrwesleyan.edu	B	nebraska-wesleyan-university
228325	admissions	https://www.nelson.edu/admissions/sagu-admissions-online-on-campus-graduate-studies	nelson.edu	B	nelson-university
228325	website	http://www.nelson.edu/	nelson.edu	B	nelson-university
155566	admissions	https://www.neosho.edu/Prospective-Students	neosho.edu	C	neosho-county-community-college
155566	website	http://www.neosho.edu/	neosho.edu	C	neosho-county-community-college
163532	admissions	https://nirc.edu/yeshivaadmissions-2/	nirc.edu	B	ner-israel-rabbinical-college
163532	website	https://nirc.edu/	nirc.edu	B	ner-israel-rabbinical-college
214272	admissions	https://www.neumann.edu/admissions/default.asp	neumann.edu	A	neumann-university
214272	website	https://www.neumann.edu/	neumann.edu	A	neumann-university
445692	admissions	https://www.neumont.edu/future-students	neumont.edu	B	neumont-college-of-computer-science
445692	website	https://www.neumont.edu/	neumont.edu	B	neumont-college-of-computer-science
441900	admissions	https://nevadastate.edu/admissions/	nevadastate.edu	B	nevada-state-university
441900	website	https://nevadastate.edu/	nevadastate.edu	B	nevada-state-university
262129	admissions	http://www.ncf.edu/admissions/	ncf.edu	B	new-college-florida
262129	website	http://www.ncf.edu/	ncf.edu	B	new-college-florida
182980	admissions	http://www.nec.edu/admission	nec.edu	B	new-england-college
182980	website	http://www.nec.edu/	nec.edu	B	new-england-college
217305	admissions	https://www.neit.edu/admissions-aid	neit.edu	B	new-england-institute-of-technology
217305	website	https://www.neit.edu/	neit.edu	B	new-england-institute-of-technology
208725	admissions	http://www.newhope.edu/admissions/	newhope.edu	B	new-hope-christian-college-or
208725	website	http://www.newhope.edu/	newhope.edu	B	new-hope-christian-college-or
185129	admissions	https://www.njcu.edu/admissions-aid	njcu.edu	B	new-jersey-city-university
185129	website	https://www.njcu.edu/	njcu.edu	B	new-jersey-city-university
185828	admissions	https://www.njit.edu/admissions	njit.edu	A	new-jersey-institute-of-technology
185828	website	https://www.njit.edu/	njit.edu	A	new-jersey-institute-of-technology
187897	admissions	https://www.nmhu.edu/office-of-student-recruitment-undergraduate-admissions/	nmhu.edu	C	new-mexico-highlands-university
187897	website	https://www.nmhu.edu/	nmhu.edu	C	new-mexico-highlands-university
187967	admissions	https://www.nmt.edu/admission/index.php	nmt.edu	B	new-mexico-institute-of-mining-and-technology
187967	website	https://www.nmt.edu/	nmt.edu	B	new-mexico-institute-of-mining-and-technology
187903	admissions	https://www.nmjc.edu/admission/	nmjc.edu	C	new-mexico-junior-college
187903	website	https://www.nmjc.edu/	nmjc.edu	C	new-mexico-junior-college
187912	admissions	https://www.nmmi.edu/admissions/	nmmi.edu	B	new-mexico-military-institute
187912	website	https://www.nmmi.edu/	nmmi.edu	B	new-mexico-military-institute
187994	admissions	http://alamogordo.nmsu.edu/student-services/admissions	nmsu.edu	C	new-mexico-state-university-alamogordo
187994	website	http://alamogordo.nmsu.edu/	nmsu.edu	C	new-mexico-state-university-alamogordo
187620	admissions	http://dacc.nmsu.edu/admissions/	nmsu.edu	C	new-mexico-state-university-dona-ana
187620	website	http://dacc.nmsu.edu/	nmsu.edu	C	new-mexico-state-university-dona-ana
188021	admissions	http://grants.nmsu.edu/webpages/student-services/admission.html	nmsu.edu	C	new-mexico-state-university-grants
188021	website	http://grants.nmsu.edu/	nmsu.edu	C	new-mexico-state-university-grants
188030	admissions	http://admissions.nmsu.edu/	nmsu.edu	B	new-mexico-state-university-main-campus
188030	website	http://www.nmsu.edu/	nmsu.edu	B	new-mexico-state-university-main-campus
159948	admissions	http://www.nobts.edu/registrar/admissions.html	nobts.edu	C	new-orleans-baptist-theological-seminary
159948	website	http://www.nobts.edu/	nobts.edu	C	new-orleans-baptist-theological-seminary
447582	admissions	https://www.newriver.edu/admissions/	newriver.edu	C	new-river-community-and-technical-college
447582	website	https://www.newriver.edu/	newriver.edu	C	new-river-community-and-technical-college
232867	admissions	http://www.nr.edu/admissions/	nr.edu	C	new-river-community-college
232867	website	http://www.nr.edu/	nr.edu	C	new-river-community-college
440396	admissions	http://nsa.edu/admissions/visit	nsa.edu	B	new-saint-andrews-college
440396	website	http://nsa.edu/	nsa.edu	B	new-saint-andrews-college
418126	admissions	http://www.nycollege.edu/	nycollege.edu	C	new-york-college-of-health-professions
418126	website	http://www.nycollege.edu/	nycollege.edu	C	new-york-college-of-health-professions
194091	admissions	http://www.nyit.edu/admissions/	nyit.edu	B	new-york-institute-of-technology
194091	website	http://www.nyit.edu/	nyit.edu	B	new-york-institute-of-technology
194116	admissions	http://www.nysid.edu/what-path-is-right-for-you	nysid.edu	B	new-york-school-of-interior-design
194116	website	http://www.nysid.edu/	nysid.edu	B	new-york-school-of-interior-design
218414	admissions	https://www.newberry.edu/admission	newberry.edu	B	newberry-college
218414	website	http://www.newberry.edu/	newberry.edu	B	newberry-college
155335	admissions	http://newmanu.edu/admissions	newmanu.edu	B	newman-university
155335	website	http://www.newmanu.edu/	newmanu.edu	B	newman-university
119775	admissions	https://newschoolarch.edu/admissions/	newschoolarch.edu	B	newschool-of-architecture-and-design
119775	website	http://www.newschoolarch.edu/	newschoolarch.edu	B	newschool-of-architecture-and-design
496803	website	https://newu.university/	newu.university	C	newu-university
183099	admissions	https://www.nhti.edu/admissions/	nhti.edu	C	nhti-concords-community-college
183099	website	https://www.nhti.edu/	nhti.edu	C	nhti-concords-community-college
193946	admissions	http://www.niagaracc.suny.edu/admissions/	suny.edu	C	niagara-county-community-college
193946	website	http://www.niagaracc.suny.edu/	suny.edu	C	niagara-county-community-college
193973	admissions	http://www.niagara.edu/admissions	niagara.edu	B	niagara-university
193973	website	http://www.niagara.edu/	niagara.edu	B	niagara-university
159966	admissions	http://www.nicholls.edu/admission/	nicholls.edu	B	nicholls-state-university
159966	website	http://www.nicholls.edu/	nicholls.edu	B	nicholls-state-university
167260	admissions	https://www.nichols.edu/admission/	nichols.edu	B	nichols-college
167260	website	http://www.nichols.edu/	nichols.edu	B	nichols-college
239442	admissions	https://www.nicoletcollege.edu/admissions	nicoletcollege.edu	C	nicolet-area-technical-college
239442	website	https://www.nicoletcollege.edu/	nicoletcollege.edu	C	nicolet-area-technical-college
460464	admissions	http://www.norcocollege.edu/services/enrollment/admissions/index.html	norcocollege.edu	C	norco-college
460464	website	http://www.norcocollege.edu/	norcocollege.edu	C	norco-college
232937	admissions	https://www.nsu.edu/Admissions-Aid	nsu.edu	B	norfolk-state-university
232937	website	http://www.nsu.edu/	nsu.edu	B	norfolk-state-university
174428	admissions	http://www.normandale.edu/admissions	normandale.edu	C	normandale-community-college
174428	website	http://www.normandale.edu/	normandale.edu	C	normandale-community-college
461795	admissions	http://www.na.edu/admissions/	na.edu	C	north-american-university
461795	website	http://www.na.edu/	na.edu	C	north-american-university
107460	admissions	http://www.northark.edu/admissions/	northark.edu	C	north-arkansas-college
107460	website	http://www.northark.edu/	northark.edu	C	north-arkansas-college
199102	admissions	http://www.ncat.edu/admissions/	ncat.edu	A	north-carolina-a-and-t-state-university
199102	website	http://www.ncat.edu/	ncat.edu	A	north-carolina-a-and-t-state-university
199157	admissions	https://www.nccu.edu/admissions	nccu.edu	A	north-carolina-central-university
199157	website	https://www.nccu.edu/	nccu.edu	A	north-carolina-central-university
199209	admissions	http://ncwu.edu/admissions/	ncwu.edu	B	north-carolina-wesleyan-university
199209	website	http://www.ncwu.edu/	ncwu.edu	B	north-carolina-wesleyan-university
147660	admissions	http://northcentralcollege.edu/admission	northcentralcollege.edu	A	north-central-college
147660	website	http://northcentralcollege.edu/	northcentralcollege.edu	A	north-central-college
171395	admissions	http://www.ncmich.edu/	ncmich.edu	C	north-central-michigan-college
171395	website	http://www.ncmich.edu/	ncmich.edu	C	north-central-michigan-college
179715	admissions	http://www.ncmissouri.edu/admissions	ncmissouri.edu	C	north-central-missouri-college
179715	website	http://www.ncmissouri.edu/	ncmissouri.edu	C	north-central-missouri-college
204422	admissions	https://ncstatecollege.edu/admissions/	ncstatecollege.edu	C	north-central-state-college
204422	website	https://www.ncstatecollege.edu/	ncstatecollege.edu	C	north-central-state-college
224110	admissions	https://www.nctc.edu/admissions	nctc.edu	C	north-central-texas-college
224110	website	https://www.nctc.edu/	nctc.edu	C	north-central-texas-college
174437	admissions	http://www.northcentral.edu/admissions/	northcentral.edu	B	north-central-university
174437	website	http://www.northcentral.edu/	northcentral.edu	B	north-central-university
194028	admissions	https://www.nccc.edu/admissions/index.html	nccc.edu	C	north-country-community-college
194028	website	http://www.nccc.edu/	nccc.edu	C	north-country-community-college
200305	admissions	https://www.ndscs.edu/become-a-wildcat/	ndscs.edu	C	north-dakota-state-college-of-science
200305	website	https://www.ndscs.edu/	ndscs.edu	C	north-dakota-state-college-of-science
200332	admissions	https://www.ndsu.edu/admission/	ndsu.edu	B	north-dakota-state-university-main-campus
200332	website	https://www.ndsu.edu/	ndsu.edu	B	north-dakota-state-university-main-campus
136172	admissions	https://www.unf.edu/admissions/	unf.edu	B	north-florida
136172	website	https://www.unf.edu/	unf.edu	B	north-florida
136145	admissions	https://www.nfc.edu/getting-started/admissions/index.html	nfc.edu	C	north-florida-college
136145	website	https://www.nfc.edu/	nfc.edu	C	north-florida-college
140678	admissions	https://northgatech.edu/admissions/	northgatech.edu	C	north-georgia-technical-college
140678	website	https://northgatech.edu/	northgatech.edu	C	north-georgia-technical-college
218441	admissions	https://www.ngu.edu/admissions/	ngu.edu	B	north-greenville
218441	website	https://www.ngu.edu/	ngu.edu	B	north-greenville
174376	admissions	https://www.nhcc.edu/admissions-aid	nhcc.edu	C	north-hennepin-community-college
174376	website	https://www.nhcc.edu/	nhcc.edu	C	north-hennepin-community-college
142443	admissions	https://www.nic.edu/admissions-aid/	nic.edu	C	north-idaho-college
142443	website	https://www.nic.edu/	nic.edu	C	north-idaho-college
154059	admissions	http://www.niacc.edu/admissions/	niacc.edu	C	north-iowa-area-community-college
154059	website	http://www.niacc.edu/	niacc.edu	C	north-iowa-area-community-college
147679	admissions	http://www.northpark.edu/Admissions	northpark.edu	B	north-park-university
147679	website	http://www.northpark.edu/	northpark.edu	B	north-park-university
236072	admissions	https://northseattle.edu/admissions/steps	northseattle.edu	C	north-seattle-college
236072	website	http://www.northseattle.edu/	northseattle.edu	C	north-seattle-college
167312	admissions	http://www.northshore.edu/admissions/	northshore.edu	C	north-shore-community-college
167312	website	http://www.northshore.edu/	northshore.edu	C	north-shore-community-college
214379	admissions	https://www.northampton.edu/admissions.htm	northampton.edu	C	northampton-county-area-community-college
214379	website	http://www.northampton.edu/	northampton.edu	C	northampton-county-area-community-college
239460	admissions	http://www.ntc.edu/admissions	ntc.edu	C	northcentral-technical-college
239460	website	http://www.ntc.edu/	ntc.edu	C	northcentral-technical-college
101897	admissions	https://www.nacc.edu/admission-financial-aid/admissions	nacc.edu	C	northeast-alabama-community-college
101897	website	https://www.nacc.edu/	nacc.edu	C	northeast-alabama-community-college
181491	admissions	https://northeast.edu/admissions	northeast.edu	C	northeast-community-college
181491	website	https://northeast.edu/	northeast.edu	C	northeast-community-college
154110	admissions	https://www.nicc.edu/admissions/	nicc.edu	C	northeast-iowa-community-college-calmar
154110	website	https://www.nicc.edu/	nicc.edu	C	northeast-iowa-community-college-calmar
488730	admissions	https://www.alamo.edu/nlc/admissions--aid/	alamo.edu	C	northeast-lakeview-college
488730	website	http://www.alamo.edu/nlc	alamo.edu	C	northeast-lakeview-college
176169	admissions	https://www.nemcc.edu/admissions/index.html	nemcc.edu	C	northeast-mississippi-community-college
176169	website	https://www.nemcc.edu/	nemcc.edu	C	northeast-mississippi-community-college
204477	admissions	http://www.neomed.edu/admissions	neomed.edu	C	northeast-ohio-medical-university
204477	website	http://www.neomed.edu/	neomed.edu	C	northeast-ohio-medical-university
221908	admissions	https://www.northeaststate.edu/admissions/index.html	northeaststate.edu	C	northeast-state-community-college
221908	website	https://www.northeaststate.edu/	northeaststate.edu	C	northeast-state-community-college
227225	admissions	http://www.ntcc.edu/admissions	ntcc.edu	C	northeast-texas-community-college
227225	website	http://www.ntcc.edu/	ntcc.edu	C	northeast-texas-community-college
239488	admissions	https://www.nwtc.edu/admissions/	nwtc.edu	C	northeast-wisconsin-technical-college
239488	website	https://www.nwtc.edu/	nwtc.edu	C	northeast-wisconsin-technical-college
167358	admissions	https://www.northeastern.edu/admissions/	northeastern.edu	B	northeastern
167358	website	http://www.northeastern.edu/	northeastern.edu	B	northeastern
147776	admissions	https://admissions.neiu.edu/	neiu.edu	B	northeastern-illinois-university
147776	website	http://www.neiu.edu/	neiu.edu	B	northeastern-illinois-university
127732	admissions	https://www.njc.edu/admissions	njc.edu	C	northeastern-junior-college
127732	website	http://www.njc.edu/	njc.edu	C	northeastern-junior-college
207290	admissions	https://neo.edu/current-students/admissions/	neo.edu	C	northeastern-oklahoma-aandm-college
207290	website	https://www.neo.edu/	neo.edu	C	northeastern-oklahoma-aandm-college
207263	admissions	https://offices.nsuok.edu/admissions/	nsuok.edu	A	northeastern-state-university
207263	website	https://www.nsuok.edu/	nsuok.edu	A	northeastern-state-university
217837	admissions	http://www.netc.edu/admissions.php?Admissions-1	netc.edu	C	northeastern-technical-college
217837	website	http://www.netc.edu/	netc.edu	C	northeastern-technical-college
118888	admissions	https://www.northeastern.edu/admissions/	northeastern.edu	B	northeastern-university-oakland
118888	website	https://oakland.northeastern.edu/	northeastern.edu	B	northeastern-university-oakland
105330	admissions	https://nau.edu/admissions/	nau.edu	A	northern-arizona-university
105330	website	https://nau.edu/	nau.edu	A	northern-arizona-university
167376	admissions	http://www.necc.mass.edu/apply/	mass.edu	C	northern-essex-community-college
167376	website	http://www.necc.mass.edu/	mass.edu	C	northern-essex-community-college
147703	admissions	http://www.niu.edu/Apply/index.shtml	niu.edu	B	northern-illinois-university
147703	website	http://www.niu.edu/	niu.edu	B	northern-illinois-university
157447	admissions	https://nku.edu/admissions.html	nku.edu	A	northern-kentucky-university
157447	website	http://www.nku.edu/	nku.edu	A	northern-kentucky-university
161484	admissions	http://www.nmcc.edu/admissions-financial-aid/admissions/overview/	nmcc.edu	C	northern-maine-community-college
161484	website	http://www.nmcc.edu/	nmcc.edu	C	northern-maine-community-college
240790	admissions	http://www.marianas.edu/admissions	marianas.edu	C	northern-marianas-college
240790	website	http://www.marianas.edu/	marianas.edu	C	northern-marianas-college
171456	admissions	https://www.nmu.edu/admissions/	nmu.edu	A	northern-michigan-university
171456	website	https://www.nmu.edu/	nmu.edu	A	northern-michigan-university
188058	admissions	https://nnmc.edu/admissions/index.html	nnmc.edu	C	northern-new-mexico-college
188058	website	https://nnmc.edu/	nnmc.edu	C	northern-new-mexico-college
207281	admissions	http://www.noc.edu/admissions	noc.edu	C	northern-oklahoma-college
207281	website	http://www.noc.edu/	noc.edu	C	northern-oklahoma-college
494959	admissions	https://regionalcollegepa.org/admissions-and-records/	regionalcollegepa.org	C	northern-pennsylvania-regional-college
494959	website	https://regionalcollegepa.org/	regionalcollegepa.org	C	northern-pennsylvania-regional-college
219259	admissions	https://northern.edu/admissions	northern.edu	B	northern-state-university
219259	website	https://northern.edu/	northern.edu	B	northern-state-university
232946	admissions	https://www.nvcc.edu/admissions/index.html	nvcc.edu	C	northern-virginia-community-college
232946	website	https://www.nvcc.edu/	nvcc.edu	C	northern-virginia-community-college
174473	admissions	http://www.northlandcollege.edu/admissions/	northlandcollege.edu	C	northland-community-and-technical-college
174473	website	http://www.northlandcollege.edu/	northlandcollege.edu	C	northland-community-and-technical-college
105349	admissions	http://www.npc.edu/recruitment	npc.edu	C	northland-pioneer-college
105349	website	http://www.npc.edu/	npc.edu	C	northland-pioneer-college
217606	admissions	http://www.northpoint.edu/	northpoint.edu	C	northpoint-bible-college
217606	website	http://www.northpoint.edu/	northpoint.edu	C	northpoint-bible-college
160667	admissions	http://www.northshorecollege.edu/admissions/future-students/index	northshorecollege.edu	C	northshore-technical-community-college
160667	website	http://northshorecollege.edu/	northshorecollege.edu	C	northshore-technical-community-college
367459	admissions	https://www.nwacc.edu/enrollment/studentype/default.aspx	nwacc.edu	C	northwest-arkansas-community-college
367459	website	http://www.nwacc.edu/	nwacc.edu	C	northwest-arkansas-community-college
240657	admissions	http://www.nwc.edu/admissions/welcome	nwc.edu	C	northwest-college
240657	website	http://www.nwc.edu/	nwc.edu	C	northwest-college
377546	admissions	https://ncad.edu/admissions/	ncad.edu	B	northwest-college-of-art
377546	website	https://ncad.edu/	ncad.edu	B	northwest-college-of-art
136233	admissions	https://www.nwfsc.edu/admissions/	nwfsc.edu	C	northwest-florida-state-college
136233	website	https://www.nwfsc.edu/	nwfsc.edu	C	northwest-florida-state-college
380377	admissions	https://www.nwic.edu/admissions/	nwic.edu	C	northwest-indian-college
380377	website	http://www.nwic.edu/	nwic.edu	C	northwest-indian-college
154129	admissions	https://nwicc.edu/admissions/	nwicc.edu	C	northwest-iowa-community-college
154129	website	http://www.nwicc.edu/	nwicc.edu	C	northwest-iowa-community-college
155618	admissions	http://www.fhnw.edu/admissions-office	fhnw.edu	C	northwest-kansas-technical-college
155618	website	http://www.fhnw.edu/	fhnw.edu	C	northwest-kansas-technical-college
160010	admissions	http://www.nltcc.edu/admissions/index	nltcc.edu	C	northwest-louisiana-technical-college
160010	website	http://www.nltcc.edu/	nltcc.edu	C	northwest-louisiana-technical-college
176178	admissions	http://www.northwestms.edu/admissions	northwestms.edu	C	northwest-mississippi-community-college
176178	website	http://www.northwestms.edu/	northwestms.edu	C	northwest-mississippi-community-college
178624	admissions	https://www.nwmissouri.edu/admissions/index.htm	nwmissouri.edu	B	northwest-missouri-state-university
178624	website	https://www.nwmissouri.edu/	nwmissouri.edu	B	northwest-missouri-state-university
142461	admissions	https://www.nnu.edu/admissions-aid	nnu.edu	B	northwest-nazarene-university
142461	website	https://www.nnu.edu/	nnu.edu	B	northwest-nazarene-university
458140	admissions	https://www.nwswb.edu/programs/admissions-process/	nwswb.edu	C	northwest-school-of-wooden-boat-building
458140	website	https://www.nwswb.edu/	nwswb.edu	C	northwest-school-of-wooden-boat-building
101736	admissions	https://www.nwscc.edu/about-nw-scc/college-departments/student-services/admissions	nwscc.edu	C	northwest-shoals-community-college-muscle-shoals
101736	website	https://www.nwscc.edu/	nwscc.edu	C	northwest-shoals-community-college-muscle-shoals
204440	admissions	https://northweststate.edu/admissions	northweststate.edu	C	northwest-state-community-college
204440	website	https://northweststate.edu/	northweststate.edu	C	northwest-state-community-college
173115	admissions	https://www.ntcmn.edu/admissions/	ntcmn.edu	C	northwest-technical-college
173115	website	https://www.ntcmn.edu/	ntcmn.edu	C	northwest-technical-college
236133	admissions	http://www.northwestu.edu/home	northwestu.edu	B	northwest-university
236133	website	http://www.northwestu.edu/	northwestu.edu	B	northwest-university
420398	admissions	http://alamo.edu/nvc/admissions/	alamo.edu	C	northwest-vista-college
420398	website	http://alamo.edu/nvc/	alamo.edu	C	northwest-vista-college
147767	admissions	http://www.northwestern.edu/admissions/	northwestern.edu	B	northwestern
147767	website	http://www.northwestern.edu/	northwestern.edu	B	northwestern
154101	admissions	https://www.nwciowa.edu/admissions/	nwciowa.edu	B	northwestern-college-ia
154101	website	https://www.nwciowa.edu/	nwciowa.edu	B	northwestern-college-ia
174507	admissions	http://www.nwhealth.edu/admissions	nwhealth.edu	C	northwestern-health-sciences-university
174507	website	http://www.nwhealth.edu/	nwhealth.edu	C	northwestern-health-sciences-university
171483	admissions	https://www.nmc.edu/admissions/index.html	nmc.edu	C	northwestern-michigan-college
171483	website	https://www.nmc.edu/	nmc.edu	C	northwestern-michigan-college
207306	admissions	http://www.nwosu.edu/apply-for-admission	nwosu.edu	B	northwestern-oklahoma-state-university
207306	website	http://www.nwosu.edu/	nwosu.edu	B	northwestern-oklahoma-state-university
160038	admissions	https://www.nsula.edu/admissions/	nsula.edu	B	northwestern-state-university-of-louisiana
160038	website	https://www.nsula.edu/	nsula.edu	B	northwestern-state-university-of-louisiana
240198	admissions	https://www.northwoodtech.edu/admissions	northwoodtech.edu	C	northwood-technical-college
240198	website	https://www.northwoodtech.edu/	northwoodtech.edu	C	northwood-technical-college
171492	admissions	http://www.northwood.edu/admissions	northwood.edu	B	northwood-university-michigan
171492	website	http://www.northwood.edu/	northwood.edu	B	northwood-university-michigan
230995	admissions	http://www.norwich.edu/admissions	norwich.edu	B	norwich-university
230995	website	http://www.norwich.edu/	norwich.edu	B	norwich-university
368452	admissions	https://nossi.edu/admissions	nossi.edu	B	nossi-college-of-art
368452	website	https://www.nossi.edu/	nossi.edu	B	nossi-college-of-art
152080	admissions	http://admissions.nd.edu/	nd.edu	B	notre-dame
152080	website	http://www.nd.edu/	nd.edu	B	notre-dame
120184	admissions	http://www.ndnu.edu/admissions/	ndnu.edu	C	notre-dame-de-namur-university
120184	website	http://www.ndnu.edu/	ndnu.edu	C	notre-dame-de-namur-university
163578	admissions	http://www.ndm.edu/admissions-aid	ndm.edu	B	notre-dame-of-maryland-university
163578	website	http://www.ndm.edu/	ndm.edu	B	notre-dame-of-maryland-university
136215	admissions	http://www.undergrad.nova.edu/admissions	nova.edu	B	nova-southeastern
136215	website	http://www.nova.edu/	nova.edu	B	nova-southeastern
200086	admissions	http://nhsc.edu/admission-financial-aid/	nhsc.edu	C	nueta-hidatsa-sahnish-college
200086	website	http://www.nhsc.edu/	nhsc.edu	C	nueta-hidatsa-sahnish-college
158884	admissions	http://www.nunez.edu/admissions	nunez.edu	C	nunez-community-college
158884	website	http://www.nunez.edu/	nunez.edu	C	nunez-community-college
193900	admissions	https://www.nyu.edu/admissions.html	nyu.edu	A	nyu
193900	website	https://www.nyu.edu/	nyu.edu	A	nyu
174525	admissions	http://www.oakhills.edu/admissions	oakhills.edu	C	oak-hills-christian-college
174525	website	http://www.oakhills.edu/	oakhills.edu	C	oak-hills-christian-college
495059	admissions	https://oakvalley.edu/admissions	oakvalley.edu	C	oak-valley-college
495059	website	https://oakvalley.edu/	oakvalley.edu	C	oak-valley-college
152099	admissions	http://www.oak.edu/admissions/	oak.edu	B	oakland-city-university
152099	website	http://www.oak.edu/	oak.edu	B	oakland-city-university
171535	admissions	https://www.oaklandcc.edu/admissions/	oaklandcc.edu	C	oakland-community-college
171535	website	https://www.oaklandcc.edu/	oaklandcc.edu	C	oakland-community-college
171571	admissions	http://www.oakland.edu/futurestudents	oakland.edu	B	oakland-university
171571	website	http://www.oakland.edu/	oakland.edu	B	oakland-university
147800	admissions	http://www.oakton.edu/admission/	oakton.edu	C	oakton-college
147800	website	http://www.oakton.edu/	oakton.edu	C	oakton-college
101912	admissions	https://my.oakwood.edu/ICS/Admissions/	oakwood.edu	B	oakwood-university
101912	website	https://www2.oakwood.edu/	oakwood.edu	B	oakwood-university
204501	admissions	http://www.oberlin.edu/admissions-and-aid	oberlin.edu	B	oberlin-college
204501	website	http://www.oberlin.edu/	oberlin.edu	B	oberlin-college
120254	admissions	https://www.oxy.edu/admission-aid	oxy.edu	B	occidental-college
120254	website	https://www.oxy.edu/	oxy.edu	B	occidental-college
185873	admissions	https://www.ocean.edu/admissions-aid/	ocean.edu	C	ocean-county-college
185873	website	http://www.ocean.edu/	ocean.edu	C	ocean-county-college
420431	admissions	http://www.oftc.edu/admissions/	oftc.edu	C	oconee-fall-line-technical-college
420431	website	http://www.oftc.edu/	oftc.edu	C	oconee-fall-line-technical-college
227304	admissions	http://www.odessa.edu/future-students/Admissions/index.html	odessa.edu	C	odessa-college
227304	website	http://www.odessa.edu/	odessa.edu	C	odessa-college
366465	admissions	http://www.ogeecheetech.edu/admissions/next-steps	ogeecheetech.edu	C	ogeechee-technical-college
366465	website	http://www.ogeecheetech.edu/	ogeecheetech.edu	C	ogeechee-technical-college
219277	admissions	http://www.olc.edu/future-students/admissions-process/	olc.edu	C	oglala-lakota-college
219277	website	http://www.olc.edu/	olc.edu	C	oglala-lakota-college
140696	admissions	http://oglethorpe.edu/admission/undergraduate-admission/	oglethorpe.edu	B	oglethorpe-university
140696	website	http://oglethorpe.edu/	oglethorpe.edu	B	oglethorpe-university
203720	admissions	http://www.obc.edu/future-students/	obc.edu	C	ohio-business-college-sheffield
203720	website	http://www.obc.edu/	obc.edu	C	ohio-business-college-sheffield
201964	admissions	http://www.ohiochristian.edu/campus-degrees/admissions	ohiochristian.edu	B	ohio-christian-university
201964	website	http://www.ohiochristian.edu/	ohiochristian.edu	B	ohio-christian-university
204617	admissions	https://www.ohiodominican.edu/admissions	ohiodominican.edu	B	ohio-dominican-university
204617	website	https://www.ohiodominican.edu/	ohiodominican.edu	B	ohio-dominican-university
204635	admissions	http://www.onu.edu/admissions-aid	onu.edu	B	ohio-northern
204635	website	http://www.onu.edu/	onu.edu	B	ohio-northern
204796	admissions	http://undergrad.osu.edu/	osu.edu	B	ohio-state
204796	website	http://www.osu.edu/	osu.edu	B	ohio-state
204662	admissions	http://ati.osu.edu/futurestudents/future-freshmen	osu.edu	C	ohio-state-university-agricultural-technical-institute
204662	website	http://ati.osu.edu/	osu.edu	C	ohio-state-university-agricultural-technical-institute
204671	admissions	http://lima.osu.edu/future-students/admissions	osu.edu	C	ohio-state-university-lima-campus
204671	website	http://lima.osu.edu/	osu.edu	C	ohio-state-university-lima-campus
204680	admissions	http://mansfield.osu.edu/future-students/admissions/	osu.edu	C	ohio-state-university-mansfield-campus
204680	website	http://mansfield.osu.edu/	osu.edu	C	ohio-state-university-mansfield-campus
204699	admissions	http://osumarion.osu.edu/future-students	osu.edu	C	ohio-state-university-marion-campus
204699	website	http://osumarion.osu.edu/	osu.edu	C	ohio-state-university-marion-campus
204705	admissions	http://newark.osu.edu/future-students/admissions	osu.edu	C	ohio-state-university-newark-campus
204705	website	http://newark.osu.edu/	osu.edu	C	ohio-state-university-newark-campus
204820	admissions	https://www.ohio.edu/chillicothe/admissions	ohio.edu	C	ohio-university-chillicothe-campus
204820	website	https://www.ohio.edu/chillicothe/	ohio.edu	C	ohio-university-chillicothe-campus
204802	admissions	https://www.ohio.edu/eastern/admissions	ohio.edu	C	ohio-university-eastern-campus
204802	website	https://www.ohio.edu/eastern/	ohio.edu	C	ohio-university-eastern-campus
204848	admissions	https://www.ohio.edu/lancaster/admissions	ohio.edu	C	ohio-university-lancaster-campus
204848	website	https://www.ohio.edu/lancaster/	ohio.edu	C	ohio-university-lancaster-campus
204857	admissions	https://www.ohio.edu/admissions/	ohio.edu	B	ohio-university-main-campus
204857	website	https://www.ohio.edu/	ohio.edu	B	ohio-university-main-campus
204839	admissions	https://www.ohio.edu/southern/admissions	ohio.edu	C	ohio-university-southern-campus
204839	website	https://www.ohio.edu/southern/	ohio.edu	C	ohio-university-southern-campus
204866	admissions	https://www.ohio.edu/zanesville/future-students/admissions	ohio.edu	C	ohio-university-zanesville-campus
204866	website	https://www.ohio.edu/zanesville/	ohio.edu	C	ohio-university-zanesville-campus
204909	admissions	https://admission.owu.edu/	owu.edu	A	ohio-wesleyan-university
204909	website	https://www.owu.edu/	owu.edu	A	ohio-wesleyan-university
120290	admissions	http://www.ohlone.edu/org/admissions/	ohlone.edu	C	ohlone-college
120290	website	http://www.ohlone.edu/	ohlone.edu	C	ohlone-college
194189	admissions	https://ohrhameir.com/	ohrhameir.com	B	ohr-hameir-theological-seminary
194189	website	https://ohrhameir.com/	ohrhameir.com	B	ohr-hameir-theological-seminary
207403	admissions	https://www.okbu.edu/admissions/index.html	okbu.edu	B	oklahoma-baptist-university
207403	website	https://www.okbu.edu/	okbu.edu	B	oklahoma-baptist-university
207324	admissions	http://www.oc.edu/admissions/	oc.edu	B	oklahoma-christian-university
207324	website	http://www.oc.edu/	oc.edu	B	oklahoma-christian-university
207458	admissions	http://www.okcu.edu/admissions/admissions-overview	okcu.edu	B	oklahoma-city
207458	website	http://www.okcu.edu/	okcu.edu	B	oklahoma-city
207449	admissions	http://www.occc.edu/Admissions/	occc.edu	C	oklahoma-city-community-college
207449	website	http://www.occc.edu/	occc.edu	C	oklahoma-city-community-college
207351	admissions	https://opsu.edu/admissions-and-academic-records/	opsu.edu	C	oklahoma-panhandle-state-university
207351	website	https://opsu.edu/	opsu.edu	C	oklahoma-panhandle-state-university
207315	admissions	https://medicine.okstate.edu/com/admissions	okstate.edu	C	oklahoma-state-university-center-for-health-sciences
207315	website	https://medicine.okstate.edu/	okstate.edu	C	oklahoma-state-university-center-for-health-sciences
207564	admissions	https://osuit.edu/admissions/index.php	osuit.edu	C	oklahoma-state-university-institute-of-technology-okmulgee
207564	website	https://osuit.edu/	osuit.edu	C	oklahoma-state-university-institute-of-technology-okmulgee
207388	admissions	https://admissions.okstate.edu/	okstate.edu	A	oklahoma-state-university-main-campus
207388	website	http://www.okstate.edu/	okstate.edu	A	oklahoma-state-university-main-campus
207397	admissions	http://osuokc.edu/apply	osuokc.edu	C	oklahoma-state-university-oklahoma-city
207397	website	http://osuokc.edu/	osuokc.edu	C	oklahoma-state-university-oklahoma-city
206835	admissions	http://www.okwu.edu/admissions/	okwu.edu	B	oklahoma-wesleyan-university
206835	website	http://www.okwu.edu/	okwu.edu	B	oklahoma-wesleyan-university
232982	admissions	http://www.odu.edu/admission	odu.edu	A	old-dominion-university
232982	website	http://www.odu.edu/	odu.edu	A	old-dominion-university
441982	admissions	http://www.olin.edu/admission	olin.edu	A	olin
441982	website	http://www.olin.edu/	olin.edu	A	olin
147828	admissions	https://www.olivet.edu/admissions	olivet.edu	B	olivet-nazarene-university
147828	website	https://www.olivet.edu/	olivet.edu	B	olivet-nazarene-university
236188	admissions	http://www.olympic.edu/current-students/admissions/welcome-center	olympic.edu	C	olympic-college
236188	website	http://www.olympic.edu/	olympic.edu	C	olympic-college
194222	admissions	http://www.sunyocc.edu/apply	sunyocc.edu	C	onondaga-community-college
194222	website	http://www.sunyocc.edu/	sunyocc.edu	C	onondaga-community-college
207582	admissions	https://oru.edu/admissions/	oru.edu	B	oral-roberts-university
207582	website	https://oru.edu/	oru.edu	B	oral-roberts-university
120342	admissions	https://orangecoastcollege.edu/admissions-aid/index.html	orangecoastcollege.edu	C	orange-coast-college
120342	website	https://orangecoastcollege.edu/	orangecoastcollege.edu	C	orange-coast-college
194240	admissions	https://sunyorange.edu/admissions/index.html	sunyorange.edu	C	orange-county-community-college
194240	website	https://sunyorange.edu/	sunyorange.edu	C	orange-county-community-college
218487	admissions	http://www.octech.edu/admissions	octech.edu	C	orangeburg-calhoun-technical-college
218487	website	http://www.octech.edu/	octech.edu	C	orangeburg-calhoun-technical-college
423652	admissions	http://oregoncoast.edu/apply/	oregoncoastcc.org	C	oregon-coast-community-college
423652	website	http://www.oregoncoastcc.org/	oregoncoastcc.org	C	oregon-coast-community-college
209490	admissions	https://www.ohsu.edu/education/academics-and-admissions	ohsu.edu	C	oregon-health-and-science-university
209490	website	http://www.ohsu.edu/	ohsu.edu	C	oregon-health-and-science-university
209506	admissions	https://www.oit.edu/admissions	oit.edu	A	oregon-institute-of-technology
209506	website	https://www.oit.edu/	oit.edu	A	oregon-institute-of-technology
209542	admissions	https://admissions.oregonstate.edu/	oregonstate.edu	A	oregon-state-university
209542	website	https://oregonstate.edu/	oregonstate.edu	A	oregon-state-university
440828	admissions	https://osucascades.edu/admissions	osucascades.edu	B	oregon-state-university-cascades-campus
440828	website	https://osucascades.edu/	osucascades.edu	B	oregon-state-university-cascades-campus
153427	admissions	http://orion.edu/	orion.edu	C	orion-technical-college
153427	website	http://orion.edu/	orion.edu	C	orion-technical-college
127778	admissions	http://www.otero.edu/catalog/student-affairs/	otero.edu	C	otero-college
127778	website	http://www.otero.edu/	otero.edu	C	otero-college
120403	admissions	http://www.otis.edu/admissions	otis.edu	A	otis-college-of-art-and-design
120403	website	http://www.otis.edu/	otis.edu	A	otis-college-of-art-and-design
428259	admissions	http://www.ottawa.edu/online-and-evening/admissions/admissions-process	ottawa.edu	C	ottawa-university-milwaukee
428259	website	http://www.ottawa.edu/	ottawa.edu	C	ottawa-university-milwaukee
155627	admissions	http://www.ottawa.edu/ouks/admissions/overview	ottawa.edu	B	ottawa-university-ottawa
155627	website	http://www.ottawa.edu/	ottawa.edu	B	ottawa-university-ottawa
464226	admissions	http://www.ottawa.edu/ouaz/admissions/admissions-process	ottawa.edu	B	ottawa-university-surprise
464226	website	http://www.ottawa.edu/ouaz/home	ottawa.edu	B	ottawa-university-surprise
204936	admissions	https://www.otterbein.edu/public/FutureStudents.aspx	otterbein.edu	B	otterbein-university
204936	website	https://www.otterbein.edu/	otterbein.edu	B	otterbein-university
107512	admissions	http://obu.edu/admissions	obu.edu	B	ouachita-baptist-university
107512	website	http://obu.edu/	obu.edu	B	ouachita-baptist-university
227331	admissions	https://www.ollusa.edu/admissions	ollusa.edu	C	our-lady-of-the-lake-university-san-antonio
227331	website	https://www.ollusa.edu/	ollusa.edu	C	our-lady-of-the-lake-university-san-antonio
204945	admissions	https://www.owens.edu/admissions/	owens.edu	C	owens-community-college
204945	website	https://www.owens.edu/	owens.edu	C	owens-community-college
247940	admissions	https://owensboro.kctcs.edu/admissions/index.aspx	kctcs.edu	C	owensboro-community-and-technical-college
247940	website	https://owensboro.kctcs.edu/	kctcs.edu	C	owensboro-community-and-technical-college
120421	admissions	http://www.oxnardcollege.edu/departments/student-services/admissions-and-records	oxnardcollege.edu	C	oxnard-college
120421	website	http://www.oxnardcollege.edu/	oxnardcollege.edu	C	oxnard-college
178679	admissions	http://occ.edu/Admissions	occ.edu	B	ozark-christian-college
178679	website	http://www.occ.edu/	occ.edu	B	ozark-christian-college
107549	admissions	https://www.ozarka.edu/admissions.cfm	ozarka.edu	C	ozarka-college
107549	website	https://www.ozarka.edu/	ozarka.edu	C	ozarka-college
177472	admissions	https://students.otc.edu/admissions/	otc.edu	C	ozarks-technical-community-college
177472	website	http://www.otc.edu/	otc.edu	C	ozarks-technical-community-college
194310	admissions	http://www.pace.edu/admissions-and-aid	pace.edu	B	pace-university-new-york
194310	website	http://www.pace.edu/	pace.edu	B	pace-university-new-york
407610	admissions	http://pacificbible.edu/admission/	pacificbible.edu	B	pacific-bible-college
407610	website	http://pacificbible.edu/	pacificbible.edu	B	pacific-bible-college
442842	admissions	http://www.pacificcollege.edu/prospective/admissions	pacificcollege.edu	C	pacific-college-of-health-and-science-chicago
442842	website	http://www.pacificcollege.edu/	pacificcollege.edu	C	pacific-college-of-health-and-science-chicago
414595	admissions	http://www.pacificcollege.edu/prospective/admissions	pacificcollege.edu	C	pacific-college-of-health-and-science-new-york
414595	website	http://www.pacificcollege.edu/	pacificcollege.edu	C	pacific-college-of-health-and-science-new-york
378576	admissions	http://www.pacificcollege.edu/prospective/admissions	pacificcollege.edu	C	pacific-college-of-health-and-science-san-diego
378576	website	http://www.pacificcollege.edu/	pacificcollege.edu	C	pacific-college-of-health-and-science-san-diego
236230	admissions	http://www.plu.edu/admission/	plu.edu	B	pacific-lutheran-university
236230	website	http://www.plu.edu/	plu.edu	B	pacific-lutheran-university
209603	admissions	https://willamette.edu/admission/index.html	willamette.edu	B	pacific-northwest-college-of-art
209603	website	http://willamette.edu/pnca/index.html	willamette.edu	B	pacific-northwest-college-of-art
455406	admissions	https://www.pnwu.edu/admissions/	pnwu.edu	C	pacific-northwest-university-of-health-sciences
455406	website	https://www.pnwu.edu/	pnwu.edu	C	pacific-northwest-university-of-health-sciences
120768	admissions	https://www.pacificoaks.edu/admission/	pacificoaks.edu	B	pacific-oaks-college
120768	website	https://www.pacificoaks.edu/	pacificoaks.edu	B	pacific-oaks-college
457484	website	https://www.pacrim.edu/	pacrim.edu	C	pacific-rim-christian-university
120865	admissions	https://www.puc.edu/admissions-aid	puc.edu	B	pacific-union-college
120865	website	https://www.puc.edu/	puc.edu	B	pacific-union-college
209612	admissions	https://www.pacificu.edu/admissions/undergraduate-admissions	pacificu.edu	B	pacific-university
209612	website	https://www.pacificu.edu/	pacificu.edu	B	pacific-university
140720	admissions	https://www.paine.edu/web/admission/admissions	paine.edu	B	paine-college
140720	website	http://www.paine.edu/	paine.edu	B	paine-college
136330	admissions	http://www.pba.edu/admissions/	pba.edu	B	palm-beach-atlantic-university-west-palm-beach
136330	website	http://www.pba.edu/	pba.edu	B	palm-beach-atlantic-university-west-palm-beach
136358	admissions	http://www.palmbeachstate.edu/admissions	palmbeachstate.edu	C	palm-beach-state-college
136358	website	http://www.palmbeachstate.edu/	palmbeachstate.edu	C	palm-beach-state-college
154174	admissions	http://www.palmer.edu/Admissions/	palmer.edu	C	palmer-college-of-chiropractic-davenport
154174	website	http://www.palmer.edu/	palmer.edu	C	palmer-college-of-chiropractic-davenport
246354	admissions	http://www.alamo.edu/pac/admissions-aid/	alamo.edu	C	palo-alto-college
246354	website	http://alamo.edu/pac/	alamo.edu	C	palo-alto-college
120698	admissions	http://www.paloaltou.edu/admissions	paloaltou.edu	C	palo-alto-university
120698	website	http://www.paloaltou.edu/	paloaltou.edu	C	palo-alto-university
120953	admissions	https://www.paloverde.edu/admissions	paloverde.edu	C	palo-verde-college
120953	website	https://www.paloverde.edu/	paloverde.edu	C	palo-verde-college
120971	admissions	https://www.palomar.edu/admissions/	palomar.edu	C	palomar-college
120971	website	http://www2.palomar.edu/	palomar.edu	C	palomar-college
199263	admissions	http://www.pamlicocc.edu/admissions/	pamlicocc.edu	C	pamlico-community-college
199263	website	http://www.pamlicocc.edu/	pamlicocc.edu	C	pamlico-community-college
227386	admissions	http://www.panola.edu/admissions/	panola.edu	C	panola-college
227386	website	http://www.panola.edu/	panola.edu	C	panola-college
364016	admissions	https://www.paradisevalley.edu/students/admissions	paradisevalley.edu	C	paradise-valley-community-college
364016	website	https://www.paradisevalley.edu/	paradisevalley.edu	C	paradise-valley-community-college
227401	admissions	http://www.parisjc.edu/main/gen-info/	parisjc.edu	C	paris-junior-college
227401	website	http://www.parisjc.edu/	parisjc.edu	C	paris-junior-college
178721	admissions	http://www.park.edu/admissions/	park.edu	C	park-university
178721	website	http://www.park.edu/	park.edu	C	park-university
243823	admissions	https://www.parker.edu/learn-more/	parker.edu	C	parker-university
243823	website	http://www.parker.edu/	parker.edu	C	parker-university
147916	admissions	https://www.parkland.edu/Main/Admissions	parkland.edu	C	parkland-college
147916	website	https://www.parkland.edu/	parkland.edu	C	parkland-college
121044	admissions	http://pasadena.edu/admissions-and-aid/index.php	pasadena.edu	C	pasadena-city-college
121044	website	http://pasadena.edu/	pasadena.edu	C	pasadena-city-college
136400	admissions	https://admissions.phsc.edu/	phsc.edu	C	pasco-hernando-state-college
136400	website	https://www.phsc.edu/	phsc.edu	C	pasco-hernando-state-college
186034	admissions	https://web.pccc.edu/admissions/	pccc.edu	C	passaic-county-community-college
186034	website	https://web.pccc.edu/	pccc.edu	C	passaic-county-community-college
495916	admissions	https://pathwayscollege.edu/admissions/	pathwayscollege.edu	C	pathways-college
495916	website	https://www.pathwayscollege.edu/	pathwayscollege.edu	C	pathways-college
451927	admissions	https://www.phc.edu/admissions	phc.edu	B	patrick-henry
451927	website	https://www.phc.edu/	phc.edu	B	patrick-henry
233019	admissions	https://www.patrickhenry.edu/how-to-get-started/how-to-apply	patrickhenry.edu	C	patrick-henry-community-college
233019	website	http://www.patrickhenry.edu/	patrickhenry.edu	C	patrick-henry-community-college
233037	admissions	http://www.pdc.edu/attend/signing-up-for-classes/how-to-become-a-student/	pdc.edu	C	paul-d-camp-community-college
233037	website	http://www.pdc.edu/	pdc.edu	C	paul-d-camp-community-college
227429	admissions	https://paulquinn.edu/prospective-students/	paulquinn.edu	B	paul-quinn-college
227429	website	https://paulquinn.edu/	paulquinn.edu	B	paul-quinn-college
194392	admissions	https://www.paulsmiths.edu/apply-for-admission/	paulsmiths.edu	B	paul-smiths-college-of-arts-and-science
194392	website	https://www.paulsmiths.edu/	paulsmiths.edu	B	paul-smiths-college-of-arts-and-science
176239	admissions	https://www.prcc.edu/admissions	prcc.edu	C	pearl-river-community-college
176239	website	https://www.prcc.edu/	prcc.edu	C	pearl-river-community-college
214883	admissions	https://www.peirce.edu/admissions	peirce.edu	C	peirce-college
214883	website	https://www.peirce.edu/	peirce.edu	C	peirce-college
221643	admissions	http://www.pstcc.edu/admissions/	pstcc.edu	C	pellissippi-state-community-college
221643	website	http://www.pstcc.edu/	pstcc.edu	C	pellissippi-state-community-college
236258	admissions	http://www.pencol.edu/admissions	pencol.edu	C	peninsula-college
236258	website	http://www.pencol.edu/	pencol.edu	C	peninsula-college
214971	website	https://www.pafa.org/	pafa.org	C	pennsylvania-academy-of-the-fine-arts
215053	admissions	http://pcad.edu/apply/	pcad.edu	B	pennsylvania-college-of-art-and-design
215053	website	http://pcad.edu/	pcad.edu	B	pennsylvania-college-of-art-and-design
366252	admissions	https://www.pct.edu/admissions/	pct.edu	C	pennsylvania-college-of-technology
366252	website	https://www.pct.edu/	pct.edu	C	pennsylvania-college-of-technology
414911	admissions	https://www.pennhighlands.edu/admissions/admissions/	pennhighlands.edu	C	pennsylvania-highlands-community-college
414911	website	http://www.pennhighlands.edu/	pennhighlands.edu	C	pennsylvania-highlands-community-college
214582	admissions	http://www.pit.edu/Admissions	pit.edu	C	pennsylvania-institute-of-technology
214582	website	http://www.pit.edu/	pit.edu	C	pennsylvania-institute-of-technology
214777	admissions	https://admissions.psu.edu/	psu.edu	B	pennsylvania-state-university-main-campus
214777	website	https://www.psu.edu/	psu.edu	B	pennsylvania-state-university-main-campus
214801	admissions	https://www.abington.psu.edu/admissions	psu.edu	B	pennsylvania-state-university-penn-state-abington
214801	website	https://www.abington.psu.edu/	psu.edu	B	pennsylvania-state-university-penn-state-abington
214689	admissions	https://altoona.psu.edu/admissions	psu.edu	B	pennsylvania-state-university-penn-state-altoona
214689	website	https://altoona.psu.edu/	psu.edu	B	pennsylvania-state-university-penn-state-altoona
214698	admissions	https://beaver.psu.edu/admissions	psu.edu	B	pennsylvania-state-university-penn-state-beaver
214698	website	https://beaver.psu.edu/	psu.edu	B	pennsylvania-state-university-penn-state-beaver
214704	admissions	https://berks.psu.edu/admission	psu.edu	B	pennsylvania-state-university-penn-state-berks
214704	website	https://berks.psu.edu/	psu.edu	B	pennsylvania-state-university-penn-state-berks
214731	admissions	https://www.brandywine.psu.edu/admission	psu.edu	B	pennsylvania-state-university-penn-state-brandywine
214731	website	https://www.brandywine.psu.edu/	psu.edu	B	pennsylvania-state-university-penn-state-brandywine
214740	admissions	https://dubois.psu.edu/admissions	psu.edu	B	pennsylvania-state-university-penn-state-dubois
214740	website	https://dubois.psu.edu/	psu.edu	B	pennsylvania-state-university-penn-state-dubois
214591	admissions	https://behrend.psu.edu/admission	psu.edu	B	pennsylvania-state-university-penn-state-erie-behrend-college
214591	website	https://behrend.psu.edu/	psu.edu	B	pennsylvania-state-university-penn-state-erie-behrend-college
214759	admissions	https://fayette.psu.edu/admission	psu.edu	B	pennsylvania-state-university-penn-state-fayette-eberly-campus
214759	website	https://fayette.psu.edu/	psu.edu	B	pennsylvania-state-university-penn-state-fayette-eberly-campus
214786	admissions	https://greaterallegheny.psu.edu/admissions	psu.edu	B	pennsylvania-state-university-penn-state-greater-allegheny
214786	website	https://greaterallegheny.psu.edu/	psu.edu	B	pennsylvania-state-university-penn-state-greater-allegheny
214713	admissions	https://harrisburg.psu.edu/admissions	psu.edu	B	pennsylvania-state-university-penn-state-harrisburg
214713	website	https://harrisburg.psu.edu/	psu.edu	B	pennsylvania-state-university-penn-state-harrisburg
214768	admissions	https://hazleton.psu.edu/admission	psu.edu	B	pennsylvania-state-university-penn-state-hazleton
214768	website	https://hazleton.psu.edu/	psu.edu	B	pennsylvania-state-university-penn-state-hazleton
214670	admissions	https://lehighvalley.psu.edu/admission	psu.edu	B	pennsylvania-state-university-penn-state-lehigh-valley
214670	website	https://lehighvalley.psu.edu/	psu.edu	B	pennsylvania-state-university-penn-state-lehigh-valley
214795	admissions	https://montalto.psu.edu/admission	psu.edu	B	pennsylvania-state-university-penn-state-mont-alto
214795	website	https://montalto.psu.edu/	psu.edu	B	pennsylvania-state-university-penn-state-mont-alto
214625	admissions	https://newkensington.psu.edu/admissions/how-become-penn-stater	psu.edu	B	pennsylvania-state-university-penn-state-new-kensington
214625	website	https://newkensington.psu.edu/	psu.edu	B	pennsylvania-state-university-penn-state-new-kensington
214810	admissions	https://schuylkill.psu.edu/admission	psu.edu	B	pennsylvania-state-university-penn-state-schuylkill
214810	website	https://schuylkill.psu.edu/	psu.edu	B	pennsylvania-state-university-penn-state-schuylkill
214634	admissions	https://shenango.psu.edu/admissions	psu.edu	B	pennsylvania-state-university-penn-state-shenango
214634	website	https://shenango.psu.edu/	psu.edu	B	pennsylvania-state-university-penn-state-shenango
214643	admissions	https://admissions.psu.edu/apply/	psu.edu	B	pennsylvania-state-university-penn-state-wilkes-barre
214643	website	https://wilkesbarre.psu.edu/	psu.edu	B	pennsylvania-state-university-penn-state-wilkes-barre
214652	admissions	https://scranton.psu.edu/admission	psu.edu	B	pennsylvania-state-university-penn-state-worthington-scranton
214652	website	https://scranton.psu.edu/	psu.edu	B	pennsylvania-state-university-penn-state-worthington-scranton
214829	admissions	https://www.york.psu.edu/admission	psu.edu	B	pennsylvania-state-university-penn-state-york
214829	website	https://www.york.psu.edu/	psu.edu	B	pennsylvania-state-university-penn-state-york
498571	admissions	https://www.pennwest.edu/admissions	pennwest.edu	B	pennsylvania-western-university
498571	website	https://www.pennwest.edu/	pennwest.edu	B	pennsylvania-western-university
136473	admissions	http://www.pensacolastate.edu/admissions/	pensacolastate.edu	C	pensacola-state-college
136473	website	http://www.pensacolastate.edu/	pensacolastate.edu	C	pensacola-state-college
219842	admissions	https://www.ptseminary.edu/pt-seminary-admissions.php	ptseminary.edu	C	pentecostal-theological-seminary
219842	website	http://www.ptseminary.edu/	ptseminary.edu	C	pentecostal-theological-seminary
121150	admissions	http://www.pepperdine.edu/admission	pepperdine.edu	B	pepperdine-university
121150	website	http://www.pepperdine.edu/	pepperdine.edu	B	pepperdine-university
181534	admissions	http://www.peru.edu/admissions	peru.edu	C	peru-state-college
181534	website	http://www.peru.edu/	peru.edu	C	peru-state-college
199306	admissions	http://www.pfeiffer.edu/admissions/undergraduate-admissions	pfeiffer.edu	B	pfeiffer-university
199306	website	http://www.pfeiffer.edu/	pfeiffer.edu	B	pfeiffer-university
107600	admissions	https://www.philander.edu/admissions/	philander.edu	C	philander-smith-university
107600	website	https://www.philander.edu/	philander.edu	C	philander-smith-university
107619	admissions	https://www.pccua.edu/admissions/	pccua.edu	C	phillips-community-college-of-the-university-of-arkansas
107619	website	http://www.pccua.edu/	pccua.edu	C	phillips-community-college-of-the-university-of-arkansas
105428	admissions	https://www.phoenixcollege.edu/become-student/admissions-and-records	phoenixcollege.edu	C	phoenix-college
105428	website	http://www.phoenixcollege.edu/	phoenixcollege.edu	C	phoenix-college
199324	admissions	http://www.piedmontcc.edu/admissions/	piedmontcc.edu	C	piedmont-community-college
199324	website	http://www.piedmontcc.edu/	piedmontcc.edu	C	piedmont-community-college
218520	admissions	https://www.ptc.edu/admissions	ptc.edu	C	piedmont-technical-college
218520	website	https://www.ptc.edu/	ptc.edu	C	piedmont-technical-college
140818	admissions	https://www.piedmont.edu/future-students	piedmont.edu	B	piedmont-university
140818	website	https://www.piedmont.edu/	piedmont.edu	B	piedmont-university
233116	admissions	http://www.pvcc.edu/admissions/steps-to-enrollment	pvcc.edu	C	piedmont-virginia-community-college
233116	website	http://www.pvcc.edu/	pvcc.edu	C	piedmont-virginia-community-college
235237	admissions	http://www.pierce.ctc.edu/admissions	ctc.edu	C	pierce-college-district
235237	website	http://www.pierce.ctc.edu/	ctc.edu	C	pierce-college-district
443492	admissions	https://www.pierpont.edu/admissions	pierpont.edu	C	pierpont-community-and-technical-college
443492	website	https://www.pierpont.edu/	pierpont.edu	C	pierpont-community-and-technical-college
127820	admissions	https://www.pikespeak.edu/admissions/index.php	pikespeak.edu	C	pikes-peak-state-college
127820	website	https://www.pikespeak.edu/	pikespeak.edu	C	pikes-peak-state-college
440794	admissions	https://pillar.edu/admissions-aid/	pillar.edu	C	pillar-college
440794	website	http://www.pillar.edu/	pillar.edu	C	pillar-college
105525	admissions	http://www.pima.edu/admission/index	pima.edu	C	pima-community-college
105525	website	http://www.pima.edu/	pima.edu	C	pima-community-college
174570	admissions	http://www.pine.edu/admissions/apply/	pine.edu	C	pine-technical-college
174570	website	http://www.pine.edu/	pine.edu	C	pine-technical-college
177302	admissions	https://www.pcitraining.edu/admissions	pcitraining.edu	C	pinnacle-career-institute-north-kansas-city
177302	website	http://pcitraining.edu/	pcitraining.edu	C	pinnacle-career-institute-north-kansas-city
215293	admissions	http://admissions.pitt.edu/	pitt.edu	A	pitt
215293	website	http://www.pitt.edu/	pitt.edu	A	pitt
199333	admissions	https://pittcc.edu/admissions/	pittcc.edu	C	pitt-community-college
199333	website	https://pittcc.edu/	pittcc.edu	C	pitt-community-college
155681	admissions	https://www.pittstate.edu/admissions.html	pittstate.edu	B	pittsburg-state-university
155681	website	https://www.pittstate.edu/	pittstate.edu	B	pittsburg-state-university
215381	admissions	http://www.pia.edu/admissions	pia.edu	C	pittsburgh-institute-of-aeronautics
215381	website	http://www.pia.edu/	pia.edu	C	pittsburgh-institute-of-aeronautics
121257	admissions	https://www.pitzer.edu/admission/	pitzer.edu	B	pitzer
121257	website	https://www.pitzer.edu/	pitzer.edu	B	pitzer
260789	website	http://www.plattcollege.edu/	plattcollege.edu	C	platt-college-los-angeles
432384	website	http://www.plattcollege.edu/	plattcollege.edu	C	platt-college-ontario
194499	admissions	http://www.plazacollege.edu/admissions/request-info/	plazacollege.edu	B	plaza-college
194499	website	http://www.plazacollege.edu/	plazacollege.edu	B	plaza-college
183080	admissions	http://www.plymouth.edu/admissions	plymouth.edu	A	plymouth-state-university
183080	website	http://www.plymouth.edu/	plymouth.edu	A	plymouth-state-university
121309	admissions	http://www.pointloma.edu/admissions	pointloma.edu	B	point-loma-nazarene-university
121309	website	http://www.pointloma.edu/	pointloma.edu	B	point-loma-nazarene-university
215442	admissions	http://www.pointpark.edu/admissions	pointpark.edu	B	point-park-university
215442	website	http://www.pointpark.edu/	pointpark.edu	B	point-park-university
138868	admissions	http://point.edu/admissions/	point.edu	B	point-university
138868	website	http://point.edu/	point.edu	B	point-university
136516	admissions	http://www.polk.edu/admission-aid/admission-registrar-and-student-services-forms/	polk.edu	C	polk-state-college
136516	website	http://www.polk.edu/	polk.edu	C	polk-state-college
456490	admissions	http://www.pupr.edu/orlando/admissions	pupr.edu	C	polytechnic-university-of-puerto-rico-orlando
456490	website	http://www.pupr.edu/orlando	pupr.edu	C	polytechnic-university-of-puerto-rico-orlando
121345	admissions	http://www.pomona.edu/admissions	pomona.edu	B	pomona
121345	website	http://www.pomona.edu/	pomona.edu	B	pomona
205027	admissions	http://www.pcj.edu/	pcj.edu	B	pontifical-college-josephinum
205027	website	http://www.pcj.edu/	pcj.edu	B	pontifical-college-josephinum
121363	admissions	https://www.portervillecollege.edu/admissions-and-records/admissions-and-records-menu/index.html	portervillecollege.edu	C	porterville-college
121363	website	https://www.portervillecollege.edu/	portervillecollege.edu	C	porterville-college
209746	admissions	http://www.pcc.edu/admissions/	pcc.edu	C	portland-community-college
209746	website	http://www.pcc.edu/	pcc.edu	C	portland-community-college
209807	admissions	https://www.pdx.edu/admissions	pdx.edu	B	portland-state-university
209807	website	http://www.pdx.edu/	pdx.edu	B	portland-state-university
130183	admissions	http://www.post.edu/	post.edu	C	post-university
130183	website	http://www.post.edu/	post.edu	C	post-university
237701	admissions	https://admissions.potomacstatecollege.edu/home	potomacstatecollege.edu	C	potomac-state-college-of-west-virginia-university
237701	website	http://www.potomacstatecollege.edu/	potomacstatecollege.edu	C	potomac-state-college-of-west-virginia-university
148007	admissions	http://prairiestate.edu/apply-reg-pay/	prairiestate.edu	C	prairie-state-college
148007	website	http://prairiestate.edu/	prairiestate.edu	C	prairie-state-college
227526	admissions	http://www.pvamu.edu/admissions/undergraduate/	pvamu.edu	B	prairie-view-a-m-university
227526	website	http://www.pvamu.edu/	pvamu.edu	B	prairie-view-a-m-university
194578	admissions	https://www.pratt.edu/admissions/	pratt.edu	B	pratt
194578	website	https://www.pratt.edu/	pratt.edu	B	pratt
155715	admissions	http://prattcc.edu/Admissions	prattcc.edu	C	pratt-community-college
155715	website	http://www.prattcc.edu/	prattcc.edu	C	pratt-community-college
218539	admissions	https://www.presby.edu/admissions/	presby.edu	A	presbyterian-college
218539	website	https://www.presby.edu/	presby.edu	A	presbyterian-college
490045	admissions	http://ptsa.edu/admission	ptsa.edu	C	presbyterian-theological-seminary-in-america
490045	website	http://ptsa.edu/	ptsa.edu	C	presbyterian-theological-seminary-in-america
105589	admissions	https://prescott.edu/admissions	prescott.edu	B	prescott-college
105589	website	https://prescott.edu/	prescott.edu	B	prescott-college
163657	admissions	https://www.pgcc.edu/hs/	pgcc.edu	C	prince-georges-community-college
163657	website	https://www.pgcc.edu/	pgcc.edu	C	prince-georges-community-college
186131	website	http://www.princeton.edu/	princeton.edu	A	princeton
148016	admissions	http://www.principiacollege.edu/admissions	principiacollege.edu	C	principia-college
148016	website	http://www.principiacollege.edu/	principiacollege.edu	C	principia-college
437750	admissions	http://www.golfcollege.edu/index.php/admissions	golfcollege.edu	C	professional-golfers-career-college
437750	website	http://www.golfcollege.edu/	golfcollege.edu	C	professional-golfers-career-college
205054	website	http://www.proskills.edu/	proskills.edu	B	professional-skills-institute
455770	admissions	http://www.providencecc.edu/admissions/	providencecc.edu	B	providence-christian-college
455770	website	http://www.providencecc.edu/	providencecc.edu	B	providence-christian-college
217402	admissions	https://admission.providence.edu/	providence.edu	B	providence-college
217402	website	https://www.providence.edu/	providence.edu	B	providence-college
380438	admissions	http://www.provocollege.edu/admissions/	provocollege.edu	C	provo-college-provo
380438	website	http://www.provocollege.edu/	provocollege.edu	C	provo-college-provo
127884	admissions	http://www.pueblocc.edu/Admissions/	pueblocc.edu	C	pueblo-community-college
127884	website	http://www.pueblocc.edu/	pueblocc.edu	C	pueblo-community-college
107664	admissions	http://uaptc.edu/uaptc-admissions	uaptc.edu	C	pulaski-technical-college
107664	website	http://uaptc.edu/	uaptc.edu	C	pulaski-technical-college
151102	admissions	http://www.pfw.edu/admissions/	pfw.edu	B	purdue-university-fort-wayne
151102	website	http://www.pfw.edu/	pfw.edu	B	purdue-university-fort-wayne
489779	website	https://www.purdueglobal.edu/	purdueglobal.edu	C	purdue-university-global
243780	admissions	https://www.purdue.edu/purdue/admissions/	purdue.edu	A	purdue-university-main-campus
243780	website	https://www.purdue.edu/	purdue.edu	A	purdue-university-main-campus
490805	admissions	http://www.pnw.edu/admissions/	pnw.edu	B	purdue-university-northwest
490805	website	http://www.pnw.edu/	pnw.edu	B	purdue-university-northwest
199412	admissions	http://www.queens.edu/admissions	queens.edu	B	queens-university-of-charlotte
199412	website	http://www.queens.edu/	queens.edu	B	queens-university-of-charlotte
167525	admissions	https://quincycollege.edu/admissions	quincycollege.edu	C	quincy-college
167525	website	https://www.quincycollege.edu/	quincycollege.edu	C	quincy-college
148131	admissions	https://www.quincy.edu/admissions	quincy.edu	A	quincy-university
148131	website	https://www.quincy.edu/	quincy.edu	A	quincy-university
130226	admissions	http://www.qu.edu/admissions	qu.edu	A	quinnipiac-university
130226	website	http://www.qu.edu/	qu.edu	A	quinnipiac-university
167534	admissions	http://www.qcc.edu/pages/Admissions.html	qcc.edu	C	quinsigamond-community-college
167534	website	http://www.qcc.edu/	qcc.edu	C	quinsigamond-community-college
384421	admissions	https://rabbijacobjoseph.com/	rabbijacobjoseph.com	B	rabbi-jacob-joseph-school
384421	website	https://rabbijacobjoseph.com/	rabbijacobjoseph.com	B	rabbi-jacob-joseph-school
194657	admissions	https://rabbinicalacademyrabbichaimberlin.com/	rabbinicalacademyrabbichaimberlin.com	B	rabbinical-academy-mesivta-rabbi-chaim-berlin
194657	website	https://rabbinicalacademyrabbichaimberlin.com/	rabbinicalacademyrabbichaimberlin.com	B	rabbinical-academy-mesivta-rabbi-chaim-berlin
194693	admissions	https://rabbinicalcollegebethshraga.com/	rabbinicalcollegebethshraga.com	B	rabbinical-college-beth-shraga
194693	website	https://rabbinicalcollegebethshraga.com/	rabbinicalcollegebethshraga.com	B	rabbinical-college-beth-shraga
194666	website	http://rabbinicalcollegeboboveryeshiva.edu/	rabbinicalcollegeboboveryeshiva.edu	C	rabbinical-college-bobover-yeshiva-bnei-zion
186186	admissions	http://www.rca.edu/	rca.edu	B	rabbinical-college-of-america
186186	website	http://www.rca.edu/	rca.edu	B	rabbinical-college-of-america
194736	admissions	https://rabbinicalcollegelongisland.com/	rabbinicalcollegelongisland.com	B	rabbinical-college-of-long-island
194736	website	https://rabbinicalcollegelongisland.com/	rabbinicalcollegelongisland.com	B	rabbinical-college-of-long-island
405854	website	https://ohr-sy.com/	ohr-sy.com	C	rabbinical-college-of-ohr-shimon-yisroel
205124	website	http://independentrabbinicalcolleges.org/index.html	independentrabbinicalcolleges.org	B	rabbinical-college-telshe
194718	website	https://www.mkorchaim.org/	mkorchaim.org	B	rabbinical-seminary-mkor-chaim
194763	website	http://www.rabbinical.org/	rabbinical.org	B	rabbinical-seminary-of-america
233277	admissions	https://www.radford.edu/admissions	radford.edu	A	radford-university
233277	website	https://www.radford.edu/	radford.edu	A	radford-university
186201	admissions	http://www.ramapo.edu/admissions	ramapo.edu	A	ramapo-college-of-new-jersey
186201	website	http://www.ramapo.edu/	ramapo.edu	A	ramapo-college-of-new-jersey
207157	admissions	http://ru.edu/future-students/admissions/admissions	ru.edu	B	randall-university
207157	website	http://www.ru.edu/	ru.edu	B	randall-university
233301	admissions	http://www.randolphcollege.edu/admission/	randolphcollege.edu	B	randolph-college
233301	website	http://www.randolphcollege.edu/	randolphcollege.edu	B	randolph-college
199421	admissions	https://www.randolph.edu/admissions/index.aspx	randolph.edu	C	randolph-community-college
199421	website	https://www.randolph.edu/	randolph.edu	C	randolph-community-college
233295	admissions	https://www.rmc.edu/admissions-and-aid/	rmc.edu	B	randolph-macon-college
233295	website	https://www.rmc.edu/	rmc.edu	B	randolph-macon-college
227687	admissions	https://www.rangercollege.edu/admissions/index.php	rangercollege.edu	C	ranger-college
227687	website	https://www.rangercollege.edu/	rangercollege.edu	C	ranger-college
178891	admissions	http://ranken.edu/apply-to-ranken/talk-to-an-admissions-counselor/	ranken.edu	C	ranken-technical-college
178891	website	http://www.ranken.edu/	ranken.edu	C	ranken-technical-college
233310	admissions	https://www.rappahannock.edu/services-and-support/navigating-college/admission-and-records.html	rappahannock.edu	C	rappahannock-community-college
233310	website	http://www.rappahannock.edu/	rappahannock.edu	C	rappahannock-community-college
186645	admissions	https://www.raritanval.edu/admissions-information	raritanval.edu	C	raritan-valley-community-college
186645	website	https://www.raritanval.edu/	raritanval.edu	C	raritan-valley-community-college
215585	admissions	https://www.racc.edu/Admissions/default.aspx	racc.edu	C	reading-area-community-college
215585	website	https://www.racc.edu/	racc.edu	C	reading-area-community-college
491844	admissions	http://www.rlnc.education/admissions	rlnc.education	C	red-lake-nation-college
491844	website	http://www.rlnc.education/	rlnc.education	C	red-lake-nation-college
127909	admissions	http://www.rrcc.edu/admissions/	rrcc.edu	C	red-rocks-community-college
127909	website	http://www.rrcc.edu/	rrcc.edu	C	red-rocks-community-college
207069	admissions	https://redlandscc.edu/index.php/admissions	redlandscc.edu	C	redlands-community-college
207069	website	http://www.redlandscc.edu/	redlandscc.edu	C	redlands-community-college
209922	admissions	https://web.reed.edu/apply/	reed.edu	B	reed
209922	website	https://www.reed.edu/	reed.edu	B	reed
117052	admissions	http://www.reedleycollege.edu/admissions-aid/admissions/index.html	reedleycollege.edu	C	reedley-college
117052	website	http://www.reedleycollege.edu/	reedleycollege.edu	C	reedley-college
231651	admissions	https://www.regent.edu/admissions-aid/	regent.edu	A	regent-university
231651	website	https://www.regent.edu/	regent.edu	A	regent-university
167598	admissions	http://www.regiscollege.edu/admission/	regiscollege.edu	B	regis-college
167598	website	http://www.regiscollege.edu/	regiscollege.edu	B	regis-college
127918	admissions	https://www.regis.edu/admissions/index	regis.edu	B	regis-university
127918	website	https://www.regis.edu/	regis.edu	B	regis-university
101994	admissions	https://www.rstc.edu/admissions	rstc.edu	C	reid-state-technical-college
101994	website	http://www.rstc.edu/	rstc.edu	C	reid-state-technical-college
140872	admissions	https://www.reinhardt.edu/admissions-aid/	reinhardt.edu	B	reinhardt-university
140872	website	https://www.reinhardt.edu/	reinhardt.edu	B	reinhardt-university
440271	admissions	http://www.remingtoncollege.edu/career-colleges-admissions-process	remingtoncollege.edu	C	remington-college-baton-rouge-campus
440271	website	http://www.remingtoncollege.edu/baton-rouge-career-college	remingtoncollege.edu	C	remington-college-baton-rouge-campus
375416	admissions	https://www.remingtoncollege.edu/remington-college-admissions/	remingtoncollege.edu	C	remington-college-cleveland-campus
375416	website	https://www.remingtoncollege.edu/locations/cleveland/	remingtoncollege.edu	C	remington-college-cleveland-campus
223463	admissions	https://www.remingtoncollege.edu/remington-college-admissions/	remingtoncollege.edu	C	remington-college-dallas-campus
223463	website	https://www.remingtoncollege.edu/locations/dallas/	remingtoncollege.edu	C	remington-college-dallas-campus
377111	admissions	https://www.remingtoncollege.edu/remington-college-admissions/	remingtoncollege.edu	C	remington-college-fort-worth-campus
377111	website	https://www.remingtoncollege.edu/locations/fort-worth/	remingtoncollege.edu	C	remington-college-fort-worth-campus
451857	admissions	https://www.remingtoncollege.edu/remington-college-admissions/	remingtoncollege.edu	C	remington-college-houston-southeast-campus
451857	website	https://www.remingtoncollege.edu/locations/houston/webster/	remingtoncollege.edu	C	remington-college-houston-southeast-campus
160524	admissions	https://www.remingtoncollege.edu/remington-college-admissions/	remingtoncollege.edu	C	remington-college-lafayette-campus
160524	website	https://www.remingtoncollege.edu/locations/lafayette/	remingtoncollege.edu	C	remington-college-lafayette-campus
412599	admissions	https://www.remingtoncollege.edu/remington-college-admissions/	remingtoncollege.edu	C	remington-college-memphis-campus
412599	website	https://www.remingtoncollege.edu/locations/memphis/	remingtoncollege.edu	C	remington-college-memphis-campus
366535	admissions	https://www.remingtoncollege.edu/remington-college-admissions/	remingtoncollege.edu	C	remington-college-mobile-campus
366535	website	https://www.remingtoncollege.edu/locations/mobile/	remingtoncollege.edu	C	remington-college-mobile-campus
445249	admissions	https://www.remingtoncollege.edu/remington-college-admissions/	remingtoncollege.edu	C	remington-college-nashville-campus
445249	website	https://www.remingtoncollege.edu/locations/nashville/	remingtoncollege.edu	C	remington-college-nashville-campus
451866	admissions	https://www.remingtoncollege.edu/remington-college-admissions/	remingtoncollege.edu	C	remington-college-shreveport-campus
451866	website	https://www.remingtoncollege.edu/locations/shreveport/	remingtoncollege.edu	C	remington-college-shreveport-campus
148256	admissions	http://www.rlc.edu/admissions/	rlc.edu	C	rend-lake-college
148256	website	http://www.rlc.edu/	rlc.edu	C	rend-lake-college
236382	admissions	http://www.rtc.edu/Admissions-Entry-Services	rtc.edu	C	renton-technical-college
236382	website	http://www.rtc.edu/	rtc.edu	C	renton-technical-college
178989	admissions	http://researchcollege.edu/admission/index.dot	researchcollege.edu	C	research-college-of-nursing
178989	website	http://researchcollege.edu/	researchcollege.edu	C	research-college-of-nursing
217420	admissions	http://www.ric.edu/admissions-financial-aid	ric.edu	A	rhode-island-college
217420	website	http://www.ric.edu/	ric.edu	A	rhode-island-college
217493	admissions	https://www.risd.edu/admissions/	risd.edu	B	rhode-island-school-of-design
217493	website	https://www.risd.edu/	risd.edu	B	rhode-island-school-of-design
221351	admissions	http://www.rhodes.edu/admission/	rhodes.edu	A	rhodes
221351	website	http://www.rhodes.edu/	rhodes.edu	A	rhodes
227757	admissions	http://futureowls.rice.edu/home.aspx	rice.edu	B	rice
227757	website	http://www.rice.edu/	rice.edu	B	rice
107743	admissions	https://www.uarichmountain.edu/admissions/	uarichmountain.edu	C	rich-mountain-community-college
107743	website	https://www.uarichmountain.edu/	uarichmountain.edu	C	rich-mountain-community-college
233338	admissions	http://www.rbc.edu/admissions/administrative-offices/office-of-admissions/	rbc.edu	B	richard-bland-college
233338	website	http://www.rbc.edu/	rbc.edu	B	richard-bland-college
148292	admissions	https://www.richland.edu/apply	richland.edu	C	richland-community-college
148292	website	https://www.richland.edu/	richland.edu	C	richland-community-college
199449	admissions	https://richmondcc.edu/admissions	richmondcc.edu	C	richmond-community-college
199449	website	https://richmondcc.edu/	richmondcc.edu	C	richmond-community-college
441104	admissions	http://www.richmont.edu/	richmont.edu	C	richmont-graduate-university
441104	website	http://www.richmont.edu/	richmont.edu	C	richmont-graduate-university
186283	admissions	http://www.rider.edu/admissions	rider.edu	B	rider-university
186283	website	http://www.rider.edu/	rider.edu	B	rider-university
175236	admissions	http://ridgewater.edu/admission-aid/apply/	ridgewater.edu	C	ridgewater-college
175236	website	http://www.ridgewater.edu/	ridgewater.edu	C	ridgewater-college
136774	admissions	https://www.ringling.edu/Apply	ringling.edu	B	ringling-college-of-art-and-design
136774	website	https://www.ringling.edu/	ringling.edu	B	ringling-college-of-art-and-design
121886	admissions	http://www.riohondo.edu/admissions/	riohondo.edu	C	rio-hondo-college
121886	website	http://www.riohondo.edu/	riohondo.edu	C	rio-hondo-college
105668	admissions	https://www.riosalado.edu/student-resources/admissions-records-and-registration	riosalado.edu	C	rio-salado-college
105668	website	http://www.riosalado.edu/	riosalado.edu	C	rio-salado-college
239628	admissions	http://www.ripon.edu/admission/	ripon.edu	B	ripon-college
239628	website	http://www.ripon.edu/	ripon.edu	B	ripon-college
436304	admissions	http://www.rpcc.edu/admissions/	rpcc.edu	C	river-parishes-community-college
436304	website	http://www.rpcc.edu/	rpcc.edu	C	river-parishes-community-college
183114	admissions	https://www.rivervalley.edu/admissions/welcome	rivervalley.edu	C	river-valley-community-college
183114	website	https://www.rivervalley.edu/	rivervalley.edu	C	river-valley-community-college
173063	admissions	https://www.riverland.edu/admissions/	riverland.edu	C	riverland-community-college
173063	website	https://www.riverland.edu/	riverland.edu	C	riverland-community-college
121901	admissions	http://www.rcc.edu/become-a-student/index.html	rcc.edu	C	riverside-city-college
121901	website	http://www.rcc.edu/	rcc.edu	C	riverside-city-college
183211	admissions	https://www.rivier.edu/admissions/	rivier.edu	B	rivier-university
183211	website	http://www.rivier.edu/	rivier.edu	B	rivier-university
221397	admissions	http://www.roanestate.edu/?5355-Admissions-Office	roanestate.edu	C	roane-state-community-college
221397	website	http://www.roanestate.edu/	roanestate.edu	C	roane-state-community-college
199467	admissions	https://roanokechowan.edu/r-ccc-admissions/	roanokechowan.edu	C	roanoke-chowan-community-college
199467	website	http://www.roanokechowan.edu/	roanokechowan.edu	C	roanoke-chowan-community-college
233426	admissions	https://www.roanoke.edu/admissions	roanoke.edu	B	roanoke-college
233426	website	https://www.roanoke.edu/	roanoke.edu	B	roanoke-college
215655	admissions	http://www.rmu.edu/admissions	rmu.edu	B	robert-morris-university
215655	website	http://www.rmu.edu/	rmu.edu	B	robert-morris-university
194958	admissions	http://www.roberts.edu/undergraduate/admissions.aspx	roberts.edu	B	roberts-wesleyan-university
194958	website	http://www.roberts.edu/	roberts.edu	B	roberts-wesleyan-university
199476	admissions	http://www.robeson.edu/admissions/	robeson.edu	C	robeson-community-college
199476	website	http://www.robeson.edu/	robeson.edu	C	robeson-community-college
174738	admissions	https://www.rctc.edu/admissions/	rctc.edu	C	rochester-community-and-technical-college
174738	website	http://www.rctc.edu/	rctc.edu	C	rochester-community-and-technical-college
195003	admissions	http://www.rit.edu/admissions/	rit.edu	A	rochester-institute-of-technology
195003	website	http://www.rit.edu/	rit.edu	A	rochester-institute-of-technology
170967	admissions	https://rcu.edu/admissions/	rcu.edu	B	rochester-university
170967	website	http://rcu.edu/	rcu.edu	B	rochester-university
148380	website	http://www.rockvalleycollege.edu/	rockvalleycollege.edu	C	rock-valley-college
195049	admissions	http://www.rockefeller.edu/graduate/	rockefeller.edu	C	rockefeller-university
195049	website	http://www.rockefeller.edu/	rockefeller.edu	C	rockefeller-university
148405	admissions	http://www.rockford.edu/admission/firstyear/	rockford.edu	B	rockford-university
148405	website	http://www.rockford.edu/	rockford.edu	B	rockford-university
179043	admissions	https://www.rockhurst.edu/admissions/	rockhurst.edu	B	rockhurst-university
179043	website	https://www.rockhurst.edu/	rockhurst.edu	B	rockhurst-university
199485	admissions	https://www.rockinghamcc.edu/rccadmissions	rockinghamcc.edu	C	rockingham-community-college
199485	website	https://www.rockinghamcc.edu/	rockinghamcc.edu	C	rockingham-community-college
195058	admissions	http://www.sunyrockland.edu/admission/	sunyrockland.edu	C	rockland-community-college
195058	website	http://www.sunyrockland.edu/	sunyrockland.edu	C	rockland-community-college
180595	admissions	https://www.rocky.edu/admissions	rocky.edu	A	rocky-mountain-college
180595	website	https://www.rocky.edu/	rocky.edu	A	rocky-mountain-college
127945	admissions	https://www.rmcad.edu/admissions/admissions-info/	rmcad.edu	C	rocky-mountain-college-of-art-and-design
127945	website	https://www.rmcad.edu/	rmcad.edu	C	rocky-mountain-college-of-art-and-design
217518	admissions	https://www.rwu.edu/admission	rwu.edu	B	roger-williams-university
217518	website	https://www.rwu.edu/	rwu.edu	B	roger-williams-university
207661	admissions	https://www.rsu.edu/admissions/	rsu.edu	C	rogers-state-university
207661	website	https://www.rsu.edu/	rsu.edu	C	rogers-state-university
209940	admissions	http://www.roguecc.edu/enrollment	roguecc.edu	C	rogue-community-college
209940	website	http://www.roguecc.edu/	roguecc.edu	C	rogue-community-college
136950	admissions	https://www.rollins.edu/apply	rollins.edu	B	rollins-college
136950	website	https://www.rollins.edu/	rollins.edu	B	rollins-college
148487	admissions	https://www.roosevelt.edu/admission	roosevelt.edu	B	roosevelt-university
148487	website	http://www.roosevelt.edu/	roosevelt.edu	B	roosevelt-university
145558	admissions	http://www.rosalindfranklin.edu/prospectivestudents/ContactUs.aspx	rosalindfranklin.edu	C	rosalind-franklin-university
145558	website	http://www.rosalindfranklin.edu/	rosalindfranklin.edu	C	rosalind-franklin-university
152318	admissions	https://www.rose-hulman.edu/admissions-and-aid/index.html	rose-hulman.edu	B	rose-hulman
152318	website	https://www.rose-hulman.edu/	rose-hulman.edu	B	rose-hulman
207670	admissions	https://www.rose.edu/content/admissions-aid/admissions-records/	rose.edu	C	rose-state-college
207670	website	https://www.rose.edu/	rose.edu	C	rose-state-college
439899	admissions	https://rosedale.edu/admissions/	rosedale.edu	C	rosedale-bible-college
439899	website	http://www.rosedale.edu/	rosedale.edu	C	rosedale-bible-college
215682	website	http://www.rosedaletech.edu/	rosedaletech.edu	B	rosedale-technical-college
445735	website	http://www.roseman.edu/	roseman.edu	C	roseman-university-of-health-sciences
215691	admissions	http://www.rosemont.edu/admissions/undergraduate/index.php	rosemont.edu	B	rosemont-college
215691	website	http://www.rosemont.edu/	rosemont.edu	B	rosemont-college
199494	admissions	https://www.rccc.edu/admissions/	rccc.edu	C	rowan-cabarrus-community-college
199494	website	https://www.rccc.edu/	rccc.edu	C	rowan-cabarrus-community-college
184205	admissions	https://rcsj.edu/apply/cumberland	rcsj.edu	C	rowan-college-of-south-jersey-cumberland-campus
184205	website	https://rcsj.edu/	rcsj.edu	C	rowan-college-of-south-jersey-cumberland-campus
184791	admissions	http://rcsj.edu/Future/Gloucester	rcsj.edu	C	rowan-college-of-south-jersey-gloucester-campus
184791	website	http://rcsj.edu/	rcsj.edu	C	rowan-college-of-south-jersey-gloucester-campus
184782	admissions	https://admissions.rowan.edu/	rowan.edu	A	rowan-university
184782	website	https://www.rowan.edu/	rowan.edu	A	rowan-university
167631	admissions	http://www.rcc.mass.edu/enroll/steps-to-apply/index.html	mass.edu	C	roxbury-community-college
167631	website	http://www.rcc.mass.edu/	mass.edu	C	roxbury-community-college
194824	admissions	https://admissions.rpi.edu/	rpi.edu	B	rpi
194824	website	http://www.rpi.edu/	rpi.edu	B	rpi
148511	admissions	http://www.rushu.rush.edu/admissions	rush.edu	C	rush-university
148511	website	http://www.rushu.rush.edu/	rush.edu	C	rush-university
195128	admissions	http://admission.sage.edu/	sage.edu	B	russell-sage-college
195128	website	http://sage.edu/	sage.edu	B	russell-sage-college
176318	admissions	http://www.rustcollege.edu/prospective-students/apply-to-rust/admissions/	rustcollege.edu	B	rust-college
176318	website	http://www.rustcollege.edu/	rustcollege.edu	B	rust-college
186371	admissions	https://admissions.rutgers.edu/	rutgers.edu	B	rutgers-university-camden
186371	website	https://camden.rutgers.edu/	rutgers.edu	B	rutgers-university-camden
186380	admissions	https://admissions.rutgers.edu/	rutgers.edu	B	rutgers-university-new-brunswick
186380	website	https://newbrunswick.rutgers.edu/	rutgers.edu	B	rutgers-university-new-brunswick
186399	admissions	https://admissions.rutgers.edu/	rutgers.edu	B	rutgers-university-newark
186399	website	https://www.newark.rutgers.edu/	rutgers.edu	B	rutgers-university-newark
122180	admissions	https://www.scc.losrios.edu/admissionsrecords	losrios.edu	C	sacramento-city-college
122180	website	https://www.scc.losrios.edu/	losrios.edu	C	sacramento-city-college
172033	admissions	http://www.shms.edu/content/admissions	shms.edu	B	sacred-heart-major-seminary
172033	website	http://www.shms.edu/	shms.edu	B	sacred-heart-major-seminary
130253	admissions	https://www.sacredheart.edu/admissions--aid/	sacredheart.edu	B	sacred-heart-university
130253	website	https://www.sacredheart.edu/	sacredheart.edu	B	sacred-heart-university
122205	admissions	https://www.saddleback.edu/apply-pay/admissions-records	saddleback.edu	C	saddleback-college
122205	website	https://www.saddleback.edu/	saddleback.edu	C	saddleback-college
441070	admissions	http://www.sagchip.edu/admissions-and-registrar	sagchip.edu	C	saginaw-chippewa-tribal-college
441070	website	http://www.sagchip.edu/	sagchip.edu	C	saginaw-chippewa-tribal-college
172051	admissions	http://www.svsu.edu/apply/undergraduate/	svsu.edu	A	saginaw-valley-state-university
172051	website	http://www.svsu.edu/	svsu.edu	A	saginaw-valley-state-university
154235	admissions	http://www.sau.edu/admissions-and-aid	sau.edu	A	saint-ambrose-university
154235	website	http://www.sau.edu/	sau.edu	A	saint-ambrose-university
183239	admissions	https://www.anselm.edu/admission-aid	anselm.edu	B	saint-anselm-college
183239	website	https://www.anselm.edu/	anselm.edu	B	saint-anselm-college
199582	admissions	http://www.st-aug.edu/admissions/	st-aug.edu	B	saint-augustines-university
199582	website	http://www.st-aug.edu/	st-aug.edu	B	saint-augustines-university
195164	admissions	https://www.sbu.edu/admissions	sbu.edu	B	saint-bonaventure-university
195164	website	https://www.sbu.edu/	sbu.edu	B	saint-bonaventure-university
216047	admissions	http://www.scs.edu/vocation-directors/	scs.edu	B	saint-charles-borromeo-seminary-overbrook
216047	website	http://www.scs.edu/	scs.edu	B	saint-charles-borromeo-seminary-overbrook
174783	admissions	https://www.stcloudstate.edu/scsu4u/default.aspx	stcloudstate.edu	B	saint-cloud-state-university
174783	website	https://www.stcloudstate.edu/	stcloudstate.edu	B	saint-cloud-state-university
227845	admissions	https://www.stedwards.edu/admission	stedwards.edu	B	saint-edwards-university
227845	website	https://www.stedwards.edu/	stedwards.edu	B	saint-edwards-university
195702	admissions	https://www.secon.edu/contact	secon.edu	B	saint-elizabeth-college-of-nursing
195702	website	https://www.secon.edu/	secon.edu	B	saint-elizabeth-college-of-nursing
186618	admissions	http://www.steu.edu/admissions	steu.edu	B	saint-elizabeth-university
186618	website	http://www.steu.edu/	steu.edu	B	saint-elizabeth-university
215743	admissions	http://www.francis.edu/Admissions/	francis.edu	B	saint-francis-university
215743	website	http://www.francis.edu/	francis.edu	B	saint-francis-university
137272	admissions	https://www.sjvcs.edu/about-us/admissions-and-tuition	sjvcs.edu	B	saint-john-vianney-college-seminary
137272	website	http://www.sjvcs.edu/	sjvcs.edu	B	saint-john-vianney-college-seminary
137281	admissions	http://www.sjrstate.edu/admissions.html	sjrstate.edu	C	saint-johns-river-state-college
137281	website	http://www.sjrstate.edu/	sjrstate.edu	C	saint-johns-river-state-college
167677	admissions	http://www.sjs.edu/	sjs.edu	C	saint-johns-seminary
167677	website	http://www.sjs.edu/	sjs.edu	C	saint-johns-seminary
174792	admissions	https://csbsju.edu/admission/	csbsju.edu	B	saint-johns-university
174792	website	https://csbsju.edu/	csbsju.edu	B	saint-johns-university
160409	admissions	https://www.sjasc.edu/introduction-to-admissions	sjasc.edu	C	saint-joseph-seminary-college
160409	website	https://www.sjasc.edu/	sjasc.edu	C	saint-joseph-seminary-college
161518	admissions	http://www.sjcme.edu/admissions	sjcme.edu	B	saint-josephs-college-of-maine
161518	website	http://www.sjcme.edu/	sjcme.edu	B	saint-josephs-college-of-maine
215770	admissions	https://www.sju.edu/admission	sju.edu	B	saint-josephs-university
215770	website	https://www.sju.edu/	sju.edu	B	saint-josephs-university
442356	admissions	https://www.sju.edu/lancaster/admission	sju.edu	B	saint-josephs-university-lancaster
442356	website	https://www.sju.edu/lancaster	sju.edu	B	saint-josephs-university-lancaster
137032	admissions	https://www.saintleo.edu/campus	saintleo.edu	B	saint-leo-university
137032	website	http://www.saintleo.edu/	saintleo.edu	B	saint-leo-university
179159	admissions	http://www.slu.edu/admission/index.php	slu.edu	B	saint-louis
179159	website	http://www.slu.edu/	slu.edu	B	saint-louis
179308	admissions	https://www.stlcc.edu/Admissions/	stlcc.edu	C	saint-louis-community-college
179308	website	https://www.stlcc.edu/	stlcc.edu	C	saint-louis-community-college
236452	admissions	https://www.stmartin.edu/admissions-aid	stmartin.edu	B	saint-martins-university
236452	website	https://www.stmartin.edu/	stmartin.edu	B	saint-martins-university
152381	admissions	http://www.smwc.edu/admission/	smwc.edu	B	saint-mary-of-the-woods-college
152381	website	http://www.smwc.edu/	smwc.edu	B	saint-mary-of-the-woods-college
152390	admissions	https://www.saintmarys.edu/admission-aid	saintmarys.edu	B	saint-marys
152390	website	https://www.saintmarys.edu/	saintmarys.edu	B	saint-marys
123554	admissions	https://www.stmarys-ca.edu/admissions-aid	stmarys-ca.edu	B	saint-marys-college-of-california
123554	website	https://www.stmarys-ca.edu/	stmarys-ca.edu	B	saint-marys-college-of-california
174817	admissions	http://www.smumn.edu/admission	smumn.edu	B	saint-marys-university-of-minnesota
174817	website	http://www.smumn.edu/	smumn.edu	B	saint-marys-university-of-minnesota
231059	admissions	http://www.smcvt.edu/admission-aid/	smcvt.edu	B	saint-michaels-college
231059	website	http://www.smcvt.edu/	smcvt.edu	B	saint-michaels-college
239716	admissions	http://www.snc.edu/admission/	snc.edu	B	saint-norbert-college
239716	website	http://www.snc.edu/	snc.edu	B	saint-norbert-college
175041	admissions	https://www.saintpaul.edu/admissions	saintpaul.edu	C	saint-paul-college
175041	website	https://www.saintpaul.edu/	saintpaul.edu	C	saint-paul-college
186432	admissions	http://www.saintpeters.edu/admission/	saintpeters.edu	B	saint-peters-university
186432	website	http://www.saintpeters.edu/	saintpeters.edu	B	saint-peters-university
195243	admissions	http://www.stac.edu/admissions	stac.edu	B	saint-thomas-aquinas-college
195243	website	http://www.stac.edu/	stac.edu	B	saint-thomas-aquinas-college
215798	admissions	https://www.stvincent.edu/admission-aid	stvincent.edu	B	saint-vincent-college
215798	website	https://www.stvincent.edu/	stvincent.edu	B	saint-vincent-college
148627	admissions	https://www.sxu.edu/admissions/	sxu.edu	B	saint-xavier-university
148627	website	https://www.sxu.edu/	sxu.edu	B	saint-xavier-university
199607	admissions	http://www.salem.edu/admissions	salem.edu	B	salem-college
199607	website	http://www.salem.edu/	salem.edu	B	salem-college
186469	admissions	https://www.salemcc.edu/admissions	salemcc.edu	C	salem-community-college
186469	website	https://www.salemcc.edu/	salemcc.edu	C	salem-community-college
167729	admissions	http://www.salemstate.edu/admissions/	salemstate.edu	A	salem-state-university
167729	website	http://www.salemstate.edu/	salemstate.edu	A	salem-state-university
237783	admissions	https://www.salemu.edu/admissions/	salemu.edu	C	salem-university
237783	website	https://www.salemu.edu/	salemu.edu	C	salem-university
155830	admissions	http://www.salinatech.edu/	salinatech.edu	C	salina-area-technical-college
155830	website	http://www.salinatech.edu/	salinatech.edu	C	salina-area-technical-college
163851	admissions	http://www.salisbury.edu/admissions	salisbury.edu	A	salisbury-university
163851	website	https://www.salisbury.edu/	salisbury.edu	A	salisbury-university
180647	admissions	http://interested.skc.edu/	skc.edu	C	salish-kootenai-college
180647	website	http://www.skc.edu/	skc.edu	C	salish-kootenai-college
230746	admissions	http://www.slcc.edu/enrollmentservices	slcc.edu	C	salt-lake-community-college
230746	website	http://www.slcc.edu/	slcc.edu	C	salt-lake-community-college
217536	admissions	http://www.salve.edu/admission	salve.edu	B	salve-regina-university
217536	website	http://www.salve.edu/	salve.edu	B	salve-regina-university
227881	admissions	http://www.shsu.edu/admissions	shsu.edu	B	sam-houston-state-university
227881	website	http://www.shsu.edu/	shsu.edu	B	sam-houston-state-university
195289	admissions	https://www.sphp.com/careers/schools-of-nursing/admissions	sphp.com	B	samaritan-hospital-school-of-nursing
195289	website	https://www.sphp.com/careers/schools-of-nursing/samaritan-hospital-school-of-nursing	sphp.com	B	samaritan-hospital-school-of-nursing
102049	admissions	http://www.samford.edu/admission	samford.edu	B	samford
102049	website	http://www.samford.edu/	samford.edu	B	samford
199625	admissions	https://www.sampsoncc.edu/admissions-aid/	sampsoncc.edu	C	sampson-community-college
199625	website	https://www.sampsoncc.edu/	sampsoncc.edu	C	sampson-community-college
122296	admissions	http://www.samuelmerritt.edu/admission	samuelmerritt.edu	C	samuel-merritt-university
122296	website	http://www.samuelmerritt.edu/	samuelmerritt.edu	C	samuel-merritt-university
227924	admissions	http://www.alamo.edu/sac/enroll/	alamo.edu	C	san-antonio-college
227924	website	http://www.alamo.edu/sac	alamo.edu	C	san-antonio-college
123527	admissions	http://www.valleycollege.edu/admissions-financial-aid.aspx	valleycollege.edu	C	san-bernardino-valley-college
123527	website	http://www.valleycollege.edu/	valleycollege.edu	C	san-bernardino-valley-college
122436	admissions	http://www.sandiego.edu/admissions/	sandiego.edu	A	san-diego
122436	website	http://www.sandiego.edu/	sandiego.edu	A	san-diego
112084	admissions	https://sdcc.edu/admissions	sdcc.edu	B	san-diego-christian-college
112084	website	https://sdcc.edu/	sdcc.edu	B	san-diego-christian-college
122339	admissions	http://www.sdcity.edu/future-students/admissions/index.aspx	sdcity.edu	C	san-diego-city-college
122339	website	http://www.sdcity.edu/	sdcity.edu	C	san-diego-city-college
122375	admissions	http://www.sdmesa.edu/admissions/	sdmesa.edu	C	san-diego-mesa-college
122375	website	http://www.sdmesa.edu/	sdmesa.edu	C	san-diego-mesa-college
122384	admissions	http://www.sdmiramar.edu/futurestudents	sdmiramar.edu	C	san-diego-miramar-college
122384	website	http://www.sdmiramar.edu/	sdmiramar.edu	C	san-diego-miramar-college
122409	admissions	https://admissions.sdsu.edu/	sdsu.edu	A	san-diego-state
122409	website	https://www.sdsu.edu/	sdsu.edu	A	san-diego-state
120166	admissions	https://www.sfbu.edu/admissions	sfbu.edu	B	san-francisco-bay-university
120166	website	https://www.sfbu.edu/	sfbu.edu	B	san-francisco-bay-university
122506	admissions	https://sfcm.edu/admissions	sfcm.edu	B	san-francisco-conservatory-of-music
122506	website	https://sfcm.edu/	sfcm.edu	B	san-francisco-conservatory-of-music
122597	admissions	http://future.sfsu.edu/admissions	sfsu.edu	B	san-francisco-state-university
122597	website	http://www.sfsu.edu/	sfsu.edu	B	san-francisco-state-university
227979	admissions	https://www.sanjac.edu/admissions	sanjac.edu	C	san-jacinto-community-college
227979	website	http://www.sanjac.edu/	sanjac.edu	C	san-jacinto-community-college
122658	admissions	http://www.deltacollege.edu/department/admissions-records-registration	deltacollege.edu	C	san-joaquin-delta-college
122658	website	http://www.deltacollege.edu/	deltacollege.edu	C	san-joaquin-delta-college
122694	admissions	https://www.sjvc.edu/Admissions	sjvc.edu	C	san-joaquin-valley-college-bakersfield
122694	website	http://www.sjvc.edu/	sjvc.edu	C	san-joaquin-valley-college-bakersfield
456852	admissions	https://www.sjvc.edu/Admissions	sjvc.edu	C	san-joaquin-valley-college-hesperia
456852	website	http://www.sjvc.edu/	sjvc.edu	C	san-joaquin-valley-college-hesperia
447351	admissions	https://www.sjvc.edu/Admissions	sjvc.edu	C	san-joaquin-valley-college-modesto
447351	website	http://www.sjvc.edu/	sjvc.edu	C	san-joaquin-valley-college-modesto
442444	admissions	https://www.sjvc.edu/Admissions	sjvc.edu	C	san-joaquin-valley-college-ontario
442444	website	http://sjvc.edu/	sjvc.edu	C	san-joaquin-valley-college-ontario
448372	admissions	https://www.sjvc.edu/Admissions	sjvc.edu	C	san-joaquin-valley-college-rancho-cordova
448372	website	http://www.sjvc.edu/	sjvc.edu	C	san-joaquin-valley-college-rancho-cordova
475176	admissions	https://www.sjvc.edu/Admissions	sjvc.edu	C	san-joaquin-valley-college-temecula
475176	website	http://www.sjvc.edu/	sjvc.edu	C	san-joaquin-valley-college-temecula
422020	admissions	https://www.sjvc.edu/Admissions	sjvc.edu	C	san-joaquin-valley-college-trades-education-center
422020	website	http://www.sjvc.edu/	sjvc.edu	C	san-joaquin-valley-college-trades-education-center
122685	admissions	http://www.sjvc.edu/Admissions	sjvc.edu	C	san-joaquin-valley-college-visalia
122685	website	http://www.sjvc.edu/	sjvc.edu	C	san-joaquin-valley-college-visalia
122746	admissions	http://www.sjcc.edu/current-students/on-campus-resources/admissions-and-records-office	sjcc.edu	C	san-jose-city-college
122746	website	http://www.sjcc.edu/	sjcc.edu	C	san-jose-city-college
122755	admissions	http://www.sjsu.edu/admissions/	sjsu.edu	B	san-jose-state-university
122755	website	http://www.sjsu.edu/	sjsu.edu	B	san-jose-state-university
188100	admissions	https://www.sanjuancollege.edu/admissions-aid/	sanjuancollege.edu	C	san-juan-college
188100	website	http://www.sanjuancollege.edu/	sanjuancollege.edu	C	san-juan-college
199634	admissions	https://www.sandhills.edu/admissions/index.html	sandhills.edu	C	sandhills-community-college
199634	website	https://www.sandhills.edu/	sandhills.edu	C	sandhills-community-college
121619	admissions	http://www.sac.edu/StudentServices/AdmissionsRecords/Pages/default.aspx	sac.edu	C	santa-ana-college
121619	website	http://www.sac.edu/	sac.edu	C	santa-ana-college
122889	admissions	http://www.sbcc.edu/admissions/	sbcc.edu	C	santa-barbara-city-college
122889	website	http://www.sbcc.edu/	sbcc.edu	C	santa-barbara-city-college
122931	admissions	http://www.scu.edu/admission	scu.edu	B	santa-clara-university
122931	website	http://www.scu.edu/	scu.edu	B	santa-clara-university
137096	admissions	http://www.sfcollege.edu/admissions/	sfcollege.edu	C	santa-fe-college
137096	website	http://www.sfcollege.edu/	sfcollege.edu	C	santa-fe-college
188137	admissions	https://www.sfcc.edu/new-student-checklist/	sfcc.edu	C	santa-fe-community-college
188137	website	https://www.sfcc.edu/	sfcc.edu	C	santa-fe-community-college
122977	admissions	https://www.smc.edu/EnrollmentDevelopment/Admissions/Pages/default.aspx	smc.edu	C	santa-monica-college
122977	website	https://www.smc.edu/	smc.edu	C	santa-monica-college
123013	admissions	https://admissions.santarosa.edu/	santarosa.edu	C	santa-rosa-junior-college
123013	website	http://www.santarosa.edu/	santarosa.edu	C	santa-rosa-junior-college
399212	admissions	http://www.sccollege.edu/students/admissionsandaid/SitePages/Home.aspx	sccollege.edu	C	santiago-canyon-college
399212	website	http://www.sccollege.edu/SitePages/Home.aspx	sccollege.edu	C	santiago-canyon-college
195304	admissions	http://www.sarahlawrence.edu/admission/	sarahlawrence.edu	B	sarah-lawrence-college
195304	website	http://www.sarahlawrence.edu/	sarahlawrence.edu	B	sarah-lawrence-college
148672	admissions	http://www.svcc.edu/students/admissions/index.html	svcc.edu	C	sauk-valley-community-college
148672	website	http://www.svcc.edu/	svcc.edu	C	sauk-valley-community-college
140951	admissions	http://www.scad.edu/admission	scad.edu	B	savannah-college-of-art-and-design
140951	website	http://www.scad.edu/	scad.edu	B	savannah-college-of-art-and-design
140960	admissions	http://www.savannahstate.edu/prospective-student/undergrad.shtml	savannahstate.edu	C	savannah-state-university
140960	website	http://www.savannahstate.edu/	savannahstate.edu	C	savannah-state-university
140942	admissions	http://www.savannahtech.edu/admissions/	savannahtech.edu	C	savannah-technical-college
140942	website	http://www.savannahtech.edu/	savannahtech.edu	C	savannah-technical-college
123095	admissions	https://www.saybrook.edu/admissions/	saybrook.edu	C	saybrook-university
123095	website	https://www.saybrook.edu/	saybrook.edu	C	saybrook-university
218654	admissions	http://admissions.uscb.edu/	uscb.edu	B	sc-beaufort
218654	website	http://www.uscb.edu/	uscb.edu	B	sc-beaufort
195322	admissions	http://sunysccc.edu/Admissions	sunysccc.edu	C	schenectady-county-community-college
195322	website	http://sunysccc.edu/	sunysccc.edu	C	schenectady-county-community-college
404338	admissions	http://www.schiller.edu/	schiller.edu	C	schiller-international-university
404338	website	http://www.schiller.edu/	schiller.edu	C	schiller-international-university
143048	admissions	http://www.saic.edu/admissions/ug_admiss	saic.edu	B	school-of-the-art-institute-of-chicago
143048	website	http://www.saic.edu/	saic.edu	B	school-of-the-art-institute-of-chicago
172200	admissions	https://www.schoolcraft.edu/admissions/	schoolcraft.edu	C	schoolcraft-college
172200	website	https://www.schoolcraft.edu/	schoolcraft.edu	C	schoolcraft-college
228042	admissions	https://schreiner.edu/admissions/	schreiner.edu	B	schreiner-university
228042	website	https://schreiner.edu/	schreiner.edu	B	schreiner-university
105747	website	http://www.scottsdalecc.edu/	scottsdalecc.edu	C	scottsdale-community-college
123165	admissions	http://www.scrippscollege.edu/admission/	scrippscollege.edu	B	scripps
123165	website	http://www.scrippscollege.edu/	scrippscollege.edu	B	scripps
236513	admissions	http://seattlecentral.edu/get-started/enroll-now/admissions-info	seattlecentral.edu	C	seattle-central-college
236513	website	http://seattlecentral.edu/	seattlecentral.edu	C	seattle-central-college
236577	admissions	https://spu.edu/undergraduate-admissions	spu.edu	B	seattle-pacific-university
236577	website	https://spu.edu/	spu.edu	B	seattle-pacific-university
236595	admissions	http://www.seattleu.edu/admission-aid/undergraduate-admissions	seattleu.edu	B	seattle-university
236595	website	http://www.seattleu.edu/	seattleu.edu	B	seattle-university
102058	website	https://selmau.edu/	selmau.edu	C	selma-university
207740	admissions	http://www.sscok.edu/admissions/index.html	sscok.edu	C	seminole-state-college
207740	website	http://www.sscok.edu/	sscok.edu	C	seminole-state-college
137209	admissions	https://www.seminolestate.edu/admissions/	seminolestate.edu	C	seminole-state-college-of-florida
137209	website	https://www.seminolestate.edu/	seminolestate.edu	C	seminole-state-college-of-florida
186584	admissions	https://www.shu.edu/undergraduate-admissions/	shu.edu	B	seton-hall-university
186584	website	https://www.shu.edu/	shu.edu	B	seton-hall-university
215947	admissions	http://www.setonhill.edu/admissions	setonhill.edu	B	seton-hill-university
215947	website	http://www.setonhill.edu/	setonhill.edu	B	seton-hill-university
221519	admissions	http://new.sewanee.edu/admission-aid/	sewanee.edu	B	sewanee-the-university-of-the-south
221519	website	http://www.sewanee.edu/	sewanee.edu	B	sewanee-the-university-of-the-south
155858	admissions	https://sccc.edu/admissions-and-aid/	sccc.edu	C	seward-county-community-college
155858	website	https://sccc.edu/	sccc.edu	C	seward-county-community-college
123280	admissions	http://www.shasta.edu/admissions.html	shasta.edu	B	shasta-bible-college-and-graduate-school
123280	website	http://www.shasta.edu/	shasta.edu	B	shasta-bible-college-and-graduate-school
123299	admissions	https://www.shastacollege.edu/admissions-registration/	shastacollege.edu	C	shasta-college
123299	website	https://www.shastacollege.edu/	shastacollege.edu	C	shasta-college
199643	admissions	http://www.shawu.edu/Admissions/	shawu.edu	B	shaw-university
199643	website	http://www.shawu.edu/	shawu.edu	B	shaw-university
148821	admissions	https://shawneecc.edu/admissions	shawneecc.edu	C	shawnee-community-college
148821	website	https://shawneecc.edu/	shawneecc.edu	C	shawnee-community-college
205443	admissions	https://www.shawnee.edu/admission-and-financial-aid	shawnee.edu	C	shawnee-state-university
205443	website	https://www.shawnee.edu/	shawnee.edu	C	shawnee-state-university
102067	admissions	http://www.sheltonstate.edu/admissions-financial-aid/	sheltonstate.edu	C	shelton-state-community-college
102067	website	http://www.sheltonstate.edu/	sheltonstate.edu	C	shelton-state-community-college
233541	admissions	http://www.su.edu/admissions/	su.edu	A	shenandoah-university
233541	website	http://www.su.edu/	su.edu	A	shenandoah-university
237792	admissions	http://www.shepherd.edu/admissions	shepherd.edu	B	shepherd-university
237792	website	http://www.shepherd.edu/	shepherd.edu	B	shepherd-university
461485	admissions	http://shepherds.edu/admissions/	shepherds.edu	C	shepherds-theological-seminary
461485	website	http://shepherds.edu/	shepherds.edu	C	shepherds-theological-seminary
240666	admissions	https://www.sheridan.edu/admissions/	sheridan.edu	C	sheridan-college
240666	website	https://www.sheridan.edu/	sheridan.edu	C	sheridan-college
216010	admissions	http://www.ship.edu/admissions/	ship.edu	B	shippensburg-university-of-pennsylvania
216010	website	http://www.ship.edu/	ship.edu	B	shippensburg-university-of-pennsylvania
195438	website	https://www.shoryoshuv.org/	shoryoshuv.org	C	shor-yoshuv-rabbinical-college
236610	admissions	http://www.shoreline.edu/apply-and-aid/	shoreline.edu	C	shoreline-community-college
236610	website	http://www.shoreline.edu/	shoreline.edu	C	shoreline-community-college
140988	admissions	https://www.shorter.edu/contact-admissions/	shorter.edu	B	shorter-university
140988	website	https://www.shorter.edu/	shorter.edu	B	shorter-university
195474	admissions	https://www.siena.edu/offices/admissions/	siena.edu	B	siena-college
195474	website	https://www.siena.edu/	siena.edu	B	siena-college
172264	admissions	https://www.sienaheights.edu/residential-campus/	sienaheights.edu	B	siena-heights-university
172264	website	https://www.sienaheights.edu/	sienaheights.edu	B	siena-heights-university
123341	admissions	https://www.sierracollege.edu/admissions	sierracollege.edu	C	sierra-college
123341	website	https://www.sierracollege.edu/	sierracollege.edu	C	sierra-college
167783	admissions	https://www.simmons.edu/undergraduate/admission-and-financial-aid	simmons.edu	B	simmons
167783	website	http://www.simmons.edu/	simmons.edu	B	simmons
461759	admissions	https://simmonscollegeky.edu/apply/	simmonscollegeky.edu	B	simmons-college-of-kentucky
461759	website	https://simmonscollegeky.edu/	simmonscollegeky.edu	B	simmons-college-of-kentucky
154350	admissions	http://simpson.edu/admissions-aid/	simpson.edu	B	simpson-college
154350	website	http://simpson.edu/	simpson.edu	B	simpson-college
123457	admissions	http://www.simpsonu.edu/admissions	simpsonu.edu	B	simpson-university
123457	website	http://www.simpsonu.edu/	simpsonu.edu	B	simpson-university
205470	admissions	http://www.sinclair.edu/admissions/	sinclair.edu	C	sinclair-community-college
205470	website	http://www.sinclair.edu/	sinclair.edu	C	sinclair-community-college
219374	admissions	http://www.sintegleska.edu/registrar-office-information.html	sintegleska.edu	C	sinte-gleska-university
219374	website	http://www.sintegleska.edu/	sintegleska.edu	C	sinte-gleska-university
219383	admissions	http://admissions.usiouxfalls.edu/	usiouxfalls.edu	B	sioux-falls
219383	website	http://www.usiouxfalls.edu/	usiouxfalls.edu	B	sioux-falls
219408	admissions	https://www.swcollege.edu/index.php/admin-aide-reg	swcollege.edu	C	sisseton-wahpeton-college
219408	website	https://www.swcollege.edu/	swcollege.edu	C	sisseton-wahpeton-college
200466	admissions	https://sittingbull.edu/admissions/	sittingbull.edu	C	sitting-bull-college
200466	website	https://sittingbull.edu/	sittingbull.edu	C	sitting-bull-college
236638	admissions	https://www.skagit.edu/admissions/	skagit.edu	C	skagit-valley-college
236638	website	http://www.skagit.edu/	skagit.edu	C	skagit-valley-college
195526	admissions	http://www.skidmore.edu/admissions/	skidmore.edu	B	skidmore-college
195526	website	http://www.skidmore.edu/	skidmore.edu	B	skidmore-college
123509	admissions	http://skylinecollege.edu/admissions/	skylinecollege.edu	C	skyline-college
123509	website	http://skylinecollege.edu/	skylinecollege.edu	C	skyline-college
216038	admissions	https://www.sru.edu/admissions	sru.edu	B	slippery-rock-university-of-pennsylvania
216038	website	https://www.sru.edu/	sru.edu	B	slippery-rock-university-of-pennsylvania
167835	admissions	http://www.smith.edu/admission/	smith.edu	B	smith
167835	website	http://www.smith.edu/	smith.edu	B	smith
441229	admissions	https://smithchason.edu/admissions/	smithchason.edu	C	smith-chason-college
441229	website	https://smithchason.edu/	smithchason.edu	C	smith-chason-college
102076	admissions	http://snead.edu/admissions	snead.edu	C	snead-state-community-college
102076	website	http://www.snead.edu/	snead.edu	C	snead-state-community-college
230597	admissions	https://www.snow.edu/admissions	snow.edu	C	snow-college
230597	website	https://www.snow.edu/	snow.edu	C	snow-college
399911	admissions	http://www.soka.edu/admission_aid/default.aspx	soka.edu	B	soka-university-of-america
399911	website	http://www.soka.edu/	soka.edu	B	soka-university-of-america
123563	admissions	http://welcome.solano.edu/ar/	solano.edu	C	solano-community-college
123563	website	http://welcome.solano.edu/	solano.edu	C	solano-community-college
157711	admissions	https://somerset.kctcs.edu/admissions/index.aspx	kctcs.edu	C	somerset-community-college
157711	website	https://somerset.kctcs.edu/	kctcs.edu	C	somerset-community-college
123572	admissions	https://admissions.sonoma.edu/	sonoma.edu	B	sonoma-state-university
123572	website	https://sonoma.edu/	sonoma.edu	B	sonoma-state-university
107974	admissions	https://www.southark.edu/page/enrollment-services	southark.edu	C	south-arkansas-college
107974	website	http://www.southark.edu/	southark.edu	C	south-arkansas-college
123633	admissions	http://www.southbaylo.edu/ca/admissions	southbaylo.edu	C	south-baylo-university
123633	website	http://www.southbaylo.edu/	southbaylo.edu	C	south-baylo-university
218733	admissions	https://scsu.edu/admissions/index.php/	scsu.edu	B	south-carolina-state-university
218733	website	https://scsu.edu/	scsu.edu	B	south-carolina-state-university
173911	admissions	https://southcentral.edu/Admissions/how-to-apply.html	southcentral.edu	C	south-central-college
173911	website	http://southcentral.edu/	southcentral.edu	C	south-central-college
220552	admissions	http://www.south.edu/admissions/	south.edu	C	south-college
220552	website	http://www.south.edu/	south.edu	C	south-college
219347	admissions	https://www.sdsmt.edu/Admissions/	sdsmt.edu	B	south-dakota-school-of-mines-and-technology
219347	website	https://www.sdsmt.edu/	sdsmt.edu	B	south-dakota-school-of-mines-and-technology
219356	admissions	https://www.sdstate.edu/admissions	sdstate.edu	B	south-dakota-state-university
219356	website	https://www.sdstate.edu/	sdstate.edu	B	south-dakota-state-university
366003	admissions	https://www.sfbc.edu/admissions/	sfbc.edu	C	south-florida-bible-college-and-theological-seminary
366003	website	https://www.sfbc.edu/	sfbc.edu	C	south-florida-bible-college-and-theological-seminary
137315	admissions	http://www.southflorida.edu/student/services/admissions/	southflorida.edu	C	south-florida-state-college
137315	website	http://www.southflorida.edu/	southflorida.edu	C	south-florida-state-college
482699	admissions	https://www.sgsc.edu/admissions/apply	sgsc.edu	C	south-georgia-state-college
482699	website	http://www.sgsc.edu/	sgsc.edu	C	south-georgia-state-college
141006	website	http://www.southgatech.edu/	southgatech.edu	C	south-georgia-technical-college
216083	admissions	http://www.southhills.edu/	southhills.edu	B	south-hills-school-of-business-and-technology
216083	website	http://www.southhills.edu/	southhills.edu	B	south-hills-school-of-business-and-technology
434061	admissions	https://www.solacc.edu/admissions	solacc.edu	C	south-louisiana-community-college
434061	website	https://www.solacc.edu/	solacc.edu	C	south-louisiana-community-college
105792	website	http://www.southmountaincc.edu/	southmountaincc.edu	C	south-mountain-community-college
197850	admissions	https://www.spcc.edu/admissions-procedure	spcc.edu	C	south-piedmont-community-college
197850	website	https://www.spcc.edu/	spcc.edu	C	south-piedmont-community-college
228158	admissions	http://www.southplainscollege.edu/apply.php	southplainscollege.edu	C	south-plains-college
228158	website	http://www.southplainscollege.edu/	southplainscollege.edu	C	south-plains-college
236656	admissions	http://spscc.edu/apply	spscc.edu	C	south-puget-sound-community-college
236656	website	http://www.spscc.edu/	spscc.edu	C	south-puget-sound-community-college
236504	admissions	https://southseattle.edu/steps-enroll/admissions-application	southseattle.edu	C	south-seattle-college
236504	website	http://southseattle.edu/	southseattle.edu	C	south-seattle-college
149365	admissions	https://www.ssc.edu/admissions-registration	ssc.edu	C	south-suburban-college
149365	website	https://www.ssc.edu/	ssc.edu	C	south-suburban-college
409315	admissions	https://studentservices.southtexascollege.edu/admissions/	southtexascollege.edu	C	south-texas-college
409315	website	https://www.southtexascollege.edu/	southtexascollege.edu	C	south-texas-college
139579	admissions	http://www.southuniversity.edu/admissions	southuniversity.edu	C	south-university
139579	website	http://www.southuniversity.edu/savannah	southuniversity.edu	C	south-university
156338	admissions	https://southcentral.kctcs.edu/admissions/	kctcs.edu	C	southcentral-kentucky-community-and-technical-college
156338	website	https://southcentral.kctcs.edu/	kctcs.edu	C	southcentral-kentucky-community-and-technical-college
107637	admissions	https://www.seark.edu/getting-started	seark.edu	C	southeast-arkansas-college
107637	website	https://www.seark.edu/	seark.edu	C	southeast-arkansas-college
181640	admissions	https://www.southeast.edu/admissions/	southeast.edu	C	southeast-community-college-area
181640	website	http://www.southeast.edu/	southeast.edu	C	southeast-community-college-area
157739	admissions	https://southeast.kctcs.edu/admissions/index.aspx	kctcs.edu	C	southeast-kentucky-community-and-technical-college
157739	website	https://southeast.kctcs.edu/	kctcs.edu	C	southeast-kentucky-community-and-technical-college
417734	admissions	https://www.sehcollege.edu/admissions/	sehcollege.edu	B	southeast-missouri-hospital-college-of-nursing-and-health-sciences
417734	website	http://www.sehcollege.edu/	sehcollege.edu	B	southeast-missouri-hospital-college-of-nursing-and-health-sciences
179557	admissions	https://www.semo.edu/admissions	semo.edu	A	southeast-missouri-state-university
179557	website	https://www.semo.edu/	semo.edu	A	southeast-missouri-state-university
188003	admissions	http://senmc.edu/admissions/index.html	senmc.edu	C	southeast-new-mexico-college
188003	website	http://senmc.edu/	senmc.edu	C	southeast-new-mexico-college
219426	admissions	http://www.southeasttech.edu/admissions/	southeasttech.edu	C	southeast-technical-college
219426	website	http://www.southeasttech.edu/	southeasttech.edu	C	southeast-technical-college
176336	admissions	https://southeasternbaptist.edu/admissions	southeasternbaptist.edu	B	southeastern-baptist-college
176336	website	https://www.southeasternbaptist.edu/	southeasternbaptist.edu	B	southeastern-baptist-college
199759	admissions	http://www.collegeatsoutheastern.com/admissions/	collegeatsoutheastern.com	B	southeastern-baptist-theological-seminary
199759	website	http://www.collegeatsoutheastern.com/	collegeatsoutheastern.com	B	southeastern-baptist-theological-seminary
428170	admissions	http://www.sec.edu/admissions/	sec.edu	B	southeastern-college
428170	website	http://www.sec.edu/	sec.edu	B	southeastern-college
154378	admissions	http://www.scciowa.edu/admissions	scciowa.edu	C	southeastern-community-college-ia
154378	website	http://www.scciowa.edu/	scciowa.edu	C	southeastern-community-college-ia
199722	admissions	http://www.sccnc.edu/future-students/admissions/	sccnc.edu	C	southeastern-community-college-nc
199722	website	http://www.sccnc.edu/	sccnc.edu	C	southeastern-community-college-nc
233602	admissions	http://www.sfwbc.edu/admissions	sfwbc.edu	C	southeastern-free-will-baptist-bible-college
233602	website	http://www.sfwbc.edu/	sfwbc.edu	C	southeastern-free-will-baptist-bible-college
148937	admissions	http://www.sic.edu/admissions	sic.edu	C	southeastern-illinois-college
148937	website	http://www.sic.edu/	sic.edu	C	southeastern-illinois-college
160612	admissions	https://www.southeastern.edu/admissions-and-aid/	southeastern.edu	B	southeastern-louisiana-university
160612	website	https://www.southeastern.edu/	southeastern.edu	B	southeastern-louisiana-university
207847	admissions	http://www.se.edu/undergraduate/	se.edu	B	southeastern-oklahoma-state-university
207847	website	http://www.se.edu/	se.edu	B	southeastern-oklahoma-state-university
368911	admissions	https://www.southeasterntech.edu/admissions/	southeasterntech.edu	C	southeastern-technical-college
368911	website	http://www.southeasterntech.edu/	southeasterntech.edu	C	southeastern-technical-college
137564	admissions	https://www.seu.edu/admission/	seu.edu	B	southeastern-university
137564	website	https://www.seu.edu/	seu.edu	B	southeastern-university
221661	admissions	https://www.southern.edu/enrollment/Pages/default.aspx	southern.edu	B	southern-adventist-university
221661	website	http://www.southern.edu/	southern.edu	B	southern-adventist-university
107983	admissions	https://web.saumag.edu/admissions/	saumag.edu	B	southern-arkansas-university-main-campus
107983	website	https://www.saumag.edu/	saumag.edu	B	southern-arkansas-university-main-campus
107992	admissions	https://www.sautech.edu/admissions/	sautech.edu	C	southern-arkansas-university-tech
107992	website	https://www.sautech.edu/	sautech.edu	C	southern-arkansas-university-tech
123952	admissions	http://www.sciarc.edu/	sciarc.edu	B	southern-california-institute-of-architecture
123952	website	http://www.sciarc.edu/	sciarc.edu	B	southern-california-institute-of-architecture
399869	admissions	https://www.scitech.edu/admissions	scitech.edu	B	southern-california-institute-of-technology
399869	website	https://www.scitech.edu/	scitech.edu	B	southern-california-institute-of-technology
117575	admissions	http://www.socalsem.edu/admissions	socalsem.edu	C	southern-california-seminary
117575	website	http://www.socalsem.edu/	socalsem.edu	C	southern-california-seminary
117672	admissions	https://www.scuhs.edu/admissions/	scuhs.edu	C	southern-california-university-of-health-sciences
117672	website	https://www.scuhs.edu/	scuhs.edu	C	southern-california-university-of-health-sciences
130493	admissions	http://www.southernct.edu/admissions/	southernct.edu	B	southern-connecticut-state-university
130493	website	http://www.southernct.edu/	southernct.edu	B	southern-connecticut-state-university
139986	admissions	http://www.https//www.sctech.edu/admissions/	sctech.edu	C	southern-crescent-technical-college
139986	website	http://www.sctech.edu/	sctech.edu	C	southern-crescent-technical-college
149222	admissions	https://admissions.siu.edu/	siu.edu	B	southern-illinois-university-carbondale
149222	website	https://siu.edu/	siu.edu	B	southern-illinois-university-carbondale
149231	admissions	http://www.siue.edu/admissions	siue.edu	B	southern-illinois-university-edwardsville
149231	website	http://www.siue.edu/	siue.edu	B	southern-illinois-university-edwardsville
161545	admissions	https://www.smccme.edu/admissions-aid/admission-office/	smccme.edu	C	southern-maine-community-college
161545	website	https://www.smccme.edu/	smccme.edu	C	southern-maine-community-college
228246	admissions	https://www.smu.edu/admission	smu.edu	A	southern-methodist-university
228246	website	https://www.smu.edu/	smu.edu	A	southern-methodist-university
206862	admissions	https://www.snu.edu/undergraduate-admissions/	snu.edu	C	southern-nazarene-university
206862	website	https://www.snu.edu/	snu.edu	C	southern-nazarene-university
183026	admissions	http://www.snhu.edu/admission	snhu.edu	B	southern-new-hampshire-university
183026	website	http://www.snhu.edu/	snhu.edu	B	southern-new-hampshire-university
210146	admissions	https://www.sou.edu/admissions	sou.edu	B	southern-oregon-university
210146	website	http://www.sou.edu/	sou.edu	B	southern-oregon-university
487162	admissions	http://southernregional.edu/admissions	southernregional.edu	C	southern-regional-technical-college
487162	website	http://southernregional.edu/	southernregional.edu	C	southern-regional-technical-college
205966	admissions	https://www.sscc.edu/admissions/index.shtml	sscc.edu	C	southern-state-community-college
205966	website	https://www.sscc.edu/	sscc.edu	C	southern-state-community-college
366553	admissions	http://www.southerntech.edu/admissions/	southerntech.edu	C	southern-technical-college
366553	website	http://www.southerntech.edu/	southerntech.edu	C	southern-technical-college
251260	admissions	http://www.suscc.edu/admissions/Admissions_info	suscc.edu	C	southern-union-state-community-college
251260	website	http://www.suscc.edu/	suscc.edu	C	southern-union-state-community-college
160621	admissions	https://www.subr.edu/subhome/153	subr.edu	B	southern-university-and-a-m-college
160621	website	http://www.subr.edu/	subr.edu	B	southern-university-and-a-m-college
160630	admissions	http://www.suno.edu/page/admissions	suno.edu	B	southern-university-at-new-orleans
160630	website	http://www.suno.edu/	suno.edu	B	southern-university-at-new-orleans
160649	admissions	http://www.susla.edu/index.cfm?action=pagebuilder&pageID=admissions-financial-aid	susla.edu	C	southern-university-at-shreveport
160649	website	http://www.susla.edu/	susla.edu	C	southern-university-at-shreveport
440916	website	http://www.sulc.edu/	sulc.edu	C	southern-university-law-center
230603	admissions	https://www.suu.edu/prostu/	suu.edu	B	southern-utah-university
230603	website	https://www.suu.edu/	suu.edu	B	southern-utah-university
233611	admissions	https://svu.edu/admissions/	svu.edu	B	southern-virginia-university
233611	website	https://svu.edu/	svu.edu	B	southern-virginia-university
217776	admissions	http://www.swu.edu/campus/admissions/	swu.edu	B	southern-wesleyan
217776	website	http://www.swu.edu/	swu.edu	B	southern-wesleyan
237817	admissions	https://www.southernwv.edu/future-students/admissions/	southernwv.edu	C	southern-west-virginia-community-and-technical-college
237817	website	https://www.southernwv.edu/	southernwv.edu	C	southern-west-virginia-community-and-technical-college
233639	admissions	https://southside.edu/admissions	southside.edu	C	southside-virginia-community-college
233639	website	https://www.southside.edu/	southside.edu	C	southside-virginia-community-college
179326	admissions	http://www.sbuniv.edu/admissions/	sbuniv.edu	B	southwest-baptist-university
179326	website	http://www.sbuniv.edu/	sbuniv.edu	B	southwest-baptist-university
382911	admissions	https://howardcollege.edu/swcd/apply-to-swcd/	howardcollege.edu	C	southwest-college-for-the-deaf
382911	website	https://howardcollege.edu/swcd/	howardcollege.edu	C	southwest-college-for-the-deaf
175078	admissions	http://www.smsu.edu/admission/index.html	smsu.edu	B	southwest-minnesota-state-university
175078	website	http://www.smsu.edu/	smsu.edu	B	southwest-minnesota-state-university
176354	admissions	https://www.smcc.edu/admissionsregistrar/	smcc.edu	C	southwest-mississippi-community-college
176354	website	https://www.smcc.edu/	smcc.edu	C	southwest-mississippi-community-college
221485	admissions	http://www.southwest.tn.edu/admissions/	tn.edu	C	southwest-tennessee-community-college
221485	website	http://www.southwest.tn.edu/	tn.edu	C	southwest-tennessee-community-college
228316	admissions	https://www.swtjc.edu/admissions-aid/office-of-the-registrar/index.html	swtjc.edu	C	southwest-texas-college
228316	website	https://www.swtjc.edu/	swtjc.edu	C	southwest-texas-college
451556	admissions	http://southwestuniversity.edu/	southwestuniversity.edu	C	southwest-university-at-el-paso
451556	website	http://southwestuniversity.edu/	southwestuniversity.edu	C	southwest-university-at-el-paso
233648	admissions	http://sw.edu/admissions/	sw.edu	C	southwest-virginia-community-college
233648	website	http://sw.edu/	sw.edu	C	southwest-virginia-community-college
239910	admissions	https://www.swtc.edu/admissions	swtc.edu	C	southwest-wisconsin-technical-college
239910	website	https://www.swtc.edu/	swtc.edu	C	southwest-wisconsin-technical-college
228468	admissions	http://swau.edu/admissions-aid/admissions-requirements	swau.edu	B	southwestern-adventist-university
228468	website	http://www.swau.edu/	swau.edu	B	southwestern-adventist-university
228486	website	http://www.swcc.edu/	swcc.edu	C	southwestern-christian-college
207856	admissions	http://www.swcu.edu/admission-process	swcu.edu	C	southwestern-christian-university
207856	website	http://www.swcu.edu/	swcu.edu	C	southwestern-christian-university
123800	admissions	https://www.swccd.edu/index.aspx?page=3	swccd.edu	C	southwestern-college-ca
123800	website	https://www.swccd.edu/	swccd.edu	C	southwestern-college-ca
155900	admissions	https://www.sckans.edu/admissions/	sckans.edu	B	southwestern-college-ks
155900	website	https://www.sckans.edu/	sckans.edu	B	southwestern-college-ks
154396	admissions	http://www.swcciowa.edu/admissions	swcciowa.edu	C	southwestern-community-college-ia
154396	website	http://www.swcciowa.edu/	swcciowa.edu	C	southwestern-community-college-ia
199731	admissions	https://www.southwesterncc.edu/admissions	southwesterncc.edu	C	southwestern-community-college-nc
199731	website	https://www.southwesterncc.edu/	southwesterncc.edu	C	southwestern-community-college-nc
143215	admissions	https://www.swic.edu/students/services/enrollment-services/admissions/	swic.edu	C	southwestern-illinois-college
143215	website	https://www.swic.edu/	swic.edu	C	southwestern-illinois-college
172307	admissions	http://www.swmich.edu/admissions/	swmich.edu	C	southwestern-michigan-college
172307	website	http://www.swmich.edu/	swmich.edu	C	southwestern-michigan-college
207865	admissions	https://www.swosu.edu/admissions/index.php	swosu.edu	C	southwestern-oklahoma-state-university
207865	website	https://www.swosu.edu/	swosu.edu	C	southwestern-oklahoma-state-university
210155	admissions	http://www.socc.edu/admissions	socc.edu	C	southwestern-oregon-community-college
210155	website	http://www.socc.edu/	socc.edu	C	southwestern-oregon-community-college
228343	admissions	https://www.southwestern.edu/admission/	southwestern.edu	B	southwestern-university
228343	website	https://www.southwestern.edu/	southwestern.edu	B	southwestern-university
160579	admissions	http://www.sowela.edu/admissions	sowela.edu	C	sowela-technical-community-college
160579	website	http://www.sowela.edu/	sowela.edu	C	sowela-technical-community-college
157757	admissions	https://www.spalding.edu/admissions	spalding.edu	B	spalding
157757	website	https://www.spalding.edu/	spalding.edu	B	spalding
207254	admissions	http://www.spartan.edu/	spartan.edu	C	spartan-college-of-aeronautics-and-technology
207254	website	http://www.spartan.edu/	spartan.edu	C	spartan-college-of-aeronautics-and-technology
126605	admissions	http://www.spartan.edu/	spartan.edu	C	spartan-college-of-aeronautics-and-technology-co
126605	website	http://www.spartan.edu/	spartan.edu	C	spartan-college-of-aeronautics-and-technology-co
218830	admissions	https://www.sccsc.edu/admissions-aid/index.php	sccsc.edu	C	spartanburg-community-college
218830	website	https://www.sccsc.edu/	sccsc.edu	C	spartanburg-community-college
218821	admissions	https://www.smcsc.edu/admissions/	smcsc.edu	B	spartanburg-methodist-college
218821	website	https://www.smcsc.edu/	smcsc.edu	B	spartanburg-methodist-college
141060	admissions	http://www.spelman.edu/admissions	spelman.edu	A	spelman
141060	website	http://www.spelman.edu/	spelman.edu	A	spelman
236692	admissions	https://scc.spokane.edu/Admissions/Enrollment.aspx	spokane.edu	C	spokane-community-college
236692	website	https://scc.spokane.edu/	spokane.edu	C	spokane-community-college
236708	admissions	https://sfcc.spokane.edu/Become-a-Student	spokane.edu	C	spokane-falls-community-college
236708	website	https://sfcc.spokane.edu/	spokane.edu	C	spokane-falls-community-college
148991	admissions	http://www.src.edu/admissions/Pages/default.aspx	src.edu	C	spoon-river-college
148991	website	http://www.src.edu/	src.edu	C	spoon-river-college
172334	admissions	https://www.arbor.edu/admissions/	arbor.edu	B	spring-arbor-university
172334	website	https://www.arbor.edu/	arbor.edu	B	spring-arbor-university
102234	admissions	https://www.shc.edu/admissions-aid/admissions/	shc.edu	B	spring-hill-college
102234	website	https://www.shc.edu/	shc.edu	B	spring-hill-college
167899	admissions	http://www.springfield.edu/admissions	springfield.edu	A	springfield-college
167899	website	http://www.springfield.edu/	springfield.edu	A	springfield-college
167905	admissions	http://www.stcc.edu/admissions	stcc.edu	C	springfield-technical-community-college
167905	website	http://www.stcc.edu/	stcc.edu	C	springfield-technical-community-college
175005	admissions	https://www.stkate.edu/admission-and-aid	stkate.edu	B	st-catherine-university
175005	website	https://www.stkate.edu/	stkate.edu	B	st-catherine-university
262031	admissions	http://www.stchas.edu/admissions	stchas.edu	C	st-charles-community-college
262031	website	http://www.stchas.edu/	stchas.edu	C	st-charles-community-college
172291	admissions	http://www.sc4.edu/admissions	sc4.edu	C	st-clair-county-community-college
172291	website	http://www.sc4.edu/	sc4.edu	C	st-clair-county-community-college
174756	admissions	http://www.sctcc.edu/admissions-apply-sctcc	sctcc.edu	C	st-cloud-technical-and-community-college
174756	website	http://www.sctcc.edu/	sctcc.edu	C	st-cloud-technical-and-community-college
195173	admissions	https://www.sfc.edu/admissions-aid	sfc.edu	C	st-francis-college
195173	website	https://www.sfc.edu/	sfc.edu	C	st-francis-college
195720	admissions	https://www.sjf.edu/admissions-aid/	sjf.edu	A	st-john-fisher-university
195720	website	https://www.sjf.edu/	sjf.edu	A	st-john-fisher-university
163976	admissions	http://www.sjc.edu/admissions-and-aid/	sjc.edu	B	st-johns
163976	website	http://www.sjc.edu/	sjc.edu	B	st-johns
245652	admissions	http://www.sjc.edu/admissions-and-aid	sjc.edu	B	st-johns-college-nm
245652	website	http://www.sjc.edu/	sjc.edu	B	st-johns-college-nm
195809	admissions	http://www.stjohns.edu/admission	stjohns.edu	B	st-johns-university-new-york
195809	website	http://www.stjohns.edu/	stjohns.edu	B	st-johns-university-new-york
183248	admissions	http://www.sjson.edu/admissions/	sjson.edu	C	st-joseph-school-of-nursing
183248	website	http://www.sjson.edu/	sjson.edu	C	st-joseph-school-of-nursing
195191	admissions	https://www.sjhcon.edu/	sjhcon.edu	B	st-josephs-college-of-nursing
195191	website	https://www.sjhcon.edu/	sjhcon.edu	B	st-josephs-college-of-nursing
195544	admissions	http://www.sjny.edu/brooklyn/admissions	sjny.edu	B	st-josephs-university-new-york
195544	website	http://www.sjny.edu/	sjny.edu	B	st-josephs-university-new-york
195216	admissions	https://www.stlawu.edu/admissions	stlawu.edu	B	st-lawrence-university
195216	website	https://www.stlawu.edu/	stlawu.edu	B	st-lawrence-university
442426	website	http://www.slchc.edu/	slchc.edu	B	st-louis-college-of-health-careers-fenton
179511	website	http://www.slchc.edu/	slchc.edu	C	st-louis-college-of-health-careers-st-louis
154262	admissions	http://www.stlukescollege.edu/admissions.aspx	stlukescollege.edu	B	st-lukes-college
154262	website	http://www.stlukescollege.edu/	stlukescollege.edu	B	st-lukes-college
163912	admissions	https://www.smcm.edu/admissions/	smcm.edu	A	st-marys-college-of-maryland
163912	website	https://www.smcm.edu/	smcm.edu	A	st-marys-college-of-maryland
228149	admissions	https://www.stmarytx.edu/admission/	stmarytx.edu	B	st-marys-university
228149	website	http://www.stmarytx.edu/	stmarytx.edu	B	st-marys-university
174844	admissions	http://wp.stolaf.edu/admissions	stolaf.edu	B	st-olaf-college
174844	website	http://wp.stolaf.edu/	stolaf.edu	B	st-olaf-college
189811	admissions	https://www.stpaulsschoolofnursing.edu/admissions	stpaulsschoolofnursing.edu	C	st-pauls-school-of-nursing-queens
189811	website	https://www.stpaulsschoolofnursing.edu/	stpaulsschoolofnursing.edu	C	st-pauls-school-of-nursing-queens
195784	admissions	https://www.stpaulsschoolofnursing.edu/admissions.html	stpaulsschoolofnursing.edu	C	st-pauls-school-of-nursing-staten-island
195784	website	http://www.stpaulsschoolofnursing.edu/	stpaulsschoolofnursing.edu	C	st-pauls-school-of-nursing-staten-island
192961	admissions	https://www.sphp.com/careers/schools-of-nursing/admissions/	sphp.com	B	st-peters-hospital-college-of-nursing
192961	website	https://www.sphp.com/careers/schools-of-nursing/	sphp.com	B	st-peters-hospital-college-of-nursing
137078	admissions	http://www.spcollege.edu/future-students/admissions	spcollege.edu	C	st-petersburg-college
137078	website	http://www.spcollege.edu/	spcollege.edu	C	st-petersburg-college
227854	admissions	http://www.alamo.edu/spc/admissions/	alamo.edu	C	st-philips-college
227854	website	http://www.alamo.edu/spc/	alamo.edu	C	st-philips-college
137476	admissions	http://www.stu.edu/Admissions	stu.edu	B	st-thomas-university
137476	website	http://www.stu.edu/	stu.edu	B	st-thomas-university
243744	admissions	http://admission.stanford.edu/	stanford.edu	A	stanford
243744	website	http://www.stanford.edu/	stanford.edu	A	stanford
199740	admissions	https://www.stanly.edu/online-learning/new-student-orientation/step-1-getting-started.html	stanly.edu	C	stanly-community-college
199740	website	http://www.stanly.edu/	stanly.edu	C	stanly-community-college
205841	admissions	https://www.starkstate.edu/admissions/	starkstate.edu	C	stark-state-college
205841	website	http://www.starkstate.edu/	starkstate.edu	C	stark-state-college
135391	admissions	http://www.scf.edu/admissions/	scf.edu	C	state-college-of-florida-manatee-sarasota
135391	website	http://www.scf.edu/	scf.edu	C	state-college-of-florida-manatee-sarasota
179539	admissions	https://www.sfccmo.edu/admissions-financial-aid/admissions/	sfccmo.edu	C	state-fair-community-college
179539	website	https://www.sfccmo.edu/	sfccmo.edu	C	state-fair-community-college
177977	admissions	https://www.statetechmo.edu/admissions/	statetechmo.edu	C	state-technical-college-of-missouri
177977	website	https://www.statetechmo.edu/	statetechmo.edu	C	state-technical-college-of-missouri
196176	admissions	http://www.newpaltz.edu/admissions/	newpaltz.edu	B	state-university-of-new-york-at-new-paltz
196176	website	http://www.newpaltz.edu/	newpaltz.edu	B	state-university-of-new-york-at-new-paltz
448600	admissions	https://www.sctoday.edu/student_resources/admissions	sctoday.edu	C	stautzenberger-college-brecksville
448600	website	https://www.sctoday.edu/	sctoday.edu	C	stautzenberger-college-brecksville
205887	admissions	https://www.sctoday.edu/student_resources/admissions	sctoday.edu	C	stautzenberger-college-maumee
205887	website	https://www.sctoday.edu/	sctoday.edu	C	stautzenberger-college-maumee
228431	admissions	https://www.sfasu.edu/admissions-and-aid	sfasu.edu	B	stephen-f-austin-state-university
228431	website	https://www.sfasu.edu/	sfasu.edu	B	stephen-f-austin-state-university
179548	admissions	https://www.stephens.edu/admissions-and-aid/	stephens.edu	B	stephens-college
179548	website	https://www.stephens.edu/	stephens.edu	B	stephens-college
155937	admissions	http://www.sterling.edu/admissions	sterling.edu	B	sterling-college-ks
155937	website	http://www.sterling.edu/	sterling.edu	B	sterling-college-ks
231095	admissions	http://www.sterlingcollege.edu/apply-now	sterlingcollege.edu	B	sterling-college-vt
231095	website	http://www.sterlingcollege.edu/	sterlingcollege.edu	B	sterling-college-vt
137546	admissions	https://www.stetson.edu/administration/admissions/	stetson.edu	B	stetson-university
137546	website	https://www.stetson.edu/	stetson.edu	B	stetson-university
186867	admissions	http://www.stevens.edu/admission-aid/undergraduate-admissions/how-to-apply	stevens.edu	B	stevens
186867	website	http://www.stevens.edu/	stevens.edu	B	stevens
178767	admissions	http://www.siba.edu/	siba.edu	B	stevens-institute-of-business-and-arts
178767	website	http://www.siba.edu/	siba.edu	B	stevens-institute-of-business-and-arts
164173	admissions	http://www.stevenson.edu/admissions-aid/	stevenson.edu	B	stevenson-university
164173	website	http://www.stevenson.edu/	stevenson.edu	B	stevenson-university
102270	admissions	https://stillman.edu/admissions/	stillman.edu	B	stillman-college
102270	website	https://stillman.edu/	stillman.edu	B	stillman-college
186876	admissions	https://stockton.edu/admissions/index.html	stockton.edu	B	stockton-university
186876	website	https://www.stockton.edu/	stockton.edu	B	stockton-university
366340	admissions	http://www.stonechild.edu/	stonechild.edu	C	stone-child-college
366340	website	http://www.stonechild.edu/	stonechild.edu	C	stone-child-college
167996	admissions	https://www.stonehill.edu/apply-for-admission/	stonehill.edu	B	stonehill-college
167996	website	https://www.stonehill.edu/	stonehill.edu	B	stonehill-college
196097	admissions	https://www.stonybrook.edu/sb/admissions.shtml	stonybrook.edu	B	stony-brook
196097	website	https://www.stonybrook.edu/	stonybrook.edu	B	stony-brook
131803	admissions	https://www.strayer.edu/admissions/how-to-apply	strayer.edu	C	strayer-university
131803	website	http://www.strayer.edu/campus-locations/district-columbia/washington	strayer.edu	C	strayer-university
366395	admissions	https://www.sunysuffolk.edu/apply-enroll/index.jsp	sunysuffolk.edu	C	suffolk-county-community-college
366395	website	https://www.sunysuffolk.edu/	sunysuffolk.edu	C	suffolk-county-community-college
168005	admissions	https://www.suffolk.edu/admission/	suffolk.edu	B	suffolk-university
168005	website	https://www.suffolk.edu/	suffolk.edu	B	suffolk-university
228501	admissions	http://www.sulross.edu/admissions/undergraduate-admissions/	sulross.edu	B	sul-ross-state-university
228501	website	http://www.sulross.edu/	sulross.edu	B	sul-ross-state-university
195988	admissions	https://sunysullivan.edu/admissions/	sunysullivan.edu	C	sullivan-county-community-college
195988	website	https://www.sunysullivan.edu/	sunysullivan.edu	C	sullivan-county-community-college
157793	website	http://www.sullivan.edu/	sullivan.edu	C	sullivan-university
447953	admissions	http://www.sum.edu/apply/	sum.edu	B	sum-bible-college-and-theological-seminary
447953	website	http://www.sum.edu/	sum.edu	B	sum-bible-college-and-theological-seminary
181543	admissions	https://www.summitcc.edu/admissions	summitcc.edu	B	summit-christian-college
181543	website	https://www.summitcc.edu/	summitcc.edu	B	summit-christian-college
188438	admissions	https://www.sunyacc.edu/admissions-aid/admissions-process	sunyacc.edu	C	suny-adirondack
188438	website	https://www.sunyacc.edu/	sunyacc.edu	C	suny-adirondack
196060	admissions	http://www.albany.edu/admissions	albany.edu	B	suny-at-albany
196060	website	http://www.albany.edu/	albany.edu	B	suny-at-albany
196158	admissions	https://www.fredonia.edu/admissions-aid	fredonia.edu	B	suny-at-fredonia
196158	website	https://www.fredonia.edu/	fredonia.edu	B	suny-at-fredonia
196167	admissions	https://www.geneseo.edu/admissions	geneseo.edu	B	suny-at-geneseo
196167	website	https://www.geneseo.edu/	geneseo.edu	B	suny-at-geneseo
196219	admissions	http://www.purchase.edu/admissions/	purchase.edu	B	suny-at-purchase-college
196219	website	http://www.purchase.edu/	purchase.edu	B	suny-at-purchase-college
196079	admissions	http://www.binghamton.edu/admissions	binghamton.edu	B	suny-binghamton
196079	website	http://www.binghamton.edu/	binghamton.edu	B	suny-binghamton
196121	admissions	https://www.brockport.edu/admissions/	brockport.edu	B	suny-brockport
196121	website	https://www.brockport.edu/	brockport.edu	B	suny-brockport
196130	admissions	https://suny.buffalostate.edu/admissions	buffalostate.edu	B	suny-buffalo-state-university
196130	website	https://suny.buffalostate.edu/	buffalostate.edu	B	suny-buffalo-state-university
196200	admissions	http://www.potsdam.edu/admissions/	potsdam.edu	B	suny-college-at-potsdam
196200	website	http://www.potsdam.edu/	potsdam.edu	B	suny-college-at-potsdam
196033	admissions	http://www.cobleskill.edu/admissions/	cobleskill.edu	B	suny-college-of-agriculture-and-technology-at-cobleskill
196033	website	http://www.cobleskill.edu/	cobleskill.edu	B	suny-college-of-agriculture-and-technology-at-cobleskill
196103	admissions	http://www.esf.edu/admissions/admissions.php	esf.edu	A	suny-college-of-environmental-science-and-forestry
196103	website	http://www.esf.edu/	esf.edu	A	suny-college-of-environmental-science-and-forestry
196006	admissions	http://www.alfredstate.edu/admissions	alfredstate.edu	B	suny-college-of-technology-at-alfred
196006	website	http://www.alfredstate.edu/	alfredstate.edu	B	suny-college-of-technology-at-alfred
196015	admissions	http://www.canton.edu/admissions/	canton.edu	B	suny-college-of-technology-at-canton
196015	website	http://www.canton.edu/	canton.edu	B	suny-college-of-technology-at-canton
196024	admissions	http://www.delhi.edu/admission/	delhi.edu	B	suny-college-of-technology-at-delhi
196024	website	http://www.delhi.edu/	delhi.edu	B	suny-college-of-technology-at-delhi
196149	admissions	http://www2.cortland.edu/admissions/	cortland.edu	B	suny-cortland
196149	website	http://www2.cortland.edu/	cortland.edu	B	suny-cortland
196291	admissions	http://www.sunymaritime.edu/Admissions	sunymaritime.edu	B	suny-maritime-college
196291	website	http://www.sunymaritime.edu/	sunymaritime.edu	B	suny-maritime-college
196051	admissions	http://www.morrisville.edu/admissions	morrisville.edu	B	suny-morrisville
196051	website	http://www.morrisville.edu/	morrisville.edu	B	suny-morrisville
196237	admissions	http://www.oldwestbury.edu/admissions/	oldwestbury.edu	B	suny-old-westbury
196237	website	http://www.oldwestbury.edu/	oldwestbury.edu	B	suny-old-westbury
196185	admissions	https://suny.oneonta.edu/admissions	oneonta.edu	B	suny-oneonta
196185	website	https://suny.oneonta.edu/	oneonta.edu	B	suny-oneonta
196194	admissions	https://www.oswego.edu/admissions	oswego.edu	B	suny-oswego
196194	website	https://www.oswego.edu/	oswego.edu	B	suny-oswego
196246	admissions	https://www.plattsburgh.edu/admissions	plattsburgh.edu	B	suny-plattsburgh
196246	website	https://www.plattsburgh.edu/	plattsburgh.edu	B	suny-plattsburgh
196112	admissions	http://www.sunypoly.edu/admissions/	sunypoly.edu	B	suny-polytechnic-institute
196112	website	http://www.sunypoly.edu/	sunypoly.edu	B	suny-polytechnic-institute
196307	admissions	http://www.upstate.edu/prospective/	upstate.edu	C	suny-upstate-medical-university
196307	website	http://www.upstate.edu/	upstate.edu	C	suny-upstate-medical-university
197294	admissions	http://www.sunywcc.edu/admissions/admissions-information/	sunywcc.edu	C	suny-westchester-community-college
197294	website	http://www.sunywcc.edu/	sunywcc.edu	C	suny-westchester-community-college
199768	admissions	https://surry.edu/apply-now/	surry.edu	C	surry-community-college
199768	website	https://surry.edu/	surry.edu	C	surry-community-college
216278	admissions	http://www.susqu.edu/admission-and-aid	susqu.edu	B	susquehanna-university
216278	website	http://www.susqu.edu/	susqu.edu	B	susquehanna-university
247603	admissions	http://sussex.edu/admissions/	sussex.edu	C	sussex-county-community-college
247603	website	http://www.sussex.edu/	sussex.edu	C	sussex-county-community-college
216287	admissions	http://www.swarthmore.edu/admissions-aid	swarthmore.edu	B	swarthmore
216287	website	http://www.swarthmore.edu/	swarthmore.edu	B	swarthmore
196389	admissions	http://www.swedishinstitute.edu/	swedishinstitute.edu	C	swedish-institute-a-college-of-health-sciences
196389	website	http://www.swedishinstitute.edu/	swedishinstitute.edu	C	swedish-institute-a-college-of-health-sciences
233718	admissions	http://www.sbc.edu/admissions/	sbc.edu	B	sweet-briar-college
233718	website	http://www.sbc.edu/	sbc.edu	B	sweet-briar-college
196413	admissions	https://www.syracuse.edu/admissions/	syracuse.edu	B	syracuse-university
196413	website	https://www.syracuse.edu/	syracuse.edu	B	syracuse-university
155973	admissions	http://tabor.edu/undergraduate/	tabor.edu	B	tabor-college
155973	website	http://tabor.edu/	tabor.edu	B	tabor-college
236753	admissions	https://www.tacomacc.edu/costs-admission/admission-process/	tacomacc.edu	C	tacoma-community-college
236753	website	https://www.tacomacc.edu/	tacomacc.edu	C	tacoma-community-college
124113	admissions	http://www.taftcollege.edu/admissions/	taftcollege.edu	C	taft-college
124113	website	http://www.taftcollege.edu/	taftcollege.edu	C	taft-college
454689	admissions	http://www.taftu.edu/	taftu.edu	C	taft-university-system
454689	website	http://www.taftu.edu/	taftu.edu	C	taft-university-system
102298	admissions	https://www.talladega.edu/apply-for-admissions/	talladega.edu	B	talladega-college
102298	website	http://www.talladega.edu/	talladega.edu	B	talladega-college
137759	admissions	http://www.tsc.fl.edu/admissions/	fl.edu	C	tallahassee-state-college
137759	website	http://www.tsc.fl.edu/	fl.edu	C	tallahassee-state-college
137777	admissions	http://www.talmudicu.edu/students/	talmudicu.edu	C	talmudic-college-of-florida
137777	website	http://www.talmudicu.edu/	talmudicu.edu	C	talmudic-college-of-florida
186900	admissions	https://talmudicalacademynj.com/	talmudicalacademynj.com	B	talmudical-academy-new-jersey
186900	website	https://talmudicalacademynj.com/	talmudicalacademynj.com	B	talmudical-academy-new-jersey
196440	website	https://www.tiuny.org/	tiuny.org	B	talmudical-institute-of-upstate-new-york
451404	admissions	https://tsob.edu/	independentrabbinicalcolleges.org	B	talmudical-seminary-of-bobov
451404	website	http://www.independentrabbinicalcolleges.org/	independentrabbinicalcolleges.org	B	talmudical-seminary-of-bobov
196431	admissions	http://tsot.edu/	tsot.edu	B	talmudical-seminary-oholei-torah
196431	website	http://www.tsot.edu/	tsot.edu	B	talmudical-seminary-oholei-torah
216311	website	https://www.meterware.com/typ/Talmudical_Yeshiva_of_Philadelphia/?C=N;O=D	meterware.com	B	talmudical-yeshiva-of-philadelphia
228529	admissions	http://www.tarleton.edu/admissions/	tarleton.edu	B	tarleton-state-university
228529	website	http://www.tarleton.edu/	tarleton.edu	B	tarleton-state-university
228547	admissions	http://www.tccd.edu/admission/how-to-apply/	tccd.edu	C	tarrant-county-college-district
228547	website	http://www.tccd.edu/	tccd.edu	C	tarrant-county-college-district
152530	admissions	https://www.taylor.edu/admissions/	taylor.edu	A	taylor
152530	website	https://www.taylor.edu/	taylor.edu	A	taylor
149310	admissions	https://www.tbiil.edu/admissions/	tbiil.edu	B	taylor-business-institute
149310	website	http://www.tbiil.edu/	tbiil.edu	B	taylor-business-institute
449524	admissions	http://taylorcollege.edu/admissions/	taylorcollege.edu	C	taylor-college
449524	website	http://taylorcollege.edu/	taylorcollege.edu	C	taylor-college
196468	admissions	http://www.tc.columbia.edu/admissions/admission/	columbia.edu	C	teachers-college-at-columbia-university
196468	website	http://www.tc.columbia.edu/	columbia.edu	C	teachers-college-at-columbia-university
217712	admissions	http://www.tcl.edu/admissions/	tcl.edu	C	technical-college-of-the-lowcountry
217712	website	http://www.tcl.edu/	tcl.edu	C	technical-college-of-the-lowcountry
214892	website	http://www.penncommercial.edu/	penncommercial.edu	B	technical-school
149329	admissions	https://telsheyeshivachicago.com/	telsheyeshivachicago.com	B	telshe-yeshiva-chicago
149329	website	https://telsheyeshivachicago.com/	telsheyeshivachicago.com	B	telshe-yeshiva-chicago
228608	admissions	http://www.templejc.edu/admissions/	templejc.edu	C	temple-college
228608	website	http://www.templejc.edu/	templejc.edu	C	temple-college
216339	admissions	http://www.temple.edu/admissions	temple.edu	B	temple-university
216339	website	http://www.temple.edu/	temple.edu	B	temple-university
221838	admissions	http://www.tnstate.edu/admissions/	tnstate.edu	B	tennessee-state-university
221838	website	http://www.tnstate.edu/	tnstate.edu	B	tennessee-state-university
221847	admissions	https://www.tntech.edu/admissions/	tntech.edu	B	tennessee-technological-university
221847	website	http://www.tntech.edu/	tntech.edu	B	tennessee-technological-university
221731	admissions	http://www.tnwesleyan.edu/admissions/index.php	tnwesleyan.edu	B	tennessee-wesleyan-university
221731	website	http://www.tnwesleyan.edu/	tnwesleyan.edu	B	tennessee-wesleyan-university
206011	admissions	https://catalog.terra.edu/content.php?catoid=13&navoid=459	terra.edu	C	terra-state-community-college
206011	website	https://terra.edu/	terra.edu	C	terra-state-community-college
228699	admissions	https://www.texarkanacollege.edu/enrollment-services/	texarkanacollege.edu	C	texarkana-college
228699	website	https://www.texarkanacollege.edu/	texarkanacollege.edu	C	texarkana-college
226152	admissions	http://www.tamiu.edu/admissions	tamiu.edu	B	texas-a-and-m-international-university
226152	website	http://www.tamiu.edu/	tamiu.edu	B	texas-a-and-m-international-university
483036	admissions	http://www.tamuct.edu/admissions.html	tamuct.edu	B	texas-a-and-m-university-central-texas
483036	website	http://tamuct.edu/	tamuct.edu	B	texas-a-and-m-university-central-texas
228723	admissions	https://admissions.tamu.edu/	tamu.edu	B	texas-a-and-m-university-college-station
228723	website	https://www.tamu.edu/	tamu.edu	B	texas-a-and-m-university-college-station
224147	admissions	https://www.tamucc.edu/admissions/	tamucc.edu	A	texas-a-m-university-corpus-christi
224147	website	https://www.tamucc.edu/	tamucc.edu	A	texas-a-m-university-corpus-christi
228705	admissions	https://www.tamuk.edu/enrollment-management/admission/	tamuk.edu	A	texas-a-m-university-kingsville
228705	website	https://www.tamuk.edu/	tamuk.edu	A	texas-a-m-university-kingsville
224545	admissions	https://www.tamut.edu/admissions/index.html	tamut.edu	B	texas-a-m-university-texarkana
224545	website	http://www.tamut.edu/	tamut.edu	B	texas-a-m-university-texarkana
228875	admissions	https://admissions.tcu.edu/	tcu.edu	B	texas-christian-university
228875	website	https://www.tcu.edu/	tcu.edu	B	texas-christian-university
228884	admissions	https://www.texascollege.edu/admission	texascollege.edu	C	texas-college
228884	website	http://www.texascollege.edu/	texascollege.edu	C	texas-college
441487	website	http://www.texascountytech.edu/	texascountytech.edu	B	texas-county-technical-college
228981	admissions	http://www.tlu.edu/admissions	tlu.edu	B	texas-lutheran
228981	website	http://www.tlu.edu/	tlu.edu	B	texas-lutheran
229063	admissions	http://www.tsu.edu/admissions/freshman-admissions	tsu.edu	B	texas-southern-university
229063	website	http://www.tsu.edu/	tsu.edu	B	texas-southern-university
487320	admissions	http://www.tstc.edu/	tstc.edu	C	texas-state-technical-college
487320	website	http://www.tstc.edu/	tstc.edu	C	texas-state-technical-college
228459	admissions	https://www.txst.edu/admissions.html	txst.edu	B	texas-state-university
228459	website	https://www.txst.edu/	txst.edu	B	texas-state-university
229115	admissions	http://www.gototexastech.com/	ttu.edu	B	texas-tech
229115	website	http://www.ttu.edu/	ttu.edu	B	texas-tech
229337	admissions	https://www.ttuhsc.edu/medicine/admissions/	ttuhsc.edu	C	texas-tech-university-health-sciences-center
229337	website	https://www.ttuhsc.edu/	ttuhsc.edu	C	texas-tech-university-health-sciences-center
229160	admissions	http://www.txwes.edu/admissions	txwes.edu	B	texas-wesleyan-university
229160	website	http://www.txwes.edu/	txwes.edu	B	texas-wesleyan-university
229179	admissions	http://www.twu.edu/admissions/	twu.edu	A	texas-womans-university
229179	website	http://www.twu.edu/	twu.edu	A	texas-womans-university
216296	admissions	https://stevenscollege.edu/admissions-aid/	stevenscollege.edu	B	thaddeus-stevens-college-of-technology
216296	website	http://stevenscollege.edu/	stevenscollege.edu	B	thaddeus-stevens-college-of-technology
143978	admissions	https://www.thechicagoschool.edu/admissions/	thechicagoschool.edu	B	the-chicago-school-at-chicago
143978	website	https://www.thechicagoschool.edu/in-the-community/locations/	thechicagoschool.edu	B	the-chicago-school-at-chicago
455664	admissions	https://www.thechicagoschool.edu/admissions/	thechicagoschool.edu	B	the-chicago-school-at-los-angeles
455664	website	https://www.thechicagoschool.edu/in-the-community/locations/	thechicagoschool.edu	B	the-chicago-school-at-los-angeles
491190	admissions	https://www.thechicagoschool.edu/admissions/	thechicagoschool.edu	C	the-chicago-school-at-san-diego
491190	website	https://www.thechicagoschool.edu/in-the-community/locations/	thechicagoschool.edu	C	the-chicago-school-at-san-diego
201821	admissions	https://www.thechristcollege.edu/admissions	thechristcollege.edu	B	the-christ-college-of-nursing-and-health-sciences
201821	website	https://www.thechristcollege.edu/	thechristcollege.edu	B	the-christ-college-of-nursing-and-health-sciences
142294	admissions	http://www.collegeofidaho.edu/admission	collegeofidaho.edu	B	the-college-of-idaho
142294	website	http://www.collegeofidaho.edu/	collegeofidaho.edu	B	the-college-of-idaho
187134	admissions	https://admissions.tcnj.edu/	tcnj.edu	B	the-college-of-new-jersey
187134	website	https://www.tcnj.edu/	tcnj.edu	B	the-college-of-new-jersey
174899	admissions	http://www.css.edu/admissions-and-aid/	css.edu	B	the-college-of-saint-scholastica
174899	website	http://www.css.edu/	css.edu	B	the-college-of-saint-scholastica
133960	admissions	https://www.cfk.edu/admissions/	cfk.edu	C	the-college-of-the-florida-keys
133960	website	https://www.cfk.edu/	cfk.edu	C	the-college-of-the-florida-keys
197285	admissions	http://www.cw.edu/undergraduate	cw.edu	B	the-college-of-westchester
197285	website	http://www.cw.edu/	cw.edu	B	the-college-of-westchester
434672	admissions	http://www.ccbcmd.edu/Admission-and-Registration/index.html	ccbcmd.edu	C	the-community-college-of-baltimore-county
434672	website	http://www.ccbcmd.edu/	ccbcmd.edu	C	the-community-college-of-baltimore-county
235167	admissions	https://www.evergreen.edu/admissions-and-aid	evergreen.edu	B	the-evergreen-state-college
235167	website	https://www.evergreen.edu/	evergreen.edu	B	the-evergreen-state-college
192110	admissions	http://www.juilliard.edu/admissions	juilliard.edu	B	the-juilliard-school
192110	website	http://www.juilliard.edu/	juilliard.edu	B	the-juilliard-school
161208	admissions	http://www.landingschool.edu/	landingschool.edu	C	the-landing-school
161208	website	http://www.landingschool.edu/	landingschool.edu	C	the-landing-school
117751	admissions	http://www.masters.edu/admissions/undergrad/	masters.edu	B	the-masters-university-and-seminary
117751	website	http://www.masters.edu/	masters.edu	B	the-masters-university-and-seminary
205391	admissions	https://themodern.edu/apply/process/	themodern.edu	B	the-modern-college-of-design
205391	website	https://themodern.edu/	themodern.edu	B	the-modern-college-of-design
167057	admissions	https://necmusic.edu/admissions/	necmusic.edu	B	the-new-england-conservatory-of-music
167057	website	https://necmusic.edu/	necmusic.edu	B	the-new-england-conservatory-of-music
193654	admissions	https://www.newschool.edu/admission/	newschool.edu	B	the-new-school
193654	website	https://www.newschool.edu/	newschool.edu	B	the-new-school
157748	admissions	http://www.sbts.edu/admissions	sbts.edu	B	the-southern-baptist-theological-seminary
157748	website	http://www.sbts.edu/	sbts.edu	B	the-southern-baptist-theological-seminary
202763	admissions	http://findlay.edu/admissions/	findlay.edu	B	the-university-of-findlay
202763	website	http://findlay.edu/	findlay.edu	B	the-university-of-findlay
180489	admissions	http://admissions.umt.edu/	umt.edu	B	the-university-of-montana
180489	website	http://www.umt.edu/	umt.edu	B	the-university-of-montana
180692	admissions	http://umwestern.edu/admissions/	umwestern.edu	B	the-university-of-montana-western
180692	website	http://umwestern.edu/	umwestern.edu	B	the-university-of-montana-western
171599	admissions	https://www.uolivet.edu/admissions/	uolivet.edu	B	the-university-of-olivet
171599	website	https://www.uolivet.edu/	uolivet.edu	B	the-university-of-olivet
137847	admissions	https://www.ut.edu/admissions/	ut.edu	B	the-university-of-tampa
137847	website	https://www.ut.edu/	ut.edu	B	the-university-of-tampa
221759	admissions	http://admissions.utk.edu/	utk.edu	B	the-university-of-tennessee
221759	website	http://www.utk.edu/	utk.edu	B	the-university-of-tennessee
221740	admissions	http://utc.edu/about/admissions	utc.edu	A	the-university-of-tennessee-at-chattanooga
221740	website	http://utc.edu/	utc.edu	A	the-university-of-tennessee-at-chattanooga
221768	admissions	https://www.utm.edu/admissions-and-aid/	utm.edu	B	the-university-of-tennessee-martin
221768	website	https://www.utm.edu/	utm.edu	B	the-university-of-tennessee-martin
220701	admissions	https://utsouthern.edu/admissions/	utsouthern.edu	B	the-university-of-tennessee-southern
220701	website	https://www.utsouthern.edu/	utsouthern.edu	B	the-university-of-tennessee-southern
228769	admissions	https://www.uta.edu/admissions	uta.edu	B	the-university-of-texas-at-arlington
228769	website	https://www.uta.edu/	uta.edu	B	the-university-of-texas-at-arlington
228796	admissions	https://www.utep.edu/student-affairs/admissions/	utep.edu	B	the-university-of-texas-at-el-paso
228796	website	https://www.utep.edu/	utep.edu	B	the-university-of-texas-at-el-paso
229027	admissions	http://www.utsa.edu/admissions/	utsa.edu	B	the-university-of-texas-at-san-antonio
229027	website	http://www.utsa.edu/	utsa.edu	B	the-university-of-texas-at-san-antonio
228802	admissions	https://www.uttyler.edu/admissions/	uttyler.edu	B	the-university-of-texas-at-tyler
228802	website	https://www.uttyler.edu/	uttyler.edu	B	the-university-of-texas-at-tyler
228644	admissions	http://uthscsa.edu/academics	uthscsa.edu	C	the-university-of-texas-health-science-center-at-san-antonio
228644	website	http://www.uthscsa.edu/	uthscsa.edu	C	the-university-of-texas-health-science-center-at-san-antonio
229018	admissions	https://www.utpb.edu/admissions	utpb.edu	B	the-university-of-texas-of-the-permian-basin
229018	website	https://www.utpb.edu/	utpb.edu	B	the-university-of-texas-of-the-permian-basin
227368	admissions	http://www.utrgv.edu/en-us/admissions/	utrgv.edu	B	the-university-of-texas-rio-grande-valley
227368	website	http://www.utrgv.edu/	utrgv.edu	B	the-university-of-texas-rio-grande-valley
233897	admissions	https://www.uvawise.edu/admissions/incoming-freshmen	uvawise.edu	B	the-university-of-virginias-college-at-wise
233897	website	https://www.uvawise.edu/	uvawise.edu	B	the-university-of-virginias-college-at-wise
138354	admissions	http://uwf.edu/admissions/	uwf.edu	A	the-university-of-west-florida
138354	website	http://uwf.edu/	uwf.edu	A	the-university-of-west-florida
216357	admissions	https://www.thiel.edu/admissions	thiel.edu	B	thiel-college
216357	website	https://www.thiel.edu/	thiel.edu	B	thiel-college
124292	admissions	https://thomasaquinas.edu/admissions	thomasaquinas.edu	B	thomas-aquinas
124292	website	https://thomasaquinas.edu/	thomasaquinas.edu	B	thomas-aquinas
161563	admissions	https://www.thomas.edu/admissions-aid/	thomas.edu	B	thomas-college
161563	website	http://www.thomas.edu/	thomas.edu	B	thomas-college
187046	admissions	http://www.tesu.edu/admissions/	tesu.edu	C	thomas-edison-state-university
187046	website	http://www.tesu.edu/	tesu.edu	C	thomas-edison-state-university
216366	admissions	http://www.jefferson.edu/admissions	jefferson.edu	A	thomas-jefferson-university
216366	website	http://www.jefferson.edu/	jefferson.edu	A	thomas-jefferson-university
183275	admissions	http://www.thomasmorecollege.edu/	thomasmorecollege.edu	C	thomas-more-college-of-liberal-arts
183275	website	http://www.thomasmorecollege.edu/	thomasmorecollege.edu	C	thomas-more-college-of-liberal-arts
157809	admissions	https://www.thomasmore.edu/admissions/	thomasmore.edu	B	thomas-more-university
157809	website	https://www.thomasmore.edu/	thomasmore.edu	B	thomas-more-university
141167	admissions	http://www.thomasu.edu/	thomasu.edu	B	thomas-university
141167	website	http://www.thomasu.edu/	thomasu.edu	B	thomas-university
179645	admissions	https://trcc.edu/admissions/	trcc.edu	C	three-rivers-college
179645	website	https://trcc.edu/	trcc.edu	C	three-rivers-college
233772	admissions	http://www.tcc.edu/admission	tcc.edu	C	tidewater-community-college
233772	website	http://www.tcc.edu/	tcc.edu	C	tidewater-community-college
206048	admissions	http://www.tiffin.edu/admissions	tiffin.edu	A	tiffin-university
206048	website	http://www.tiffin.edu/	tiffin.edu	A	tiffin-university
420723	admissions	http://tillamookbaycc.edu/getting-started/apply/	tillamookbaycc.edu	C	tillamook-bay-community-college
420723	website	http://tillamookbaycc.edu/	tillamookbaycc.edu	C	tillamook-bay-community-college
141185	admissions	https://tfc.edu/admissions	tfc.edu	B	toccoa-falls-college
141185	website	https://tfc.edu/	tfc.edu	B	toccoa-falls-college
442781	admissions	http://www.tocc.edu/	tocc.edu	C	tohono-oodham-community-college
442781	website	http://www.tocc.edu/	tocc.edu	C	tohono-oodham-community-college
196565	admissions	http://www.tompkinscortland.edu/admissions	tompkinscortland.edu	C	tompkins-cortland-community-college
196565	website	http://www.tompkinscortland.edu/	tompkinscortland.edu	C	tompkins-cortland-community-college
196583	website	https://torahtemimahtalmudicalseminary.com/	torahtemimahtalmudicalseminary.com	B	torah-temimah-talmudical-seminary
176406	admissions	http://www.tougaloo.edu/admissions/admission-requirements	tougaloo.edu	B	tougaloo-college
176406	website	http://www.tougaloo.edu/	tougaloo.edu	B	tougaloo-college
196592	admissions	https://www.touro.edu/admissions/	touro.edu	B	touro-university
196592	website	https://www.touro.edu/	touro.edu	B	touro-university
459736	admissions	http://tu.edu/admissions--aid/	tu.edu	C	touro-university-california
459736	website	http://www.tu.edu/	tu.edu	C	touro-university-california
459824	admissions	https://tun.touro.edu/admissions--aid/	touro.edu	C	touro-university-nevada
459824	website	http://www.tun.touro.edu/	touro.edu	C	touro-university-nevada
459727	admissions	https://www.tuw.edu/admissions/	tuw.edu	C	touro-university-worldwide
459727	website	https://www.tuw.edu/	tuw.edu	C	touro-university-worldwide
164076	admissions	https://www.towson.edu/admissions/	towson.edu	B	towson-university
164076	website	http://www.towson.edu/	towson.edu	B	towson-university
157818	admissions	https://www.transy.edu/admission	transy.edu	B	transylvania
157818	website	https://www.transy.edu/	transy.edu	B	transylvania
210234	admissions	https://www.tvcc.cc/admissions/	tvcc.cc	C	treasure-valley-community-college
210234	website	https://www.tvcc.cc/	tvcc.cc	C	treasure-valley-community-college
221892	admissions	https://www.trevecca.edu/admissions	trevecca.edu	B	trevecca-nazarene-university
221892	website	https://www.trevecca.edu/	trevecca.edu	B	trevecca-nazarene-university
199795	admissions	https://www.tricountycc.edu/student-services/admissions/	tricountycc.edu	C	tri-county-community-college
199795	website	https://www.tricountycc.edu/	tricountycc.edu	C	tri-county-community-college
218885	admissions	https://www.tctc.edu/admissions/	tctc.edu	C	tri-county-technical-college
218885	website	https://www.tctc.edu/	tctc.edu	C	tri-county-technical-college
206154	admissions	https://tsbc.edu/admissions/	tsbc.edu	C	tri-state-bible-college
206154	website	https://tsbc.edu/	tsbc.edu	C	tri-state-bible-college
218894	admissions	https://www.tridenttech.edu/start/apply/	tridenttech.edu	C	trident-technical-college
218894	website	https://www.tridenttech.edu/	tridenttech.edu	C	trident-technical-college
152567	admissions	http://www.trine.edu/admission-aid/index.aspx	trine.edu	B	trine-university
152567	website	http://www.trine.edu/	trine.edu	B	trine-university
414878	admissions	http://www.trine.edu/online/admission/	trine.edu	B	trine-university-regionalnon-traditional-campuses
414878	website	http://trine.edu/online/index.aspx	trine.edu	B	trine-university-regionalnon-traditional-campuses
128258	admissions	http://www.trinidadstate.edu/admissions	trinidadstate.edu	C	trinidad-state-college
128258	website	http://www.trinidadstate.edu/	trinidadstate.edu	C	trinidad-state-college
130590	admissions	https://www.trincoll.edu/Admissions/	trincoll.edu	B	trinity
130590	website	https://www.trincoll.edu/	trincoll.edu	B	trinity
137953	website	http://www.tbc.edu/	tbc.edu	B	trinity-baptist-college
200484	admissions	http://trinitybiblecollege.edu/about/admissions/	trinitybiblecollege.edu	B	trinity-bible-college
200484	website	http://trinitybiblecollege.edu/	trinitybiblecollege.edu	B	trinity-bible-college
149505	admissions	http://www.trnty.edu/admissions	trnty.edu	B	trinity-christian-college
149505	website	http://www.trnty.edu/	trnty.edu	B	trinity-christian-college
137962	admissions	http://trinitycollege.edu/admissions/	trinitycollege.edu	B	trinity-college-of-florida
137962	website	http://trinitycollege.edu/	trinitycollege.edu	B	trinity-college-of-florida
146755	admissions	http://www.trinitycollegeqc.edu/future-students/admissions	trinitycollegeqc.edu	C	trinity-college-of-nursing-and-health-sciences
146755	website	http://www.trinitycollegeqc.edu/	trinitycollegeqc.edu	C	trinity-college-of-nursing-and-health-sciences
149514	admissions	https://www.tiu.edu/divinity/admissions/	tiu.edu	B	trinity-international-university-illinois
149514	website	https://www.tiu.edu/	tiu.edu	B	trinity-international-university-illinois
229267	admissions	https://new.trinity.edu/admissions-aid	trinity.edu	B	trinity-university
229267	website	https://new.trinity.edu/	trinity.edu	B	trinity-university
225308	admissions	http://www.tvcc.edu/Registrar/?d=222	tvcc.edu	C	trinity-valley-community-college
225308	website	http://www.tvcc.edu/	tvcc.edu	C	trinity-valley-community-college
131876	admissions	http://www2.trinitydc.edu/apply-now/	trinitydc.edu	B	trinity-washington-university
131876	website	http://www2.trinitydc.edu/	trinitydc.edu	B	trinity-washington-university
149532	admissions	http://www.triton.edu/admissions/	triton.edu	C	triton-college
149532	website	http://www.triton.edu/	triton.edu	C	triton-college
196653	admissions	https://trocaire.edu/admissions-and-aid/apply/	trocaire.edu	B	trocaire-college
196653	website	https://trocaire.edu/	trocaire.edu	B	trocaire-college
102368	admissions	http://www.troy.edu/applications-admissions/index.html	troy.edu	A	troy-university
102368	website	http://www.troy.edu/	troy.edu	A	troy-university
182500	admissions	http://www.tmcc.edu/admissions/	tmcc.edu	C	truckee-meadows-community-college
182500	website	http://www.tmcc.edu/	tmcc.edu	C	truckee-meadows-community-college
141237	admissions	https://truett.edu/admissions/	truett.edu	B	truett-mcconnell-university
141237	website	https://truett.edu/	truett.edu	B	truett-mcconnell-university
178615	admissions	https://www.truman.edu/admission-cost/	truman.edu	B	truman-state
178615	website	https://www.truman.edu/	truman.edu	B	truman-state
168148	admissions	https://admissions.tufts.edu/	tufts.edu	B	tufts
168148	website	https://www.tufts.edu/	tufts.edu	B	tufts
160755	admissions	https://admission.tulane.edu/	tulane.edu	B	tulane-university-of-louisiana
160755	website	https://tulane.edu/	tulane.edu	B	tulane-university-of-louisiana
207971	admissions	https://utulsa.edu/admission/	utulsa.edu	B	tulsa
207971	website	https://utulsa.edu/	utulsa.edu	B	tulsa
207935	admissions	http://www.tulsacc.edu/admissions-aid/admissions	tulsacc.edu	C	tulsa-community-college
207935	website	http://www.tulsacc.edu/	tulsacc.edu	C	tulsa-community-college
200527	admissions	https://www.tm.edu/departments/admissions-financial-aid/apply_online/	tm.edu	C	turtle-mountain-community-college
200527	website	http://www.tm.edu/	tm.edu	C	turtle-mountain-community-college
221953	admissions	https://site.tusculum.edu/apply-visit/	tusculum.edu	B	tusculum-university
221953	website	https://www.tusculum.edu/	tusculum.edu	B	tusculum-university
102377	admissions	https://www.tuskegee.edu/admissions	tuskegee.edu	B	tuskegee-university
102377	website	https://www.tuskegee.edu/	tuskegee.edu	B	tuskegee-university
229355	admissions	http://www.tjc.edu/apply	tjc.edu	C	tyler-junior-college
229355	website	http://www.tjc.edu/	tjc.edu	C	tyler-junior-college
100663	admissions	https://www.uab.edu/admissions/	uab.edu	B	uab
100663	website	https://www.uab.edu/	uab.edu	B	uab
100706	admissions	https://www.uah.edu/admissions	uah.edu	B	uah
100706	website	http://www.uah.edu/	uah.edu	B	uah
110635	admissions	http://admissions.berkeley.edu/	berkeley.edu	B	uc-berkeley
110635	website	http://www.berkeley.edu/	berkeley.edu	B	uc-berkeley
110644	admissions	http://ucdavis.edu/admissions/	ucdavis.edu	B	uc-davis
110644	website	http://ucdavis.edu/	ucdavis.edu	B	uc-davis
110653	admissions	http://admissions.uci.edu/	uci.edu	B	uc-irvine
110653	website	http://www.uci.edu/	uci.edu	B	uc-irvine
110398	admissions	https://www.uclawsf.edu/admissions/	uclawsf.edu	C	uc-law-san-francisco
110398	website	https://www.uclawsf.edu/	uclawsf.edu	C	uc-law-san-francisco
110671	admissions	http://admissions.ucr.edu/	ucr.edu	A	uc-riverside
110671	website	http://www.ucr.edu/	ucr.edu	A	uc-riverside
110680	admissions	http://admissions.ucsd.edu/index.html	ucsd.edu	A	uc-san-diego
110680	website	http://www.ucsd.edu/	ucsd.edu	A	uc-san-diego
110699	admissions	https://ucsf.edu/education/admissions	ucsf.edu	C	uc-san-francisco
110699	website	http://ucsf.edu/	ucsf.edu	C	uc-san-francisco
110705	admissions	http://www.admissions.ucsb.edu/	ucsb.edu	B	uc-santa-barbara
110705	website	http://www.ucsb.edu/	ucsb.edu	B	uc-santa-barbara
110662	admissions	http://www.admissions.ucla.edu/	ucla.edu	A	ucla
110662	website	http://www.ucla.edu/	ucla.edu	A	ucla
145637	admissions	http://illinois.edu/admissions	illinois.edu	B	uiuc
145637	website	http://www.illinois.edu/	illinois.edu	B	uiuc
196699	admissions	https://www.sunyulster.edu/admissions/	sunyulster.edu	C	ulster-county-community-college
196699	website	https://www.sunyulster.edu/	sunyulster.edu	C	ulster-county-community-college
166629	admissions	http://www.umass.edu/admissions/	umass.edu	A	umass-amherst
166629	website	http://www.umass.edu/	umass.edu	A	umass-amherst
166708	admissions	http://www.umassmed.edu/som/admissions	umassmed.edu	C	umass-chan-medical-school
166708	website	http://www.umassmed.edu/	umassmed.edu	C	umass-chan-medical-school
262086	admissions	https://www.umassglobal.edu/admissions	umassglobal.edu	C	umass-global
262086	website	https://www.umassglobal.edu/	umassglobal.edu	C	umass-global
163268	admissions	http://undergraduate.umbc.edu/	umbc.edu	B	umbc
163268	website	http://umbc.edu/	umbc.edu	B	umbc
163286	admissions	http://www.admissions.umd.edu/	umd.edu	A	umd
163286	website	http://www.umd.edu/	umd.edu	A	umd
210270	admissions	https://www.umpqua.edu/getting-started	umpqua.edu	C	umpqua-community-college
210270	website	https://www.umpqua.edu/	umpqua.edu	C	umpqua-community-college
199120	admissions	https://www.admissions.unc.edu/	unc.edu	A	unc
199120	website	https://www.unc.edu/	unc.edu	A	unc
221971	admissions	http://www.uu.edu/admissions/	uu.edu	B	union
221971	website	http://www.uu.edu/	uu.edu	B	union
181738	admissions	https://www.uau.edu/admissions	uau.edu	B	union-adventist-university
181738	website	https://www.uau.edu/	uau.edu	B	union-adventist-university
491525	admissions	https://ubca.org/admissions	ubca.org	B	union-bible-college
491525	website	https://ubca.org/	ubca.org	B	union-bible-college
196866	admissions	http://www.union.edu/Admissions/	union.edu	B	union-college
196866	website	http://www.union.edu/	union.edu	B	union-college
157863	admissions	https://www.unionky.edu/apply-now	unionky.edu	B	union-commonwealth-university
157863	website	https://www.unionky.edu/	unionky.edu	B	union-commonwealth-university
187198	admissions	https://www.ucc.edu/admissions/admissions-process/	ucc.edu	C	union-county-college
187198	website	https://www.ucc.edu/	ucc.edu	C	union-county-college
197027	admissions	https://www.usmma.edu/admissions	usmma.edu	B	united-states-merchant-marine-academy
197027	website	https://www.usmma.edu/	usmma.edu	B	united-states-merchant-marine-academy
102395	admissions	https://ussa.edu/admissions/	ussa.edu	B	united-states-sports-university
102395	website	https://www.ussa.edu/	ussa.edu	B	united-states-sports-university
447050	admissions	https://www.usuniversity.edu/prospective-students/how-to-apply	usuniversity.edu	C	united-states-university
447050	website	https://www.usuniversity.edu/	usuniversity.edu	C	united-states-university
197018	website	http://utsny.edu/	utsny.edu	C	united-talmudical-seminary
200554	admissions	https://uttc.edu/admissions	uttc.edu	C	united-tribes-technical-college
200554	website	https://uttc.edu/	uttc.edu	C	united-tribes-technical-college
161572	admissions	https://unity.edu/distance-education/admissions-costs-aid/	unity.edu	C	unity-environmental-university
161572	website	https://unity.edu/	unity.edu	C	unity-environmental-university
446598	admissions	http://www.ucha.edu/	ucha.edu	C	universal-college-of-healing-arts
446598	website	http://www.ucha.edu/	ucha.edu	C	universal-college-of-healing-arts
196088	admissions	https://admissions.buffalo.edu/	buffalo.edu	B	university-at-buffalo
196088	website	https://www.buffalo.edu/	buffalo.edu	B	university-at-buffalo
363934	admissions	https://www.uat.edu/admissions	uat.edu	B	university-of-advancing-technology
363934	website	https://www.uat.edu/	uat.edu	B	university-of-advancing-technology
200800	admissions	http://www.uakron.edu/admissions/	uakron.edu	A	university-of-akron-main-campus
200800	website	http://www.uakron.edu/	uakron.edu	A	university-of-akron-main-campus
200846	admissions	https://wayne.uakron.edu/admissions/	uakron.edu	B	university-of-akron-wayne-college
200846	website	https://wayne.uakron.edu/	uakron.edu	B	university-of-akron-wayne-college
102553	admissions	http://www.uaa.alaska.edu/admissions/	alaska.edu	C	university-of-alaska-anchorage
102553	website	http://www.uaa.alaska.edu/	alaska.edu	C	university-of-alaska-anchorage
102614	admissions	http://www.uaf.edu/admissions/	uaf.edu	C	university-of-alaska-fairbanks
102614	website	http://www.uaf.edu/	uaf.edu	C	university-of-alaska-fairbanks
102632	admissions	http://www.uas.alaska.edu/apply/	alaska.edu	B	university-of-alaska-southeast
102632	website	http://www.uas.alaska.edu/	alaska.edu	B	university-of-alaska-southeast
104179	admissions	https://www.arizona.edu/admissions	arizona.edu	B	university-of-arizona
104179	website	https://www.arizona.edu/	arizona.edu	B	university-of-arizona
154022	admissions	http://www.uagc.edu/admissions/	uagc.edu	C	university-of-arizona-global-campus
154022	website	http://www.uagc.edu/	uagc.edu	C	university-of-arizona-global-campus
106397	admissions	https://admissions.uark.edu/	uark.edu	A	university-of-arkansas
106397	website	https://www.uark.edu/	uark.edu	A	university-of-arkansas
106245	admissions	http://ualr.edu/admissions/	ualr.edu	B	university-of-arkansas-at-little-rock
106245	website	http://ualr.edu/www/	ualr.edu	B	university-of-arkansas-at-little-rock
106485	admissions	http://www.uamont.edu/admissions/index.html	uamont.edu	C	university-of-arkansas-at-monticello
106485	website	http://www.uamont.edu/	uamont.edu	C	university-of-arkansas-at-monticello
106412	admissions	http://www.uapb.edu/admissions/	uapb.edu	B	university-of-arkansas-at-pine-bluff
106412	website	http://www.uapb.edu/	uapb.edu	B	university-of-arkansas-at-pine-bluff
106999	admissions	http://www.uaccb.edu/admissions/	uaccb.edu	C	university-of-arkansas-community-college-batesville
106999	website	http://www.uaccb.edu/	uaccb.edu	C	university-of-arkansas-community-college-batesville
107585	admissions	http://www.uaccm.edu/enroll/admission/index.html	uaccm.edu	B	university-of-arkansas-community-college-morrilton
107585	website	http://www.uaccm.edu/	uaccm.edu	B	university-of-arkansas-community-college-morrilton
106263	admissions	https://students.uams.edu/future-students/	uams.edu	C	university-of-arkansas-for-medical-sciences
106263	website	https://www.uams.edu/	uams.edu	C	university-of-arkansas-for-medical-sciences
108092	admissions	https://uafs.edu/admissions/	uafs.edu	B	university-of-arkansas-fort-smith
108092	website	https://uafs.edu/	uafs.edu	B	university-of-arkansas-fort-smith
107725	admissions	http://www.uaht.edu/admissions/index.php	uaht.edu	C	university-of-arkansas-hope-texarkana
107725	website	http://www.uaht.edu/index.php	uaht.edu	C	university-of-arkansas-hope-texarkana
161873	admissions	http://www.ubalt.edu/admission/	ubalt.edu	B	university-of-baltimore
161873	website	http://www.ubalt.edu/	ubalt.edu	B	university-of-baltimore
128744	admissions	http://www.bridgeport.edu/admissions	bridgeport.edu	B	university-of-bridgeport
128744	website	http://www.bridgeport.edu/	bridgeport.edu	B	university-of-bridgeport
445188	admissions	http://admissions.ucmerced.edu/	ucmerced.edu	B	university-of-california-merced
445188	website	http://ucmerced.edu/	ucmerced.edu	B	university-of-california-merced
110714	admissions	http://admissions.ucsc.edu/	ucsc.edu	B	university-of-california-santa-cruz
110714	website	http://www.ucsc.edu/	ucsc.edu	B	university-of-california-santa-cruz
106704	admissions	http://uca.edu/admissions	uca.edu	B	university-of-central-arkansas
106704	website	http://www.uca.edu/	uca.edu	B	university-of-central-arkansas
132903	admissions	https://ucf.edu/admissions/	ucf.edu	B	university-of-central-florida
132903	website	https://www.ucf.edu/	ucf.edu	B	university-of-central-florida
176965	admissions	https://www.ucmo.edu/future-students/admissions/	ucmo.edu	B	university-of-central-missouri
176965	website	https://www.ucmo.edu/	ucmo.edu	B	university-of-central-missouri
206941	admissions	https://www.uco.edu/admissions-aid/	uco.edu	B	university-of-central-oklahoma
206941	website	https://www.uco.edu/	uco.edu	B	university-of-central-oklahoma
237312	admissions	http://www.ucwv.edu/Admissions/	ucwv.edu	B	university-of-charleston
237312	website	http://www.ucwv.edu/	ucwv.edu	B	university-of-charleston
201955	admissions	http://www.ucblueash.edu/admissions/index.html	ucblueash.edu	C	university-of-cincinnati-blue-ash-college
201955	website	http://www.ucblueash.edu/	ucblueash.edu	C	university-of-cincinnati-blue-ash-college
201946	admissions	http://www.ucclermont.edu/admissions.html	ucclermont.edu	C	university-of-cincinnati-clermont-college
201946	website	http://www.ucclermont.edu/	ucclermont.edu	C	university-of-cincinnati-clermont-college
201885	admissions	http://admissions.uc.edu/	uc.edu	A	university-of-cincinnati-main-campus
201885	website	http://www.uc.edu/	uc.edu	A	university-of-cincinnati-main-campus
126614	admissions	https://www.colorado.edu/admissions	colorado.edu	B	university-of-colorado-boulder
126614	website	https://www.colorado.edu/	colorado.edu	B	university-of-colorado-boulder
126580	admissions	https://www.uccs.edu/admissionsenrollment/apply-uccs-today	uccs.edu	B	university-of-colorado-colorado-springs
126580	website	https://www.uccs.edu/	uccs.edu	B	university-of-colorado-colorado-springs
126562	admissions	http://www.ucdenver.edu/admissions	ucdenver.edu	B	university-of-colorado-denver
126562	website	http://www.ucdenver.edu/	ucdenver.edu	B	university-of-colorado-denver
129020	admissions	https://admissions.uconn.edu/	uconn.edu	B	university-of-connecticut
129020	website	https://uconn.edu/	uconn.edu	B	university-of-connecticut
436827	admissions	https://admissions.uconn.edu/	uconn.edu	B	university-of-connecticut-avery-point
436827	website	https://averypoint.uconn.edu/	uconn.edu	B	university-of-connecticut-avery-point
463056	admissions	https://admissions.uconn.edu/	uconn.edu	B	university-of-connecticut-hartford-campus
463056	website	https://hartford.uconn.edu/	uconn.edu	B	university-of-connecticut-hartford-campus
436836	admissions	https://admissions.uconn.edu/	uconn.edu	B	university-of-connecticut-stamford
436836	website	https://stamford.uconn.edu/	uconn.edu	B	university-of-connecticut-stamford
436818	admissions	https://admissions.uconn.edu/	uconn.edu	B	university-of-connecticut-waterbury-campus
436818	website	https://waterbury.uconn.edu/	uconn.edu	B	university-of-connecticut-waterbury-campus
127060	admissions	http://www.du.edu/admission-aid/undergraduate/	du.edu	B	university-of-denver
127060	website	http://www.du.edu/	du.edu	B	university-of-denver
169716	admissions	https://www.udmercy.edu/admission/	udmercy.edu	B	university-of-detroit-mercy
169716	website	https://www.udmercy.edu/	udmercy.edu	B	university-of-detroit-mercy
153278	admissions	http://www.dbq.edu/AdmissionAid/ProspectiveStudents/	dbq.edu	B	university-of-dubuque
153278	website	http://www.dbq.edu/	dbq.edu	B	university-of-dubuque
447801	admissions	http://www.uewm.edu/admissions/admissions	uewm.edu	C	university-of-east-west-medicine
447801	website	http://www.uewm.edu/	uewm.edu	C	university-of-east-west-medicine
150534	admissions	https://www.evansville.edu/admission/	evansville.edu	B	university-of-evansville
150534	website	https://www.evansville.edu/	evansville.edu	B	university-of-evansville
457402	admissions	http://uftl.edu/formDownloads.php	uftl.edu	C	university-of-fort-lauderdale
457402	website	http://uftl.edu/	uftl.edu	C	university-of-fort-lauderdale
129525	admissions	http://www.hartford.edu/admission/default.aspx	hartford.edu	B	university-of-hartford
129525	website	http://www.hartford.edu/	hartford.edu	B	university-of-hartford
141565	admissions	https://hilo.hawaii.edu/admissions/	hawaii.edu	B	university-of-hawaii-at-hilo
141565	website	https://hilo.hawaii.edu/	hawaii.edu	B	university-of-hawaii-at-hilo
141574	admissions	https://manoa.hawaii.edu/admissions/	hawaii.edu	A	university-of-hawaii-at-manoa
141574	website	https://manoa.hawaii.edu/	hawaii.edu	A	university-of-hawaii-at-manoa
141839	admissions	http://maui.hawaii.edu/admissions/	hawaii.edu	C	university-of-hawaii-maui-college
141839	website	http://maui.hawaii.edu/	hawaii.edu	C	university-of-hawaii-maui-college
141981	admissions	https://westoahu.hawaii.edu/admissions/	hawaii.edu	B	university-of-hawaii-west-oahu
141981	website	https://westoahu.hawaii.edu/	hawaii.edu	B	university-of-hawaii-west-oahu
179265	admissions	http://www.uhsp.edu/admissions/index.html	uhsp.edu	B	university-of-health-sciences-and-pharmacy-in-st-louis
179265	website	http://www.uhsp.edu/	uhsp.edu	B	university-of-health-sciences-and-pharmacy-in-st-louis
160065	admissions	http://uhcno.edu/admissions	uhcno.edu	B	university-of-holy-cross
160065	website	http://uhcno.edu/	uhcno.edu	B	university-of-holy-cross
225511	admissions	http://www.uh.edu/undergraduate-admissions/	uh.edu	A	university-of-houston
225511	website	http://www.uh.edu/	uh.edu	A	university-of-houston
225414	admissions	http://www.uhcl.edu/admissions	uhcl.edu	B	university-of-houston-clear-lake
225414	website	http://www.uhcl.edu/	uhcl.edu	B	university-of-houston-clear-lake
225432	admissions	http://www.uhd.edu/admissions/	uhd.edu	B	university-of-houston-downtown
225432	website	http://www.uhd.edu/	uhd.edu	B	university-of-houston-downtown
225502	admissions	http://uhv.edu/admissions	uhv.edu	B	university-of-houston-victoria
225502	website	http://uhv.edu/	uhv.edu	B	university-of-houston-victoria
142285	admissions	http://www.uidaho.edu/admissions	uidaho.edu	B	university-of-idaho
142285	website	http://www.uidaho.edu/	uidaho.edu	B	university-of-idaho
145600	admissions	http://www.admissions.uic.edu/	uic.edu	A	university-of-illinois-at-chicago
145600	website	http://www.uic.edu/	uic.edu	A	university-of-illinois-at-chicago
148654	admissions	http://www.uis.edu/admissions	uis.edu	B	university-of-illinois-at-springfield
148654	website	http://www.uis.edu/	uis.edu	B	university-of-illinois-at-springfield
151263	admissions	https://www.uindy.edu/admissions	uindy.edu	B	university-of-indianapolis
151263	website	https://uindy.edu/	uindy.edu	B	university-of-indianapolis
200156	website	http://www.uj.edu/	uj.edu	B	university-of-jamestown
155317	admissions	https://admissions.ku.edu/	ku.edu	B	university-of-kansas
155317	website	https://ku.edu/	ku.edu	B	university-of-kansas
157085	admissions	http://www.uky.edu/admission	uky.edu	A	university-of-kentucky
157085	website	http://www.uky.edu/	uky.edu	A	university-of-kentucky
117140	admissions	https://laverne.edu/admission/	laverne.edu	B	university-of-la-verne
117140	website	https://www.laverne.edu/	laverne.edu	B	university-of-la-verne
160658	admissions	http://louisiana.edu/admissions-aid	louisiana.edu	A	university-of-louisiana-at-lafayette
160658	website	http://www.louisiana.edu/	louisiana.edu	A	university-of-louisiana-at-lafayette
159993	admissions	http://www.ulm.edu/admissions/	ulm.edu	B	university-of-louisiana-monroe
159993	website	http://www.ulm.edu/	ulm.edu	B	university-of-louisiana-monroe
157289	admissions	http://louisville.edu/admissions/	louisville.edu	B	university-of-louisville
157289	website	http://www.louisville.edu/	louisville.edu	B	university-of-louisville
232609	admissions	http://www.lynchburg.edu/undergraduate-admission/	lynchburg.edu	B	university-of-lynchburg
232609	website	http://www.lynchburg.edu/	lynchburg.edu	B	university-of-lynchburg
161253	admissions	http://www.go.umaine.edu/	umaine.edu	B	university-of-maine
161253	website	http://www.umaine.edu/	umaine.edu	B	university-of-maine
161217	admissions	http://www.uma.edu/admission/	uma.edu	C	university-of-maine-at-augusta
161217	website	http://www.uma.edu/	uma.edu	C	university-of-maine-at-augusta
161226	admissions	https://www.umf.maine.edu/admissions-aid/	maine.edu	B	university-of-maine-at-farmington
161226	website	https://www.umf.maine.edu/	maine.edu	B	university-of-maine-at-farmington
161235	admissions	http://www.umfk.maine.edu/admissions/	maine.edu	B	university-of-maine-at-fort-kent
161235	website	http://www.umfk.maine.edu/	maine.edu	B	university-of-maine-at-fort-kent
161341	admissions	http://www.umpi.edu/admissions/	umpi.edu	B	university-of-maine-at-presque-isle
161341	website	http://www.umpi.edu/	umpi.edu	B	university-of-maine-at-presque-isle
437097	website	https://www.umtweb.edu/	umtweb.edu	C	university-of-management-and-technology-the
200217	admissions	https://www.umary.edu/admissions	umary.edu	B	university-of-mary
200217	website	https://www.umary.edu/	umary.edu	B	university-of-mary
226471	admissions	https://go.umhb.edu/admissions/home	umhb.edu	B	university-of-mary-hardin-baylor
226471	website	https://go.umhb.edu/	umhb.edu	B	university-of-mary-hardin-baylor
232681	admissions	https://www.umw.edu/admissions/	umw.edu	B	university-of-mary-washington
232681	website	https://www.umw.edu/	umw.edu	B	university-of-mary-washington
163259	admissions	http://www.umaryland.edu/admissions/admissions-by-school/	umaryland.edu	C	university-of-maryland-baltimore
163259	website	http://www.umaryland.edu/	umaryland.edu	C	university-of-maryland-baltimore
163338	admissions	http://wwwcp.umes.edu/admissions/	umes.edu	B	university-of-maryland-eastern-shore
163338	website	http://wwwcp.umes.edu/	umes.edu	B	university-of-maryland-eastern-shore
163204	admissions	http://www.umgc.edu/admissions	umgc.edu	C	university-of-maryland-global-campus
163204	website	http://www.umgc.edu/	umgc.edu	C	university-of-maryland-global-campus
166638	admissions	http://www.umb.edu/admissions	umb.edu	B	university-of-massachusetts-boston
166638	website	http://www.umb.edu/	umb.edu	B	university-of-massachusetts-boston
167987	admissions	https://www.umassd.edu/admissions/	umassd.edu	B	university-of-massachusetts-dartmouth
167987	website	http://www.umassd.edu/	umassd.edu	B	university-of-massachusetts-dartmouth
166513	admissions	http://www.uml.edu/admissions/	uml.edu	A	university-of-massachusetts-lowell
166513	website	http://www.uml.edu/	uml.edu	A	university-of-massachusetts-lowell
220862	admissions	https://www.memphis.edu/admissions/	memphis.edu	A	university-of-memphis
220862	website	https://www.memphis.edu/	memphis.edu	A	university-of-memphis
135726	admissions	https://welcome.miami.edu/admissions/index.html	miami.edu	B	university-of-miami
135726	website	http://www.miami.edu/	miami.edu	B	university-of-miami
171137	admissions	https://umdearborn.edu/admissions/	umdearborn.edu	A	university-of-michigan-dearborn
171137	website	https://umdearborn.edu/	umdearborn.edu	A	university-of-michigan-dearborn
171146	admissions	http://www.umflint.edu/admissions/	umflint.edu	B	university-of-michigan-flint
171146	website	http://www.umflint.edu/	umflint.edu	B	university-of-michigan-flint
174075	admissions	https://crk.umn.edu/admissions	umn.edu	B	university-of-minnesota-crookston
174075	website	https://crk.umn.edu/	umn.edu	B	university-of-minnesota-crookston
174233	admissions	https://admissions.d.umn.edu/	umn.edu	B	university-of-minnesota-duluth
174233	website	https://d.umn.edu/	umn.edu	B	university-of-minnesota-duluth
174251	admissions	https://morris.umn.edu/admissions-aid	umn.edu	B	university-of-minnesota-morris
174251	website	https://morris.umn.edu/	umn.edu	B	university-of-minnesota-morris
456959	admissions	https://r.umn.edu/admissions	umn.edu	B	university-of-minnesota-rochester
456959	website	https://r.umn.edu/	umn.edu	B	university-of-minnesota-rochester
176017	admissions	http://olemiss.edu/admissions/	olemiss.edu	B	university-of-mississippi
176017	website	http://www.olemiss.edu/	olemiss.edu	B	university-of-mississippi
178396	admissions	https://admissions.missouri.edu/	missouri.edu	B	university-of-missouri-columbia
178396	website	https://missouri.edu/	missouri.edu	B	university-of-missouri-columbia
178402	admissions	https://www.umkc.edu/admissions/	umkc.edu	A	university-of-missouri-kansas-city
178402	website	https://www.umkc.edu/	umkc.edu	A	university-of-missouri-kansas-city
178420	admissions	https://www.umsl.edu/admission/	umsl.edu	A	university-of-missouri-st-louis
178420	website	https://www.umsl.edu/	umsl.edu	A	university-of-missouri-st-louis
101693	admissions	https://umobile.edu/undergraduate-admissions/	umobile.edu	B	university-of-mobile
101693	website	https://www.umobile.edu/	umobile.edu	B	university-of-mobile
101709	admissions	http://www.montevallo.edu/admissions/	montevallo.edu	B	university-of-montevallo
101709	website	http://www.montevallo.edu/	montevallo.edu	B	university-of-montevallo
199069	admissions	https://umo.edu/admissions	umo.edu	B	university-of-mount-olive
199069	website	https://umo.edu/	umo.edu	B	university-of-mount-olive
193399	admissions	https://www.mountsaintvincent.edu/admission	mountsaintvincent.edu	B	university-of-mount-saint-vincent
193399	website	http://www.mountsaintvincent.edu/	mountsaintvincent.edu	B	university-of-mount-saint-vincent
204185	admissions	http://www.mountunion.edu/admission	mountunion.edu	B	university-of-mount-union
204185	website	http://www.mountunion.edu/	mountunion.edu	B	university-of-mount-union
181215	admissions	http://www.unk.edu/admissions/index.php	unk.edu	B	university-of-nebraska-at-kearney
181215	website	http://www.unk.edu/	unk.edu	B	university-of-nebraska-at-kearney
181394	admissions	https://www.unomaha.edu/admissions/index.php	unomaha.edu	B	university-of-nebraska-at-omaha
181394	website	https://www.unomaha.edu/	unomaha.edu	B	university-of-nebraska-at-omaha
181464	admissions	https://admissions.unl.edu/	unl.edu	B	university-of-nebraska-lincoln
181464	website	http://www.unl.edu/	unl.edu	B	university-of-nebraska-lincoln
181428	admissions	http://www.unmc.edu/education/admissions-financialaid.html	unmc.edu	C	university-of-nebraska-medical-center
181428	website	http://www.unmc.edu/	unmc.edu	C	university-of-nebraska-medical-center
182281	admissions	https://www.unlv.edu/admissions	unlv.edu	B	university-of-nevada-las-vegas
182281	website	http://www.unlv.edu/	unlv.edu	B	university-of-nevada-las-vegas
182290	admissions	http://www.unr.edu/admissions	unr.edu	A	university-of-nevada-reno
182290	website	http://www.unr.edu/	unr.edu	A	university-of-nevada-reno
161457	admissions	https://www.une.edu/admissions/	une.edu	B	university-of-new-england
161457	website	https://www.une.edu/	une.edu	B	university-of-new-england
183071	admissions	https://manchester.unh.edu/admissions	unh.edu	B	university-of-new-hampshire-at-manchester
183071	website	https://manchester.unh.edu/	unh.edu	B	university-of-new-hampshire-at-manchester
183257	admissions	https://cps.unh.edu/online/apply-register	unh.edu	C	university-of-new-hampshire-college-of-professional-studies-online
183257	website	https://cps.unh.edu/online	unh.edu	C	university-of-new-hampshire-college-of-professional-studies-online
183044	admissions	https://admissions.unh.edu/	unh.edu	A	university-of-new-hampshire-main-campus
183044	website	https://www.unh.edu/	unh.edu	A	university-of-new-hampshire-main-campus
129941	admissions	https://www.newhaven.edu/admissions/undergraduate/	newhaven.edu	B	university-of-new-haven
129941	website	http://www.newhaven.edu/	newhaven.edu	B	university-of-new-haven
187958	admissions	http://www.gallup.unm.edu/vert/new-students/admissions.php	unm.edu	C	university-of-new-mexico-gallup-campus
187958	website	http://www.gallup.unm.edu/	unm.edu	C	university-of-new-mexico-gallup-campus
187976	admissions	http://losalamos.unm.edu/admissions/index.html	unm.edu	C	university-of-new-mexico-los-alamos-campus
187976	website	http://losalamos.unm.edu/	unm.edu	C	university-of-new-mexico-los-alamos-campus
187985	admissions	http://admissions.unm.edu/	unm.edu	A	university-of-new-mexico-main-campus
187985	website	http://www.unm.edu/	unm.edu	A	university-of-new-mexico-main-campus
188225	admissions	http://taos.unm.edu/students/admissions-and-enrollment/admissions.html	unm.edu	C	university-of-new-mexico-taos-campus
188225	website	http://taos.unm.edu/	unm.edu	C	university-of-new-mexico-taos-campus
188049	admissions	http://valencia.unm.edu/admissions/index.html	unm.edu	C	university-of-new-mexico-valencia-county-campus
188049	website	http://valencia.unm.edu/	unm.edu	C	university-of-new-mexico-valencia-county-campus
159939	admissions	http://new.uno.edu/admissions	uno.edu	B	university-of-new-orleans
159939	website	http://new.uno.edu/	uno.edu	B	university-of-new-orleans
101879	admissions	https://www.una.edu/admissions	una.edu	A	university-of-north-alabama
101879	website	https://www.una.edu/	una.edu	A	university-of-north-alabama
199111	admissions	https://new.unca.edu/admission	unca.edu	A	university-of-north-carolina-at-asheville
199111	website	https://new.unca.edu/	unca.edu	A	university-of-north-carolina-at-asheville
199139	admissions	https://admissions.charlotte.edu/	charlotte.edu	A	university-of-north-carolina-at-charlotte
199139	website	https://www.charlotte.edu/	charlotte.edu	A	university-of-north-carolina-at-charlotte
199148	admissions	http://admissions.uncg.edu/	uncg.edu	B	university-of-north-carolina-at-greensboro
199148	website	http://www.uncg.edu/	uncg.edu	B	university-of-north-carolina-at-greensboro
199281	admissions	https://www.uncp.edu/admissions	uncp.edu	A	university-of-north-carolina-at-pembroke
199281	website	https://www.uncp.edu/	uncp.edu	A	university-of-north-carolina-at-pembroke
199218	admissions	http://www.uncw.edu/admissions/	uncw.edu	B	university-of-north-carolina-at-wilmington
199218	website	http://www.uncw.edu/	uncw.edu	B	university-of-north-carolina-at-wilmington
199184	admissions	http://www.uncsa.edu/admissions/index.aspx	uncsa.edu	B	university-of-north-carolina-school-of-the-arts
199184	website	http://www.uncsa.edu/	uncsa.edu	B	university-of-north-carolina-school-of-the-arts
200280	admissions	https://und.edu/admissions/	und.edu	B	university-of-north-dakota
200280	website	https://und.edu/	und.edu	B	university-of-north-dakota
482680	admissions	http://ung.edu/landing/admissions.php	ung.edu	A	university-of-north-georgia
482680	website	http://www.ung.edu/	ung.edu	A	university-of-north-georgia
227216	admissions	http://www.unt.edu/admissions/index.html	unt.edu	B	university-of-north-texas
227216	website	http://www.unt.edu/	unt.edu	B	university-of-north-texas
484905	admissions	https://www.untdallas.edu/admissions/	untdallas.edu	B	university-of-north-texas-at-dallas
484905	website	http://untdallas.edu/	untdallas.edu	B	university-of-north-texas-at-dallas
127741	admissions	https://www.unco.edu/admissions/	unco.edu	B	university-of-northern-colorado
127741	website	https://www.unco.edu/	unco.edu	B	university-of-northern-colorado
154095	admissions	https://admissions.uni.edu/	uni.edu	A	university-of-northern-iowa
154095	website	https://www.uni.edu/	uni.edu	A	university-of-northern-iowa
204486	admissions	https://www.unoh.edu/future-students	unoh.edu	C	university-of-northwestern-ohio
204486	website	https://www.unoh.edu/	unoh.edu	C	university-of-northwestern-ohio
174491	admissions	https://unwsp.edu/admissions/	unwsp.edu	B	university-of-northwestern-st-paul
174491	website	https://www.unwsp.edu/	unwsp.edu	B	university-of-northwestern-st-paul
207500	admissions	https://www.ou.edu/admissions	ou.edu	B	university-of-oklahoma-norman-campus
207500	website	https://www.ou.edu/	ou.edu	B	university-of-oklahoma-norman-campus
209551	admissions	https://admissions.uoregon.edu/	uoregon.edu	B	university-of-oregon
209551	website	https://www.uoregon.edu/	uoregon.edu	B	university-of-oregon
484613	admissions	https://www.phoenix.edu/admissions.html	phoenix.edu	C	university-of-phoenix
484613	website	https://www.phoenix.edu/	phoenix.edu	C	university-of-phoenix
157535	admissions	http://www.upike.edu/undergraduate/admissions/	upike.edu	C	university-of-pikeville
157535	website	http://www.upike.edu/	upike.edu	C	university-of-pikeville
215266	admissions	https://www.upb.pitt.edu/admissions-aid	pitt.edu	B	university-of-pittsburgh-bradford
215266	website	https://www.upb.pitt.edu/	pitt.edu	B	university-of-pittsburgh-bradford
215275	admissions	http://www.greensburg.pitt.edu/admissions	pitt.edu	B	university-of-pittsburgh-greensburg
215275	website	http://www.greensburg.pitt.edu/	pitt.edu	B	university-of-pittsburgh-greensburg
215284	admissions	http://www.johnstown.pitt.edu/admissions	pitt.edu	B	university-of-pittsburgh-johnstown
215284	website	http://www.upj.pitt.edu/	pitt.edu	B	university-of-pittsburgh-johnstown
215309	admissions	http://www.titusville.pitt.edu/admissions	pitt.edu	B	university-of-pittsburgh-titusville
215309	website	http://www.titusville.pitt.edu/home	pitt.edu	B	university-of-pittsburgh-titusville
209825	admissions	https://www.up.edu/admissions/	up.edu	B	university-of-portland
209825	website	https://www.up.edu/	up.edu	B	university-of-portland
180258	admissions	http://www.uprovidence.edu/admissions/	uprovidence.edu	B	university-of-providence
180258	website	http://www.uprovidence.edu/	uprovidence.edu	B	university-of-providence
236328	admissions	https://www.pugetsound.edu/admission/	pugetsound.edu	A	university-of-puget-sound
236328	website	https://www.pugetsound.edu/	pugetsound.edu	A	university-of-puget-sound
121691	admissions	http://www.redlands.edu/admissions-and-aid/undergraduate	redlands.edu	B	university-of-redlands
121691	website	http://www.redlands.edu/	redlands.edu	B	university-of-redlands
217484	admissions	https://web.uri.edu/admission	uri.edu	A	university-of-rhode-island
217484	website	https://web.uri.edu/	uri.edu	A	university-of-rhode-island
233374	admissions	https://admissions.richmond.edu/process/index.html	richmond.edu	B	university-of-richmond
233374	website	https://www.richmond.edu/	richmond.edu	B	university-of-richmond
205203	admissions	https://www.rio.edu/admissions/index.cfm	rio.edu	C	university-of-rio-grande
205203	website	https://www.rio.edu/	rio.edu	C	university-of-rio-grande
195030	admissions	https://enrollment.rochester.edu/	rochester.edu	A	university-of-rochester
195030	website	https://www.rochester.edu/	rochester.edu	A	university-of-rochester
152336	admissions	https://www.sf.edu/admissions/	sf.edu	B	university-of-saint-francis-fort-wayne
152336	website	https://www.sf.edu/	sf.edu	B	university-of-saint-francis-fort-wayne
130314	admissions	https://www.usj.edu/admissions/	usj.edu	A	university-of-saint-joseph
130314	website	https://www.usj.edu/	usj.edu	A	university-of-saint-joseph
155812	admissions	http://www.stmary.edu/admissions.aspx	stmary.edu	B	university-of-saint-mary
155812	website	http://www.stmary.edu/	stmary.edu	B	university-of-saint-mary
148885	admissions	https://usml.edu/admissions/	usml.edu	C	university-of-saint-mary-of-the-lake
148885	website	https://usml.edu/	usml.edu	C	university-of-saint-mary-of-the-lake
122612	admissions	https://www.usfca.edu/admission	usfca.edu	B	university-of-san-francisco
122612	website	https://www.usfca.edu/	usfca.edu	B	university-of-san-francisco
207722	admissions	https://usao.edu/future-students/index.html	usao.edu	B	university-of-science-and-arts-of-oklahoma
207722	website	https://usao.edu/	usao.edu	B	university-of-science-and-arts-of-oklahoma
215929	admissions	https://admissions.scranton.edu/apply	scranton.edu	A	university-of-scranton
215929	website	http://www.scranton.edu/	scranton.edu	A	university-of-scranton
112394	admissions	https://usv.edu/admission/	usv.edu	B	university-of-silicon-valley
112394	website	https://usv.edu/	usv.edu	B	university-of-silicon-valley
102094	admissions	http://www.southalabama.edu/departments/admissions/	southalabama.edu	A	university-of-south-alabama
102094	website	http://www.southalabama.edu/	southalabama.edu	A	university-of-south-alabama
218645	admissions	https://www.usca.edu/admissions	usca.edu	B	university-of-south-carolina-aiken
218645	website	https://www.usca.edu/	usca.edu	B	university-of-south-carolina-aiken
218663	admissions	http://www.sc.edu/admissions/	sc.edu	A	university-of-south-carolina-columbia
218663	website	http://www.sc.edu/	sc.edu	A	university-of-south-carolina-columbia
218672	admissions	http://www.sc.edu/about/system_and_campuses/lancaster/internal/current_students/admissions_records/index.php	sc.edu	B	university-of-south-carolina-lancaster
218672	website	http://www.sc.edu/about/system_and_campuses/lancaster/index.php	sc.edu	B	university-of-south-carolina-lancaster
218681	admissions	http://sc.edu/about/system_and_campuses/salkehatchie/apply/apply.php	sc.edu	B	university-of-south-carolina-salkehatchie
218681	website	http://sc.edu/about/system_and_campuses/salkehatchie/index.php	sc.edu	B	university-of-south-carolina-salkehatchie
218690	admissions	http://www.sc.edu/about/system_and_campuses/sumter/apply/index.php	sc.edu	B	university-of-south-carolina-sumter
218690	website	http://www.sc.edu/about/system_and_campuses/sumter/index.php	sc.edu	B	university-of-south-carolina-sumter
218706	admissions	http://sc.edu/about/system_and_campuses/union/apply/index.php	sc.edu	B	university-of-south-carolina-union
218706	website	http://www.sc.edu/about/system_and_campuses/union/index.php	sc.edu	B	university-of-south-carolina-union
218742	admissions	http://www.uscupstate.edu/admissions/	uscupstate.edu	B	university-of-south-carolina-upstate
218742	website	http://www.uscupstate.edu/	uscupstate.edu	B	university-of-south-carolina-upstate
219471	admissions	https://www.usd.edu/admissions	usd.edu	A	university-of-south-dakota
219471	website	https://www.usd.edu/	usd.edu	A	university-of-south-dakota
137351	admissions	http://usf.edu/admission/apply.aspx	usf.edu	A	university-of-south-florida-main-campus
137351	website	http://www.usf.edu/	usf.edu	A	university-of-south-florida-main-campus
151306	admissions	http://www.usi.edu/admissions	usi.edu	A	university-of-southern-indiana
151306	website	http://www.usi.edu/	usi.edu	A	university-of-southern-indiana
161554	admissions	http://usm.maine.edu/office-of-admissions	maine.edu	B	university-of-southern-maine
161554	website	http://usm.maine.edu/	maine.edu	B	university-of-southern-maine
176372	admissions	https://www.usm.edu/admissions	usm.edu	A	university-of-southern-mississippi
176372	website	https://www.usm.edu/	usm.edu	A	university-of-southern-mississippi
367954	admissions	http://www.usa.edu/admissions-aid/	usa.edu	C	university-of-st-augustine-for-health-sciences
367954	website	http://www.usa.edu/	usa.edu	C	university-of-st-augustine-for-health-sciences
148584	admissions	https://www.stfrancis.edu/admissions-aid/	stfrancis.edu	B	university-of-st-francis
148584	website	https://www.stfrancis.edu/	stfrancis.edu	B	university-of-st-francis
174914	admissions	http://www.stthomas.edu/admissions/	stthomas.edu	B	university-of-st-thomas
174914	website	http://www.stthomas.edu/	stthomas.edu	B	university-of-st-thomas
227863	admissions	https://www.stthom.edu/Admissions/Index.aqf	stthom.edu	B	university-of-st-thomas-tx
227863	website	https://www.stthom.edu/	stthom.edu	B	university-of-st-thomas-tx
228653	admissions	https://www.utmb.edu/enrollmentservices/	utmb.edu	C	university-of-texas-medical-branch
228653	website	https://www.utmb.edu/	utmb.edu	C	university-of-texas-medical-branch
156541	admissions	http://www.ucumberlands.edu/admissions	ucumberlands.edu	B	university-of-the-cumberlands
156541	website	http://www.ucumberlands.edu/	ucumberlands.edu	B	university-of-the-cumberlands
131399	admissions	http://www.udc.edu/admissions/	udc.edu	C	university-of-the-district-of-columbia
131399	website	http://www.udc.edu/	udc.edu	C	university-of-the-district-of-columbia
225627	admissions	http://www.uiw.edu/admissions/	uiw.edu	A	university-of-the-incarnate-word
225627	website	http://www.uiw.edu/	uiw.edu	A	university-of-the-incarnate-word
107558	admissions	https://ozarks.edu/admissions-aid	ozarks.edu	B	university-of-the-ozarks
107558	website	https://ozarks.edu/	ozarks.edu	B	university-of-the-ozarks
120883	admissions	https://www.pacific.edu/Admission	pacific.edu	B	university-of-the-pacific
120883	website	https://www.pacific.edu/	pacific.edu	B	university-of-the-pacific
488846	admissions	http://www.uopeople.edu/become-student/	uopeople.edu	C	university-of-the-people
488846	website	http://www.uopeople.edu/	uopeople.edu	C	university-of-the-people
442639	admissions	http://www.potomac.edu/admissions	potomac.edu	C	university-of-the-potomac-va-campus
442639	website	http://www.potomac.edu/	potomac.edu	C	university-of-the-potomac-va-campus
384412	admissions	http://www.potomac.edu/admissions	potomac.edu	C	university-of-the-potomac-washington-dc-campus
384412	website	http://www.potomac.edu/	potomac.edu	C	university-of-the-potomac-washington-dc-campus
188182	admissions	https://www.usw.edu/admissions	usw.edu	C	university-of-the-southwest
188182	website	https://www.usw.edu/	usw.edu	C	university-of-the-southwest
449870	admissions	http://www.uwest.edu/admissions-information/	uwest.edu	B	university-of-the-west
449870	website	http://www.uwest.edu/	uwest.edu	B	university-of-the-west
206084	admissions	http://www.utoledo.edu/admission/	utoledo.edu	B	university-of-toledo
206084	website	http://www.utoledo.edu/	utoledo.edu	B	university-of-toledo
230764	admissions	http://admissions.utah.edu/	utah.edu	B	university-of-utah
230764	website	http://www.utah.edu/	utah.edu	B	university-of-utah
216542	admissions	https://www.valleyforge.edu/admissions	valleyforge.edu	B	university-of-valley-forge
216542	website	https://www.valleyforge.edu/	valleyforge.edu	B	university-of-valley-forge
231174	admissions	http://www.uvm.edu/admissions	uvm.edu	B	university-of-vermont
231174	website	http://www.uvm.edu/	uvm.edu	B	university-of-vermont
377555	admissions	https://www.uwb.edu/admissions	uwb.edu	B	university-of-washington-bothell-campus
377555	website	https://www.uwb.edu/	uwb.edu	B	university-of-washington-bothell-campus
377564	admissions	https://www.tacoma.uw.edu/admissions	uw.edu	B	university-of-washington-tacoma-campus
377564	website	https://www.tacoma.uw.edu/	uw.edu	B	university-of-washington-tacoma-campus
101587	admissions	http://www.uwa.edu/Admissions/	uwa.edu	B	university-of-west-alabama
101587	website	http://www.uwa.edu/	uwa.edu	B	university-of-west-alabama
141334	admissions	http://www.westga.edu/admissions/	westga.edu	B	university-of-west-georgia
141334	website	http://www.westga.edu/	westga.edu	B	university-of-west-georgia
484862	admissions	http://www.uwla.edu/apps/pages/index.jsp?uREC_ID=321739&type=d	uwla.edu	C	university-of-west-los-angeles
484862	website	http://www.uwla.edu/	uwla.edu	C	university-of-west-los-angeles
210438	admissions	https://www.uws.edu/admissions/	uws.edu	C	university-of-western-states
210438	website	https://www.uws.edu/	uws.edu	C	university-of-western-states
240268	admissions	http://www.uwec.edu/admissions/	uwec.edu	A	university-of-wisconsin-eau-claire
240268	website	http://www.uwec.edu/	uwec.edu	A	university-of-wisconsin-eau-claire
240277	admissions	http://www.uwgb.edu/admissions/	uwgb.edu	A	university-of-wisconsin-green-bay
240277	website	http://www.uwgb.edu/	uwgb.edu	A	university-of-wisconsin-green-bay
240329	admissions	http://www.uwlax.edu/admissions/	uwlax.edu	B	university-of-wisconsin-la-crosse
240329	website	http://www.uwlax.edu/	uwlax.edu	B	university-of-wisconsin-la-crosse
240453	admissions	http://uwm.edu/admission/	uwm.edu	A	university-of-wisconsin-milwaukee
240453	website	http://uwm.edu/	uwm.edu	A	university-of-wisconsin-milwaukee
240365	admissions	https://www.uwosh.edu/admissions/	uwosh.edu	B	university-of-wisconsin-oshkosh
240365	website	https://www.uwosh.edu/	uwosh.edu	B	university-of-wisconsin-oshkosh
240374	admissions	https://www.uwp.edu/apply/admissions/	uwp.edu	A	university-of-wisconsin-parkside
240374	website	https://www.uwp.edu/	uwp.edu	A	university-of-wisconsin-parkside
240462	admissions	https://www.uwplatt.edu/admission	uwplatt.edu	B	university-of-wisconsin-platteville
240462	website	https://www.uwplatt.edu/	uwplatt.edu	B	university-of-wisconsin-platteville
240471	admissions	https://www.uwrf.edu/admissions/	uwrf.edu	B	university-of-wisconsin-river-falls
240471	website	https://www.uwrf.edu/	uwrf.edu	B	university-of-wisconsin-river-falls
240480	admissions	https://www.uwsp.edu/admissions/	uwsp.edu	A	university-of-wisconsin-stevens-point
240480	website	https://www.uwsp.edu/	uwsp.edu	A	university-of-wisconsin-stevens-point
240417	admissions	http://www.uwstout.edu/admissions-aid	uwstout.edu	B	university-of-wisconsin-stout
240417	website	http://www.uwstout.edu/	uwstout.edu	B	university-of-wisconsin-stout
240426	admissions	https://www.uwsuper.edu/admissions/	uwsuper.edu	B	university-of-wisconsin-superior
240426	website	https://www.uwsuper.edu/	uwsuper.edu	B	university-of-wisconsin-superior
240189	admissions	http://www.uww.edu/admissions/	uww.edu	B	university-of-wisconsin-whitewater
240189	website	http://www.uww.edu/	uww.edu	B	university-of-wisconsin-whitewater
240727	admissions	https://www.uwyo.edu/admissions/	uwyo.edu	B	university-of-wyoming
240727	website	https://www.uwyo.edu/	uwyo.edu	B	university-of-wyoming
228909	admissions	http://www.unthsc.edu/students/future-students/admissions/	unthsc.edu	C	unt-health-fort-worth
228909	website	http://www.unthsc.edu/	unthsc.edu	C	unt-health-fort-worth
215062	admissions	http://www.upenn.edu/admissions/	upenn.edu	A	upenn
215062	website	http://www.upenn.edu/	upenn.edu	A	upenn
154493	admissions	https://uiu.edu/future/admissions.html	uiu.edu	B	upper-iowa-university
154493	website	https://www.uiu.edu/	uiu.edu	B	upper-iowa-university
429128	admissions	https://www.urbancollege.edu/admissions-overview	urbancollege.edu	C	urban-college-of-boston
429128	website	https://www.urbancollege.edu/	urbancollege.edu	C	urban-college-of-boston
494685	admissions	https://urshan.edu/admissions	urshan.edu	B	urshan-university
494685	website	http://urshan.edu/	urshan.edu	B	urshan-university
216524	admissions	http://www.ursinus.edu/admission	ursinus.edu	B	ursinus-college
216524	website	http://www.ursinus.edu/	ursinus.edu	B	ursinus-college
206349	admissions	http://www.ursuline.edu/admission/	ursuline.edu	B	ursuline-college
206349	website	http://www.ursuline.edu/	ursuline.edu	B	ursuline-college
123961	admissions	https://admission.usc.edu/	usc.edu	A	usc
123961	website	http://www.usc.edu/	usc.edu	A	usc
228778	admissions	https://www.admissions.utexas.edu/	utexas.edu	B	ut-austin
228778	website	https://www.utexas.edu/	utexas.edu	B	ut-austin
228787	admissions	http://enroll.utdallas.edu/	utdallas.edu	B	ut-dallas
228787	website	http://www.utdallas.edu/	utdallas.edu	B	ut-dallas
228635	admissions	http://www.utsouthwestern.edu/education/utsw-catalog/	utsouthwestern.edu	C	ut-southwestern-medical-center
228635	website	http://www.utsouthwestern.edu/	utsouthwestern.edu	C	ut-southwestern-medical-center
446604	website	http://utam.edu/	utam.edu	C	uta-mesivta-of-kiryas-joel
230728	admissions	https://www.usu.edu/admissions/	usu.edu	A	utah-state-university
230728	website	https://www.usu.edu/	usu.edu	A	utah-state-university
230171	admissions	http://admissions.utahtech.edu/	utahtech.edu	C	utah-tech-university
230171	website	http://utahtech.edu/	utahtech.edu	C	utah-tech-university
230737	admissions	http://www.uvu.edu/welcome/	uvu.edu	C	utah-valley-university
230737	website	http://www.uvu.edu/	uvu.edu	C	utah-valley-university
229300	admissions	https://www.uth.edu/registrar/	uth.edu	C	uthealth-houston
229300	website	http://www.uth.edu/	uth.edu	C	uthealth-houston
197045	admissions	https://www.utica.edu/admissions	utica.edu	B	utica-university
197045	website	https://www.utica.edu/	utica.edu	B	utica-university
141264	admissions	http://www.valdosta.edu/admissions/	valdosta.edu	B	valdosta-state-university
141264	website	http://www.valdosta.edu/	valdosta.edu	B	valdosta-state-university
138187	admissions	http://valenciacollege.edu/admissions/	valenciacollege.edu	C	valencia-college
138187	website	http://valenciacollege.edu/	valenciacollege.edu	C	valencia-college
200572	admissions	http://www.vcsu.edu/admissions/	vcsu.edu	B	valley-city-state-university
200572	website	http://www.vcsu.edu/	vcsu.edu	B	valley-city-state-university
377652	admissions	http://www.valley.edu/	valley.edu	C	valley-college-beckley
377652	website	http://www.valley.edu/	valley.edu	C	valley-college-beckley
377661	admissions	http://www.valley.edu/	valley.edu	C	valley-college-martinsburg
377661	website	http://www.valley.edu/	valley.edu	C	valley-college-martinsburg
216551	admissions	https://www.vfmac.edu/college-tuition-fees-and-scholarship-information/	vfmac.edu	C	valley-forge-military-college
216551	website	https://www.vfmac.edu/	vfmac.edu	C	valley-forge-military-college
486257	admissions	https://www.valorcollege.edu/apply	valorcollege.edu	C	valor-christian-college
486257	website	https://www.valorcollege.edu/	valorcollege.edu	C	valor-christian-college
152600	admissions	https://www.valpo.edu/admission-aid/	valpo.edu	A	valparaiso
152600	website	https://www.valpo.edu/	valpo.edu	A	valparaiso
199838	admissions	http://www.vgcc.edu/how-to-apply/	vgcc.edu	C	vance-granville-community-college
199838	website	http://www.vgcc.edu/	vgcc.edu	C	vance-granville-community-college
221999	admissions	http://www.vanderbilt.edu/Admissions/	vanderbilt.edu	A	vanderbilt
221999	website	http://www.vanderbilt.edu/	vanderbilt.edu	A	vanderbilt
149639	admissions	https://www.vandercook.edu/admissions/	vandercook.edu	B	vandercook-college-of-music
149639	website	https://www.vandercook.edu/	vandercook.edu	B	vandercook-college-of-music
123651	admissions	https://www.vanguard.edu/admissions/undergraduate	vanguard.edu	B	vanguard-university-of-southern-california
123651	website	https://www.vanguard.edu/	vanguard.edu	B	vanguard-university-of-southern-california
197133	admissions	http://www.vassar.edu/admissions/	vassar.edu	B	vassar
197133	website	http://www.vassar.edu/	vassar.edu	B	vassar
188340	admissions	http://www.vaughn.edu/admissions-financial-aid	vaughn.edu	C	vaughn-college-of-aeronautics-and-technology
188340	website	http://www.vaughn.edu/	vaughn.edu	C	vaughn-college-of-aeronautics-and-technology
125028	admissions	http://www.venturacollege.edu/apply_enroll/	venturacollege.edu	C	ventura-college
125028	website	http://www.venturacollege.edu/	venturacollege.edu	C	ventura-college
231165	admissions	http://vermontstate.edu/admission/	vermontstate.edu	B	vermont-state-university
231165	website	http://vermontstate.edu/	vermontstate.edu	B	vermont-state-university
229504	admissions	http://www.vernoncollege.edu/admissions-home	vernoncollege.edu	C	vernon-college
229504	website	http://www.vernoncollege.edu/	vernoncollege.edu	C	vernon-college
213914	website	http://vti.edu/	vti.edu	B	vet-tech-institute
223472	admissions	https://www.vettechinstitute.edu/get_started/admissions	vti.edu	B	vet-tech-institute-of-houston
223472	website	http://www.vti.edu/	vti.edu	B	vet-tech-institute-of-houston
125091	admissions	http://www.vvc.edu/admissions-records/	vvc.edu	C	victor-valley-college
125091	website	http://www.vvc.edu/	vvc.edu	C	victor-valley-college
229540	admissions	http://www.victoriacollege.edu/admissionsrecords	victoriacollege.edu	C	victoria-college
229540	website	http://www.victoriacollege.edu/	victoriacollege.edu	C	victoria-college
197142	admissions	https://www.villa.edu/admission/	villa.edu	B	villa-maria-college
197142	website	https://www.villa.edu/	villa.edu	B	villa-maria-college
216597	admissions	https://www1.villanova.edu/university/undergraduate-admission.html	villanova.edu	B	villanova
216597	website	http://www.villanova.edu/	villanova.edu	B	villanova
152637	admissions	https://www.vinu.edu/web/admissions	vinu.edu	C	vincennes-university
152637	website	https://www.vinu.edu/	vinu.edu	C	vincennes-university
234076	admissions	https://admission.virginia.edu/	virginia.edu	B	virginia
234076	website	https://www.virginia.edu/	virginia.edu	B	virginia
234030	admissions	https://www.vcu.edu/admissions/	vcu.edu	A	virginia-commonwealth-university
234030	website	https://www.vcu.edu/	vcu.edu	A	virginia-commonwealth-university
233903	admissions	http://www.vhcc.edu/start-vhcc	vhcc.edu	C	virginia-highlands-community-college
233903	website	http://www.vhcc.edu/	vhcc.edu	C	virginia-highlands-community-college
234085	admissions	http://www.vmi.edu/admissions-and-aid/	vmi.edu	A	virginia-military-institute
234085	website	http://www.vmi.edu/	vmi.edu	A	virginia-military-institute
233754	admissions	https://vpcc.edu/services/enrollment	vpcc.edu	C	virginia-peninsula-community-college
233754	website	https://vpcc.edu/	vpcc.edu	C	virginia-peninsula-community-college
234155	admissions	http://www.vsu.edu/admissions/index.php	vsu.edu	B	virginia-state-university
234155	website	http://www.vsu.edu/	vsu.edu	B	virginia-state-university
233921	admissions	http://vt.edu/admissions/undergraduate.html	vt.edu	B	virginia-tech
233921	website	http://www.vt.edu/	vt.edu	B	virginia-tech
234164	admissions	https://www.vuu.edu/admissions-at-union/apply-online	vuu.edu	B	virginia-union-university
234164	website	http://www.vuu.edu/	vuu.edu	B	virginia-union-university
234137	admissions	http://www.vul.edu/	vul.edu	C	virginia-university-of-lynchburg
234137	website	http://www.vul.edu/	vul.edu	C	virginia-university-of-lynchburg
234173	admissions	https://www.vwu.edu/enrollment-aid/	vwu.edu	B	virginia-wesleyan-university
234173	website	https://www.vwu.edu/	vwu.edu	B	virginia-wesleyan-university
233949	admissions	https://www.virginiawestern.edu/get-started/	virginiawestern.edu	C	virginia-western-community-college
233949	website	https://www.virginiawestern.edu/	virginiawestern.edu	C	virginia-western-community-college
449764	admissions	http://www.visible.edu/	visible.edu	B	visible-music-college
449764	website	http://www.visible.edu/	visible.edu	B	visible-music-college
240107	admissions	https://www.viterbo.edu/admissions-and-aid	viterbo.edu	A	viterbo-university
240107	website	https://www.viterbo.edu/	viterbo.edu	A	viterbo-university
222053	admissions	http://www.volstate.edu/Admissions/	volstate.edu	C	volunteer-state-community-college
222053	website	http://www.volstate.edu/	volstate.edu	C	volunteer-state-community-college
218919	admissions	https://voorhees.edu/office-of-admissions/	voorhees.edu	C	voorhees-university
218919	website	https://www.voorhees.edu/	voorhees.edu	C	voorhees-university
152673	admissions	http://www.wabash.edu/admissions/	wabash.edu	A	wabash-college
152673	website	http://www.wabash.edu/	wabash.edu	A	wabash-college
226879	admissions	https://www.wadecollege.edu/admissions/enrollment_and_eligibility	wadecollege.edu	C	wade-college
226879	website	https://www.wadecollege.edu/	wadecollege.edu	C	wade-college
197197	admissions	http://www.wagner.edu/admissions	wagner.edu	B	wagner-college
197197	website	http://www.wagner.edu/	wagner.edu	B	wagner-college
199847	admissions	http://admissions.wfu.edu/	wfu.edu	B	wake-forest-university
199847	website	http://www.wfu.edu/	wfu.edu	B	wake-forest-university
199856	admissions	http://admissions.waketech.edu/	waketech.edu	C	wake-technical-community-college
199856	website	http://www.waketech.edu/	waketech.edu	C	wake-technical-community-college
125231	admissions	https://www.waldenu.edu/admissions	waldenu.edu	C	walden-university
125231	website	https://www.waldenu.edu/	waldenu.edu	C	walden-university
154518	admissions	http://www.waldorf.edu/admissions/residential-admissions-process/	waldorf.edu	B	waldorf-university
154518	website	http://www.waldorf.edu/	waldorf.edu	B	waldorf-university
236887	admissions	https://www.wwcc.edu/admissions/	wwcc.edu	C	walla-walla-community-college
236887	website	https://www.wwcc.edu/	wwcc.edu	C	walla-walla-community-college
236896	admissions	https://www.wallawalla.edu/admissions-and-aid/	wallawalla.edu	C	walla-walla-university
236896	website	https://www.wallawalla.edu/	wallawalla.edu	C	walla-walla-university
215637	admissions	https://www.walnuthillcollege.edu/admissions-financial-aid/	walnuthillcollege.edu	B	walnut-hill-college
215637	website	https://www.walnuthillcollege.edu/	walnuthillcollege.edu	B	walnut-hill-college
172608	admissions	https://walshcollege.edu/future-students/	walshcollege.edu	C	walsh-college
172608	website	https://walshcollege.edu/	walshcollege.edu	C	walsh-college
206437	admissions	https://www.walsh.edu/undergraduate-admission-procedures	walsh.edu	B	walsh-university
206437	website	https://www.walsh.edu/	walsh.edu	B	walsh-university
222062	admissions	http://www.ws.edu/admissions/	ws.edu	C	walters-state-community-college
222062	website	http://www.ws.edu/	ws.edu	C	walters-state-community-college
210304	admissions	https://www.warnerpacific.edu/admissions-aid/	warnerpacific.edu	B	warner-pacific-university
210304	website	https://www.warnerpacific.edu/	warnerpacific.edu	B	warner-pacific-university
138275	admissions	http://www.warner.edu/apply/	warner.edu	B	warner-university
138275	website	http://www.warner.edu/	warner.edu	B	warner-university
245625	admissions	http://www.warren.edu/category/admissions/	warren.edu	C	warren-county-community-college
245625	website	http://www.warren.edu/	warren.edu	C	warren-county-community-college
199865	admissions	https://www.warren-wilson.edu/admission/	warren-wilson.edu	B	warren-wilson-college
199865	website	https://www.warren-wilson.edu/	warren-wilson.edu	B	warren-wilson-college
154527	admissions	https://www.wartburg.edu/admissions	wartburg.edu	B	wartburg-college
154527	website	https://www.wartburg.edu/	wartburg.edu	B	wartburg-college
156082	admissions	http://www.washburn.edu/admissions	washburn.edu	C	washburn-university
156082	website	http://www.washburn.edu/	washburn.edu	C	washburn-university
236948	admissions	https://admit.washington.edu/	washington.edu	A	washington
236948	website	https://www.washington.edu/	washington.edu	A	washington
162210	admissions	https://www.wau.edu/future-students/admission/	wau.edu	B	washington-adventist-university
162210	website	https://www.wau.edu/	wau.edu	B	washington-adventist-university
216667	admissions	http://www.washjeff.edu/future-students/	washjeff.edu	B	washington-and-jefferson-college
216667	website	http://www.washjeff.edu/	washjeff.edu	B	washington-and-jefferson-college
234207	admissions	http://www.wlu.edu/admissions	wlu.edu	B	washington-and-lee
234207	website	http://www.wlu.edu/	wlu.edu	B	washington-and-lee
164216	admissions	https://www.washcoll.edu/admissions/	washcoll.edu	A	washington-college
164216	website	http://www.washcoll.edu/	washcoll.edu	A	washington-college
161581	admissions	http://www.wccc.me.edu/admissions-aid/	me.edu	C	washington-county-community-college
161581	website	http://www.wccc.me.edu/	me.edu	C	washington-county-community-college
206446	admissions	http://www.wsco.edu/future/admissions/	wsco.edu	C	washington-state-college-of-ohio
206446	website	http://www.wsco.edu/	wsco.edu	C	washington-state-college-of-ohio
236939	admissions	https://admission.wsu.edu/	wsu.edu	A	washington-state-university
236939	website	https://wsu.edu/	wsu.edu	A	washington-state-university
172617	admissions	http://www.wccnet.edu/start-now/degree/admissions.php	wccnet.edu	C	washtenaw-community-college
172617	website	http://www.wccnet.edu/	wccnet.edu	C	washtenaw-community-college
179867	admissions	https://admissions.washu.edu/	washu.edu	B	washu
179867	website	https://washu.edu/	washu.edu	B	washu
149727	admissions	https://www.waubonsee.edu/admissions	waubonsee.edu	C	waubonsee-community-college
149727	website	https://www.waubonsee.edu/	waubonsee.edu	C	waubonsee-community-college
240125	admissions	https://www.wctc.edu/admissions/	wctc.edu	C	waukesha-county-technical-college
240125	website	https://www.wctc.edu/	wctc.edu	C	waukesha-county-technical-college
229780	admissions	http://www.wbu.edu/college-admission/	wbu.edu	B	wayland-baptist-university
229780	website	http://www.wbu.edu/	wbu.edu	B	wayland-baptist-university
199892	admissions	http://www.waynecc.edu/admissions/	waynecc.edu	C	wayne-community-college
199892	website	http://www.waynecc.edu/	waynecc.edu	C	wayne-community-college
172635	admissions	https://www.wcccd.edu/students/pp_admission.htm	wcccd.edu	C	wayne-county-community-college-district
172635	website	https://www.wcccd.edu/	wcccd.edu	C	wayne-county-community-college-district
181783	admissions	https://www.wsc.edu/admissions	wsc.edu	C	wayne-state-college
181783	website	https://www.wsc.edu/	wsc.edu	C	wayne-state-college
172644	admissions	https://wayne.edu/admissions	wayne.edu	A	wayne-state-university
172644	website	https://wayne.edu/	wayne.edu	A	wayne-state-university
216694	admissions	https://www.waynesburg.edu/admissions/	waynesburg.edu	B	waynesburg-university
216694	website	http://www.waynesburg.edu/	waynesburg.edu	B	waynesburg-university
229799	admissions	https://www.wc.edu/admissions	wc.edu	C	weatherford-college
229799	website	https://www.wc.edu/	wc.edu	C	weatherford-college
197221	website	http://www.webb.edu/	webb.edu	B	webb
138293	admissions	https://webber.edu/admissions/apply/	webber.edu	B	webber-international-university
138293	website	http://www.webber.edu/	webber.edu	B	webber-international-university
230782	admissions	https://www.weber.edu/admissions/	weber.edu	C	weber-state-university
230782	website	https://www.weber.edu/	weber.edu	C	weber-state-university
179894	admissions	http://www.webster.edu/admissions/	webster.edu	B	webster-university
179894	website	http://www.webster.edu/	webster.edu	B	webster-university
220206	admissions	http://welch.edu/admissions/	welch.edu	C	welch-college
220206	website	http://www.welch.edu/	welch.edu	C	welch-college
168218	admissions	http://www.wellesley.edu/admission-aid	wellesley.edu	B	wellesley
168218	website	http://www.wellesley.edu/	wellesley.edu	B	wellesley
236975	admissions	http://www.wvc.edu/apply/get-started.html	wvc.edu	C	wenatchee-valley-college
236975	website	http://www.wvc.edu/	wvc.edu	C	wenatchee-valley-college
168227	admissions	https://wit.edu/admissions	wit.edu	A	wentworth-institute-of-technology
168227	website	https://wit.edu/	wit.edu	A	wentworth-institute-of-technology
176451	admissions	https://www.wbs.edu/admissions/	wbs.edu	B	wesley-biblical-seminary
176451	website	https://www.wbs.edu/	wbs.edu	B	wesley-biblical-seminary
141325	admissions	https://www.wesleyancollege.edu/admission/index.cfm	wesleyancollege.edu	B	wesleyan-college
141325	website	https://www.wesleyancollege.edu/	wesleyancollege.edu	B	wesleyan-college
130697	admissions	https://www.wesleyan.edu/admission	wesleyan.edu	B	wesleyan-university
130697	website	https://www.wesleyan.edu/	wesleyan.edu	B	wesleyan-university
216764	admissions	https://www.wcupa.edu/_admissions/sch_adm/	wcupa.edu	B	west-chester-university-of-pennsylvania
216764	website	https://www.wcupa.edu/	wcupa.edu	B	west-chester-university-of-pennsylvania
443331	admissions	http://westcoastuniversity.edu/get-started	westcoastuniversity.edu	C	west-coast-university-los-angeles
443331	website	http://westcoastuniversity.edu/	westcoastuniversity.edu	C	west-coast-university-los-angeles
458229	admissions	http://westcoastuniversity.edu/get-started	westcoastuniversity.edu	C	west-coast-university-ontario
458229	website	http://westcoastuniversity.edu/	westcoastuniversity.edu	C	west-coast-university-ontario
458210	admissions	http://westcoastuniversity.edu/get-started	westcoastuniversity.edu	C	west-coast-university-orange-county
458210	website	http://westcoastuniversity.edu/	westcoastuniversity.edu	C	west-coast-university-orange-county
139278	admissions	https://www.westgatech.edu/admissions/	westgatech.edu	C	west-georgia-technical-college
139278	website	https://www.westgatech.edu/	westgatech.edu	C	west-georgia-technical-college
157483	admissions	https://westkentucky.kctcs.edu/admissions/index.aspx	kctcs.edu	C	west-kentucky-community-and-technical-college
157483	website	https://westkentucky.kctcs.edu/	kctcs.edu	C	west-kentucky-community-and-technical-college
237932	admissions	http://www.westliberty.edu/admissions/	westliberty.edu	B	west-liberty-university
237932	website	http://www.westliberty.edu/	westliberty.edu	B	west-liberty-university
125471	admissions	http://www.wlac.edu/admissions	wlac.edu	C	west-los-angeles-college
125471	website	http://www.wlac.edu/	wlac.edu	C	west-los-angeles-college
197036	admissions	https://www.westpoint.edu/admissions	westpoint.edu	A	west-point
197036	website	http://www.westpoint.edu/	westpoint.edu	A	west-point
172671	admissions	https://www.westshore.edu/future-students/admissions/	westshore.edu	C	west-shore-community-college
172671	website	https://www.westshore.edu/	westshore.edu	C	west-shore-community-college
229814	admissions	https://www.wtamu.edu/admissions	wtamu.edu	B	west-texas-a-and-m-university
229814	website	https://www.wtamu.edu/	wtamu.edu	B	west-texas-a-and-m-university
125499	admissions	http://www.westvalley.edu/admissions/	westvalley.edu	C	west-valley-college
125499	website	http://www.westvalley.edu/	westvalley.edu	C	west-valley-college
237987	admissions	http://www.wvjc.edu/	wvjc.edu	C	west-virginia-junior-college-charleston
237987	website	http://www.wvjc.edu/	wvjc.edu	C	west-virginia-junior-college-charleston
237996	admissions	http://www.wvjc.edu/	wvjc.edu	C	west-virginia-junior-college-morgantown
237996	website	http://www.wvjc.edu/	wvjc.edu	C	west-virginia-junior-college-morgantown
238014	admissions	http://www.wvncc.edu/offices-and-services/admissions-office/197	wvncc.edu	C	west-virginia-northern-community-college
238014	website	http://www.wvncc.edu/	wvncc.edu	C	west-virginia-northern-community-college
237899	admissions	http://www.wvstateu.edu/Admissions.aspx	wvstateu.edu	B	west-virginia-state-university
237899	website	http://www.wvstateu.edu/	wvstateu.edu	B	west-virginia-state-university
238032	admissions	http://admissions.wvu.edu/	wvu.edu	B	west-virginia-university
238032	website	http://www.wvu.edu/	wvu.edu	B	west-virginia-university
237686	admissions	https://www.wvup.edu/future-students/admissions/	wvup.edu	C	west-virginia-university-at-parkersburg
237686	website	http://www.wvup.edu/	wvup.edu	C	west-virginia-university-at-parkersburg
237950	admissions	http://admissions.wvutech.edu/	wvutech.edu	B	west-virginia-university-institute-of-technology
237950	website	http://www.wvutech.edu/	wvutech.edu	B	west-virginia-university-institute-of-technology
237969	admissions	http://www.wvwc.edu/admissions	wvwc.edu	B	west-virginia-wesleyan-college
237969	website	http://www.wvwc.edu/	wvwc.edu	B	west-virginia-wesleyan-college
490133	admissions	http://www.westcliff.edu/admissions/	westcliff.edu	B	westcliff-university
490133	website	http://www.westcliff.edu/	westcliff.edu	B	westcliff-university
200004	admissions	http://www.wcu.edu/apply/index.aspx	wcu.edu	A	western-carolina-university
200004	website	http://www.wcu.edu/	wcu.edu	A	western-carolina-university
128391	admissions	http://www.western.edu/admissions-aid	western.edu	B	western-colorado-university
128391	website	http://www.western.edu/	western.edu	B	western-colorado-university
130776	admissions	https://www.wcsu.edu/admissions/	wcsu.edu	B	western-connecticut-state-university
130776	website	https://www.wcsu.edu/	wcsu.edu	B	western-connecticut-state-university
219480	admissions	https://www.wdt.edu/wdt-admissions/	wdt.edu	C	western-dakota-technical-college
219480	website	https://www.wdt.edu/	wdt.edu	C	western-dakota-technical-college
433387	admissions	http://www.wgu.edu/admissions/requirements.asp	wgu.edu	C	western-governors-university
433387	website	http://www.wgu.edu/	wgu.edu	C	western-governors-university
149772	admissions	http://www.wiu.edu/admissions/	wiu.edu	B	western-illinois-university
149772	website	http://www.wiu.edu/	wiu.edu	B	western-illinois-university
154572	admissions	https://witcc.edu/semester-prep/	witcc.edu	C	western-iowa-tech-community-college
154572	website	https://www.witcc.edu/	witcc.edu	C	western-iowa-tech-community-college
157951	admissions	https://www.wku.edu/admissions/	wku.edu	B	western-kentucky-university
157951	website	https://www.wku.edu/	wku.edu	B	western-kentucky-university
172699	admissions	https://wmich.edu/admissions/	wmich.edu	A	western-michigan-university
172699	website	https://wmich.edu/	wmich.edu	A	western-michigan-university
181817	admissions	http://www.wncc.edu/admissions-aid/	wncc.edu	C	western-nebraska-community-college
181817	website	http://www.wncc.edu/	wncc.edu	C	western-nebraska-community-college
182564	admissions	http://www.wnc.edu/admissions/	wnc.edu	C	western-nevada-college
182564	website	http://www.wnc.edu/	wnc.edu	C	western-nevada-college
168254	admissions	http://wne.edu/admissions/index	wne.edu	A	western-new-england-university
168254	website	http://wne.edu/	wne.edu	A	western-new-england-university
188304	admissions	http://admissions.wnmu.edu/	wnmu.edu	C	western-new-mexico-university
188304	website	http://wnmu.edu/	wnmu.edu	C	western-new-mexico-university
208035	admissions	http://www.wosc.edu/index.php?page=admissions	wosc.edu	C	western-oklahoma-state-college
208035	website	http://www.wosc.edu/	wosc.edu	C	western-oklahoma-state-college
210429	admissions	https://wou.edu/admission/	wou.edu	A	western-oregon-university
210429	website	https://wou.edu/	wou.edu	A	western-oregon-university
199908	admissions	https://www.wpcc.edu/admissions	wpcc.edu	C	western-piedmont-community-college
199908	website	https://www.wpcc.edu/	wpcc.edu	C	western-piedmont-community-college
240170	admissions	https://www.westerntc.edu/admissions/	westerntc.edu	C	western-technical-college
240170	website	https://www.westerntc.edu/	westerntc.edu	C	western-technical-college
229832	admissions	http://www.wtc.edu/students/applying/admissions.html	wtc.edu	C	western-texas-college
229832	website	http://www.wtc.edu/	wtc.edu	C	western-texas-college
112525	admissions	https://www.westernu.edu/admissions/	westernu.edu	C	western-university-of-health-sciences
112525	website	http://www.westernu.edu/	westernu.edu	C	western-university-of-health-sciences
237011	admissions	http://admissions.wwu.edu/	wwu.edu	A	western-washington-university
237011	website	http://wwu.edu/	wwu.edu	A	western-washington-university
240693	admissions	https://www.westernwyoming.edu/admissions-and-aid/	westernwyoming.edu	C	western-wyoming-community-college
240693	website	https://www.westernwyoming.edu/	westernwyoming.edu	C	western-wyoming-community-college
168263	admissions	http://www.westfield.ma.edu/admissions	ma.edu	B	westfield-state-university
168263	website	http://www.westfield.ma.edu/	ma.edu	B	westfield-state-university
179946	admissions	https://www.wcmo.edu/admissions-aid/index.html	wcmo.edu	B	westminster-college-mo
179946	website	https://www.wcmo.edu/	wcmo.edu	B	westminster-college-mo
216807	admissions	http://www.westminster.edu/admissions	westminster.edu	B	westminster-college-pa
216807	website	http://www.westminster.edu/	westminster.edu	B	westminster-college-pa
230807	admissions	http://www.westminstercollege.edu/admissions/	westminstercollege.edu	A	westminster-university
230807	website	http://www.westminstercollege.edu/	westminstercollege.edu	A	westminster-university
125727	admissions	http://www.westmont.edu/admissions/	westmont.edu	A	westmont-college
125727	website	http://www.westmont.edu/	westmont.edu	A	westmont-college
216825	admissions	https://westmoreland.edu/admissions_aid/index.html	westmoreland.edu	C	westmoreland-county-community-college
216825	website	https://westmoreland.edu/	westmoreland.edu	C	westmoreland-county-community-college
229841	admissions	https://www.wcjc.edu/Admissions/index.aspx	wcjc.edu	C	wharton-county-junior-college
229841	website	https://www.wcjc.edu/	wcjc.edu	C	wharton-county-junior-college
237039	admissions	http://whatcom.edu/future-students/get-started-at-orca-central/apply-now	whatcom.edu	C	whatcom-community-college
237039	website	http://whatcom.edu/	whatcom.edu	C	whatcom-community-college
149781	admissions	http://www.wheaton.edu/undergraduate-admissions/	wheaton.edu	B	wheaton-college-il
149781	website	http://www.wheaton.edu/	wheaton.edu	B	wheaton-college-il
168281	admissions	http://wheatoncollege.edu/admission/	wheatoncollege.edu	B	wheaton-college-ma
168281	website	http://www.wheatoncollege.edu/	wheatoncollege.edu	B	wheaton-college-ma
238078	admissions	http://www.wheeling.edu/admissions/	wheeling.edu	B	wheeling-university
238078	website	http://www.wheeling.edu/	wheeling.edu	B	wheeling-university
434751	website	http://www.wetcc.edu/	wetcc.edu	C	white-earth-tribal-and-community-college
183105	admissions	http://www.wmcc.edu/admissions	wmcc.edu	C	white-mountains-community-college
183105	website	http://www.wmcc.edu/	wmcc.edu	C	white-mountains-community-college
237057	admissions	http://www.whitman.edu/admission-and-aid	whitman.edu	B	whitman-college
237057	website	http://www.whitman.edu/	whitman.edu	B	whitman-college
125763	admissions	http://www.whittier.edu/admission	whittier.edu	B	whittier-college
125763	website	http://www.whittier.edu/	whittier.edu	B	whittier-college
237066	admissions	https://www.whitworth.edu/cms/administration/admissions	whitworth.edu	B	whitworth-university
237066	website	http://www.whitworth.edu/	whitworth.edu	B	whitworth-university
156125	admissions	https://www.wichita.edu/admissions/index.php	wichita.edu	A	wichita-state-university
156125	website	http://www.wichita.edu/	wichita.edu	A	wichita-state-university
216852	admissions	https://www.widener.edu/admissions-aid	widener.edu	B	widener-university-main-campus
216852	website	https://www.widener.edu/	widener.edu	B	widener-university-main-campus
206491	admissions	http://www.wilberforce.edu/admissions	wilberforce.edu	B	wilberforce-university
206491	website	http://www.wilberforce.edu/	wilberforce.edu	B	wilberforce-university
229887	admissions	https://wileyc.edu/admissions-aid	wileyc.edu	C	wiley-university
229887	website	http://wileyc.edu/	wileyc.edu	C	wiley-university
199926	admissions	https://www.wilkescc.edu/gettingstarted/	wilkescc.edu	C	wilkes-community-college
199926	website	http://www.wilkescc.edu/	wilkescc.edu	C	wilkes-community-college
216931	admissions	https://www.wilkes.edu/admissions/index.aspx	wilkes.edu	A	wilkes-university
216931	website	https://www.wilkes.edu/	wilkes.edu	A	wilkes-university
210401	admissions	http://www.willamette.edu/admission/index.html	willamette.edu	B	willamette
210401	website	http://www.willamette.edu/	willamette.edu	B	willamette
176479	admissions	https://www.wmcarey.edu/admissions	wmcarey.edu	B	william-carey-university
176479	website	https://www.wmcarey.edu/	wmcarey.edu	B	william-carey-university
166717	admissions	http://www.williamjames.edu/	williamjames.edu	C	william-james-college
166717	website	http://www.williamjames.edu/	williamjames.edu	C	william-james-college
122728	admissions	http://www.jessup.edu/undergrad/	jessup.edu	B	william-jessup-university
122728	website	http://www.jessup.edu/	jessup.edu	B	william-jessup-university
179955	admissions	https://www.jewell.edu/join	jewell.edu	B	william-jewell-college
179955	website	https://www.jewell.edu/	jewell.edu	B	william-jewell-college
231624	admissions	https://www.wm.edu/admission/	wm.edu	B	william-mary
231624	website	https://www.wm.edu/	wm.edu	B	william-mary
222105	admissions	http://www.mooretech.edu/admissions	mooretech.edu	C	william-moore-college-of-technology
222105	website	http://www.mooretech.edu/	mooretech.edu	C	william-moore-college-of-technology
187444	admissions	http://www.wpunj.edu/admissions/	wpunj.edu	B	william-paterson-university-of-new-jersey
187444	website	http://www.wpunj.edu/	wpunj.edu	B	william-paterson-university-of-new-jersey
199272	admissions	http://www.peace.edu/admissions/	peace.edu	B	william-peace-university
199272	website	http://www.peace.edu/	peace.edu	B	william-peace-university
154590	admissions	https://www.wmpenn.edu/admissions-aid/admissions/	wmpenn.edu	B	william-penn-university
154590	website	https://www.wmpenn.edu/	wmpenn.edu	B	william-penn-university
179964	admissions	https://www.williamwoods.edu/admissions/index.html	williamwoods.edu	B	william-woods-university
179964	website	https://www.williamwoods.edu/	williamwoods.edu	B	william-woods-university
168342	admissions	https://www.williams.edu/admission-aid/	williams.edu	B	williams
168342	website	https://www.williams.edu/	williams.edu	B	williams
107877	admissions	https://williamsbu.edu/admission-requirements-staff/	williamsbaptistuniversity.com	B	williams-baptist-university
107877	website	https://williamsbaptistuniversity.com/	williamsbaptistuniversity.com	B	williams-baptist-university
218955	admissions	https://www.wiltech.edu/admissionsnew/	wiltech.edu	C	williamsburg-technical-college
218955	website	https://www.wiltech.edu/	wiltech.edu	C	williamsburg-technical-college
443340	admissions	http://www.williamsoncc.edu/apply/admissions/	williamsoncc.edu	C	williamson-christian-college
443340	website	http://www.williamsoncc.edu/	williamsoncc.edu	C	williamson-christian-college
200341	admissions	https://willistonstate.edu/admissions/	willistonstate.edu	C	williston-state-college
200341	website	https://willistonstate.edu/	willistonstate.edu	C	williston-state-college
206507	admissions	https://www.wilmington.edu/admission/	wilmington.edu	B	wilmington-college
206507	website	https://www.wilmington.edu/	wilmington.edu	B	wilmington-college
131113	admissions	http://www.wilmu.edu/admission/index.aspx	wilmu.edu	C	wilmington-university
131113	website	http://www.wilmu.edu/	wilmu.edu	C	wilmington-university
217013	admissions	http://www.wilson.edu/undergraduate	wilson.edu	B	wilson-college
217013	website	http://www.wilson.edu/	wilson.edu	B	wilson-college
199953	admissions	http://www.wilsoncc.edu/student-development/admission/	wilsoncc.edu	C	wilson-community-college
199953	website	http://www.wilsoncc.edu/	wilsoncc.edu	C	wilson-community-college
141990	admissions	https://windward.hawaii.edu/how-to-apply/admissions-records/	hawaii.edu	C	windward-community-college
141990	website	https://windward.hawaii.edu/	hawaii.edu	C	windward-community-college
199962	admissions	https://www.wingate.edu/admissions	wingate.edu	B	wingate-university
199962	website	https://www.wingate.edu/	wingate.edu	B	wingate-university
175272	admissions	http://www.winona.edu/admissions/	winona.edu	B	winona-state-university
175272	website	http://www.winona.edu/	winona.edu	B	winona-state-university
199999	admissions	https://www.wssu.edu/admissions/index.html	wssu.edu	B	winston-salem-state-university
199999	website	https://www.wssu.edu/	wssu.edu	B	winston-salem-state-university
218964	admissions	http://www.winthrop.edu/admissions/	winthrop.edu	B	winthrop
218964	website	http://www.winthrop.edu/	winthrop.edu	B	winthrop
141255	admissions	https://www.wiregrass.edu/admissions	wiregrass.edu	C	wiregrass-georgia-technical-college
141255	website	https://www.wiregrass.edu/	wiregrass.edu	C	wiregrass-georgia-technical-college
240444	admissions	https://www.admissions.wisc.edu/	wisc.edu	B	wisconsin
240444	website	http://www.wisc.edu/	wisc.edu	B	wisconsin
240338	admissions	http://www.wlc.edu/admissions-and-aid/	wlc.edu	B	wisconsin-lutheran-college
240338	website	http://www.wlc.edu/	wlc.edu	B	wisconsin-lutheran-college
206525	admissions	http://www.wittenberg.edu/admission	wittenberg.edu	B	wittenberg-university
206525	website	http://www.wittenberg.edu/	wittenberg.edu	B	wittenberg-university
218973	admissions	http://www.wofford.edu/admission	wofford.edu	B	wofford-college
218973	website	http://www.wofford.edu/	wofford.edu	B	wofford-college
125897	admissions	https://woodbury.edu/admissions/	woodbury.edu	B	woodbury-university
125897	website	https://woodbury.edu/	woodbury.edu	B	woodbury-university
455512	admissions	https://wcc.yccd.edu/admissions/	yccd.edu	C	woodland-community-college
455512	website	https://wcc.yccd.edu/	yccd.edu	C	woodland-community-college
206589	admissions	https://wooster.edu/admissions/	wooster.edu	B	wooster
206589	website	https://wooster.edu/	wooster.edu	B	wooster
164313	admissions	http://www.worwic.edu/Apply-Register	worwic.edu	C	wor-wic-community-college
164313	website	http://www.worwic.edu/	worwic.edu	C	wor-wic-community-college
168430	admissions	https://www.worcester.edu/admissions-aid/	worcester.edu	A	worcester-state-university
168430	website	https://www.worcester.edu/	worcester.edu	A	worcester-state-university
401223	website	http://www.wmu.edu/	wmu.edu	C	world-mission-university
168421	admissions	https://www.wpi.edu/admissions/undergraduate	wpi.edu	B	wpi
168421	website	https://www.wpi.edu/	wpi.edu	B	wpi
206613	admissions	https://lake.wright.edu/admissions	wright.edu	C	wright-state-university-lake-campus
206613	website	https://lake.wright.edu/	wright.edu	C	wright-state-university-lake-campus
206604	admissions	https://www.wright.edu/admissions	wright.edu	B	wright-state-university-main-campus
206604	website	https://www.wright.edu/	wright.edu	B	wright-state-university-main-campus
234377	admissions	http://www.wcc.vccs.edu/admissions	vccs.edu	C	wytheville-community-college
234377	website	http://www.wcc.vccs.edu/	vccs.edu	C	wytheville-community-college
206622	admissions	https://www.xavier.edu/admission/	xavier.edu	A	xavier-university
206622	website	https://www.xavier.edu/	xavier.edu	A	xavier-university
160904	admissions	https://www.xula.edu/admissions/index.html	xula.edu	B	xavier-university-of-louisiana
160904	website	https://www.xula.edu/	xula.edu	B	xavier-university-of-louisiana
237109	admissions	https://www.yvcc.edu/admissions	yvcc.edu	C	yakima-valley-college
237109	website	https://www.yvcc.edu/	yvcc.edu	C	yakima-valley-college
130794	admissions	https://admissions.yale.edu/	yale.edu	B	yale
130794	website	https://www.yale.edu/	yale.edu	B	yale
106148	admissions	https://www.yc.edu/v6/admissions/	yc.edu	C	yavapai-college
106148	website	https://www.yc.edu/	yc.edu	C	yavapai-college
197647	website	https://ydc.edu/	ydc.edu	B	yeshiva-derech-chaim
420325	admissions	https://yeshivadmonsey.com/	yeshivadmonsey.com	B	yeshiva-dmonsey-rabbinical-college
420325	website	https://yeshivadmonsey.com/	yeshivadmonsey.com	B	yeshiva-dmonsey-rabbinical-college
375230	admissions	http://spinka58st.com/	spinka58st.com	C	yeshiva-gedolah-imrei-yosef-dspinka
375230	website	http://spinka58st.com/	spinka58st.com	C	yeshiva-gedolah-imrei-yosef-dspinka
247773	admissions	https://www.yeshivagedolahgreaterdetroit.com/	yeshivagedolahgreaterdetroit.com	B	yeshiva-gedolah-of-greater-detroit
247773	website	https://www.yeshivagedolahgreaterdetroit.com/	yeshivagedolahgreaterdetroit.com	B	yeshiva-gedolah-of-greater-detroit
197601	website	https://yeshivakarlinstolin.org/	yeshivakarlinstolin.org	C	yeshiva-karlin-stolin
455257	website	https://yeshivaofmachzikaihadas.com/	yeshivaofmachzikaihadas.com	B	yeshiva-of-machzikai-hadas
197674	admissions	http://yeshivaofnitra.org/	yeshivaofnitra.org	C	yeshiva-of-nitra-rabbinical-college
197674	website	http://yeshivaofnitra.org/	yeshivaofnitra.org	C	yeshiva-of-nitra-rabbinical-college
431983	admissions	https://yeshivatelshealumni.com/	yeshivatelshealumni.com	B	yeshiva-of-the-telshe-alumni
431983	website	https://yeshivatelshealumni.com/	yeshivatelshealumni.com	B	yeshiva-of-the-telshe-alumni
126076	admissions	http://www.yoec.edu/	yoec.edu	B	yeshiva-ohr-elchonon-chabad-west-coast-talmudical-seminary
126076	website	http://www.yoec.edu/	yoec.edu	B	yeshiva-ohr-elchonon-chabad-west-coast-talmudical-seminary
197692	admissions	http://shaarhatorah.edu/	shaarhatorah.edu	B	yeshiva-shaar-hatorah
197692	website	http://shaarhatorah.edu/	shaarhatorah.edu	B	yeshiva-shaar-hatorah
441609	admissions	http://www.yst.edu/	yst.edu	B	yeshiva-shaarei-torah-of-rockland
441609	website	http://www.yst.edu/	yst.edu	B	yeshiva-shaarei-torah-of-rockland
451398	admissions	https://ytclakewood.com/	ytclakewood.com	B	yeshiva-toras-chaim
451398	website	https://ytclakewood.com/	ytclakewood.com	B	yeshiva-toras-chaim
197708	admissions	http://yu.edu/admissions	yu.edu	A	yeshiva-university
197708	website	http://www.yu.edu/	yu.edu	A	yeshiva-university
363712	website	http://www.lecfl.com/	lecfl.com	C	yeshivah-gedolah-rabbinical-college
451370	admissions	https://yeshivasbeeryitzchok.org/	yeshivasbeeryitzchok.org	B	yeshivas-beer-yitzchok
451370	website	https://yeshivasbeeryitzchok.org/	yeshivasbeeryitzchok.org	B	yeshivas-beer-yitzchok
405058	admissions	https://yeshivasnovominsk.com/	yeshivasnovominsk.com	B	yeshivas-novominsk
405058	website	https://yeshivasnovominsk.com/	yeshivasnovominsk.com	B	yeshivas-novominsk
217040	admissions	https://yeshivabethmoshe.com/	yeshivabethmoshe.com	B	yeshivath-beth-moshe
217040	website	https://yeshivabethmoshe.com/	yeshivabethmoshe.com	B	yeshivath-beth-moshe
197735	admissions	https://yeshivathviznitz.com/	yeshivathviznitz.com	C	yeshivath-viznitz
197735	website	https://yeshivathviznitz.com/	yeshivathviznitz.com	C	yeshivath-viznitz
197744	admissions	https://yeshivathzichronmoshe.com/	yeshivathzichronmoshe.com	B	yeshivath-zichron-moshe
197744	website	https://yeshivathzichronmoshe.com/	yeshivathzichronmoshe.com	B	yeshivath-zichron-moshe
401250	admissions	http://www.yosan.edu/admissions-information-acupuncture-degree-los-angeles/	yosan.edu	C	yo-san-university-of-traditional-chinese-medicine
401250	website	http://yosan.edu/	yosan.edu	C	yo-san-university-of-traditional-chinese-medicine
217059	admissions	https://www.ycp.edu/admissions	ycp.edu	B	york-college-pennsylvania
217059	website	https://www.ycp.edu/	ycp.edu	B	york-college-pennsylvania
420440	admissions	https://www.yccc.edu/admissions-aid/	yccc.edu	C	york-county-community-college
420440	website	https://www.yccc.edu/	yccc.edu	C	york-county-community-college
218991	admissions	http://www.yorktech.edu/admissions/	yorktech.edu	C	york-technical-college
218991	website	http://www.yorktech.edu/	yorktech.edu	C	york-technical-college
181853	admissions	https://www.york.edu/admissions/index.php	york.edu	B	york-university
181853	website	http://www.york.edu/	york.edu	B	york-university
141361	admissions	http://www.yhc.edu/admissions	yhc.edu	B	young-harris-college
141361	website	http://www.yhc.edu/	yhc.edu	B	young-harris-college
206695	admissions	https://ysu.edu/admissions	ysu.edu	B	youngstown-state-university
206695	website	https://ysu.edu/	ysu.edu	B	youngstown-state-university
126119	admissions	https://yc.yccd.edu/admissions/	yccd.edu	C	yuba-college
126119	website	https://yc.yccd.edu/	yccd.edu	C	yuba-college
204255	admissions	https://www.zanestate.edu/admissions/	zanestate.edu	C	zane-state-college
204255	website	http://www.zanestate.edu/	zanestate.edu	C	zane-state-college
