slug,post_id,unitid,tier,full_name,short_name,source
a-t-still-university,37758,177834,C,A.T. Still University of Health Sciences,A.T. Still University of Health Sciences,fallback
aaniiih-nakoda-college,34689,180203,C,Aaniiih Nakoda College,Aaniiih Nakoda College,fallback
abilene-christian-university,32010,222178,B,Abilene Christian University,Abilene Christian University,fallback
abraham-baldwin-agricultural-college,33192,138558,B,Abraham Baldwin Agricultural College,Abraham Baldwin Agricultural College,fallback
academy-college,34279,172866,C,Academy College,Academy College,fallback
academy-of-art-university,37759,108232,C,Academy of Art University,Academy of Art University,fallback
adams-state-university,32879,126182,C,Adams State University,Adams State University,fallback
adelphi-university,31956,188429,B,Adelphi University,Adelphi University,fallback
adler-university,35251,142832,C,Adler University,Adler University,fallback
adrian-college,32886,168528,B,Adrian College,Adrian College,fallback
advanced-technology-institute,34024,231411,B,Advanced Technology Institute,Advanced Technology Institute,fallback
adventhealth-university,33419,133872,C,AdventHealth University,AdventHealth University,fallback
agape-college-of-business-and-science,35368,496399,C,Agape College of Business and Science,Agape College of Business and Science,fallback
agnes-scott,31830,138600,A,Agnes Scott College,Agnes Scott College,fallback (hand-checked)
aiken-technical-college,34054,217615,C,Aiken Technical College,Aiken Technical College,fallback
aims-community-college,33600,126207,C,Aims Community College,Aims Community College,fallback
air-force-academy,31783,128328,B,United States Air Force Academy,United States Air Force Academy,fallback
alabama,31835,100751,A,The University of Alabama,University of Alabama,hand-checked
alabama-a-m-university,33088,100654,B,Alabama A&M University,Alabama A&M University,fallback
alabama-state-university,33139,100724,B,Alabama State University,Alabama State University,fallback
alamance-community-college,33706,199786,C,Alamance Community College,Alamance Community College,fallback
alaska-bible-college,34582,102580,C,Alaska Bible College,Alaska Bible College,fallback
alaska-pacific-university,34198,102669,B,Alaska Pacific University,Alaska Pacific University,fallback
albany-college-of-pharmacy-and-health-sciences,31863,188526,B,Albany College of Pharmacy and Health Sciences,Albany College of Pharmacy and Health Sciences,fallback
albany-state-university,33224,138716,C,Albany State University,Albany State University,fallback
albany-technical-college,33618,138682,C,Albany Technical College,Albany Technical College,fallback
albertus-magnus-college,32998,128498,A,Albertus Magnus College,Albertus Magnus College,fallback (hand-checked)
albion-college,32338,168546,A,Albion College,Albion College,fallback (hand-checked)
albizu-university-miami,33215,132842,B,Albizu University Miami,Albizu University Miami,fallback
albright-college,33074,210571,B,Albright College,Albright College,fallback
alcorn-state-university,32881,175342,B,Alcorn State University,Alcorn State University,fallback
alexandria-technical-and-community-college,34017,172918,C,Alexandria Technical & Community College,Alexandria Technical & Community College,fallback
alfred-university,32491,188641,B,Alfred University,Alfred University,fallback
alice-lloyd-college,32191,156189,B,Alice Lloyd College,Alice Lloyd College,fallback
allan-hancock-college,33425,108807,C,Allan Hancock College,Allan Hancock College,fallback
allegany-college-of-maryland,33847,161688,C,Allegany College of Maryland,Allegany College of Maryland,fallback
allegheny-college,32225,210669,A,Allegheny College,Allegheny College,fallback (hand-checked)
allegheny-wesleyan-college,33925,200873,C,Allegheny Wesleyan College,Allegheny Wesleyan College,fallback
allen-college,34710,152798,C,Allen College,Allen College,fallback
allen-county-community-college,34618,154642,C,Allen County Community College,Allen County Community College,fallback
allen-university,33619,217624,B,Allen University,Allen University,fallback
alliant-international-university,37760,110468,C,Alliant International University,Alliant International University,fallback
alma-college,32289,168591,B,Alma College,Alma College,fallback
alpena-community-college,33259,168607,C,Alpena Community College,Alpena Community College,fallback
alvernia-university,32466,210775,B,Alvernia University,Alvernia University,fallback
alverno-college,32773,238193,B,Alverno College,Alverno College,fallback
alvin-community-college,33427,222567,C,Alvin Community College,Alvin Community College,fallback
amarillo-college,33527,222576,C,Amarillo College,Amarillo College,fallback
amberton-university,35286,222628,C,Amberton University,Amberton University,fallback
america-evangelical-university,35350,490081,C,America Evangelical University,America Evangelical University,fallback
american-academy-mcallister-institute-of-funeral-service,34741,188687,C,American Academy McAllister Institute of Funeral Service,American Academy McAllister Institute of Funeral Service,fallback
american-academy-of-dramatic-arts-new-york,34157,188678,B,American Academy of Dramatic Arts New York,American Academy of Dramatic Arts New York,fallback
american-baptist-college,34250,219505,C,American Baptist College,American Baptist College,fallback
american-college-of-financial-services,35280,210809,C,American College of Financial Services,American College of Financial Services,fallback
american-indian-college-of-the-assemblies-of-god-inc,34351,,C,American Indian College of the Assemblies of God Inc,American Indian College of the Assemblies of God Inc,fallback
american-institute-of-alternative-medicine,34367,441636,B,American Institute of Alternative Medicine,American Institute of Alternative Medicine,fallback
american-intercontinental-university-atlanta,33910,438586,C,American InterContinental University Atlanta,American InterContinental University Atlanta,fallback
american-intercontinental-university-houston,33689,445133,C,American InterContinental University Houston,American InterContinental University Houston,fallback
american-intercontinental-university-online,34558,445027,C,American InterContinental University Online,American InterContinental University Online,fallback
american-international-college,33158,164447,B,American International College,American International College,fallback
american-islamic-college,35252,142957,B,American Islamic College,American Islamic College,fallback
american-jewish-university,33846,116846,C,American Jewish University,American Jewish University,fallback
american-musical-and-dramatic-academy,33667,188854,B,American Musical and Dramatic Academy,American Musical and Dramatic Academy,fallback
american-national-university,34251,232797,C,American National University,American National University,fallback
american-public-university-system,34084,449339,C,American Public University System,American Public University,IPEDS alias
american-river-college,33381,109208,C,American River College,American River College,fallback
american-university,31924,131159,B,American University,American University,fallback
american-university-of-health-sciences,33298,433004,B,American University of Health Sciences,American University of Health Sciences,fallback
amherst,31705,164465,B,Amherst College,Amherst College,fallback
amridge-university,33922,100690,C,Amridge University,Amridge University,fallback
ana-g-mendez-university,35335,483595,C,Ana G. Mendez University,Ana G. Mendez University,fallback
anderson-university,32492,150066,B,Anderson University,Anderson University (IN),name + state
anderson-university-sc,31900,217633,B,Anderson University,Anderson University (SC),name + state
andrew-college,33273,138761,B,Andrew College,Andrew College,fallback
andrews-university,32031,168740,B,Andrews University,Andrews University,fallback
angelina-college,33641,222822,C,Angelina College,Angelina College,fallback
angelo-state-university,31909,222831,B,Angelo State University,Angelo State,IPEDS alias
anna-maria-college,33144,164492,B,Anna Maria College,Anna Maria College,fallback
anne-arundel-community-college,33538,161767,C,Anne Arundel Community College,Anne Arundel Community College,fallback
anoka-ramsey-community-college,33678,172963,C,Anoka-Ramsey Community College,Anoka-Ramsey,IPEDS alias
anoka-technical-college,33854,172954,C,Anoka Technical College,Anoka Technical College,fallback
antelope-valley-college,33444,109350,C,Antelope Valley College,Antelope Valley College,fallback
antioch-college,35332,483018,B,Antioch College,Antioch College,fallback
antioch-university,35295,245892,C,Antioch University,Antioch University,fallback
antioch-university-los-angeles,35293,245838,C,Antioch University Los Angeles,Antioch University Los Angeles,fallback
antioch-university-santa-barbara,35294,245847,C,Antioch University Santa Barbara,Antioch University Santa Barbara,fallback
antioch-university-seattle,33698,245883,C,Antioch University Seattle,Antioch University Seattle,fallback
appalachian-bible-college,32667,237136,B,Appalachian Bible College,Appalachian Bible College,fallback
appalachian-state,31676,197869,B,Appalachian State University,Appalachian State University,fallback
aquinas-college-mi,32253,168786,A,Aquinas College,Aquinas College (MI),name + state
aquinas-college-tn,32187,,C,Aquinas College,Aquinas College,fallback
arapahoe-community-college,33759,126289,C,Arapahoe Community College,Arapahoe Community College,fallback
arcadia-university,32428,211088,A,Arcadia University,Arcadia University,fallback (hand-checked)
arizona-christian-university,32946,105899,B,Arizona Christian University,Arizona Christian University,fallback
arizona-college-of-allied-health,34075,,C,Arizona College of Allied Health,Arizona College of Allied Health,fallback
arizona-state-university,32194,104151,B,Arizona State University,Arizona State University,fallback
arizona-western-college,33573,104160,C,Arizona Western College,Arizona Western College,fallback
arkansas-baptist-college,33277,106306,C,Arkansas Baptist College,Arkansas Baptist College,fallback
arkansas-northeastern-college,33188,107327,C,Arkansas Northeastern College,Arkansas Northeastern College,fallback
arkansas-state-university-beebe,33230,106449,C,Arkansas State University Beebe,Arkansas State University Beebe,fallback
arkansas-state-university-main-campus,32002,106458,B,Arkansas State University,Arkansas State University,fallback
arkansas-state-university-mid-south,34369,107318,C,Arkansas State University Mid-South,Arkansas State University Mid-South,fallback
arkansas-state-university-mountain-home,34297,420538,C,Arkansas State University Mountain Home,Arkansas State University Mountain Home,fallback
arkansas-state-university-newport,32828,440402,C,Arkansas State University Newport,Arkansas State University Newport,fallback
arkansas-state-university-three-rivers,34544,107521,C,Arkansas State University Three Rivers,Arkansas State University Three Rivers,fallback
arkansas-tech-university,32568,106467,B,Arkansas Tech University,Arkansas Tech,IPEDS alias
arlington-baptist-university,33474,222877,C,Arlington Baptist University,Arlington Baptist University,fallback
art-academy-of-cincinnati,33021,201061,B,Art Academy of Cincinnati,Art Academy of Cincinnati,fallback
art-center-college-of-design,33468,109651,B,Art Center College of Design,Art Center College of Design,fallback
asbury-university,32020,156213,B,Asbury University,Asbury University,fallback
asheville-buncombe-technical-community-college,33873,197887,C,Asheville-Buncombe Technical Community College,Asheville-Buncombe Technical Community College,fallback
ashland-community-and-technical-college,34374,156231,C,Ashland Community and Technical College,Ashland Community and Technical College,fallback
ashland-university,32208,201104,A,Ashland University,Ashland University,fallback (hand-checked)
aspira-city-college,35019,214023,B,ASPIRA City College,ASPIRA City College,fallback
assumption-university,32383,164562,B,Assumption University,Assumption University,fallback
ata-college,34272,447935,C,ATA College,ATA College,fallback
athenaeum-of-ohio,35278,201140,C,Athenaeum of Ohio,Athenaeum of Ohio,fallback
athens-state-university,35232,100812,C,Athens State University,Athens State University,fallback
athens-technical-college,33621,246813,C,Athens Technical College,Athens Technical College,fallback
atlanta-metropolitan-college,33358,138901,C,Atlanta Metropolitan State College,Atlanta Metropolitan State College,fallback
atlanta-technical-college,33363,138840,C,Atlanta Technical College,Atlanta Technical College,fallback
atlantic-cape-community-college,33693,183655,C,Atlantic Cape Community College,Atlantic Cape Community College,fallback
ats-institute-of-technology,34595,,C,ATS Institute of Technology,ATS Institute of Technology,fallback
auburn,31669,100858,B,Auburn University,Auburn University,fallback
auburn-university-at-montgomery,32494,100830,A,Auburn University at Montgomery,Auburn Montgomery,hand-checked
augsburg-university,32767,173045,B,Augsburg University,Augsburg University,fallback
augusta-technical-college,33571,138956,C,Augusta Technical College,Augusta Technical College,fallback
augusta-university,35330,482149,B,Augusta University,Augusta University,fallback
augustana,31841,219000,A,Augustana University,Augustana University,fallback (hand-checked)
augustana-college,32724,143084,A,Augustana College,Augustana College,fallback (hand-checked)
aultman-college-of-nursing-and-health-sciences,32483,201177,B,Aultman College of Nursing and Health Sciences,Aultman College of Nursing and Health Sciences,fallback
aurora-university,32166,143118,A,Aurora University,Aurora University,fallback (hand-checked)
austin-college,32041,222983,B,Austin College,Austin College,fallback
austin-community-college-district,33408,222992,C,Austin Community College District,Austin Community College District,fallback
austin-peay-state-university,32704,219602,A,Austin Peay State University,Austin Peay State University,fallback (hand-checked)
ave-maria-university,32083,446048,B,Ave Maria University,Ave Maria University,fallback
averett-university,33056,231420,B,Averett University,Averett University,fallback
aviation-institute-of-maintenance-manassas,34417,445762,C,Aviation Institute of Maintenance Manassas,Aviation Institute of Maintenance Manassas,fallback
aviation-institute-of-maintenance-norfolk,34674,427973,C,Aviation Institute of Maintenance Norfolk,Aviation Institute of Maintenance Norfolk,fallback
aviator-college-of-aeronautical-science-and-technology,34263,447847,C,Aviator College of Aeronautical Science and Technology,Aviator College of Aeronautical Science and Technology,fallback
avila-university,32824,176628,B,Avila University,Avila University,fallback
azusa-pacific-university,31871,109785,B,Azusa Pacific University,Azusa Pacific University,fallback
babson,31812,164580,B,Babson College,Babson College,fallback
bacone-college,33200,,C,Bacone College,Bacone College,fallback
bais-medrash-elyon,34722,245777,B,Bais Medrash Elyon,Bais Medrash Elyon,fallback
bais-medrash-toras-chesed,34650,449658,B,Bais Medrash Toras Chesed,Bais Medrash Toras Chesed,fallback
baker-college,38872,168847,B,Baker College,Baker College,fallback
baker-university,32388,154688,B,Baker University,Baker University,fallback
bakersfield-college,33457,109819,C,Bakersfield College,Bakersfield College,fallback
bakke-graduate-university,37761,420705,C,Bakke Graduate University,Bakke Graduate University,fallback
baldwin-wallace-university,31935,201195,A,Baldwin Wallace University,Baldwin Wallace University,fallback (hand-checked)
ball-state-university,32241,150136,B,Ball State University,Ball State University,fallback
baltimore-city-community-college,33519,161864,C,Baltimore City Community College,Baltimore City Community College,fallback
baptist-health-sciences-university,32869,219639,B,Baptist Health Sciences University,Baptist Health Sciences University,fallback
baptist-missionary-association-theological-seminary,34635,223117,B,Baptist Missionary Association Theological Seminary,Baptist Missionary Association Theological Seminary,fallback
baptist-university-of-florida,33050,132408,B,Baptist University of Florida,Baptist University of Florida,fallback
baptist-university-of-the-americas,34597,444398,C,Baptist University of the Americas,Baptist University of the Americas,fallback
barclay-college,34316,155070,B,Barclay College,Barclay College,fallback
bard-college,33397,189088,B,Bard College,Bard College,fallback
bard-college-at-simons-rock,32211,167792,B,Bard College at Simon's Rock,Bard College at Simon's Rock,fallback
barnard,31754,189097,B,Barnard College,Barnard College,fallback
barry-university,32079,132471,B,Barry University,Barry University,fallback
barstow-community-college,33999,109907,C,Barstow Community College,Barstow Community College,fallback
barton-college,32795,197911,B,Barton College,Barton College,fallback
barton-county-community-college,34510,154697,C,Barton County Community College,Barton County Community College,fallback
bastyr-university,35290,235547,C,Bastyr University,Bastyr University,fallback
bates-college,33497,160977,B,Bates College,Bates College,fallback
bates-technical-college,33502,235671,C,Bates Technical College,Bates Technical College,fallback
baton-rouge-college,34573,,C,Baton Rouge College,Baton Rouge College,fallback
baton-rouge-community-college,33472,437103,C,Baton Rouge Community College,Baton Rouge Community College,fallback
bay-de-noc-community-college,34686,168883,C,Bay de Noc Community College,Bay de Noc Community College,fallback
bay-mills-community-college,34803,380359,C,Bay Mills Community College,Bay Mills Community College,fallback
bay-path-university,32513,164632,B,Bay Path University,Bay Path University,fallback
baylor-university,31866,223232,B,Baylor University,Baylor University,fallback
beacon-college,32891,384254,B,Beacon College,Beacon College,fallback
beaufort-county-community-college,34294,197966,C,Beaufort County Community College,Beaufort County Community College,fallback
beckfield-college-florence,34817,247065,C,Beckfield College Florence,Beckfield College Florence,fallback
beis-medrash-heichal-dovid,35132,444413,B,Beis Medrash Heichal Dovid,Beis Medrash Heichal Dovid,fallback
bel-rea-institute-of-animal-technology,33892,126359,C,Bel-Rea Institute of Animal Technology,Bel-Rea Institute of Animal Technology,fallback
belanger-school-of-nursing,34610,190956,C,Belanger School of Nursing,Belanger School of Nursing,fallback
belhaven-university,32301,175421,B,Belhaven University,Belhaven University,fallback
bellarmine-university,32438,156286,B,Bellarmine University,Bellarmine University,fallback
bellevue-college,33376,234669,C,Bellevue College,Bellevue College,fallback
bellevue-university,33769,180814,C,Bellevue University,Bellevue University,fallback
bellin-college,32105,238324,B,Bellin College,Bellin College,fallback
bellingham-technical-college,34223,234696,C,Bellingham Technical College,Bellingham Technical College,fallback
belmont,31771,219709,A,Belmont University,Belmont University,fallback (hand-checked)
belmont-abbey-college,32654,197984,B,Belmont Abbey College,Belmont Abbey College,fallback
belmont-college,34089,201283,C,Belmont College,Belmont College,fallback
beloit-college,32639,238333,A,Beloit College,Beloit College,fallback (hand-checked)
bemidji-state-university,32782,173124,B,Bemidji State University,Bemidji State University,fallback
benedict-college,33384,217721,B,Benedict College,Benedict College,fallback
benedictine-college,32154,154712,B,Benedictine College,Benedictine College,fallback
benedictine-university,32783,145619,B,Benedictine University,Benedictine University,fallback
benjamin-franklin-institute-of-technology,33323,165884,C,Benjamin Franklin Cummings Institute of Technology,Benjamin Franklin Cummings Institute of Technology,fallback
bennett-college,33236,197993,B,Bennett College,Bennett College,fallback
bennington-college,32268,230816,A,Bennington College,Bennington College,fallback (hand-checked)
bentley-university,31852,164739,B,Bentley University,Bentley University,fallback
berea-college,32058,156295,B,Berea College,Berea College,fallback
bergen-community-college,33406,183743,C,Bergen Community College,Bergen Community College,fallback
bergin-college-of-canine-studies,37762,,C,Bergin College of Canine Studies,Bergin College of Canine Studies,fallback
berkeley-city-college,33412,125170,C,Berkeley City College,Berkeley City College,fallback
berkeley-college-new-york,33260,189228,C,Berkeley College New York,Berkeley College New York,fallback
berkeley-college-woodland-park,33155,183789,C,Berkeley College Woodland Park,Berkeley College Woodland Park,fallback
berkeley-school-of-theology,35236,108861,B,Berkeley School of Theology,Berkeley School of Theology,fallback
berklee-college-of-music,33379,164748,B,Berklee College of Music,Berklee College of Music,fallback
berks-technical-institute,34121,213534,C,Miller-Motte College Berks Technical Institute,Miller-Motte College Berks Technical Institute,fallback
berkshire-community-college,34172,164775,C,Berkshire Community College,Berkshire Community College,fallback
berry,31759,139144,B,Berry College,Berry College,fallback
beth-hamedrash-shaarei-yosher-institute,34812,189273,B,Beth Hamedrash Shaarei Yosher Institute,Beth Hamedrash Shaarei Yosher Institute,fallback
beth-hatalmud-rabbinical-college,35188,,C,Beth Hatalmud Rabbinical College,Beth Hatalmud Rabbinical College,fallback
bethany-college-ks,32950,154721,B,Bethany College,Bethany College (KS),name + state
bethany-college-wv,33194,237181,B,Bethany College,Bethany College (WV),name + state
bethany-lutheran-college,32269,173142,B,Bethany Lutheran College,Bethany Lutheran College,fallback
bethel-college,33758,,C,Bethel College,Bethel College,fallback
bethel-college-north-newton,32213,154749,B,Bethel College North Newton,Bethel College North Newton,fallback
bethel-university-in,32372,150145,B,Bethel University,Bethel University (IN),name + state
bethel-university-mn,32096,173160,A,Bethel University,Bethel University (MN),name + state
bethel-university-tn,32094,219718,B,Bethel University,Bethel University (TN),name + state
bethesda-university-of-california,33682,110060,C,Bethesda University,Bethesda University,fallback
bethlehem-college-and-seminary,35340,486053,C,Bethlehem College & Seminary,Bethlehem College & Seminary,fallback
bethune-cookman-university,32700,132602,B,Bethune-Cookman University,Bethune-Cookman,IPEDS alias
beulah-heights-university,33117,139153,C,Beulah Heights University,Beulah Heights University,fallback
bevill-state-community-college,34275,102429,C,Bevill State Community College,Bevill State Community College,fallback
big-bend-community-college,34252,234711,C,Big Bend Community College,Big Bend Community College,fallback
big-sandy-community-and-technical-college,34511,157553,C,Big Sandy Community and Technical College,Big Sandy Community and Technical College,fallback
biola-university,32065,110097,B,Biola University,Biola University,fallback
bishop-state-community-college,33756,102030,C,Bishop State Community College,Bishop State Community College,fallback
bismarck-state-college,33780,200022,C,Bismarck State College,Bismarck State College,fallback
black-hawk-college,32641,143279,C,Black Hawk College,Black Hawk College,fallback
black-hills-state-university,32859,219046,B,Black Hills State University,Black Hills State University,fallback
black-river-technical-college,34665,106625,C,Black River Technical College,Black River Technical College,fallback
blackburn-college,32845,143288,B,Blackburn College,Blackburn College,fallback
blackfeet-community-college,35015,180054,C,Blackfeet Community College,Blackfeet Community College,fallback
blackhawk-technical-college,34056,238397,C,Blackhawk Technical College,Blackhawk Technical College,fallback
bladen-community-college,33278,198011,C,Bladen Community College,Bladen Community College,fallback
blinn-college,33348,223427,C,Blinn College,Blinn College,fallback
bloomfield-college,33254,183822,B,Bloomfield College of Montclair State University,Bloomfield College of Montclair State University,fallback
blue-cliff-college-alexandria,35135,450128,C,Blue Cliff College Alexandria,Blue Cliff College Alexandria,fallback
blue-cliff-college-gulfport,34786,441502,C,Blue Cliff College Gulfport,Blue Cliff College Gulfport,fallback
blue-cliff-college-metairie,35028,434821,C,Blue Cliff College Metairie,Blue Cliff College Metairie,fallback
blue-mountain-christian-university,32255,175430,B,Blue Mountain Christian University,Blue Mountain Christian University,fallback
blue-mountain-community-college,33866,208275,C,Blue Mountain Community College,Blue Mountain Community College,fallback
blue-ridge-community-and-technical-college,33843,446774,C,Blue Ridge Community and Technical College,Blue Ridge Community and Technical College,fallback
blue-ridge-community-college-nc,34001,198039,C,Blue Ridge Community College,Blue Ridge Community College (NC),name + state
blue-ridge-community-college-va,33620,231536,C,Blue Ridge Community College,Blue Ridge Community College (VA),name + state
bluefield-state-university,32482,237215,B,Bluefield State University,Bluefield State University,fallback
bluefield-university,32684,231554,B,Bluefield University,Bluefield University,fallback
bluegrass-community-and-technical-college,34177,156392,C,Bluegrass Community and Technical College,Bluegrass Community and Technical College,fallback
bluffton-university,32787,201371,B,Bluffton University,Bluffton University,fallback
bob-jones-university,31934,217749,C,Bob Jones University,Bob Jones University,fallback
boise-bible-college,32617,142090,B,Boise Bible College,Boise Bible College,fallback
boise-state-university,32560,142115,B,Boise State University,Boise State,IPEDS alias
bolivar-technical-college,35351,490203,B,Bolivar Technical College,Bolivar Technical College,fallback
bon-secours-memorial-college-of-nursing,34429,233356,C,Bon Secours Memorial College of Nursing,Bon Secours Memorial College of Nursing,fallback
boricua-college,33971,189413,C,Boricua College,Boricua College,fallback
bossier-parish-community-college,33315,158431,C,Bossier Parish Community College,Bossier Parish Community College,fallback
boston-architectural-college,33812,164872,C,Boston Architectural College,Boston Architectural College,fallback
boston-baptist-college,34155,164614,B,Boston Baptist College,Boston Baptist College,fallback
boston-college,31742,164924,B,Boston College,Boston College,fallback
boston-university,31809,164988,A,Boston University,Boston University,hand-checked
bowdoin-college,33413,161004,B,Bowdoin College,Bowdoin College,fallback
bowie-state-university,32983,162007,B,Bowie State University,Bowie State University,fallback
bowling-green-state-university-firelands,33216,201432,C,Bowling Green State University Firelands,Bowling Green State University Firelands,fallback
bowling-green-state-university-main-campus,32080,201441,B,Bowling Green State University Main Campus,Bowling Green State University,fallback
bradley,31772,143358,B,Bradley University,Bradley University,fallback
brandeis,31760,165015,A,Brandeis University,Brandeis,hand-checked
brazosport-college,33790,223506,C,Brazosport College,Brazosport College,fallback
brenau-university,32538,139199,B,Brenau University,Brenau University,fallback
brescia-university,33092,156356,B,Brescia University,Brescia University,fallback
brevard-college,33055,198066,B,Brevard College,Brevard College,fallback
brewton-parker-college,33105,139205,B,Brewton-Parker College,Brewton-Parker College,fallback
briar-cliff-university,32872,152992,C,Briar Cliff University,Briar Cliff University,fallback
bridgemont-community-and-technical-college,34621,,C,Bridgemont Community and Technical College,Bridgemont Community and Technical College,fallback
bridgewater-college,32071,231581,B,Bridgewater College,Bridgewater College,fallback
bridgewater-state-university,32864,165024,B,Bridgewater State University,Bridgewater State,IPEDS alias
brigham-young-university-hawaii,32356,230047,B,Brigham Young University Hawaii,Brigham Young University Hawaii,fallback
brigham-young-university-idaho,32619,142522,B,Brigham Young University Idaho,Brigham Young University Idaho,fallback
brightpoint-community-college,33516,232450,C,Brightpoint Community College,Brightpoint Community College,fallback
bristol-community-college,33729,165033,C,Bristol Community College,Bristol Community College,fallback
brookdale-community-college,33587,183859,C,Brookdale Community College,Brookdale Community College,fallback
broome-community-college,33807,189547,C,SUNY Broome Community College,SUNY Broome Community College,fallback
broward-college,33352,132709,C,Broward College,Broward College,fallback
brown,31688,217156,B,Brown University,Brown University,fallback
brunswick-community-college,33923,198084,C,Brunswick Community College,Brunswick Community College,fallback
bryan-college,31992,219790,C,Bryan College,Bryan College,fallback
bryan-college-of-health-sciences,34609,180878,B,Bryan College of Health Sciences,Bryan College of Health Sciences,fallback
bryan-university,33631,110219,C,Bryan University,Bryan University,fallback
bryan-university-springfield,34513,369516,C,Bryan University Springfield,Bryan University Springfield,fallback
bryant-and-stratton-college-albany,34465,188517,C,Bryant and Stratton College Albany,Bryant and Stratton College Albany,fallback
bryant-and-stratton-college-buffalo,34887,189583,C,Bryant and Stratton College Buffalo,Bryant and Stratton College Buffalo,fallback
bryant-and-stratton-college-greece,35189,189592,C,Bryant and Stratton College Greece,Bryant and Stratton College Greece,fallback
bryant-and-stratton-college-parma,34813,201469,C,Bryant and Stratton College Parma,Bryant and Stratton College Parma,fallback
bryant-and-stratton-college-syracuse-north,34976,189565,C,Bryant and Stratton College Syracuse North,Bryant and Stratton College Syracuse North,fallback
bryant-and-stratton-college-virginia-beach,34235,231785,C,Bryant and Stratton College Virginia Beach,Bryant and Stratton College Virginia Beach,fallback
bryant-and-stratton-college-wauwatosa,34598,451750,C,Bryant and Stratton College Wauwatosa,Bryant and Stratton College Wauwatosa,fallback
bryant-university,32414,217165,B,Bryant University,Bryant University,fallback
bryn-athyn-college-of-the-new-church,33187,210492,B,Bryn Athyn College of the New Church,Bryn Athyn College of the New Church,fallback
bryn-mawr,31755,211273,B,Bryn Mawr College,Bryn Mawr College,fallback
bucknell-university,32050,211291,A,Bucknell University,Bucknell University,fallback (hand-checked)
bucks-county-community-college,33526,211307,C,Bucks County Community College,Bucks County Community College,fallback
buena-vista-university,32325,153001,B,Buena Vista University,Buena Vista University,fallback
bunker-hill-community-college,33403,165112,C,Bunker Hill Community College,Bunker Hill Community College,fallback
burlington-county-college,33721,183877,C,Rowan College at Burlington County,Rowan College at Burlington County,fallback
bushnell-university,32396,209409,B,Bushnell University,Bushnell University,fallback
butler,31700,150163,B,Butler University,Butler University,fallback
butler-community-college,33734,154800,C,Butler Community College,Butler Community College,fallback
butler-county-community-college,34052,211343,C,Butler County Community College,Butler County Community College,fallback
butte-college,33645,110246,C,Butte College,Butte College,fallback
byu,31720,230038,A,Brigham Young University,BYU,hand-checked
cabarrus-college-of-health-sciences,32870,198109,B,Cabarrus College of Health Sciences,Cabarrus College of Health Sciences,fallback
cabrillo-college,33530,110334,C,Cabrillo College,Cabrillo College,fallback
cairn-university,32682,215114,B,Cairn University,Cairn University,fallback
cal-poly-slo,31652,110422,A,California Polytechnic State University San Luis Obispo,Cal Poly SLO,hand-checked
caldwell-community-college-and-technical-institute,34268,198118,C,Caldwell Community College and Technical Institute,Caldwell Community College and Technical Institute,fallback
caldwell-university,32714,183910,B,Caldwell University,Caldwell University,fallback
california-arts-university,35362,,C,California Arts University,California Arts University,fallback
california-baptist-university,32126,110361,B,California Baptist University,California Baptist University,fallback
california-college-of-the-arts,32621,110370,B,California College of the Arts,California College of the Arts,fallback
california-indian-nations-college,35365,495271,C,California Indian Nations College,California Indian Nations College,fallback
california-institute-of-integral-studies,35237,110316,C,California Institute of Integral Studies,California Institute of Integral Studies,fallback
california-institute-of-the-arts,33354,111081,B,California Institute of the Arts,California Institute of the Arts,fallback
california-lutheran-university,31884,110413,A,California Lutheran University,California Lutheran University,fallback (hand-checked)
california-maritime-academy,32418,111188,B,California State University Maritime Academy,California State University Maritime Academy,fallback
california-state-polytechnic-university-pomona,31954,110529,B,California State Polytechnic University Pomona,California State Polytechnic University Pomona,fallback
california-state-university-bakersfield,33387,110486,B,California State University Bakersfield,California State University Bakersfield,fallback
california-state-university-channel-islands,32854,441937,B,California State University Channel Islands,California State University Channel Islands,fallback
california-state-university-chico,32561,110538,A,California State University Chico,Chico State,hand-checked
california-state-university-dominguez-hills,32940,110547,B,California State University Dominguez Hills,California State University Dominguez Hills,fallback
california-state-university-east-bay,32876,110574,B,California State University East Bay,Cal State East Bay,IPEDS alias
california-state-university-fresno,32982,110556,B,California State University Fresno,California State University Fresno,fallback
california-state-university-long-beach,31919,110583,B,California State University Long Beach,Cal State Long Beach,IPEDS alias
california-state-university-los-angeles,32669,110592,B,California State University Los Angeles,California State University Los Angeles,fallback
california-state-university-monterey-bay,32384,409698,B,California State University Monterey Bay,California State University Monterey Bay,fallback
california-state-university-northridge,32547,110608,A,California State University Northridge,CSUN,hand-checked
california-state-university-sacramento,32424,110617,A,California State University Sacramento,Sacramento State,hand-checked
california-state-university-san-bernardino,32462,110510,A,California State University San Bernardino,Cal State San Bernardino,hand-checked
california-state-university-san-marcos,32653,366711,A,California State University San Marcos,Cal State San Marcos,hand-checked
california-state-university-stanislaus,32353,110495,B,California State University Stanislaus,California State University Stanislaus,fallback
california-university-of-management-and-sciences,37763,,C,California University of Management and Sciences,California University of Management and Sciences,fallback
caltech,31670,110404,B,California Institute of Technology,California Institute of Technology,fallback
calumet-college-of-saint-joseph,33231,150172,C,Calumet College of Saint Joseph,Calumet College of Saint Joseph,fallback
calvary-university,32575,176789,B,Calvary University,Calvary University,fallback
calvin,31765,169080,B,Calvin University,Calvin University,fallback
cambridge-college,33605,165167,C,Cambridge College,Cambridge College,fallback
camden-county-college,33560,183938,C,Camden County College,Camden County College,fallback
cameron-university,32687,206914,C,Cameron University,Cameron University,fallback
campbell-university,32243,198136,B,Campbell University,Campbell University,fallback
campbellsville-university,32596,156365,B,Campbellsville University,Campbellsville University,fallback
canada-college,33525,111434,C,Canada College,Canada College,fallback
canisius-university,31937,189705,B,Canisius University,Canisius University,fallback
cankdeska-cikana-community-college,34633,200208,C,Cankdeska Cikana Community College,Cankdeska Cikana Community College,fallback
cape-cod-community-college,33852,165194,C,Cape Cod Community College,Cape Cod Community College,fallback
cape-fear-community-college,33588,198154,C,Cape Fear Community College,Cape Fear Community College,fallback
capella-university,33717,413413,C,Capella University,Capella University,fallback
capital-area-technical-college-baton-rouge-campus,34712,,C,Capital Area Technical College Baton Rouge Campus,Capital Area Technical College Baton Rouge Campus,fallback
capital-university,32045,201548,B,Capital University,Capital University,fallback
capitol-technology-university,32791,162061,B,Capitol Technology University,Capitol Technology University,fallback
carl-albert-state-college,34158,206923,C,Carl Albert State College,Carl Albert State College,fallback
carl-sandburg-college,34338,143613,C,Carl Sandburg College,Carl Sandburg College,fallback
carleton,31712,173258,B,Carleton College,Carleton College,fallback
carlow-university,32099,211431,B,Carlow University,Carlow University,fallback
carnegie-mellon,31719,211440,A,Carnegie Mellon University,Carnegie Mellon,hand-checked
carolina-christian-college,33275,199971,C,Carolina Christian College,Carolina Christian College,fallback
carolina-college-of-biblical-studies,34440,461032,C,Carolina College of Biblical Studies,Carolina College of Biblical Studies,fallback
carolina-university,33122,489937,B,Carolina University,Carolina University,fallback
carroll-college,32033,180106,B,Carroll College,Carroll College,fallback
carroll-community-college,33944,405872,C,Carroll Community College,Carroll Community College,fallback
carroll-university,32531,238458,B,Carroll University,Carroll University,fallback
carson-newman-university,32093,219806,B,Carson-Newman University,Carson-Newman University,fallback
carteret-community-college,34452,198206,C,Carteret Community College,Carteret Community College,fallback
carthage-college,32588,238476,B,Carthage College,Carthage College,fallback
carver-bible-college,33335,,C,Carver Bible College,Carver Bible College,fallback
casa-loma-college-los-angeles,35239,111638,B,Casa Loma College Los Angeles,Casa Loma College Los Angeles,fallback
cascadia-college,33771,439190,C,Cascadia College,Cascadia College,fallback
case-western,31744,201645,A,Case Western Reserve University,Case Western,hand-checked
casper-college,33028,240505,C,Casper College,Casper College,fallback
catawba-college,32029,198215,B,Catawba College,Catawba College,fallback
catawba-valley-community-college,33238,198233,C,Catawba Valley Community College,Catawba Valley Community College,fallback
catholic-university-of-america,32248,131283,B,Catholic University of America,Catholic University of America,fallback
cayuga-county-community-college,33247,189839,C,Cayuga County Community College,Cayuga County Community College,fallback
cbt-technology-institute,34308,449083,C,CBT Technology Institute,CBT Technology Institute,fallback
cbt-technology-institute-cutler-bay,34653,456977,C,CBT Technology Institute Cutler Bay,CBT Technology Institute Cutler Bay,fallback
cbt-technology-institute-hialeah,34849,449092,C,CBT Technology Institute Hialeah,CBT Technology Institute Hialeah,fallback
cecil-college,34110,162104,C,Cecil College,Cecil College,fallback
cedar-crest-college,32436,211468,B,Cedar Crest College,Cedar Crest College,fallback
cedarville,31716,201654,B,Cedarville University,Cedarville University,fallback
centenary-college-of-louisiana,32178,158477,B,Centenary College of Louisiana,Centenary College of Louisiana,fallback
centenary-university,32840,183974,B,Centenary University,Centenary University,fallback
centra-college,35288,232618,B,Centra College,Centra College,fallback
central-alabama-community-college,33946,100760,C,Central Alabama Community College,Central Alabama Community College,fallback
central-arizona-college,33590,104346,C,Central Arizona College,Central Arizona College,fallback
central-baptist-college,32960,106713,B,Central Baptist College,Central Baptist College,fallback
central-baptist-theological-seminary,34912,,C,Central Baptist Theological Seminary,Central Baptist Theological Seminary,fallback
central-carolina-community-college,33958,198251,C,Central Carolina Community College,Central Carolina Community College,fallback
central-carolina-technical-college,34356,218858,C,Central Carolina Technical College,Central Carolina Tech,IPEDS alias
central-christian-college-of-kansas,32831,154855,B,Central Christian College of Kansas,Central Christian College of Kansas,fallback
central-christian-college-of-the-bible,33099,176910,C,Central Christian College of the Bible,Central Christian College of the Bible,fallback
central-college,32254,153108,B,Central College,Central College,fallback
central-community-college,34551,180902,C,Central Community College,Central Community College,fallback
central-connecticut-state-university,32882,128771,A,Central Connecticut State University,Central Connecticut State,hand-checked
central-georgia-technical-college-macon-georgia,33805,483045,C,Central Georgia Technical College,Central Georgia Technical College,fallback
central-lakes-college-brainerd,33994,173203,C,Central Lakes College Brainerd,Central Lakes College Brainerd,fallback
central-louisiana-technical-community-college,34482,158088,C,Central Louisiana Technical Community College,Central Louisiana Technical Community College,fallback
central-maine-community-college,34069,161077,C,Central Maine Community College,Central Maine Community College,fallback
central-methodist-university-college-of-liberal-arts-and-sciences,32311,176947,B,Central Methodist University College of Liberal Arts & Sciences,Central Methodist University College of Liberal Arts & Sciences,fallback
central-michigan-university,32348,169248,B,Central Michigan University,Central Michigan University,fallback
central-new-mexico-community-college,33714,187532,C,Central New Mexico Community College,Central New Mexico Community College,fallback
central-ohio-technical-college,33649,201672,C,Central Ohio Technical College,Central Ohio Technical College,fallback
central-oregon-community-college,33932,208318,C,Central Oregon Community College,Central Oregon Community College,fallback
central-pennsylvania-institute-of-science-and-technology,35299,369668,B,Central Pennsylvania Institute of Science and Technology,Central Pennsylvania Institute of Science and Technology,fallback
central-piedmont-community-college,33391,198260,C,Central Piedmont Community College,Central Piedmont Community College,fallback
central-state-university,33209,201690,B,Central State University,Central State University,fallback
central-texas-college,33488,223816,C,Central Texas College,Central Texas College,fallback
central-virginia-community-college,34129,231697,C,Central Virginia Community College,Central Virginia Community College,fallback
central-washington-university,33044,234827,B,Central Washington University,Central Washington University,fallback
central-wyoming-college,33070,240514,C,Central Wyoming College,Central Wyoming College,fallback
central-yeshiva-tomchei-tmimim-lubavitz,34978,189857,B,Central Yeshiva Tomchei Tmimim Lubavitz,Central Yeshiva Tomchei Tmimim Lubavitz,fallback
centralia-college,33915,234845,C,Centralia College,Centralia College,fallback
centre-college,32052,156408,A,Centre College,Centre College,fallback (hand-checked)
centura-college-chesapeake,34327,,C,Centura College Chesapeake,Centura College Chesapeake,fallback
centura-college-newport-news,34384,377449,C,Centura College Newport News,Centura College Newport News,fallback
centura-college-norfolk,34778,377458,C,Centura College Norfolk,Centura College Norfolk,fallback
centura-college-virginia-beach,34406,232016,C,Centura College Virginia Beach,Centura College Virginia Beach,fallback
century-college,33859,175315,C,Century College,Century College,fallback
cerritos-college,33446,111887,C,Cerritos College,Cerritos College,fallback
cerro-coso-community-college,34371,111896,C,Cerro Coso Community College,Cerro Coso Community College,fallback
chabot-college,33574,111920,C,Chabot College,Chabot College,fallback
chadron-state-college,34018,180948,C,Chadron State College,Chadron State College,fallback
chaffey-college,33382,111939,C,Chaffey College,Chaffey College,fallback
chamberlain-university-arizona,34290,454245,B,Chamberlain University Arizona,Chamberlain University Arizona,fallback
chamberlain-university-florida,34299,457129,B,Chamberlain University Florida,Chamberlain University Florida,fallback
chamberlain-university-illinois,33752,454227,B,Chamberlain University Illinois,Chamberlain University Illinois,fallback
chamberlain-university-missouri,34736,466921,B,Chamberlain University Missouri,Chamberlain University Missouri,fallback
chamberlain-university-ohio,34876,454236,B,Chamberlain University Ohio,Chamberlain University Ohio,fallback
chamberlain-university-texas,33844,466930,B,Chamberlain University Texas,Chamberlain University Texas,fallback
chamberlain-university-virginia,34655,460871,B,Chamberlain University Virginia,Chamberlain University Virginia,fallback
chaminade-university-of-honolulu,32437,141486,B,Chaminade University of Honolulu,Chaminade University of Honolulu,fallback
champion-christian-college,35356,492069,C,Champion Christian College,Champion Christian College,fallback
champlain-college,32607,230852,B,Champlain College,Champlain College,fallback
chapman-university,31921,111948,B,Chapman University,Chapman University,fallback
charles-r-drew-university-of-medicine-and-science,32784,111966,B,Charles R Drew University of Medicine and Science,Charles R Drew University of Medicine and Science,fallback
charleston-southern-university,32817,217688,B,Charleston Southern University,Charleston Southern University,fallback
charlotte-christian-college-and-theological-seminary,35055,444778,C,Charlotte Christian College and Theological Seminary,Charlotte Christian College and Theological Seminary,fallback
charter-college-anchorage,34967,102845,C,Charter College,Charter College,fallback
charter-oak-state-college,35249,128780,C,Charter Oak State College,Charter Oak State College,fallback
chatham,31749,211556,A,Chatham University,Chatham University,fallback (hand-checked)
chattahoochee-technical-college,33371,140331,C,Chattahoochee Technical College,Chattahoochee Technical College,fallback
chattahoochee-valley-community-college,33862,101028,C,Chattahoochee Valley Community College,Chattahoochee Valley Community College,fallback
chattanooga-college-medical-dental-and-technical-careers,34928,220118,C,Chattanooga College Medical Dental and Technical Careers,Chattanooga College Medical Dental and Technical Careers,fallback
chattanooga-state-community-college,33107,219824,C,Chattanooga State Community College,Chattanooga State Community College,fallback
chemeketa-community-college,33532,208390,C,Chemeketa Community College,Chemeketa Community College,fallback
chesapeake-college,34036,162168,C,Chesapeake College,Chesapeake College,fallback
chestnut-hill-college,32985,211583,B,Chestnut Hill College,Chestnut Hill College,fallback
cheyney-university-of-pennsylvania,33321,211608,C,Cheyney University of Pennsylvania,Cheyney University of Pennsylvania,fallback
chicago,31682,144050,B,University of Chicago,University of Chicago,fallback
chicago-state-university,32921,144005,B,Chicago State University,Chicago State University,fallback
chief-dull-knife-college,34668,180160,C,Chief Dull Knife College,Chief Dull Knife College,fallback
chipola-college,33294,133021,C,Chipola College,Chipola College,fallback
chippewa-valley-technical-college,33961,240116,C,Chippewa Valley Technical College,Chippewa Valley Technical College,fallback
chowan-university,33178,198303,B,Chowan University,Chowan University,fallback
christ-mission-college,35360,494630,B,Christ Mission College,Christ Mission College,fallback
christian-brothers-university,31991,219833,B,Christian Brothers University,Christian Brothers University,fallback
christian-life-college,34169,,C,Christian Life College,Christian Life College,fallback
christopher-newport,31813,231712,A,Christopher Newport University,Christopher Newport,hand-checked
cincinnati-college-of-mortuary-science,34802,201867,C,Cincinnati College of Mortuary Science,Cincinnati College of Mortuary Science,fallback
cincinnati-state-technical-and-community-college,33680,201928,C,Cincinnati State Technical and Community College,Cincinnati State,IPEDS alias
cisco-college,33760,223898,C,Cisco College,Cisco College,fallback
citadel,31802,217864,A,Citadel Military College of South Carolina,Citadel Military College of South Carolina,fallback (hand-checked)
citrus-college,33455,112172,C,Citrus College,Citrus College,fallback
city-college-of-san-francisco,33437,112190,C,City College of San Francisco,City College of San Francisco,fallback
city-colleges-of-chicago-harold-washington-college,33799,144209,C,City Colleges of Chicago Harold Washington College,City Colleges of Chicago Harold Washington College,fallback
city-colleges-of-chicago-harry-s-truman-college,34135,144184,C,City Colleges of Chicago Harry S Truman College,City Colleges of Chicago Harry S Truman College,fallback
city-colleges-of-chicago-kennedy-king-college,34068,144157,C,City Colleges of Chicago Kennedy-King College,City Colleges of Chicago Kennedy-King College,fallback
city-colleges-of-chicago-malcolm-x-college,33528,144166,C,City Colleges of Chicago Malcolm X College,City Colleges of Chicago Malcolm X College,fallback
city-colleges-of-chicago-olive-harvey-college,34334,144175,C,City Colleges of Chicago Olive-Harvey College,City Colleges of Chicago Olive-Harvey College,fallback
city-colleges-of-chicago-richard-j-daley-college,33951,144193,C,City Colleges of Chicago Richard J Daley College,City Colleges of Chicago Richard J Daley College,fallback
city-colleges-of-chicago-wilbur-wright-college,33295,144218,C,City Colleges of Chicago Wilbur Wright College,City Colleges of Chicago Wilbur Wright College,fallback
city-university-of-seattle,33775,234915,C,City University of Seattle,City University of Seattle,fallback
city-vision-university,35318,457697,C,City Vision University,City Vision University,fallback
clackamas-community-college,33540,208406,C,Clackamas Community College,Clackamas Community College,fallback
claflin-university,32757,217873,B,Claflin University,Claflin University,fallback
claremont-graduate-university,37764,112251,C,Claremont Graduate University,Claremont Graduate University,fallback
claremont-lincoln-university,35345,488387,C,Claremont Lincoln University,Claremont Lincoln University,fallback
claremont-mckenna,31724,112260,B,Claremont McKenna College,Claremont McKenna College,fallback
clarendon-college,34325,223922,C,Clarendon College,Clarendon College,fallback
clark-atlanta-university,32754,138947,B,Clark Atlanta University,Clark Atlanta University,fallback
clark-college,33553,234933,C,Clark College,Clark College,fallback
clark-state-college,33976,201973,C,Clark State College,Clark State College,fallback
clark-university,31957,165334,A,Clark University,Clark University,fallback (hand-checked)
clarke-university,32598,153126,B,Clarke University,Clarke University,fallback
clarkson,31800,190044,B,Clarkson University,Clarkson University,fallback
clarkson-college,32739,180832,B,Clarkson College,Clarkson College,fallback
clatsop-community-college,34128,208415,C,Clatsop Community College,Clatsop Community College,fallback
clayton-state-university,33102,139311,B,Clayton State University,Clayton State University,fallback
clear-creek-baptist-bible-college,35037,156417,C,Clear Creek Baptist Bible College,Clear Creek Baptist Bible College,fallback
cleary-university,32934,169327,B,Cleary University,Cleary University,fallback
clemson,31843,217882,B,Clemson University,Clemson University,fallback
cleveland-community-college,34081,198321,C,Cleveland Community College,Cleveland Community College,fallback
cleveland-institute-of-art,32345,202046,B,Cleveland Institute of Art,Cleveland Institute of Art,fallback
cleveland-institute-of-music,34743,202073,B,Cleveland Institute of Music,Cleveland Institute of Music,fallback
cleveland-state-community-college,32752,219879,C,Cleveland State Community College,Cleveland State Community College,fallback
cleveland-state-university,32674,202134,B,Cleveland State University,Cleveland State University,fallback
cleveland-university-kansas-city,34463,177038,B,Cleveland University Kansas City,Cleveland University Kansas City,fallback
clinton-college,34103,217891,C,Clinton College,Clinton College,fallback
clinton-community-college,34486,190053,C,Clinton Community College,Clinton Community College,fallback
cloud-county-community-college,34315,154907,C,Cloud County Community College,Cloud County Community College,fallback
clover-park-technical-college,33986,234951,C,Clover Park Technical College,Clover Park Tech,IPEDS alias
clovis-community-college-clovis-new-mexico,34588,187639,C,Clovis Community College,Clovis Community College (NM),name + state
clovis-community-college-fresno-california,35348,489201,C,Clovis Community College,Clovis Community College (CA),name + state
coahoma-community-college,34126,175519,C,Coahoma Community College,Coahoma Community College,fallback
coalinga-college,34706,125462,C,Coalinga College,Coalinga College,fallback
coast-guard-academy,31816,130624,B,United States Coast Guard Academy,United States Coast Guard Academy,fallback
coastal-alabama-community-college,38879,101161,C,Coastal Alabama Community College,Coastal Alabama Community College,fallback
coastal-bend-college,33959,223320,C,Coastal Bend College,Coastal Bend College,fallback
coastal-carolina-community-college,33730,198330,C,Coastal Carolina Community College,Coastal Carolina Community College,fallback
coastal-carolina-university,31895,218724,B,Coastal Carolina University,Coastal Carolina University,fallback
coastal-pines-technical-college,35339,485458,C,Coastal Pines Technical College,Coastal Pines Technical College,fallback
coastline-community-college,33695,112385,C,Coastline Community College,Coastline Community College,fallback
cochise-college,33133,104425,C,Cochise College,Cochise College,fallback
coconino-community-college,33978,404426,C,Coconino Community College,Coconino Community College,fallback
coe-college,31877,153144,B,Coe College,Coe College,fallback
coffeyville-community-college,33968,154925,C,Coffeyville Community College,Coffeyville Community College,fallback
coker-university,33019,217907,B,Coker University,Coker University,fallback
colby,31745,161086,B,Colby College,Colby College,fallback
colby-community-college,33138,154934,C,Colby Community College,Colby Community College,fallback
colby-sawyer-college,33673,182634,B,Colby-Sawyer College,Colby-Sawyer,IPEDS alias
colgate,31826,190099,A,Colgate University,Colgate,hand-checked
college-for-creative-studies,32912,169442,B,College for Creative Studies,College for Creative Studies,fallback
college-of-alameda,33543,108667,C,College of Alameda,College of Alameda,fallback
college-of-biblical-studies-houston,34534,388520,C,College of Biblical Studies Houston,College of Biblical Studies Houston,fallback
college-of-central-florida,33723,132851,C,College of Central Florida,College of Central Florida,fallback
college-of-charleston,31690,217819,B,College of Charleston,College of Charleston,fallback
college-of-coastal-georgia,33009,139250,A,College of Coastal Georgia,College of Coastal Georgia,fallback (hand-checked)
college-of-court-reporting-inc,35107,150251,C,College of Court Reporting Inc,College of Court Reporting,IPEDS alias
college-of-dupage,33359,144865,C,College of DuPage,College of DuPage,fallback
college-of-eastern-idaho,34682,142179,C,College of Eastern Idaho,College of Eastern Idaho,fallback
college-of-lake-county,33601,146472,C,College of Lake County,College of Lake County,fallback
college-of-marin,33663,118347,C,College of Marin,College of Marin,fallback
college-of-menominee-nation,35125,413617,C,College of Menominee Nation,College of Menominee Nation,fallback
college-of-our-lady-of-the-elms,32447,167394,B,College of Our Lady of the Elms,College of Our Lady of the Elms,fallback
college-of-saint-benedict,31904,174747,B,College of Saint Benedict,College of Saint Benedict,fallback
college-of-saint-mary,32517,181604,B,College of Saint Mary,College of Saint Mary,fallback
college-of-san-mateo,33512,122791,C,College of San Mateo,College of San Mateo,fallback
college-of-southern-idaho,33834,142559,C,College of Southern Idaho,College of Southern Idaho,fallback
college-of-southern-maryland,33591,162122,C,College of Southern Maryland,College of Southern Maryland,fallback
college-of-southern-nevada,33414,182005,C,College of Southern Nevada,College of Southern Nevada,fallback
college-of-the-albemarle,33990,197814,C,College of the Albemarle,College of the Albemarle,fallback
college-of-the-atlantic,31961,160959,B,College of the Atlantic,College of the Atlantic,fallback
college-of-the-canyons,33440,111461,C,College of the Canyons,College of the Canyons,fallback
college-of-the-desert,33542,113573,C,College of the Desert,College of the Desert,fallback
college-of-the-holy-cross,33483,166124,B,College of the Holy Cross,College of the Holy Cross,fallback
college-of-the-mainland,33650,226408,C,College of the Mainland,College of the Mainland,fallback
college-of-the-muscogee-nation,35326,480967,C,College of the Muscogee Nation,College of the Muscogee Nation,fallback
college-of-the-ozarks,31913,178697,B,College of the Ozarks,College of the Ozarks,fallback
college-of-the-redwoods,33750,121707,C,College of the Redwoods,College of the Redwoods,fallback
college-of-the-sequoias,33975,123217,C,College of the Sequoias,College of the Sequoias,fallback
college-of-the-siskiyous,34026,123484,C,College of the Siskiyous,College of the Siskiyous,fallback
college-of-western-idaho,35313,455114,C,College of Western Idaho,College of Western Idaho,fallback
college-unbound,35359,493822,C,College Unbound,College Unbound,fallback
collin-county-community-college-district,33361,247834,C,Collin County Community College District,Collin County Community College,IPEDS alias
colorado-christian,31767,126669,C,Colorado Christian University,Colorado Christian University,fallback
colorado-college,31667,126678,B,Colorado College,Colorado College,fallback
colorado-mesa-university,32755,127556,B,Colorado Mesa University,Colorado Mesa University,fallback
colorado-mines,31758,126775,B,Colorado School of Mines,Colorado School of Mines,fallback
colorado-mountain-college,33517,126711,C,Colorado Mountain College,Colorado Mountain College,fallback
colorado-northwestern-community-college,34095,126748,C,Colorado Northwestern Community College,Colorado Northwestern Community College,fallback
colorado-school-of-healing-arts,34840,381732,C,Colorado School of Healing Arts,Colorado School of Healing Arts,fallback
colorado-state-university-fort-collins,31965,126818,B,Colorado State University Fort Collins,Colorado State University Fort Collins,fallback
colorado-state-university-pueblo,32708,128106,B,Colorado State University Pueblo,Colorado State University Pueblo,fallback
colorado-technical-university-colorado-springs,33869,126827,C,Colorado Technical University Colorado Springs,Colorado Technical University Colorado Springs,fallback
columbia,31703,190150,B,Columbia University in the City of New York,Columbia University in the City of New York,fallback
columbia-basin-college,33898,234979,C,Columbia Basin College,Columbia Basin College,fallback
columbia-college-ca,33947,112561,C,Columbia College,Columbia College (CA),name + state
columbia-college-chicago,32460,144281,A,Columbia College Chicago,Columbia College Chicago,fallback (hand-checked)
columbia-college-mo,32118,177065,C,Columbia College,Columbia College (MO),name + state
columbia-college-sc,32170,217934,B,Columbia College,Columbia College (SC),name + state
columbia-gorge-community-college,34869,420556,C,Columbia Gorge Community College,Columbia Gorge Community College,fallback
columbia-greene-community-college,34354,190169,C,Columbia-Greene Community College,Columbia-Greene Community College,fallback
columbia-international-university,32290,217925,B,Columbia International University,Columbia International University,fallback
columbia-southern-university,33614,450933,C,Columbia Southern University,Columbia Southern University,fallback
columbia-state-community-college,33907,219888,C,Columbia State Community College,Columbia State,IPEDS alias
columbus-college-of-art-and-design,33823,202170,B,Columbus College of Art and Design,Columbus College of Art and Design,fallback
columbus-state-community-college,33428,202222,C,Columbus State Community College,Columbus State Community College,fallback (alias shared)
columbus-state-university,33052,139366,B,Columbus State University,Columbus State University,fallback (alias shared)
columbus-technical-college,33803,139357,C,Columbus Technical College,Columbus Technical College,fallback
commonwealth-institute-of-funeral-service,34935,366261,B,Commonwealth Institute of Funeral Service,Commonwealth Institute of Funeral Service,fallback
commonwealth-technical-institute,35045,212975,C,Commonwealth Technical Institute,Commonwealth Technical Institute,fallback
commonwealth-university-of-pennsylvania,38874,498562,B,Commonwealth University of Pennsylvania,Commonwealth University of Pennsylvania,fallback
community-christian-college,34439,446163,C,Community Christian College,Community Christian College,fallback
community-college-of-allegheny-county,33441,210605,C,Community College of Allegheny County,Community College of Allegheny County,fallback
community-college-of-aurora,33905,126863,C,Community College of Aurora,Community College of Aurora,fallback
community-college-of-beaver-county,34102,211079,C,Community College of Beaver County,Community College of Beaver County,fallback
community-college-of-denver,33672,126942,C,Community College of Denver,Community College of Denver,fallback
community-college-of-philadelphia,33454,215239,C,Community College of Philadelphia,Community College of Philadelphia,fallback
community-college-of-rhode-island,33739,217475,C,Community College of Rhode Island,Community College of Rhode Island,fallback
community-college-of-vermont,34270,230861,C,Community College of Vermont,Community College of Vermont,fallback
compton-college,33653,112686,C,Compton College,Compton College,fallback
computer-career-center,35198,,C,Computer Career Center,Computer Career Center,fallback
conception-seminary-college,32665,177083,B,Conception Seminary College,Conception Seminary College,fallback
concord-university,32502,237330,A,Concord University,Concord University,fallback (hand-checked)
concordia-college-at-moorhead,32136,173300,B,Concordia College at Moorhead,Concordia College at Moorhead,fallback
concordia-university-ann-arbor,32905,169363,B,Concordia University Ann Arbor,Concordia University Ann Arbor,fallback
concordia-university-chicago,32925,144351,B,Concordia University Chicago,Concordia University Chicago,fallback
concordia-university-irvine,32066,112075,B,Concordia University Irvine,Concordia University Irvine,fallback
concordia-university-saint-paul,32968,173328,B,Concordia University Saint Paul,Concordia-St. Paul,IPEDS alias
concordia-university-seward,32258,180984,B,Concordia University Nebraska,Concordia University Nebraska,fallback
concordia-university-texas,32709,224004,B,Concordia University Texas,Concordia University Texas,fallback
concordia-university-wisconsin,32251,238616,B,Concordia University Wisconsin,Concordia University Wisconsin,fallback
connecticut-college,31942,128902,B,Connecticut College,Connecticut College,fallback
connecticut-state-community-college,38878,129367,C,Connecticut State Community College,Connecticut State Community College,fallback
connors-state-college,34049,206996,C,Connors State College,Connors State College,fallback
contra-costa-college,33765,112826,C,Contra Costa College,Contra Costa College,fallback
converse,31727,217961,B,Converse University,Converse University,fallback
cooper-union-for-the-advancement-of-science-and-art,31864,190372,B,Cooper Union for the Advancement of Science and Art,Cooper Union for the Advancement of Science and Art,fallback
copiah-lincoln-community-college,34451,175573,C,Copiah-Lincoln Community College,Copiah-Lincoln Community College,fallback
copper-mountain-community-college,33928,395362,C,Copper Mountain Community College,Copper Mountain Community College,fallback
coppin-state-university,33269,162283,B,Coppin State University,Coppin State University,fallback
corban-university,32234,210331,B,Corban University,Corban University,fallback
cornell,31707,190415,B,Cornell University,Cornell University,fallback
cornell-college,32223,153162,B,Cornell College,Cornell College,fallback
cornerstone-university,32759,170037,B,Cornerstone University,Cornerstone University,fallback
corning-community-college,32802,190442,C,SUNY Corning Community College,SUNY Corning Community College,fallback
cossatot-community-college-of-the-university-of-arkansas,34821,106795,C,Cossatot Community College of the University of Arkansas,Cossatot Community College of the University of Arkansas,fallback
cosumnes-river-college,33513,113096,C,Cosumnes River College,Cosumnes River College,fallback
cottey-college,32539,177117,B,Cottey College,Cottey College,fallback
county-college-of-morris,33686,184180,C,County College of Morris,County College of Morris,fallback
court-reporting-institute-of-louisiana,35001,,C,Court Reporting Institute of Louisiana,Court Reporting Institute of Louisiana,fallback
covenant-college,31939,139393,B,Covenant College,Covenant College,fallback
cowley-county-community-college,33146,154952,C,Cowley County Community College,Cowley County Community College,fallback
cox-college,34915,176770,B,Cox College,Cox College,fallback
crafton-hills-college,33624,113111,C,Crafton Hills College,Crafton Hills College,fallback
craven-community-college,34140,198367,C,Craven Community College,Craven Community College,fallback
creighton,31762,181002,B,Creighton University,Creighton University,fallback
crestpoint-university,34878,461023,C,Crestpoint University,Crestpoint University,fallback
criswell-college,35325,475608,B,Criswell College,Criswell College,fallback
crossroads-bible-college,34647,,C,Crossroads Bible College,Crossroads Bible College,fallback
crouse-hospital-college-of-nursing,34670,190451,B,Pomeroy College of Nursing at Crouse Hospital,Pomeroy College of Nursing at Crouse Hospital,fallback
crowder-college,33741,177135,C,Crowder College,Crowder College,fallback
crowleys-ridge-college,34479,106810,C,Crowley's Ridge College,Crowley's Ridge College,fallback
crown-college,32858,174862,B,Crown College,Crown College,fallback
csu-fullerton,31825,110565,A,California State University Fullerton,Cal State Fullerton,hand-checked
cuesta-college,33787,113193,C,Cuesta College,Cuesta College,fallback
culinary-institute-inc,33950,444565,C,Culinary Institute Inc,Culinary Institute Inc,fallback
culinary-institute-of-america,32778,190503,B,Culinary Institute of America,Culinary Institute of America,fallback
culver-stockton-college,32572,177144,B,Culver-Stockton College,Culver-Stockton College,fallback
cumberland-university,32722,219949,B,Cumberland University,Cumberland University,fallback
cuny-bernard-m-baruch-college,31926,190512,A,CUNY Bernard M Baruch College,Baruch College,hand-checked
cuny-borough-of-manhattan-community-college,33400,190521,C,CUNY Borough of Manhattan Community College,Borough of Manhattan Community College,IPEDS alias
cuny-bronx-community-college,33460,190530,C,CUNY Bronx Community College,Bronx Community College,IPEDS alias
cuny-brooklyn-college,32430,190549,B,CUNY Brooklyn College,Brooklyn College,IPEDS alias
cuny-city-college,32878,190567,A,CUNY City College,City College of New York,hand-checked
cuny-college-of-staten-island,33104,190558,B,CUNY College of Staten Island,College of Staten Island,IPEDS alias
cuny-graduate-school-and-university-center,34376,190576,B,CUNY Graduate School and University Center,CUNY Graduate Center,IPEDS alias
cuny-hostos-community-college,33785,190585,C,CUNY Hostos Community College,Hostos Community College,IPEDS alias
cuny-hunter-college,31922,190594,B,CUNY Hunter College,Hunter College,IPEDS alias
cuny-john-jay-college-of-criminal-justice,32809,190600,A,CUNY John Jay College of Criminal Justice,John Jay College,hand-checked
cuny-kingsborough-community-college,33504,190619,C,CUNY Kingsborough Community College,Kingsborough Community College,IPEDS alias
cuny-laguardia-community-college,33386,190628,C,CUNY LaGuardia Community College,LaGuardia Community College,IPEDS alias
cuny-lehman-college,32885,190637,B,CUNY Lehman College,Lehman College,IPEDS alias
cuny-medgar-evers-college,33449,190646,B,CUNY Medgar Evers College,Medgar Evers College,IPEDS alias
cuny-new-york-city-college-of-technology,33563,190655,B,CUNY New York City College of Technology,New York City College of Technology,IPEDS alias
cuny-queens-college,33101,190664,B,CUNY Queens College,Queens College,IPEDS alias
cuny-queensborough-community-college,33492,190673,C,CUNY Queensborough Community College,Queensborough Community College,IPEDS alias
cuny-stella-and-charles-guttman-community-college,35324,475565,C,CUNY Stella and Charles Guttman Community College,Stella and Charles Guttman Community College,IPEDS alias
cuny-york-college,32957,190691,B,CUNY York College,York College,IPEDS alias
curry-college,33095,165529,B,Curry College,Curry College,fallback
curtis-institute-of-music,35281,211893,B,Curtis Institute of Music,Curtis Institute of Music,fallback
cuyahoga-community-college-district,33136,202356,C,Cuyahoga Community College District,Cuyahoga Community College District,fallback
cuyamaca-college,33856,113218,C,Cuyamaca College,Cuyamaca College,fallback
cypress-college,33405,113236,C,Cypress College,Cypress College,fallback
daemen-university,32238,190725,B,Daemen University,Daemen University,fallback
dakota-college-at-bottineau,34921,200314,C,Dakota College at Bottineau,Dakota College at Bottineau,fallback
dakota-county-technical-college,33827,173416,C,Dakota County Technical College,Dakota County Technical College,fallback
dakota-state-university,32649,219082,A,Dakota State University,Dakota State University,fallback (hand-checked)
dakota-wesleyan-university,32600,219091,B,Dakota Wesleyan University,Dakota Wesleyan University,fallback
dallas,31710,224323,B,University of Dallas,University of Dallas,fallback
dallas-baptist-university,32367,224226,B,Dallas Baptist University,Dallas Baptist University,fallback
dallas-christian-college,33066,224244,B,Dallas Christian College,Dallas Christian College,fallback
dallas-college,33477,224615,C,Dallas College,Dallas College,fallback
dallas-institute-of-funeral-service,34427,224271,C,Dallas Institute of Funeral Service,Dallas Institute of Funeral Service,fallback
dalton-state-college,33014,139463,C,Dalton State College,Dalton State,IPEDS alias
danville-area-community-college,34755,144564,C,Danville Area Community College,Danville Area Community College,fallback
danville-community-college,34213,231882,C,Danville Community College,Danville Community College,fallback
dartmouth,31708,182670,B,Dartmouth College,Dartmouth College,fallback
davenport-university,32712,169479,B,Davenport University,Davenport University,fallback
davidson,31786,198385,A,Davidson College,Davidson College,fallback (hand-checked)
davidson-davie-community-college,33737,198376,C,Davidson-Davie Community College,Davidson-Davie Community College,fallback
davis-and-elkins-college,32615,237358,B,Davis & Elkins College,Davis & Elkins College,fallback
davis-college-ny,32927,194569,B,Davis College,Davis College (NY),name + state
davis-college-oh,34768,202435,C,Davis College,Davis College (OH),name + state
dawson-community-college,33125,180151,C,Dawson Community College,Dawson Community College,fallback
dayton,31827,202480,B,University of Dayton,University of Dayton,fallback
daytona-state-college,33432,133386,C,Daytona State College,Daytona State College,fallback
de-anza-college,33385,113333,C,De Anza College,De Anza College,fallback
dean-college,33182,165574,B,Dean College,Dean College,fallback
defiance-college,32988,202514,B,Defiance College,Defiance College,fallback
del-mar-college,33534,224350,C,Del Mar College,Del Mar College,fallback
delaware,31687,130943,B,University of Delaware,University of Delaware,fallback
delaware-county-community-college,33493,211927,C,Delaware County Community College,Delaware County Community College,fallback
delaware-state-university,33037,130934,A,Delaware State University,Delaware State University,fallback (hand-checked)
delaware-technical-and-community-college-terry,34605,130907,C,Delaware Technical Community College Terry,Delaware Technical Community College Terry,fallback
delaware-valley-university,32370,211981,B,Delaware Valley University,Delaware Valley University,fallback
delgado-community-college,33613,158662,C,Delgado Community College,Delgado Community College,fallback
dellarte-international-school-of-physical-theatre,35065,,C,Dell'Arte International School of Physical Theatre,Dell'Arte International School of Physical Theatre,fallback
delta-college,33471,169521,C,Delta College,Delta College,fallback
delta-school-of-business-and-technology,34808,,C,Delta School of Business and Technology,Delta School of Business and Technology,fallback
delta-state-university,32570,175616,B,Delta State University,Delta State University,fallback
denison,31839,202523,B,Denison University,Denison University,fallback
denmark-technical-college,34149,217989,C,Denmark Technical College,Denmark Technical College,fallback
denver-college-of-nursing,34116,454856,C,Denver College of Nursing,Denver College of Nursing,fallback
depaul,31796,144740,B,DePaul University,DePaul University,fallback
depauw,31673,150400,B,DePauw University,DePauw University,fallback
des-moines-area-community-college,33777,153214,C,Des Moines Area Community College,Des Moines Area Community College,fallback
des-moines-university,37765,154156,C,Des Moines University Medicine and Health Sciences,Des Moines University Medicine and Health Sciences,fallback
desales-university,32526,210739,A,DeSales University,DeSales University,fallback (hand-checked)
design-institute-of-san-diego,34624,113582,B,Design Institute of San Diego,Design Institute of San Diego,fallback
devry-college-of-new-york,34225,482413,B,DeVry College of New York,DeVry College of New York,fallback
devry-university-arizona,34228,482422,C,DeVry University Arizona,DeVry University Arizona,fallback
devry-university-california,33974,482431,B,DeVry University California,DeVry University California,fallback
devry-university-florida,34023,482459,C,DeVry University Florida,DeVry University Florida,fallback
devry-university-georgia,33937,482468,B,DeVry University Georgia,DeVry University Georgia,fallback
devry-university-illinois,34352,482477,B,DeVry University Illinois,DeVry University Illinois,fallback
devry-university-nevada,34787,482547,C,DeVry University Nevada,DeVry University Nevada,fallback
devry-university-new-jersey,34422,482556,B,DeVry University New Jersey,DeVry University New Jersey,fallback
devry-university-ohio,34219,482574,B,DeVry University Ohio,DeVry University Ohio,fallback
devry-university-texas,33715,482635,C,DeVry University Texas,DeVry University Texas,fallback
devry-university-virginia,34348,482653,C,DeVry University Virginia,DeVry University Virginia,fallback
diablo-valley-college,33500,113634,C,Diablo Valley College,Diablo Valley College,fallback
dickinson-college,33396,212009,B,Dickinson College,Dickinson College,fallback
dickinson-state-university,33001,200059,B,Dickinson State University,Dickinson State University,fallback
digipen-institute-of-technology,33705,443410,B,DigiPen Institute of Technology,DigiPen Institute of Technology,fallback
dillard-university,32677,158802,B,Dillard University,Dillard University,fallback
dine-college,34045,105297,C,Dine College,Dine College,fallback
divine-word-college,34910,153241,C,Divine Word College,Divine Word College,fallback
doane-university,32103,181020,B,Doane University,Doane University,fallback
dodge-city-community-college,34232,154998,C,Dodge City Community College,Dodge City Community College,fallback
dominican-university,31876,148496,A,Dominican University,Dominican University,fallback (hand-checked)
dominican-university-new-york,33040,190761,B,Dominican University New York,Dominican University New York,fallback
dominican-university-of-california,32005,113698,A,Dominican University of California,Dominican University of California,fallback (hand-checked)
dongguk-university-los-angeles,37774,122117,C,Dongguk University Los Angeles,Dongguk University Los Angeles,fallback
donnelly-college,34882,155007,C,Donnelly College,Donnelly College,fallback
dordt-university,32021,153250,B,Dordt University,Dordt University,fallback
douglas-education-center,34926,212045,C,Douglas Education Center,Douglas Education Center,fallback
drake-university,31927,153269,B,Drake University,Drake University,fallback
drew-university,33013,184348,B,Drew University,Drew University,fallback
drexel-university,31982,212054,B,Drexel University,Drexel University,fallback
drury,31817,177214,A,Drury University,Drury University,fallback (hand-checked)
duke,31686,198419,B,Duke University,Duke University,fallback
dunwoody-college-of-technology,33199,175227,B,Dunwoody College of Technology,Dunwoody College of Technology,fallback
duquesne,31799,212106,A,Duquesne University,Duquesne University,fallback (hand-checked)
durham-technical-community-college,33521,198455,C,Durham Technical Community College,Durham Technical Community College,fallback
dutchess-community-college,33232,190840,C,Dutchess Community College,Dutchess Community College,fallback
dyersburg-state-community-college,33134,220057,C,Dyersburg State Community College,Dyersburg State Community College,fallback
dyouville-university,31975,190716,B,D'Youville University,D'Youville University,fallback
eagle-gate-college-layton,34901,447421,C,Eagle Gate College Layton,Eagle Gate College Layton,fallback
eagle-gate-college-murray,35022,230366,C,Eagle Gate College Murray,Eagle Gate College Murray,fallback
earlham-college,31990,150455,A,Earlham College,Earlham College,fallback (hand-checked)
east-arkansas-community-college,34521,106883,C,East Arkansas Community College,East Arkansas Community College,fallback
east-carolina-university,32630,198464,B,East Carolina University,East Carolina University,fallback
east-central-college,34260,177250,C,East Central College,East Central College,fallback
east-central-community-college,34150,175643,C,East Central Community College,East Central Community College,fallback
east-central-university,32680,207041,B,East Central University,East Central University,fallback
east-georgia-college,33683,139621,C,East Georgia State College,East Georgia State College,fallback
east-los-angeles-college,33478,113856,C,East Los Angeles College,East Los Angeles College,fallback
east-mississippi-community-college,33548,175652,C,East Mississippi Community College,East Mississippi Community College,fallback
east-ohio-college,33311,204884,C,East Ohio College,East Ohio College,fallback
east-stroudsburg-university-of-pennsylvania,32816,212115,B,East Stroudsburg University of Pennsylvania,East Stroudsburg University of Pennsylvania,fallback
east-tennessee-state-university,32636,220075,B,East Tennessee State University,East Tennessee State University,fallback
east-texas-a-m-university,32587,224554,B,East Texas A&M University,East Texas A&M,IPEDS alias
east-texas-baptist-university,32499,224527,B,East Texas Baptist University,East Texas Baptist University,fallback
east-west-university,33258,144883,C,East-West University,East-West University,fallback
eastern-arizona-college,34186,104577,C,Eastern Arizona College,Eastern Arizona College,fallback
eastern-connecticut-state-university,32498,129215,B,Eastern Connecticut State University,Eastern Connecticut State University,fallback
eastern-florida-state-college,33431,132693,C,Eastern Florida State College,Eastern Florida State College,fallback
eastern-illinois-university,32527,144892,B,Eastern Illinois University,Eastern Illinois University,fallback
eastern-iowa-community-college-district,34245,153311,C,Eastern Iowa Community College District,Eastern Iowa Community College District,fallback
eastern-kentucky-university,32530,156620,B,Eastern Kentucky University,Eastern Kentucky University,fallback
eastern-maine-community-college,34661,161138,C,Eastern Maine Community College,Eastern Maine Community College,fallback
eastern-mennonite-university,31944,232043,A,Eastern Mennonite University,Eastern Mennonite University,fallback (hand-checked)
eastern-michigan-university,32562,169798,A,Eastern Michigan University,Eastern Michigan University,fallback (hand-checked)
eastern-new-mexico-university-main-campus,32846,187648,B,Eastern New Mexico University Main Campus,Eastern New Mexico University,fallback
eastern-new-mexico-university-roswell-campus,34975,187666,C,Eastern New Mexico University Roswell Campus,Eastern New Mexico University Roswell Campus,fallback
eastern-new-mexico-university-ruidoso-campus,35027,383996,C,Eastern New Mexico University Ruidoso Branch Community College,Eastern New Mexico University Ruidoso Branch Community College,fallback
eastern-oklahoma-state-college,34247,207050,C,Eastern Oklahoma State College,Eastern Oklahoma State College,fallback
eastern-oregon-university,32206,208646,A,Eastern Oregon University,Eastern Oregon University,fallback (hand-checked)
eastern-shore-community-college,35163,232052,C,Eastern Shore Community College,Eastern Shore Community College,fallback
eastern-university,32134,212133,B,Eastern University,Eastern University,fallback
eastern-washington-university,32745,235097,A,Eastern Washington University,Eastern Washington University,fallback (hand-checked)
eastern-west-virginia-community-and-technical-college,34577,438708,C,Eastern West Virginia Community and Technical College,Eastern West Virginia Community and Technical College,fallback
eastern-wyoming-college,34504,240596,C,Eastern Wyoming College,Eastern Wyoming College,fallback
eastwick-college,33685,184959,C,Eastwick College,Eastwick College,fallback
ecclesia-college,33962,446233,B,Ecclesia College,Ecclesia College,fallback
eckerd,31798,133492,A,Eckerd College,Eckerd College,fallback (hand-checked)
ecpi-university,37775,248934,B,ECPI University,ECPI University,fallback
ecumenical-theological-seminary,35296,247162,C,Ecumenical Theological Seminary,Ecumenical Theological Seminary,fallback
edgecombe-community-college,34589,198491,C,Edgecombe Community College,Edgecombe Community College,fallback
edgewood-college,32304,238661,B,Edgewood College,Edgewood College,fallback
edison-state-community-college,32970,202648,C,Edison State Community College,Edison State Community College,fallback
edmonds-college,33676,235103,C,Edmonds College,Edmonds College,fallback
edward-waters-university,33262,133526,B,Edward Waters University,Edward Waters University,fallback
el-camino-community-college-district,33662,113980,C,El Camino Community College District,El Camino Community College District,fallback
el-paso-community-college,33470,224642,C,El Paso Community College,El Paso Community College,fallback
elgin-community-college,33684,144944,C,Elgin Community College,Elgin Community College,fallback
elizabeth-city-state-university,32941,198507,B,Elizabeth City State University,Elizabeth City State University,fallback
elizabethtown-college,32006,212197,B,Elizabethtown College,Elizabethtown College,fallback
elizabethtown-community-and-technical-college,34302,156648,C,Elizabethtown Community and Technical College,Elizabethtown Community and Technical College,fallback
ellsworth-community-college,34015,153296,C,Ellsworth Community College,Ellsworth Community College,fallback
elmhurst-university,32114,144962,B,Elmhurst University,Elmhurst University,fallback
elmira-college,32856,190983,B,Elmira College,Elmira College,fallback
elon-university,32009,198516,A,Elon University,Elon University,fallback (hand-checked)
embry-riddle,31731,133553,B,Embry-Riddle Aeronautical University Daytona Beach,Embry-Riddle Aeronautical University Daytona Beach,fallback
embry-riddle-aeronautical-university-worldwide,33848,426314,B,Embry-Riddle Aeronautical University Worldwide,Embry-Riddle Aeronautical University Worldwide,fallback
embry-riddle-prescott,31782,104586,B,Embry-Riddle Aeronautical University Prescott,Embry-Riddle Aeronautical University Prescott,fallback
emerson-college,31881,165662,B,Emerson College,Emerson College,fallback
emmanuel-college,32086,165671,B,Emmanuel College,Emmanuel College,fallback
emmanuel-university,32504,139630,B,Emmanuel University,Emmanuel University,fallback
emmaus-bible-college,32138,153302,B,Emmaus Bible College,Emmaus Bible College,fallback
emory,31795,139658,A,Emory University,Emory,hand-checked
emory-henry-university,32292,232025,B,Emory & Henry University,Emory & Henry University,fallback
empire-state-university,33744,196264,C,Empire State University,Empire State University,fallback
emporia-state-university,32477,155025,B,Emporia State University,Emporia State University,fallback
endicott-college,32181,165699,B,Endicott College,Endicott College,fallback
ensign-college,34208,230418,C,Ensign College,Ensign College,fallback
enterprise-state-community-college,34151,101143,C,Enterprise State Community College,Enterprise State Community College,fallback
epic-bible-college,34617,124487,C,Epic Bible College & Graduate School,Epic Bible College & Graduate School,fallback
erie-community-college,33725,191083,C,Erie Community College,Erie Community College,fallback
erie-institute-of-technology-inc,34985,212434,C,Erie Institute of Technology Inc,Erie Institute of Technology Inc,fallback
erskine-college,32785,217998,B,Erskine College,Erskine College,fallback
essex-county-college,33426,184481,C,Essex County College,Essex County College,fallback
estrella-mountain-community-college,33537,384333,C,Estrella Mountain Community College,Estrella Mountain Community College,fallback
eti-technical-college,33339,200590,C,ETI Technical College,ETI Technical College,fallback
eureka-college,32857,144971,B,Eureka College,Eureka College,fallback
evangel-university,32730,177339,B,Evangel University,Evangel University,fallback
everett-community-college,33731,235149,C,Everett Community College,Everett Community College,fallback
everglades-university,33900,385619,B,Everglades University,Everglades University,fallback
evergreen-valley-college,33722,114266,C,Evergreen Valley College,Evergreen Valley College,fallback
excelsior-university,35275,196680,C,Excelsior University,Excelsior University,fallback
fairfax-university-of-america,35320,,C,Fairfax University of America,Fairfax University of America,fallback
fairfield-university,31984,129242,B,Fairfield University,Fairfield University,fallback
fairleigh-dickinson-university-florham-campus,32434,184694,B,Fairleigh Dickinson University Florham Campus,Fairleigh Dickinson University Florham Campus,fallback
fairleigh-dickinson-university-metropolitan-campus,32685,184603,B,Fairleigh Dickinson University Metropolitan Campus,Fairleigh Dickinson University Metropolitan Campus,fallback
fairmont-state-university,32599,237367,B,Fairmont State University,Fairmont State University,fallback
faith-baptist-bible-college-and-theological-seminary,32453,153320,B,Faith Baptist Bible College and Theological Seminary,Faith Baptist Bible College and Theological Seminary,fallback
faith-international-university,34536,443049,C,Faith International University,Faith International University,fallback
family-of-faith-christian-university,34731,443058,B,Family of Faith Christian University,Family of Faith Christian University,fallback
farmingdale-state-college,32780,196042,A,Farmingdale State College,Farmingdale State College,fallback (hand-checked)
fashion-institute-of-technology,33375,191126,B,Fashion Institute of Technology,Fashion Institute of Technology,fallback
faulkner-university,32594,101189,B,Faulkner University,Faulkner University,fallback
fayetteville-state-university,32995,198543,B,Fayetteville State University,Fayetteville State University,fallback
fayetteville-technical-community-college,33257,198534,C,Fayetteville Technical Community College,Fayetteville Technical Community College,fallback
feather-river-community-college-district,34214,114433,C,Feather River Community College District,Feather River Community College District,fallback
felician-university,33076,184612,C,Felician University,Felician University,fallback
ferris-state-university,32699,169910,A,Ferris State University,Ferris State University,fallback (hand-checked)
ferrum-college,32963,232089,B,Ferrum College,Ferrum College,fallback
fielding-graduate-university,37776,114549,C,Fielding Graduate University,Fielding Graduate University,fallback
fine-mortuary-college-llc,34496,436599,C,FINE Mortuary College,FINE Mortuary College,fallback
finger-lakes-community-college,33865,191199,C,Finger Lakes Community College,Finger Lakes Community College,fallback
fisher-college,33241,165802,B,Fisher College,Fisher College,fallback
fisk-university,33006,220181,B,Fisk University,Fisk University,fallback
fitchburg-state-university,32746,165820,A,Fitchburg State University,Fitchburg State University,fallback (hand-checked)
five-branches-university,37777,114585,C,Five Branches University,Five Branches University,fallback
five-towns-college,33201,191205,B,Five Towns College,Five Towns College,fallback
flagler-college-st-augustine,32548,133711,B,Flagler College,Flagler College,fallback
flathead-valley-community-college,34137,180197,C,Flathead Valley Community College,Flathead Valley Community College,fallback
flint-hills-technical-college,35145,155052,C,Flint Hills Technical College,Flint Hills Technical College,fallback
florence-darlington-technical-college,34306,218025,C,Florence-Darlington Technical College,Florence-Darlington Technical College,fallback
florida,31706,134130,A,University of Florida,UF,hand-checked
florida-agricultural-and-mechanical-university,32013,133650,A,Florida Agricultural and Mechanical University,FAMU,hand-checked
florida-atlantic-university,31868,133669,A,Florida Atlantic University,FAU,hand-checked
florida-college,32756,133809,B,Florida College,Florida College,fallback
florida-gateway-college,33792,135160,C,Florida Gateway College,Florida Gateway College,fallback
florida-gulf-coast,31651,433660,A,Florida Gulf Coast University,FGCU,hand-checked
florida-institute-of-technology,31897,133881,B,Florida Institute of Technology,Florida Tech,IPEDS alias
florida-international,31653,133951,A,Florida International University,FIU,hand-checked
florida-memorial-university,33249,133979,B,Florida Memorial University,Florida Memorial University,fallback
florida-national-university,34025,408844,C,Florida National University,Florida National University,fallback
florida-polytechnic-university,32240,482936,A,Florida Polytechnic University,Florida Polytechnic University,fallback (hand-checked)
florida-southern-college,31882,134079,B,Florida Southern College,Florida Southern College,fallback
florida-southwestern-state-college,33065,133508,C,Florida SouthWestern State College,Florida SouthWestern State College,fallback
florida-state-college-at-jacksonville,33401,133702,C,Florida State College at Jacksonville,Florida State College at Jacksonville,fallback
florida-state-university,31917,134097,B,Florida State University,Florida State,IPEDS alias
folsom-lake-college,33858,444219,C,Folsom Lake College,Folsom Lake College,fallback
fond-du-lac-tribal-and-community-college,34938,380368,C,Fond du Lac Tribal and Community College,Fond du Lac Tribal and Community College,fallback
foothill-college,33496,114716,C,Foothill College,Foothill College,fallback
fordham-university,31980,191241,B,Fordham University,Fordham University,fallback
forsyth-technical-community-college,33924,198552,C,Forsyth Technical Community College,Forsyth Tech,IPEDS alias
fort-hays-state-university,32394,155061,B,Fort Hays State University,Fort Hays State University,fallback
fort-hays-tech-north-central,34761,155593,C,Fort Hays Tech North Central,Fort Hays Tech North Central,fallback
fort-lewis-college,32713,127185,B,Fort Lewis College,Fort Lewis College,fallback
fort-peck-community-college,34503,180212,C,Fort Peck Community College,Fort Peck Community College,fallback
fort-scott-community-college,34760,155098,C,Fort Scott Community College,Fort Scott Community College,fallback
fort-valley-state-university,33183,139719,B,Fort Valley State University,Fort Valley State University,fallback
fortis-college-baton-rouge,34345,439738,C,Fortis College Baton Rouge,Fortis College Baton Rouge,fallback
fortis-college-centeville,35158,205179,C,Fortis College Centerville,Fortis College Centerville,fallback
fortis-college-cincinnati,34819,450067,C,Fortis College Cincinnati,Fortis College Cincinnati,fallback
fortis-college-columbia,34679,460020,C,Fortis College Columbia,Fortis College Columbia,fallback
fortis-college-columbus,35094,450058,C,Fortis College Columbus,Fortis College Columbus,fallback
fortis-college-cuyahoga-falls,34769,487302,C,Fortis College Cuyahoga Falls,Fortis College Cuyahoga Falls,fallback
fortis-college-fl,33439,439792,C,Fortis College Orange Park,Fortis College Orange Park,fallback
fortis-college-ga,33642,372921,C,Fortis College Smyrna,Fortis College Smyrna,fallback
fortis-college-indianapolis,34197,458681,C,Fortis College Indianapolis,Fortis College Indianapolis,fallback
fortis-college-landover,34309,494843,C,Fortis College Landover,Fortis College Landover,fallback
fortis-college-mobile,34161,371052,C,Fortis College Mobile,Fortis College Mobile,fallback
fortis-college-montgomery,34703,455488,C,Fortis College Montgomery,Fortis College Montgomery,fallback
fortis-college-norfolk,34930,233329,C,Fortis College Norfolk,Fortis College Norfolk,fallback
fortis-college-richmond,34286,382957,C,Fortis College Richmond,Fortis College Richmond,fallback
fortis-college-salt-lake-city,34601,456454,C,Fortis College Salt Lake City,Fortis College Salt Lake City,fallback
fortis-institute,34645,494436,C,Fortis Institute,Fortis Institute,fallback
fortis-institute-birmingham,34599,455628,C,Fortis Institute Birmingham,Fortis Institute Birmingham,fallback
fortis-institute-forty-fort,34776,249609,C,Fortis Institute Forty Fort,Fortis Institute Forty Fort,fallback
fortis-institute-nashville,34874,452124,C,Fortis Institute Nashville,Fortis Institute Nashville,fallback
fortis-institute-pensacola,34517,455479,C,Fortis Institute Pensacola,Fortis Institute Pensacola,fallback
fortis-institute-scranton,34643,385503,C,Fortis Institute Scranton,Fortis Institute Scranton,fallback
fox-college-inc,34756,145239,B,Fox College,Fox College,fallback
fox-valley-technical-college,33808,238722,C,Fox Valley Technical College,Fox Valley Technical College,fallback
framingham-state-university,33053,165866,B,Framingham State University,Framingham State University,fallback
francis-marion,31726,218061,B,Francis Marion University,Francis Marion University,fallback
franciscan,31823,205957,B,Franciscan University of Steubenville,Franciscan University of Steubenville,fallback
franciscan-missionaries-of-our-lady-university,32850,160074,B,Franciscan Missionaries of Our Lady University,Franciscan Missionaries of Our Lady University,fallback
frank-phillips-college,34114,224891,C,Frank Phillips College,Frank Phillips College,fallback
franklin-and-marshall-college,33416,212577,B,Franklin and Marshall College,Franklin and Marshall College,fallback
franklin-college,32266,150604,B,Franklin College,Franklin College,fallback
franklin-pierce-university,33132,182795,B,Franklin Pierce University,Franklin Pierce University,fallback
franklin-university,33670,202806,C,Franklin University,Franklin University,fallback
frederick-community-college,33871,162557,C,Frederick Community College,Frederick Community College,fallback
freed-hardeman-university,31865,220215,B,Freed-Hardeman University,Freed-Hardeman University,fallback
fresno-city-college,33709,114789,C,Fresno City College,Fresno City College,fallback
fresno-pacific-university,32197,114813,B,Fresno Pacific University,Fresno Pacific University,fallback
friends-university,32512,155089,B,Friends University,Friends University,fallback
front-range-community-college,33459,127200,C,Front Range Community College,Front Range Community College,fallback
frontier-nursing-university,37778,156727,C,Frontier Nursing University,Frontier Nursing University,fallback
frostburg-state-university,32281,162584,B,Frostburg State University,Frostburg State University,fallback
full-sail-university,33353,134237,C,Full Sail University,Full Sail University,fallback
fullerton-college,33366,114859,C,Fullerton College,Fullerton College,fallback
fulton-montgomery-community-college,34217,191302,C,Fulton-Montgomery Community College,Fulton-Montgomery Community College,fallback
furman-university,32069,218070,B,Furman University,Furman University,fallback
gadsden-state-community-college,33821,101240,C,Gadsden State Community College,Gadsden State,IPEDS alias
gallaudet-university,32717,131450,B,Gallaudet University,Gallaudet University,fallback
galveston-college,33555,224961,C,Galveston College,Galveston College,fallback
gannon-university,32117,212601,B,Gannon University,Gannon University,fallback
garden-city-community-college,33061,155104,C,Garden City Community College,Garden City Community College,fallback
gardner-webb-university,31875,198561,B,Gardner-Webb University,Gardner-Webb University,fallback
garrett-college,33288,162609,C,Garrett College,Garrett College,fallback
gaston-college,33577,198570,C,Gaston College,Gaston College,fallback
gateway-community-and-technical-college,33145,157438,C,Gateway Community and Technical College,Gateway Community and Technical College,fallback
gateway-community-college-phoenix,33904,105145,C,GateWay Community College,GateWay Community College,fallback
gateway-technical-college,34006,238759,C,Gateway Technical College,Gateway Technical College,fallback
gavilan-college,34176,114938,C,Gavilan College,Gavilan College,fallback
generations-college,33121,146816,C,Generations College,Generations College,fallback
genesee-community-college,33757,191339,C,Genesee Community College,Genesee Community College,fallback
geneva-college,32035,212656,C,Geneva College,Geneva College,fallback
george-c-wallace-community-college-dothan,34705,101286,C,George C Wallace Community College Dothan,George C Wallace Community College Dothan,fallback
george-c-wallace-state-community-college-hanceville,34501,101295,C,George C Wallace State Community College Hanceville,George C Wallace State Community College Hanceville,fallback
george-c-wallace-state-community-college-selma,34966,101301,C,George C Wallace State Community College Selma,George C Wallace State Community College Selma,fallback
george-fox-university,31938,208822,B,George Fox University,George Fox University,fallback
george-mason-university,31966,232186,A,George Mason University,George Mason,hand-checked
george-washington,31784,131469,B,George Washington University,George Washington University,fallback
georgetown,31718,131496,B,Georgetown University,Georgetown University,fallback
georgetown-college,32201,156745,B,Georgetown College,Georgetown College,fallback
georgia,31646,139959,A,University of Georgia,UGA,hand-checked
georgia-christian-university,33849,,C,Georgia Christian University,Georgia Christian University,fallback
georgia-college-and-state-university,32216,139861,B,Georgia College & State University,Georgia College & State University,fallback
georgia-gwinnett-college,33181,447689,A,Georgia Gwinnett College,Georgia Gwinnett College,fallback (hand-checked)
georgia-highlands-college,33089,139700,C,Georgia Highlands College,Georgia Highlands College,fallback
georgia-military-college,35338,485111,C,Georgia Military College,Georgia Military College,fallback
georgia-northwestern-technical-college,33850,139384,C,Georgia Northwestern Technical College,Georgia Northwestern Technical College,fallback
georgia-perimeter-college,33346,244437,B,Perimeter College,Perimeter College,fallback
georgia-piedmont-technical-college,33434,244446,C,Georgia Piedmont Technical College,Georgia Piedmont Technical College,fallback
georgia-southern-university,32578,139931,B,Georgia Southern University,Georgia Southern University,fallback
georgia-southwestern-state-university,32930,139764,B,Georgia Southwestern State University,Georgia Southwestern State University,fallback
georgia-state-university,32195,139940,B,Georgia State University,Georgia State University,fallback
georgia-tech,31751,139755,A,Georgia Institute of Technology Main Campus,Georgia Tech,hand-checked
georgian-court-university,32120,184773,B,Georgian Court University,Georgian Court University,fallback
germanna-community-college,33813,232195,C,Germanna Community College,Germanna Community College,fallback
gettysburg-college,33377,212674,B,Gettysburg College,Gettysburg College,fallback
gilbert-community-college,35298,364025,C,Chandler/Gilbert Community College,Chandler/Gilbert Community College,fallback
glen-oaks-community-college,33939,169974,C,Glen Oaks Community College,Glen Oaks Community College,fallback
glendale-community-college-az,33518,104708,C,Glendale Community College,Glendale Community College (AZ),name + state
glendale-community-college-ca,33463,115001,C,Glendale Community College,Glendale Community College (CA),name + state
glenville-state-university,32736,237385,C,Glenville State University,Glenville State University,fallback
gods-bible-school-and-college,35043,202903,B,Gods Bible School and College,Gods Bible School and College,fallback
gogebic-community-college,35071,169992,C,Gogebic Community College,Gogebic Community College,fallback
golden-gate-university,35241,115083,C,Golden Gate University,Golden Gate University,fallback
golden-west-college,33445,115126,C,Golden West College,Golden West College,fallback
goldey-beacom-college,33164,130989,B,Goldey-Beacom College,Goldey-Beacom College,fallback
gonzaga-university,31985,235316,B,Gonzaga University,Gonzaga University,fallback
good-samaritan-college-of-nursing-and-health-science,33218,202912,B,Good Samaritan College of Nursing & Health Science,Good Samaritan College of Nursing & Health Science,fallback
goodwin-university,34509,129154,C,Goodwin University,Goodwin University,fallback
gordon-college-ga,33505,139968,B,Gordon State College,Gordon State College,fallback
gordon-college-ma,32135,165936,B,Gordon College,Gordon College,fallback
goshen-college,32440,150668,B,Goshen College,Goshen College,fallback
goucher-college,32841,162654,B,Goucher College,Goucher College,fallback
governors-state,31661,145336,B,Governors State University,Governors State University,fallback
grace-christian-university,33086,170000,B,Grace Christian University,Grace Christian University,fallback
grace-college-and-theological-seminary,32119,150677,B,Grace College and Theological Seminary,Grace College and Theological Seminary,fallback
grace-mission-university,35327,481058,C,Grace Mission University,Grace Mission University,fallback
grace-school-of-theology,35329,481401,C,Grace School of Theology,Grace School of Theology,fallback
graceland-university-lamoni,32860,153366,B,Graceland University Lamoni,Graceland University Lamoni,fallback
grambling-state-university,33096,159009,B,Grambling State University,Grambling State University,fallback
grand-canyon-university,33341,104717,B,Grand Canyon University,Grand Canyon University,fallback
grand-rapids-community-college,33106,170055,C,Grand Rapids Community College,Grand Rapids Community College,fallback
grand-valley-state-university,32008,170082,A,Grand Valley State University,Grand Valley State,hand-checked
grand-view-university,32718,153375,B,Grand View University,Grand View University,fallback
grantham-university,34163,442569,C,University of Arkansas Grantham,University of Arkansas Grantham,fallback
gratz-college,34553,212771,C,Gratz College,Gratz College,fallback
grays-harbor-college,34571,235334,C,Grays Harbor College,Grays Harbor College,fallback
grayson-college,33185,225070,C,Grayson College,Grayson College,fallback
great-basin-college,34167,182306,C,Great Basin College,Great Basin College,fallback
great-bay-community-college,33941,183150,C,Great Bay Community College,Great Bay Community College,fallback
great-falls-college-msu,34443,180249,C,Great Falls College MSU,Great Falls College MSU,fallback
great-lakes-christian-college,34450,170091,C,Great Lakes Christian College,Great Lakes Christian College,fallback
great-northern-university,35373,497213,B,Great Northern University,Great Northern University,fallback
green-river-college,33611,235343,C,Green River College,Green River College,fallback
greenfield-community-college,34215,165981,C,Greenfield Community College,Greenfield Community College,fallback
greensboro-college,32604,198598,B,Greensboro College,Greensboro College,fallback
greenville-technical-college,33704,218113,C,Greenville Technical College,Greenville Technical College,fallback
greenville-university,32848,145372,B,Greenville University,Greenville University,fallback
grinnell,31725,153384,B,Grinnell College,Grinnell College,fallback
grossmont-college,33596,115296,C,Grossmont College,Grossmont College,fallback
grove-city-college,31892,212805,B,Grove City College,Grove City College,fallback
guilford-college,32961,198613,B,Guilford College,Guilford College,fallback
guilford-technical-community-college,33282,198622,C,Guilford Technical Community College,Guilford Technical Community College,fallback
gulf-coast-state-college,33754,134343,C,Gulf Coast State College,Gulf Coast State College,fallback
gupton-jones-college-of-funeral-service,33336,139995,C,Gupton Jones College of Funeral Service,Gupton Jones College of Funeral Service,fallback
gustavus-adolphus-college,31958,173647,B,Gustavus Adolphus College,Gustavus Adolphus College,fallback
gwinnett-college-lilburn,34244,140003,C,Gwinnett College Lilburn,Gwinnett College Lilburn,fallback
gwinnett-technical-college,33378,140012,C,Gwinnett Technical College,Gwinnett Tech,IPEDS alias
gwynedd-mercy-university,32623,212832,A,Gwynedd Mercy University,Gwynedd Mercy University,fallback (hand-checked)
h-councill-trenholm-state-community-college,34175,102313,C,H Councill Trenholm State Community College,H Councill Trenholm State Community College,fallback
hagerstown-community-college,32753,162690,C,Hagerstown Community College,Hagerstown Community College,fallback
halifax-community-college,34692,198640,C,Halifax Community College,Halifax Community College,fallback
hallmark-university,35287,225201,B,Hallmark University,Hallmark University,fallback
hamilton,31736,191515,B,Hamilton College,Hamilton College,fallback
hamline-university,32336,173665,B,Hamline University,Hamline University,fallback
hampden-sydney-college,32230,232256,B,Hampden-Sydney College,Hampden-Sydney,IPEDS alias
hampshire-college,33724,166018,B,Hampshire College,Hampshire College,fallback
hampton-university,32694,232265,B,Hampton University,Hampton University,fallback
hannibal-lagrange-university,34483,177542,B,Hannibal-LaGrange University,Hannibal-LaGrange University,fallback
hanover,31815,150756,B,Hanover College,Hanover College,fallback
harcum-college,33293,212869,C,Harcum College,Harcum College,fallback
hardin-simmons-university,32416,225247,B,Hardin-Simmons University,Hardin-Simmons,IPEDS alias
harding-university,31910,107044,B,Harding University,Harding University,fallback
harford-community-college,33801,162706,C,Harford Community College,Harford Community College,fallback
harper-college,33143,149842,C,Harper College,Harper College,fallback
harris-stowe-state-university,33081,177551,C,Harris-Stowe State University,Harris-Stowe State University,fallback
harrisburg-area-community-college-harrisburg,33569,212878,C,Harrisburg Area Community College,Harrisburg Area Community College,fallback
harrisburg-university-of-science-and-technology,32450,446640,B,Harrisburg University of Science and Technology,Harrisburg University of Science and Technology,fallback
hartnell-college,33677,115393,C,Hartnell College,Hartnell College,fallback
hartwick-college,32591,191533,B,Hartwick College,Hartwick College,fallback
harvard,31645,166027,A,Harvard University,Harvard,hand-checked
harvey-mudd,31679,115409,B,Harvey Mudd College,Harvey Mudd College,fallback
haskell-indian-nations-university,35256,155140,B,Haskell Indian Nations University,Haskell Indian Nations University,fallback
hastings-college,32302,181127,B,Hastings College,Hastings College,fallback
haven-university,35238,111045,C,Haven University,Haven University,fallback
haverford,31711,212911,B,Haverford College,Haverford College,fallback
hawaii-community-college,34130,383190,C,Hawaii Community College,Hawaii Community College,fallback
hawaii-pacific-university,32163,141644,B,Hawaii Pacific University,Hawaii Pacific University,fallback
hawkeye-community-college,33830,153445,C,Hawkeye Community College,Hawkeye Community College,fallback
haywood-community-college,34191,198668,C,Haywood Community College,Haywood Community College,fallback
hazard-community-and-technical-college,33129,156790,C,Hazard Community and Technical College,Hazard Community and Technical College,fallback
heartland-community-college,33842,384342,C,Heartland Community College,Heartland Community College,fallback
hebrew-theological-college,32834,145497,B,Hebrew Theological College,Hebrew Theological College,fallback
heidelberg-university,32640,203085,B,Heidelberg University,Heidelberg University,fallback
helena-college-university-of-montana,34484,180276,C,Helena College University of Montana,Helena College University of Montana,fallback
hellenic-college-holy-cross-greek-orthodox-school-of-theology,32518,166054,B,Hellenic College Holy Cross Greek Orthodox School of Theology,Hellenic College Holy Cross Greek Orthodox School of Theology,fallback
henderson-community-college,34564,156851,C,Henderson Community College,Henderson Community College,fallback
henderson-state-university,32842,107071,C,Henderson State University,Henderson State University,fallback
hendrix,31814,107080,B,Hendrix College,Hendrix College,fallback
hennepin-technical-college,33762,173708,C,Hennepin Technical College,Hennepin Technical College,fallback
henry-ford-college,33452,170240,C,Henry Ford College,Henry Ford College,fallback
heritage-bible-college,33196,198677,C,Heritage Bible College,Heritage Bible College,fallback
heritage-christian-university,33033,101453,B,Heritage Christian University,Heritage Christian University,fallback
heritage-university,33093,235422,C,Heritage University,Heritage University,fallback
herkimer-county-community-college,33251,191612,C,Herkimer County Community College,Herkimer County Community College,fallback
herzing-university-akron-campus,34424,200785,B,Herzing University Akron Campus,Herzing University Akron Campus,fallback
herzing-university-atlanta,33691,140340,B,Herzing University Atlanta,Herzing University Atlanta,fallback
herzing-university-birmingham,34335,101365,B,Herzing University Birmingham,Herzing University Birmingham,fallback
herzing-university-brookfield,34612,459851,B,Herzing University Brookfield,Herzing University Brookfield,fallback
herzing-university-kenosha,34274,459842,B,Herzing University Kenosha,Herzing University Kenosha,fallback
herzing-university-madison,34409,240392,B,Herzing University Madison,Herzing University Madison,fallback
herzing-university-minneapolis,34462,174154,B,Herzing University Minneapolis,Herzing University Minneapolis,fallback
herzing-university-new-orleans,34942,433536,B,Herzing University New Orleans,Herzing University New Orleans,fallback
herzing-university-winter-park,34074,386472,B,Herzing University Orlando,Herzing University Orlando,fallback
hesston-college,32573,155177,C,Hesston College,Hesston College,fallback
high-point-university,32519,198695,B,High Point University,High Point University,fallback
highland-community-college-il,34265,145521,C,Highland Community College,Highland Community College (IL),name + state
highland-community-college-ks,34400,155186,C,Highland Community College,Highland Community College (KS),name + state
highlands-college-of-montana-tech,33087,180081,C,Highlands College of Montana Tech,Highlands College of Montana Tech,fallback
highline-college,33578,235431,C,Highline College,Highline College,fallback
hilbert-college,32895,191621,B,Hilbert College,Hilbert College,fallback
hill-college,33774,225371,C,Hill College,Hill College,fallback
hillsborough-community-college,33356,134495,C,Hillsborough Community College,Hillsborough Community College,fallback
hillsdale,31694,170286,B,Hillsdale College,Hillsdale College,fallback
hinds-community-college,33324,175786,C,Hinds Community College,Hinds Community College,fallback
hiram-college,32760,203128,A,Hiram College,Hiram College,fallback (hand-checked)
hobart-william-smith-colleges,32183,191630,A,Hobart William Smith Colleges,Hobart William Smith Colleges,fallback (hand-checked)
hobe-sound-bible-college,34585,134510,C,Hobe Sound Bible College,Hobe Sound Bible College,fallback
hocking-college,33640,203155,C,Hocking College,Hocking College,fallback
hofstra-university,31873,191649,B,Hofstra University,Hofstra University,fallback
hollins,31842,232308,A,Hollins University,Hollins University,fallback (hand-checked)
holmes-community-college,34038,175810,C,Holmes Community College,Holmes Community College,fallback
holy-apostles,31819,129534,C,Holy Apostles College and Seminary,Holy Apostles College and Seminary,fallback
holy-cross-college,32887,150774,B,Holy Cross College,Holy Cross College,fallback
holy-family-university,32976,212984,B,Holy Family University,Holy Family University,fallback
holyoke-community-college,33931,166133,C,Holyoke Community College,Holyoke Community College,fallback
homestead-schools,35317,457086,C,Homestead Schools,Homestead Schools,fallback
hondros-college,35075,203386,B,Hondros College of Nursing,Hondros College of Nursing,fallback
honolulu-community-college,33733,141680,C,Honolulu Community College,Honolulu Community College,fallback
hood-college,32471,162760,B,Hood College,Hood College,fallback
hope,31773,170301,B,Hope College,Hope College,fallback
hope-international-university,32789,120537,B,Hope International University,Hope International University,fallback
hopkinsville-community-college,34303,156860,C,Hopkinsville Community College,Hopkinsville Community College,fallback
horizon-college-san-diego,34418,,C,Horizon College San Diego,Horizon College San Diego,fallback
horry-georgetown-technical-college,33297,218140,C,Horry-Georgetown Technical College,Horry-Georgetown Technical College,fallback
houghton-university,32797,191676,B,Houghton University,Houghton University,fallback
houston-christian-university,32368,225399,B,Houston Christian University,Houston Christian University,fallback
houston-community-college,33342,225423,C,Houston Community College,Houston Community College,fallback
howard-college,33746,225520,C,Howard College,Howard College,fallback
howard-community-college,33550,162779,C,Howard Community College,Howard Community College,fallback
howard-payne-university,32719,225548,B,Howard Payne University,Howard Payne University,fallback
howard-university,31994,131520,A,Howard University,Howard University,fallback (hand-checked)
hudson-county-community-college,33487,184995,C,Hudson County Community College,Hudson County Community College,fallback
hudson-valley-community-college,33639,191719,C,Hudson Valley Community College,Hudson Valley Community College,fallback
hult-international-business-school,35263,164368,B,Hult International Business School,Hult International Business School,fallback
humboldt-state-university,32633,115755,B,California State Polytechnic University Humboldt,California State Polytechnic University Humboldt,fallback
humphreys-university-stockton-and-modesto-campuses,35034,115773,C,Humphreys University Stockton and Modesto Campuses,Humphreys University Stockton and Modesto Campuses,fallback
huntingdon-college,32417,101435,B,Huntingdon College,Huntingdon College,fallback
huntington-junior-college,34931,237437,C,Huntington Junior College,Huntington Junior College,fallback
huntington-university,32101,150941,B,Huntington University,Huntington University,fallback
huntsville-bible-college,34733,449348,C,Huntsville Bible College,Huntsville Bible College,fallback
husson-university,32520,487524,B,Husson University,Husson University,fallback
huston-tillotson-university,33153,225575,B,Huston-Tillotson University,Huston-Tillotson University,fallback
hutchinson-community-college,32867,155195,C,Hutchinson Community College,Hutchinson Community College,fallback
ibmc-college,34838,372329,C,IBMC College,IBMC College,fallback
idaho-state-university,32474,142276,C,Idaho State University,Idaho State University,fallback
iit,31764,145725,A,Illinois Institute of Technology,Illinois Tech,hand-checked
ilisagvik-college,34476,434584,C,Ilisagvik College,Ilisagvik College,fallback
illinois-central-college,33535,145682,C,Illinois Central College,Illinois Central College,fallback
illinois-college,32047,145691,B,Illinois College,Illinois College,fallback
illinois-eastern-community-colleges,38876,145707,C,Illinois Eastern Community Colleges,Illinois Eastern Community Colleges,fallback
illinois-state-university,32455,145813,A,Illinois State University,Illinois State University,fallback (hand-checked)
illinois-valley-community-college,34313,145831,C,Illinois Valley Community College,Illinois Valley Community College,fallback
illinois-wesleyan,31748,145646,A,Illinois Wesleyan University,Illinois Wesleyan University,fallback (hand-checked)
immaculata-university,32294,213011,A,Immaculata University,Immaculata University,fallback (hand-checked)
imperial-valley-college,33966,115861,C,Imperial Valley College,Imperial Valley College,fallback
independence-community-college,34246,155201,C,Independence Community College,Independence Community College,fallback
indian-bible-college,35366,495280,C,Indian Bible College,Indian Bible College,fallback
indian-hills-community-college,34101,153472,C,Indian Hills Community College,Indian Hills Community College,fallback
indian-river-state-college,33423,134608,C,Indian River State College,Indian River State College,fallback
indiana-institute-of-technology,33085,151290,B,Indiana Institute of Technology,Indiana Tech,IPEDS alias
indiana-state-university,32742,151324,B,Indiana State University,Indiana State University,fallback
indiana-university-bloomington,31869,151351,B,Indiana University Bloomington,Indiana University Bloomington,fallback
indiana-university-east,32479,151388,B,Indiana University East,Indiana University East,fallback
indiana-university-indianapolis,32244,151111,B,Indiana University Indianapolis,Indiana University Indianapolis,fallback
indiana-university-kokomo,32750,151333,B,Indiana University Kokomo,Indiana University Kokomo,fallback
indiana-university-northwest,32966,151360,B,Indiana University Northwest,Indiana University Northwest,fallback
indiana-university-of-pennsylvania-main-campus,32534,213020,A,Indiana University of Pennsylvania Main Campus,IUP,hand-checked
indiana-university-south-bend,32820,151342,B,Indiana University South Bend,Indiana University South Bend,fallback
indiana-university-southeast,32683,151379,B,Indiana University Southeast,Indiana University Southeast,fallback
indiana-wesleyan-university,32072,151801,B,Indiana Wesleyan University,Indiana Wesleyan University,fallback
institute-of-american-indian-and-alaska-native-culture,34811,187745,B,Institute of American Indian and Alaska Native Culture and Arts Development,Institute of American Indian and Alaska Native Culture and Arts Development,fallback
institute-of-lutheran-theology,35358,,C,Institute of Lutheran Theology,Institute of Lutheran Theology,fallback
interactive-college-of-technology-chamblee,34753,138655,C,Interactive College of Technology Chamblee,Interactive College of Technology Chamblee,fallback
international-baptist-college,34594,436614,C,International Baptist College and Seminary,International Baptist College and Seminary,fallback
international-business-college-indianapolis,34625,151467,B,International Business College Indianapolis,International Business College Indianapolis,fallback
inver-hills-community-college,34201,173799,C,Inver Hills Community College,Inver Hills Community College,fallback
iona-university,32487,191931,B,Iona University,Iona University,fallback
iowa,31785,153658,A,University of Iowa,University of Iowa,fallback (hand-checked)
iowa-central-community-college,33703,153524,C,Iowa Central Community College,Iowa Central Community College,fallback
iowa-lakes-community-college,34154,153533,C,Iowa Lakes Community College,Iowa Lakes Community College,fallback
iowa-state-university,31920,153603,B,Iowa State University,Iowa State University,fallback
iowa-western-community-college,33655,153630,C,Iowa Western Community College,Iowa Western Community College,fallback
irvine-valley-college,33422,116439,C,Irvine Valley College,Irvine Valley College,fallback
isothermal-community-college,34567,198710,C,Isothermal Community College,Isothermal Community College,fallback
itawamba-community-college,33802,175829,C,Itawamba Community College,Itawamba Community College,fallback
ithaca-college,33368,191968,B,Ithaca College,Ithaca College,fallback
ivy-tech-community-college,38875,150987,C,Ivy Tech Community College,Ivy Tech Community College,fallback
j-f-drake-state-technical-college,33912,101462,C,J. F. Drake State Community and Technical College,Drake State,IPEDS alias
j-sargeant-reynolds-community-college,33456,232414,C,J Sargeant Reynolds Community College,J Sargeant Reynolds Community College,fallback
jackson-college,33940,170444,C,Jackson College,Jackson College,fallback
jackson-state-community-college,34004,220400,C,Jackson State Community College,Jackson State Community College,fallback
jackson-state-university,33004,175856,B,Jackson State University,Jackson State University,fallback
jacksonville-college-main-campus,34326,225876,C,Jacksonville College Main Campus,Jacksonville College,fallback
jacksonville-state-university,32413,101480,B,Jacksonville State University,Jacksonville State University,fallback
jacksonville-university,32061,134945,A,Jacksonville University,Jacksonville University,fallback (hand-checked)
james-a-rhodes-state-college,33027,203678,C,James A. Rhodes State College,James A. Rhodes State College,fallback
james-madison-university,32140,232423,B,James Madison University,James Madison University,fallback
james-sprunt-community-college,34767,198729,C,James Sprunt Community College,James Sprunt Community College,fallback
jamestown-community-college,32662,191986,C,Jamestown Community College,Jamestown Community College,fallback
jarvis-christian-university,33226,225885,C,Jarvis Christian University,Jarvis Christian University,fallback
jefferson-college,34079,177676,C,Jefferson College,Jefferson College,fallback
jefferson-community-and-technical-college,33837,156921,C,Jefferson Community and Technical College,Jefferson Community and Technical College,fallback
jefferson-community-college,34048,192022,C,Jefferson Community College,Jefferson Community College,fallback
jefferson-state-community-college,33128,101505,C,Jefferson State Community College,Jefferson State,IPEDS alias
jewish-theological-seminary-of-america,31948,192040,B,Jewish Theological Seminary of America,Jewish Theological Seminary of America,fallback
jf-ingram-state-technical-college,35233,101471,C,J F Ingram State Technical College,J F Ingram State Technical College,fallback
jna-institute-of-culinary-arts,34434,419341,C,Jna Institute of Culinary Arts,Jna Institute of Culinary Arts,fallback
john-a-gupton-college,34269,220464,B,John A Gupton College,John A Gupton College,fallback
john-a-logan-college,33913,146205,C,John A Logan College,John A Logan College,fallback
john-brown,31834,107141,B,John Brown University,John Brown University,fallback
john-c-calhoun-state-community-college,33720,101514,C,John C Calhoun State Community College,John C Calhoun State Community College,fallback
john-carroll-university,31999,203368,A,John Carroll University,John Carroll University,fallback (hand-checked)
john-paul-the-great-catholic-university,32174,462354,B,John Paul the Great Catholic University,John Paul the Great Catholic University,fallback
john-wood-community-college,34858,146278,C,John Wood Community College,John Wood Community College,fallback
johns-hopkins,31696,162928,A,Johns Hopkins University,Johns Hopkins,hand-checked
johnson-c-smith-university,33314,198756,B,Johnson C Smith University,Johnson C Smith University,fallback
johnson-college,33141,213233,B,Johnson College,Johnson College,fallback
johnson-county-community-college,33503,155210,C,Johnson County Community College,Johnson County Community College,fallback
johnson-university,32250,220473,B,Johnson University,Johnson University,fallback
johnson-wales-university-charlotte,33511,445708,B,Johnson & Wales University Charlotte,Johnson & Wales University Charlotte,fallback
johnson-wales-university-providence,33364,217235,B,Johnson & Wales University Providence,Johnson & Wales University Providence,fallback
johnston-community-college,34178,198774,C,Johnston Community College,Johnston Community College,fallback
joliet-junior-college,33447,146296,C,Joliet Junior College,Joliet Junior College,fallback
jones-county-junior-college,33598,175883,C,Jones County Junior College,Jones County Junior College,fallback
jose-maria-vargas-university,34475,461281,C,Jose Maria Vargas University,Jose Maria Vargas University,fallback
joyce-university-of-nursing-and-health-sciences,34262,447263,B,Joyce University of Nursing and Health Sciences,Joyce University of Nursing and Health Sciences,fallback
judson-university,32952,146339,B,Judson University,Judson University,fallback
juniata,31793,213251,B,Juniata College,Juniata College,fallback
kairos-university,35284,219240,B,Kairos University,Kairos University,fallback
kalamazoo-college,31890,170532,B,Kalamazoo College,Kalamazoo College,fallback
kalamazoo-valley-community-college,33883,170541,C,Kalamazoo Valley Community College,Kalamazoo Valley Community College,fallback
kanawha-valley-community-and-technical-college,35002,,C,Kanawha Valley Community and Technical College,Kanawha Valley Community and Technical College,fallback
kankakee-community-college,33171,146348,C,Kankakee Community College,Kankakee Community College,fallback
kansas-christian-college,35257,155308,C,Kansas Christian College,Kansas Christian College,fallback
kansas-city-art-institute,32659,177746,B,Kansas City Art Institute,Kansas City Art Institute,fallback
kansas-city-kansas-community-college,34109,155292,C,Kansas City Kansas Community College,Kansas City Kansas Community College,fallback
kansas-city-university,37779,179812,C,Kansas City University,Kansas City University,fallback
kansas-state,31829,155399,A,Kansas State University,Kansas State,hand-checked
kansas-wesleyan-university,32626,155414,B,Kansas Wesleyan University,Kansas Wesleyan University,fallback
kapiolani-community-college,33851,141796,C,Kapiolani Community College,Kapiolani Community College,fallback
kaskaskia-college,32936,146366,C,Kaskaskia College,Kaskaskia College,fallback
kauai-community-college,34445,141802,C,Kauai Community College,Kauai Community College,fallback
kd-college-conservatory-of-film-and-dramatic-arts,34636,225991,B,KD Conservatory College of Film and Dramatic Arts,KD Conservatory College of Film and Dramatic Arts,fallback
kean-university,32877,185262,B,Kean University,Kean University,fallback
keene-state-college,33015,183062,A,Keene State College,Keene State College,fallback (hand-checked)
kehilath-yakov-rabbinical-seminary,35211,192165,C,Kehilath Yakov Rabbinical Seminary,Kehilath Yakov Rabbinical Seminary,fallback
keiser-university-ft-lauderdale,35250,135081,B,Keiser University Ft Lauderdale,Keiser University Ft Lauderdale,fallback
kellogg-community-college,34061,170550,C,Kellogg Community College,Kellogg Community College,fallback
kennebec-valley-community-college,34525,161192,C,Kennebec Valley Community College,Kennebec Valley Community College,fallback
kennesaw-state-university,32631,486840,A,Kennesaw State University,Kennesaw State University,fallback (hand-checked)
kenrick-glennon-seminary,35181,177816,C,Kenrick Glennon Seminary,Kenrick Glennon Seminary,fallback
kent-state-university-at-ashtabula,32833,203447,C,Kent State University at Ashtabula,Kent State University at Ashtabula,fallback
kent-state-university-at-east-liverpool,32875,203456,C,Kent State University at East Liverpool,Kent State University at East Liverpool,fallback
kent-state-university-at-geauga,33242,203526,C,Kent State University at Geauga,Kent State University at Geauga,fallback
kent-state-university-at-kent,32062,203517,B,Kent State University at Kent,Kent State University at Kent,fallback
kent-state-university-at-salem,32775,203492,C,Kent State University at Salem,Kent State University at Salem,fallback
kent-state-university-at-stark,32949,203465,C,Kent State University at Stark,Kent State University at Stark,fallback
kent-state-university-at-trumbull,32938,203474,C,Kent State University at Trumbull,Kent State University at Trumbull,fallback
kent-state-university-at-tuscarawas,32874,203483,C,Kent State University at Tuscarawas,Kent State University at Tuscarawas,fallback
kentucky-christian-university,32955,157100,B,Kentucky Christian University,Kentucky Christian University,fallback
kentucky-mountain-bible-college,32651,157030,B,Kentucky Mountain Bible College,Kentucky Mountain Bible College,fallback
kentucky-state-university,33240,157058,B,Kentucky State University,Kentucky State University,fallback
kentucky-wesleyan-college,32729,157076,B,Kentucky Wesleyan College,Kentucky Wesleyan College,fallback
kenyon,31763,203535,A,Kenyon College,Kenyon College,fallback (hand-checked)
keser-torah-mayan-hatalmud,34955,461847,B,Keser Torah-Mayan Hatalmud,Keser Torah-Mayan Hatalmud,fallback
kettering,31831,169983,B,Kettering University,Kettering University,fallback
kettering-college,32480,203544,B,Kettering College,Kettering College,fallback
keuka-college,32731,192192,B,Keuka College,Keuka College,fallback
keweenaw-bay-ojibwa-community-college,35099,461315,C,Keweenaw Bay Ojibwa Community College,Keweenaw Bay Ojibwa Community College,fallback
keystone-college,33108,213303,B,Keystone College,Keystone College,fallback
kilgore-college,33506,226019,C,Kilgore College,Kilgore College,fallback
king-university,32379,220516,B,King University,King University,fallback
kings-college-pa,32300,213321,B,King's College,King's College,fallback
kings-university,33815,439701,B,King's University,King's University,fallback
kirkwood-community-college,33567,153737,C,Kirkwood Community College,Kirkwood Community College,fallback
kirtland-community-college,34860,170587,C,Kirtland Community College,Kirtland Community College,fallback
kishwaukee-college,34059,146418,C,Kishwaukee College,Kishwaukee College,fallback
klamath-community-college,34412,428392,C,Klamath Community College,Klamath Community College,fallback
knox-college,33920,146427,B,Knox College,Knox College,fallback
kol-yaakov-torah-center,35190,,C,Kol Yaakov Torah Center,Kol Yaakov Torah Center,fallback
kutztown-university-of-pennsylvania,32672,213349,A,Kutztown University of Pennsylvania,Kutztown University of Pennsylvania,fallback (hand-checked)
kuyper-college,32627,171881,B,Kuyper College,Kuyper College,fallback
l-e-fletcher-technical-community-college,34353,160481,C,Fletcher Technical Community College,Fletcher Technical Community College,fallback
la-roche-university,32894,213358,B,La Roche University,La Roche University,fallback
la-salle-university,32401,213367,B,La Salle University,La Salle University,fallback
la-sierra-university,32198,117627,B,La Sierra University,La Sierra University,fallback
labette-community-college,34711,155450,C,Labette Community College,Labette Community College,fallback
laboure-college,34448,165264,B,Laboure College of Healthcare,Laboure College of Healthcare,fallback
lac-courte-oreilles-ojibwe-university,35197,260372,C,Lac Courte Oreilles Ojibwe University,Lac Courte Oreilles Ojibwe University,fallback
lackawanna-college,33674,213376,C,Lackawanna College,Lackawanna College,fallback
lafayette-college,32214,213385,A,Lafayette College,Lafayette College,fallback (hand-checked)
lagrange-college,32318,140234,B,LaGrange College,LaGrange College,fallback
laguna-college-of-art-and-design,31960,117168,B,Laguna College of Art and Design,Laguna College of Art and Design,fallback
lake-area-technical-college,33071,219143,C,Lake Area Technical College,Lake Area Tech,IPEDS alias
lake-erie-college,32917,203580,B,Lake Erie College,Lake Erie College,fallback
lake-forest-college,32054,146481,B,Lake Forest College,Lake Forest College,fallback
lake-land-college,34266,146506,C,Lake Land College,Lake Land College,fallback
lake-michigan-college,33210,170620,C,Lake Michigan College,Lake Michigan College,fallback
lake-region-state-college,34467,200192,C,Lake Region State College,Lake Region State College,fallback
lake-sumter-state-college,33499,135188,C,Lake-Sumter State College,Lake-Sumter State College,fallback
lake-superior-college,33835,173461,C,Lake Superior College,Lake Superior College,fallback
lake-superior-state-university,32888,170639,C,Lake Superior State University,Lake Superior State University,fallback
lake-tahoe-community-college,34047,117195,C,Lake Tahoe Community College,Lake Tahoe Community College,fallback
lake-washington-institute-of-technology,33651,235699,C,Lake Washington Institute of Technology,Lake Washington Institute of Technology,fallback
lakeland-community-college,33170,203599,C,Lakeland Community College,Lakeland Community College,fallback
lakeland-university,33111,238980,B,Lakeland University,Lakeland University,fallback
lakes-region-community-college,34886,183123,C,Lakes Region Community College,Lakes Region Community College,fallback
lakeshore-technical-college,34638,239008,C,Lakeshore Technical College,Lakeshore Technical College,fallback
lakewood-university,35369,,C,Lakewood University,Lakewood University,fallback
lamar-community-college,34133,127389,C,Lamar Community College,Lamar Community College,fallback
lamar-institute-of-technology,33829,441760,C,Lamar Institute of Technology,Lamar Institute of Technology,fallback
lamar-state-college-orange,34192,226107,C,Lamar State College Orange,Lamar State College Orange,fallback
lamar-state-college-port-arthur,34405,226116,C,Lamar State College Port Arthur,Lamar State College Port Arthur,fallback
lamar-university,32488,226091,B,Lamar University,Lamar University,fallback
lancaster-bible-college,32689,213400,B,Lancaster Bible College,Lancaster Bible College,fallback
lander-university,32000,218229,B,Lander University,Lander University,fallback
landmark-college,33991,247649,B,Landmark College,Landmark College,fallback
lane-college,33280,220598,C,Lane College,Lane College,fallback
lane-community-college,33546,209038,C,Lane Community College,Lane Community College,fallback
laney-college,33575,117247,C,Laney College,Laney College,fallback
langston-university,33220,207209,C,Langston University,Langston University,fallback
lanier-technical-college,33562,140243,C,Lanier Technical College,Lanier Technical College,fallback
lansdale-school-of-business,34543,213473,C,Lansdale School of Business,Lansdale School of Business,fallback
lansing-community-college,33469,170657,C,Lansing Community College,Lansing Community College,fallback
laramie-county-community-college,33140,240620,C,Laramie County Community College,Laramie County Community College,fallback
laredo-college,34283,226134,C,Laredo College,Laredo College,fallback
las-positas-college,33485,366401,C,Las Positas College,Las Positas College,fallback
lasell-university,32987,166391,B,Lasell University,Lasell University,fallback
lassen-community-college,34132,117274,C,Lassen Community College,Lassen Community College,fallback
latin-american-bible-institute,35242,117283,B,Latin American Bible Institute,Latin American Bible Institute,fallback
laurel-business-institute,33235,250027,B,Laurel Business Institute,Laurel Business Institute,fallback
laurel-ridge-community-college,33781,232575,C,Laurel Ridge Community College,Laurel Ridge Community College,fallback
laurel-technical-institute,33035,215992,B,Laurel Technical Institute,Laurel Technical Institute,fallback
lawrence-memorial-hospital-school-of-nursing,34715,166407,C,Lawrence Memorial Hospital School of Nursing,Lawrence Memorial Hospital School of Nursing,fallback
lawrence-technological-university,32404,170675,A,Lawrence Technological University,Lawrence Technological University,fallback (hand-checked)
lawrence-university,32252,239017,A,Lawrence University,Lawrence University,fallback (hand-checked)
lawson-state-community-college-birmingham-campus,33881,101569,C,Lawson State Community College,Lawson State Community College,fallback
le-moyne-college,32182,192323,B,Le Moyne College,Le Moyne College,fallback
le-moyne-owen-college,33291,220604,B,Le Moyne-Owen College,Le Moyne-Owen College,fallback
lebanon-valley,31818,213507,B,Lebanon Valley College,Lebanon Valley College,fallback
lee-college,33556,226204,C,Lee College,Lee College,fallback
lee-university,31889,220613,A,Lee University,Lee University,fallback (hand-checked)
leech-lake-tribal-college,35303,413626,C,Leech Lake Tribal College,Leech Lake Tribal College,fallback
lees-mcrae-college,33531,198808,B,Lees-McRae College,Lees-McRae College,fallback
leeward-community-college,33626,141811,C,Leeward Community College,Leeward Community College,fallback
lehigh,31787,213543,B,Lehigh University,Lehigh University,fallback
lehigh-carbon-community-college,33845,213525,C,Lehigh Carbon Community College,Lehigh Carbon Community College,fallback
lemoore-college,34195,448594,C,Lemoore College,Lemoore College,fallback
lenoir-community-college,33198,198817,C,Lenoir Community College,Lenoir Community College,fallback
lenoir-rhyne-university,32458,198835,A,Lenoir-Rhyne University,Lenoir-Rhyne University,fallback (hand-checked)
lesley-university,32679,166452,B,Lesley University,Lesley University,fallback
letourneau-university,32003,226231,B,LeTourneau University,LeTourneau University,fallback
lewis-and-clark-community-college,34014,146603,C,Lewis and Clark Community College,Lewis and Clark Community College,fallback
lewis-clark,31684,209056,B,Lewis & Clark College,Lewis & Clark College,fallback
lewis-clark-state-college,32843,142328,A,Lewis-Clark State College,Lewis-Clark State College,fallback (hand-checked)
lewis-university,32081,146612,B,Lewis University,Lewis University,fallback
liberty-university,32158,232557,B,Liberty University,Liberty University,fallback
life-pacific-university,33157,117104,B,Life Pacific University,Life Pacific University,fallback
life-university,32996,140252,A,Life University,Life University,fallback (hand-checked)
lim-college,33166,192271,B,LIM College,LIM College,fallback
lincoln-land-community-college,33826,146685,C,Lincoln Land Community College,Lincoln Land Community College,fallback
lincoln-memorial-university,32751,220631,B,Lincoln Memorial University,Lincoln Memorial University,fallback
lincoln-university-ca,33274,117557,C,Lincoln University,Lincoln University (CA),name + state
lincoln-university-mo,33229,177940,C,Lincoln University,Lincoln University (MO),name + state
lincoln-university-of-pennsylvania,33064,213598,B,Lincoln University of Pennsylvania,Lincoln University of Pennsylvania,fallback
lindenwood-university,32433,177968,A,Lindenwood University,Lindenwood University,fallback (hand-checked)
lindsey-wilson-college,32481,157216,C,Lindsey Wilson College,Lindsey Wilson College,fallback
linfield-university,31914,209065,A,Linfield University,Linfield University,fallback (hand-checked)
linn-benton-community-college,33533,209074,C,Linn-Benton Community College,Linn-Benton Community College,fallback
lipscomb-university,31886,219976,A,Lipscomb University,Lipscomb University,fallback (hand-checked)
little-big-horn-college,35112,180328,C,Little Big Horn College,Little Big Horn College,fallback
little-priest-tribal-college,35049,434016,C,Little Priest Tribal College,Little Priest Tribal College,fallback
livingstone-college,33263,198862,B,Livingstone College,Livingstone College,fallback
logan-university,32777,177986,B,Logan University,Logan University,fallback
loma-linda-university,35243,117636,C,Loma Linda University,Loma Linda University,fallback
lone-star-college-system,33351,227182,C,Lone Star College,Lone Star College,fallback
long-beach-city-college,33374,117645,C,Long Beach City College,Long Beach City College,fallback
long-island-university,38882,192448,B,Long Island University,Long Island University,fallback
longwood-university,32112,232566,B,Longwood University,Longwood University,fallback
longy-school-of-music,34449,166489,C,Longy School of Music of Bard College,Longy School of Music of Bard College,fallback
lorain-county-community-college,33984,203748,C,Lorain County Community College,Lorain County Community College,fallback
loras-college,32343,153825,B,Loras College,Loras College,fallback
los-angeles-city-college,33360,117788,C,Los Angeles City College,Los Angeles City College,fallback
los-angeles-college-of-music,33772,446385,B,Los Angeles College of Music,Los Angeles College of Music,fallback
los-angeles-harbor-college,33292,117690,C,Los Angeles Harbor College,Los Angeles Harbor College,fallback
los-angeles-mission-college,33766,117867,C,Los Angeles Mission College,Los Angeles Mission College,fallback
los-angeles-pacific-university,34008,474863,C,Los Angeles Pacific University,Los Angeles Pacific University,fallback
los-angeles-pierce-college,33438,117706,C,Los Angeles Pierce College,Los Angeles Pierce College,fallback
los-angeles-southwest-college,33561,117715,C,Los Angeles Southwest College,Los Angeles Southwest College,fallback
los-angeles-trade-technical-college,33798,117724,C,Los Angeles Trade Technical College,Los Angeles Trade Technical College,fallback
los-angeles-valley-college,33586,117733,C,Los Angeles Valley College,Los Angeles Valley College,fallback
los-medanos-college,33625,117894,C,Los Medanos College,Los Medanos College,fallback
louisburg-college,33322,198871,B,Louisburg College,Louisburg College,fallback
louisiana-christian-university,32610,159568,B,Louisiana Christian University,Louisiana Christian University,fallback
louisiana-delta-community-college,33317,483212,C,Louisiana Delta Community College,Louisiana Delta Community College,fallback
louisiana-state-university-alexandria,32948,159382,B,Louisiana State University Alexandria,Louisiana State University Alexandria,fallback
louisiana-state-university-eunice,33989,159407,C,Louisiana State University Eunice,Louisiana State University Eunice,fallback
louisiana-state-university-shreveport,32556,159416,B,Louisiana State University Shreveport,Louisiana State University Shreveport,fallback
louisiana-tech-university,32128,159647,B,Louisiana Tech University,Louisiana Tech,IPEDS alias
lourdes-university,32792,203757,B,Lourdes University,Lourdes University,fallback
lower-columbia-college,34554,235750,C,Lower Columbia College,Lower Columbia College,fallback
loyola-marymount,31698,117946,B,Loyola Marymount University,Loyola Marymount University,fallback
loyola-university-chicago,31905,146719,A,Loyola University Chicago,Loyola Chicago,hand-checked
loyola-university-maryland,32014,163046,A,Loyola University Maryland,Loyola University Maryland,fallback (hand-checked)
loyola-university-new-orleans,32337,159656,B,Loyola University New Orleans,Loyola University New Orleans,fallback
lsu,31828,159391,A,Louisiana State University,LSU,hand-checked
lsu-health-new-orleans,37780,159373,C,LSU Health New Orleans,LSU Health New Orleans,fallback
lsu-health-shreveport,37781,435000,C,LSU Health Shreveport,LSU Health Shreveport,fallback
lubbock-christian-university,31916,226383,B,Lubbock Christian University,Lubbock Christian University,fallback
luna-community-college,34963,363633,C,Luna Community College,Luna Community College,fallback
lurleen-b-wallace-community-college,34904,101602,C,Lurleen B Wallace Community College,Lurleen B Wallace Community College,fallback
luther-college,32018,153834,B,Luther College,Luther College,fallback
luther-rice-college-seminary,34459,135364,B,Luther Rice College & Seminary,Luther Rice College & Seminary,fallback
luzerne-county-community-college,34053,213659,C,Luzerne County Community College,Luzerne County Community College,fallback
lycoming-college,32151,213668,A,Lycoming College,Lycoming College,fallback (hand-checked)
lynn-university,32698,132657,A,Lynn University,Lynn University,fallback (hand-checked)
lyon-college,33110,106342,B,Lyon College,Lyon College,fallback
macalester,31788,173902,B,Macalester College,Macalester College,fallback
machzikei-hadath-rabbinical-college,35212,192624,B,Machzikei Hadath Rabbinical College,Machzikei Hadath Rabbinical College,fallback
macomb-community-college,33638,170790,C,Macomb Community College,Macomb Community College,fallback
madera-community-college,35372,497046,C,Madera Community College,Madera Community College,fallback
madison-area-technical-college,33713,238263,C,Madison Area Technical College,Madison Area Technical College,fallback
madisonville-community-college,34971,157304,C,Madisonville Community College,Madisonville Community College,fallback
madonna-university,32609,170806,B,Madonna University,Madonna University,fallback
maharishi-international-university,34460,153861,B,Maharishi International University,Maharishi International University,fallback
maine-college-of-art,34317,161509,B,Maine College of Art & Design,Maine College of Art & Design,fallback
maine-college-of-health-professions,34713,161022,B,Maine College of Health Professions,Maine College of Health Professions,fallback
maine-maritime-academy,32344,161299,B,Maine Maritime Academy,Maine Maritime Academy,fallback
malone-university,32326,203775,B,Malone University,Malone University,fallback
manchester-community-college-nh,34211,183132,C,Manchester Community College,Manchester Community College,fallback
manchester-university,32468,151777,B,Manchester University,Manchester University,fallback
mandl-the-college-of-allied-health,34863,192688,C,Mandl School The College of Allied Health,Mandl School The College of Allied Health,fallback
manhattan-area-technical-college,34278,155487,C,Manhattan Area Technical College,Manhattan Area Technical College,fallback
manhattan-christian-college,32832,155496,B,Manhattan Christian College,Manhattan Christian College,fallback
manhattan-school-of-music,32190,192712,B,Manhattan School of Music,Manhattan School of Music,fallback
manhattan-university,32040,192703,A,Manhattan University,Manhattan University,fallback (hand-checked)
manhattanville-university,32909,192749,B,Manhattanville University,Manhattanville University,fallback
manna-university,34395,461528,B,Manna University,Manna University,fallback
manor-college,33203,213774,B,Manor College,Manor College,fallback
maple-springs-baptist-bible-college-and-seminary,34846,,C,Maple Springs Baptist Bible College and Seminary,Maple Springs Baptist Bible College and Seminary,fallback
maranatha-baptist-university,32559,239071,B,Maranatha Baptist University,Maranatha Baptist University,fallback
maria-college-of-albany,33310,192785,B,Maria College of Albany,Maria College of Albany,fallback
marian-university,32951,239080,B,Marian University,Marian University (WI),name + state
marian-university-in,32169,151786,B,Marian University,Marian University (IN),name + state
marietta-college,32207,203845,B,Marietta College,Marietta College,fallback
marion-military-institute,34519,101648,B,Marion Military Institute,Marion Military Institute,fallback
marion-technical-college,34591,203881,C,Marion Technical College,Marion Technical College,fallback
marist-university,32162,192819,B,Marist University,Marist University,fallback
marquette-university,32160,239105,B,Marquette University,Marquette University,fallback
mars-hill-university,32285,198899,B,Mars Hill University,Mars Hill University,fallback
marshall-university,31973,237525,A,Marshall University,Marshall University,fallback (hand-checked)
marshalltown-community-college,34667,153922,C,Marshalltown Community College,Marshalltown Community College,fallback
martin-community-college,34748,198905,C,Martin Community College,Martin Community College,fallback
martin-luther-college,32177,173452,B,Martin Luther College,Martin Luther College,fallback
mary-baldwin-university,32148,232672,C,Mary Baldwin University,Mary Baldwin University,fallback
maryland-institute-college-of-art,32355,163295,B,Maryland Institute College of Art,Maryland Institute College of Art,fallback
marymount-manhattan-college,32392,192864,B,Marymount Manhattan College,Marymount Manhattan College,fallback
marymount-university,32550,232706,A,Marymount University,Marymount University,fallback (hand-checked)
maryville-college,32074,220710,B,Maryville College,Maryville College,fallback
maryville-university-of-saint-louis,32132,178059,B,Maryville University of Saint Louis,Maryville University of Saint Louis,fallback
marywood-university,32131,213826,B,Marywood University,Marywood University,fallback
massachusetts-bay-community-college,33489,166647,C,Massachusetts Bay Community College,Massachusetts Bay Community College,fallback
massachusetts-college-of-art-and-design,32236,166674,B,Massachusetts College of Art and Design,Massachusetts College of Art and Design,fallback
massachusetts-college-of-liberal-arts,32892,167288,A,Massachusetts College of Liberal Arts,MCLA,hand-checked
massachusetts-maritime-academy,32798,166692,A,Massachusetts Maritime Academy,Massachusetts Maritime Academy,fallback (hand-checked)
massasoit-community-college,33710,166823,C,Massasoit Community College,Massasoit Community College,fallback
mayland-community-college,34888,198914,C,Mayland Community College,Mayland Community College,fallback
maysville-community-and-technical-college,35013,157331,C,Maysville Community and Technical College,Maysville Community and Technical College,fallback
mayville-state-university,32971,200226,C,Mayville State University,Mayville State University,fallback
mcdaniel-college,32030,164270,B,McDaniel College,McDaniel College,fallback
mcdowell-technical-community-college,34831,198923,C,McDowell Technical Community College,McDowell Technical Community College,fallback
mchenry-county-college,33325,147004,C,McHenry County College,McHenry County College,fallback
mckendree-university,32551,147013,B,McKendree University,McKendree University,fallback
mclennan-community-college,33451,226578,C,McLennan Community College,McLennan Community College,fallback
mcmurry-university,31940,226587,B,McMurry University,McMurry University,fallback
mcneese-state-university,32595,159717,B,McNeese State University,McNeese State University,fallback
mcpherson-college,32643,155511,B,McPherson College,McPherson College,fallback
mcphs-university,32469,166656,B,MCPHS University,MCPHS University,fallback
md-anderson-cancer-center,37827,416801,C,The University of Texas MD Anderson Cancer Center,University of Texas MD Anderson Cancer Center,fallback
medical-university-of-south-carolina,37790,218335,C,Medical University of South Carolina,Medical University of South Carolina,fallback
mendocino-college,34616,118684,C,Mendocino College,Mendocino College,fallback
menlo-college,32706,118693,B,Menlo College,Menlo College,fallback
merced-college,33707,118718,C,Merced College,Merced College,fallback
mercer,31666,140447,B,Mercer University,Mercer University,fallback
mercer-county-community-college,33628,185509,C,Mercer County Community College,Mercer County Community College,fallback
mercy-college-of-health-sciences,32990,153977,B,Mercy College of Health Sciences,Mercy College of Health Sciences,fallback
mercy-college-of-ohio,34355,203960,B,Mercy College of Ohio,Mercy College of Ohio,fallback
mercy-university,32907,193016,B,Mercy University,Mercy University,fallback
mercyhurst-university,32593,213987,B,Mercyhurst University,Mercyhurst University,fallback
meredith-college,32246,198950,B,Meredith College,Meredith College,fallback
meridian-community-college,33884,175935,C,Meridian Community College,Meridian Community College,fallback
merrimack-college,32702,166850,B,Merrimack College,Merrimack College,fallback
merritt-college,33810,118772,C,Merritt College,Merritt College,fallback
mesa-community-college,33392,105154,C,Mesa Community College,Mesa Community College,fallback
mesalands-community-college,34829,188261,C,Mesalands Community College,Mesalands Community College,fallback
mesivta-of-eastern-parkway-yeshiva-zichron-meilech,35213,193061,B,Mesivta of Eastern Parkway-Yeshiva Zichron Meilech,Mesivta of Eastern Parkway-Yeshiva Zichron Meilech,fallback
mesivta-torah-vodaath-rabbinical-seminary,35151,193052,B,Mesivta Torah Vodaath Rabbinical Seminary,Mesivta Torah Vodaath Rabbinical Seminary,fallback
mesivtha-tifereth-jerusalem-of-america,35214,193070,B,Mesivtha Tifereth Jerusalem of America,Mesivtha Tifereth Jerusalem of America,fallback
messenger-college,33173,417752,B,Messenger College,Messenger College,fallback
messiah,31803,213996,B,Messiah University,Messiah University,fallback
methodist-college,33142,147129,B,Methodist College,Methodist College,fallback
methodist-university,32133,198969,B,Methodist University,Methodist University,fallback
metropolitan-college-of-new-york,33330,190114,B,Metropolitan College of New York,Metropolitan College of New York,fallback
metropolitan-community-college-area,34112,181303,C,Metropolitan Community College Area,Metropolitan Community College Area,fallback
metropolitan-community-college-kansas-city,38880,177995,C,Metropolitan Community College-Kansas City,Metropolitan Community College-Kansas City,fallback
metropolitan-state-university,33773,174020,B,Metropolitan State University,Metropolitan State University,fallback
metropolitan-state-university-of-denver,33084,127565,B,Metropolitan State University of Denver,Metropolitan State University of Denver,fallback
miami-ad-school,34092,428000,C,Miami Ad School,Miami Ad School,fallback
miami-dade-college,33355,135717,C,Miami Dade College,Miami Dade College,fallback
miami-university,31752,204024,B,Miami University,Miami University,fallback
miami-university-hamilton,32847,204006,C,Miami University Hamilton,Miami University Hamilton,fallback
miami-university-middletown,32576,204015,C,Miami University Middletown,Miami University Middletown,fallback
michigan,31728,170976,A,University of Michigan,University of Michigan,hand-checked
michigan-jewish-institute,34943,,C,Michigan Jewish Institute,Michigan Jewish Institute,fallback
michigan-state-university,31894,171100,A,Michigan State University,Michigan State,hand-checked
michigan-tech,31821,171128,A,Michigan Technological University,Michigan Tech,hand-checked
mid-america-christian-university,34453,245953,B,Mid-America Christian University,Mid-America Christian University,fallback
mid-america-college-of-funeral-service,35184,151962,C,Mid-America College of Funeral Service,Mid-America College of Funeral Service,fallback
mid-atlantic-christian-university,33042,199458,B,Mid-Atlantic Christian University,Mid-Atlantic Christian University,fallback
mid-michigan-college,33969,171155,C,Mid Michigan College,Mid Michigan College,fallback
mid-plains-community-college,35102,181312,C,Mid-Plains Community College,Mid-Plains Community College,fallback
mid-south-christian-college,35328,481225,B,Mid-South Christian College,Mid-South Christian College,fallback
mid-state-technical-college,34358,239220,C,Mid-State Technical College,Mid-State,IPEDS alias
midamerica-nazarene-university,32765,155520,B,MidAmerica Nazarene University,MidAmerica Nazarene University,fallback
middle-georgia-state-university,33177,482158,B,Middle Georgia State University,Middle Georgia State University,fallback
middle-tennessee-state-university,32028,220978,A,Middle Tennessee State University,MTSU,hand-checked
middlebury,31723,230959,B,Middlebury College,Middlebury College,fallback
middlesex-college,33486,185536,C,Middlesex College,Middlesex College,fallback
middlesex-community-college-ma,33554,166887,C,Middlesex Community College,Middlesex Community College,fallback
midland-college,33510,226806,C,Midland College,Midland College,fallback
midland-university,32790,181330,B,Midland University,Midland University,fallback
midlands-technical-college,33659,218353,C,Midlands Technical College,Midlands Technical College,fallback
midway-university,32541,157377,B,Midway University,Midway University,fallback
midwestern-baptist-theological-seminary,34861,178208,B,Midwestern Baptist Theological Seminary,Midwestern Baptist Theological Seminary,fallback
midwestern-state-university,32880,226833,B,Midwestern State University,Midwestern State University,fallback
midwestern-university,37791,,C,Midwestern University,Midwestern University,fallback
mildred-elley-school-albany-campus,35041,193201,C,Mildred Elley School Albany Campus,Mildred Elley School Albany Campus,fallback
miles-college,33296,101675,C,Miles College,Miles College,fallback
miles-community-college,34281,180373,C,Miles Community College,Miles Community College,fallback
millennia-atlantic-university,34563,461883,C,Millennia Atlantic University,Millennia Atlantic University,fallback
miller-motte-college,33919,,C,Miller Motte College,Miller Motte College,fallback
miller-motte-college-augusta,34806,460826,C,Miller-Motte College Augusta,Miller-Motte College Augusta,fallback
miller-motte-college-chattanooga,35172,443650,C,Miller-Motte College Chattanooga,Miller-Motte College Chattanooga,fallback
miller-motte-college-columbus,35032,458441,C,Miller-Motte College Columbus,Miller-Motte College Columbus,fallback
miller-motte-college-fayetteville,35060,458405,C,Miller-Motte College Fayetteville,Miller-Motte College Fayetteville,fallback
miller-motte-college-macon,35180,475060,C,Miller-Motte College Macon,Miller-Motte College Macon,fallback
miller-motte-college-raleigh,34291,456205,C,Miller-Motte College Raleigh,Miller-Motte College Raleigh,fallback
millersville-university-of-pennsylvania,32865,214041,A,Millersville University of Pennsylvania,Millersville University of Pennsylvania,fallback (hand-checked)
milligan-university,31962,486901,B,Milligan University,Milligan University,fallback
millikin-university,32495,147244,B,Millikin University,Millikin University,fallback
millsaps-college,32017,175980,B,Millsaps College,Millsaps College,fallback
milwaukee-area-technical-college,33579,239248,C,Milwaukee Area Technical College,Milwaukee Area Technical College,fallback
milwaukee-institute-of-art-and-design,33049,239309,B,Milwaukee Institute of Art & Design,Milwaukee Institute of Art & Design,fallback
milwaukee-school-of-engineering,32016,239318,A,Milwaukee School of Engineering,MSOE,hand-checked
mineral-area-college,34136,178217,C,Mineral Area College,Mineral Area College,fallback
minerva-university,35336,484844,B,Minerva University,Minerva University,fallback
minneapolis-college-of-art-and-design,32748,174127,B,Minneapolis College of Art and Design,Minneapolis College of Art and Design,fallback
minneapolis-community-and-technical-college,33558,174136,C,Minneapolis Community and Technical College,Minneapolis Community and Technical College,fallback
minnesota-north-college,38877,173735,C,Minnesota North College,Minnesota North College,fallback
minnesota-state-college-southeast,33267,175263,C,Minnesota State College Southeast,Minnesota State College Southeast,fallback
minnesota-state-community-and-technical-college,34086,173559,C,Minnesota State Community and Technical College,Minnesota State Community and Technical College,fallback
minnesota-state-university-mankato,32565,173920,B,Minnesota State University Mankato,Minnesota State University Mankato,fallback
minnesota-state-university-moorhead,32257,174358,B,Minnesota State University Moorhead,Minnesota State University Moorhead,fallback
minnesota-west-community-and-technical-college,33270,173638,C,Minnesota West Community and Technical College,Minnesota West Community and Technical College,fallback
minot-state-university,32449,200253,B,Minot State University,Minot State University,fallback
miracosta-college,33465,118912,C,MiraCosta College,MiraCosta College,fallback
mirrer-yeshiva-cent-institute,35152,193247,B,Mirrer Yeshiva Cent Institute,Mirrer Yeshiva Cent Institute,fallback
misericordia-university,32342,214069,B,Misericordia University,Misericordia University,fallback
mission-college,33609,118930,C,Mission College,Mission College,fallback
mission-university,34885,176664,C,Mission University,Mission University,fallback
mississippi-college,32172,176053,B,Mississippi College,Mississippi College,fallback
mississippi-delta-community-college,34267,176008,C,Mississippi Delta Community College,Mississippi Delta Community College,fallback
mississippi-gulf-coast-community-college,34027,176071,C,Mississippi Gulf Coast Community College,Mississippi Gulf Coast Community College,fallback
mississippi-state-university,32124,176080,B,Mississippi State University,Mississippi State University,fallback
mississippi-university-for-women,32324,176035,B,Mississippi University for Women,Mississippi University for Women,fallback
mississippi-valley-state-university,33165,176044,B,Mississippi Valley State University,Mississippi Valley State University,fallback
missouri-baptist-university,32510,178244,B,Missouri Baptist University,Missouri Baptist University,fallback
missouri-southern-state-university,32306,178341,A,Missouri Southern State University,Missouri Southern State University,fallback (hand-checked)
missouri-st,31792,178411,A,Missouri University of Science and Technology,Missouri S&T,hand-checked
missouri-state-university-springfield,31885,179566,B,Missouri State University Springfield,Missouri State University Springfield,fallback
missouri-state-university-west-plains,32873,179344,C,Missouri State University West Plains,Missouri State University West Plains,fallback
missouri-valley-college,33082,178369,B,Missouri Valley College,Missouri Valley College,fallback
missouri-western-state-university,32800,178387,C,Missouri Western State University,Missouri Western State University,fallback
mit,31678,166683,B,Massachusetts Institute of Technology,Massachusetts Institute of Technology,fallback
mitchell-college,33482,129774,B,Mitchell College,Mitchell College,fallback
mitchell-community-college,34077,198987,C,Mitchell Community College,Mitchell Community College,fallback
mitchell-technical-college,33043,219189,C,Mitchell Technical College,Mitchell Technical College,fallback
moberly-area-community-college,33195,178448,C,Moberly Area Community College,Moberly Area Community College,fallback
modesto-junior-college,33636,118976,C,Modesto Junior College,Modesto Junior College,fallback
mohave-community-college,34368,105206,C,Mohave Community College,Mohave Community College,fallback
mohawk-valley-community-college-utica-branch,33264,193283,C,Mohawk Valley Community College,Mohawk Valley Community College,fallback
molloy-university,32884,193292,B,Molloy University,Molloy University,fallback
monmouth-college,32322,147341,B,Monmouth College,Monmouth College,fallback
monmouth-university,32142,185572,B,Monmouth University,Monmouth University,fallback
monroe-community-college,33610,193326,C,Monroe Community College,Monroe Community College,fallback
monroe-county-community-college,33301,171225,C,Monroe County Community College,Monroe County Community College,fallback
monroe-university,33956,193308,B,Monroe University,Monroe University,fallback
montana-bible-college,35297,262165,C,Montana Bible College,Montana Bible College,fallback
montana-state-university,32273,180461,A,Montana State University,Montana State University,fallback (hand-checked)
montana-state-university-billings,33077,180179,C,Montana State University Billings,Montana State University Billings,fallback
montana-state-university-northern,33221,180522,C,Montana State University Northern,Montana State University Northern,fallback
montana-technological-university,32312,180416,B,Montana Technological University,Montana Technological University,fallback
montcalm-community-college,34764,171234,C,Montcalm Community College,Montcalm Community College,fallback
montclair-state-university,32695,185590,A,Montclair State University,Montclair State University,fallback (hand-checked)
monterey-peninsula-college,33748,119067,C,Monterey Peninsula College,Monterey Peninsula College,fallback
montgomery-college,33383,163426,C,Montgomery College,Montgomery College,fallback
montgomery-community-college,34980,199023,C,Montgomery Community College,Montgomery Community College,fallback
montgomery-county-community-college,38884,214111,C,Montgomery County Community College,Montgomery County Community College,fallback
montreat-college,33057,199032,B,Montreat College,Montreat College,fallback
montserrat-college-of-art,33151,166911,C,Montserrat College of Art,Montserrat College of Art,fallback
moody-bible-institute,34258,147369,B,Moody Bible Institute,Moody Bible Institute,fallback
moore-college-of-art-and-design,32829,214148,B,Moore College of Art and Design,Moore College of Art and Design,fallback
moorpark-college,33495,119137,C,Moorpark College,Moorpark College,fallback
moraine-park-technical-college,34408,239372,C,Moraine Park Technical College,Moraine Park Technical College,fallback
moraine-valley-community-college,33634,147378,C,Moraine Valley Community College,Moraine Valley Community College,fallback
moravian-university,32186,214157,B,Moravian University,Moravian University,fallback
morehead-state-university,32247,157386,B,Morehead State University,Morehead State University,fallback
morehouse-college,32330,140553,B,Morehouse College,Morehouse College,fallback
moreno-valley-college,33635,460394,C,Moreno Valley College,Moreno Valley College,fallback
morgan-community-college,34908,127617,C,Morgan Community College,Morgan Community College,fallback
morgan-state-university,33002,163453,B,Morgan State University,Morgan State University,fallback
morningside-university,32445,154004,B,Morningside University,Morningside University,fallback
morris-college,33281,218399,C,Morris College,Morris College,fallback
morrison-institute-of-technology,33326,147396,C,Morrison Institute of Technology,Morrison Tech,IPEDS alias
morton-college,33627,147411,C,Morton College,Morton College,fallback
motlow-state-community-college,32953,221096,C,Motlow State Community College,Motlow State Community College,fallback
mott-community-college,33666,169275,C,Mott Community College,Mott Community College,fallback
mount-aloysius-college,32515,214166,B,Mount Aloysius College,Mount Aloysius College,fallback
mount-angel-seminary,34533,209241,B,Mount Angel Seminary,Mount Angel Seminary,fallback
mount-carmel-college-of-nursing,32049,204176,B,Mount Carmel College of Nursing,Mount Carmel College of Nursing,fallback
mount-holyoke,31739,166939,B,Mount Holyoke College,Mount Holyoke College,fallback
mount-marty-university,32614,219198,B,Mount Marty University,Mount Marty University,fallback
mount-mary-university,32978,239390,B,Mount Mary University,Mount Mary University,fallback
mount-mercy-university,32303,154013,B,Mount Mercy University,Mount Mercy University,fallback
mount-saint-mary-college,32716,193353,B,Mount Saint Mary College,Mount Saint Mary College,fallback
mount-saint-marys-university,32113,119173,B,Mount Saint Mary's University,Mount Saint Mary's University,fallback
mount-sinai-phillips-school-of-nursing,33172,189282,C,Mount Sinai Phillips School of Nursing,Mount Sinai Phillips School of Nursing,fallback
mount-st-joseph-university,32176,204200,B,Mount St. Joseph University,Mount St. Joseph University,fallback
mount-st-marys-university,32585,163462,B,Mount St. Mary's University,Mount St. Mary's University,fallback
mount-vernon-nazarene-university,32189,204194,B,Mount Vernon Nazarene University,Mount Vernon Nazarene University,fallback
mount-wachusett-community-college,33299,166957,C,Mount Wachusett Community College,Mount Wachusett Community College,fallback
mountain-empire-community-college,35047,232788,C,Mountain Empire Community College,Mountain Empire Community College,fallback
mountain-gateway-community-college,34833,231873,C,Mountain Gateway Community College,Mountain Gateway Community College,fallback
mountwest-community-and-technical-college,33279,444954,C,Mountwest Community and Technical College,Mountwest Community and Technical College,fallback
mt-hood-community-college,33581,209250,C,Mt Hood Community College,Mt Hood Community College,fallback
mt-san-antonio-college,33390,119164,C,Mt. San Antonio College,Mt. San Antonio College,fallback
mt-san-jacinto-community-college-district,33515,119216,C,Mt. San Jacinto Community College District,Mt. San Jacinto Community College District,fallback
muhlenberg-college,32399,214175,B,Muhlenberg College,Muhlenberg College,fallback
murray-state-college,34342,207236,C,Murray State College,Murray State College,fallback
murray-state-university,32145,157401,B,Murray State University,Murray State University,fallback
musicians-institute,33697,119270,B,Musicians Institute,Musicians Institute,fallback
muskegon-community-college,34318,171304,C,Muskegon Community College,Muskegon Community College,fallback
muskingum-university,32441,204264,B,Muskingum University,Muskingum University,fallback
myotherapy-institute,34996,434432,C,Myotherapy Institute,Myotherapy Institute,fallback
napa-valley-college,33648,119331,C,Napa Valley College,Napa Valley College,fallback
naropa-university,32442,127653,B,Naropa University,Naropa University,fallback
nash-community-college,34119,199087,C,Nash Community College,Nash Community College,fallback
nashua-community-college,34168,183141,C,Nashua Community College,Nashua Community College,fallback
nashville-state-community-college,33159,221184,C,Nashville State Community College,Nashville State Community College,fallback
nassau-community-college,33398,193478,C,Nassau Community College,Nassau Community College,fallback
national-american-university-rapid-city,33030,219204,C,National American University Rapid City,National American University Rapid City,fallback
national-college-lexington,35101,,C,National College Lexington,National College Lexington,fallback
national-college-youngstown,34902,,C,National College Youngstown,National College Youngstown,fallback
national-louis-university,33212,147536,B,National Louis University,National Louis University,fallback
national-park-college,34542,106980,C,National Park College,National Park College,fallback
national-university,35244,119605,C,National University,National University,fallback
national-university-of-health-sciences,37792,147590,C,National University of Health Sciences,National University of Health Sciences,fallback
navajo-technical-university,34216,187596,C,Navajo Technical University,Navajo Tech,IPEDS alias
naval-academy,31797,164155,B,United States Naval Academy,United States Naval Academy,fallback
navarro-college,33442,227146,C,Navarro College,Navarro College,fallback
nazarene-bible-college,34909,127714,C,Nazarene Bible College,Nazarene Bible College,fallback
nazareth-university,32102,193584,B,Nazareth University,Nazareth University,fallback
nc-state,31770,199193,B,North Carolina State University at Raleigh,North Carolina State University at Raleigh,fallback
nebraska-college-of-technical-agriculture,33312,181765,C,Nebraska College of Technical Agriculture,Nebraska College of Technical Agriculture,fallback
nebraska-indian-community-college,35113,181419,C,Nebraska Indian Community College,Nebraska Indian Community College,fallback
nebraska-methodist-college-of-nursing-and-allied-health,32193,181297,B,Nebraska Methodist College of Nursing & Allied Health,Nebraska Methodist College of Nursing & Allied Health,fallback
nebraska-wesleyan-university,31947,181446,B,Nebraska Wesleyan University,Nebraska Wesleyan University,fallback
nelson-university,32915,228325,B,Nelson University,Nelson University,fallback
neosho-county-community-college,34401,155566,C,Neosho County Community College,Neosho County Community College,fallback
ner-israel-rabbinical-college,35110,163532,B,Ner Israel Rabbinical College,Ner Israel Rabbinical College,fallback
neumann-university,32839,214272,A,Neumann University,Neumann University,fallback (hand-checked)
neumont-college-of-computer-science,33031,445692,B,Neumont College of Computer Science,Neumont College of Computer Science,fallback
nevada-state-university,33228,441900,B,Nevada State University,Nevada State University,fallback
new-college-florida,31737,262129,B,New College of Florida,New College of Florida,fallback
new-england-college,33207,182980,B,New England College,New England College,fallback
new-england-institute-of-technology,33896,217305,B,New England Institute of Technology,New England Tech,IPEDS alias
new-hope-christian-college-or,34321,208725,B,New Hope Christian College Eugene,New Hope Christian College Eugene,fallback
new-jersey-city-university,32818,185129,B,New Jersey City University,New Jersey City University,fallback
new-jersey-institute-of-technology,31898,185828,A,New Jersey Institute of Technology,NJIT,hand-checked
new-mexico-highlands-university,32735,187897,C,New Mexico Highlands University,New Mexico Highlands University,fallback
new-mexico-institute-of-mining-and-technology,32048,187967,B,New Mexico Institute of Mining and Technology,New Mexico Institute of Mining and Technology,fallback
new-mexico-junior-college,33233,187903,C,New Mexico Junior College,New Mexico Junior College,fallback
new-mexico-military-institute,33983,187912,B,New Mexico Military Institute,New Mexico Military Institute,fallback
new-mexico-state-university-alamogordo,34766,187994,C,New Mexico State University Alamogordo,New Mexico State University Alamogordo,fallback
new-mexico-state-university-dona-ana,34917,187620,C,New Mexico State University Dona Ana,New Mexico State University Dona Ana,fallback
new-mexico-state-university-grants,32259,188021,C,New Mexico State University Grants,New Mexico State University Grants,fallback
new-mexico-state-university-main-campus,32185,188030,B,New Mexico State University Main Campus,New Mexico State University,fallback
new-orleans-baptist-theological-seminary,35261,159948,C,New Orleans Baptist Theological Seminary,New Orleans Baptist Theological Seminary,fallback
new-river-community-and-technical-college,35056,447582,C,New River Community and Technical College,New River Community and Technical College,fallback
new-river-community-college,34366,232867,C,New River Community College,New River Community College,fallback
new-saint-andrews-college,35308,440396,B,New Saint Andrews College,New Saint Andrews College,fallback
new-york-college-of-health-professions,33239,418126,C,New York College of Health Professions,New York College of Health Professions,fallback
new-york-institute-of-technology,32293,194091,B,New York Institute of Technology,New York Tech,IPEDS alias
new-york-school-of-interior-design,32549,194116,B,New York School of Interior Design,New York School of Interior Design,fallback
newberry-college,32130,218414,B,Newberry College,Newberry College,fallback
newman-university,32175,155335,B,Newman University,Newman University,fallback
newschool-of-architecture-and-design,34752,119775,B,Newschool of Architecture and Design,Newschool of Architecture and Design,fallback
newu-university,35370,496803,C,NewU University,NewU University,fallback
nhti-concords-community-college,33300,183099,C,NHTI-Concord's Community College,NHTI-Concord's Community College,fallback
niagara-county-community-college,33840,193946,C,Niagara County Community College,Niagara County Community College,fallback
niagara-university,32229,193973,B,Niagara University,Niagara University,fallback
nicholls-state-university,32624,159966,B,Nicholls State University,Nicholls State University,fallback
nichols-college,33162,167260,B,Nichols College,Nichols College,fallback
nicolet-area-technical-college,34673,239442,C,Nicolet Area Technical College,Nicolet Area Technical College,fallback
norco-college,33484,460464,C,Norco College,Norco College,fallback
norfolk-state-university,33161,232937,B,Norfolk State University,Norfolk State,IPEDS alias
normandale-community-college,33580,174428,C,Normandale Community College,Normandale Community College,fallback
north-american-university,33113,461795,C,North American University,North American University,fallback
north-arkansas-college,33150,107460,C,North Arkansas College,North Arkansas College,fallback
north-carolina-a-and-t-state-university,32060,199102,A,North Carolina A&T State University,NC A&T,hand-checked
north-carolina-central-university,32766,199157,A,North Carolina Central University,NC Central,hand-checked
north-carolina-wesleyan-university,32890,199209,B,North Carolina Wesleyan University,North Carolina Wesleyan University,fallback
north-central-college,32084,147660,A,North Central College,North Central College,fallback (hand-checked)
north-central-michigan-college,34016,171395,C,North Central Michigan College,North Central Michigan College,fallback
north-central-missouri-college,34550,179715,C,North Central Missouri College,North Central Missouri College,fallback
north-central-state-college,34187,204422,C,North Central State College,North Central State College,fallback
north-central-texas-college,33694,224110,C,North Central Texas College,North Central Texas College,fallback
north-central-university,32508,174437,B,North Central University,North Central University,fallback
north-country-community-college,32852,194028,C,North Country Community College,North Country Community College,fallback
north-dakota-state-college-of-science,34489,200305,C,North Dakota State College of Science,North Dakota State College of Science,fallback
north-dakota-state-university-main-campus,32231,200332,B,North Dakota State University Main Campus,North Dakota State University,IPEDS alias
north-florida,31721,136172,B,University of North Florida,University of North Florida,fallback
north-florida-college,33276,136145,C,North Florida College,North Florida College,fallback
north-georgia-technical-college,33784,140678,C,North Georgia Technical College,North Georgia Technical College,fallback
north-greenville,31766,218441,B,North Greenville University,North Greenville University,fallback
north-hennepin-community-college,33736,174376,C,North Hennepin Community College,North Hennepin Community College,fallback
north-idaho-college,33059,142443,C,North Idaho College,North Idaho College,fallback
north-iowa-area-community-college,34880,154059,C,North Iowa Area Community College,North Iowa Area Community College,fallback
north-park-university,32964,147679,B,North Park University,North Park University,fallback
north-seattle-college,33498,236072,C,North Seattle College,North Seattle College,fallback
north-shore-community-college,33761,167312,C,North Shore Community College,North Shore Community College,fallback
northampton-county-area-community-college,33878,214379,C,Northampton County Area Community College,Northampton County Area Community College,fallback
northcentral-technical-college,34490,239460,C,Northcentral Technical College,Northcentral Technical College,fallback
northeast-alabama-community-college,34444,101897,C,Northeast Alabama Community College,Northeast Alabama Community College,fallback
northeast-community-college,34485,181491,C,Northeast Community College,Northeast Community College,fallback
northeast-iowa-community-college-calmar,35012,154110,C,Northeast Iowa Community College,Northeast Iowa Community College,fallback
northeast-lakeview-college,35346,488730,C,Northeast Lakeview College,Northeast Lakeview College,fallback
northeast-mississippi-community-college,33901,176169,C,Northeast Mississippi Community College,Northeast Mississippi Community College,fallback
northeast-ohio-medical-university,37793,204477,C,Northeast Ohio Medical University,Northeast Ohio Medical University,fallback
northeast-state-community-college,33041,221908,C,Northeast State Community College,Northeast State Community College,fallback
northeast-texas-community-college,33582,227225,C,Northeast Texas Community College,Northeast Texas Community College,fallback
northeast-wisconsin-technical-college,33652,239488,C,Northeast Wisconsin Technical College,Northeast Wisconsin Technical College,fallback
northeastern,31702,167358,B,Northeastern University,Northeastern University,fallback
northeastern-illinois-university,33008,147776,B,Northeastern Illinois University,Northeastern Illinois University,fallback
northeastern-junior-college,32994,127732,C,Northeastern Junior College,Northeastern Junior College,fallback
northeastern-oklahoma-aandm-college,34470,207290,C,Northeastern Oklahoma A&M College,Northeastern Oklahoma A&M College,fallback
northeastern-state-university,32319,207263,A,Northeastern State University,Northeastern State University,fallback (hand-checked)
northeastern-technical-college,34634,217837,C,Northeastern Technical College,Northeastern Technical College,fallback
northeastern-university-oakland,32150,118888,B,Northeastern University Oakland,Northeastern University Oakland,fallback
northern-arizona-university,31923,105330,A,Northern Arizona University,NAU,hand-checked
northern-essex-community-college,33906,167376,C,Northern Essex Community College,Northern Essex Community College,fallback
northern-illinois-university,32696,147703,B,Northern Illinois University,Northern Illinois University,fallback
northern-kentucky-university,32427,157447,A,Northern Kentucky University,Northern Kentucky University,fallback (hand-checked)
northern-maine-community-college,35070,161484,C,Northern Maine Community College,Northern Maine Community College,fallback
northern-marianas-college,35291,240790,C,Northern Marianas College,Northern Marianas College,fallback
northern-michigan-university,32634,171456,A,Northern Michigan University,Northern Michigan University,fallback (hand-checked)
northern-new-mexico-college,33268,188058,C,Northern New Mexico College,Northern New Mexico College,fallback
northern-oklahoma-college,34050,207281,C,Northern Oklahoma College,Northern Oklahoma College,fallback
northern-pennsylvania-regional-college,35363,494959,C,Northern Pennsylvania Regional College,Northern Pennsylvania Regional College,fallback
northern-state-university,32574,219259,B,Northern State University,Northern State University,fallback
northern-virginia-community-college,33350,232946,C,Northern Virginia Community College,Northern Virginia Community College,fallback
northland-community-and-technical-college,35014,174473,C,Northland Community and Technical College,Northland Community and Technical College,fallback
northland-pioneer-college,34664,105349,C,Northland Pioneer College,Northland Pioneer College,fallback
northpoint-bible-college,34404,217606,C,Northpoint Bible College,Northpoint Bible College,fallback
northshore-technical-community-college,34200,160667,C,Northshore Technical Community College,Northshore Technical Community College,fallback
northwest-arkansas-community-college,33622,367459,C,NorthWest Arkansas Community College,NorthWest Arkansas Community College,fallback
northwest-college,34285,240657,C,Northwest College,Northwest College,fallback
northwest-college-of-art,34492,377546,B,Northwest College of Art & Design,Northwest College of Art & Design,fallback
northwest-florida-state-college,33583,136233,C,Northwest Florida State College,Northwest Florida State College,fallback
northwest-indian-college,34779,380377,C,Northwest Indian College,Northwest Indian College,fallback
northwest-iowa-community-college,34911,154129,C,Northwest Iowa Community College,Northwest Iowa Community College,fallback
northwest-kansas-technical-college,35258,155618,C,Fort Hays State University Northwest Kansas Technical College,Fort Hays State University Northwest Kansas Technical College,fallback
northwest-louisiana-technical-college,34660,160010,C,Northwest Louisiana Technical Community College,Northwest Louisiana Technical Community College,fallback
northwest-mississippi-community-college,33779,176178,C,Northwest Mississippi Community College,Northwest Mississippi Community College,fallback
northwest-missouri-state-university,32389,178624,B,Northwest Missouri State University,Northwest Missouri State University,fallback
northwest-nazarene-university,32121,142461,B,Northwest Nazarene University,Northwest Nazarene University,fallback
northwest-school-of-wooden-boat-building,35139,458140,C,Northwest School of Wooden Boat Building,Northwest School of Wooden Boat Building,fallback
northwest-shoals-community-college-muscle-shoals,32543,101736,C,Northwest Shoals Community College,Northwest Shoals Community College,fallback
northwest-state-community-college,32422,204440,C,Northwest State Community College,Northwest State Community College,fallback
northwest-technical-college,34070,173115,C,Northwest Technical College,Northwest Technical College,fallback
northwest-university,32467,236133,B,Northwest University,Northwest University,fallback
northwest-vista-college,33467,420398,C,Northwest Vista College,Northwest Vista College,fallback
northwestern,31697,147767,B,Northwestern University,Northwestern University,fallback
northwestern-college-ia,32143,154101,B,Northwestern College,Northwestern College,fallback
northwestern-health-sciences-university,34884,174507,C,Northwestern Health Sciences University,Northwestern Health Sciences University,fallback
northwestern-michigan-college,33890,171483,C,Northwestern Michigan College,Northwestern Michigan College,fallback
northwestern-oklahoma-state-university,32448,207306,B,Northwestern Oklahoma State University,Northwestern Oklahoma State,IPEDS alias
northwestern-state-university-of-louisiana,32725,160038,B,Northwestern State University of Louisiana,Northwestern State University of Louisiana,fallback
northwood-technical-college,35141,240198,C,Northwood Technical College,Northwood Tech,IPEDS alias
northwood-university-michigan,32476,171492,B,Northwood University,Northwood University,fallback
norwich-university,32522,230995,B,Norwich University,Norwich University,fallback
nossi-college-of-art,34181,368452,B,Nossi College of Art and Design,Nossi College of Art and Design,fallback
notre-dame,31701,152080,B,University of Notre Dame,University of Notre Dame,fallback
notre-dame-de-namur-university,33007,120184,C,Notre Dame de Namur University,Notre Dame de Namur University,fallback
notre-dame-of-maryland-university,32007,163578,B,Notre Dame of Maryland University,Notre Dame of Maryland University,fallback
nova-southeastern,31664,136215,B,Nova Southeastern University,Nova Southeastern University,fallback
nueta-hidatsa-sahnish-college,34423,200086,C,Nueta Hidatsa Sahnish College,Nueta Hidatsa Sahnish College,fallback
nunez-community-college,33286,158884,C,Nunez Community College,Nunez Community College,fallback
nyu,31808,193900,A,New York University,NYU,hand-checked
oak-hills-christian-college,33063,174525,C,Oak Hills Christian College,Oak Hills Christian College,fallback
oak-valley-college,35364,495059,C,Oak Valley College,Oak Valley College,fallback
oakland-city-university,32749,152099,B,Oakland City University,Oakland City University,fallback
oakland-community-college,33435,171535,C,Oakland Community College,Oakland Community College,fallback
oakland-university,32261,171571,B,Oakland University,Oakland University,fallback
oakton-college,33572,147800,C,Oakton College,Oakton College,fallback
oakwood-university,33123,101912,B,Oakwood University,Oakwood University,fallback
oberlin-college,31983,204501,B,Oberlin College,Oberlin College,fallback
occidental-college,32038,120254,B,Occidental College,Occidental College,fallback
ocean-county-college,33656,185873,C,Ocean County College,Ocean County College,fallback
oconee-fall-line-technical-college,35048,420431,C,Oconee Fall Line Technical College,Oconee Fall Line Technical College,fallback
odessa-college,33576,227304,C,Odessa College,Odessa College,fallback
ogeechee-technical-college,34057,366465,C,Ogeechee Technical College,Ogeechee Technical College,fallback
oglala-lakota-college,34569,219277,C,Oglala Lakota College,Oglala Lakota College,fallback
oglethorpe-university,31887,140696,B,Oglethorpe University,Oglethorpe University,fallback
ohio-business-college-sheffield,35157,203720,C,Ohio Business College Sheffield,Ohio Business College Sheffield,fallback
ohio-christian-university,34234,201964,B,Ohio Christian University,Ohio Christian University,fallback
ohio-dominican-university,32658,204617,B,Ohio Dominican University,Ohio Dominican University,fallback
ohio-northern,31822,204635,B,Ohio Northern University,Ohio Northern University,fallback
ohio-state,31836,204796,B,Ohio State University,Ohio State University,fallback
ohio-state-university-agricultural-technical-institute,34924,204662,C,Ohio State University Agricultural Technical Institute,Ohio State University Agricultural Technical Institute,fallback
ohio-state-university-lima-campus,33942,204671,C,Ohio State University Lima Campus,Ohio State University Lima Campus,fallback
ohio-state-university-mansfield-campus,34469,204680,C,Ohio State University Mansfield Campus,Ohio State University Mansfield Campus,fallback
ohio-state-university-marion-campus,34531,204699,C,Ohio State University Marion Campus,Ohio State University Marion Campus,fallback
ohio-state-university-newark-campus,34019,204705,C,Ohio State University Newark Campus,Ohio State University Newark Campus,fallback
ohio-university-chillicothe-campus,32618,204820,C,Ohio University Chillicothe Campus,Ohio University Chillicothe Campus,fallback
ohio-university-eastern-campus,32542,204802,C,Ohio University Eastern Campus,Ohio University Eastern Campus,fallback
ohio-university-lancaster-campus,32851,204848,C,Ohio University Lancaster Campus,Ohio University Lancaster Campus,fallback
ohio-university-main-campus,32108,204857,B,Ohio University Main Campus,Ohio University,fallback
ohio-university-southern-campus,32577,204839,C,Ohio University Southern Campus,Ohio University Southern Campus,fallback
ohio-university-zanesville-campus,32664,204866,C,Ohio University Zanesville Campus,Ohio University Zanesville Campus,fallback
ohio-wesleyan-university,32203,204909,A,Ohio Wesleyan University,Ohio Wesleyan University,fallback (hand-checked)
ohlone-college,33644,120290,C,Ohlone College,Ohlone College,fallback
ohr-hameir-theological-seminary,35153,194189,B,Ohr Hameir Theological Seminary,Ohr Hameir Theological Seminary,fallback
oklahoma-baptist-university,31977,207403,B,Oklahoma Baptist University,Oklahoma Baptist University,fallback
oklahoma-christian-university,32057,207324,B,Oklahoma Christian University,Oklahoma Christian University,fallback
oklahoma-city,31833,207458,B,Oklahoma City University,Oklahoma City University,fallback
oklahoma-city-community-college,33855,207449,C,Oklahoma City Community College,Oklahoma City Community College,fallback
oklahoma-panhandle-state-university,34532,207351,C,Oklahoma Panhandle State University,Oklahoma Panhandle State University,fallback
oklahoma-state-university-center-for-health-sciences,37794,207315,C,Oklahoma State University Center for Health Sciences,Oklahoma State University Center for Health Sciences,fallback
oklahoma-state-university-institute-of-technology-okmulgee,32902,207564,C,Oklahoma State University Institute of Technology,Oklahoma State University Institute of Technology,fallback
oklahoma-state-university-main-campus,32042,207388,A,Oklahoma State University Main Campus,Oklahoma State,hand-checked
oklahoma-state-university-oklahoma-city,33213,207397,C,Oklahoma State University Oklahoma City,Oklahoma State University Oklahoma City,fallback
oklahoma-wesleyan-university,32558,206835,B,Oklahoma Wesleyan University,Oklahoma Wesleyan University,fallback
old-dominion-university,32693,232982,A,Old Dominion University,Old Dominion,hand-checked
olin,31715,441982,A,Olin College of Engineering,Olin College,hand-checked
olivet-nazarene-university,32555,147828,B,Olivet Nazarene University,Olivet Nazarene University,fallback
olympic-college,33796,236188,C,Olympic College,Olympic College,fallback
onondaga-community-college,33606,194222,C,Onondaga Community College,Onondaga Community College,fallback
oral-roberts-university,32287,207582,B,Oral Roberts University,Oral Roberts University,fallback
orange-coast-college,33402,120342,C,Orange Coast College,Orange Coast College,fallback
orange-county-community-college,33957,194240,C,Orange County Community College,Orange County Community College,fallback
orangeburg-calhoun-technical-college,34343,218487,C,Orangeburg Calhoun Technical College,Orangeburg Calhoun Technical College,fallback
oregon-coast-community-college,34328,423652,C,Oregon Coast Community College,Oregon Coast Community College,fallback
oregon-health-and-science-university,37795,209490,C,Oregon Health & Science University,Oregon Health & Science University,fallback
oregon-institute-of-technology,32267,209506,A,Oregon Institute of Technology,Oregon Institute of Technology,fallback (hand-checked)
oregon-state-university,32059,209542,A,Oregon State University,Oregon State University,fallback (hand-checked)
oregon-state-university-cascades-campus,35309,440828,B,Oregon State University Cascades Campus,Oregon State University Cascades Campus,fallback
orion-technical-college,35069,153427,C,Orion Technical College,Orion Technical College,fallback
otero-college,34737,127778,C,Otero College,Otero College,fallback
otis-college-of-art-and-design,32678,120403,A,Otis College of Art and Design,Otis College of Art and Design,fallback (hand-checked)
ottawa-university-milwaukee,35306,428259,C,Ottawa University Milwaukee,Ottawa University Milwaukee,fallback
ottawa-university-ottawa,32989,155627,B,Ottawa University Ottawa,Ottawa University Ottawa,fallback
ottawa-university-surprise,35322,464226,B,Ottawa University Surprise,Ottawa University Surprise,fallback
otterbein-university,32004,204936,B,Otterbein University,Otterbein University,fallback
ouachita-baptist-university,31903,107512,B,Ouachita Baptist University,Ouachita Baptist University,fallback
our-lady-of-the-lake-university-san-antonio,32184,227331,C,Our Lady of the Lake University,Our Lady of the Lake University,fallback
owens-community-college,33246,204945,C,Owens Community College,Owens Community College,fallback
owensboro-community-and-technical-college,34894,247940,C,Owensboro Community and Technical College,Owensboro Community and Technical College,fallback
oxnard-college,33767,120421,C,Oxnard College,Oxnard College,fallback
ozark-christian-college,32663,178679,B,Ozark Christian College,Ozark Christian College,fallback
ozarka-college,34905,107549,C,Ozarka College,Ozarka College,fallback
ozarks-technical-community-college,33806,177472,C,Ozarks Technical Community College,Ozarks Technical Community College,fallback
pace-university-new-york,32486,194310,B,Pace University,Pace University,fallback
pacific-bible-college,35302,407610,B,Pacific Bible College,Pacific Bible College,fallback
pacific-college-of-health-and-science-chicago,35131,442842,C,Pacific College of Health and Science Chicago,Pacific College of Health and Science Chicago,fallback
pacific-college-of-health-and-science-new-york,35083,414595,C,Pacific College of Health and Science New York,Pacific College of Health and Science New York,fallback
pacific-college-of-health-and-science-san-diego,35026,378576,C,Pacific College of Health and Science San Diego,Pacific College of Health and Science San Diego,fallback
pacific-lutheran-university,31912,236230,B,Pacific Lutheran University,Pacific Lutheran University,fallback
pacific-northwest-college-of-art,33964,209603,B,Pacific Northwest College of Art,Pacific Northwest College of Art,fallback
pacific-northwest-university-of-health-sciences,37796,455406,C,Pacific Northwest University of Health Sciences,Pacific Northwest University of Health Sciences,fallback
pacific-oaks-college,35246,120768,B,Pacific Oaks College,Pacific Oaks College,fallback
pacific-rim-christian-university,34654,457484,C,Pacific Rim Christian University,Pacific Rim Christian University,fallback
pacific-states-university,33876,,C,Pacific States University,Pacific States University,fallback
pacific-union-college,32826,120865,B,Pacific Union College,Pacific Union College,fallback
pacific-university,31888,209612,B,Pacific University,Pacific University,fallback
paine-college,33206,140720,B,Paine College,Paine College,fallback
palm-beach-atlantic-university-west-palm-beach,32582,136330,B,Palm Beach Atlantic University,Palm Beach Atlantic University,fallback
palm-beach-state-college,33369,136358,C,Palm Beach State College,Palm Beach State College,fallback
palmer-college-of-chiropractic-davenport,33934,154174,C,Palmer College of Chiropractic,Palmer College of Chiropractic,fallback
palo-alto-college,33597,246354,C,Palo Alto College,Palo Alto College,fallback
palo-alto-university,35245,120698,C,Palo Alto University,Palo Alto University,fallback
palo-verde-college,34398,120953,C,Palo Verde College,Palo Verde College,fallback
palomar-college,33436,120971,C,Palomar College,Palomar College,fallback
pamlico-community-college,34590,199263,C,Pamlico Community College,Pamlico Community College,fallback
panola-college,33886,227386,C,Panola College,Panola College,fallback
paradise-valley-community-college,33716,364016,C,Paradise Valley Community College,Paradise Valley Community College,fallback
paris-junior-college,33831,227401,C,Paris Junior College,Paris Junior College,fallback
park-university,33793,178721,C,Park University,Park University,fallback
parker-university,35292,243823,C,Parker University,Parker University,fallback
parkland-college,33520,147916,C,Parkland College,Parkland College,fallback
pasadena-city-college,33417,121044,C,Pasadena City College,Pasadena City College,fallback
pasco-hernando-state-college,33508,136400,C,Pasco-Hernando State College,Pasco-Hernando State College,fallback
passaic-county-community-college,33839,186034,C,Passaic County Community College,Passaic County Community College,fallback
pathways-college,35367,495916,C,Pathways College,Pathways College,fallback
patrick-henry,31775,451927,B,Patrick Henry College,Patrick Henry College,fallback
patrick-henry-community-college,33814,233019,C,Patrick & Henry Community College,Patrick & Henry Community College,fallback
paul-d-camp-community-college,33327,233037,C,Paul D Camp Community College,Paul D Camp Community College,fallback
paul-quinn-college,33272,227429,B,Paul Quinn College,Paul Quinn College,fallback
paul-smiths-college-of-arts-and-science,33214,194392,B,Paul Smiths College of Arts and Science,Paul Smiths College of Arts and Science,fallback
pearl-river-community-college,33995,176239,C,Pearl River Community College,Pearl River Community College,fallback
peirce-college,34771,214883,C,Peirce College,Peirce College,fallback
pellissippi-state-community-college,33675,221643,C,Pellissippi State Community College,Pellissippi State Community College,fallback
peninsula-college,34407,236258,C,Peninsula College,Peninsula College,fallback
pennsylvania-academy-of-the-fine-arts,34282,214971,C,Pennsylvania Academy of the Fine Arts,Pennsylvania Academy of the Fine Arts,fallback
pennsylvania-college-of-art-and-design,32980,215053,B,Pennsylvania College of Art and Design,Pennsylvania College of Art and Design,fallback
pennsylvania-college-of-technology,33075,366252,C,Pennsylvania College of Technology,Pennsylvania College of Technology,fallback
pennsylvania-highlands-community-college,34724,414911,C,Pennsylvania Highlands Community College,Pennsylvania Highlands Community College,fallback
pennsylvania-institute-of-technology,34323,214582,C,Pennsylvania Institute of Technology,Pennsylvania Institute of Technology,fallback
pennsylvania-state-university-main-campus,33340,214777,B,Penn State Main Campus,Penn State,fallback
pennsylvania-state-university-penn-state-abington,32431,214801,B,Penn State Abington,Penn State Abington,fallback
pennsylvania-state-university-penn-state-altoona,32493,214689,B,Penn State Altoona,Penn State Altoona,fallback
pennsylvania-state-university-penn-state-beaver,34090,214698,B,Penn State Beaver,Penn State Beaver,fallback
pennsylvania-state-university-penn-state-berks,32537,214704,B,Penn State Berks,Penn State Berks,fallback
pennsylvania-state-university-penn-state-brandywine,33603,214731,B,Penn State Brandywine,Penn State Brandywine,fallback
pennsylvania-state-university-penn-state-dubois,34425,214740,B,Penn State Dubois,Penn State Dubois,fallback
pennsylvania-state-university-penn-state-erie-behrend-college,32321,214591,B,Penn State Erie Behrend College,Penn State Erie Behrend College,fallback
pennsylvania-state-university-penn-state-fayette-eberly-campus,34568,214759,B,Penn State Fayette Eberly Campus,Penn State Fayette Eberly Campus,fallback
pennsylvania-state-university-penn-state-greater-allegheny,34003,214786,B,Penn State Greater Allegheny,Penn State Greater Allegheny,fallback
pennsylvania-state-university-penn-state-harrisburg,32334,214713,B,Penn State Harrisburg,Penn State Harrisburg,fallback
pennsylvania-state-university-penn-state-hazleton,33926,214768,B,Penn State Hazleton,Penn State Hazleton,fallback
pennsylvania-state-university-penn-state-lehigh-valley,32444,214670,B,Penn State Lehigh Valley,Penn State Lehigh Valley,fallback
pennsylvania-state-university-penn-state-mont-alto,34122,214795,B,Penn State Mont Alto,Penn State Mont Alto,fallback
pennsylvania-state-university-penn-state-new-kensington,34040,214625,B,Penn State New Kensington,Penn State New Kensington,fallback
pennsylvania-state-university-penn-state-schuylkill,32898,214810,B,Penn State Schuylkill,Penn State Schuylkill,fallback
pennsylvania-state-university-penn-state-shenango,33943,214634,B,Penn State Shenango,Penn State Shenango,fallback
pennsylvania-state-university-penn-state-wilkes-barre,34305,214643,B,Penn State Wilkes Barre,Penn State Wilkes Barre,fallback
pennsylvania-state-university-penn-state-worthington-scranton,33817,214652,B,Penn State Worthington Scranton,Penn State Worthington Scranton,fallback
pennsylvania-state-university-penn-state-york,33891,214829,B,Penn State York,Penn State York,fallback
pennsylvania-western-university,38885,498571,B,Pennsylvania Western University,Pennsylvania Western University,fallback
pensacola-state-college,33283,136473,C,Pensacola State College,Pensacola State,IPEDS alias
pentecostal-theological-seminary,35285,219842,C,Pentecostal Theological Seminary,Pentecostal Theological Seminary,fallback
pepperdine-university,31867,121150,B,Pepperdine University,Pepperdine University,fallback
peru-state-college,33970,181534,C,Peru State College,Peru State,IPEDS alias
pfeiffer-university,32922,199306,B,Pfeiffer University,Pfeiffer University,fallback
philander-smith-university,33083,107600,C,Philander Smith University,Philander Smith University,fallback
phillips-community-college-of-the-university-of-arkansas,34508,107619,C,Phillips Community College of the University of Arkansas,Phillips Community College of the University of Arkansas,fallback
phoenix-college,33415,105428,C,Phoenix College,Phoenix College,fallback
piedmont-community-college,34631,199324,C,Piedmont Community College,Piedmont Community College,fallback
piedmont-technical-college,34207,218520,C,Piedmont Technical College,Piedmont Technical College,fallback
piedmont-university,32199,140818,B,Piedmont University,Piedmont University,fallback
piedmont-virginia-community-college,33927,233116,C,Piedmont Virginia Community College,Piedmont Virginia Community College,fallback
pierce-college-district,38883,235237,C,Pierce College District,Pierce College,IPEDS alias
pierpont-community-and-technical-college,33205,443492,C,Pierpont Community and Technical College,Pierpont Community and Technical College,fallback
pikes-peak-state-college,33430,127820,C,Pikes Peak State College,Pikes Peak State College,fallback
pillar-college,34844,440794,C,Pillar College,Pillar College,fallback
pima-community-college,33464,105525,C,Pima Community College,Pima Community College,fallback
pine-technical-college,34716,174570,C,Pine Technical & Community College,Pine Technical & Community College,fallback
pinnacle-career-institute-north-kansas-city,35006,177302,C,Pinnacle Career Institute North Kansas City,Pinnacle Career Institute North Kansas City,fallback
pitt,31811,215293,A,University of Pittsburgh Pittsburgh Campus,Pitt,hand-checked
pitt-community-college,33860,199333,C,Pitt Community College,Pitt Community College,fallback
pittsburg-state-university,32500,155681,B,Pittsburg State University,Pittsburg State University,fallback
pittsburgh-institute-of-aeronautics,34403,215381,C,Pittsburgh Institute of Aeronautics,Pittsburgh Institute of Aeronautics,fallback
pitzer,31693,121257,B,Pitzer College,Pitzer College,fallback
platt-college-los-angeles,34639,260789,C,Platt College Los Angeles,Platt College Los Angeles,fallback
platt-college-ontario,33794,432384,C,Platt College Ontario,Platt College Ontario,fallback
plaza-college,34063,194499,B,Plaza College,Plaza College,fallback
plymouth-state-university,33046,183080,A,Plymouth State University,Plymouth State University,fallback (hand-checked)
point-loma-nazarene-university,32012,121309,B,Point Loma Nazarene University,Point Loma Nazarene University,fallback
point-park-university,32358,215442,B,Point Park University,Point Park University,fallback
point-university,32465,138868,B,Point University,Point University,fallback
polk-state-college,33544,136516,C,Polk State College,Polk State,IPEDS alias
polytechnic-university-of-puerto-rico-miami-campus,33337,,C,Polytechnic University of Puerto Rico Miami Campus,Polytechnic University of Puerto Rico Miami Campus,fallback
polytechnic-university-of-puerto-rico-orlando,34292,456490,C,Polytechnic University of Puerto Rico Orlando,Polytechnic University of Puerto Rico Orlando,fallback
pomona,31722,121345,B,Pomona College,Pomona College,fallback
pontifical-college-josephinum,34983,205027,B,Pontifical College Josephinum,Pontifical College Josephinum,fallback
porterville-college,34276,121363,C,Porterville College,Porterville College,fallback
portland-community-college,33373,209746,C,Portland Community College,Portland Community College,fallback
portland-state-university,32580,209807,B,Portland State University,Portland State University,fallback
post-university,33589,130183,C,Post University,Post University,fallback
potomac-state-college-of-west-virginia-university,33072,237701,C,Potomac State College of West Virginia University,Potomac State College of West Virginia University,fallback
prairie-state-college,33602,148007,C,Prairie State College,Prairie State College,fallback
prairie-view-a-m-university,32697,227526,B,Prairie View A&M University,Prairie View A&M University,fallback
pratt,31746,194578,B,Pratt Institute Main,Pratt Institute,IPEDS alias
pratt-community-college,34547,155715,C,Pratt Community College,Pratt Community College,fallback
presbyterian-college,32089,218539,A,Presbyterian College,Presbyterian College,fallback (hand-checked)
presbyterian-theological-seminary-in-america,35349,490045,C,Presbyterian Theological Seminary in America,Presbyterian Theological Seminary in America,fallback
prescott-college,32911,105589,B,Prescott College,Prescott College,fallback
prince-georges-community-college,33424,163657,C,Prince George's Community College,Prince George's Community College,fallback
princeton,31692,186131,A,Princeton University,Princeton,hand-checked
principia-college,32629,148016,C,Principia College,Principia College,fallback
professional-golfers-career-college,34899,437750,C,Professional Golfers Career College,Professional Golfers Career College,fallback
professional-skills-institute,35193,205054,B,Professional Skills Institute,Professional Skills Institute,fallback
providence-christian-college,32308,455770,B,Providence Christian College,Providence Christian College,fallback
providence-college,32349,217402,B,Providence College,Providence College,fallback
provo-college-provo,34123,380438,C,Provo College,Provo College,fallback
pueblo-community-college,33222,127884,C,Pueblo Community College,Pueblo Community College,fallback
pulaski-technical-college,33594,107664,C,University of Arkansas Pulaski Technical College,University of Arkansas Pulaski Technical College,fallback
purdue-global-davenport-campus,34382,,C,Purdue Global Davenport Campus,Purdue Global Davenport Campus,fallback
purdue-university-fort-wayne,32566,151102,B,Purdue University Fort Wayne,Purdue-Fort Wayne,IPEDS alias
purdue-university-global,38886,489779,C,Purdue University Global,Purdue University Global,fallback
purdue-university-main-campus,31978,243780,A,Purdue University Main Campus,Purdue,hand-checked
purdue-university-northwest,32920,490805,B,Purdue University Northwest,Purdue University Northwest,fallback
queens-university-of-charlotte,32457,199412,B,Queens University of Charlotte,Queens University of Charlotte,fallback
quincy-college,33637,167525,C,Quincy College,Quincy College,fallback
quincy-university,32359,148131,A,Quincy University,Quincy University,fallback (hand-checked)
quinnipiac-university,32521,130226,A,Quinnipiac University,Quinnipiac University,fallback (hand-checked)
quinsigamond-community-college,33789,167534,C,Quinsigamond Community College,Quinsigamond Community College,fallback
rabbi-jacob-joseph-school,35200,384421,B,Rabbi Jacob Joseph School,Rabbi Jacob Joseph School,fallback
rabbinical-academy-mesivta-rabbi-chaim-berlin,35191,194657,B,Rabbinical Academy Mesivta Rabbi Chaim Berlin,Rabbinical Academy Mesivta Rabbi Chaim Berlin,fallback
rabbinical-college-beth-shraga,35271,194693,B,Rabbinical College Beth Shraga,Rabbinical College Beth Shraga,fallback
rabbinical-college-bobover-yeshiva-bnei-zion,35270,194666,C,Rabbinical College Bobover Yeshiva Bnei Zion,Rabbinical College Bobover Yeshiva Bnei Zion,fallback
rabbinical-college-of-america,34916,186186,B,Rabbinical College of America,Rabbinical College of America,fallback
rabbinical-college-of-chsan-sofer-new-york,35215,,C,Rabbinical College of Ch'san Sofer New York,Rabbinical College of Ch'san Sofer New York,fallback
rabbinical-college-of-long-island,35273,194736,B,Rabbinical College of Long Island,Rabbinical College of Long Island,fallback
rabbinical-college-of-ohr-shimon-yisroel,35301,405854,C,Rabbinical College of Ohr Shimon Yisroel,Rabbinical College of Ohr Shimon Yisroel,fallback
rabbinical-college-telshe,34889,205124,B,Rabbinical College Telshe,Rabbinical College Telshe,fallback
rabbinical-seminary-mkor-chaim,35272,194718,B,Rabbinical Seminary M'kor Chaim,Rabbinical Seminary M'kor Chaim,fallback
rabbinical-seminary-of-america,34918,194763,B,Rabbinical Seminary of America,Rabbinical Seminary of America,fallback
radford-university,32671,233277,A,Radford University,Radford University,fallback (hand-checked)
ramapo-college-of-new-jersey,32351,186201,A,Ramapo College of New Jersey,Ramapo College of New Jersey,fallback (hand-checked)
randall-university,33026,207157,B,Randall University,Randall University,fallback
randolph-college,32611,233301,B,Randolph College,Randolph College,fallback
randolph-community-college,34488,199421,C,Randolph Community College,Randolph Community College,fallback
randolph-macon-college,31936,233295,B,Randolph-Macon College,Randolph-Macon,IPEDS alias
ranger-college,33751,227687,C,Ranger College,Ranger College,fallback
ranken-technical-college,34280,178891,C,Ranken Technical College,Ranken Technical College,fallback
rappahannock-community-college,34637,233310,C,Rappahannock Community College,Rappahannock Community College,fallback
raritan-valley-community-college,33743,186645,C,Raritan Valley Community College,Raritan Valley Community College,fallback
reading-area-community-college,33874,215585,C,Reading Area Community College,Reading Area Community College,fallback
red-lake-nation-college,35355,491844,C,Red Lake Nation College,Red Lake Nation College,fallback
red-rocks-community-college,33668,127909,C,Red Rocks Community College,Red Rocks Community College,fallback
redlands-community-college,34142,207069,C,Redlands Community College,Redlands Community College,fallback
reed,31654,209922,B,Reed College,Reed College,fallback
reedley-college,33753,117052,C,Reedley College,Reedley College,fallback
reformed-university,35352,,C,Reformed University,Reformed University,fallback
regent-university,32622,231651,A,Regent University,Regent University,fallback (hand-checked)
regis-college,32553,167598,B,Regis College,Regis College,fallback
regis-university,31972,127918,B,Regis University,Regis University,fallback
reid-state-technical-college,34857,101994,C,Reid State Technical College,Reid State Technical College,fallback
reinhardt-university,32794,140872,B,Reinhardt University,Reinhardt University,fallback
remington-college-baton-rouge-campus,35228,440271,C,Remington College Baton Rouge Campus,Remington College Baton Rouge Campus,fallback
remington-college-cleveland-campus,35121,375416,C,Remington College Cleveland Campus,Remington College Cleveland Campus,fallback
remington-college-dallas-campus,34055,223463,C,Remington College Dallas Campus,Remington College Dallas Campus,fallback
remington-college-fort-worth-campus,34098,377111,C,Remington College Fort Worth Campus,Remington College Fort Worth Campus,fallback
remington-college-houston-southeast-campus,35175,451857,C,Remington College Houston Southeast Campus,Remington College Houston Southeast Campus,fallback
remington-college-lafayette-campus,34824,160524,C,Remington College Lafayette Campus,Remington College Lafayette Campus,fallback
remington-college-memphis-campus,35124,412599,C,Remington College Memphis Campus,Remington College Memphis Campus,fallback
remington-college-mobile-campus,34836,366535,C,Remington College Mobile Campus,Remington College Mobile Campus,fallback
remington-college-nashville-campus,34578,445249,C,Remington College Nashville Campus,Remington College Nashville Campus,fallback
remington-college-shreveport-campus,34965,451866,C,Remington College Shreveport Campus,Remington College Shreveport Campus,fallback
rend-lake-college,34239,148256,C,Rend Lake College,Rend Lake College,fallback
renton-technical-college,33998,236382,C,Renton Technical College,Renton Technical College,fallback
research-college-of-nursing,34973,178989,C,Research College of Nursing,Research College of Nursing,fallback
rhode-island-college,33045,217420,A,Rhode Island College,Rhode Island College,fallback (hand-checked)
rhode-island-school-of-design,31906,217493,B,Rhode Island School of Design,Rhode Island School of Design,fallback
rhodes,31665,221351,A,Rhodes College,Rhodes College,fallback (hand-checked)
rice,31677,227757,B,Rice University,Rice University,fallback
rich-mountain-community-college,34623,107743,C,University of Arkansas Community College Rich Mountain,University of Arkansas Community College Rich Mountain,fallback
richard-bland-college,33265,233338,B,Richard Bland College,Richard Bland College,fallback
richland-community-college,33329,148292,C,Richland Community College,Richland Community College,fallback
richmond-community-college,34920,199449,C,Richmond Community College,Richmond Community College,fallback
richmont-graduate-university,37797,441104,C,Richmont Graduate University,Richmont Graduate University,fallback
rider-university,32459,186283,B,Rider University,Rider University,fallback
ridgewater-college,34202,175236,C,Ridgewater College,Ridgewater College,fallback
ringling-college-of-art-and-design,32332,136774,B,Ringling College of Art and Design,Ringling College of Art and Design,fallback
rio-hondo-college,33481,121886,C,Rio Hondo College,Rio Hondo College,fallback
rio-salado-college,33917,105668,C,Rio Salado College,Rio Salado College,fallback
ripon-college,32478,239628,B,Ripon College,Ripon College,fallback
river-parishes-community-college,34477,436304,C,River Parishes Community College,River Parishes Community College,fallback
river-valley-community-college,34402,183114,C,River Valley Community College,River Valley Community College,fallback
riverland-community-college,33208,173063,C,Riverland Community College,Riverland Community College,fallback
riverside-city-college,33388,121901,C,Riverside City College,Riverside City College,fallback
rivier-university,34080,183211,B,Rivier University,Rivier University,fallback
roane-state-community-college,32931,221397,C,Roane State Community College,Roane State Community College,fallback
roanoke-chowan-community-college,34864,199467,C,Roanoke-Chowan Community College,Roanoke-Chowan Community College,fallback
roanoke-college,32165,233426,B,Roanoke College,Roanoke College,fallback
robert-morris-university,32144,215655,B,Robert Morris University,Robert Morris University,fallback
roberts-wesleyan-university,32104,194958,B,Roberts Wesleyan University,Roberts Wesleyan University,fallback
robeson-community-college,34179,199476,C,Robeson Community College,Robeson Community College,fallback
rochester-community-and-technical-college,34717,174738,C,Rochester Community and Technical College,Rochester Community and Technical College,fallback
rochester-institute-of-technology,31925,195003,A,Rochester Institute of Technology,RIT,hand-checked
rochester-university,32977,170967,B,Rochester University,Rochester University,fallback
rock-valley-college,33882,148380,C,Rock Valley College,Rock Valley College,fallback
rockefeller-university,37806,195049,C,Rockefeller University,Rockefeller University,fallback
rockford-university,32804,148405,B,Rockford University,Rockford University,fallback
rockhurst-university,32053,179043,B,Rockhurst University,Rockhurst University,fallback
rockingham-community-college,34378,199485,C,Rockingham Community College,Rockingham Community College,fallback
rockland-community-college,33819,195058,C,Rockland Community College,Rockland Community College,fallback
rocky-mountain-college,32451,180595,A,Rocky Mountain College,Rocky Mountain College,fallback (hand-checked)
rocky-mountain-college-of-art-and-design,33929,127945,C,Rocky Mountain College of Art and Design,Rocky Mountain College of Art and Design,fallback
roger-williams-university,32415,217518,B,Roger Williams University,Roger Williams University,fallback
rogers-state-university,32511,207661,C,Rogers State University,Rogers State University,fallback
rogue-community-college,33067,209940,C,Rogue Community College,Rogue Community College,fallback
rollins-college,32278,136950,B,Rollins College,Rollins College,fallback
roosevelt-university,32974,148487,B,Roosevelt University,Roosevelt University,fallback
rosalind-franklin-university,37807,145558,C,Rosalind Franklin University of Medicine and Science,Rosalind Franklin University of Medicine and Science,fallback
rose-hulman,31658,152318,B,Rose-Hulman Institute of Technology,Rose-Hulman,IPEDS alias
rose-state-college,34002,207670,C,Rose State College,Rose State College,fallback
rosedale-bible-college,35128,439899,C,Rosedale Bible College,Rosedale Bible College,fallback
rosedale-technical-college,34986,215682,B,Rosedale Technical College,Rosedale Technical College,fallback
roseman-university-of-health-sciences,37808,445735,C,Roseman University of Health Sciences,Roseman University of Health Sciences,fallback
rosemont-college,32889,215691,B,Rosemont College,Rosemont College,fallback
rowan-cabarrus-community-college,33996,199494,C,Rowan-Cabarrus Community College,Rowan-Cabarrus Community College,fallback
rowan-college-of-south-jersey-cumberland-campus,34071,184205,C,Rowan College of South Jersey Cumberland Campus,Rowan College of South Jersey Cumberland Campus,fallback
rowan-college-of-south-jersey-gloucester-campus,34072,184791,C,Rowan College of South Jersey Gloucester Campus,Rowan College of South Jersey Gloucester Campus,fallback
rowan-university,32398,184782,A,Rowan University,Rowan University,fallback (hand-checked)
roxbury-community-college,33838,167631,C,Roxbury Community College,Roxbury Community College,fallback
rpi,31730,194824,B,Rensselaer Polytechnic Institute,Rensselaer Polytechnic Institute,fallback
rush-university,35254,148511,C,Rush University,Rush University,fallback
russell-sage-college,32726,195128,B,Russell Sage College,Russell Sage College,fallback
rust-college,33261,176318,B,Rust College,Rust College,fallback
rutgers-university-camden,32838,186371,B,Rutgers University Camden,Rutgers–Camden,IPEDS alias
rutgers-university-new-brunswick,32692,186380,B,Rutgers University New Brunswick,Rutgers–New Brunswick,IPEDS alias
rutgers-university-newark,32837,186399,B,Rutgers University Newark,Rutgers–Newark,IPEDS alias
sacramento-city-college,33399,122180,C,Sacramento City College,Sacramento City College,fallback
sacred-heart-major-seminary,32347,172033,B,Sacred Heart Major Seminary,Sacred Heart Major Seminary,fallback
sacred-heart-university,32180,130253,B,Sacred Heart University,Sacred Heart University,fallback
saddleback-college,33395,122205,C,Saddleback College,Saddleback College,fallback
saginaw-chippewa-tribal-college,34596,441070,C,Saginaw Chippewa Tribal College,Saginaw Chippewa Tribal College,fallback
saginaw-valley-state-university,32335,172051,A,Saginaw Valley State University,Saginaw Valley State University,fallback (hand-checked)
saint-ambrose-university,32532,154235,A,Saint Ambrose University,Saint Ambrose University,fallback (hand-checked)
saint-anselm-college,32529,183239,B,Saint Anselm College,Saint Anselm College,fallback
saint-augustines-university,33289,199582,B,Saint Augustine's University,Saint Augustine's University,fallback
saint-bonaventure-university,32340,195164,B,Saint Bonaventure University,Saint Bonaventure University,fallback
saint-charles-borromeo-seminary-overbrook,35020,216047,B,Saint Charles Borromeo Seminary Overbrook,Saint Charles Borromeo Seminary Overbrook,fallback
saint-cloud-state-university,32489,174783,B,Saint Cloud State University,St. Cloud State,IPEDS alias
saint-edwards-university,32222,227845,B,Saint Edward's University,Saint Edward's University,fallback
saint-elizabeth-college-of-nursing,34979,195702,B,Saint Elizabeth College of Nursing,Saint Elizabeth College of Nursing,fallback
saint-elizabeth-university,32986,186618,B,Saint Elizabeth University,Saint Elizabeth University,fallback
saint-francis-university,31959,215743,B,Saint Francis University,Saint Francis University,fallback
saint-john-vianney-college-seminary,34243,137272,B,Saint John Vianney College Seminary,Saint John Vianney College Seminary,fallback
saint-johns-river-state-college,33732,137281,C,Saint Johns River State College,Saint Johns River State College,fallback
saint-johns-seminary,34826,167677,C,Saint John's Seminary,Saint John's Seminary,fallback
saint-johns-university,32265,174792,B,Saint Johns University,Saint Johns University,fallback
saint-joseph-seminary-college,32808,160409,C,Saint Joseph Seminary College,Saint Joseph Seminary College,fallback
saint-josephs-college-of-maine,33116,161518,B,Saint Joseph's College of Maine,Saint Joseph's College of Maine,fallback
saint-josephs-university,32015,215770,B,Saint Joseph's University,Saint Joseph's University,fallback
saint-josephs-university-lancaster,34331,442356,B,Saint Joseph's University Lancaster,Saint Joseph's University Lancaster,fallback
saint-leo-university,33005,137032,B,Saint Leo University,Saint Leo University,fallback
saint-louis,31685,179159,B,Saint Louis University,Saint Louis University,fallback
saint-louis-community-college,33593,179308,C,Saint Louis Community College,Saint Louis Community College,fallback
saint-martins-university,32373,236452,B,Saint Martin's University,Saint Martin's University,fallback
saint-mary-of-the-woods-college,32616,152381,B,Saint Mary-of-the-Woods College,Saint Mary-of-the-Woods College,fallback
saint-marys,31774,152390,B,Saint Mary's College,Saint Mary's College,fallback
saint-marys-college-of-california,32082,123554,B,Saint Mary's College of California,Saint Mary's College of California,fallback
saint-marys-university-of-minnesota,32323,174817,B,Saint Mary's University of Minnesota,Saint Mary's University of Minnesota,fallback
saint-michaels-college,32771,231059,B,Saint Michael's College,Saint Michael's College,fallback
saint-norbert-college,32156,239716,B,Saint Norbert College,Saint Norbert College,fallback
saint-paul-college,33699,175041,C,Saint Paul College,Saint Paul College,fallback
saint-peters-university,32686,186432,B,Saint Peter's University,Saint Peter's University,fallback
saint-thomas-aquinas-college,33114,195243,B,Saint Thomas Aquinas College,Saint Thomas Aquinas College,fallback
saint-vincent-college,32100,215798,B,Saint Vincent College,Saint Vincent College,fallback
saint-xavier-university,32501,148627,B,Saint Xavier University,Saint Xavier University,fallback
salem-college,32721,199607,B,Salem College,Salem College,fallback
salem-community-college,34375,186469,C,Salem Community College,Salem Community College,fallback
salem-state-university,32929,167729,A,Salem State University,Salem State University,fallback (hand-checked)
salem-university,34695,237783,C,Salem University,Salem University,fallback
salina-area-technical-college,34913,155830,C,Salina Area Technical College,Salina Area Technical College,fallback
salisbury-university,31883,163851,A,Salisbury University,Salisbury University,fallback (hand-checked)
salish-kootenai-college,34587,180647,C,Salish Kootenai College,Salish Kootenai College,fallback
salt-lake-community-college,33372,230746,C,Salt Lake Community College,Salt Lake Community College,fallback
salve-regina-university,32245,217536,B,Salve Regina University,Salve Regina University,fallback
sam-houston-state-university,32793,227881,B,Sam Houston State University,Sam Houston State University,fallback
samaritan-hospital-school-of-nursing,34830,195289,B,Samaritan Hospital School of Nursing,Samaritan Hospital School of Nursing,fallback
samford,31761,102049,B,Samford University,Samford University,fallback
sampson-community-college,34632,199625,C,Sampson Community College,Sampson Community College,fallback
samuel-merritt-university,35247,122296,C,Samuel Merritt University,Samuel Merritt University,fallback
san-antonio-college,33420,227924,C,San Antonio College,San Antonio College,fallback
san-bernardino-valley-college,35248,123527,C,San Bernardino Valley College,San Bernardino Valley College,fallback
san-diego,31683,122436,A,University of San Diego,University of San Diego,hand-checked
san-diego-christian-college,32786,112084,B,San Diego Christian College,San Diego Christian College,fallback
san-diego-city-college,33475,122339,C,San Diego City College,San Diego City College,fallback
san-diego-mesa-college,33479,122375,C,San Diego Mesa College,San Diego Mesa College,fallback
san-diego-miramar-college,33617,122384,C,San Diego Miramar College,San Diego Miramar College,fallback
san-diego-state,31776,122409,A,San Diego State University,SDSU,hand-checked
san-francisco-bay-university,33243,120166,B,San Francisco Bay University,San Francisco Bay University,fallback
san-francisco-conservatory-of-music,34441,122506,B,San Francisco Conservatory of Music,San Francisco Conservatory of Music,fallback
san-francisco-state-university,32668,122597,B,San Francisco State University,San Francisco State University,fallback
san-jacinto-community-college,33394,227979,C,San Jacinto Community College,San Jacinto Community College,fallback
san-joaquin-delta-college,33509,122658,C,San Joaquin Delta College,San Joaquin Delta College,fallback
san-joaquin-valley-college-bakersfield,34336,122694,C,San Joaquin Valley College Bakersfield,San Joaquin Valley College Bakersfield,fallback
san-joaquin-valley-college-hesperia,34310,456852,C,San Joaquin Valley College Hesperia,San Joaquin Valley College Hesperia,fallback
san-joaquin-valley-college-modesto,34458,447351,C,San Joaquin Valley College Modesto,San Joaquin Valley College Modesto,fallback
san-joaquin-valley-college-online,33747,,C,San Joaquin Valley College Online,San Joaquin Valley College Online,fallback
san-joaquin-valley-college-ontario,34699,442444,C,San Joaquin Valley College Ontario,San Joaquin Valley College Ontario,fallback
san-joaquin-valley-college-rancho-cordova,34732,448372,C,San Joaquin Valley College Rancho Cordova,San Joaquin Valley College Rancho Cordova,fallback
san-joaquin-valley-college-temecula,34094,475176,C,San Joaquin Valley College Temecula,San Joaquin Valley College Temecula,fallback
san-joaquin-valley-college-trades-education-center,35227,422020,C,San Joaquin Valley College Trades Education Center,San Joaquin Valley College Trades Education Center,fallback
san-joaquin-valley-college-visalia,34822,122685,C,San Joaquin Valley College Visalia,San Joaquin Valley College Visalia,fallback
san-jose-city-college,33664,122746,C,San Jose City College,San Jose City College,fallback
san-jose-state-university,32602,122755,B,San Jose State University,San Jose State University,fallback
san-juan-college,34138,188100,C,San Juan College,San Juan College,fallback
sandhills-community-college,34205,199634,C,Sandhills Community College,Sandhills Community College,fallback
santa-ana-college,33565,121619,C,Santa Ana College,Santa Ana College,fallback
santa-barbara-business-college-ventura,34818,,C,Santa Barbara Business College Ventura,Santa Barbara Business College Ventura,fallback
santa-barbara-city-college,33365,122889,C,Santa Barbara City College,Santa Barbara City College,fallback
santa-clara-university,31981,122931,B,Santa Clara University,Santa Clara University,fallback
santa-fe-college,33448,137096,C,Santa Fe College,Santa Fe College,fallback
santa-fe-community-college,34529,188137,C,Santa Fe Community College,Santa Fe Community College,fallback
santa-monica-college,33347,122977,C,Santa Monica College,Santa Monica College,fallback
santa-rosa-junior-college,33701,123013,C,Santa Rosa Junior College,Santa Rosa Junior College,fallback
santiago-canyon-college,33608,399212,C,Santiago Canyon College,Santiago Canyon College,fallback
sarah-lawrence-college,31862,195304,B,Sarah Lawrence College,Sarah Lawrence College,fallback
sauk-valley-community-college,34372,148672,C,Sauk Valley Community College,Sauk Valley Community College,fallback
savannah-college-of-art-and-design,32157,140951,B,Savannah College of Art and Design,Savannah College of Art and Design,fallback
savannah-state-university,33223,140960,C,Savannah State University,Savannah State University,fallback
savannah-technical-college,33491,140942,C,Savannah Technical College,Savannah Tech,IPEDS alias
saybrook-university,37810,123095,C,Saybrook University,Saybrook University,fallback
sc-beaufort,31781,218654,B,University of South Carolina Beaufort,University of South Carolina Beaufort,fallback
schenectady-county-community-college,34139,195322,C,Schenectady County Community College,Schenectady County Community College,fallback
schiller-international-university,34261,404338,C,Schiller International University,Schiller International University,fallback
school-of-the-art-institute-of-chicago,32264,143048,B,School of the Art Institute of Chicago,School of the Art Institute of Chicago,fallback
schoolcraft-college,33184,172200,C,Schoolcraft College,Schoolcraft College,fallback
schreiner-university,32710,228042,B,Schreiner University,Schreiner University,fallback
scottsdale-community-college,33740,105747,C,Scottsdale Community College,Scottsdale Community College,fallback
scripps,31656,123165,B,Scripps College,Scripps College,fallback
seattle-central-college,33828,236513,C,Seattle Central College,Seattle Central College,fallback
seattle-pacific-university,32220,236577,B,Seattle Pacific University,Seattle Pacific University,fallback
seattle-university,32051,236595,B,Seattle University,Seattle University,fallback
selma-university,33328,102058,C,Selma University,Selma University,fallback
seminole-state-college,34249,207740,C,Seminole State College,Seminole State College,fallback
seminole-state-college-of-florida,33514,137209,C,Seminole State College of Florida,Seminole State College of Florida,fallback
seton-hall-university,32027,186584,B,Seton Hall University,Seton Hall University,fallback
seton-hill-university,31878,215947,B,Seton Hill University,Seton Hill University,fallback
sewanee-the-university-of-the-south,33539,221519,B,Sewanee The University of the South,Sewanee The University of the South,fallback
seward-county-community-college,34914,155858,C,Seward County Community College,Seward County Community College,fallback
shasta-bible-college-and-graduate-school,34823,123280,B,Shasta Bible College and Graduate School,Shasta Bible College and Graduate School,fallback
shasta-college,33889,123299,C,Shasta College,Shasta College,fallback
shaw-university,33271,199643,B,Shaw University,Shaw University,fallback
shawnee-community-college,34314,148821,C,Shawnee Community College,Shawnee Community College,fallback
shawnee-state-university,32732,205443,C,Shawnee State University,Shawnee State University,fallback
shelton-state-community-college,33661,102067,C,Shelton State Community College,Shelton State Community College,fallback
shenandoah-university,31931,233541,A,Shenandoah University,Shenandoah University,fallback (hand-checked)
shepherd-university,32095,237792,B,Shepherd University,Shepherd University,fallback
shepherds-theological-seminary,34704,461485,C,Shepherds Theological Seminary,Shepherds Theological Seminary,fallback
sheridan-college,34065,240666,C,Sheridan College,Sheridan College,fallback
shippensburg-university-of-pennsylvania,32836,216010,B,Shippensburg University of Pennsylvania,Shippensburg University of Pennsylvania,fallback
shor-yoshuv-rabbinical-college,35116,195438,C,Sh'or Yoshuv Rabbinical College,Sh'or Yoshuv Rabbinical College,fallback
shoreline-community-college,33671,236610,C,Shoreline Community College,Shoreline Community College,fallback
shorter-university,32796,140988,B,Shorter University,Shorter University,fallback
siena-college,32221,195474,B,Siena College,Siena College,fallback
siena-heights-university,32657,172264,B,Siena Heights University,Siena Heights University,fallback
sierra-college,33604,123341,C,Sierra College,Sierra College,fallback
simmons,31738,167783,B,Simmons University,Simmons University,fallback
simmons-college-of-kentucky,34562,461759,B,Simmons College of Kentucky,Simmons College of Kentucky,fallback
simpson-college,32056,154350,B,Simpson College,Simpson College,fallback
simpson-university,32507,123457,B,Simpson University,Simpson University,fallback
sinclair-community-college,33461,205470,C,Sinclair Community College,Sinclair Community College,fallback
sinte-gleska-university,34832,219374,C,Sinte Gleska University,Sinte Gleska University,fallback
sioux-falls,31807,219383,B,University of Sioux Falls,University of Sioux Falls,fallback
sisseton-wahpeton-college,34988,219408,C,Sisseton Wahpeton College,Sisseton Wahpeton College,fallback
sitting-bull-college,33307,200466,C,Sitting Bull College,Sitting Bull College,fallback
skagit-valley-college,33700,236638,C,Skagit Valley College,Skagit Valley College,fallback
skidmore-college,31860,195526,B,Skidmore College,Skidmore College,fallback
skyline-college,33615,123509,C,Skyline College,Skyline College,fallback
slippery-rock-university-of-pennsylvania,32280,216038,B,Slippery Rock University of Pennsylvania,Slippery Rock University of Pennsylvania,fallback
smith,31659,167835,B,Smith College,Smith College,fallback
smith-chason-college,34307,441229,C,Smith Chason College,Smith Chason College,fallback
snead-state-community-college,33768,102076,C,Snead State Community College,Snead State Community College,fallback
snow-college,32509,230597,C,Snow College,Snow College,fallback
soka-university-of-america,31932,399911,B,Soka University of America,Soka University of America,fallback
solano-community-college,33654,123563,C,Solano Community College,Solano Community College,fallback
somerset-community-college,33992,157711,C,Somerset Community College,Somerset Community College,fallback
sonoma-state-university,32485,123572,B,Sonoma State University,Sonoma State University,fallback
south-arkansas-college,33202,107974,C,South Arkansas College,South Arkansas College,fallback
south-baylo-university,37811,123633,C,South Baylo University,South Baylo University,fallback
south-carolina-state-university,32928,218733,B,South Carolina State University,South Carolina State University,fallback
south-central-college,34566,173911,C,South Central College,South Central College,fallback
south-college,33584,220552,C,South College,South College,fallback
south-dakota-school-of-mines-and-technology,32155,219347,B,South Dakota School of Mines and Technology,South Dakota Mines,IPEDS alias
south-dakota-state-university,32227,219356,B,South Dakota State University,South Dakota State University,fallback
south-florida-bible-college-and-theological-seminary,34641,366003,C,South Florida Bible College and Theological Seminary,South Florida Bible College and Theological Seminary,fallback
south-florida-state-college,33097,137315,C,South Florida State College,South Florida State College,fallback
south-georgia-state-college,35331,482699,C,South Georgia State College,South Georgia State College,fallback
south-georgia-technical-college,34013,141006,C,South Georgia Technical College,South Georgia Technical College,fallback
south-hills-school-of-business-and-technology,34113,216083,B,South Hills School of Business & Technology,South Hills School of Business & Technology,fallback
south-louisiana-community-college,34183,434061,C,South Louisiana Community College,South Louisiana Community College,fallback
south-mountain-community-college,33877,105792,C,South Mountain Community College,South Mountain Community College,fallback
south-piedmont-community-college,34088,197850,C,South Piedmont Community College,South Piedmont Community College,fallback
south-plains-college,33443,228158,C,South Plains College,South Plains College,fallback
south-puget-sound-community-college,34012,236656,C,South Puget Sound Community College,South Puget Sound Community College,fallback
south-seattle-college,34005,236504,C,South Seattle College,South Seattle College,fallback
south-suburban-college,33870,149365,C,South Suburban College,South Suburban College,fallback
south-texas-college,33429,409315,C,South Texas College,South Texas College,fallback
south-university,37812,139579,C,South University,South University,fallback
southcentral-kentucky-community-and-technical-college,34364,156338,C,Southcentral Kentucky Community and Technical College,Southcentral Kentucky Community and Technical College,fallback
southeast-arkansas-college,34583,107637,C,Southeast Arkansas College,Southeast Arkansas College,fallback
southeast-community-college-area,34339,181640,C,Southeast Community College Area,Southeast Community College Area,fallback
southeast-culinary-and-hospitality-college,35058,,C,Southeast Culinary & Hospitality College,Southeast Culinary & Hospitality College,fallback
southeast-kentucky-community-and-technical-college,33119,157739,C,Southeast Kentucky Community and Technical College,Southeast Kentucky Community and Technical College,fallback
southeast-missouri-hospital-college-of-nursing-and-health-sciences,33313,417734,B,Southeast Missouri Hospital College of Nursing and Health Sciences,Southeast Missouri Hospital College of Nursing and Health Sciences,fallback
southeast-missouri-state-university,32233,179557,A,Southeast Missouri State University,Southeast Missouri State,hand-checked
southeast-new-mexico-college,33234,188003,C,Southeast New Mexico College,Southeast New Mexico College,fallback
southeast-technical-college,33320,219426,C,Southeast Technical College,Southeast Technical College,fallback
southeastern-baptist-college,34687,176336,B,Southeastern Baptist College,Southeastern Baptist College,fallback
southeastern-baptist-theological-seminary,35277,199759,B,Southeastern Baptist Theological Seminary,Southeastern Baptist Theological Seminary,fallback
southeastern-college,34494,428170,B,Southeastern College,Southeastern College,fallback
southeastern-community-college-ia,34241,154378,C,Southeastern Community College,Southeastern Community College (IA),name + state
southeastern-community-college-nc,34218,199722,C,Southeastern Community College,Southeastern Community College (NC),name + state
southeastern-free-will-baptist-bible-college,35289,233602,C,Southeastern Free Will Baptist Bible College,Southeastern Free Will Baptist Bible College,fallback
southeastern-illinois-college,34502,148937,C,Southeastern Illinois College,Southeastern Illinois College,fallback
southeastern-louisiana-university,32533,160612,B,Southeastern Louisiana University,Southeastern Louisiana University,fallback
southeastern-oklahoma-state-university,32237,207847,B,Southeastern Oklahoma State University,Southeastern Oklahoma State University,fallback
southeastern-technical-college,35079,368911,C,Southeastern Technical College,Southeastern Technical College,fallback
southeastern-university,32331,137564,B,Southeastern University,Southeastern University,fallback
southern-adventist-university,32122,221661,B,Southern Adventist University,Southern Adventist University,fallback
southern-arkansas-university-main-campus,32376,107983,B,Southern Arkansas University Main Campus,Southern Arkansas University,fallback
southern-arkansas-university-tech,33252,107992,C,Southern Arkansas University Tech,Southern Arkansas University Tech,fallback
southern-california-institute-of-architecture,32307,123952,B,Southern California Institute of Architecture,Southern California Institute of Architecture,fallback
southern-california-institute-of-technology,34124,399869,B,Southern California Institute of Technology,Southern California Institute of Technology,fallback
southern-california-seminary,34798,117575,C,Southern California Seminary,Southern California Seminary,fallback
southern-california-university-of-health-sciences,37813,117672,C,Southern California University of Health Sciences,Southern California University of Health Sciences,fallback
southern-connecticut-state-university,32883,130493,B,Southern Connecticut State University,Southern Connecticut State University,fallback
southern-crescent-technical-college,33545,139986,C,Southern Crescent Technical College,Southern Crescent Technical College,fallback
southern-illinois-university-carbondale,32810,149222,B,Southern Illinois University Carbondale,Southern Illinois University Carbondale,fallback
southern-illinois-university-edwardsville,32196,149231,B,Southern Illinois University Edwardsville,Southern Illinois University Edwardsville,fallback
southern-maine-community-college,33993,161545,C,Southern Maine Community College,Southern Maine Community College,fallback
southern-methodist-university,31968,228246,A,Southern Methodist University,SMU,hand-checked
southern-nazarene-university,32741,206862,C,Southern Nazarene University,Southern Nazarene University,fallback
southern-new-hampshire-university,32923,183026,B,Southern New Hampshire University,Southern New Hampshire University,fallback
southern-oregon-university,32620,210146,B,Southern Oregon University,Southern Oregon University,fallback
southern-regional-technical-college,35343,487162,C,Southern Regional Technical College,Southern Regional Technical College,fallback
southern-state-community-college,34220,205966,C,Southern State Community College,Southern State Community College,fallback
southern-technical-college,33599,366553,C,Southern Technical College,Southern Technical College,fallback
southern-union-state-community-college,33462,251260,C,Southern Union State Community College,Southern Union State Community College,fallback
southern-university-and-a-m-college,33010,160621,B,Southern University and A&M College,Southern University and A&M College,fallback
southern-university-at-new-orleans,33318,160630,B,Southern University at New Orleans,Southern University at New Orleans,fallback
southern-university-at-shreveport,33334,160649,C,Southern University at Shreveport,Southern University at Shreveport,fallback
southern-university-law-center,37822,440916,C,Southern University Law Center,Southern University Law Center,fallback
southern-utah-university,32129,230603,B,Southern Utah University,Southern Utah University,fallback
southern-virginia-university,32908,233611,B,Southern Virginia University,Southern Virginia University,fallback
southern-wesleyan,31660,217776,B,Southern Wesleyan University,Southern Wesleyan University,fallback
southern-west-virginia-community-and-technical-college,33255,237817,C,Southern West Virginia Community and Technical College,Southern West Virginia Community and Technical College,fallback
southside-virginia-community-college,34866,233639,C,Southside Virginia Community College,Southside Virginia Community College,fallback
southwest-baptist-university,32188,179326,B,Southwest Baptist University,Southwest Baptist University,fallback
southwest-college-for-the-deaf,34514,382911,C,Southwest College for the Deaf,Southwest College for the Deaf,fallback
southwest-minnesota-state-university,32871,175078,B,Southwest Minnesota State University,Southwest Minnesota State University,fallback
southwest-mississippi-community-college,34156,176354,C,Southwest Mississippi Community College,Southwest Mississippi Community College,fallback
southwest-tennessee-community-college,33564,221485,C,Southwest Tennessee Community College,Southwest Tennessee Community College,fallback
southwest-texas-college,33902,228316,C,Southwest Texas College,Southwest Texas College,fallback
southwest-university-at-el-paso,34498,451556,C,Southwest University at El Paso,Southwest University at El Paso,fallback
southwest-virginia-community-college,34834,233648,C,Southwest Virginia Community College,Southwest Virginia Community College,fallback
southwest-wisconsin-technical-college,34180,239910,C,Southwest Wisconsin Technical College,Southwest Wisconsin Technical College,fallback
southwestern-adventist-university,32737,228468,B,Southwestern Adventist University,Southwestern Adventist University,fallback
southwestern-christian-college,34009,228486,C,Southwestern Christian College,Southwestern Christian College,fallback
southwestern-christian-university,32862,207856,C,Southwestern Christian University,Southwestern Christian University,fallback
southwestern-college-ca,33592,123800,C,Southwestern College,Southwestern College (CA),name + state
southwestern-college-ks,32642,155900,B,Southwestern College,Southwestern College (KS),name + state
southwestern-community-college-ia,34881,154396,C,Southwestern Community College,Southwestern Community College (IA),name + state
southwestern-community-college-nc,34466,199731,C,Southwestern Community College,Southwestern Community College (NC),name + state
southwestern-illinois-college,33938,143215,C,Southwestern Illinois College,Southwestern Illinois College,fallback
southwestern-michigan-college,33853,172307,C,Southwestern Michigan College,Southwestern Michigan College,fallback
southwestern-oklahoma-state-university,32239,207865,C,Southwestern Oklahoma State University,Southwestern Oklahoma State University,fallback
southwestern-oregon-community-college,34028,210155,C,Southwestern Oregon Community College,Southwestern Oregon Community College,fallback
southwestern-university,32279,228343,B,Southwestern University,Southwestern University,fallback
sowela-technical-community-college,33025,160579,C,SOWELA Technical Community College,SOWELA Technical Community College,fallback
spalding,31741,157757,B,Spalding University,Spalding University,fallback
spartan-college-of-aeronautics-and-technology,34248,207254,C,Spartan College of Aeronautics and Technology,Spartan College of Aeronautics and Technology (OK),name + state
spartan-college-of-aeronautics-and-technology-co,34707,126605,C,Spartan College of Aeronautics and Technology,Spartan College of Aeronautics and Technology (CO),name + state
spartanburg-community-college,32897,218830,C,Spartanburg Community College,Spartanburg Community College,fallback
spartanburg-methodist-college,33557,218821,B,Spartanburg Methodist College,Spartanburg Methodist College,fallback
spelman,31845,141060,A,Spelman College,Spelman College,fallback (hand-checked)
spokane-community-college,33719,236692,C,Spokane Community College,Spokane Community College,fallback
spokane-falls-community-college,33688,236708,C,Spokane Falls Community College,Spokane Falls Community College,fallback
spoon-river-college,34683,148991,C,Spoon River College,Spoon River College,fallback
spring-arbor-university,32075,172334,B,Spring Arbor University,Spring Arbor University,fallback
spring-hill-college,32286,102234,B,Spring Hill College,Spring Hill College,fallback
springfield-college,32168,167899,A,Springfield College,Springfield College,fallback (hand-checked)
springfield-technical-community-college,33872,167905,C,Springfield Technical Community College,Springfield Technical Community College,fallback
st-catherine-university,32055,175005,B,St Catherine University,St Catherine University,fallback
st-charles-community-college,33972,262031,C,St Charles Community College,St Charles Community College,fallback
st-clair-county-community-college,34037,172291,C,St Clair County Community College,St Clair County Community College,fallback
st-cloud-technical-and-community-college,32954,174756,C,St Cloud Technical and Community College,St Cloud Technical and Community College,fallback
st-francis-college,33163,195173,C,St. Francis College,St. Francis College,fallback
st-john-fisher-university,32228,195720,A,St. John Fisher University,St. John Fisher University,fallback (hand-checked)
st-johns,31790,163976,B,St. John's College,St. John's College (MD),name + state
st-johns-college-nm,31879,245652,B,St. John's College,St. John's College (NM),name + state
st-johns-university-new-york,32274,195809,B,St. John's University New York,St. John's University New York,fallback
st-joseph-school-of-nursing,32807,183248,C,St Joseph School of Nursing,St Joseph School of Nursing,fallback
st-josephs-college-of-nursing,33120,195191,B,St. Joseph's College of Nursing,St. Joseph's College of Nursing,fallback
st-josephs-university-new-york,32893,195544,B,St. Joseph's University New York,St. Joseph's University New York,fallback
st-lawrence-university,32087,195216,B,St Lawrence University,St Lawrence University,fallback
st-louis-college-of-health-careers-fenton,34946,442426,B,St Louis College of Health Careers Fenton,St Louis College of Health Careers Fenton,fallback
st-louis-college-of-health-careers-st-louis,35187,179511,C,St Louis College of Health Careers St Louis,St Louis College of Health Careers St Louis,fallback
st-lukes-college,32544,154262,B,St Luke's College,St Luke's College,fallback
st-marys-college-of-maryland,32390,163912,A,St. Mary's College of Maryland,St. Mary's College of Maryland,fallback (hand-checked)
st-marys-seminary-and-university,37823,,C,St. Mary's Seminary & University,St. Mary's Seminary & University,fallback
st-marys-university,32063,228149,B,St. Mary's University,St. Mary's University,fallback
st-olaf-college,31971,174844,B,St Olaf College,St Olaf College,fallback
st-pauls-school-of-nursing-queens,33629,189811,C,St Paul's School of Nursing Queens,St Paul's School of Nursing Queens,fallback
st-pauls-school-of-nursing-staten-island,34204,195784,C,St Paul's School of Nursing Staten Island,St Paul's School of Nursing Staten Island,fallback
st-peters-hospital-college-of-nursing,35150,192961,B,St. Peter's Hospital College of Nursing,St. Peter's Hospital College of Nursing,fallback
st-petersburg-college,33103,137078,C,St Petersburg College,St Petersburg College,fallback
st-philips-college,33490,227854,C,St Philip's College,St Philip's College,fallback
st-thomas-university,32815,137476,B,St. Thomas University,St. Thomas University,fallback
stanford,31675,243744,A,Stanford University,Stanford,hand-checked
stanly-community-college,34530,199740,C,Stanly Community College,Stanly Community College,fallback
stark-state-college,33148,205841,C,Stark State College,Stark State College,fallback
state-college-of-florida-manatee-sarasota,33017,135391,C,State College of Florida Manatee Sarasota,State College of Florida Manatee Sarasota,fallback
state-fair-community-college,33742,179539,C,State Fair Community College,State Fair Community College,fallback
state-technical-college-of-missouri,34087,177977,C,State Technical College of Missouri,State Technical College of Missouri,fallback
state-university-of-new-york-at-new-paltz,32085,196176,B,State University of New York at New Paltz,State University of New York at New Paltz,fallback
stautzenberger-college-brecksville,34676,448600,C,Stautzenberger College Brecksville,Stautzenberger College Brecksville,fallback
stautzenberger-college-maumee,34721,205887,C,Stautzenberger College Maumee,Stautzenberger College Maumee,fallback
stephen-f-austin-state-university,32779,228431,B,Stephen F Austin State University,Stephen F Austin State University,fallback
stephens-college,32770,179548,B,Stephens College,Stephens College,fallback
sterling-college-ks,32378,155937,B,Sterling College,Sterling College (KS),name + state
sterling-college-vt,33034,231095,B,Sterling College,Sterling College (VT),name + state
stetson-university,31953,137546,B,Stetson University,Stetson University,fallback
stevens,31732,186867,B,Stevens Institute of Technology,Stevens Institute of Technology,fallback
stevens-institute-of-business-and-arts,34800,178767,B,Stevens Institute of Business & Arts,Stevens Institute of Business & Arts,fallback
stevenson-university,33011,164173,B,Stevenson University,Stevenson University,fallback
stillman-college,33167,102270,B,Stillman College,Stillman College,fallback
stockton-university,32200,186876,B,Stockton University,Stockton University,fallback
stone-child-college,35164,366340,C,Stone Child College,Stone Child College,fallback
stonehill-college,32655,167996,B,Stonehill College,Stonehill College,fallback
stony-brook,31689,196097,B,Stony Brook University,Stony Brook University,fallback
strayer-university,37824,131803,C,Strayer University,Strayer University,fallback
suffolk-county-community-college,33290,366395,C,Suffolk County Community College,Suffolk County Community College,fallback
suffolk-university,32635,168005,B,Suffolk University,Suffolk University,fallback
sul-ross-state-university,32656,228501,B,Sul Ross State University,Sul Ross State University,fallback
sullivan-county-community-college,33303,195988,C,Sullivan County Community College,Sullivan County Community College,fallback
sullivan-university,34118,157793,C,Sullivan University,Sullivan University,fallback
sum-bible-college-and-theological-seminary,35090,447953,B,SUM Bible College and Theological Seminary,SUM Bible College and Theological Seminary,fallback
summit-christian-college,35268,181543,B,Summit Christian College,Summit Christian College,fallback
suny-adirondack,33711,188438,C,SUNY Adirondack,SUNY Adirondack,fallback
suny-at-albany,32691,196060,B,University at Albany,University at Albany,fallback
suny-at-fredonia,32711,196158,B,SUNY at Fredonia,SUNY at Fredonia,fallback
suny-at-geneseo,31899,196167,B,SUNY College at Geneseo,SUNY Geneseo,IPEDS alias
suny-at-purchase-college,32563,196219,B,SUNY at Purchase College,Purchase College,IPEDS alias
suny-binghamton,31650,196079,B,Binghamton University,Binghamton University,fallback
suny-brockport,33219,196121,B,SUNY Brockport,SUNY Brockport,fallback
suny-buffalo-state-university,33197,196130,B,SUNY Buffalo State University,Buffalo State University,IPEDS alias
suny-college-at-potsdam,32728,196200,B,SUNY College at Potsdam,SUNY-Potsdam,IPEDS alias
suny-college-of-agriculture-and-technology-at-cobleskill,33024,196033,B,SUNY College of Agriculture and Technology at Cobleskill,SUNY College of Agriculture and Technology at Cobleskill,fallback
suny-college-of-environmental-science-and-forestry,31941,196103,A,SUNY College of Environmental Science and Forestry,SUNY ESF,hand-checked
suny-college-of-technology-at-alfred,33022,196006,B,SUNY College of Technology at Alfred,SUNY College of Technology at Alfred,fallback
suny-college-of-technology-at-canton,33109,196015,B,SUNY College of Technology at Canton,SUNY Canton,IPEDS alias
suny-college-of-technology-at-delhi,33112,196024,B,SUNY College of Technology at Delhi,SUNY Delhi,IPEDS alias
suny-cortland,31930,196149,B,State University of New York at Cortland,State University of New York at Cortland,fallback
suny-maritime-college,32496,196291,B,SUNY Maritime College,SUNY Maritime College,fallback
suny-morrisville,33248,196051,B,SUNY Morrisville,SUNY Morrisville,fallback
suny-old-westbury,33016,196237,B,SUNY Old Westbury,SUNY Old Westbury,fallback
suny-oneonta,32386,196185,B,SUNY Oneonta,SUNY Oneonta,fallback
suny-oswego,32316,196194,B,State University of New York at Oswego,State University of New York at Oswego,fallback
suny-plattsburgh,32997,196246,B,State University of New York at Plattsburgh,State University of New York at Plattsburgh,fallback
suny-polytechnic-institute,31946,196112,B,SUNY Polytechnic Institute,SUNY Polytechnic Institute,fallback
suny-upstate-medical-university,37809,196307,C,SUNY Upstate Medical University,SUNY Upstate Medical University,fallback
suny-westchester-community-college,33607,197294,C,SUNY Westchester Community College,SUNY Westchester Community College,fallback
surry-community-college,35042,199768,C,Surry Community College,Surry Community College,fallback
susquehanna-university,31987,216278,B,Susquehanna University,Susquehanna University,fallback
sussex-county-community-college,34431,247603,C,Sussex County Community College,Sussex County Community College,fallback
swarthmore,31709,216287,B,Swarthmore College,Swarthmore College,fallback
swedish-institute-a-college-of-health-sciences,34919,196389,C,Swedish Institute a College of Health Sciences,Swedish Institute a College of Health Sciences,fallback
sweet-briar-college,32210,233718,B,Sweet Briar College,Sweet Briar College,fallback
syracuse-university,31950,196413,B,Syracuse University,Syracuse University,fallback
tabor-college,32849,155973,B,Tabor College,Tabor College,fallback
tacoma-community-college,33658,236753,C,Tacoma Community College,Tacoma Community College,fallback
taft-college,33822,124113,C,Taft College,Taft College,fallback
taft-university-system,33965,454689,C,Taft University System,Taft University System,fallback
talladega-college,33319,102298,B,Talladega College,Talladega College,fallback
tallahassee-state-college,33411,137759,C,Tallahassee State College,Tallahassee State College,fallback
talmudic-college-of-florida,32313,137777,C,Talmudic College of Florida,Talmudic College of Florida,fallback
talmudical-academy-new-jersey,35149,186900,B,Talmudical Academy New Jersey,Talmudical Academy New Jersey,fallback
talmudical-institute-of-upstate-new-york,35073,196440,B,Talmudical Institute of Upstate New York,Talmudical Institute of Upstate New York,fallback
talmudical-seminary-of-bobov,35230,451404,B,Talmudical Seminary of Bobov,Talmudical Seminary of Bobov,fallback
talmudical-seminary-oholei-torah,35274,196431,B,Talmudical Seminary Oholei Torah,Talmudical Seminary Oholei Torah,fallback
talmudical-yeshiva-of-philadelphia,34987,216311,B,Talmudical Yeshiva of Philadelphia,Talmudical Yeshiva of Philadelphia,fallback
tarleton-state-university,32863,228529,B,Tarleton State University,Tarleton State,IPEDS alias
tarrant-county-college-district,33367,228547,C,Tarrant County College District,Tarrant County College,IPEDS alias
taylor,31740,152530,A,Taylor University,Taylor University,fallback (hand-checked)
taylor-business-institute,35143,149310,B,Taylor Business Institute,Taylor Business Institute,fallback
taylor-college,34147,449524,C,Taylor College,Taylor College,fallback
teachers-college-at-columbia-university,37825,196468,C,Teachers College at Columbia University,Teachers College at Columbia University,fallback
technical-college-of-the-lowcountry,33997,217712,C,Technical College of the Lowcountry,Technical College of the Lowcountry,fallback
technical-school,35283,214892,B,Penn Commercial Business/Technical School,Penn Commercial Business/Technical School,fallback
telshe-yeshiva-chicago,35144,149329,B,Telshe Yeshiva Chicago,Telshe Yeshiva Chicago,fallback
temple-college,33507,228608,C,Temple College,Temple College,fallback
temple-university,32363,216339,B,Temple University,Temple University,fallback
tennessee-state-university,32853,221838,B,Tennessee State University,Tennessee State University,fallback
tennessee-technological-university,32046,221847,B,Tennessee Technological University,Tennessee Technological University,fallback
tennessee-wesleyan-university,32310,221731,B,Tennessee Wesleyan University,Tennessee Wesleyan University,fallback
terra-state-community-college,34141,206011,C,Terra State Community College,Terra State Community College,fallback
texarkana-college,34284,228699,C,Texarkana College,Texarkana College,fallback
texas-a-and-m-international-university,31933,226152,B,Texas A&M International University,Texas A&M International University,fallback
texas-a-and-m-university-central-texas,35333,483036,B,Texas A&M University Central Texas,Texas A&M University Central Texas,fallback
texas-a-and-m-university-college-station,31963,228723,B,Texas A&M University College Station,Texas A&M University College Station,fallback
texas-a-m-university-corpus-christi,32461,224147,A,Texas A&M University Corpus Christi,Texas A&M-Corpus Christi,hand-checked
texas-a-m-university-kingsville,32385,228705,A,Texas A&M University Kingsville,Texas A&M-Kingsville,hand-checked
texas-a-m-university-texarkana,32536,224545,B,Texas A&M University Texarkana,Texas A&M University Texarkana,fallback
texas-christian-university,31967,228875,B,Texas Christian University,Texas Christian University,fallback
texas-college,33168,228884,C,Texas College,Texas College,fallback
texas-county-technical-college,34785,441487,B,Texas County Technical College,Texas County Technical College,fallback
texas-lutheran,31714,228981,B,Texas Lutheran University,Texas Lutheran University,fallback
texas-southern-university,33100,229063,B,Texas Southern University,Texas Southern University,fallback
texas-state-technical-college,35344,487320,C,Texas State Technical College,Texas State Technical College,fallback
texas-state-university,32546,228459,B,Texas State University,Texas State,IPEDS alias
texas-tech,31837,229115,B,Texas Tech University,Texas Tech University,fallback
texas-tech-university-health-sciences-center,37826,229337,C,Texas Tech University Health Sciences Center,Texas Tech University Health Sciences Center,fallback
texas-wesleyan-university,32606,229160,B,Texas Wesleyan University,Texas Wesleyan University,fallback
texas-womans-university,32811,229179,A,Texas Woman's University,Texas Woman's University,fallback (hand-checked)
thaddeus-stevens-college-of-technology,33841,216296,B,Thaddeus Stevens College of Technology,Thaddeus Stevens College of Technology,fallback
the-chicago-school-at-chicago,35253,143978,B,The Chicago School at Chicago,Chicago School at Chicago,fallback
the-chicago-school-at-los-angeles,35315,455664,B,The Chicago School at Los Angeles,Chicago School at Los Angeles,fallback
the-chicago-school-at-san-diego,35353,491190,C,The Chicago School at San Diego,Chicago School at San Diego,fallback
the-christ-college-of-nursing-and-health-sciences,34814,201821,B,The Christ College of Nursing and Health Sciences,Christ College of Nursing and Health Sciences,fallback
the-college-of-idaho,33955,142294,B,The College of Idaho,College of Idaho,fallback
the-college-of-new-jersey,32743,187134,B,The College of New Jersey,College of New Jersey,fallback
the-college-of-saint-scholastica,32305,174899,B,The College of Saint Scholastica,College of Saint Scholastica,fallback
the-college-of-saint-thomas-more,33738,,C,The College of Saint Thomas More,College of Saint Thomas More,fallback
the-college-of-the-florida-keys,33690,133960,C,The College of the Florida Keys,College of the Florida Keys,fallback
the-college-of-westchester,33824,197285,B,The College of Westchester,College of Westchester,fallback
the-community-college-of-baltimore-county,33795,434672,C,The Community College of Baltimore County,Community College of Baltimore County,IPEDS alias
the-continents-states-university,35357,,C,The Continents States University,Continents States University,fallback
the-evergreen-state-college,32984,235167,B,The Evergreen State College,Evergreen State College,fallback
the-juilliard-school,33344,192110,B,The Juilliard School,Juilliard School,fallback
the-landing-school,35186,161208,C,The Landing School,Landing School,fallback
the-masters-university-and-seminary,31806,117751,B,The Master's University and Seminary,Master's University and Seminary,fallback
the-modern-college-of-design,32981,205391,B,The Modern College of Design,Modern College of Design,fallback
the-new-england-conservatory-of-music,34960,167057,B,The New England Conservatory of Music,New England Conservatory of Music,fallback
the-new-school,32110,193654,B,The New School,New School,fallback
the-southern-baptist-theological-seminary,35260,157748,B,The Southern Baptist Theological Seminary,Southern Baptist Theological Seminary,fallback
the-university-of-america,35323,,C,The University of America,University of America,fallback
the-university-of-findlay,31945,202763,B,The University of Findlay,University of Findlay,fallback
the-university-of-montana,32584,180489,B,The University of Montana,University of Montana,IPEDS alias
the-university-of-montana-western,32901,180692,B,The University of Montana Western,University of Montana Western,fallback
the-university-of-olivet,33692,171599,B,The University of Olivet,University of Olivet,fallback
the-university-of-tampa,32271,137847,B,The University of Tampa,University of Tampa,fallback
the-university-of-tennessee,31993,221759,B,The University of Tennessee,University of Tennessee,fallback
the-university-of-tennessee-at-chattanooga,32068,221740,A,The University of Tennessee at Chattanooga,UT Chattanooga,hand-checked
the-university-of-tennessee-martin,32098,221768,B,The University of Tennessee Martin,University of Tennessee Martin,fallback
the-university-of-tennessee-southern,32935,220701,B,The University of Tennessee Southern,University of Tennessee Southern,fallback
the-university-of-texas-at-arlington,32411,228769,B,The University of Texas at Arlington,University of Texas at Arlington,fallback
the-university-of-texas-at-brownsville,33646,,C,The University of Texas at Brownsville,University of Texas at Brownsville,fallback
the-university-of-texas-at-el-paso,32707,228796,B,The University of Texas at El Paso,University of Texas at El Paso,fallback
the-university-of-texas-at-san-antonio,32579,229027,B,The University of Texas at San Antonio,University of Texas at San Antonio,fallback
the-university-of-texas-at-tyler,32402,228802,B,The University of Texas at Tyler,University of Texas at Tyler,fallback
the-university-of-texas-health-science-center-at-san-antonio,33880,228644,C,The University of Texas Health Science Center at San Antonio,University of Texas Health Science Center at San Antonio,fallback
the-university-of-texas-of-the-permian-basin,32769,229018,B,The University of Texas Permian Basin,University of Texas Permian Basin,fallback
the-university-of-texas-rio-grande-valley,32943,227368,B,The University of Texas Rio Grande Valley,University of Texas Rio Grande Valley,IPEDS alias
the-university-of-virginias-college-at-wise,32149,233897,B,The University of Virginia's College at Wise,University of Virginia's College at Wise,fallback
the-university-of-west-florida,32078,138354,A,The University of West Florida,University of West Florida,hand-checked
thiel-college,33020,216357,B,Thiel College,Thiel College,fallback
thomas-aquinas,31805,124292,B,Thomas Aquinas College,Thomas Aquinas College,fallback
thomas-college,34526,161563,B,Thomas College,Thomas College,fallback
thomas-edison-state-university,33763,187046,C,Thomas Edison State University,Thomas Edison State University,fallback
thomas-jefferson-university,31893,216366,A,Thomas Jefferson University,Thomas Jefferson University,fallback (hand-checked)
thomas-more-college-of-liberal-arts,32763,183275,C,Thomas More College of Liberal Arts,Thomas More College of Liberal Arts,fallback
thomas-more-university,32612,157809,B,Thomas More University,Thomas More University,fallback
thomas-university,33967,141167,B,Thomas University,Thomas University,fallback
three-rivers-college,34765,179645,C,Three Rivers College,Three Rivers College,fallback
tidewater-community-college,33450,233772,C,Tidewater Community College,Tidewater Community College,fallback
tiffin-university,32999,206048,A,Tiffin University,Tiffin University,fallback (hand-checked)
tillamook-bay-community-college,34435,420723,C,Tillamook Bay Community College,Tillamook Bay Community College,fallback
toccoa-falls-college,32296,141185,B,Toccoa Falls College,Toccoa Falls College,fallback
tohono-oodham-community-college,34436,442781,C,Tohono O'odham Community College,Tohono O'odham Community College,fallback
tompkins-cortland-community-college,33857,196565,C,Tompkins Cortland Community College,Tompkins Cortland Community College,fallback
torah-temimah-talmudical-seminary,35216,196583,B,Torah Temimah Talmudical Seminary,Torah Temimah Talmudical Seminary,fallback
tougaloo-college,33211,176406,B,Tougaloo College,Tougaloo College,fallback
touro-university,32933,196592,B,Touro University,Touro University,fallback
touro-university-california,37828,459736,C,Touro University California,Touro University California,fallback
touro-university-nevada,35319,459824,C,Touro University Nevada,Touro University Nevada,fallback
touro-university-worldwide,33755,459727,C,Touro University Worldwide,Touro University Worldwide,fallback
towson-university,31951,164076,B,Towson University,Towson University,fallback
transylvania,31832,157818,B,Transylvania University,Transylvania University,fallback
treasure-valley-community-college,34021,210234,C,Treasure Valley Community College,Treasure Valley Community College,fallback
trevecca-nazarene-university,32419,221892,B,Trevecca Nazarene University,Trevecca Nazarene University,fallback
tri-county-community-college,34104,199795,C,Tri-County Community College,Tri-County Community College,fallback
tri-county-technical-college,33712,218885,C,Tri-County Technical College,Tri-County Tech,IPEDS alias
tri-state-bible-college,35161,206154,C,Tri-State Bible College,Tri-State Bible College,fallback
trident-technical-college,32298,218894,C,Trident Technical College,Trident Technical College,fallback
trine-university,32263,152567,B,Trine University,Trine University,fallback
trine-university-regionalnon-traditional-campuses,35304,414878,B,Trine University Regional/Non-Traditional Campuses,Trine University Regional/Non-Traditional Campuses,fallback
trinidad-state-college,34078,128258,C,Trinidad State College,Trinidad State College,fallback
trinity,31801,130590,B,Trinity College,Trinity College,fallback
trinity-baptist-college,33137,137953,B,Trinity Baptist College,Trinity Baptist College,fallback
trinity-bible-college,32776,200484,B,Trinity Bible College and Graduate School,Trinity Bible College and Graduate School,fallback
trinity-christian-college,32346,149505,B,Trinity Christian College,Trinity Christian College,fallback
trinity-college-of-florida,33080,137962,B,Trinity College of Florida,Trinity College of Florida,fallback
trinity-college-of-nursing-and-health-sciences,32452,146755,C,Trinity College of Nursing and Health Sciences,Trinity College of Nursing and Health Sciences,fallback
trinity-international-university-illinois,32788,149514,B,Trinity International University,Trinity International University,fallback
trinity-university,31970,229267,B,Trinity University,Trinity University,fallback
trinity-valley-community-college,33570,225308,C,Trinity Valley Community College,Trinity Valley Community College,fallback
trinity-washington-university,33702,131876,B,Trinity Washington University,Trinity Washington University,fallback
triton-college,33612,149532,C,Triton College,Triton College,fallback
trocaire-college,34487,196653,B,Trocaire College,Trocaire College,fallback
troy-university,32277,102368,A,Troy University,Troy University,fallback (hand-checked)
truckee-meadows-community-college,33895,182500,C,Truckee Meadows Community College,Truckee Meadows Community College,fallback
truett-mcconnell-university,32320,141237,B,Truett McConnell University,Truett McConnell University,fallback
truman-state,31791,178615,B,Truman State University,Truman State University,fallback
tufts,31704,168148,B,Tufts University,Tufts University,fallback
tulane-university-of-louisiana,32025,160755,B,Tulane University,Tulane University,fallback
tulsa,31671,207971,B,University of Tulsa,University of Tulsa,fallback
tulsa-community-college,32947,207935,C,Tulsa Community College,Tulsa Community College,fallback
turtle-mountain-community-college,35017,200527,C,Turtle Mountain Community College,Turtle Mountain Community College,fallback
tusculum-university,32926,221953,B,Tusculum University,Tusculum University,fallback
tuskegee-university,33003,102377,B,Tuskegee University,Tuskegee University,fallback
tyler-junior-college,33380,229355,C,Tyler Junior College,Tyler Junior College,fallback
uab,31780,100663,B,University of Alabama at Birmingham,University of Alabama at Birmingham,fallback
uah,31789,100706,B,University of Alabama in Huntsville,University of Alabama in Huntsville,fallback
uc-berkeley,31734,110635,B,University of California Berkeley,UC Berkeley,IPEDS alias
uc-davis,31649,110644,B,University of California Davis,UC Davis,IPEDS alias
uc-irvine,31844,110653,B,University of California Irvine,UC Irvine,IPEDS alias
uc-law-san-francisco,37829,110398,C,UC Law San Francisco,UC Law San Francisco,fallback
uc-riverside,31757,110671,A,University of California Riverside,UC Riverside,hand-checked
uc-san-diego,31779,110680,A,University of California San Diego,UC San Diego,hand-checked
uc-san-francisco,37854,110699,C,"University of California, San Francisco",UC San Francisco,IPEDS alias
uc-santa-barbara,31778,110705,B,University of California Santa Barbara,UC Santa Barbara,IPEDS alias
ucla,31695,110662,A,University of California Los Angeles,UCLA,hand-checked
uiuc,31810,145637,B,University of Illinois Urbana-Champaign,University of Illinois Urbana-Champaign,fallback
ulster-county-community-college,32192,196699,C,Ulster County Community College,Ulster County Community College,fallback
umass-amherst,31663,166629,A,University of Massachusetts Amherst,UMass Amherst,hand-checked
umass-chan-medical-school,37838,166708,C,UMass Chan Medical School,UMass Chan Medical School,fallback
umass-global,37839,262086,C,UMass Global,UMass Global,fallback
umbc,31672,163268,B,University of Maryland Baltimore County,University of Maryland Baltimore County,fallback
umd,31756,163286,A,University of Maryland College Park,UMD,hand-checked
umpqua-community-college,34322,210270,C,Umpqua Community College,Umpqua Community College,fallback
unc,31769,199120,A,University of North Carolina at Chapel Hill,UNC,hand-checked
union,31804,221971,B,Union University,Union University,fallback
union-adventist-university,32410,181738,B,Union Adventist University,Union Adventist University,fallback
union-bible-college,35354,491525,B,Union Bible College,Union Bible College,fallback
union-college,32284,196866,B,Union College,Union College,fallback
union-commonwealth-university,32958,157863,B,Union Commonwealth University,Union Commonwealth University,fallback
union-county-college,33568,187198,C,"UCNJ Union College of Union County, New Jersey","UCNJ Union College of Union County, New Jersey",fallback
united-states-merchant-marine-academy,32106,197027,B,United States Merchant Marine Academy,United States Merchant Marine Academy,fallback
united-states-sports-university,35234,102395,B,United States Sports University,United States Sports University,fallback
united-states-university,37843,447050,C,United States University,United States University,fallback
united-talmudical-seminary,35117,197018,C,United Talmudical Seminary,United Talmudical Seminary,fallback
united-tribes-technical-college,35219,200554,C,United Tribes Technical College,United Tribes Technical College,fallback
unity-environmental-university,34714,161572,C,Unity Environmental University,Unity Environmental University,fallback
universal-college-of-healing-arts,35173,446598,C,Universal College of Healing Arts,Universal College of Healing Arts,fallback
university-at-buffalo,31849,196088,B,University at Buffalo,University at Buffalo,fallback
university-of-advancing-technology,33302,363934,B,University of Advancing Technology,University of Advancing Technology,fallback
university-of-akron-main-campus,32354,200800,A,University of Akron Main Campus,University of Akron,hand-checked
university-of-akron-wayne-college,33098,200846,B,University of Akron Wayne College,University of Akron Wayne College,fallback
university-of-alaska-anchorage,32535,102553,C,University of Alaska Anchorage,University of Alaska Anchorage,fallback
university-of-alaska-fairbanks,32506,102614,C,University of Alaska Fairbanks,University of Alaska Fairbanks,fallback
university-of-alaska-southeast,34242,102632,B,University of Alaska Southeast,University of Alaska Southeast,fallback
university-of-arizona,32328,104179,B,University of Arizona,University of Arizona,fallback
university-of-arizona-global-campus,37844,154022,C,University of Arizona Global Campus,University of Arizona Global Campus,fallback
university-of-arkansas,31872,106397,A,University of Arkansas,University of Arkansas,fallback (hand-checked)
university-of-arkansas-at-little-rock,32443,106245,B,University of Arkansas at Little Rock,University of Arkansas at Little Rock,fallback
university-of-arkansas-at-monticello,33245,106485,C,University of Arkansas at Monticello,University of Arkansas at Monticello,fallback
university-of-arkansas-at-pine-bluff,33169,106412,B,University of Arkansas at Pine Bluff,University of Arkansas at Pine Bluff,fallback
university-of-arkansas-community-college-batesville,34522,106999,C,University of Arkansas Community College Batesville,University of Arkansas Community College Batesville,fallback
university-of-arkansas-community-college-morrilton,33124,107585,B,University of Arkansas Community College Morrilton,University of Arkansas Community College Morrilton,fallback
university-of-arkansas-for-medical-sciences,37845,106263,C,University of Arkansas for Medical Sciences,University of Arkansas for Medical Sciences,fallback
university-of-arkansas-fort-smith,32540,108092,B,University of Arkansas Fort Smith,University of Arkansas Fort Smith,fallback
university-of-arkansas-hope-texarkana,33190,107725,C,University of Arkansas Hope-Texarkana,University of Arkansas Hope-Texarkana,fallback
university-of-baltimore,33179,161873,B,University of Baltimore,University of Baltimore,fallback
university-of-bridgeport,33079,128744,B,University of Bridgeport,University of Bridgeport,fallback
university-of-california-merced,32179,445188,B,University of California Merced,UC Merced,IPEDS alias
university-of-california-santa-cruz,32037,110714,B,University of California Santa Cruz,UC Santa Cruz,IPEDS alias
university-of-central-arkansas,31943,106704,B,University of Central Arkansas,University of Central Arkansas,fallback
university-of-central-florida,32022,132903,B,University of Central Florida,University of Central Florida,fallback
university-of-central-missouri,31976,176965,B,University of Central Missouri,University of Central Missouri,fallback
university-of-central-oklahoma,32282,206941,B,University of Central Oklahoma,University of Central Oklahoma,fallback
university-of-charleston,32975,237312,B,University of Charleston,University of Charleston,fallback
university-of-cincinnati-blue-ash-college,33160,201955,C,University of Cincinnati Blue Ash College,University of Cincinnati Blue Ash College,fallback
university-of-cincinnati-clermont-college,33078,201946,C,University of Cincinnati Clermont College,University of Cincinnati Clermont College,fallback
university-of-cincinnati-main-campus,31952,201885,A,University of Cincinnati Main Campus,University of Cincinnati,hand-checked
university-of-colorado-boulder,31964,126614,B,University of Colorado Boulder,University of Colorado Boulder,fallback
university-of-colorado-colorado-springs,32581,126580,B,University of Colorado Colorado Springs,University of Colorado Colorado Springs,fallback
university-of-colorado-denver,32366,126562,B,University of Colorado Denver,University of Colorado Denver,fallback
university-of-connecticut,31870,129020,B,University of Connecticut,University of Connecticut,fallback
university-of-connecticut-avery-point,33832,436827,B,University of Connecticut Avery Point,University of Connecticut Avery Point,fallback
university-of-connecticut-hartford-campus,35321,463056,B,University of Connecticut Hartford Campus,University of Connecticut Hartford Campus,fallback
university-of-connecticut-stamford,33410,436836,B,University of Connecticut Stamford,University of Connecticut Stamford,fallback
university-of-connecticut-waterbury-campus,33987,436818,B,University of Connecticut Waterbury Campus,University of Connecticut Waterbury Campus,fallback
university-of-denver,31896,127060,B,University of Denver,University of Denver,fallback
university-of-detroit-mercy,31989,169716,B,University of Detroit Mercy,University of Detroit Mercy,fallback
university-of-dubuque,32822,153278,B,University of Dubuque,University of Dubuque,fallback
university-of-east-west-medicine,37855,447801,C,University of East-West Medicine,University of East-West Medicine,fallback
university-of-evansville,31911,150534,B,University of Evansville,University of Evansville,fallback
university-of-fort-lauderdale,33630,457402,C,University of Fort Lauderdale,University of Fort Lauderdale,fallback
university-of-hartford,32781,129525,B,University of Hartford,University of Hartford,fallback
university-of-hawaii-at-hilo,32583,141565,B,University of Hawaii at Hilo,University of Hawaii at Hilo,fallback
university-of-hawaii-at-manoa,31979,141574,A,University of Hawaii at Manoa,UH Manoa,hand-checked
university-of-hawaii-maui-college,33547,141839,C,University of Hawaii Maui College,University of Hawaii Maui College,fallback
university-of-hawaii-west-oahu,32473,141981,B,University of Hawaii West Oahu,University of Hawaii West Oahu,fallback
university-of-health-sciences-and-pharmacy-in-st-louis,32019,179265,B,University of Health Sciences and Pharmacy in St. Louis,University of Health Sciences and Pharmacy in St. Louis,fallback
university-of-holy-cross,32991,160065,B,University of Holy Cross,University of Holy Cross,fallback
university-of-houston,32362,225511,A,University of Houston,University of Houston,fallback (hand-checked)
university-of-houston-clear-lake,32545,225414,B,University of Houston Clear Lake,University of Houston Clear Lake,fallback
university-of-houston-downtown,32744,225432,B,University of Houston Downtown,University of Houston Downtown,fallback
university-of-houston-victoria,33791,225502,B,University of Houston Victoria,University of Houston Victoria,fallback
university-of-idaho,32350,142285,B,University of Idaho,University of Idaho,fallback
university-of-illinois-at-chicago,32454,145600,A,University of Illinois Chicago,UIC,hand-checked
university-of-illinois-at-springfield,32369,148654,B,University of Illinois Springfield,University of Illinois Springfield,fallback
university-of-indianapolis,32675,151263,B,University of Indianapolis,University of Indianapolis,fallback
university-of-jamestown,32806,200156,B,University of Jamestown,University of Jamestown,fallback
university-of-kansas,31997,155317,B,University of Kansas,University of Kansas,fallback
university-of-kentucky,32107,157085,A,University of Kentucky,University of Kentucky,fallback (hand-checked)
university-of-la-verne,32812,117140,B,University of La Verne,University of La Verne,fallback
university-of-louisiana-at-lafayette,32497,160658,A,University of Louisiana at Lafayette,UL Lafayette,hand-checked
university-of-louisiana-monroe,32232,159993,B,University of Louisiana at Monroe,University of Louisiana at Monroe,fallback
university-of-louisville,32026,157289,B,University of Louisville,University of Louisville,fallback
university-of-lynchburg,32224,232609,B,University of Lynchburg,University of Lynchburg,fallback
university-of-maine,32426,161253,B,University of Maine,University of Maine,fallback
university-of-maine-at-augusta,34062,161217,C,University of Maine at Augusta,University of Maine at Augusta,fallback
university-of-maine-at-farmington,32959,161226,B,University of Maine at Farmington,University of Maine at Farmington,fallback
university-of-maine-at-fort-kent,32992,161235,B,University of Maine at Fort Kent,University of Maine at Fort Kent,fallback
university-of-maine-at-presque-isle,33118,161341,B,University of Maine at Presque Isle,University of Maine at Presque Isle,fallback
university-of-management-and-technology-the,34145,437097,C,University of Management and Technology,University of Management and Technology,fallback
university-of-mary,32571,200217,B,University of Mary,University of Mary,fallback
university-of-mary-hardin-baylor,32219,226471,B,University of Mary Hardin-Baylor,Mary Hardin-Baylor,IPEDS alias
university-of-mary-washington,31908,232681,B,University of Mary Washington,University of Mary Washington,fallback
university-of-maryland-baltimore,35262,163259,C,"University of Maryland, Baltimore","University of Maryland, Baltimore",fallback
university-of-maryland-eastern-shore,33054,163338,B,University of Maryland Eastern Shore,University of Maryland Eastern Shore,fallback
university-of-maryland-global-campus,33529,163204,C,University of Maryland Global Campus,University of Maryland Global Campus,fallback
university-of-massachusetts-boston,32603,166638,B,University of Massachusetts Boston,University of Massachusetts Boston,fallback
university-of-massachusetts-dartmouth,32564,167987,B,University of Massachusetts Dartmouth,UMass Dartmouth,IPEDS alias
university-of-massachusetts-lowell,31986,166513,A,University of Massachusetts Lowell,UMass Lowell,hand-checked
university-of-memphis,32329,220862,A,University of Memphis,University of Memphis,fallback (hand-checked)
university-of-miami,31918,135726,B,University of Miami,University of Miami,fallback
university-of-michigan-dearborn,31996,171137,A,University of Michigan Dearborn,UM-Dearborn,hand-checked
university-of-michigan-flint,32204,171146,B,University of Michigan Flint,University of Michigan Flint,fallback
university-of-minnesota-crookston,32762,174075,B,University of Minnesota Crookston,University of Minnesota Crookston,fallback
university-of-minnesota-duluth,32260,174233,B,University of Minnesota Duluth,University of Minnesota Duluth,fallback
university-of-minnesota-morris,32202,174251,B,University of Minnesota Morris,University of Minnesota Morris,fallback
university-of-minnesota-rochester,33643,456959,B,University of Minnesota Rochester,University of Minnesota Rochester,fallback
university-of-mississippi,32077,176017,B,University of Mississippi,University of Mississippi,fallback
university-of-missouri-columbia,32067,178396,B,University of Missouri Columbia,University of Missouri Columbia,fallback
university-of-missouri-kansas-city,32205,178402,A,University of Missouri Kansas City,UMKC,hand-checked
university-of-missouri-st-louis,32295,178420,A,University of Missouri St Louis,UMSL,hand-checked
university-of-mobile,32720,101693,B,University of Mobile,University of Mobile,fallback
university-of-montevallo,32001,101709,B,University of Montevallo,University of Montevallo,fallback
university-of-mount-olive,33193,199069,B,University of Mount Olive,University of Mount Olive,fallback
university-of-mount-saint-vincent,32962,193399,B,University of Mount Saint Vincent,University of Mount Saint Vincent,fallback
university-of-mount-union,32638,204185,B,University of Mount Union,University of Mount Union,fallback
university-of-nebraska-at-kearney,32827,181215,B,University of Nebraska at Kearney,University of Nebraska at Kearney,fallback
university-of-nebraska-at-omaha,32407,181394,B,University of Nebraska at Omaha,University of Nebraska at Omaha,fallback
university-of-nebraska-lincoln,32039,181464,B,University of Nebraska Lincoln,University of Nebraska Lincoln,fallback
university-of-nebraska-medical-center,37856,181428,C,University of Nebraska Medical Center,University of Nebraska Medical Center,fallback
university-of-nevada-las-vegas,32484,182281,B,University of Nevada Las Vegas,University of Nevada Las Vegas,fallback
university-of-nevada-reno,32490,182290,A,University of Nevada Reno,UNR,hand-checked
university-of-new-england,32470,161457,B,University of New England,University of New England,fallback
university-of-new-hampshire-at-manchester,32613,183071,B,University of New Hampshire at Manchester,University of New Hampshire at Manchester,fallback
university-of-new-hampshire-college-of-professional-studies-online,34552,183257,C,University of New Hampshire College of Professional Studies Online,University of New Hampshire College of Professional Studies Online,fallback
university-of-new-hampshire-main-campus,32127,183044,A,University of New Hampshire Main Campus,UNH,hand-checked
university-of-new-haven,32352,129941,B,University of New Haven,University of New Haven,fallback
university-of-new-mexico-gallup-campus,35016,187958,C,University of New Mexico Gallup Campus,University of New Mexico Gallup Campus,fallback
university-of-new-mexico-los-alamos-campus,34740,187976,C,University of New Mexico Los Alamos Campus,University of New Mexico Los Alamos Campus,fallback
university-of-new-mexico-main-campus,32429,187985,A,University of New Mexico Main Campus,UNM,hand-checked
university-of-new-mexico-taos-campus,34690,188225,C,University of New Mexico Taos Campus,University of New Mexico Taos Campus,fallback
university-of-new-mexico-valencia-county-campus,34862,188049,C,University of New Mexico Valencia County Campus,University of New Mexico Valencia County Campus,fallback
university-of-new-orleans,32866,159939,B,University of New Orleans,University of New Orleans,fallback
university-of-north-alabama,32090,101879,A,University of North Alabama,University of North Alabama,fallback (hand-checked)
university-of-north-carolina-at-asheville,32315,199111,A,University of North Carolina Asheville,UNC Asheville,hand-checked
university-of-north-carolina-at-charlotte,32141,199139,A,University of North Carolina at Charlotte,UNC Charlotte,hand-checked
university-of-north-carolina-at-greensboro,32109,199148,B,University of North Carolina at Greensboro,University of North Carolina at Greensboro,fallback
university-of-north-carolina-at-pembroke,32400,199281,A,University of North Carolina at Pembroke,UNC Pembroke,hand-checked
university-of-north-carolina-at-wilmington,32159,199218,B,University of North Carolina Wilmington,University of North Carolina Wilmington,fallback
university-of-north-carolina-school-of-the-arts,31861,199184,B,University of North Carolina School of the Arts,University of North Carolina School of the Arts,fallback
university-of-north-dakota,32291,200280,B,University of North Dakota,University of North Dakota,fallback
university-of-north-georgia,32314,482680,A,University of North Georgia,University of North Georgia,fallback (hand-checked)
university-of-north-texas,32364,227216,B,University of North Texas,University of North Texas,fallback
university-of-north-texas-at-dallas,35337,484905,B,University of North Texas at Dallas,University of North Texas at Dallas,fallback
university-of-northern-colorado,32215,127741,B,University of Northern Colorado,University of Northern Colorado,fallback
university-of-northern-iowa,32070,154095,A,University of Northern Iowa,Northern Iowa,hand-checked
university-of-northwestern-ohio,33189,204486,C,University of Northwestern Ohio,University of Northwestern Ohio,fallback
university-of-northwestern-st-paul,32137,174491,B,University of Northwestern St Paul,University of Northwestern St Paul,fallback
university-of-oklahoma-norman-campus,31995,207500,B,University of Oklahoma Norman Campus,University of Oklahoma Norman Campus,fallback
university-of-oregon,31880,209551,B,University of Oregon,University of Oregon,fallback
university-of-phoenix,38873,484613,C,University of Phoenix,University of Phoenix,fallback
university-of-phoenix-idaho-campus,34729,,C,University of Phoenix Idaho Campus,University of Phoenix Idaho Campus,fallback
university-of-pikeville,32446,157535,C,University of Pikeville,University of Pikeville,fallback
university-of-pittsburgh-bradford,32761,215266,B,University of Pittsburgh Bradford,University of Pittsburgh Bradford,fallback
university-of-pittsburgh-greensburg,32309,215275,B,University of Pittsburgh Greensburg,University of Pittsburgh Greensburg,fallback
university-of-pittsburgh-johnstown,32153,215284,B,University of Pittsburgh Johnstown,University of Pittsburgh Johnstown,fallback
university-of-pittsburgh-titusville,33879,215309,B,University of Pittsburgh Titusville,University of Pittsburgh Titusville,fallback
university-of-portland,31998,209825,B,University of Portland,University of Portland,fallback
university-of-providence,32738,180258,B,University of Providence,University of Providence,fallback
university-of-puget-sound,32167,236328,A,University of Puget Sound,University of Puget Sound,fallback (hand-checked)
university-of-redlands,31874,121691,B,University of Redlands,University of Redlands,fallback
university-of-rhode-island,32123,217484,A,University of Rhode Island,University of Rhode Island,fallback (hand-checked)
university-of-richmond,31907,233374,B,University of Richmond,University of Richmond,fallback
university-of-rio-grande,33069,205203,C,University of Rio Grande,University of Rio Grande,fallback
university-of-rochester,31851,195030,A,University of Rochester,University of Rochester,fallback (hand-checked)
university-of-saint-francis-fort-wayne,32569,152336,B,University of Saint Francis Fort Wayne,University of Saint Francis Fort Wayne,fallback
university-of-saint-joseph,32377,130314,A,University of Saint Joseph,University of Saint Joseph,fallback (hand-checked)
university-of-saint-mary,32597,155812,B,University of Saint Mary,University of Saint Mary,fallback
university-of-saint-mary-of-the-lake,37857,148885,C,University of Saint Mary of the Lake,University of Saint Mary of the Lake,fallback
university-of-san-francisco,32139,122612,B,University of San Francisco,University of San Francisco,fallback
university-of-science-and-arts-of-oklahoma,32421,207722,B,University of Science and Arts of Oklahoma,University of Science and Arts of Oklahoma,fallback
university-of-scranton,32161,215929,A,University of Scranton,University of Scranton,fallback (hand-checked)
university-of-silicon-valley,33225,112394,B,University of Silicon Valley,University of Silicon Valley,fallback
university-of-south-alabama,31955,102094,A,University of South Alabama,University of South Alabama,fallback (hand-checked)
university-of-south-carolina-aiken,32910,218645,B,University of South Carolina Aiken,University of South Carolina Aiken,fallback
university-of-south-carolina-columbia,31949,218663,A,University of South Carolina Columbia,University of South Carolina,hand-checked
university-of-south-carolina-lancaster,33726,218672,B,University of South Carolina Lancaster,University of South Carolina Lancaster,fallback
university-of-south-carolina-salkehatchie,34221,218681,B,University of South Carolina Salkehatchie,University of South Carolina Salkehatchie,fallback
university-of-south-carolina-sumter,32916,218690,B,University of South Carolina Sumter,University of South Carolina Sumter,fallback
university-of-south-carolina-union,32723,218706,B,University of South Carolina Union,University of South Carolina Union,fallback
university-of-south-carolina-upstate,33284,218742,B,University of South Carolina Upstate,University of South Carolina Upstate,fallback
university-of-south-dakota,32420,219471,A,University of South Dakota,University of South Dakota,fallback (hand-checked)
university-of-south-florida-main-campus,32023,137351,A,University of South Florida,USF,hand-checked
university-of-southern-indiana,32391,151306,A,University of Southern Indiana,University of Southern Indiana,fallback (hand-checked)
university-of-southern-maine,32637,161554,B,University of Southern Maine,University of Southern Maine,fallback
university-of-southern-mississippi,32283,176372,A,University of Southern Mississippi,Southern Miss,hand-checked
university-of-st-augustine-for-health-sciences,37858,367954,C,University of St. Augustine for Health Sciences,University of St. Augustine for Health Sciences,fallback
university-of-st-francis,32357,148584,B,University of St Francis,University of St Francis,fallback
university-of-st-thomas,32043,174914,B,University of St Thomas,University of St Thomas (MN),name + state
university-of-st-thomas-tx,32218,227863,B,University of St Thomas,University of St Thomas (TX),name + state
university-of-texas-medical-branch,37859,228653,C,University of Texas Medical Branch,University of Texas Medical Branch,fallback
university-of-the-cumberlands,32361,156541,B,University of the Cumberlands,University of the Cumberlands,fallback
university-of-the-district-of-columbia,33480,131399,C,University of the District of Columbia,University of the District of Columbia,fallback
university-of-the-incarnate-word,32276,225627,A,University of the Incarnate Word,University of the Incarnate Word,fallback (hand-checked)
university-of-the-ozarks,32557,107558,B,University of the Ozarks,University of the Ozarks,fallback
university-of-the-pacific,32125,120883,B,University of the Pacific,University of the Pacific,fallback (alias shared)
university-of-the-people,35347,488846,C,University of the People,University of the People,fallback
university-of-the-potomac-va-campus,33979,442639,C,University of the Potomac VA Campus,University of the Potomac VA Campus,fallback
university-of-the-potomac-washington-dc-campus,34506,384412,C,University of the Potomac Washington DC Campus,University of the Potomac Washington DC Campus,fallback
university-of-the-southwest,33266,188182,C,University of the Southwest,University of the Southwest,fallback
university-of-the-west,33316,449870,B,University of the West,University of the West,fallback
university-of-toledo,32164,206084,B,University of Toledo,University of Toledo,fallback
university-of-utah,32024,230764,B,University of Utah,University of Utah,fallback
university-of-valley-forge,32648,216542,B,University of Valley Forge,University of Valley Forge,fallback
university-of-vermont,31859,231174,B,University of Vermont,University of Vermont,fallback
university-of-washington-bothell-campus,32249,377555,B,University of Washington Bothell Campus,University of Washington Bothell Campus,fallback
university-of-washington-tacoma-campus,32464,377564,B,University of Washington Tacoma Campus,University of Washington Tacoma Campus,fallback
university-of-west-alabama,32945,101587,B,University of West Alabama,University of West Alabama,fallback
university-of-west-georgia,32670,141334,B,University of West Georgia,University of West Georgia,fallback
university-of-west-los-angeles,37860,484862,C,University of West Los Angeles,University of West Los Angeles,fallback
university-of-western-states,34073,210438,C,University of Western States,University of Western States,fallback
university-of-wisconsin-eau-claire,32115,240268,A,University of Wisconsin Eau Claire,UW-Eau Claire,hand-checked
university-of-wisconsin-green-bay,32944,240277,A,University of Wisconsin Green Bay,UW-Green Bay,hand-checked
university-of-wisconsin-la-crosse,32088,240329,B,University of Wisconsin La Crosse,University of Wisconsin La Crosse,fallback
university-of-wisconsin-milwaukee,32939,240453,A,University of Wisconsin Milwaukee,UW-Milwaukee,hand-checked
university-of-wisconsin-oshkosh,32814,240365,B,University of Wisconsin Oshkosh,University of Wisconsin Oshkosh,fallback
university-of-wisconsin-parkside,32681,240374,A,University of Wisconsin Parkside,UW-Parkside,hand-checked
university-of-wisconsin-platteville,32525,240462,B,University of Wisconsin Platteville,University of Wisconsin Platteville,fallback
university-of-wisconsin-river-falls,32408,240471,B,University of Wisconsin River Falls,University of Wisconsin River Falls,fallback
university-of-wisconsin-stevens-point,32768,240480,A,University of Wisconsin Stevens Point,UW-Stevens Point,hand-checked
university-of-wisconsin-stout,32608,240417,B,University of Wisconsin Stout,University of Wisconsin Stout,fallback
university-of-wisconsin-superior,32660,240426,B,University of Wisconsin Superior,University of Wisconsin Superior,fallback
university-of-wisconsin-whitewater,32701,240189,B,University of Wisconsin Whitewater,University of Wisconsin Whitewater,fallback
university-of-wyoming,32217,240727,B,University of Wyoming,University of Wyoming,fallback
unt-health-fort-worth,37840,228909,C,UNT Health Fort Worth,UNT Health Fort Worth,fallback
upenn,31680,215062,A,University of Pennsylvania,UPenn,hand-checked
upper-iowa-university,32625,154493,B,Upper Iowa University,Upper Iowa University,fallback
urban-college-of-boston,34456,429128,C,Urban College of Boston,Urban College of Boston,fallback
urshan-university,35361,494685,B,Urshan University,Urshan University,fallback
ursinus-college,32226,216524,B,Ursinus College,Ursinus College,fallback
ursuline-college,32380,206349,B,Ursuline College,Ursuline College,fallback
usc,31768,123961,A,University of Southern California,USC,hand-checked
ut-austin,31794,228778,B,The University of Texas at Austin,University of Texas at Austin,fallback
ut-dallas,31820,228787,B,The University of Texas at Dallas,University of Texas at Dallas,fallback
ut-southwestern-medical-center,37841,228635,C,UT Southwestern Medical Center,UT Southwestern Medical Center,fallback
uta-mesivta-of-kiryas-joel,35004,446604,C,Uta Mesivta of Kiryas Joel,Uta Mesivta of Kiryas Joel,fallback
utah-state-university,32036,230728,A,Utah State University,Utah State University,fallback (hand-checked)
utah-tech-university,32503,230171,C,Utah Tech University,Utah Tech University,fallback
utah-valley-university,32242,230737,C,Utah Valley University,Utah Valley University,fallback
uthealth-houston,37842,229300,C,UTHealth Houston,UTHealth Houston,fallback
utica-university,32715,197045,B,Utica University,Utica University,fallback
valdosta-state-university,32835,141264,B,Valdosta State University,Valdosta State,IPEDS alias
valencia-college,33349,138187,C,Valencia College,Valencia College,fallback
valley-city-state-university,32688,200572,B,Valley City State University,Valley City State University,fallback
valley-college-beckley,35025,377652,C,Valley College Beckley,Valley College Beckley,fallback
valley-college-martinsburg,34992,377661,C,Valley College Martinsburg,Valley College Martinsburg,fallback
valley-forge-military-college,33333,216551,C,Valley Forge Military College,Valley Forge Military College,fallback
valor-christian-college,35341,486257,C,Valor Christian College,Valor Christian College,fallback
valparaiso,31838,152600,A,Valparaiso University,Valparaiso,hand-checked
vance-granville-community-college,33304,199838,C,Vance-Granville Community College,Vance-Granville Community College,fallback
vanderbilt,31717,221999,A,Vanderbilt University,Vanderbilt,hand-checked
vandercook-college-of-music,33036,149639,B,VanderCook College of Music,VanderCook College of Music,fallback
vanguard-university-of-southern-california,32676,123651,B,Vanguard University of Southern California,Vanguard University of Southern California,fallback
vassar,31743,197133,B,Vassar College,Vassar College,fallback
vaughn-college-of-aeronautics-and-technology,32740,188340,C,Vaughn College of Aeronautics and Technology,Vaughn College of Aeronautics and Technology,fallback
ventura-college,33868,125028,C,Ventura College,Ventura College,fallback
vermont-state-university,38881,231165,B,Vermont State University,Vermont State University,fallback
vernon-college,33908,229504,C,Vernon College,Vernon College,fallback
vet-tech-institute,34380,213914,B,Vet Tech Institute,Vet Tech Institute,fallback
vet-tech-institute-of-houston,33745,223472,B,Vet Tech Institute of Houston,Vet Tech Institute of Houston,fallback
victor-valley-college,33458,125091,C,Victor Valley College,Victor Valley College,fallback
victoria-college,33897,229540,C,Victoria College,Victoria College,fallback
villa-maria-college,33186,197142,B,Villa Maria College,Villa Maria College,fallback
villanova,31733,216597,B,Villanova University,Villanova University,fallback
vincennes-university,33127,152637,C,Vincennes University,Vincennes University,fallback
virginia,31750,234076,B,University of Virginia Main Campus,University of Virginia,IPEDS alias
virginia-commonwealth-university,31850,234030,A,Virginia Commonwealth University,VCU,hand-checked
virginia-highlands-community-college,34816,233903,C,Virginia Highlands Community College,Virginia Highlands Community College,fallback
virginia-military-institute,32011,234085,A,Virginia Military Institute,Virginia Military Institute,fallback (hand-checked)
virginia-peninsula-community-college,33522,233754,C,Virginia Peninsula Community College,Virginia Peninsula Community College,fallback
virginia-state-university,33191,234155,B,Virginia State University,Virginia State University,fallback
virginia-tech,31668,233921,B,Virginia Tech,Virginia Tech,fallback
virginia-union-university,33244,234164,B,Virginia Union University,Virginia Union University,fallback
virginia-university-of-lynchburg,33331,234137,C,Virginia University of Lynchburg,Virginia University of Lynchburg,fallback
virginia-wesleyan-university,32528,234173,B,Virginia Wesleyan University,Virginia Wesleyan University,fallback
virginia-western-community-college,33770,233949,C,Virginia Western Community College,Virginia Western Community College,fallback
visible-music-college,34196,449764,B,Visible Music College,Visible Music College,fallback
viterbo-university,32299,240107,A,Viterbo University,Viterbo University,fallback (hand-checked)
volunteer-state-community-college,32825,222053,C,Volunteer State Community College,Volunteer State Community College,fallback
voorhees-university,33332,218919,C,Voorhees University,Voorhees University,fallback
w-l-bonner-college,34188,,C,W L Bonner College,W L Bonner College,fallback
wabash-college,32091,152673,A,Wabash College,Wabash College,fallback (hand-checked)
wade-college,33657,226879,C,Wade College,Wade College,fallback
wagner-college,32288,197197,B,Wagner College,Wagner College,fallback
wake-forest-university,33343,199847,B,Wake Forest University,Wake Forest University,fallback
wake-technical-community-college,33407,199856,C,Wake Technical Community College,Wake Technical Community College,fallback
walden-university,37861,125231,C,Walden University,Walden University,fallback
waldorf-university,33062,154518,B,Waldorf University,Waldorf University,fallback
walla-walla-community-college,33960,236887,C,Walla Walla Community College,Walla Walla Community College,fallback
walla-walla-university,32152,236896,C,Walla Walla University,Walla Walla University,fallback
walnut-hill-college,34206,215637,B,Walnut Hill College,Walnut Hill College,fallback
walsh-college,35265,172608,C,Walsh College,Walsh College,fallback
walsh-university,32554,206437,B,Walsh University,Walsh University,fallback
walters-state-community-college,32646,222062,C,Walters State Community College,Walters State Community College,fallback
warner-pacific-university,32801,210304,B,Warner Pacific University,Warner Pacific University,fallback
warner-university,32855,138275,B,Warner University,Warner University,fallback
warren-county-community-college,34032,245625,C,Warren County Community College,Warren County Community College,fallback
warren-wilson-college,32092,199865,B,Warren Wilson College,Warren Wilson College,fallback
wartburg-college,32341,154527,B,Wartburg College,Wartburg College,fallback
washburn-university,32374,156082,C,Washburn University,Washburn University,fallback
washington,31777,236948,A,University of Washington Seattle Campus,University of Washington,hand-checked
washington-adventist-university,32823,162210,B,Washington Adventist University,Washington Adventist University,fallback
washington-and-jefferson-college,32209,216667,B,Washington & Jefferson College,Washington & Jefferson College,fallback
washington-and-lee,31735,234207,B,Washington and Lee University,Washington and Lee University,fallback
washington-college,31915,164216,A,Washington College,Washington College,fallback (hand-checked)
washington-county-community-college,34825,161581,C,Washington County Community College,Washington County Community College,fallback
washington-state-college-of-ohio,34592,206446,C,Washington State College of Ohio,Washington State College of Ohio,fallback
washington-state-university,32272,236939,A,Washington State University,Washington State University,fallback (hand-checked)
washtenaw-community-college,33523,172617,C,Washtenaw Community College,Washtenaw Community College,fallback
washu,31699,179867,B,Washington University in St Louis,Washington University in St Louis,fallback
waubonsee-community-college,33776,149727,C,Waubonsee Community College,Waubonsee Community College,fallback
waukesha-county-technical-college,33887,240125,C,Waukesha County Technical College,Waukesha County Technical College,fallback
wayland-baptist-university,32965,229780,B,Wayland Baptist University,Wayland Baptist University,fallback
wayne-community-college,34173,199892,C,Wayne Community College,Wayne Community College,fallback
wayne-county-community-college-district,33679,172635,C,Wayne County Community College District,Wayne County Community College District,fallback
wayne-state-college,32601,181783,C,Wayne State College,Wayne State College,fallback
wayne-state-university,32425,172644,A,Wayne State University,Wayne State University,fallback (hand-checked)
waynesburg-university,32034,216694,B,Waynesburg University,Waynesburg University,fallback
weatherford-college,33536,229799,C,Weatherford College,Weatherford College,fallback
webb,31662,197221,B,Webb Institute,Webb Institute,fallback
webber-international-university,33126,138293,B,Webber International University,Webber International University,fallback
weber-state-university,32590,230782,C,Weber State University,Weber State University,fallback
webster-university,32032,179894,B,Webster University,Webster University,fallback
welch-college,32628,220206,C,Welch College,Welch College,fallback
wellesley,31747,168218,B,Wellesley College,Wellesley College,fallback
wenatchee-valley-college,34471,236975,C,Wenatchee Valley College,Wenatchee Valley College,fallback
wentworth-institute-of-technology,32523,168227,A,Wentworth Institute of Technology,Wentworth Institute of Technology,fallback (hand-checked)
wesley-biblical-seminary,35266,176451,B,Wesley Biblical Seminary,Wesley Biblical Seminary,fallback
wesleyan-college,32758,141325,B,Wesleyan College,Wesleyan College,fallback
wesleyan-university,33357,130697,B,Wesleyan University,Wesleyan University,fallback
west-chester-university-of-pennsylvania,32412,216764,B,West Chester University of Pennsylvania,West Chester University of Pennsylvania,fallback
west-coast-university-los-angeles,33945,443331,C,West Coast University Los Angeles,West Coast University Los Angeles,fallback
west-coast-university-ontario,33818,458229,C,West Coast University Ontario,West Coast University Ontario,fallback
west-coast-university-orange-county,34085,458210,C,West Coast University Orange County,West Coast University Orange County,fallback
west-georgia-technical-college,33788,139278,C,West Georgia Technical College,West Georgia Technical College,fallback
west-kentucky-community-and-technical-college,34548,157483,C,West Kentucky Community and Technical College,West Kentucky Community and Technical College,fallback
west-liberty-university,32235,237932,B,West Liberty University,West Liberty University,fallback
west-los-angeles-college,33541,125471,C,West Los Angeles College,West Los Angeles College,fallback
west-point,31655,197036,A,United States Military Academy,West Point,hand-checked
west-shore-community-college,34809,172671,C,West Shore Community College,West Shore Community College,fallback
west-texas-a-and-m-university,32073,229814,B,West Texas A&M University,West Texas A&M University,fallback
west-valley-college,33665,125499,C,West Valley College,West Valley College,fallback
west-virginia-junior-college-charleston,34990,237987,C,West Virginia Junior College Charleston,West Virginia Junior College Charleston,fallback
west-virginia-junior-college-morgantown,34593,237996,C,West Virginia Junior College Morgantown,West Virginia Junior College Morgantown,fallback
west-virginia-northern-community-college,33156,238014,C,West Virginia Northern Community College,West Virginia Northern Community College,fallback
west-virginia-state-university,32821,237899,B,West Virginia State University,West Virginia State University,fallback
west-virginia-university,32381,238032,B,West Virginia University,West Virginia University,fallback
west-virginia-university-at-parkersburg,34932,237686,C,West Virginia University at Parkersburg,West Virginia University at Parkersburg,fallback
west-virginia-university-institute-of-technology,32270,237950,B,West Virginia University Institute of Technology,West Virginia University Tech,IPEDS alias
west-virginia-wesleyan-college,32256,237969,B,West Virginia Wesleyan College,West Virginia Wesleyan College,fallback
westcliff-university,37872,490133,B,Westcliff University,Westcliff University,fallback
western-carolina-university,32397,200004,A,Western Carolina University,Western Carolina University,fallback (hand-checked)
western-colorado-university,32435,128391,B,Western Colorado University,Western Colorado University,fallback
western-connecticut-state-university,32552,130776,B,Western Connecticut State University,Western Connecticut State University,fallback
western-dakota-technical-college,33152,219480,C,Western Dakota Technical College,Western Dakota Tech,IPEDS alias
western-governors-university,35307,433387,C,Western Governors University,Western Governors University,fallback
western-illinois-university,32387,149772,B,Western Illinois University,Western Illinois University,fallback
western-iowa-tech-community-college,34807,154572,C,Western Iowa Tech Community College,Western Iowa Tech Community College,fallback
western-kentucky-university,32432,157951,B,Western Kentucky University,Western Kentucky University,fallback
western-michigan-university,32275,172699,A,Western Michigan University,Western Michigan University,fallback (hand-checked)
western-nebraska-community-college,34974,181817,C,Western Nebraska Community College,Western Nebraska Community College,fallback
western-nevada-college,34039,182564,C,Western Nevada College,Western Nevada College,fallback
western-new-england-university,32317,168254,A,Western New England University,Western New England University,fallback (hand-checked)
western-new-mexico-university,33306,188304,C,Western New Mexico University,Western New Mexico University,fallback
western-oklahoma-state-college,32861,208035,C,Western Oklahoma State College,Western Oklahoma State College,fallback
western-oregon-university,32589,210429,A,Western Oregon University,Western Oregon University,fallback (hand-checked)
western-piedmont-community-college,34319,199908,C,Western Piedmont Community College,Western Piedmont Community College,fallback
western-technical-college,33909,240170,C,Western Technical College,Western Technical College,fallback
western-texas-college,33820,229832,C,Western Texas College,Western Texas College,fallback
western-university-of-health-sciences,37870,112525,C,Western University of Health Sciences,Western University of Health Sciences,fallback
western-washington-university,32365,237011,A,Western Washington University,Western Washington University,fallback (hand-checked)
western-wyoming-community-college,33029,240693,C,Western Wyoming Community College,Western Wyoming Community College,fallback
westfield-state-university,32703,168263,B,Westfield State University,Westfield State University,fallback
westminster-college-mo,32409,179946,B,Westminster College,Westminster College (MO),name + state
westminster-college-pa,32146,216807,B,Westminster College,Westminster College (PA),name + state
westminster-university,32147,230807,A,Westminster University,Westminster University,fallback (hand-checked)
westmont-college,32111,125727,A,Westmont College,Westmont College,fallback (hand-checked)
westmoreland-county-community-college,34082,216825,C,Westmoreland County Community College,Westmoreland County Community College,fallback
wharton-county-junior-college,33647,229841,C,Wharton County Junior College,Wharton County Junior College,fallback
whatcom-community-college,34083,237039,C,Whatcom Community College,Whatcom Community College,fallback
wheaton-college-il,31853,149781,B,Wheaton College,Wheaton College,fallback
wheaton-college-ma,32339,168281,B,Wheaton College (Massachusetts),Wheaton College (Massachusetts),fallback
wheeling-university,32647,238078,B,Wheeling University,Wheeling University,fallback
white-earth-tribal-and-community-college,34870,434751,C,White Earth Tribal and Community College,White Earth Tribal and Community College,fallback
white-mountains-community-college,34719,183105,C,White Mountains Community College,White Mountains Community College,fallback
whitman-college,31974,237057,B,Whitman College,Whitman College,fallback
whittier-college,32064,125763,B,Whittier College,Whittier College,fallback
whitworth-university,31902,237066,B,Whitworth University,Whitworth University,fallback
wichita-area-technical-college,34363,,C,Wichita Area Technical College,Wichita Area Technical College,fallback
wichita-state-university,32333,156125,A,Wichita State University,Wichita State University,fallback (hand-checked)
widener-university-main-campus,32371,216852,B,Widener University,Widener University,fallback
wilberforce-university,33204,206491,B,Wilberforce University,Wilberforce University,fallback
wiley-university,33285,229887,C,Wiley University,Wiley University,fallback
wilkes-community-college,34865,199926,C,Wilkes Community College,Wilkes Community College,fallback
wilkes-university,32171,216931,A,Wilkes University,Wilkes University,fallback (hand-checked)
willamette,31674,210401,B,Willamette University,Willamette University,fallback
william-carey-university,32375,176479,B,William Carey University,William Carey University,fallback
william-james-college,35264,166717,C,William James College,William James College,fallback
william-jessup-university,32644,122728,B,William Jessup University,William Jessup University,fallback
william-jewell-college,32076,179955,B,William Jewell College,William Jewell College,fallback
william-mary,31753,231624,B,William & Mary,William & Mary,fallback
william-moore-college-of-technology,34694,222105,C,William R Moore College of Technology,William R Moore College of Technology,fallback
william-paterson-university-of-new-jersey,33130,187444,B,William Paterson University of New Jersey,William Paterson University of New Jersey,fallback
william-peace-university,31988,199272,B,William Peace University,William Peace University,fallback
william-penn-university,33115,154590,B,William Penn University,William Penn University,fallback
william-woods-university,32514,179964,B,William Woods University,William Woods University,fallback
williams,31691,168342,B,Williams College,Williams College,fallback
williams-baptist-university,32899,107877,B,Williams Baptist University,Williams Baptist University,fallback
williamsburg-technical-college,34693,218955,C,Williamsburg Technical College,Williamsburg Technical College,fallback
williamson-christian-college,32805,443340,C,Williamson Christian College,Williamson Christian College,fallback
williston-state-college,34340,200341,C,Williston State College,Williston State College,fallback
wilmington-college,32360,206507,B,Wilmington College,Wilmington College,fallback
wilmington-university,33786,131113,C,Wilmington University,Wilmington University,fallback
wilson-college,32395,217013,B,Wilson College,Wilson College,fallback
wilson-community-college,34611,199953,C,Wilson Community College,Wilson Community College,fallback
windward-community-college,34229,141990,C,Windward Community College,Windward Community College,fallback
wingate-university,32632,199962,B,Wingate University,Wingate University,fallback
winona-state-university,32403,175272,B,Winona State University,Winona State University,fallback
winston-salem-state-university,33094,199999,B,Winston-Salem State University,Winston-Salem State University,fallback
winthrop,31657,218964,B,Winthrop University,Winthrop University,fallback
wiregrass-georgia-technical-college,34199,141255,C,Wiregrass Georgia Technical College,Wiregrass Georgia Technical College,fallback
wisconsin,31729,240444,B,University of Wisconsin Madison,University of Wisconsin Madison,fallback
wisconsin-lutheran-college,32212,240338,B,Wisconsin Lutheran College,Wisconsin Lutheran College,fallback
wittenberg-university,32097,206525,B,Wittenberg University,Wittenberg University,fallback
wofford-college,31928,218973,B,Wofford College,Wofford College,fallback
woodbury-university,32524,125897,B,Woodbury University,Woodbury University,fallback
woodland-community-college,34007,455512,C,Woodland Community College,Woodland Community College,fallback
wooster,31840,206589,B,The College of Wooster,College of Wooster,fallback
wor-wic-community-college,33948,164313,C,Wor-Wic Community College,Wor-Wic Community College,fallback
worcester-state-university,32705,168430,A,Worcester State University,Worcester State University,fallback (hand-checked)
world-mission-university,34454,401223,C,World Mission University,World Mission University,fallback
wpi,31713,168421,B,Worcester Polytechnic Institute,Worcester Polytechnic Institute,fallback
wright-state-university-lake-campus,32772,206613,C,Wright State University Lake Campus,Wright State University Lake Campus,fallback
wright-state-university-main-campus,32472,206604,B,Wright State University Main Campus,Wright State University,fallback
wytheville-community-college,34430,234377,C,Wytheville Community College,Wytheville Community College,fallback
xavier-university,31969,206622,A,Xavier University,Xavier University,fallback (hand-checked)
xavier-university-of-louisiana,31929,160904,B,Xavier University of Louisiana,Xavier University of Louisiana,fallback
yakima-valley-college,34031,237109,C,Yakima Valley College,Yakima Valley College,fallback
yale,31681,130794,B,Yale University,Yale University,fallback
yavapai-college,33783,106148,C,Yavapai College,Yavapai College,fallback
yellowstone-christian-college,35267,,C,Yellowstone Christian College,Yellowstone Christian College,fallback
yeshiva-derech-chaim,35218,197647,B,Yeshiva Derech Chaim,Yeshiva Derech Chaim,fallback
yeshiva-dmonsey-rabbinical-college,35305,420325,B,Yeshiva D'monsey Rabbinical College,Yeshiva D'monsey Rabbinical College,fallback
yeshiva-gedolah-imrei-yosef-dspinka,35300,375230,C,Yeshiva Gedolah Imrei Yosef D'spinka,Yeshiva Gedolah Imrei Yosef D'spinka,fallback
yeshiva-gedolah-of-greater-detroit,34934,247773,B,Yeshiva Gedolah of Greater Detroit,Yeshiva Gedolah of Greater Detroit,fallback
yeshiva-karlin-stolin,35217,197601,C,Yeshiva Karlin Stolin,Yeshiva Karlin Stolin,fallback
yeshiva-of-machzikai-hadas,35314,455257,B,Yeshiva of Machzikai Hadas,Yeshiva of Machzikai Hadas,fallback
yeshiva-of-nitra-rabbinical-college,35155,197674,C,Yeshiva of Nitra Rabbinical College,Yeshiva of Nitra Rabbinical College,fallback
yeshiva-of-the-telshe-alumni,35202,431983,B,Yeshiva of the Telshe Alumni,Yeshiva of the Telshe Alumni,fallback
yeshiva-ohr-elchonon-chabad-west-coast-talmudical-seminary,34604,126076,B,Yeshiva Ohr Elchonon Chabad West Coast Talmudical Seminary,Yeshiva Ohr Elchonon Chabad West Coast Talmudical Seminary,fallback
yeshiva-shaar-hatorah,35276,197692,B,Yeshivath Shaar Hatorah,Yeshivath Shaar Hatorah,fallback
yeshiva-shaarei-torah-of-rockland,35310,441609,B,Yeshiva Shaarei Torah of Rockland,Yeshiva Shaarei Torah of Rockland,fallback
yeshiva-toras-chaim,35174,451398,B,Yeshiva Toras Chaim,Yeshiva Toras Chaim,fallback
yeshiva-university,32475,197708,A,Yeshiva University,Yeshiva University,fallback (hand-checked)
yeshivah-gedolah-rabbinical-college,34777,363712,C,Yeshivah Gedolah Rabbinical College,Yeshivah Gedolah Rabbinical College,fallback
yeshivas-beer-yitzchok,35030,451370,B,Yeshivas Be'er Yitzchok,Yeshivas Be'er Yitzchok,fallback
yeshivas-novominsk,34994,405058,B,Yeshivas Novominsk,Yeshivas Novominsk,fallback
yeshivat-mikdash-melech,34671,,C,Yeshivat Mikdash Melech,Yeshivat Mikdash Melech,fallback
yeshivath-beth-moshe,35118,217040,B,Yeshivath Beth Moshe,Yeshivath Beth Moshe,fallback
yeshivath-viznitz,35103,197735,C,Yeshivath Viznitz,Yeshivath Viznitz,fallback
yeshivath-zichron-moshe,35074,197744,B,Yeshivath Zichron Moshe,Yeshivath Zichron Moshe,fallback
yo-san-university-of-traditional-chinese-medicine,37871,401250,C,Yo San University of Traditional Chinese Medicine,Yo San University of Traditional Chinese Medicine,fallback
york-college-pennsylvania,32116,217059,B,York College of Pennsylvania,York College of Pennsylvania,fallback
york-county-community-college,34131,420440,C,York County Community College,York County Community College,fallback
york-technical-college,33687,218991,C,York Technical College,York Technical College,fallback
york-university,33090,181853,B,York University,York University,fallback
young-harris-college,32956,141361,B,Young Harris College,Young Harris College,fallback
youngstown-state-university,32262,206695,B,Youngstown State University,Youngstown State University,fallback
yuba-college,33953,126119,C,Yuba College,Yuba College,fallback
zane-state-college,34396,204255,C,Zane State College,Zane State College,fallback
